protein_name,rg_true,ree_true,nu_true,delta_true,a0_true,rg_pred,ree_pred,nu_pred,delta_pred,a0_pred,model,seed,temperature_K,rg_abs_error,ree_abs_error,nu_abs_error,delta_abs_error,a0_abs_error
A0A060BGV2,1.8709957599639893,4.745255947113037,0.6648404258285833,0.543910801410675,0.5129372202580379,2.5559473,7.0108056,0.70863074,0.55236995,0.42084312,IDP-ESM2-8M,42,288,0.6849515438079834,2.265549659729004,0.04379031481396434,0.008459150791168213,0.09209409586838946
A0A068LKJ5,3.1279776096343994,7.860950469970703,0.6434058955981943,0.5088355541229248,0.4999938582910706,3.2046013,8.193879,0.67361724,0.51669836,0.4069665,IDP-ESM2-8M,42,288,0.07662367820739746,0.3329286575317383,0.03021134816859039,0.00786280632019043,0.09302735085622565
A0A068QKP9,3.681626558303833,9.24367904663086,0.6493531867070845,0.4933025240898132,0.5390672255281378,4.370668,10.87587,0.69760406,0.5436525,0.50282806,IDP-ESM2-8M,42,288,0.6890413761138916,1.6321907043457031,0.04825087346595014,0.05034995079040533,0.036239163947479835
A0A075FGF0,3.247427463531494,6.929473400115967,0.3003838272670718,0.2864892780780792,1.228569477033122,3.384572,7.4479065,0.41420922,0.3537109,0.85075676,IDP-ESM2-8M,42,288,0.1371445655822754,0.5184330940246582,0.11382538956604282,0.06722161173820496,0.37781271262119565
A0A088MZV7,1.7999963760375977,3.877164363861084,0.3354578771154919,0.3013455271720886,0.9274504404955942,2.0060458,4.554577,0.46308482,0.38101152,0.696267,IDP-ESM2-8M,42,288,0.20604944229125977,0.6774125099182129,0.1276269398171863,0.07966598868370056,0.23118343171416111
A0A088N936,1.7941431999206543,3.7398083209991455,0.3237829659271553,0.3044366538524627,0.959562438798973,2.0230722,4.6252394,0.4707641,0.385487,0.68327576,IDP-ESM2-8M,42,288,0.2289290428161621,0.8854310512542725,0.14698113462444995,0.08105033636093145,0.27628667957884967
A0A0A0RNI5,1.8379640579223635,4.699020862579346,0.6245290108975897,0.4860381186008453,0.5019306645477372,1.6356561,4.1170874,0.60119426,0.4857922,0.5359777,IDP-ESM2-8M,42,288,0.20230793952941917,0.5819334983825684,0.023334748393012084,0.0002459287643432062,0.034047056666557274
A0A0A0UYW6,1.4946105480194092,3.622380256652832,0.5805054041018775,0.471271276473999,0.5319666138466447,1.5367169,3.7904205,0.57634974,0.46238604,0.53342515,IDP-ESM2-8M,42,288,0.04210638999938965,0.16804027557373047,0.004155668841867688,0.008885234594345093,0.0014585384551436542
A0A0A7KTD7,3.229266405105591,7.81913948059082,0.632271209483456,0.5142625570297241,0.5084826518940512,3.1518292,8.108488,0.68607247,0.52508545,0.3921284,IDP-ESM2-8M,42,288,0.07743716239929199,0.2893486022949219,0.05380125927417334,0.010822892189025879,0.1163542439388815
A0A0B4VGH4,3.5100271701812744,8.386533737182617,0.6282478649957494,0.5065130591392517,0.5788373057229916,4.105848,10.423063,0.68270814,0.5219265,0.45469898,IDP-ESM2-8M,42,288,0.5958206653594971,2.036529541015625,0.054460279192177885,0.015413463115692139,0.1241383258684079
A0A0B4ZUM6,3.420783758163452,8.540512084960938,0.6511974479577748,0.5155918598175049,0.4922968028518717,3.6236854,9.214195,0.67599905,0.5183373,0.41015103,IDP-ESM2-8M,42,288,0.20290160179138184,0.6736831665039062,0.02480159741423449,0.0027454495429992676,0.08214576825828956
A0A0B5JAX3,3.569871664047241,8.683417320251465,0.323677871294975,0.3031988739967346,1.2263287700546388,3.8589969,8.4538555,0.39295858,0.35300067,0.97070557,IDP-ESM2-8M,42,288,0.2891252040863037,0.22956180572509766,0.06928071015262632,0.049801796674728394,0.255623201264203
A0A0C5B347,2.551819086074829,6.198254585266113,0.6404190875161785,0.531172513961792,0.5060864817350506,2.3932815,6.244485,0.6839953,0.53573465,0.40462098,IDP-ESM2-8M,42,288,0.1585376262664795,0.046230316162109375,0.04357621897567332,0.0045621395111083984,0.10146550647908437
A0A0C7TJV6,3.2255454063415527,6.48290491104126,0.2753428808769145,0.2969372868537903,1.3532434033816398,3.4040565,7.482602,0.41110712,0.35210353,0.8586985,IDP-ESM2-8M,42,288,0.1785111427307129,0.999697208404541,0.1357642420211873,0.05516624450683594,0.4945449160998405
A0A0C7TQD0,3.2599267959594727,6.51080846786499,0.2791528626980524,0.2957454025745392,1.3477928936518049,3.3465624,7.351451,0.410913,0.35176697,0.8562032,IDP-ESM2-8M,42,288,0.08663558959960938,0.8406424522399902,0.13176012787201596,0.05602157115936279,0.4915896952188825
A0A0C7TTX4,3.1863393783569336,6.513663291931152,0.2652965933170978,0.279620498418808,1.3989969402113958,3.3853207,7.436016,0.4100005,0.35140496,0.8611337,IDP-ESM2-8M,42,288,0.19898128509521484,0.9223527908325195,0.1447039097461041,0.07178446650505066,0.5378632455626531
A0A0C7TY93,3.2035484313964844,6.2133636474609375,0.2680427205504906,0.2902769148349762,1.3892446419511366,3.388731,7.4450417,0.40915394,0.35045356,0.86093795,IDP-ESM2-8M,42,288,0.1851825714111328,1.2316780090332031,0.14111121774296642,0.06017664074897766,0.5283066889558363
A0A0E3FC10,1.9896296262741089,4.548262119293213,0.4498157364067209,0.359597772359848,0.6801800489525321,1.9412197,4.4501185,0.45859298,0.3680812,0.67439973,IDP-ESM2-8M,42,288,0.04840993881225586,0.0981435775756836,0.008777244693361497,0.008483439683914185,0.00578031540913615
A0A0E3FG91,2.007967710494995,4.889094352722168,0.5696965172407078,0.4434048533439636,0.5517621470287617,1.9972346,4.823392,0.55121154,0.4536573,0.5988485,IDP-ESM2-8M,42,288,0.01073312759399414,0.06570243835449219,0.018484981310074255,0.010252445936203003,0.04708637468068044
A0A0E3GI14,3.8328351974487305,9.44561004638672,0.6373046147886182,0.5037670135498047,0.4932179131609235,3.6881695,9.167345,0.62889415,0.485526,0.48295516,IDP-ESM2-8M,42,288,0.14466571807861328,0.2782649993896502,0.008410464531507622,0.018241018056869507,0.010262755404118085
A0A0E3HAY2,2.057600259780884,4.947140216827393,0.5873490365504209,0.4741730093955993,0.5355612374876809,2.005408,4.8617945,0.5551899,0.45850417,0.59888154,IDP-ESM2-8M,42,288,0.05219221115112305,0.08534574508666992,0.032159128999609154,0.015668839216232244,0.06332030519496679
A0A0E3HBF5,2.0153250694274902,4.97175407409668,0.6251585435951948,0.5097558498382568,0.5072928621312883,1.8935082,4.7320337,0.5961636,0.4808544,0.5316432,IDP-ESM2-8M,42,288,0.12181687355041504,0.23972034454345703,0.028994972714304956,0.02890145778656006,0.024350349710294927
A0A0E3IAD2,1.966827392578125,4.812924385070801,0.6082157131718556,0.482146143913269,0.521215492335977,1.8553392,4.5928884,0.58515394,0.47206473,0.54182255,IDP-ESM2-8M,42,288,0.1114882230758667,0.22003602981567383,0.023061775832072917,0.010081410408019964,0.020607060344992267
A0A0E3Z619,4.602853775024414,11.309985160827637,0.6286710972694056,0.4805226027965545,0.5583584034397493,4.2304697,10.357956,0.65213525,0.5111691,0.5046044,IDP-ESM2-8M,42,288,0.37238407135009766,0.9520292282104492,0.023464155683170063,0.030646473169326838,0.053754004235495145
A0A0F6YQQ5,2.4828991889953613,6.178328037261963,0.6123576323619456,0.4877661764621734,0.5168836575505665,2.6360743,6.661285,0.6285947,0.4918225,0.49574667,IDP-ESM2-8M,42,288,0.15317511558532715,0.4829568862915039,0.016237064159813408,0.004056334495544489,0.021136985397093633
A0A0F7L2H1,2.1316399574279785,5.185291767120361,0.5512738924565744,0.4365662634372711,0.5346463826293482,2.0298505,5.117156,0.6123625,0.48656967,0.47611493,IDP-ESM2-8M,42,288,0.10178947448730469,0.06813573837280273,0.061088611548857696,0.05000340938568115,0.05853145390696657
A0A0F7L948,2.9432451725006104,7.376818656921387,0.615684741569221,0.4661437273025512,0.5147378398896822,2.8465295,7.168416,0.6332073,0.49110958,0.4800346,IDP-ESM2-8M,42,288,0.09671568870544434,0.2084026336669922,0.01752257959777115,0.024965852499008234,0.03470325012222619
A0A0H4SM67,2.05387806892395,4.603631973266602,0.3329728256138248,0.2809054255485534,0.9568060839658448,2.1543097,4.665053,0.412574,0.35705137,0.79066426,IDP-ESM2-8M,42,288,0.10043168067932129,0.06142091751098633,0.07960116759219937,0.07614594697952276,0.1661418283467957
A0A0H4XWL8,4.244997501373291,9.883912086486816,0.4845938852067262,0.3680307865142822,0.7021309966367894,3.692244,8.614126,0.5290726,0.41266602,0.61905754,IDP-ESM2-8M,42,288,0.5527534484863281,1.2697858810424805,0.04447869751498401,0.044635236263275146,0.08307346051160625
A0A0K0KVV5,1.905128836631775,4.783977508544922,0.6390536102060689,0.509920060634613,0.4996267046099265,1.8700509,4.7618103,0.6327584,0.50838953,0.48843694,IDP-ESM2-8M,42,288,0.03507792949676514,0.022167205810546875,0.006295231223524933,0.0015305280685424805,0.011189767277773155
A0A0K0UUV8,1.4884426593780518,3.522228956222534,0.5625399342005294,0.4640023112297058,0.555318216079023,1.4965001,3.6729062,0.58288777,0.46903488,0.531291,IDP-ESM2-8M,42,288,0.008057475090026855,0.15067720413208008,0.020347834544892973,0.005032569169998169,0.024027208083417517
A0A0M4RBN9,1.8003473281860352,3.822779893875122,0.3441452587271263,0.3250421285629272,0.907308166463678,2.0192103,4.4188333,0.42357036,0.36402318,0.7933683,IDP-ESM2-8M,42,288,0.21886301040649414,0.5960533618927002,0.07942510598654251,0.038981050252914484,0.11393988652974851
A0A0N9R406,2.7013094425201416,6.821994781494141,0.6285582797931205,0.4964366257190704,0.5176726691946631,2.6225667,6.6209173,0.6310959,0.5079355,0.5193424,IDP-ESM2-8M,42,288,0.07874274253845215,0.20107746124267578,0.0025376064373482388,0.011498898267746027,0.0016697532906884138
A0A0R7EYS2,2.739974975585937,6.7961201667785645,0.6369731593098236,0.5143995881080627,0.5318345347258259,2.7246926,7.046512,0.68168557,0.5314029,0.42811656,IDP-ESM2-8M,42,288,0.01528239250183061,0.25039196014404297,0.04471240759233708,0.017003297805786133,0.10371797474352606
A0A0S0BY46,2.9722888469696045,5.646958351135254,0.200000000000005,0.2410071045160293,1.6899441710446432,3.8778806,8.431671,0.3813118,0.33586973,0.9453989,IDP-ESM2-8M,42,288,0.9055917263031006,2.784712791442871,0.1813118040561626,0.09486262500286108,0.7445452443097189
A0A0U3U0D7,3.198613405227661,6.53288459777832,0.2761613509182223,0.2992600202560425,1.3395796320590558,3.4414048,7.5842113,0.4148805,0.35371557,0.851711,IDP-ESM2-8M,42,288,0.24279141426086426,1.0513267517089844,0.13871916322667516,0.05445554852485657,0.48786865688892034
A0A0X9FL12,2.4715023040771484,6.043369770050049,0.6259112433413985,0.5041557550430298,0.5193591636724463,2.2311006,5.776103,0.6517267,0.5066112,0.4380147,IDP-ESM2-8M,42,288,0.2404017448425293,0.26726675033569336,0.025815479375886685,0.002455472946166992,0.08134447756481078
A0A127KLB1,2.037693738937378,4.89035177230835,0.5755451535486125,0.4528867304325104,0.5500564735472421,2.007548,5.006358,0.59803367,0.47958845,0.52845764,IDP-ESM2-8M,42,288,0.030145645141601562,0.11600637435913086,0.02248851306210531,0.02670171856880188,0.021598831945679575
A0A127KLJ5,1.9161354303359983,3.975952863693237,0.3834116582257151,0.329802542924881,0.8119062492192699,2.036407,4.7184153,0.48288763,0.3861203,0.6408298,IDP-ESM2-8M,42,288,0.12027156352996848,0.7424623966217045,0.0994759674685598,0.05631774663925171,0.17107644765982166
A0A140F9E7,2.71370792388916,6.346926212310791,0.5038814751992345,0.3802064955234527,0.6196854491066627,2.7249694,6.3704133,0.5188256,0.40725145,0.60222644,IDP-ESM2-8M,42,288,0.011261463165283203,0.023487091064453125,0.01494411541126961,0.027044951915741022,0.017459012968509602
A0A140HQX3,3.51343297958374,8.4016695022583,0.6073791392405583,0.4708464741706848,0.5436286043740732,3.5018077,8.739771,0.65628976,0.5051671,0.43200526,IDP-ESM2-8M,42,288,0.011625289916991743,0.3381013870239258,0.04891061705750688,0.0343206524848938,0.11162334795965978
A0A142KCK0,1.984683632850647,4.5358991622924805,0.4904644765946085,0.3969229161739349,0.6290876197646604,2.109284,4.929311,0.50708306,0.40603736,0.6230178,IDP-ESM2-8M,42,288,0.12460029125213623,0.39341163635253906,0.016618581762630258,0.009114444255828913,0.0060698318313108235
A0A192GNU8,5.837929725646973,14.055828094482422,0.6151828044542762,0.4852725863456726,0.618608480442396,4.7866354,11.550763,0.61565137,0.48798272,0.6130613,IDP-ESM2-8M,42,288,1.0512943267822266,2.5050649642944336,0.0004685646405724331,0.0027101337909698486,0.005547171581617216
A0A1B1MQX9,3.689755916595459,9.153661727905272,0.6210792522992638,0.4994878470897674,0.5340505303806711,3.7355764,9.229174,0.64297116,0.5023092,0.4877507,IDP-ESM2-8M,42,288,0.04582047462463379,0.07551193237304865,0.021891905728385175,0.002821356058120783,0.046299821323816825
A0A1B1SEH4,1.5912322998046875,3.996649265289306,0.6065594374484161,0.4735662043094635,0.5186342838392061,1.7213266,4.445355,0.6209157,0.48373187,0.46421978,IDP-ESM2-8M,42,288,0.13009428977966309,0.4487056732177739,0.014356273477639792,0.010165661573410034,0.054414505063037244
A0A1B2CSH8,2.555961847305298,6.162074089050293,0.6283748593000453,0.519582211971283,0.5381129048765315,2.5183039,6.6264467,0.70937586,0.5549085,0.4044372,IDP-ESM2-8M,42,288,0.037657976150512695,0.4643726348876953,0.08100099900683944,0.03532630205154419,0.13367569074040786
A0A1C9EI46,2.495083808898926,6.504735946655273,0.6447358353589703,0.4936386048793793,0.5064341176318454,2.4929676,6.3398337,0.64886206,0.52202123,0.50870365,IDP-ESM2-8M,42,288,0.0021162033081054688,0.1649022102355957,0.00412622852576483,0.02838262915611267,0.002269531412191439
A0A1D7RB72,1.9309744834899905,4.144845008850098,0.4400923320469089,0.3348980844020843,0.6979334094812382,1.9928546,4.607867,0.47582242,0.381746,0.6537834,IDP-ESM2-8M,42,288,0.061880111694335715,0.46302175521850586,0.035730086881237466,0.04684790968894964,0.044150028495978155
A0A1D7RFJ1,2.1598763465881348,5.302068710327148,0.6151031654723652,0.4840208292007446,0.517090559410478,2.065014,5.1812477,0.6063641,0.48278946,0.5258645,IDP-ESM2-8M,42,288,0.09486246109008789,0.12082099914550781,0.008739094103194067,0.0012313723564147394,0.008773922515486365
A0A1D7RII7,1.9287075996398928,4.025937557220459,0.4168344515309992,0.3448868691921234,0.7447463504225647,2.0107665,4.6679735,0.48317412,0.3861397,0.640877,IDP-ESM2-8M,42,288,0.08205890655517556,0.642035961151123,0.06633966388838863,0.04125282168388367,0.1038693419844543
A0A1D7S6P1,1.9069650173187256,4.018314361572266,0.4110361216142591,0.3321807384490967,0.7556874030107638,2.0112982,4.6657357,0.48177665,0.38580573,0.6449059,IDP-ESM2-8M,42,288,0.10433316230773926,0.6474213600158691,0.07074053310604728,0.05362498760223389,0.11078147821370565
A0A1D7SND7,2.0959181785583496,5.300011157989502,0.6250138501940657,0.4755710661411285,0.4929425236448312,2.0383024,5.0676856,0.5974506,0.47657263,0.527995,IDP-ESM2-8M,42,288,0.05761575698852539,0.23232555389404297,0.027563236218540843,0.0010015666484833319,0.03505246670398471
A0A1D8KSZ5,2.1815261840820312,5.456066131591797,0.6235150752744316,0.4918694198131561,0.5153231744444425,2.0621243,5.213578,0.6212368,0.4963475,0.5144102,IDP-ESM2-8M,42,288,0.11940193176269531,0.24248790740966797,0.0022782741269706808,0.0044780671596527655,0.0009129767096097696
A0A1S5YE66,2.531496524810791,5.944098949432373,0.6134355785372303,0.5148159265518188,0.5351545203648784,2.392402,6.1920004,0.6652694,0.52029026,0.42194277,IDP-ESM2-8M,42,288,0.13909459114074707,0.24790143966674805,0.05183379631018181,0.0054743289947509766,0.11321174988376881
A0A1V0EDG6,1.5727343559265137,3.469075918197632,0.2929541306119855,0.3063433766365051,0.9878845159755464,1.5239345,3.0697682,0.3749643,0.34029973,0.911901,IDP-ESM2-8M,42,288,0.048799872398376465,0.3993077278137207,0.08201016620579404,0.03395634889602661,0.07598351881368115
A0A1V0SDB7,4.326804637908936,10.801491737365724,0.6213385466256183,0.4660638570785522,0.5635521659812908,4.0325513,10.053626,0.65216815,0.5102696,0.4749144,IDP-ESM2-8M,42,288,0.2942533493042001,0.7478656768798846,0.030829608090873428,0.04420572519302374,0.0886377642116527
A0A1V0SEI4,1.8081750869750977,4.441864490509033,0.6122151916873403,0.500130832195282,0.5483686596833202,1.8291681,4.53319,0.60260284,0.49895057,0.5432209,IDP-ESM2-8M,42,288,0.02099299430847168,0.09132528305053711,0.00961235221743062,0.0011802613735198975,0.005147782035920256
A0A1V0SIV1,4.174000263214111,10.614853858947754,0.6842403496575146,0.5386889576911926,0.5027585052773443,4.017291,10.232363,0.70549786,0.5465438,0.39591837,IDP-ESM2-8M,42,288,0.1567091941833496,0.3824911117553711,0.021257511250993733,0.007854819297790527,0.10684013598413145
A0A1Z1LW78,2.0027074813842773,4.335637092590332,0.4410411947256457,0.366392582654953,0.7037776828997439,2.0038376,4.621548,0.47595102,0.38420445,0.65523386,IDP-ESM2-8M,42,288,0.0011301040649414062,0.28591108322143555,0.03490982122360359,0.017811864614486694,0.04854382288387471
A0A218MKB4,2.357820510864258,6.037364482879639,0.6271183212289396,0.461840808391571,0.5060772498704652,2.6067023,6.4522977,0.6193711,0.4993505,0.56847495,IDP-ESM2-8M,42,288,0.24888181686401367,0.4149332046508789,0.007747205067593188,0.03750967979431158,0.062397698535754276
A0A218MLX2,2.272663354873657,5.805709838867188,0.6396639957192238,0.4928644299507141,0.4917246219632122,2.1580505,5.465878,0.6295866,0.5013673,0.5073698,IDP-ESM2-8M,42,288,0.11461281776428178,0.3398318290710458,0.010077418303757524,0.008502840995788574,0.01564519434004097
A0A218MLZ4,2.032463788986206,5.23089599609375,0.6597090612851132,0.5207942128181458,0.4942573940182793,2.0558581,5.4509964,0.68928665,0.5506669,0.44938916,IDP-ESM2-8M,42,288,0.023394346237182617,0.22010040283203125,0.029577587942029138,0.02987271547317505,0.04486823433886644
A0A218MM47,3.07020115852356,7.898779392242432,0.640762047423211,0.4869556427001953,0.4947709595466047,2.9265132,7.2359753,0.6133313,0.48552394,0.55497897,IDP-ESM2-8M,42,288,0.14368796348571822,0.662804126739502,0.02743072952159964,0.0014317035675048828,0.060208007166346944
A0A218MM62,4.056736946105957,10.436914443969728,0.639987116247588,0.4903533160686493,0.5136986871541919,4.0143657,10.035194,0.66815054,0.51641166,0.48638362,IDP-ESM2-8M,42,288,0.042371273040771484,0.4017200469970721,0.02816342791897697,0.026058346033096313,0.02731507022990598
A0A218MME3,2.271432876586914,5.9613037109375,0.6597079257097135,0.4992742836475372,0.4810725402587958,2.1816723,5.3280854,0.5994101,0.49324635,0.6231056,IDP-ESM2-8M,42,288,0.08976054191589355,0.6332182884216309,0.060297809037197614,0.006027936935424749,0.14203304531630795
A0A218MMI9,2.02730679512024,5.305123329162598,0.638452023086483,0.4827924370765686,0.5078515226758401,2.1154947,5.5113173,0.6786201,0.5371742,0.45773345,IDP-ESM2-8M,42,288,0.08818793296813876,0.2061939239501953,0.04016807693487934,0.05438178777694702,0.05011807035574123
A0A222ZRZ9,1.8855600357055664,4.122748374938965,0.3942736176377951,0.3380815088748932,0.8147917344271013,2.0846236,4.6445913,0.45186293,0.38219777,0.7369643,IDP-ESM2-8M,42,288,0.19906353950500488,0.5218429565429688,0.057589313613730764,0.04411625862121582,0.07782744905341354
A0A249XMM6,1.6224560737609863,3.959259033203125,0.6034464095859026,0.4790000915527344,0.5343587030662669,1.6328444,4.1914034,0.6379994,0.5120725,0.48287082,IDP-ESM2-8M,42,288,0.010388374328613281,0.23214435577392578,0.03455300581174148,0.03307241201400757,0.05148788588181863
A0A290GQ28,1.5971816778182983,4.016484260559082,0.6073024075916871,0.4796764850616455,0.5201540663015185,1.6053987,4.1670256,0.6334232,0.51414955,0.4932528,IDP-ESM2-8M,42,288,0.0082169771194458,0.1505413055419922,0.026120801598681576,0.03447306156158447,0.026901252485447946
A0A2D1GNS7,1.8548660278320312,4.500593662261963,0.6091087310179324,0.5196295380592346,0.5368738539794433,1.977092,4.908075,0.5857313,0.4826545,0.60665977,IDP-ESM2-8M,42,288,0.12222599983215332,0.40748119354248047,0.02337740348421047,0.03697502613067627,0.06978591603245854
A0A2D1M0A0,3.243690490722656,6.600233554840088,0.2918736432249597,0.3027164340019226,1.2718866759880836,3.3775535,7.421951,0.4129757,0.35342574,0.8538865,IDP-ESM2-8M,42,288,0.13386297225952193,0.8217172622680664,0.12110205548452824,0.050709307193756104,0.4180001908882911
A0A2D3I5T4,3.445852756500244,8.695958137512207,0.6388660412527839,0.5173224806785583,0.5259483236126974,3.148832,8.017712,0.6723832,0.5267689,0.47538152,IDP-ESM2-8M,42,288,0.29702067375183105,0.6782464981079102,0.03351714794857108,0.009446442127227783,0.05056680024195459
A0A2I6SBY4,2.5871617794036865,6.698744297027588,0.713829571671521,0.5995360016822815,0.4633943519370618,2.9560084,7.729683,0.7227684,0.56950355,0.39166957,IDP-ESM2-8M,42,288,0.3688466548919678,1.0309386253356934,0.00893885426994634,0.030032455921173096,0.07172478053737308
A0A2I6SCK6,2.535738468170166,6.091251850128174,0.6304718709223981,0.4980557262897491,0.5531566837180172,2.595576,6.3682866,0.63834083,0.52013034,0.5612678,IDP-ESM2-8M,42,288,0.05983757972717285,0.2770347595214844,0.007868959880519388,0.02207460999488836,0.008111109460541166
A0A2K9VSC6,3.412482261657715,8.447052955627441,0.6449949317186973,0.5287598371505737,0.512319115861929,3.3260994,8.412386,0.6731248,0.52331173,0.43418428,IDP-ESM2-8M,42,288,0.08638286590576172,0.034667015075683594,0.02812985847295313,0.005448102951049805,0.07813483284381684
A0A2P1GNK0,3.380776882171631,7.656097888946533,0.541036319838271,0.4461981952190399,0.6014099315591063,3.1083636,7.2519584,0.51089257,0.4054787,0.6507842,IDP-ESM2-8M,42,288,0.2724132537841797,0.40413951873779297,0.03014374981950274,0.04071950912475586,0.049374262910345634
A0A2R3UAC7,1.9320677518844604,4.841625213623047,0.6404539932537097,0.5155250430107117,0.4873367177706417,1.8300502,4.6027684,0.6147418,0.49340945,0.5039003,IDP-ESM2-8M,42,288,0.10201752185821533,0.23885679244995117,0.02571219103813349,0.022115588188171387,0.01656357176488077
A0A2R8FEN2,2.233720064163208,4.593494892120361,0.3637210542594347,0.3110659718513489,0.8452194904151901,2.7419057,6.162988,0.42731324,0.34530407,0.7537284,IDP-ESM2-8M,42,288,0.508185625076294,1.569493293762207,0.0635921841229048,0.03423810005187988,0.09149110067519983
A0A2S1MMK3,3.119459867477417,5.968638896942139,0.2526111350215629,0.2691065669059753,1.4474499501228164,3.3934312,7.459469,0.41219378,0.35285795,0.8574217,IDP-ESM2-8M,42,288,0.2739713191986084,1.4908299446105957,0.15958264015543905,0.08375138044357305,0.5900282539367507
A0A2S1MQZ2,3.2695066928863525,6.373148918151856,0.2679473715136036,0.3023358285427093,1.415576885824505,3.4025068,7.4810886,0.4116516,0.35239065,0.8579009,IDP-ESM2-8M,42,288,0.13300013542175293,1.1079397201538077,0.1437042398145214,0.05005481839179998,0.5576759682944452
A0A2S1MU58,3.180582284927368,6.335093021392822,0.2804766553457555,0.2952610552310943,1.3086290631831297,3.4451494,7.5724406,0.40948978,0.35016608,0.8627647,IDP-ESM2-8M,42,288,0.26456713676452637,1.2373476028442383,0.12901312531868847,0.054905027151107844,0.4458643470347532
A0A2S1N1Y6,3.1434013843536377,6.069257736206055,0.2551394399323936,0.2820751368999481,1.440354066821315,3.4052718,7.4714956,0.40717533,0.35006976,0.86788183,IDP-ESM2-8M,42,288,0.2618703842163086,1.402237892150879,0.15203589237542198,0.067994624376297,0.5724722323143265
A0A2S1N210,3.177938461303711,6.538460731506348,0.2850310229733637,0.2840388119220733,1.2820223027123905,3.4128232,7.5182257,0.4149243,0.35398355,0.8497753,IDP-ESM2-8M,42,288,0.23488473892211914,0.9797649383544922,0.1298932707831213,0.0699447393417359,0.4322469883813358
A0A2U7U7R7,3.307194709777832,7.426743030548096,0.49027903920995,0.4071246981620788,0.6844560534819841,3.4105403,7.846083,0.48015773,0.3827527,0.70872504,IDP-ESM2-8M,42,288,0.10334563255310059,0.4193401336669922,0.010121306246387962,0.024372011423110906,0.024268981708598147
A0A2Z4HI38,2.976910352706909,7.205212593078613,0.6378618484091534,0.5078628659248352,0.5010178088146884,2.9993324,7.6189084,0.66026944,0.5069444,0.43557233,IDP-ESM2-8M,42,288,0.022422075271606445,0.4136958122253418,0.02240759081127508,0.0009184479713439941,0.06544548263136929
A0A2Z4Q913,2.134335994720459,4.321473598480225,0.4063391873984688,0.3787935674190521,0.7895223631942321,1.979225,4.119783,0.35461354,0.3299717,0.91622484,IDP-ESM2-8M,42,288,0.15511095523834229,0.201690673828125,0.05172564484170611,0.048821866512298584,0.12670247410892954
A0A2Z6E9I5,2.2962775230407715,5.193755626678467,0.5135728109874673,0.4228333234786987,0.6080252512837739,2.1418953,4.9585547,0.50262797,0.40609258,0.6360849,IDP-ESM2-8M,42,288,0.15438222885131836,0.2352008819580078,0.010944842199320348,0.01674073934555048,0.02805966292368456
A0A345L4V0,2.6736631393432617,6.949498176574707,0.6596856797737075,0.5065141916275024,0.4831004333772276,2.6462564,6.8143682,0.6825566,0.5367341,0.44048232,IDP-ESM2-8M,42,288,0.027406692504882812,0.1351299285888672,0.02287094940720069,0.0302199125289917,0.04261811497589091
A0A345M6E7,2.5674266815185547,6.560764312744141,0.6485113664520162,0.4892332553863525,0.4974973801966151,2.6786113,6.936038,0.6773943,0.53052163,0.45162654,IDP-ESM2-8M,42,288,0.11118459701538086,0.3752737045288086,0.028882904444895385,0.04128837585449224,0.04587084096626842
A0A346RNU7,3.3275458812713623,8.488655090332031,0.6610640449621865,0.5302042365074158,0.4993799703135373,3.3669953,8.4683695,0.66178334,0.5167912,0.47864383,IDP-ESM2-8M,42,288,0.039449453353881836,0.020285606384277344,0.0007192926308920988,0.013413012027740479,0.02073613572262545
A0A346TPN1,4.2668776512146,10.269299507141112,0.6275896033613085,0.5009030699729919,0.5500839470806737,4.228394,10.393597,0.64819694,0.50713325,0.50060296,IDP-ESM2-8M,42,288,0.038483619689941406,0.12429714202881037,0.02060733229237799,0.006230175495147705,0.0494809864941258
A0A346TQ06,3.2511818408966064,8.189574241638184,0.6621728226837698,0.5109158158302307,0.4906660220041634,3.04521,7.8544617,0.7029184,0.54499686,0.39335436,IDP-ESM2-8M,42,288,0.20597195625305176,0.3351125717163086,0.04074558761743874,0.03408104181289673,0.09731166571525351
A0A385DYQ6,1.8909099102020264,4.238114833831787,0.4425941345339992,0.376821756362915,0.7078802560160036,1.792235,4.2092857,0.482244,0.38948688,0.6628716,IDP-ESM2-8M,42,288,0.09867489337921143,0.028829097747802734,0.03964988020599103,0.01266512274742132,0.04500865681861588
A0A385UFY3,2.382606506347656,6.081989765167236,0.6504340639228023,0.5102535486221313,0.4993561855884749,2.365636,6.0711265,0.6613663,0.52304596,0.4730835,IDP-ESM2-8M,42,288,0.016970396041869673,0.010863304138183594,0.010932219970782864,0.012792408466339111,0.026272689494724888
A0A386QVQ8,2.713974952697754,6.020387172698975,0.5009933137682375,0.4044174253940582,0.6196101935095266,2.7132187,6.3359194,0.51104134,0.40130362,0.606586,IDP-ESM2-8M,42,288,0.0007562637329101562,0.31553220748901367,0.01004802944389016,0.0031138062477111816,0.013024214047856697
A0A3G1T4F7,3.1424789428710938,5.581296443939209,0.2067028429250769,0.2772082388401031,1.7320570120288912,3.938757,8.6444,0.40203327,0.34608635,0.9011279,IDP-ESM2-8M,42,288,0.7962779998779297,3.063103199005127,0.1953304264802881,0.06887811422348028,0.8309291371776644
A0A3G2JTZ9,3.2846693992614746,8.398880958557129,0.6512371837232548,0.5126974582672119,0.494275222807434,3.3331645,8.522599,0.68127304,0.5263343,0.40778542,IDP-ESM2-8M,42,288,0.04849505424499512,0.12371826171875,0.03003585943241538,0.01363682746887207,0.08648980715801996
A0A3G3M5R8,2.047959089279175,4.472305774688721,0.4314254112761915,0.3603940606117248,0.7382401668580615,1.9954445,4.572618,0.46535608,0.3763263,0.6792941,IDP-ESM2-8M,42,288,0.05251455307006836,0.1003122329711914,0.033930670447975375,0.015932232141494806,0.058946057513579064
A0A3G4S8X8,3.076848030090332,7.301825523376465,0.5801426261034575,0.4664461612701416,0.5762746431229985,2.9611752,7.460177,0.65536135,0.50789016,0.4361897,IDP-ESM2-8M,42,288,0.11567282676696777,0.15835142135620117,0.07521872824758624,0.04144400358200073,0.1400849320290959
A0A3G4ZTT1,2.060054540634156,4.357192039489746,0.3443326012146929,0.3271875083446502,0.9218549563737636,2.5488565,5.7411427,0.440326,0.38472533,0.8240232,IDP-ESM2-8M,42,288,0.4888019561767569,1.3839507102966309,0.09599340400572032,0.05753782391548162,0.09783176921327164
A0A3G4ZXU7,4.622271537780762,11.656110763549805,0.6637940631525757,0.5089167952537537,0.5447357743325447,4.7348213,11.93763,0.7056987,0.5491434,0.42738926,IDP-ESM2-8M,42,288,0.1125497817993164,0.28151893615722656,0.04190466540882565,0.04022657871246338,0.11734651022579423
A0A3G5A3I8,1.582045555114746,3.759417772293091,0.5251707246884926,0.4090228974819183,0.5392597621989829,2.0307503,4.8250775,0.5200376,0.40386924,0.5679734,IDP-ESM2-8M,42,288,0.44870471954345703,1.065659761428833,0.005133133231125631,0.0051536560058593195,0.02871361312145171
A0A3G5A3J2,3.166235446929932,7.83160400390625,0.643085135510636,0.5223853588104248,0.5184793811290166,3.230034,8.1587925,0.64905494,0.5120632,0.51258826,IDP-ESM2-8M,42,288,0.06379866600036577,0.32718849182128906,0.005969809004592319,0.010322153568267822,0.005891118571033194
A0A3G5AHA4,1.7540030479431152,4.470920562744141,0.64503776946318,0.5151039958000183,0.506083212161889,1.6459448,4.1459794,0.60577565,0.49370965,0.5461955,IDP-ESM2-8M,42,288,0.10805821418762207,0.32494115829467773,0.03926211514723155,0.021394342184066772,0.04011229488767154
A0A3G5AK89,2.0699737071990967,5.175526142120361,0.6562589473943703,0.5322542190551758,0.5178787013274817,1.7428151,4.7151175,0.6731482,0.54312575,0.45218927,IDP-ESM2-8M,42,288,0.3271585702896118,0.46040868759155273,0.016889267422676824,0.010871529579162598,0.06568943464581056
A0A3G5Q4F5,1.5521970987319946,3.7434744834899902,0.5672407251652222,0.4652787744998932,0.5498195633147831,1.5958729,3.7420816,0.5196423,0.42921886,0.61455095,IDP-ESM2-8M,42,288,0.043675780296325684,0.0013928413391113281,0.04759843171200562,0.0360599160194397,0.06473138482822227
A0A3Q8Q9R0,2.364661931991577,5.42933464050293,0.5194339645769017,0.4043210744857788,0.6156077555854503,2.3911033,5.6594286,0.52873087,0.41711,0.60279286,IDP-ESM2-8M,42,288,0.026441335678100586,0.23009395599365234,0.009296904716311172,0.012788921594619751,0.01281489650799672
A0A3R5WKS6,3.191679239273072,6.347910404205322,0.2747423164685343,0.2743664085865021,1.349555276134066,3.4436848,7.5898404,0.41488153,0.35331148,0.84899664,IDP-ESM2-8M,42,288,0.25200557708740146,1.2419300079345703,0.14013921095532433,0.07894507050514221,0.5005586368823569
A0A401IPA0,3.025280475616455,7.437451362609863,0.6375808507030931,0.4965866804122925,0.5386735246403864,2.973909,7.5716043,0.6689626,0.5252848,0.47603604,IDP-ESM2-8M,42,288,0.05137157440185547,0.13415288925170898,0.03138174714389175,0.0286981463432312,0.06263748266536506
A0A410I670,3.241849660873413,6.425378322601318,0.2805938971416489,0.2976360917091369,1.3324973719642064,3.442317,7.585271,0.4145877,0.3535441,0.85190356,IDP-ESM2-8M,42,288,0.20046734809875488,1.1598925590515137,0.13399380918578946,0.05590799450874334,0.4805938141868016
A0A410S812,3.250848293304444,8.480401039123535,0.6633607787155484,0.5114846229553223,0.488389714646141,3.2565832,8.33756,0.6792518,0.5250428,0.42479366,IDP-ESM2-8M,42,288,0.00573492050170854,0.14284133911132812,0.015891011331143456,0.013558149337768555,0.06359605400542445
A0A411HB56,3.01107144355774,7.785770416259766,0.655770400191353,0.4894084632396698,0.5088237617773905,2.8715384,7.242236,0.6545565,0.5143566,0.48546776,IDP-ESM2-8M,42,288,0.13953304290771573,0.5435342788696289,0.0012138873587114185,0.024948149919509888,0.023356000022400902
A0A481TD43,1.5107553005218506,3.807961940765381,0.5932171801096208,0.474394679069519,0.5195233739647115,1.5386329,3.860708,0.5964741,0.47921088,0.52312803,IDP-ESM2-8M,42,288,0.0278775691986084,0.05274605751037598,0.0032569309705489102,0.0048162043094635565,0.003604658719614684
A0A481V8U6,3.610664129257202,9.22670841217041,0.6328479084985549,0.4875924587249756,0.5101916619317189,3.6538153,9.102522,0.64148706,0.49264452,0.45989615,IDP-ESM2-8M,42,288,0.043151140213012695,0.12418651580810547,0.008639153478831596,0.005052059888839722,0.05029551468058979
A0A481Z0P8,2.3234872817993164,5.55682373046875,0.6698809236798499,0.5935447216033936,0.5395499579316277,2.4034355,6.215791,0.6973024,0.57880926,0.46319318,IDP-ESM2-8M,42,288,0.07994818687438965,0.6589674949645996,0.027421477385976556,0.01473546028137207,0.07635677975474786
A0A481Z6X1,5.909029483795166,14.547002792358398,0.6187231014577924,0.4750827848911285,0.5732456348847946,5.074022,12.343985,0.65617925,0.49828,0.47360307,IDP-ESM2-8M,42,288,0.8350076675415039,2.2030181884765625,0.0374561478288592,0.023197203874588068,0.09964256510253755
A0A482JE07,1.7497036457061768,3.5807225704193115,0.321709721014205,0.2906050086021423,0.9540812665222698,1.9994864,4.328953,0.40640888,0.35242116,0.81438905,IDP-ESM2-8M,42,288,0.24978280067443848,0.7482302188873291,0.08469915516644383,0.061816155910492,0.1396922165154033
A0A4D5XEU4,1.5845167636871338,3.504876613616944,0.3976555948901276,0.4125247895717621,0.7602961852608616,1.6914835,3.4479637,0.40323514,0.35229474,0.8525066,IDP-ESM2-8M,42,288,0.10696673393249512,0.05691289901733443,0.005579542572488383,0.06023004651069641,0.09221039270773579
A0A4D5XFS9,5.339495658874512,13.468605041503906,0.667730298100753,0.5217038989067078,0.5694526826459556,4.6821604,11.972782,0.7706481,0.6072477,0.40600953,IDP-ESM2-8M,42,288,0.6573352813720703,1.4958229064941406,0.10291782373304825,0.08554381132125854,0.16344315758530192
A0A4D5XFZ8,2.841764450073242,7.1342854499816895,0.6555505073008447,0.5226016044616699,0.5451046936879099,2.8524642,6.836841,0.6125491,0.5145663,0.6437185,IDP-ESM2-8M,42,288,0.010699748992919922,0.29744434356689453,0.043001381152620866,0.00803530216217041,0.09861378737593285
A0A4P1QFK2,1.545027732849121,3.790608406066896,0.5894270980284958,0.4662937521934509,0.5264817579646497,1.5093571,3.7900019,0.5998391,0.48390344,0.5136428,IDP-ESM2-8M,42,288,0.03567063808441162,0.0006065368652357073,0.010411993272468556,0.01760968565940857,0.012838970031300079
A0A4Y1NU38,2.0615062713623047,5.037529945373535,0.6229661033276928,0.4933522343635559,0.5236302290130489,2.15446,5.543036,0.6484537,0.5120469,0.4751585,IDP-ESM2-8M,42,288,0.09295368194580078,0.5055060386657715,0.02548760913568615,0.018694639205932617,0.048471716420733224
A0A4Y5NGG5,1.475010633468628,3.5850942134857178,0.5583340896411682,0.4568421840667724,0.5559925275876284,1.5310661,3.7295039,0.5759017,0.4655144,0.5433708,IDP-ESM2-8M,42,288,0.056055426597595215,0.1444096565246582,0.017567597504065002,0.008672207593917902,0.012621744258618395
A0A4Y6EML4,1.6170469522476196,4.070437431335449,0.6328290810553552,0.5050466060638428,0.5027180982089791,1.6393325,4.273817,0.65034294,0.520071,0.4714075,IDP-ESM2-8M,42,288,0.0222855806350708,0.20337963104248047,0.017513860228824507,0.015024423599243164,0.03131059531934588
A0A515J3G6,3.017538785934448,6.877259731292725,0.4859342711954241,0.376083105802536,0.6592717477188171,3.1631455,7.3492002,0.51057786,0.40046248,0.6176513,IDP-ESM2-8M,42,288,0.1456067562103276,0.4719405174255371,0.024643586298930154,0.024379372596740723,0.04162046397781982
A0A5B8IIW6,1.8974432945251465,4.885723114013672,0.6469358192972549,0.5148295760154724,0.504183574390297,1.98241,5.0805902,0.656211,0.52108026,0.48284173,IDP-ESM2-8M,42,288,0.08496665954589844,0.19486713409423828,0.00927519926506204,0.0062506794929504395,0.02134184427249919
A0A5C0PG83,1.4965193271636963,3.5871448516845703,0.5676951260744586,0.4654843509197235,0.5397829571360407,1.4387879,3.4772298,0.55449265,0.44810426,0.55540234,IDP-ESM2-8M,42,288,0.05773138999938965,0.10991501808166504,0.013202473658229352,0.017380088567733765,0.015619381368750518
A0A5C0ZRE4,2.687811374664306,6.52047872543335,0.4824440924843468,0.3613495528697967,0.6764710571970572,2.6860163,6.250055,0.49305442,0.40288314,0.6769644,IDP-ESM2-8M,42,288,0.00179505348205522,0.27042388916015625,0.010610327271588893,0.0415335893630982,0.0004933450017342578
A0A5C0ZSQ4,2.636460065841675,6.408196926116943,0.4751777601016744,0.3585197329521179,0.6808877495278288,2.6072488,5.9735484,0.47085774,0.3866676,0.7088025,IDP-ESM2-8M,42,288,0.02921128273010254,0.4346485137939453,0.004320020653127032,0.028147876262664795,0.02791477170096146
A0A5C0ZTE6,2.724724054336548,6.569069862365723,0.4864579542621406,0.3818606436252594,0.6746828633427439,2.6906927,6.2857895,0.49957758,0.40742064,0.66578144,IDP-ESM2-8M,42,288,0.03403139114379883,0.2832803726196289,0.013119627620336194,0.025559991598129272,0.008901424992066365
A0A5C0ZTP4,2.701876640319824,6.429497241973877,0.4818112953508434,0.3668035566806793,0.6815615670539829,2.6768556,6.208299,0.48803446,0.40037566,0.6883037,IDP-ESM2-8M,42,288,0.025021076202392578,0.22119808197021484,0.0062231616174641124,0.033572107553482056,0.006742141976168514
A0A5C0ZTQ7,2.751861572265625,6.605126857757568,0.4943990520272629,0.3774747550487518,0.6623016419204999,2.6943643,6.2362695,0.4869669,0.39835197,0.68489033,IDP-ESM2-8M,42,288,0.057497262954711914,0.36885738372802734,0.007432144049205058,0.02087721228599554,0.022588687917299177
A0A5J6VNB5,4.342538356781006,10.536419868469238,0.5971274597014605,0.4638143479824066,0.5627306490236386,3.9216537,9.448462,0.5832212,0.4713457,0.6119683,IDP-ESM2-8M,42,288,0.4208846092224121,1.0879583358764648,0.01390626257316463,0.007531344890594482,0.04923762986124913
A0A5K0U8Q2,3.260231733322144,7.728018760681152,0.3150130227182753,0.3012293875217438,1.2314020563805437,4.147617,9.523007,0.49185523,0.40215984,0.7616853,IDP-ESM2-8M,42,288,0.8873851299285884,1.7949886322021484,0.17684221118942428,0.10093045234680176,0.46971674458626267
A0A5K0UBH9,4.4549055099487305,10.53670883178711,0.6115252684137408,0.4928120076656341,0.5811961302093277,3.8377786,9.516012,0.62966496,0.48883355,0.5351807,IDP-ESM2-8M,42,288,0.6171269416809082,1.0206966400146484,0.018139689109605173,0.00397846102714533,0.04601544230496979
A0A5P9UM97,2.1439034938812256,5.432412624359131,0.6028004369890224,0.482625275850296,0.531221748592688,2.0318403,4.819059,0.5451428,0.4460051,0.6141823,IDP-ESM2-8M,42,288,0.11206316947937012,0.6133537292480469,0.05765760757084004,0.03662016987800598,0.08296054482238158
A0A646QWB4,1.917070746421814,4.902830600738525,0.6242136224786112,0.4774098992347717,0.4990554209422766,1.8955035,4.810964,0.60728467,0.4831712,0.5246303,IDP-ESM2-8M,42,288,0.021567225456237793,0.09186649322509766,0.01692895737088418,0.00576129555702215,0.0255748872089685
A0A646QWN2,1.7526249885559082,4.559249401092529,0.6596298768729166,0.5133320689201355,0.4764829463965392,1.9077643,4.9284525,0.6568503,0.5301886,0.49062777,IDP-ESM2-8M,42,288,0.15513932704925537,0.3692030906677246,0.0027795984953836728,0.01685655117034912,0.01414481925897837
A0A649VCB5,1.4973623752593994,3.491060256958008,0.4854964925777537,0.3997061848640442,0.658377099555351,1.5314324,3.7923844,0.53933305,0.43278775,0.5800887,IDP-ESM2-8M,42,288,0.03407001495361328,0.30132412910461426,0.05383655290488182,0.03308156132698059,0.07828842453322571
A0A6B9LZ63,1.4954251050949097,3.5242223739624023,0.546348365781561,0.4428379535675049,0.5701461099720432,1.490557,3.6785834,0.5746286,0.46521014,0.5563387,IDP-ESM2-8M,42,288,0.004868149757385254,0.15436100959777832,0.0282802257559146,0.022372186183929443,0.013807382497830534
A0A6C0RTL1,1.931840777397156,4.931943893432617,0.6685167959049012,0.5515294671058655,0.4837912540596973,1.8581669,5.0126705,0.68686956,0.54175377,0.4338407,IDP-ESM2-8M,42,288,0.0736738443374636,0.08072662353515625,0.018352765767309487,0.009775698184967041,0.04995056201639286
A0A6F9F3M6,1.6906423568725586,4.0178046226501465,0.5427989131579706,0.4246668219566345,0.5635677501702078,1.7442026,4.179374,0.5610754,0.44309294,0.54533947,IDP-ESM2-8M,42,288,0.05356025695800781,0.16156959533691406,0.018276476227252814,0.018426120281219482,0.018228285028911384
A0A6G7AB66,2.3481550216674805,5.458531379699707,0.5031194950269057,0.4121839106082916,0.6181305837785314,2.3659072,5.588851,0.5227224,0.4120323,0.59248364,IDP-ESM2-8M,42,288,0.01775217056274414,0.13031959533691406,0.019602928049723967,0.00015160441398620605,0.02564694406142931
A0A6G7AB88,2.494433641433716,5.886996269226074,0.4962577740025085,0.4004048109054565,0.6256812294344056,2.5309272,5.942658,0.5189119,0.4085602,0.6037062,IDP-ESM2-8M,42,288,0.036493539810180664,0.055661678314208984,0.022654124133630438,0.00815537571907049,0.021975048385058704
A0A6G8MYF8,2.910238027572632,6.304473876953125,0.4365692759281948,0.3514030873775482,0.7373085803878829,3.304252,7.560169,0.48324695,0.37992674,0.6558102,IDP-ESM2-8M,42,288,0.3940138816833496,1.2556953430175781,0.04667767636710857,0.028523653745651245,0.08149840306168055
A0A6H0YEW0,1.4619015455245972,3.5186378955841064,0.5581676078660391,0.4558718800544739,0.5501148161336276,1.3662435,3.276188,0.5569886,0.45339406,0.5620411,IDP-ESM2-8M,42,288,0.0956580638885498,0.24244999885559082,0.0011790109498404089,0.0024778246879577637,0.011926287706246708
A0A6J5KPB0,1.931561589241028,4.873095989227295,0.6324247027859015,0.5116760730743408,0.5071489043098291,1.8888693,4.7517056,0.6099909,0.49159014,0.52119267,IDP-ESM2-8M,42,288,0.04269230365753196,0.12139034271240234,0.02243380799143735,0.020085930824279785,0.014043765558640176
A0A6J5KRS4,1.808340549468994,4.616891384124756,0.6346860964910308,0.4987468421459198,0.4796649101593249,1.8421575,4.6333766,0.61516714,0.4918049,0.5193081,IDP-ESM2-8M,42,288,0.033816933631897195,0.016485214233398438,0.019518955530337445,0.006941944360733032,0.03964318005063605
A0A6J5KVQ0,2.0336501598358154,4.941300868988037,0.6174673309280521,0.4876459538936615,0.5172475143585741,1.9698012,5.0153956,0.6248394,0.4952652,0.5140785,IDP-ESM2-8M,42,288,0.06384897232055664,0.07409477233886719,0.007372094158923037,0.007619231939315796,0.003169016471916364
A0A6J5L216,1.6558523178100586,4.2097601890563965,0.636627284786915,0.5169373750686646,0.5096900244227829,1.7459702,4.6746693,0.6488694,0.506662,0.45511678,IDP-ESM2-8M,42,288,0.0901179313659668,0.46490907669067383,0.012242110469127487,0.01027536392211914,0.05457324581064604
A0A6J5L2N6,2.325737237930298,5.545482158660889,0.4717911183875044,0.3590433001518249,0.6706956260822641,2.374533,5.460171,0.48256576,0.38879752,0.66424644,IDP-ESM2-8M,42,288,0.04879570007324219,0.0853109359741211,0.010774642224983366,0.029754221439361628,0.006449186148487218
A0A6J5L2W6,2.8358936309814453,7.153021812438965,0.6600631869687292,0.5152115821838379,0.512603758400923,3.2383895,8.087686,0.68782353,0.54924864,0.47039628,IDP-ESM2-8M,42,288,0.4024958610534668,0.9346637725830078,0.02776034704311159,0.03403705358505249,0.04220747811222669
A0A6J5L549,2.489058256149292,6.5023627281188965,0.6889961132886308,0.5449105501174927,0.4973719025093655,2.8754957,7.402158,0.72163165,0.5650653,0.4654699,IDP-ESM2-8M,42,288,0.38643741607666016,0.8997950553894043,0.032635532867680284,0.02015477418899536,0.03190200571600005
A0A6J5L8Y0,1.6903939247131348,3.877333402633667,0.4989770485861082,0.3985915780067444,0.6066001349170872,1.763043,4.212022,0.50297874,0.39508682,0.6103601,IDP-ESM2-8M,42,288,0.07264912128448486,0.3346884250640869,0.00400169353654195,0.0035047531127929688,0.003759951047115684
A0A6J5LE62,1.9321050643920896,4.973462104797363,0.6393656524212314,0.5044987201690674,0.4890201839148593,1.9347972,4.812432,0.59078485,0.48316523,0.58345324,IDP-ESM2-8M,42,288,0.002692103385925515,0.16103029251098633,0.0485808046848728,0.0213334858417511,0.0944330540955472
A0A6J5LH85,2.012480974197388,4.98656177520752,0.6047803281730825,0.4793956875801086,0.5307785598025809,2.1110406,5.4077477,0.61858034,0.4838988,0.4879526,IDP-ESM2-8M,42,288,0.09855961799621538,0.4211859703063956,0.013800013166028857,0.0045031011104584295,0.04282596981387243
A0A6J5LWJ3,2.0926060676574707,5.148537635803223,0.6001206124876083,0.4743762910366058,0.5533732990700032,2.090992,5.207819,0.601248,0.48892125,0.5408484,IDP-ESM2-8M,42,288,0.0016140937805175781,0.059281349182128906,0.0011274134065567543,0.014544963836669977,0.012524924703242957
A0A6J5LYG1,2.3418896198272705,6.028640270233154,0.6361742023198964,0.4978787899017334,0.487821143682621,2.2764103,5.677526,0.6040534,0.47337204,0.53379995,IDP-ESM2-8M,42,288,0.06547927856445312,0.35111427307128906,0.032120824214732835,0.024506747722625732,0.045978802625515014
A0A6J5M0M6,1.7801194190979004,4.627671718597412,0.6380694600300946,0.4863545894622803,0.4765165268175404,1.7932112,4.48167,0.60311216,0.48366463,0.5278567,IDP-ESM2-8M,42,288,0.013091802597045898,0.14600181579589844,0.03495729887057919,0.002689957618713379,0.05134018075539659
A0A6J5M1A9,1.8947727680206297,4.792967319488525,0.6368537037334309,0.491605669260025,0.4920156084123859,1.6276132,4.1222243,0.5946617,0.47725505,0.53861487,IDP-ESM2-8M,42,288,0.267159581184387,0.6707429885864258,0.04219199108694649,0.01435062289237976,0.04659926070535092
A0A6J5M383,1.4939820766448977,3.65190863609314,0.5863058627003224,0.4718666970729828,0.5234050061238716,1.6484776,4.0593185,0.58798593,0.4650554,0.5136339,IDP-ESM2-8M,42,288,0.15449547767639138,0.40740990638732866,0.001680070126673483,0.006811290979385376,0.009771099282593565
A0A6J5M440,1.5223596096038818,3.4009156227111816,0.30848693556111,0.3315984606742859,0.9402385247402006,1.1303312,1.9674067,0.34647578,0.3389059,0.97724736,IDP-ESM2-8M,42,288,0.39202845096588135,1.4335088729858398,0.03798884444911338,0.0073074400424957275,0.037008832628268595
A0A6J5M597,2.4704809188842773,5.528233051300049,0.3957060676766555,0.3049542307853699,0.7516401095049606,2.4739828,5.750096,0.4826062,0.37128878,0.6159056,IDP-ESM2-8M,42,288,0.00350189208984375,0.22186279296875,0.08690013468731239,0.0663345456123352,0.13573452660014496
A0A6J5M692,1.822757601737976,4.661199569702148,0.6454166241046767,0.5114878416061401,0.4771640858024888,1.9043417,4.8672843,0.62638175,0.5069922,0.524052,IDP-ESM2-8M,42,288,0.08158409595489502,0.2060847282409668,0.0190348692294936,0.0044956207275390625,0.046887938085145464
A0A6J5MAS8,2.2072370052337646,5.385336875915527,0.6315385315153609,0.5077436566352844,0.5236843669558697,2.1009247,5.3024483,0.6172358,0.49317226,0.52285534,IDP-ESM2-8M,42,288,0.10631227493286133,0.08288860321044922,0.014302751753092813,0.014571398496627808,0.0008290255213909692
A0A6J5MC63,2.8148560523986816,6.939040660858154,0.6075908972092113,0.4727453589439392,0.5214961986509299,2.8694298,7.0962563,0.6128482,0.47926873,0.5067879,IDP-ESM2-8M,42,288,0.054573774337768555,0.15721559524536133,0.0052573250464954535,0.0065233707427978516,0.014708302494618852
A0A6J5MCB3,1.8611453771591189,4.6693549156188965,0.6303508217655363,0.5003286600112915,0.5274635545093389,1.9009893,4.8984,0.6539771,0.5237031,0.49016365,IDP-ESM2-8M,42,288,0.03984391689300515,0.22904491424560547,0.023626274315243778,0.023374438285827637,0.037299900420364906
A0A6J5MEY7,1.861404538154602,4.736755847930908,0.6133518249968076,0.4743624925613403,0.5251298753974969,1.8080215,4.4320555,0.5882213,0.4928787,0.5924538,IDP-ESM2-8M,42,288,0.0533829927444458,0.3047003746032715,0.02513051342759376,0.01851621270179754,0.06732390239257269
A0A6J5MKW9,1.9973772764205933,4.999959945678711,0.6061298684275683,0.4698256552219391,0.5326355531533759,1.930756,4.805744,0.5942903,0.48563012,0.5500631,IDP-ESM2-8M,42,288,0.06662130355834961,0.1942157745361328,0.011839552322679414,0.0158044695854187,0.017427520481725467
A0A6J5MMF3,2.879166841506958,7.112376689910889,0.6118496788766791,0.4761544167995453,0.5218438896655169,3.0039208,7.4769316,0.6277414,0.49123138,0.49906877,IDP-ESM2-8M,42,288,0.12475395202636719,0.36455488204956055,0.01589171755047547,0.015076965093612671,0.022775122833165184
A0A6J5MV94,2.009892463684082,5.127058506011963,0.6460408082059769,0.5129064321517944,0.5085414843728931,2.002717,5.136924,0.65003425,0.51710427,0.4820417,IDP-ESM2-8M,42,288,0.007175445556640625,0.009865283966064453,0.003993440622911071,0.004197835922241211,0.026499797599592978
A0A6J5N0T2,1.5051722526550293,3.7179806232452393,0.5906479157635637,0.4703706502914428,0.5218013070832058,1.4860497,3.5718987,0.547478,0.44996497,0.58722466,IDP-ESM2-8M,42,288,0.019122600555419922,0.14608192443847656,0.04316989557237105,0.020405679941177313,0.06542335522071874
A0A6J5NF31,2.107455253601074,5.278548717498779,0.6017067192321677,0.4722713530063629,0.5386637842304928,2.116075,5.3429213,0.597444,0.47158867,0.5349117,IDP-ESM2-8M,42,288,0.00861978530883789,0.06437253952026367,0.004262721372212841,0.0006826817989349365,0.003752092088006198
A0A6J5P529,2.1506426334381104,5.6308417320251465,0.6909059144706131,0.5643876791000366,0.4876001948071604,2.7057822,7.2513103,0.7265593,0.5695848,0.4169181,IDP-ESM2-8M,42,288,0.5551395416259766,1.6204686164855957,0.035653366878569015,0.005197107791900635,0.07068209588061619
A0A6J5PE78,1.922183871269226,4.876833438873291,0.6136930457831204,0.4775813221931457,0.5084182364881048,1.9303719,4.9633093,0.63294274,0.4936473,0.48800963,IDP-ESM2-8M,42,288,0.008188009262084961,0.08647584915161133,0.01924969036571378,0.016065984964370783,0.020408604854346257
A0A6J5PLB7,2.045736312866211,5.145140171051025,0.6282542099849636,0.4983240365982055,0.518848369772103,2.1423695,5.1279335,0.53467995,0.45302865,0.697661,IDP-ESM2-8M,42,288,0.0966331958770752,0.017206668853759766,0.09357426070136377,0.04529538750648493,0.17881261283669214
A0A6J5PPF9,1.6728100776672363,4.161153793334961,0.6346606892940946,0.5134698748588562,0.5067354269186948,1.816426,4.649335,0.63039315,0.5054843,0.48758197,IDP-ESM2-8M,42,288,0.1436159610748291,0.48818111419677734,0.004267541825527688,0.007985591888427734,0.01915345861119966
A0A6J5PZI4,1.5767565965652466,3.813852548599243,0.5780914589868746,0.4575594067573547,0.5544228925316996,1.514396,3.9046204,0.57119364,0.45784283,0.58156747,IDP-ESM2-8M,42,288,0.06236064434051514,0.09076786041259766,0.0068978235231600404,0.00028342008590703793,0.027144573727303056
A0A6J5SKE0,2.851771354675293,6.941154956817627,0.6210714216957797,0.4874907433986664,0.5131875749226398,2.7746034,6.9462705,0.62790805,0.49262738,0.49131176,IDP-ESM2-8M,42,288,0.07716798782348633,0.005115509033203125,0.006836629318166865,0.005136638879776001,0.021875816166002204
A0A6J5SLP1,2.062652826309204,5.136434555053711,0.6408458551433834,0.5217792391777039,0.5039697720855869,1.914103,4.8456745,0.60889876,0.48982725,0.5410971,IDP-ESM2-8M,42,288,0.14854979515075684,0.2907600402832031,0.03194709625513881,0.03195199370384216,0.03712733246382105
A0A6J7W7Z1,1.6842846870422363,4.121532917022705,0.5791372329108345,0.4518766105175018,0.5396640713233554,1.7278202,4.190107,0.56152946,0.4512148,0.573915,IDP-ESM2-8M,42,288,0.043535470962524414,0.0685739517211914,0.017607775341712206,0.0006618201732634943,0.034250933406869244
A0A6J7WAM5,1.968910217285156,4.806826114654541,0.5933878651416344,0.4702304899692535,0.5375149710204338,1.9927716,4.9210033,0.58326805,0.4755027,0.5715843,IDP-ESM2-8M,42,288,0.0238614082336428,0.11417722702026367,0.010119818762545085,0.0052722096443176825,0.034069313285138736
A0A6J7WD77,2.007833480834961,5.055688381195068,0.6167775194816756,0.4715084135532379,0.5121689447238335,2.1634219,5.4227977,0.5950322,0.46972284,0.551681,IDP-ESM2-8M,42,288,0.15558838844299316,0.3671092987060547,0.02174530436326738,0.001785576343536377,0.03951203738905107
A0A6J7WRV8,1.989224553108216,5.052186489105225,0.6456973232117025,0.5263502597808838,0.4862896199863472,1.9729784,4.9971795,0.62283194,0.49503648,0.49656576,IDP-ESM2-8M,42,288,0.016246199607849787,0.055006980895996094,0.022865382560762537,0.03131377696990967,0.010276139195629141
A0A6J7WTJ4,1.6305718421936035,3.998541593551636,0.5840857119529544,0.4529523551464081,0.5436538102453293,1.79831,4.5302277,0.6124228,0.4872529,0.5203773,IDP-ESM2-8M,42,288,0.1677381992340088,0.5316860675811763,0.02833711195299038,0.034300535917282104,0.023276531917387433
A0A6J7WZ48,3.78989315032959,9.271448135375977,0.6393498187634279,0.5079576373100281,0.5325776623249087,3.468657,8.687863,0.6536167,0.5142063,0.5049846,IDP-ESM2-8M,42,288,0.32123613357543945,0.5835847854614258,0.014266907635040127,0.006248652935028076,0.027593045091632296
A0A6J7WZH5,1.99068570137024,4.891651153564453,0.629006968588216,0.5122023224830627,0.5204130748906869,1.9687672,5.0650396,0.63864446,0.5048759,0.48790327,IDP-ESM2-8M,42,288,0.02191853523254461,0.17338848114013672,0.00963748827518729,0.0073264241218566895,0.03250980774553003
A0A6J7X3M2,1.7816078662872314,4.347293853759766,0.5978000806325733,0.4652456045150757,0.5531218172906123,1.7416425,4.4704714,0.6309848,0.5122703,0.5112062,IDP-ESM2-8M,42,288,0.03996539115905762,0.12317752838134766,0.03318470254003414,0.047024667263031006,0.041915607631035856
A0A6J7X4W8,2.227431535720825,5.855321884155273,0.6647995785688191,0.5162100195884705,0.4784289504177325,2.0501559,5.362776,0.6583878,0.5165094,0.47253957,IDP-ESM2-8M,42,288,0.1772756576538086,0.49254608154296875,0.006411798379304945,0.0002993941307067871,0.005889376509880306
A0A6J7XE11,2.7999467849731445,6.756624698638916,0.5775884613340748,0.4342323243618011,0.5519399794447225,2.8352866,7.0295777,0.614157,0.4823364,0.51299906,IDP-ESM2-8M,42,288,0.0353398323059082,0.2729530334472656,0.036568559711609994,0.048104077577591,0.038940921674947115
A0A6M2ZHS1,2.123398542404175,5.305539131164551,0.6145630041572486,0.4724094867706299,0.509251402880468,1.9846854,5.0254264,0.61889267,0.49226844,0.50354123,IDP-ESM2-8M,42,288,0.13871312141418457,0.28011274337768555,0.004329665520485748,0.019858956336975098,0.005710171725072488
A0A6M3TA11,1.504974365234375,3.619695425033569,0.5741453656437214,0.4769470989704132,0.544145465918387,1.5223025,3.8251052,0.5932348,0.477946,0.52216786,IDP-ESM2-8M,42,288,0.01732814311981201,0.20540976524353072,0.019089411806840095,0.0009989142417907715,0.021977604456747568
A0A6S4P8D4,3.012460231781006,7.565980911254883,0.611872117483313,0.4624545276165008,0.5146163613113722,3.1447644,7.889862,0.64146036,0.49377325,0.46720076,IDP-ESM2-8M,42,288,0.13230419158935547,0.3238811492919922,0.02958824161321405,0.03131872415542608,0.04741560523837418
A0A6S4P9N8,2.073312282562256,5.199846267700195,0.6432930209614315,0.5143077373504639,0.4880721325372693,2.0371606,5.126279,0.6116134,0.4863183,0.5222069,IDP-ESM2-8M,42,288,0.03615164756774902,0.07356739044189453,0.031679628131536464,0.027989447116851807,0.03413476996669801
A0A6S4PA87,3.1399965286254883,8.053786277770996,0.6227939167871082,0.4648060500621795,0.5233824024661056,3.1200705,7.8851833,0.65850633,0.5146191,0.486541,IDP-ESM2-8M,42,288,0.019926071166992188,0.16860294342041016,0.03571241704086425,0.049813061952591,0.03684139947729026
A0A6S4PGH2,1.963572382926941,4.796015739440918,0.6331969463191724,0.5132465362548828,0.5153850416979611,1.986676,5.0759645,0.6322719,0.51239383,0.52586323,IDP-ESM2-8M,42,288,0.02310359477996826,0.27994871139526367,0.000925060447285242,0.0008527040481567383,0.010478188530463006
A0A7D3USN0,4.505539417266846,11.092673301696776,0.6498999103753483,0.5292454361915588,0.5312255408245541,4.1504803,10.222569,0.6349657,0.4945122,0.49410567,IDP-ESM2-8M,42,288,0.3550591468811035,0.8701038360595685,0.014934192582837347,0.03473323583602905,0.037119873948714854
A0A7D5FH32,2.96394681930542,6.954417705535889,0.5142109541817824,0.3998225033283233,0.6033478937463849,3.0248456,7.0603786,0.51622546,0.40516815,0.61317706,IDP-ESM2-8M,42,288,0.060898780822753906,0.10596084594726562,0.002014503009684865,0.005345642566680964,0.00982916733454775
A0A7I6MYG1,1.7006275653839111,3.823779344558716,0.4564837024154415,0.3597577214241028,0.6768935425238507,1.7903497,4.161798,0.49754637,0.40229404,0.62178475,IDP-ESM2-8M,42,288,0.0897221565246582,0.33801865577697754,0.04106267238237954,0.04253631830215454,0.055108795876969596
A0A7M1CLG8,2.5216846466064453,6.6660356521606445,0.6418828326741057,0.4758073091506958,0.5104003410171217,2.6187754,6.6886983,0.64531165,0.52568024,0.52378994,IDP-ESM2-8M,42,288,0.0970907211303711,0.022662639617919922,0.0034288209399384595,0.04987293481826782,0.013389601247435157
A0A7M1RZ47,1.7325881719589231,4.69564151763916,0.6774178709135183,0.5251330733299255,0.4389616514071005,1.8737068,4.848536,0.6416067,0.51447403,0.4864164,IDP-ESM2-8M,42,288,0.14111864566803,0.1528944969177246,0.035811182414067666,0.01065903902053833,0.04745474807181188
A0A7S5RCY4,1.7357257604599,3.856664657592773,0.4519874184236598,0.3652018010616302,0.6923964200230048,1.7810488,4.145518,0.4935141,0.40026256,0.64125675,IDP-ESM2-8M,42,288,0.04532301425933838,0.28885316848754927,0.04152667235278368,0.03506076335906988,0.05113967039303047
A0A7S5UT98,1.7512197494506836,4.084009170532227,0.4707505282188473,0.370483934879303,0.6608066406507355,1.7273705,3.9833431,0.4775309,0.39000636,0.662493,IDP-ESM2-8M,42,288,0.0238492488861084,0.10066604614257812,0.006780368444818496,0.019522428512573242,0.0016863498430389479
A0A7S9SUD3,3.25816011428833,8.228160858154297,0.6290486518295846,0.4745856523513794,0.5239197452228728,2.982458,7.4045057,0.6161491,0.49007595,0.55030805,IDP-ESM2-8M,42,288,0.27570199966430664,0.8236551284790039,0.012899524346216662,0.015490293502807617,0.026388303502255406
A0A7S9XGD0,2.4774041175842285,6.216709136962891,0.6905187541716281,0.5746209025382996,0.4922323468000771,3.3242462,8.499413,0.7420887,0.5765857,0.38904884,IDP-ESM2-8M,42,288,0.8468420505523682,2.282703399658203,0.05156992132733429,0.0019648075103759766,0.10318350222419514
A0A7U3WA13,3.185237407684326,7.447985649108887,0.5106062623515877,0.395008772611618,0.6447533778387111,4.1614904,9.740061,0.5572365,0.43221346,0.59343296,IDP-ESM2-8M,42,288,0.9762530326843262,2.2920751571655273,0.0466302302822319,0.037204682826995905,0.05132041494427142
A0A811BMM7,3.0860369205474854,7.456822395324707,0.6341711639926162,0.5208629965782166,0.5355937665883287,3.0858932,7.6425543,0.6119872,0.49253917,0.54557174,IDP-ESM2-8M,42,288,0.0001437664031982422,0.1857318878173828,0.0221839904353347,0.028323829174041748,0.009977977853657394
A0A858MR12,1.863840937614441,4.254262447357178,0.4243333314188577,0.358554869890213,0.7259174387102747,1.7488768,3.8833613,0.42613584,0.36179918,0.7720098,IDP-ESM2-8M,42,288,0.11496412754058838,0.37090110778808594,0.0018025066129110923,0.0032443106174468994,0.04609235123342037
A0A8A4VK22,1.9802069664001465,5.004434585571289,0.6432658922681133,0.498355358839035,0.5142338344318294,2.071589,5.476372,0.6800685,0.54112905,0.44559956,IDP-ESM2-8M,42,288,0.09138202667236328,0.4719371795654297,0.03680260062129104,0.04277369379997259,0.06863427846259107
A0A8D9CCF9,1.830854177474976,4.606510162353516,0.6475592042759498,0.5153701305389404,0.505094869404348,1.8766198,4.8885956,0.67083395,0.54047334,0.45442593,IDP-ESM2-8M,42,288,0.045765638351439986,0.2820854187011719,0.02327474099840321,0.025103211402893066,0.050668938427480326
A0A8E5KAT9,2.180428504943848,5.432480335235596,0.6398555556001269,0.5251979231834412,0.511074227336817,2.0068104,5.006334,0.60631967,0.48917207,0.55022967,IDP-ESM2-8M,42,288,0.17361807823181197,0.4261465072631836,0.03353588969131338,0.03602585196495056,0.03915544128043158
A0A8F2E6U0,1.6159783601760864,3.2967891693115234,0.4065619297817479,0.3840160369873047,0.7623879270688173,1.9103116,4.4073358,0.49109438,0.41357076,0.69055724,IDP-ESM2-8M,42,288,0.29433321952819824,1.110546588897705,0.08453245083539385,0.02955472469329834,0.07183068562899797
A0A8S5LF95,1.9306707382202148,4.790389537811279,0.611492945373563,0.4738651216030121,0.5136441211351067,1.899815,4.6901965,0.5759507,0.464829,0.5566859,IDP-ESM2-8M,42,288,0.030855774879455566,0.10019302368164062,0.0355422632103245,0.009036123752593994,0.043041803394922584
A0A8S5LN82,1.488559365272522,3.618178606033325,0.5872684469935916,0.4632577896118164,0.5093959311113072,1.458387,3.5256896,0.560466,0.4523233,0.55309415,IDP-ESM2-8M,42,288,0.030172348022460938,0.09248900413513184,0.026802455496551802,0.010934501886367798,0.04369821752455705
A0A8S5M1Q5,1.6078896522521973,3.845552921295166,0.5924343616366878,0.4872253537178039,0.5339168484208054,1.8130033,4.408707,0.5815154,0.46472847,0.54980236,IDP-ESM2-8M,42,288,0.20511364936828613,0.5631542205810547,0.01091898983721884,0.022496879100799505,0.015885514498048314
A0A8S5M989,1.5205563306808472,3.730099439620972,0.6013717415445795,0.4789307415485382,0.5022587588709029,1.5558544,4.0289774,0.6238137,0.4979012,0.48080298,IDP-ESM2-8M,42,288,0.03529810905456543,0.2988779544830318,0.022441947210455893,0.018970459699630737,0.021455775825324874
A0A8S5MGS1,1.914817690849304,4.9228291511535645,0.6350842957175842,0.4969795346260071,0.4906096789336472,2.0632448,5.2864814,0.61861545,0.4890982,0.5149222,IDP-ESM2-8M,42,288,0.1484271287918093,0.36365222930908203,0.016468847242700146,0.007881343364715576,0.02431252269980616
A0A8S5N1K7,1.549615502357483,3.684602737426758,0.5411170249842353,0.4483424723148346,0.5676294993501076,1.4306816,3.4258518,0.5200296,0.42081842,0.60142,IDP-ESM2-8M,42,288,0.11893391609191895,0.25875091552734375,0.021087420549268265,0.027524054050445557,0.033790485944234394
A0A8S5N469,1.5405234098434448,3.992358446121216,0.6145742364616988,0.4598429799079895,0.5017283125006853,1.413658,3.5048342,0.5856434,0.47385848,0.5376094,IDP-ESM2-8M,42,288,0.12686538696289062,0.48752427101135254,0.02893082577902062,0.014015495777130127,0.03588108586433547
A0A8S5NE69,2.0060853958129883,4.911497592926025,0.6062603758241304,0.4834393262863159,0.5348275090878428,1.9230207,4.814858,0.6065717,0.48266685,0.5349343,IDP-ESM2-8M,42,288,0.08306467533111572,0.09663963317871094,0.00031129852279343506,0.0007724761962890625,0.00010677321501362247
A0A8S5NNF7,1.9524650573730469,4.931920051574707,0.6607161085573837,0.5455276966094971,0.4994062784190104,1.9676414,5.224354,0.6980511,0.55936986,0.43357506,IDP-ESM2-8M,42,288,0.01517629623413086,0.2924337387084961,0.03733498645146638,0.013842165470123291,0.0658312144751475
A0A8S5NWD3,1.5037521123886108,3.5996205806732178,0.5677280234176344,0.4579324424266815,0.5431759354832233,1.4659564,3.5962255,0.57653743,0.4617722,0.5365444,IDP-ESM2-8M,42,288,0.03779566287994385,0.00339508056640625,0.008809406868773073,0.0038397610187530518,0.006631552911049221
A0A8S5NWX7,1.560573697090149,3.960471868515015,0.6117798860232463,0.4646323919296264,0.5019112505122472,1.5017973,3.7826734,0.6065429,0.47998667,0.5110292,IDP-ESM2-8M,42,288,0.0587763786315918,0.17779850959777876,0.005237000719748974,0.015354275703430231,0.009117933352346341
A0A8S5PA77,1.6725746393203735,4.0133056640625,0.5833820002283312,0.4858229160308838,0.5575711023164681,1.637279,4.000925,0.56858236,0.4644915,0.5894444,IDP-ESM2-8M,42,288,0.03529560565948486,0.012380599975585938,0.014799644252226463,0.021331429481506348,0.03187329656353677
A0A8S5PGG1,2.0246050357818604,5.11601448059082,0.6531822366651169,0.526393711566925,0.5104415326057868,2.215706,5.6943383,0.6662873,0.5310746,0.48360065,IDP-ESM2-8M,42,288,0.19110107421875,0.5783238410949707,0.013105066305769353,0.0046808719635009766,0.026840886348386328
A0A8S5PHX0,2.0182549953460693,5.024575233459473,0.6266036677680468,0.5043603181838989,0.5397289536126224,1.9287443,4.81977,0.61443275,0.5048961,0.5496671,IDP-ESM2-8M,42,288,0.08951067924499512,0.2048053741455078,0.012170915635630997,0.0005357861518859863,0.00993816636723599
A0A8S5PIQ8,2.4759175777435303,6.358603000640869,0.6460606864946443,0.5118440389633179,0.4942293225493911,2.5415215,6.521649,0.6485485,0.50891066,0.49197593,IDP-ESM2-8M,42,288,0.06560397148132324,0.16304588317871094,0.0024877973539274567,0.0029333829879760742,0.0022533892360213637
A0A8S5Q7R0,1.5916507244110107,3.973320245742798,0.590334305110155,0.4863455891609192,0.5200915948931241,1.6409724,4.104001,0.5944886,0.47493857,0.51381814,IDP-ESM2-8M,42,288,0.049321651458740234,0.13068079948425293,0.004154315647901585,0.011407017707824707,0.0062734500948452565
A0A8S5RD61,1.5646835565567017,3.83354926109314,0.5748773449312685,0.454172134399414,0.553610158015955,1.7127814,4.261316,0.5866884,0.46714061,0.5265043,IDP-ESM2-8M,42,288,0.14809787273406982,0.42776656150817827,0.011811054383611852,0.01296848058700567,0.027105879832971636
A0A8S5RFF7,1.9098047018051147,4.8557844161987305,0.6630236698423655,0.5230225324630737,0.4956180787177528,2.1588142,5.583536,0.6528133,0.52212906,0.48453465,IDP-ESM2-8M,42,288,0.24900949001312256,0.7277517318725586,0.010210354450824966,0.0008934736251831055,0.011083427676721935
A0A8S5RGG2,1.702563762664795,4.391730785369873,0.6649740339460946,0.5341528654098511,0.4863854230267955,1.5827335,3.8810444,0.58772326,0.49272722,0.57896274,IDP-ESM2-8M,42,288,0.11983025074005127,0.5106863975524902,0.07725077878862385,0.04142564535140991,0.09257732025552262
A0A8S5S9N0,1.5836753845214844,3.897242784500122,0.6158454649126969,0.4921787977218628,0.5036792471629765,1.7754626,4.576991,0.6326491,0.51943,0.50854075,IDP-ESM2-8M,42,288,0.1917872428894043,0.6797482967376709,0.016803658755973783,0.02725118398666382,0.004861502386889205
A0A8S5SDG1,1.5475541353225708,3.859478235244751,0.5826707881855515,0.465899109840393,0.5363498402376764,1.5684458,3.8364918,0.56689906,0.4558223,0.54846245,IDP-ESM2-8M,42,288,0.020891666412353516,0.022986412048339844,0.015771726982548584,0.010076820850372259,0.012112610266626578
A0A8S5SII4,2.188627481460572,5.536108493804932,0.5862646566973693,0.4427419900894165,0.5586865523743828,1.9761214,4.9280815,0.59864235,0.4761553,0.54460955,IDP-ESM2-8M,42,288,0.21250605583191007,0.6080269813537598,0.012377692545794794,0.033413320779800415,0.014077005713005852
A0A8S5SVB6,1.7515244483947754,4.496286392211914,0.6378233217925348,0.5020061731338501,0.494517238724603,1.7560761,4.445689,0.6103858,0.493097,0.5249441,IDP-ESM2-8M,42,288,0.00455164909362793,0.050597190856933594,0.027437546226433684,0.008909165859222412,0.030426887881384534
A0A8S5TCW6,1.5359032154083252,3.738265037536621,0.5396650205025212,0.4334002435207367,0.58568114265324,1.6000252,3.8650188,0.55440253,0.4526636,0.58550215,IDP-ESM2-8M,42,288,0.06412196159362793,0.1267538070678711,0.01473750969080767,0.019263356924057007,0.00017899497867945868
A0A8S5TKF0,1.7709708213806152,4.595403671264648,0.6333885940873083,0.4936061799526214,0.4976170626719589,1.7759428,4.6682215,0.66720533,0.5300656,0.4282365,IDP-ESM2-8M,42,288,0.004971981048583984,0.07281780242919922,0.0338167396224085,0.03645941615104681,0.0693805483420486
A0A8S5U5H8,1.6514663696289062,4.207301139831543,0.6090897623563183,0.4720346331596374,0.5245218605659997,1.8840709,4.8102756,0.6248948,0.49728316,0.48832348,IDP-ESM2-8M,42,288,0.2326045036315918,0.6029744148254395,0.01580503544565315,0.025248527526855524,0.036198380675176334
A0A8S5UDW9,1.5511581897735596,3.8220832347869873,0.5875332691513244,0.4576245844364166,0.5210990678838165,1.4498346,3.5439126,0.5687341,0.455096,0.5432527,IDP-ESM2-8M,42,288,0.10132360458374023,0.2781705856323242,0.01879915974962154,0.002528578042984009,0.022153638643893414
A0A8S5UG11,3.5712697505950928,8.616358757019043,0.6598745899533106,0.5712011456489563,0.5958815150120641,3.853119,9.535954,0.6688544,0.588045,0.6672581,IDP-ESM2-8M,42,288,0.2818491458892822,0.9195957183837891,0.00897982546340692,0.016843855381011963,0.07137656880827892
A0A8S5UGG4,2.030909299850464,5.152951240539551,0.6683167566343355,0.5575144290924072,0.4992221934257908,1.984102,5.1508126,0.6656438,0.54662675,0.5129379,IDP-ESM2-8M,42,288,0.046807289123535156,0.0021386146545410156,0.002672945408444427,0.010887682437896729,0.013715709978445068
A0A8S5UXR4,1.543606877326965,3.822244167327881,0.5933955230594851,0.4654117226600647,0.520222930211949,1.566262,3.782895,0.5533902,0.44190457,0.5774279,IDP-ESM2-8M,42,288,0.022655129432678445,0.03934907913208008,0.04000531815302144,0.023507148027420044,0.05720499346740282
A0A8S5UYA7,1.515486478805542,3.566640615463257,0.5387797278085149,0.4413055777549743,0.5690794581569074,1.5730097,3.797465,0.5540668,0.4447426,0.5606665,IDP-ESM2-8M,42,288,0.057523250579833984,0.23082447052001953,0.015287049420794174,0.003437012434005793,0.008412956634843205
A0A8S5V197,2.001276969909668,4.978691577911377,0.6455918626671853,0.5264422297477722,0.5059520277110631,1.7112257,4.308147,0.618336,0.5166054,0.5398569,IDP-ESM2-8M,42,288,0.2900512218475342,0.6705446243286133,0.027255840767008266,0.009836852550506592,0.03390488299450334
A0A8S5V2I6,1.507063865661621,3.696122169494629,0.5788699490405352,0.4565491080284118,0.527698198013858,1.6347654,3.9609928,0.56615055,0.45218816,0.55448645,IDP-ESM2-8M,42,288,0.1277015209197998,0.26487064361572266,0.012719402966621662,0.004360944032669012,0.02678825551931463
A0A8S5VTX0,1.864681601524353,4.502696990966797,0.6139281702701694,0.5117815732955933,0.5430967416589871,1.614825,4.1076894,0.60899943,0.5055755,0.56098247,IDP-ESM2-8M,42,288,0.2498565912246704,0.3950076103210449,0.004928739136899174,0.006206095218658447,0.017885724085031418
A0A976N2M2,1.7672897577285769,4.537698268890381,0.6729421738470521,0.5667985677719116,0.4942293149791221,1.9675529,5.1970224,0.69388115,0.5559165,0.43531522,IDP-ESM2-8M,42,288,0.20026314258575417,0.6593241691589355,0.020938980213311642,0.010882079601287842,0.05891409343104165
A0A976N2T1,1.7610512971878052,4.707720756530762,0.6725669161434407,0.5365812182426453,0.4823933408901071,1.7194114,4.459831,0.64108825,0.5218933,0.52239484,IDP-ESM2-8M,42,288,0.04163992404937744,0.24788951873779297,0.03147866884424633,0.014687895774841309,0.04000149505883699
A0A977TP41,2.5221047401428223,6.166369438171387,0.6128707856200357,0.4924271404743194,0.535264803113846,2.4610956,6.3643866,0.6783234,0.5272056,0.40945518,IDP-ESM2-8M,42,288,0.06100916862487793,0.19801712036132812,0.06545260247963469,0.03477844595909124,0.1258096229456942
A0A9C7EYP6,2.059425115585327,4.341032028198242,0.4119488999775142,0.3891435861587524,0.7826712245284998,2.209885,4.8691077,0.45311064,0.38816807,0.764611,IDP-ESM2-8M,42,288,0.15045976638793945,0.5280756950378418,0.041161735303094915,0.0009755194187163752,0.018060218745418744
A0A9E7E114,2.6846225261688232,6.194314002990723,0.4909256499808473,0.3887869715690613,0.6334909614577019,2.8595853,6.7017574,0.5159197,0.39759347,0.5861827,IDP-ESM2-8M,42,288,0.17496275901794434,0.5074434280395508,0.02499403538292222,0.008806496858596802,0.04730824794909594
A0A9E7MTP4,1.7648322582244873,4.532491683959961,0.635135560991865,0.5016555786132812,0.4841819835587362,1.771209,4.639907,0.6450992,0.51383924,0.4514593,IDP-ESM2-8M,42,288,0.006376743316650391,0.10741519927978516,0.00996366166819973,0.012183666229248047,0.03272269496162927
A0A9E7NGQ3,2.002009153366089,4.967966079711914,0.6355770344121529,0.5079604387283325,0.5046194284222657,1.7832403,4.465748,0.5971379,0.48711193,0.5470231,IDP-ESM2-8M,42,288,0.21876883506774902,0.5022182464599609,0.03843910640311965,0.020848512649536133,0.04240368912000114
A0A9E7PRV1,4.769702434539795,11.009002685546877,0.6072556576263411,0.4705262780189514,0.6281138130868641,4.180912,10.201189,0.61782634,0.4903084,0.58027667,IDP-ESM2-8M,42,288,0.5887904167175293,0.8078136444091815,0.010570684956361487,0.01978212594985962,0.047837145015117266
A0A9E7QSB8,3.597447872161865,8.941004753112793,0.6252779815140195,0.4877111911773681,0.5318009896713983,3.4538832,8.568411,0.6402591,0.50155973,0.49746558,IDP-ESM2-8M,42,288,0.14356470108032182,0.37259387969970703,0.0149811055717044,0.013848543167114313,0.034335408969570325
A0A9E7YC22,2.446411609649658,6.235330581665039,0.6530271615883517,0.5056642889976501,0.4953450680914874,2.517022,6.662036,0.6980776,0.5443263,0.3801844,IDP-ESM2-8M,42,288,0.07061028480529785,0.42670536041259766,0.04505045748742342,0.03866201639175415,0.1151606560889239
A0A9E8JWV9,2.257406711578369,5.675223350524902,0.680940974598074,0.5665900707244873,0.4907227252656558,2.1500545,5.6070213,0.6672355,0.5419736,0.47578853,IDP-ESM2-8M,42,288,0.10735225677490234,0.06820201873779297,0.013705480938100867,0.024616479873657227,0.014934191578064249
A0AA49BTX9,1.662986159324646,3.953206062316896,0.5431114422137951,0.4369195699691772,0.5690741015719079,1.59589,3.7618823,0.5133402,0.4200931,0.6287187,IDP-ESM2-8M,42,288,0.06709611415863037,0.1913237571716322,0.029771267061970197,0.01682648062705988,0.05964457261098399
A0AA95EHV2,7.345452785491943,16.350584030151367,0.6035666145481628,0.4845318794250488,0.731632239104108,7.973008,18.916481,0.70853055,0.5748806,0.61571044,IDP-ESM2-8M,42,288,0.6275553703308105,2.565896987915039,0.10496393068651733,0.09034872055053716,0.11592180180628697
A0AAE6H393,2.3994784355163574,5.994799613952637,0.6527069405036623,0.5335306525230408,0.4853632130853106,2.668516,7.063954,0.71209484,0.55180025,0.3510369,IDP-ESM2-8M,42,288,0.26903748512268066,1.0691542625427246,0.05938790288394147,0.018269598484039307,0.13432630684294
A0AAE6M5R2,3.5521042346954346,9.02237606048584,0.642704948447749,0.4869166910648346,0.4967637315095681,3.4486022,8.56344,0.63104904,0.48700812,0.48531562,IDP-ESM2-8M,42,288,0.10350203514099121,0.4589357376098633,0.011655911468073654,9.143352508544922e-05,0.011448110610367657
A0AAE6R6D0,2.976760149002075,7.51303243637085,0.6548645452200272,0.5274115204811096,0.5081889800819005,3.079504,7.782285,0.68313885,0.5321564,0.4501257,IDP-ESM2-8M,42,288,0.10274386405944824,0.2692527770996094,0.02827430213104698,0.004744887351989746,0.058063285806998155
A0AAE7RVV2,1.5517797470092771,3.9395155906677246,0.6188861173230674,0.4737471342086792,0.479550110902109,1.7657717,4.4203115,0.6047743,0.47989255,0.51595443,IDP-ESM2-8M,42,288,0.2139919996261599,0.48079586029052734,0.014111821039345496,0.0061454176902771,0.03640432396956461
A0AAE7RZ51,1.6937689781188965,4.192554473876953,0.6328902870672046,0.5101795196533203,0.5052100331934856,1.8557732,4.847402,0.65093815,0.5254485,0.4697656,IDP-ESM2-8M,42,288,0.1620042324066162,0.6548476219177246,0.01804786619970211,0.015268981456756592,0.03544442965115768
A0AAE7V272,1.89815890789032,4.521825790405273,0.5981761481835761,0.4906594157218933,0.5494720901195723,1.8852091,4.704977,0.59645,0.47923043,0.5391527,IDP-ESM2-8M,42,288,0.01294982433319114,0.1831512451171875,0.0017261769845404729,0.011428982019424438,0.010319408292027155
A0AAE8XJ71,2.8262925148010254,7.3990888595581055,0.6017465091378511,0.4517616629600525,0.52591360416268,2.7419512,6.6954107,0.5960785,0.4729051,0.54954165,IDP-ESM2-8M,42,288,0.08434128761291504,0.7036781311035156,0.005667994085055694,0.021143436431884766,0.02362804803992624
A0AAE8XN63,1.684768557548523,3.999056339263916,0.6159476746880526,0.5209705233573914,0.5247382377107751,1.5457906,3.6842573,0.5298385,0.44469285,0.63823074,IDP-ESM2-8M,42,288,0.1389780044555664,0.31479907035827637,0.08610917228097859,0.07627767324447632,0.11349250331324223
A0AAE8Y2B1,2.794822454452514,7.214196681976318,0.6596631795570008,0.5064674019813538,0.494200982039052,2.899485,7.241233,0.6418201,0.5030962,0.48181742,IDP-ESM2-8M,42,288,0.10466265678405806,0.027036190032958984,0.01784310642925424,0.0033711791038513184,0.012383557741719231
A0AAE8Y3C7,3.1122307777404785,8.012500762939453,0.6588662254279181,0.515117883682251,0.4955538807173406,3.1220856,7.962852,0.6860421,0.5332377,0.44474596,IDP-ESM2-8M,42,288,0.009854793548583984,0.04964876174926758,0.027175844960875883,0.01811981201171875,0.050807922865930666
A0AAE8YWI4,1.6106566190719604,3.9633960723876953,0.5897645273366682,0.4728582799434662,0.5379934387742529,1.5969998,3.8807042,0.56845134,0.460558,0.56939304,IDP-ESM2-8M,42,288,0.013656854629516602,0.08269190788269043,0.02131318236977975,0.012300282716751099,0.03139959997544195
A0AAE9BPG4,2.089961051940918,5.293968677520752,0.6362058420521594,0.5146384239196777,0.509625700840301,2.0912132,5.324294,0.63668966,0.5162333,0.5250046,IDP-ESM2-8M,42,288,0.0012521743774414062,0.03032541275024414,0.00048382088119025557,0.0015949010848999023,0.01537892448013356
A0AAE9BPT7,1.8899993896484373,4.608973503112793,0.6071775080351314,0.4779702126979828,0.5259370938834406,1.8016117,4.5670176,0.61976486,0.5035631,0.5109096,IDP-ESM2-8M,42,288,0.08838772773742654,0.04195594787597656,0.012587356409601291,0.025592893362045288,0.015027476936266493
A0EXV0,2.994124174118042,6.964138984680176,0.495575349687519,0.4098358452320099,0.6699742280173773,3.255276,7.6481,0.524119,0.4208213,0.6263993,IDP-ESM2-8M,42,288,0.2611517906188965,0.6839609146118164,0.028543669820842832,0.010985463857650757,0.0435749493766302
A0EYY2,3.034811496734619,7.684514045715332,0.668185046760487,0.5493612885475159,0.4809570267909356,2.966914,7.6880884,0.71508646,0.5554297,0.38307065,IDP-ESM2-8M,42,288,0.06789755821228027,0.003574371337890625,0.046901413353038435,0.006068408489227295,0.09788637907441339
A1YJ55,3.0992090702056885,7.891826629638672,0.6728711179111546,0.5405828952789307,0.474137974827433,2.9768882,7.6436405,0.685056,0.53129274,0.4144392,IDP-ESM2-8M,42,288,0.12232089042663574,0.2481861114501953,0.012184853234475268,0.009290158748626709,0.059698773472452504
A1YMK7,1.6046737432479858,3.8042383193969727,0.5482631590372576,0.424898236989975,0.5593004137451495,1.5368756,3.7051933,0.53886664,0.43628737,0.5756989,IDP-ESM2-8M,42,288,0.06779813766479492,0.0990450382232666,0.009396519899989575,0.01138913631439209,0.01639849839855778
A4FTA6,2.3809258937835693,5.719853401184082,0.5199431687575117,0.4124127328395843,0.5911927998546419,2.3858743,5.5672827,0.5288753,0.4236304,0.58734214,IDP-ESM2-8M,42,288,0.00494837760925293,0.1525707244873047,0.008932122589991986,0.011217653751373347,0.0038506567958650484
A4L236,3.475287437438965,8.607982635498047,0.6480487113343221,0.5230875611305237,0.5214414367357509,2.4641259,6.3399224,0.66797304,0.52653277,0.45939478,IDP-ESM2-8M,42,288,1.0111615657806396,2.2680602073669434,0.01992433020010176,0.0034452080726623535,0.06204665395414999
A4ZRA0,1.9533462524414065,4.875495433807373,0.6237074957070657,0.494331955909729,0.5017340600723473,1.9613948,5.0249825,0.63464165,0.50486875,0.47177583,IDP-ESM2-8M,42,288,0.008048534393310325,0.14948701858520508,0.010934151631801448,0.010536789894104004,0.029958230280324627
A4ZRD1,3.2862348556518555,8.392912864685059,0.6167292549279948,0.4547624886035919,0.5294574445110618,3.319405,8.201961,0.62832314,0.48384985,0.4957252,IDP-ESM2-8M,42,288,0.033170223236083984,0.19095230102539062,0.011593882832167557,0.029087364673614502,0.033732230029708044
A7IUH2,2.89907169342041,6.907153129577637,0.4770865750321958,0.3599870204925537,0.6759604410505997,2.8078725,6.522569,0.52059567,0.41645813,0.6205978,IDP-ESM2-8M,42,288,0.09119915962219238,0.3845839500427246,0.04350909471420311,0.05647110939025879,0.05536266129977574
A7IXA4,2.4592556953430176,5.907154083251953,0.4998802634986979,0.383615642786026,0.6311799402387551,2.7189457,6.385611,0.53613883,0.4300966,0.60912424,IDP-ESM2-8M,42,288,0.2596900463104248,0.478456974029541,0.03625856907042441,0.04648095369338989,0.02205569697932519
A7J7F5,2.786444902420044,7.023102283477783,0.4946708580130246,0.365144819021225,0.6471175628706889,2.709365,6.339017,0.5284744,0.42196304,0.61477983,IDP-ESM2-8M,42,288,0.07708001136779785,0.6840853691101074,0.03380353249371981,0.056818217039108276,0.03233773289174602
A7K957,3.421844482421875,8.233570098876953,0.4694632828802144,0.3703376054763794,0.732892583484043,3.2279177,7.349482,0.49781942,0.41128963,0.7051049,IDP-ESM2-8M,42,288,0.19392681121826172,0.8840880393981934,0.028356140795322726,0.04095202684402466,0.02778769599853881
A8UP82,2.890427827835083,6.696528434753418,0.5175520577111009,0.4089689552783966,0.5965410589221127,2.897848,6.74651,0.5134856,0.4039662,0.609203,IDP-ESM2-8M,42,288,0.007420063018798828,0.04998159408569336,0.004066447226024006,0.005002766847610474,0.01266192207306549
A8UP87,2.8950634002685547,6.615225315093994,0.5068390442138119,0.4075567722320556,0.622464498490168,2.8816743,6.6901946,0.5095798,0.40209964,0.6160721,IDP-ESM2-8M,42,288,0.013389110565185547,0.07496929168701172,0.0027407335037784586,0.005457133054733221,0.006392380207849935
A8UP89,2.8319437503814697,6.474772930145264,0.5021076642120773,0.3980751931667328,0.6207076797326211,2.8986228,6.7487135,0.51297164,0.4035525,0.6098001,IDP-ESM2-8M,42,288,0.06667900085449219,0.2739405632019043,0.010863975421101402,0.005477309226989746,0.010907579406083001
A8UP92,2.805568218231201,6.4617018699646,0.4992903833509671,0.4027905166149139,0.6212093907886779,2.8806772,6.6854296,0.50789016,0.40125397,0.61815774,IDP-ESM2-8M,42,288,0.07510900497436523,0.22372770309448242,0.008599781501175241,0.0015365481376647394,0.0030516463810240646
A8UPA2,2.8132529258728027,6.422153472900391,0.4932046848496261,0.4031185805797577,0.6362490391382882,2.8979409,6.753674,0.5149875,0.404646,0.60673666,IDP-ESM2-8M,42,288,0.08468794822692871,0.33152055740356445,0.0217828434745011,0.0015274286270141602,0.02951237913462612
A9YTD9,1.5014184713363647,3.5820837020874023,0.5681758410573052,0.4593298435211181,0.5517548123609876,1.4618899,3.67246,0.57353795,0.46455967,0.5380627,IDP-ESM2-8M,42,288,0.039528608322143555,0.09037637710571289,0.005362104690070257,0.00522983074188238,0.013692120672449959
N0DQS9,1.818004131317139,4.65830659866333,0.6040542328335172,0.4553857445716858,0.501762011837546,2.1460054,5.348709,0.59151775,0.4652397,0.5234235,IDP-ESM2-8M,42,288,0.32800126075744607,0.6904025077819824,0.012536486385000378,0.009853959083557129,0.0216614810709318
O11373,1.918062448501587,4.498485565185547,0.5294722331417071,0.4387453496456146,0.5742572341914352,1.9697454,4.6746583,0.5367724,0.4276511,0.5710185,IDP-ESM2-8M,42,288,0.05168294906616211,0.17617273330688477,0.0073001371967328366,0.011094242334365845,0.003238717174070649
O11385,3.2266199588775635,7.567805290222168,0.5157842410540943,0.4151670932769775,0.6134039609877465,3.277332,7.57306,0.49959737,0.394521,0.6575358,IDP-ESM2-8M,42,288,0.05071210861206055,0.0052547454833984375,0.016186870429552025,0.02064609527587885,0.044131830409348205
O11680,3.237217426300049,7.42779541015625,0.519572427798446,0.4070121049880981,0.6248887570047492,3.1062188,7.2358837,0.5152473,0.4056453,0.6289977,IDP-ESM2-8M,42,288,0.1309986114501953,0.1919116973876953,0.004325142432387685,0.001366794109344427,0.004108926520336231
O11889,2.3396317958831787,5.421920299530029,0.5231231525349755,0.413798451423645,0.5962229969901165,2.3433363,5.5674777,0.5345876,0.42140222,0.57564265,IDP-ESM2-8M,42,288,0.003704547882080078,0.14555740356445312,0.01146446915386723,0.007603764533996582,0.020580351631077187
O12700,1.8524093627929688,4.596533298492432,0.5827343670785077,0.4518682062625885,0.5433867608928543,1.9417084,4.831951,0.57949185,0.4614289,0.5397705,IDP-ESM2-8M,42,288,0.08929908275604248,0.23541784286499023,0.003242513364518418,0.009560704231262207,0.003616276922212225
O22002,2.4434256553649902,5.7421393394470215,0.5145343008081582,0.4022242426872253,0.6197306767983363,2.5234852,5.9421897,0.5258675,0.4114968,0.600892,IDP-ESM2-8M,42,288,0.08005952835083008,0.20005035400390625,0.011333220954689693,0.009272545576095637,0.018838669447414635
O36059,2.7234809398651123,6.293643951416016,0.4987321217449015,0.3973925411701202,0.6362107417042859,2.8575413,6.6870794,0.51298803,0.39985767,0.61966044,IDP-ESM2-8M,42,288,0.13406038284301758,0.3934354782104492,0.014255909165590441,0.002465128898620661,0.01655030459719975
O36067,2.7859911918640137,6.601778030395508,0.5232691945122265,0.4108972251415252,0.5939633475401775,2.796198,6.5596104,0.5136068,0.4003098,0.61952597,IDP-ESM2-8M,42,288,0.01020669937133789,0.04216766357421875,0.009662407784321259,0.010587424039840643,0.025562621488295356
O36078,2.778292179107666,6.4395036697387695,0.5185245753518425,0.4034789204597473,0.6028630925413997,2.7293923,6.4006658,0.51544046,0.40302002,0.613884,IDP-ESM2-8M,42,288,0.04889988899230957,0.03883790969848633,0.0030841113320670965,0.0004588961601257324,0.011020879626569058
O36100,2.716831684112549,6.480745792388916,0.5115511784309363,0.3890225291252136,0.6057753660756166,2.803382,6.534172,0.5085314,0.3992003,0.6270814,IDP-ESM2-8M,42,288,0.08655023574829102,0.053426265716552734,0.003019786810300351,0.010177761316299438,0.02130602811994009
O36115,2.797132968902588,6.570660591125488,0.5197002890809002,0.4033618569374084,0.6052728930884994,2.8195307,6.6105494,0.5203013,0.4055753,0.613905,IDP-ESM2-8M,42,288,0.022397756576538086,0.039888858795166016,0.0006009933249531141,0.002213448286056574,0.008632119519075054
O36117,2.64856481552124,6.0719828605651855,0.4885609017931391,0.3880995512008667,0.6424900901302097,2.8945374,6.781933,0.514024,0.40148637,0.62492603,IDP-ESM2-8M,42,288,0.24597263336181685,0.7099499702453613,0.025463117448193906,0.013386815786361694,0.017564059494376005
O36118,2.73946475982666,6.499106407165527,0.5202985048244267,0.3980136215686798,0.5914677118308915,2.8271594,6.612993,0.51559985,0.40257803,0.61666185,IDP-ESM2-8M,42,288,0.08769464492797852,0.11388635635375977,0.004698657984521959,0.004564404487609863,0.0251941348068343
O36119,2.715069532394409,6.335072040557861,0.5110767596712151,0.4008884727954864,0.6055315376364473,2.8738744,6.714665,0.50776476,0.39687857,0.626812,IDP-ESM2-8M,42,288,0.15880489349365234,0.3795928955078125,0.0033120029916802185,0.004009902477264349,0.021280443564724583
O36121,2.657899856567383,5.793978691101074,0.4758928186310487,0.367963969707489,0.6771564949953716,2.9117472,6.8160634,0.51898426,0.40421435,0.6155864,IDP-ESM2-8M,42,288,0.2538473606109619,1.0220847129821777,0.04309143954384753,0.03625038266181946,0.061570094963328104
O36157,2.712611198425293,6.170164585113525,0.5040455968468669,0.3834456503391266,0.6224253381428988,2.8867486,6.7735825,0.51862824,0.40411556,0.6174022,IDP-ESM2-8M,42,288,0.17413735389709473,0.6034178733825684,0.014582642784785937,0.020669907331466675,0.0050231422124178415
O38492,2.1946845054626465,5.208679676055908,0.491966552090386,0.3843391537666321,0.6442149579319719,2.0763497,4.8630004,0.5177975,0.4155718,0.6214547,IDP-ESM2-8M,42,288,0.11833477020263672,0.34567928314208984,0.025830977607032235,0.03123265504837036,0.022760242203212155
O39165,1.8833106756210327,4.856054782867432,0.6414420310869035,0.4979676306247711,0.4818379836545172,1.6122825,4.1178827,0.62896645,0.51354456,0.49558523,IDP-ESM2-8M,42,288,0.27102816104888916,0.7381720542907715,0.012475580395680308,0.015576928853988647,0.013747249318581567
O39372,2.306654691696167,5.7580413818359375,0.5488038466960485,0.4284367263317108,0.560745696109861,2.3835235,5.6283793,0.5343959,0.42608026,0.59746516,IDP-ESM2-8M,42,288,0.07686877250671387,0.12966203689575195,0.014407973149448194,0.0023564696311950684,0.03671946139898907
O39937,2.718632698059082,6.273367404937744,0.508185856570985,0.3817847371101379,0.6142644816142464,2.8556547,6.6944733,0.5170995,0.40313464,0.6137086,IDP-ESM2-8M,42,288,0.1370220184326172,0.42110586166381836,0.008913643131468585,0.021349906921386774,0.000555866311206854
O39943,2.776827335357666,6.513333797454834,0.5248627374704793,0.3942384719848633,0.5894456977903075,2.8810158,6.7395797,0.5167975,0.40437236,0.6143923,IDP-ESM2-8M,42,288,0.10418844223022461,0.22624588012695312,0.008065254503102581,0.010133892297744751,0.02494658278830575
O41014,3.446550369262696,8.040975570678711,0.5649557655052255,0.4499977827072143,0.5958520606824085,3.2192662,7.5564823,0.5433519,0.43286029,0.6429656,IDP-ESM2-8M,42,288,0.22728419303894132,0.4844932556152344,0.021603876848609316,0.01713749766349787,0.047113554113276335
O41972,7.059466361999512,16.408506393432617,0.4831218267725697,0.3801096975803375,0.6810555873180898,4.829826,11.119343,0.49858057,0.3867785,0.6879777,IDP-ESM2-8M,42,288,2.229640483856201,5.289163589477539,0.01545874821674914,0.006668806076049805,0.006922084305140186
O41981,2.7708802223205566,6.579952239990234,0.5270696750246004,0.4104365408420563,0.5716922298369256,3.0998394,7.2807007,0.5336546,0.4104465,0.5764971,IDP-ESM2-8M,42,288,0.32895922660827637,0.7007484436035156,0.0065848955549283605,9.953975677490234e-06,0.004804848104968951
O55723,2.552016258239746,6.2720255851745605,0.6350779711547068,0.51401686668396,0.5209577629268997,2.329709,6.0449243,0.6635442,0.52074313,0.47096202,IDP-ESM2-8M,42,288,0.2223072052001953,0.22710132598876953,0.028466206854326437,0.006726264953613281,0.04999574515231775
O55724,2.790158748626709,7.2318115234375,0.680828318703099,0.5475515127182007,0.4926729445806806,2.7005365,7.042419,0.7138063,0.57031214,0.482425,IDP-ESM2-8M,42,288,0.08962225914001465,0.1893925666809082,0.03297795284994054,0.022760629653930664,0.010247940336829908
O70793,2.374983787536621,5.607536792755127,0.4678260167787761,0.3605358898639679,0.6977970700727202,2.3951814,5.3568273,0.46072266,0.39708665,0.7384056,IDP-ESM2-8M,42,288,0.020197629928588867,0.25070953369140625,0.007103361720869006,0.03655076026916504,0.04060851521628128
O70797,2.423988103866577,6.02216911315918,0.5263807492962909,0.3924354910850525,0.5824867284469207,2.6043162,6.079955,0.5245588,0.42249975,0.60795987,IDP-ESM2-8M,42,288,0.1803281307220459,0.057785987854003906,0.0018219667187762134,0.030064254999160767,0.025473138076821944
O73497,2.76765251159668,6.514014720916748,0.520493664255522,0.4025524258613586,0.6026742013635922,2.736309,6.417294,0.52355796,0.41074815,0.6018994,IDP-ESM2-8M,42,288,0.03134346008300826,0.09672069549560547,0.0030642967315690495,0.00819572806358343,0.000774815911321669
O90676,2.12396502494812,5.080607891082764,0.5517849301080268,0.4293421804904938,0.5539887105238901,2.0965962,5.2695055,0.6067591,0.4671023,0.45689088,IDP-ESM2-8M,42,288,0.027368783950805664,0.18889760971069336,0.054974141242070895,0.03776010870933533,0.09709782946233614
O90681,2.3446826934814453,5.803781509399414,0.5742417516908911,0.4306962490081787,0.5201047834734271,2.3127239,5.7217402,0.59487,0.45754078,0.48285538,IDP-ESM2-8M,42,288,0.031958818435668945,0.08204126358032227,0.0206282195844385,0.026844531297683716,0.03724940389197573
O90688,2.36263370513916,5.604930400848389,0.5610012999997731,0.4318245053291321,0.5476795912679248,2.3093176,5.7054157,0.5936873,0.46010134,0.49450284,IDP-ESM2-8M,42,288,0.05331611633300781,0.10048532485961914,0.03268599591392318,0.028276830911636353,0.05317674884162471
O90711,2.241362810134888,5.467430591583252,0.5749924831329487,0.4627063870429992,0.5312588836121618,2.2661808,5.353255,0.53347176,0.4232303,0.59101385,IDP-ESM2-8M,42,288,0.024817943572997603,0.11417579650878906,0.04152071999894602,0.03947609663009638,0.05975496516942391
O92312,1.9454418420791624,4.647778511047363,0.5470075111637936,0.4370087683200836,0.5526706670938683,2.0163028,4.803998,0.5334514,0.42175803,0.5866959,IDP-ESM2-8M,42,288,0.07086098194122337,0.156219482421875,0.013556132818304145,0.015250742435455322,0.03402524240625382
O92587,1.7492942810058594,4.050130844116211,0.5341268486449015,0.4315410554409027,0.5816729571564329,1.7808608,4.25261,0.54006165,0.43175918,0.5749838,IDP-ESM2-8M,42,288,0.031566500663757324,0.20247936248779297,0.00593480401546842,0.000218123197555542,0.0066891815407407185
O92588,1.9873268604278564,4.7093424797058105,0.5420780337295801,0.4272927045822143,0.580502332394892,1.9659989,4.7064314,0.5542626,0.4428937,0.5583636,IDP-ESM2-8M,42,288,0.021327972412109375,0.002911090850830078,0.012184544757816163,0.01560100913047796,0.0221387159283698
P03181,7.801437854766846,17.822874069213867,0.5184710632054842,0.4023693799972534,0.6412423768698935,4.2974443,9.893156,0.5093519,0.40121478,0.642161,IDP-ESM2-8M,42,288,3.503993511199951,7.929718017578125,0.009119154044870181,0.0011546015739440918,0.000918634825968323
P03290,3.041316032409668,7.010432243347168,0.5296787904991391,0.4239951968193054,0.5950484654383179,2.900385,6.920911,0.55806965,0.4384085,0.5536748,IDP-ESM2-8M,42,288,0.1409311294555664,0.08952140808105469,0.02839085585935086,0.014413297176361084,0.041373648353051795
P03779,1.8422763347625728,4.257915496826172,0.5382435746556905,0.4312940835952759,0.6060443480382407,1.8650625,4.644704,0.5945914,0.4763693,0.5342012,IDP-ESM2-8M,42,288,0.022786140441894975,0.38678836822509766,0.05634780450995891,0.04507520794868469,0.07184314326147678
P04487,3.873788833618164,9.448758125305176,0.5464829634649951,0.4269406795501709,0.5892513719587237,3.5155246,8.200699,0.5321804,0.41957834,0.6157509,IDP-ESM2-8M,42,288,0.3582642078399658,1.2480592727661133,0.014302534960051294,0.007362335920333862,0.026499536892899855
P06923,2.3555095195770264,5.562351226806641,0.4639584284025083,0.35980424284935,0.6892738441602555,2.2606094,5.1082463,0.4610479,0.37923044,0.7134205,IDP-ESM2-8M,42,288,0.09490013122558594,0.4541049003601074,0.0029105406003842593,0.019426196813583374,0.024146666131797723
P08804,1.842362403869629,4.114694118499756,0.4970850035596396,0.4507627189159393,0.65516586869977,1.9373381,4.612978,0.52191454,0.42627874,0.63625175,IDP-ESM2-8M,42,288,0.09497570991516113,0.49828386306762695,0.024829538161704412,0.024483978748321478,0.01891412109158519
P08807,1.7791626453399658,4.427801132202148,0.6208851924104489,0.4938208758831024,0.499291433260459,2.0310597,5.1660547,0.5980487,0.4723338,0.5095438,IDP-ESM2-8M,42,288,0.25189709663391113,0.7382535934448242,0.022836505429247755,0.02148708701133728,0.010252343251687002
P09702,3.4855518341064453,7.885212421417236,0.4871335142206597,0.370372861623764,0.6911462146795446,3.7079434,8.659128,0.52941835,0.4160462,0.6119417,IDP-ESM2-8M,42,288,0.22239160537719727,0.7739157676696777,0.042284835045392544,0.04567334055900579,0.07920451946622675
P0C724,3.0877764225006104,6.356495380401611,0.2690237342015284,0.2668067514896393,1.3375504360404693,3.3968601,7.460299,0.4094603,0.3511486,0.8624884,IDP-ESM2-8M,42,288,0.3090837001800537,1.1038036346435547,0.14043657196607412,0.0843418538570404,0.47506204702527155
P0DJX3,2.4966683387756348,6.019421577453613,0.5363203272137911,0.4279584586620331,0.5826486283965665,2.4564776,5.8177686,0.53273135,0.419603,0.6006259,IDP-ESM2-8M,42,288,0.040190696716308594,0.20165300369262695,0.0035889729771882983,0.008355468511581421,0.017977244215433008
P0DTC0,3.951259136199951,9.281071662902832,0.4924003956605507,0.3836698532104492,0.6835607162780185,3.8169894,8.9185705,0.5103059,0.3975078,0.64610183,IDP-ESM2-8M,42,288,0.13426971435546875,0.3625011444091797,0.017905485839693425,0.013837933540344238,0.03745888388818697
P10428,1.692636013031006,4.131426811218262,0.5693406691381847,0.4449512362480163,0.5477997595272098,1.7109318,4.164721,0.5691172,0.45924804,0.5598622,IDP-ESM2-8M,42,288,0.01829576492309548,0.0332942008972168,0.00022348068451039094,0.014296799898147639,0.01206243691825526
P12507,1.8348572254180908,4.342282295227051,0.5720891908037534,0.4400557279586792,0.533030128235815,1.9120716,4.624078,0.5653792,0.44734618,0.5457298,IDP-ESM2-8M,42,288,0.07721436023712158,0.2817955017089844,0.006709988437878178,0.007290452718734741,0.01269968772411545
P12508,2.0565106868743896,5.007543563842773,0.5829065126256595,0.4687983393669128,0.5291500060705756,2.0809283,4.9587827,0.546955,0.43572685,0.58227074,IDP-ESM2-8M,42,288,0.024417638778686523,0.04876089096069336,0.03595152319237094,0.033071488142013494,0.05312073539213191
P12512,1.4759122133255005,3.5130720138549805,0.5495752194059419,0.4647158682346344,0.5687539810497089,1.469521,3.5261812,0.56035095,0.4568095,0.5562498,IDP-ESM2-8M,42,288,0.006391167640686035,0.013109207153320312,0.010775735126681396,0.00790637731552124,0.012504183705501104
P17356,2.0023138523101807,4.775955677032471,0.527552741572576,0.3981465101242065,0.559348176697182,1.8739808,4.4893274,0.5556198,0.4402986,0.5405381,IDP-ESM2-8M,42,288,0.12833309173583984,0.28662824630737305,0.02806703467635585,0.04215207695961004,0.018810104111122383
P19127,3.339993953704834,7.709254264831543,0.5056678607479014,0.4252867102622986,0.6404443818588733,3.401774,7.877051,0.5116384,0.4048962,0.6289001,IDP-ESM2-8M,42,288,0.06177997589111328,0.16779661178588867,0.005970542190941397,0.02039051055908203,0.011544271137285178
P20833,1.923797607421875,4.6265153884887695,0.5567256537275351,0.439942717552185,0.5689511966585376,1.8056952,4.2926683,0.52631044,0.42968804,0.62465465,IDP-ESM2-8M,42,288,0.11810243129730225,0.3338470458984375,0.030415209849361302,0.010254681110382025,0.055703454029633837
P24649,2.6949145793914795,6.704395771026611,0.6337966209864048,0.4992745220661163,0.5084787872287062,2.7937844,7.0624695,0.6440684,0.504242,0.4737242,IDP-ESM2-8M,42,288,0.09886980056762695,0.35807371139526367,0.010271798946914323,0.004967480897903498,0.034754600808265534
P41726,2.4039831161499023,5.626138687133789,0.5846315742782301,0.4884092211723327,0.5692416159132887,2.319423,5.8569493,0.6370132,0.49705973,0.45712188,IDP-ESM2-8M,42,288,0.08456015586853027,0.23081064224243164,0.05238162266696034,0.00865051150321966,0.11211973705090772
P57017,2.179521083831787,5.330920219421387,0.5572924436035119,0.4281210303306579,0.5590778159987404,2.1699686,5.1899104,0.54708934,0.4314199,0.5817068,IDP-ESM2-8M,42,288,0.009552478790283203,0.14100980758666992,0.010203105300899629,0.003298878669738825,0.022629005919747147
P68828,3.043631076812744,7.505298614501953,0.5690040420981203,0.4347433149814605,0.549179621062971,3.2766497,7.8577666,0.5738518,0.4491588,0.54276323,IDP-ESM2-8M,42,288,0.2330186367034912,0.35246801376342773,0.004847781708642418,0.014415472745895441,0.006416387878156571
P69592,1.7679249048233032,4.2538604736328125,0.5830203972423041,0.4872871041297912,0.5417067687168436,1.8016804,4.4373045,0.5806652,0.48039174,0.54564434,IDP-ESM2-8M,42,288,0.03375554084777832,0.18344402313232422,0.0023552260959113225,0.006895363330841009,0.003937574182478865
P87543,3.8440911769866943,9.04012680053711,0.5110748860509648,0.3856273293495178,0.6448506477446102,4.015361,9.320029,0.5190747,0.40678647,0.64636046,IDP-ESM2-8M,42,288,0.17126965522766113,0.27990245819091797,0.007999792370055658,0.02115914225578308,0.001509809198901757
P87914,2.4695138931274414,5.765817642211914,0.4902140246409529,0.3815894424915313,0.6345282092942098,2.6656854,6.245936,0.5187473,0.40687582,0.60180765,IDP-ESM2-8M,42,288,0.19617152214050293,0.4801182746887207,0.02853330507096119,0.025286376476287897,0.03272055539024865
P89479,3.5908446311950684,8.289770126342773,0.4986820632671924,0.3803675174713135,0.6890502909249543,3.3923745,7.83613,0.51228565,0.4089514,0.6542399,IDP-ESM2-8M,42,288,0.1984701156616211,0.4536399841308594,0.013603586509266352,0.028583884239196777,0.03481039796535956
P89827,1.9871280193328853,4.294174671173096,0.415786137412617,0.3431975841522217,0.7982783085456022,1.994741,4.5691953,0.48086512,0.39837465,0.685817,IDP-ESM2-8M,42,288,0.007612943649292436,0.2750205993652344,0.06507898347513935,0.05517706274986267,0.11246130529548015
P89833,2.001073837280273,4.2578630447387695,0.4333157729047107,0.3700771033763885,0.7594216547928399,2.003303,4.5938473,0.4818451,0.3964815,0.6811798,IDP-ESM2-8M,42,288,0.0022292137146000535,0.3359842300415039,0.04852933775012025,0.026404410600662287,0.0782418333015984
P89841,2.2659146785736084,5.32509708404541,0.521724627937672,0.402962177991867,0.5980748508744105,2.312444,5.394206,0.51761216,0.41136917,0.6140094,IDP-ESM2-8M,42,288,0.046529293060302734,0.06910896301269531,0.004112468685505299,0.008406996726989802,0.015934529466165692
P89878,1.4467779397964478,3.422703742980957,0.5638289331881057,0.4612283706665039,0.5367473355978593,1.5995717,3.8481512,0.5650015,0.45443565,0.5475499,IDP-ESM2-8M,42,288,0.1527937650680542,0.4254474639892578,0.0011725545438279195,0.006792724132537842,0.010802567794932494
Q00DY4,1.981306791305542,4.482170104980469,0.4782618359846806,0.3721905052661896,0.6655057620678477,2.1287162,4.976559,0.5159266,0.41521707,0.612277,IDP-ESM2-8M,42,288,0.14740943908691406,0.49438905715942383,0.03766476351788289,0.04302656650543213,0.053228790727668285
Q03873,2.7764337062835693,6.527251720428467,0.6173343332431248,0.5130255222320557,0.5226827501639943,2.7326322,6.727636,0.5664863,0.4606892,0.6057543,IDP-ESM2-8M,42,288,0.04380154609680176,0.20038414001464844,0.05084803420519146,0.05233633518218994,0.08307156568912455
Q04247,1.4747657775878906,3.405008554458618,0.5502152222451263,0.4601647853851318,0.5675447526483338,1.3863521,3.3281407,0.5406606,0.43661314,0.5719771,IDP-ESM2-8M,42,288,0.08841371536254883,0.07686781883239746,0.009554602509408539,0.023551642894744818,0.004432326266308517
Q04259,1.7129335403442385,4.138900279998779,0.5617874790281298,0.4546024799346924,0.5480361347695694,1.7305231,4.152588,0.53913385,0.4280273,0.5657114,IDP-ESM2-8M,42,288,0.017589569091796653,0.013687610626220703,0.022653632268333612,0.026575177907943726,0.017675244281639135
Q04397,5.538411140441895,12.514174461364746,0.5011488732425512,0.3918117582798004,0.6583283615821379,4.2574873,9.797108,0.51431936,0.4038053,0.6448768,IDP-ESM2-8M,42,288,1.28092384338379,2.717066764831543,0.013170487013643872,0.01199352741241455,0.013451583456374983
Q04405,1.987066626548767,4.752363204956055,0.5523844773408993,0.4402256906032562,0.5745016304630886,1.8030419,4.2952414,0.5429379,0.43595472,0.5846006,IDP-ESM2-8M,42,288,0.18402469158172607,0.4571218490600586,0.009446602546893001,0.004270970821380615,0.01009899695924421
Q04420,1.804393649101257,4.385646343231201,0.5434539577513996,0.4255233407020569,0.5695099905096732,1.7413172,4.190362,0.5457375,0.4341043,0.5705327,IDP-ESM2-8M,42,288,0.06307649612426736,0.19528436660766602,0.0022835472077068486,0.008580952882766724,0.001022689048127079
Q05293,2.0246331691741943,4.941482067108154,0.5980836712128972,0.4683927297592163,0.5375360003303331,1.792151,4.3389683,0.5635713,0.46580857,0.58931106,IDP-ESM2-8M,42,288,0.2324821949005127,0.6025137901306152,0.03451239693234909,0.0025841593742370605,0.051775062959309226
Q06E77,1.854733943939209,4.365798473358154,0.5838523713823472,0.4624294638633728,0.5603017213823724,1.699888,4.2064285,0.593205,0.47825235,0.55910903,IDP-ESM2-8M,42,288,0.1548459529876709,0.15936994552612305,0.009352603745826582,0.015822887420654297,0.0011926892282891899
Q06IZ2,1.4492355585098269,3.321863174438477,0.5147426845504037,0.4332563281059265,0.5894274399363884,1.532889,3.6739857,0.5429265,0.4349881,0.56524956,IDP-ESM2-8M,42,288,0.08365345001220681,0.3521225452423091,0.02818380575645052,0.001731783151626587,0.024177877672899584
Q08IT9,1.4411578178405762,3.3729867935180664,0.509048623719727,0.4024997353553772,0.5955077190788265,1.5068786,3.5774317,0.53556836,0.43037403,0.5831742,IDP-ESM2-8M,42,288,0.06572079658508301,0.20444488525390625,0.026519732794250017,0.027874290943145752,0.012333490410613601
Q08IU0,1.444392204284668,3.49847412109375,0.5660923727783943,0.442360520362854,0.5126923892978567,1.4248321,3.3818238,0.5348988,0.43264395,0.5678208,IDP-ESM2-8M,42,288,0.01956009864807129,0.11665034294128418,0.031193555239179216,0.009716570377349854,0.055128398131952916
Q08IU3,1.5200903415679932,3.6444058418273926,0.567750981560735,0.4566493928432464,0.5376499865041082,1.5082115,3.6048932,0.5405676,0.43475008,0.5788875,IDP-ESM2-8M,42,288,0.0118788480758667,0.03951263427734375,0.027183404675511613,0.021899312734603826,0.04123753571650335
Q08IW3,1.5311752557754517,3.7812225818634033,0.5790336414715681,0.4715192317962646,0.5251971881941605,1.5295448,3.6412795,0.5427698,0.43653342,0.57392377,IDP-ESM2-8M,42,288,0.0016304254531860352,0.13994312286376953,0.03626385177582836,0.034985810518264715,0.04872657841884609
Q08IW4,1.430708885192871,3.429335355758667,0.5114474024707172,0.3964540958404541,0.586782599360575,1.4100631,3.3787189,0.5418505,0.43507147,0.560223,IDP-ESM2-8M,42,288,0.020645737648010254,0.05061650276184082,0.030403104788651714,0.03861737251281738,0.026559616000284447
Q08IW8,1.480188250541687,3.581801176071167,0.5568537900940281,0.4451844692230224,0.5376721612596965,1.4647284,3.5057645,0.54091364,0.43351012,0.5617419,IDP-ESM2-8M,42,288,0.015459895133972168,0.07603669166564941,0.015940148641238827,0.011674344539642278,0.024069727263405283
Q08IX5,1.488354206085205,3.568007469177246,0.5467633540475954,0.4509702324867248,0.5554559630002863,1.5029659,3.5964417,0.5442034,0.4372258,0.57077605,IDP-ESM2-8M,42,288,0.01461172103881836,0.028434276580810547,0.00255995343571791,0.013744443655013983,0.01532008232213189
Q08J01,1.475874900817871,3.399479866027832,0.5274259615787502,0.4121314287185669,0.5816675910927179,1.4951372,3.5624306,0.5406608,0.4353051,0.5717615,IDP-ESM2-8M,42,288,0.019262313842773438,0.16295075416564941,0.013234836970901886,0.023173660039901733,0.009906102178228182
Q08J02,1.4333645105361938,3.358404874801636,0.5234087668903281,0.4139968156814575,0.5694095726650054,1.509422,3.5928612,0.5434849,0.43731928,0.5580718,IDP-ESM2-8M,42,288,0.07605743408203125,0.2344563007354732,0.02007615933342677,0.023322463035583496,0.011337780539303455
Q0GGW6,4.268332958221436,9.731287002563477,0.5320749332760479,0.4259829521179199,0.6087855333254246,3.7451286,8.752555,0.538465,0.42116705,0.6143362,IDP-ESM2-8M,42,288,0.5232043266296396,0.9787321090698242,0.00639008976472355,0.004815906286239624,0.005550659282455017
Q0GYC4,2.349748134613037,5.700589656829834,0.6077513674746718,0.4825935363769531,0.5357580612993927,2.333729,5.914278,0.60468537,0.48361814,0.5231389,IDP-ESM2-8M,42,288,0.016019105911254883,0.21368837356567383,0.003066001320954803,0.0010246038436889648,0.012619180569717448
Q0IL14,4.121105670928955,10.174616813659668,0.6423737958008554,0.5068939328193665,0.5290644752794177,4.1551666,10.222923,0.63960004,0.5016182,0.52530164,IDP-ESM2-8M,42,288,0.03406095504760742,0.04830646514892578,0.0027737572724130244,0.005275726318359375,0.003762840014067348
Q0IL90,2.582193374633789,6.172640323638916,0.5222973772753531,0.4012844860553741,0.6095466163620553,2.5943732,6.0853276,0.527177,0.4167331,0.6093348,IDP-ESM2-8M,42,288,0.012179851531982422,0.08731269836425781,0.004879598928565376,0.015448600053787287,0.000211789892633929
Q0NQ56,2.1244351863861084,5.066201686859131,0.539750785253557,0.4158749282360077,0.5463011142465328,1.9914365,4.7668667,0.55271554,0.43561253,0.5387139,IDP-ESM2-8M,42,288,0.13299870491027832,0.2993350028991699,0.012964754678693957,0.019737601280212402,0.007587241813824086
Q0PEK1,2.4944424629211426,5.841325283050537,0.5274274833320578,0.4118517935276031,0.5967398622578345,2.162046,5.0060287,0.5049707,0.40506873,0.62926054,IDP-ESM2-8M,42,288,0.3323965072631836,0.835296630859375,0.0224567539810141,0.006783068180084173,0.032520677750710436
Q0PF77,2.5402991771698,5.983981132507324,0.5302431310270364,0.4108685255050659,0.5863431274818676,2.5222595,5.8851113,0.5138762,0.4065069,0.6162319,IDP-ESM2-8M,42,288,0.018039703369140625,0.09886980056762695,0.016366931304746313,0.004361629486083984,0.029888790853093372
Q0PF82,2.4923763275146484,5.854546070098877,0.512095850729105,0.3900838196277618,0.6136641964754829,2.6039581,6.1353745,0.52676755,0.41305664,0.59973514,IDP-ESM2-8M,42,288,0.11158180236816406,0.28082847595214844,0.014671701169851281,0.02297282218933111,0.013929055675006796
Q0PF92,2.434767484664917,5.5943284034729,0.5058866676225746,0.381855696439743,0.6137088618865718,2.4991047,5.8260727,0.5109098,0.40550172,0.6208968,IDP-ESM2-8M,42,288,0.06433725357055664,0.23174428939819336,0.005023128138533783,0.02364602684974676,0.007187954367090299
Q0PFA4,2.534907817840576,6.176678657531738,0.5385214038099401,0.4185672700405121,0.5678006302613128,2.5052025,5.848223,0.51187074,0.40605292,0.6236373,IDP-ESM2-8M,42,288,0.029705286026000977,0.32845544815063477,0.026650661965762823,0.012514352798461914,0.05583668834983224
Q0PFA9,2.56013560295105,6.051939487457275,0.5367344448694223,0.419544905424118,0.5769401983346977,2.4366724,5.7348437,0.5196639,0.40739805,0.60258,IDP-ESM2-8M,42,288,0.12346315383911133,0.3170957565307617,0.0170705745347971,0.012146860361099188,0.02563981255626302
Q0QZD2,2.103668212890625,5.244091987609863,0.6206257338756918,0.4838516116142273,0.5011011581729037,1.9577937,4.9609175,0.61576736,0.48657167,0.505737,IDP-ESM2-8M,42,288,0.1458745002746582,0.2831745147705078,0.004858374142110211,0.002720057964324951,0.004635848491372441
Q0QZH2,1.963032960891724,4.365105152130127,0.4517318498059576,0.3610191643238067,0.6873885986336025,1.9887061,4.617188,0.47156006,0.3812723,0.6730529,IDP-ESM2-8M,42,288,0.025673151016234907,0.25208282470703125,0.019828211171978194,0.02025312185287481,0.014335691643551196
Q0WY62,1.58040452003479,3.7292847633361816,0.5819564842742678,0.4659711718559265,0.5192647666662901,1.6517129,4.0115585,0.56328607,0.45008373,0.55241925,IDP-ESM2-8M,42,288,0.07130837440490723,0.2822737693786621,0.018670418218969975,0.015887439250946045,0.03315447857678244
Q102Z0,1.4730108976364136,3.380956649780273,0.5012105997806835,0.4196140170097351,0.610515191637908,1.5807642,3.7513795,0.5419617,0.43554989,0.5804258,IDP-ESM2-8M,42,288,0.10775327682495117,0.37042284011840865,0.04075112974583628,0.01593586802482605,0.030089392744933163
Q102Z1,1.598821759223938,4.022914409637451,0.6013478952502689,0.4759924411773681,0.5077669000616604,1.5803725,3.77941,0.54516107,0.43817565,0.58046794,IDP-ESM2-8M,42,288,0.01844930648803711,0.24350452423095703,0.05618682681078524,0.03781679272651667,0.07270103931517069
Q102Z2,1.5412405729293823,3.6399543285369873,0.5613827568997354,0.4497367143630981,0.5446174428578057,1.5034689,3.6141384,0.5461943,0.43973857,0.5722827,IDP-ESM2-8M,42,288,0.03777170181274414,0.025815963745117188,0.015188441943070341,0.009998142719268743,0.027665229070600095
Q102Z3,1.5034748315811155,3.599117517471313,0.5324773235279114,0.4259952306747436,0.5737826022325047,1.7035699,4.0220833,0.5358393,0.4289985,0.5893156,IDP-ESM2-8M,42,288,0.20009505748748802,0.4229657649993901,0.0033619957012145374,0.0030032694339752752,0.015532991010140607
Q102Z5,1.5585781335830688,3.861755132675171,0.5636286123551473,0.4561011493206024,0.5463870549273523,1.5776081,3.792404,0.55976564,0.44842532,0.55112416,IDP-ESM2-8M,42,288,0.019029974937438965,0.0693511962890625,0.0038629754342183187,0.007675826549530029,0.004737100594040533
Q102Z6,1.5298689603805542,3.644047737121582,0.5477507991094968,0.4365560114383697,0.5612794414382537,1.7367113,4.074154,0.53249574,0.4296089,0.5941798,IDP-ESM2-8M,42,288,0.206842303276062,0.43010616302490234,0.015255062033691091,0.006947100162506048,0.03290036765522164
Q102Z7,1.535591721534729,3.74449634552002,0.5562967050647788,0.4496173858642578,0.550511664147623,1.5828876,3.7893488,0.5482872,0.43938333,0.56568164,IDP-ESM2-8M,42,288,0.04729592800140381,0.044852495193481,0.008009492216115466,0.010234057903289795,0.015169972185842595
Q102Z8,1.558835744857788,3.808799982070923,0.5717904071269277,0.4492217898368835,0.5362969779054801,1.6444777,3.9342532,0.5477109,0.43576366,0.5655802,IDP-ESM2-8M,42,288,0.08564198017120361,0.12545323371887207,0.02407951158859767,0.013458132743835394,0.029283211322577718
Q102Z9,1.4924843311309814,3.616840124130249,0.5403118596497302,0.4373193681240082,0.5570049346532655,1.5287614,3.628431,0.53663105,0.43334723,0.57855463,IDP-ESM2-8M,42,288,0.036277055740356445,0.011590957641601562,0.0036808119240526738,0.003972142934799194,0.02154969562627551
Q103A0,1.4968913793563845,3.674694776535034,0.5526186356777812,0.4267133474349975,0.5417310798591792,1.5333248,3.6506658,0.53641725,0.43003806,0.5820143,IDP-ESM2-8M,42,288,0.03643345832824685,0.024029016494750977,0.01620138981291308,0.003324717283248957,0.04028324242170456
Q103A1,1.5555710792541504,3.8246893882751465,0.5818607402755133,0.4596933424472809,0.5208407095861158,1.5437975,3.74704,0.56001186,0.44642097,0.5394433,IDP-ESM2-8M,42,288,0.01177358627319336,0.07764935493469238,0.021848876567017173,0.013272374868392944,0.018602604489354135
Q103A2,1.5185608863830566,3.713590145111084,0.5694461568483749,0.444038838148117,0.5249810172468844,1.6141942,3.8559773,0.5443413,0.43512052,0.56987906,IDP-ESM2-8M,42,288,0.09563326835632324,0.14238715171813965,0.025104831088487156,0.008918315172195379,0.04489803777630896
Q103A3,1.4550824165344238,3.4454331398010254,0.5370391126009421,0.4212683737277984,0.5690873696099884,1.5053376,3.5878837,0.5460844,0.4405546,0.5701242,IDP-ESM2-8M,42,288,0.0502551794052124,0.14245057106018066,0.00904529139075716,0.019286215305328425,0.0010368393171661383
Q103A4,1.4673254489898682,3.594776630401612,0.5639279684643427,0.4471259415149688,0.533891334554564,1.3898265,3.4020698,0.5616576,0.4484998,0.5414585,IDP-ESM2-8M,42,288,0.0774989128112793,0.1927068233489999,0.002270360908953273,0.0013738572597504217,0.007567152956117207
Q103A5,1.484471321105957,3.5939016342163086,0.5640742311024866,0.4410243928432464,0.5404052125464568,1.4958137,3.5931854,0.54006153,0.4325348,0.57137597,IDP-ESM2-8M,42,288,0.011342406272888184,0.0007162094116210938,0.024012697651406234,0.008489578962325994,0.030970753525625727
Q103A6,1.3989858627319336,3.259998083114624,0.5432211736110955,0.4445037841796875,0.5472376725856521,1.4376419,3.453219,0.547453,0.43704742,0.5583849,IDP-ESM2-8M,42,288,0.038655996322631836,0.193220853805542,0.004231812629291509,0.007456362247467041,0.011147222739054885
Q103A7,1.454308271408081,3.616644859313965,0.5542699111718136,0.4295027256011963,0.5427738697120204,1.372233,3.3587914,0.56210244,0.45136723,0.55519325,IDP-ESM2-8M,42,288,0.08207523822784424,0.25785350799560547,0.007832525847534577,0.021864503622055054,0.012419375698898838
Q103A8,1.4431759119033811,3.403409481048584,0.5231156632900862,0.4235058724880218,0.5843671110329892,1.4958338,3.5501118,0.5404471,0.43507993,0.575963,IDP-ESM2-8M,42,288,0.05265784263610862,0.14670228958129883,0.01733145260804614,0.011574059724807795,0.008404090708282186
Q103A9,1.4485522508621216,3.454587936401367,0.5391760660088117,0.4387040436267853,0.5728242766379174,1.454736,3.4659486,0.53991175,0.4358693,0.5779585,IDP-ESM2-8M,42,288,0.006183743476867676,0.011360645294189453,0.0007356809699480271,0.0028347373008728027,0.005134247589224983
Q107X9,2.7953600883483887,6.672722339630127,0.513658530629949,0.3956679403781891,0.6053174094712455,2.7322586,6.1482882,0.4492712,0.3736907,0.7548672,IDP-ESM2-8M,42,288,0.06310153007507324,0.5244340896606445,0.0643873285425467,0.021977245807647705,0.1495497866118234
Q14UX9,1.8550944328308103,4.549188613891602,0.596516355403264,0.4770860970020294,0.514448549552615,1.7860819,4.339761,0.5438075,0.43661278,0.5761558,IDP-ESM2-8M,42,288,0.06901252269744851,0.2094278335571289,0.05270884884198468,0.04047331213951111,0.06170723219329566
Q14UY3,1.806279301643372,4.348877906799316,0.5701912275264702,0.4384148120880127,0.5342432995038511,1.787261,4.329773,0.53464305,0.43062344,0.5861007,IDP-ESM2-8M,42,288,0.019018292427063432,0.019104957580566406,0.03554817351798634,0.007791370153427124,0.05185739801354394
Q152W2,1.3127521276474,2.6607329845428467,0.3212155854639897,0.3128917217254638,0.8633117295026935,1.5881138,3.7506456,0.50931823,0.4104619,0.60952705,IDP-ESM2-8M,42,288,0.27536165714263916,1.0899126529693604,0.1881026470723262,0.09757018089294439,0.2537846780538715
Q159G2,1.8590102195739744,4.515741348266602,0.5400460050759894,0.4141211807727813,0.5397402158484819,1.8542595,4.532819,0.56507176,0.43630198,0.51102364,IDP-ESM2-8M,42,288,0.004750728607177512,0.01707744598388672,0.025025756532134347,0.02218079566955572,0.02871657521585247
Q159G5,2.2884421348571777,5.416825771331787,0.5248404847106284,0.3984697461128235,0.5722742491049684,2.2679007,5.405923,0.5444475,0.42413422,0.5511355,IDP-ESM2-8M,42,288,0.02054142951965332,0.010902881622314453,0.01960699692160428,0.025664478540420532,0.021138768701068233
Q159M3,1.5697402954101562,3.6952507495880127,0.5071048291047877,0.4123480916023254,0.5860706094774961,1.6238048,3.9224613,0.53719485,0.42300418,0.54842204,IDP-ESM2-8M,42,288,0.05406451225280762,0.22721052169799805,0.030090018955820197,0.010656088590622004,0.037648570922350855
Q19B12,2.174475908279419,5.36075496673584,0.5596617477448478,0.4352878630161285,0.5584489212618919,2.1214678,5.0935717,0.5379802,0.43548658,0.61261153,IDP-ESM2-8M,42,288,0.053008079528808594,0.2671833038330078,0.021681548884679325,0.00019872188568120785,0.05416261094941177
Q19B37,1.783724665641785,4.554894924163818,0.622895319349886,0.493202805519104,0.496832902962472,1.7211646,4.2914505,0.5882296,0.47673804,0.5397335,IDP-ESM2-8M,42,288,0.06256008148193382,0.2634444236755371,0.03466572273504831,0.01646476984024048,0.042900626128409336
Q19CE6,1.8568707704544067,4.406358242034912,0.5895819049346794,0.4968056082725525,0.5409973538478305,1.7981551,4.3673196,0.55997574,0.45324567,0.5862478,IDP-ESM2-8M,42,288,0.05871570110321045,0.039038658142089844,0.029606161640917228,0.04355993866920471,0.04525044793287014
Q19CW0,1.6237778663635254,4.0471601486206055,0.5705349963512536,0.4715500175952911,0.5597371628318766,1.6712298,4.0558276,0.55617326,0.4494586,0.56592137,IDP-ESM2-8M,42,288,0.04745197296142578,0.008667469024658203,0.014361731370937436,0.02209141850471491,0.006184203382875619
Q19D16,1.5297147035598757,3.83386754989624,0.5920473515099955,0.4663025736808777,0.5177268994780705,1.5912257,3.951559,0.58770907,0.4723149,0.53536403,IDP-ESM2-8M,42,288,0.0615110397338865,0.11769151687622115,0.004338282257981385,0.006012320518493652,0.01763713231361652
Q19NX3,2.350924491882324,5.377386569976807,0.4658867003408443,0.4005587100982666,0.6595310065565126,2.0507767,4.608231,0.43853617,0.36021227,0.7216169,IDP-ESM2-8M,42,288,0.30014777183532715,0.7691555023193359,0.027350533196068894,0.04034644365310669,0.06208591725253887
Q19UQ1,2.2529304027557373,5.60733699798584,0.622439355444313,0.4902578592300415,0.5077926651311658,2.381387,6.0601273,0.62540543,0.49363223,0.5155672,IDP-ESM2-8M,42,288,0.12845659255981445,0.4527902603149414,0.0029660753494492598,0.0033743679523468018,0.007774518363402039
Q19XC2,2.024806261062622,4.956587791442871,0.5890798409246335,0.4696464538574219,0.5372307986441434,1.899112,4.719737,0.5952465,0.47409147,0.5251585,IDP-ESM2-8M,42,288,0.12569427490234375,0.23685073852539062,0.00616665289174223,0.004445016384124756,0.01207227413089873
Q19XF8,1.7709650993347168,4.20074987411499,0.545382282230877,0.4349663853645324,0.5963104985392907,1.8630055,4.5807323,0.5772087,0.46208006,0.54054,IDP-ESM2-8M,42,288,0.09204041957855225,0.37998247146606445,0.031826415564990884,0.027113676071167048,0.05577051860459836
Q19XJ8,1.4069230556488037,3.3147966861724854,0.5250041181076148,0.4338554143905639,0.5770094930070119,1.4814137,3.487967,0.51295155,0.4159942,0.6082567,IDP-ESM2-8M,42,288,0.07449066638946533,0.1731703281402588,0.012052565239725421,0.017861217260360662,0.031247204647712246
Q19XN7,1.648744821548462,3.904077053070069,0.5820075744954974,0.4826914072036743,0.532008023046974,1.6814904,4.0358143,0.5412179,0.44102523,0.5905597,IDP-ESM2-8M,42,288,0.0327455997467041,0.1317372322082515,0.04078965133112977,0.041666179895401,0.05855169794606796
Q19XV8,2.282271385192871,5.539414882659912,0.5805210851853553,0.4580847918987274,0.5551135632039726,2.1587515,5.1631665,0.54663634,0.43160522,0.60246825,IDP-ESM2-8M,42,288,0.1235198974609375,0.3762483596801758,0.03388474218303594,0.026479572057724,0.04735468897803419
Q19XW1,2.4468979835510254,6.427166938781738,0.6514922662367775,0.5061692595481873,0.4907104670199425,2.7736022,7.1931844,0.67748386,0.53440285,0.4543637,IDP-ESM2-8M,42,288,0.3267042636871338,0.7660174369812012,0.02599159044123156,0.028233587741851807,0.03634676329222031
Q19YI2,1.4274100065231323,3.484848022460937,0.5742867083100056,0.4409659206867218,0.5155696470601085,1.5943364,3.9349906,0.5715563,0.45127785,0.52879906,IDP-ESM2-8M,42,288,0.16692638397216797,0.450142621994019,0.00273037858283276,0.010311931371688843,0.013229409946727388
Q19YS5,2.6063342094421387,6.632832050323486,0.6341925605283152,0.4918831586837768,0.5059683680108435,2.5114634,6.269426,0.6234062,0.4998213,0.54423386,IDP-ESM2-8M,42,288,0.09487080574035645,0.3634061813354492,0.010786388729609131,0.007938146591186579,0.038265490574514116
Q19YU1,1.8697906732559204,4.23537015914917,0.5121694662510625,0.4093168675899505,0.6039951206160996,1.8067131,4.332568,0.5394214,0.42700475,0.5774837,IDP-ESM2-8M,42,288,0.06307756900787354,0.0971980094909668,0.027251913315130105,0.017687886953353937,0.02651140698923804
Q19Z22,3.704726934432984,9.222057342529297,0.6187176914384495,0.4805075824260711,0.4988626919955566,3.4718437,8.498316,0.61950487,0.4785443,0.501791,IDP-ESM2-8M,42,288,0.23288321495056197,0.7237415313720703,0.0007871775457729546,0.0019632875919341486,0.002928308370654331
Q19ZG3,2.0464768409729004,4.808404922485352,0.5115072206597825,0.4124198257923126,0.6359024386639471,2.089941,4.9042788,0.5195916,0.4195466,0.62163866,IDP-ESM2-8M,42,288,0.04346418380737305,0.09587383270263672,0.00808440884537498,0.0071267783641815186,0.014263783001410513
Q1A0D0,1.9708465337753296,4.651866436004639,0.5728552619225741,0.4545767307281494,0.5645373083332843,1.9093752,4.6674566,0.5816492,0.46222475,0.5256737,IDP-ESM2-8M,42,288,0.06147134304046631,0.015590190887451172,0.008793922304415669,0.00764802098274231,0.038863620875245974
Q1A4M9,2.430206775665283,5.927097797393799,0.6128670590580308,0.4915747046470642,0.5327275154138393,2.284999,5.8444996,0.6518531,0.50858265,0.43732703,IDP-ESM2-8M,42,288,0.14520788192749023,0.08259820938110352,0.038986025506178135,0.017007946968078613,0.09540048809297752
Q1A4P9,2.448103666305542,4.9207844734191895,0.3402326524143987,0.2972409427165985,0.9621841871345466,3.217464,7.3782125,0.48522693,0.38530707,0.69775075,IDP-ESM2-8M,42,288,0.7693603038787842,2.457427978515625,0.14499427677337595,0.08806613087654114,0.26443343993071966
Q1EGY8,3.269702672958374,7.510533332824707,0.5957330431938855,0.4930092096328735,0.5327828307912792,3.1562238,7.6760254,0.6007707,0.46542266,0.50243086,IDP-ESM2-8M,42,288,0.1134788990020752,0.16549205780029297,0.0050376687049181745,0.027586549520492498,0.030351974563404438
Q1EGZ1,3.50265908241272,8.368003845214844,0.6081270838752398,0.4656322598457336,0.5312321827421518,3.3472784,8.149238,0.60469073,0.468212,0.50861204,IDP-ESM2-8M,42,288,0.15538072586059615,0.2187662124633789,0.0034363533034930116,0.002579748630523737,0.022620146037134692
Q1EGZ2,3.5677261352539062,8.523309707641602,0.6048565308640351,0.4830313920974731,0.5148758600549987,3.2796123,7.9211707,0.584332,0.45267865,0.53443736,IDP-ESM2-8M,42,288,0.2881138324737549,0.6021389961242676,0.020524541575705046,0.0303527414798736,0.019561498324365267
Q1EH05,4.234612941741943,9.963418006896973,0.6059907247576853,0.4933987557888031,0.5486524154209474,3.8200567,9.160124,0.59095824,0.4598827,0.5474689,IDP-ESM2-8M,42,288,0.41455626487731934,0.8032941818237305,0.015032487109675086,0.0335160493850708,0.0011835147404054558
Q1EH28,3.3284735679626465,7.830849647521973,0.5885507688685447,0.4701600670814514,0.5423447409307421,3.15707,7.6713247,0.59706324,0.46278158,0.5102207,IDP-ESM2-8M,42,288,0.1714036464691162,0.15952491760253906,0.0085124745205849,0.007378488779067993,0.032124034467882034
Q1EH30,3.3954668045043945,8.240618705749512,0.6102478161335968,0.4851304590702057,0.5094329624232588,3.2167563,7.8474836,0.5995344,0.4645437,0.516933,IDP-ESM2-8M,42,288,0.1787104606628418,0.39313507080078125,0.01071342377672424,0.020586758852005005,0.007500061506337197
Q1EH36,3.4533562660217285,8.314990997314453,0.6040108208820667,0.4822995066642761,0.5306661701585954,3.287693,8.019576,0.6098478,0.47125918,0.49986935,IDP-ESM2-8M,42,288,0.1656632423400879,0.29541492462158203,0.005836963160291697,0.011040329933166504,0.030796823539943063
Q1EH45,4.13419246673584,9.882376670837402,0.6163101294386457,0.4990561604499817,0.5396498574426172,3.831948,9.285066,0.61005795,0.47229943,0.5170786,IDP-ESM2-8M,42,288,0.3022444248199463,0.5973110198974609,0.006252179418809289,0.026756733655929565,0.022571278970479725
Q1EH47,4.671565532684326,11.001267433166504,0.6058454311883538,0.4773964583873749,0.5769506835871481,3.9843264,9.637271,0.61118734,0.47031677,0.512182,IDP-ESM2-8M,42,288,0.6872391700744629,1.3639965057373047,0.0053419076406867605,0.00707969069480896,0.06476868628795374
Q1EH77,3.77059817314148,9.097317695617676,0.6088635879899524,0.4730525910854339,0.5334824139089728,3.512164,8.493388,0.59618366,0.46065667,0.52902746,IDP-ESM2-8M,42,288,0.2584340572357182,0.6039295196533203,0.012679930343773238,0.012395918369293157,0.00445495190335754
Q1KWA0,2.258706569671631,5.242715835571289,0.5067283944385722,0.3933621346950531,0.6283106680339253,2.3003316,5.3599057,0.519269,0.41688243,0.61423475,IDP-ESM2-8M,42,288,0.041625022888183594,0.11718988418579102,0.012540595124416076,0.023520290851593018,0.0140759225314534
Q1MWN9,3.750386953353882,8.848065376281738,0.546023476297852,0.4309362471103668,0.6016073083960024,3.3743002,7.897395,0.53588945,0.43026528,0.61237514,IDP-ESM2-8M,42,288,0.3760867118835449,0.9506702423095703,0.010134029562469893,0.0006709694862365723,0.010767831794122107
Q1WIU5,2.4744577407836914,5.710200786590576,0.5223457723500026,0.392260193824768,0.6123711198928344,2.4254038,5.6933565,0.52884746,0.42233637,0.61781293,IDP-ESM2-8M,42,288,0.04905390739440918,0.01684427261352539,0.006501683628390986,0.0300761759281159,0.005441811644793737
Q1WIU7,2.461853742599488,5.614769458770752,0.5060742455181342,0.3977030217647552,0.6391122762014366,2.41897,5.646667,0.5164768,0.41406283,0.6356705,IDP-ESM2-8M,42,288,0.04288363456726163,0.031897544860839844,0.010402564460350927,0.01635980606079107,0.0034417930891014192
Q1XDV1,1.409248948097229,3.32990837097168,0.5396944941969353,0.4342066645622253,0.5562635974643587,1.4984411,3.6666458,0.5612623,0.4454475,0.5361121,IDP-ESM2-8M,42,288,0.08919215202331543,0.3367373943328853,0.021567815354303743,0.011240839958190973,0.020151467776095777
Q1ZYP5,1.912101149559021,4.178842067718506,0.5149410703041681,0.4223724603652954,0.6129032237147127,1.908143,4.6234727,0.5549543,0.44124693,0.5666128,IDP-ESM2-8M,42,288,0.00395810604095459,0.44463062286376953,0.04001322008584651,0.01887446641921997,0.046290443620566
Q20BU0,1.637736201286316,3.921330451965332,0.542580077515955,0.4268155694007873,0.5457289761498756,1.6125783,3.9017138,0.5488984,0.4340397,0.54909515,IDP-ESM2-8M,42,288,0.025157928466796875,0.01961660385131836,0.006318321360235135,0.007224142551422175,0.0033661776587181613
Q20BW6,1.8955235481262207,4.497079372406006,0.5322893854172742,0.4068708121776581,0.5637930256561585,1.8352921,4.409535,0.54494053,0.42984954,0.56256795,IDP-ESM2-8M,42,288,0.06023144721984863,0.08754444122314453,0.012651145836540478,0.02297872304916382,0.0012250763611145743
Q20HY6,3.5831427574157715,8.218886375427246,0.5358496820365779,0.4306556582450866,0.5925763686741647,3.1987114,7.440863,0.5221797,0.4150493,0.62798303,IDP-ESM2-8M,42,288,0.3844313621520996,0.7780232429504395,0.013669959250628194,0.015606343746185247,0.03540666498290923
Q27Q61,1.9488945007324217,4.336399078369141,0.524668818618562,0.4250971972942352,0.5998260469823943,1.9549255,4.6489,0.5364124,0.4298789,0.59465605,IDP-ESM2-8M,42,288,0.006031036376953347,0.3125009536743164,0.011743599270079397,0.004781693220138605,0.005169996777163566
Q27Q66,1.786293625831604,3.558411836624145,0.4181344565721599,0.359013944864273,0.7605897923593936,1.8186026,4.240787,0.5058297,0.41077018,0.6340638,IDP-ESM2-8M,42,288,0.03230893611907959,0.6823751926422124,0.08769523531474194,0.05175623297691351,0.12652601205162384
Q27Q71,1.9098670482635496,4.4336676597595215,0.536167599966196,0.421117752790451,0.5731870276991052,1.963686,4.699639,0.5465294,0.4354981,0.58001274,IDP-ESM2-8M,42,288,0.05381894111633323,0.26597118377685547,0.010361812303396278,0.014380335807800348,0.006825711005576163
Q27Q76,1.8700246810913088,4.203438758850098,0.5103343305651784,0.4156344532966614,0.6074521250012261,1.8679227,4.423076,0.5311771,0.42677614,0.6008267,IDP-ESM2-8M,42,288,0.002102017402649148,0.21963739395141602,0.02084277295426129,0.011141687631607056,0.006625444340978337
Q27Q84,1.5754390954971311,3.8431708812713614,0.5960256217577756,0.4767558574676513,0.5069113618354358,1.7224185,4.2007785,0.55477667,0.43796626,0.54821956,IDP-ESM2-8M,42,288,0.14697945117950462,0.357607603073121,0.04124895320919164,0.03878960013389582,0.041308199741407425
Q287B2,2.225441694259644,5.139829158782959,0.5171510126868253,0.3892217576503753,0.6030128626506004,2.3128023,5.40944,0.515687,0.41131756,0.61858726,IDP-ESM2-8M,42,288,0.08736062049865678,0.2696108818054199,0.001464023856258878,0.022095799446106013,0.015574392827304884
Q287K0,3.2203431129455566,7.919768810272217,0.6429388263829153,0.5053645968437195,0.5158548088183018,3.2619123,8.470374,0.7087893,0.5476173,0.37182963,IDP-ESM2-8M,42,288,0.04156923294067383,0.550605297088623,0.06585046261473482,0.04225271940231323,0.14402517987390484
Q2EQ07,1.7808902263641355,4.044212818145752,0.4789825137349897,0.384047120809555,0.6490161379334386,1.861006,4.2415466,0.47908887,0.392608,0.65619636,IDP-ESM2-8M,42,288,0.08011579513549827,0.19733381271362305,0.00010635893613764047,0.008560866117477473,0.007180217886263551
Q2EQJ4,2.3524625301361084,5.401498794555664,0.5263421706688715,0.4108052849769592,0.6176991700891782,2.1781929,5.12778,0.5367698,0.43086264,0.602633,IDP-ESM2-8M,42,288,0.1742696762084961,0.27371883392333984,0.010427636669843143,0.02005735039711004,0.015066170669012169
Q2EX97,2.6392662525177,6.1150312423706055,0.4954402945773263,0.3848932981491089,0.6407316348976367,2.6080647,6.120796,0.52862066,0.41623968,0.5846989,IDP-ESM2-8M,42,288,0.031201601028442383,0.005764961242675781,0.03318036572769689,0.03134638071060181,0.056032719416069354
Q2EXS5,3.3145813941955566,7.727758884429932,0.4948548850704085,0.3844427168369293,0.6305249826652419,3.416774,7.9099855,0.506249,0.39634517,0.6213115,IDP-ESM2-8M,42,288,0.10219264030456543,0.18222665786743164,0.01139412549248825,0.011902451515197754,0.009213496897877427
Q2I7C2,2.746981143951416,6.261129379272461,0.5085597255738822,0.4094493389129638,0.6187961021894512,2.8561716,6.7219105,0.5260021,0.4090117,0.6024513,IDP-ESM2-8M,42,288,0.10919046401977539,0.4607810974121094,0.01744238347686855,0.00043764710426325015,0.016344777726560622
Q2I7C9,2.688016891479492,5.958626747131348,0.504839178736679,0.399328202009201,0.6144999121093963,2.8383534,6.639832,0.51324517,0.4010989,0.62173873,IDP-ESM2-8M,42,288,0.15033650398254395,0.6812052726745605,0.008405986611373928,0.0017707049846649725,0.007238819751718251
Q2I7D5,2.7428369522094727,6.296637535095215,0.5010638102947451,0.3970898389816284,0.634897331344733,2.8103487,6.608535,0.52173567,0.40553883,0.6055106,IDP-ESM2-8M,42,288,0.06751179695129395,0.31189727783203125,0.02067185788762793,0.008448988199234009,0.029386738884100705
Q2I7D8,2.672043800354004,6.2596435546875,0.5112706546449549,0.3807609975337982,0.5972506654759723,2.9010975,6.781812,0.5136058,0.4009716,0.6198397,IDP-ESM2-8M,42,288,0.22905373573303223,0.5221686363220215,0.002335118803989178,0.020210593938827515,0.02258906240259828
Q2I7D9,2.81980037689209,6.628439426422119,0.523256372922704,0.4031747877597809,0.6019968881146539,3.022982,7.0667424,0.52209294,0.40848735,0.6174645,IDP-ESM2-8M,42,288,0.20318150520324707,0.43830299377441406,0.0011634344995472556,0.005312561988830566,0.015467594669617335
Q2KRX9,3.102689504623413,7.12511157989502,0.5215005676668835,0.4061723351478576,0.6292242230484533,2.9436204,6.9548573,0.5344937,0.4264282,0.6100201,IDP-ESM2-8M,42,288,0.15906906127929688,0.17025423049926847,0.012993117101793294,0.02025586366653448,0.019204121978049216
Q2LGY8,3.813399076461792,8.958428382873535,0.5289240442867237,0.4064596891403198,0.6110280326293518,3.942267,9.223073,0.53830993,0.41722128,0.6015246,IDP-ESM2-8M,42,288,0.12886786460876465,0.2646446228027344,0.009385887468342236,0.01076158881187439,0.00950344118342894
Q2NNY0,2.6372270584106445,6.727314472198486,0.6546518531191616,0.5150597095489502,0.500631439114119,2.8339999,7.410191,0.70718086,0.5481118,0.37972784,IDP-ESM2-8M,42,288,0.19677281379699707,0.6828765869140625,0.0525290045392246,0.03305208683013916,0.12090359869053502
Q2PDL2,2.610140800476074,6.061927318572998,0.4940742239952737,0.3806199729442596,0.6404239016908473,2.6916258,6.2595186,0.50588846,0.39908955,0.6238802,IDP-ESM2-8M,42,288,0.08148503303527832,0.19759130477905273,0.011814238071376715,0.018469572067260798,0.01654369415224255
Q2PZ57,2.602747917175293,6.371131420135498,0.525088277743368,0.3845486938953399,0.6050468552978941,2.5976923,6.083207,0.525462,0.41852716,0.62428254,IDP-ESM2-8M,42,288,0.005055665969848633,0.28792428970336914,0.0003736940164281721,0.03397846221923834,0.019235683592944475
Q2PZ59,2.566412687301636,6.280449390411377,0.5269993917281636,0.395580530166626,0.5924448741630027,2.4844296,5.8251762,0.5240622,0.4196252,0.625993,IDP-ESM2-8M,42,288,0.08198308944702193,0.4552731513977051,0.0029371754462726996,0.024044662714004517,0.033548139218955275
Q2PZ62,2.5676074028015137,6.272503852844238,0.4958745146116733,0.3931781649589538,0.6608548838432221,2.513646,5.859433,0.5154148,0.41346574,0.6389202,IDP-ESM2-8M,42,288,0.05396151542663574,0.4130706787109375,0.019540259806203886,0.020287573337554987,0.02193469589308783
Q2PZ64,2.613377571105957,6.156655311584473,0.5097643176527771,0.3901005685329437,0.637648743004322,2.4940023,5.8615294,0.5285613,0.42079276,0.6166662,IDP-ESM2-8M,42,288,0.11937522888183594,0.29512596130371094,0.018796976426049827,0.030692189931869507,0.020982545227527516
Q2PZ75,2.603245258331299,6.205315113067627,0.505731194010359,0.3983542621135711,0.6430038442113782,2.6140642,6.117216,0.5249076,0.4183073,0.62401617,IDP-ESM2-8M,42,288,0.010818958282470703,0.08809900283813477,0.019176394948381192,0.019953042268753107,0.018987678478040837
Q2TVL9,2.462374687194824,5.839017391204834,0.5631827820265407,0.4467204213142395,0.5766178434687731,2.6022995,6.2583003,0.5635634,0.45243904,0.57483274,IDP-ESM2-8M,42,288,0.1399247646331787,0.4192829132080078,0.0003806244408970372,0.005718618631362915,0.0017851060229417959
Q2VAE1,2.068581342697144,4.690002918243408,0.5050018534008833,0.4090932607650757,0.6317549946001173,2.07779,4.8737717,0.51930016,0.41440505,0.614483,IDP-ESM2-8M,42,288,0.009208679199218306,0.18376874923706055,0.014298309391322483,0.005311787128448486,0.017271995752155878
Q2VF21,1.5578548908233645,3.7622649669647217,0.5487745094121965,0.4395169913768768,0.5595018539802327,1.6423681,4.011789,0.5625174,0.4486571,0.55116355,IDP-ESM2-8M,42,288,0.08451318740844704,0.24952387809753418,0.013742895144077893,0.009140104055404719,0.00833829978864331
Q2WC16,1.6373815536499023,3.870041847229004,0.5596189654479348,0.4568494856357574,0.5619047281837537,1.6836071,4.7862406,0.66445035,0.49080816,0.35878223,IDP-ESM2-8M,42,288,0.046225547790527344,0.91619873046875,0.1048313819756187,0.03395867347717291,0.20312249637604496
Q2WC23,1.83502209186554,4.356512546539307,0.559259677952991,0.4463208019733429,0.5673352287929859,1.8271677,4.4805703,0.56881607,0.4562338,0.55769444,IDP-ESM2-8M,42,288,0.007854342460632768,0.12405776977539062,0.009556387835278013,0.009912997484207153,0.009640793673357018
Q2XT86,1.876306414604187,4.4740495681762695,0.5398353961515485,0.4355809092521667,0.5761356655776297,1.8636719,4.4574714,0.53952897,0.42992783,0.5747193,IDP-ESM2-8M,42,288,0.012634515762329102,0.016578197479248047,0.00030643020153631184,0.0056530833244323175,0.0014163557708060104
Q2Z0R7,2.2827625274658203,5.412987232208252,0.5219051205053967,0.4042738080024719,0.6169741292873144,2.2982771,5.447536,0.5307568,0.41962972,0.5912733,IDP-ESM2-8M,42,288,0.015514612197875977,0.03454875946044922,0.008851651059086918,0.015355914831161499,0.025700821487021464
Q30BN4,5.004826545715332,12.27113437652588,0.5421066717148084,0.4030427038669586,0.5883899214741765,4.574486,10.811278,0.5532493,0.42436644,0.58958447,IDP-ESM2-8M,42,288,0.4303407669067383,1.459856033325197,0.01114262781140618,0.021323740482330322,0.0011945483210505925
Q33CR5,2.752192974090576,6.413617134094238,0.5180745131137446,0.3981913626194,0.597870249080704,2.90185,6.785107,0.5162557,0.40267843,0.61712915,IDP-ESM2-8M,42,288,0.1496570110321045,0.3714900016784668,0.0018188363673762309,0.004487067461013794,0.01925889797206093
Q33CS0,2.6776044368743896,6.062744140625,0.4819491707030263,0.3738977909088135,0.6667693637974167,2.8608513,6.7141867,0.5183888,0.4029679,0.6124353,IDP-ESM2-8M,42,288,0.18324685096740723,0.6514425277709961,0.0364396370705638,0.029070109128952026,0.05433408252071381
Q33CS7,2.6585373878479004,6.152198314666748,0.4946981042297451,0.3637852370738983,0.6315382511812038,2.9089594,6.769636,0.51126456,0.40202573,0.62729853,IDP-ESM2-8M,42,288,0.25042200088500977,0.6174378395080566,0.01656645837706644,0.03824049234390259,0.0042397172647303805
Q33CU7,2.4282548427581787,5.736710071563721,0.5329556438942449,0.4257219731807709,0.558232001246288,2.438629,5.7859225,0.52274513,0.4056754,0.5910783,IDP-ESM2-8M,42,288,0.010374069213867188,0.04921245574951172,0.010210511447955817,0.02004656195640564,0.03284628015629987
Q33CV3,2.425745964050293,5.533102035522461,0.5128891964344271,0.4071964919567108,0.5991464469809635,2.464894,5.837942,0.5243806,0.40687224,0.59361905,IDP-ESM2-8M,42,288,0.03914809226989746,0.304840087890625,0.011491427859853909,0.000324249267578125,0.005527398385535065
Q33CV7,2.4103291034698486,5.58303165435791,0.5123706180771781,0.4000214338302612,0.596733624058706,2.5110512,5.9479923,0.52226955,0.40573797,0.59432703,IDP-ESM2-8M,42,288,0.10072207450866699,0.3649606704711914,0.009898928908448124,0.005716532468795832,0.002406591492635446
Q33CW2,2.400585174560547,5.541810512542725,0.4966924869051952,0.369513601064682,0.6290217598961708,2.5368872,5.983678,0.5238909,0.40807357,0.5967758,IDP-ESM2-8M,42,288,0.13630199432373047,0.4418673515319824,0.02719842562761121,0.03855997323989868,0.03224593010414811
Q33CX7,2.68989634513855,6.253209114074707,0.504655927005747,0.3844709694385528,0.6146516307219304,2.8033304,6.565074,0.5168752,0.40269932,0.6040564,IDP-ESM2-8M,42,288,0.1134340763092041,0.31186485290527344,0.0122192804184168,0.018228352069854792,0.01059521277988329
Q33CX8,2.441046714782715,5.825901031494141,0.5277231042530149,0.4195312857627868,0.5716910376188393,2.4513772,5.82482,0.52863246,0.41092157,0.58457476,IDP-ESM2-8M,42,288,0.010330438613891602,0.0010809898376464844,0.00090935777167378,0.008609712123870794,0.012883721387660918
Q33CZ4,2.440253257751465,5.564280986785889,0.5249676615612857,0.4279626607894897,0.5766000595953549,2.4764743,5.838476,0.5169923,0.40324053,0.599779,IDP-ESM2-8M,42,288,0.03622102737426758,0.27419519424438477,0.007975390614783029,0.02472212910652155,0.023178950223675887
Q33D00,2.4498183727264404,5.934471607208252,0.5341836575565971,0.4170078933238983,0.5607243672465587,2.5218613,5.9673047,0.5203243,0.40443602,0.60027725,IDP-ESM2-8M,42,288,0.07204294204711914,0.032833099365234375,0.013859367757860563,0.012571871280670166,0.03955287779814953
Q33D03,2.686230182647705,6.1892499923706055,0.5050537474280923,0.3807781338691711,0.6133424525892666,2.8445592,6.650141,0.5135226,0.40079185,0.6248858,IDP-ESM2-8M,42,288,0.15832901000976562,0.4608907699584961,0.00846887754139014,0.020013719797134455,0.01154334491134379
Q33D07,2.398792028427124,5.6619720458984375,0.503035810189632,0.3690359592437744,0.614847991641977,2.4866962,5.8754487,0.5217033,0.40571445,0.5942454,IDP-ESM2-8M,42,288,0.08790421485900879,0.21347665786743164,0.01866749267062806,0.0366784930229187,0.020602617439248738
Q33D14,2.686630249023437,6.244077682495117,0.5055302943048267,0.3882879018783569,0.6127961314052555,2.8079088,6.5839806,0.52031255,0.4051897,0.60893637,IDP-ESM2-8M,42,288,0.12127852439880416,0.3399028778076172,0.014782253378889165,0.016901791095733698,0.0038597619861575616
Q33D20,2.4920787811279297,5.564093112945557,0.5263665073787115,0.4123718738555908,0.5882168928614527,2.613442,6.1638923,0.527738,0.41176468,0.59932256,IDP-ESM2-8M,42,288,0.12136316299438477,0.5997991561889648,0.0013714677418329435,0.0006071925163269043,0.011105664587888087
Q38506,1.670180320739746,4.016662120819092,0.5718444390901122,0.4647640883922577,0.5365021991404432,1.6133765,3.9023418,0.56199974,0.44519565,0.5357342,IDP-ESM2-8M,42,288,0.05680382251739502,0.11432027816772461,0.009844700873712031,0.019568443298339844,0.0007680225047009825
Q38583,2.290595293045044,5.481020450592041,0.5621000699291221,0.4377716183662414,0.5854216647853099,2.3859944,5.8208294,0.5701949,0.44843128,0.5701281,IDP-ESM2-8M,42,288,0.09539914131164551,0.33980894088745117,0.008094830106736062,0.010659664869308527,0.01529358155624494
Q38HE4,2.2387807369232178,5.6030802726745605,0.530683921279707,0.3952499330043793,0.6194509006618664,2.5046039,6.019605,0.5571983,0.45001772,0.60304356,IDP-ESM2-8M,42,288,0.2658231258392334,0.41652488708496094,0.026514364776811572,0.05476778745651245,0.01640734444848746
Q38I94,2.8328113555908203,6.922235012054443,0.5529823233474441,0.4374924898147583,0.5732570701668904,2.9813373,7.027274,0.5434958,0.4247675,0.59668326,IDP-ESM2-8M,42,288,0.14852595329284668,0.10503911972045898,0.009486549078340123,0.012724995613098145,0.023426193611796098
Q38I97,2.700681209564209,6.467575550079346,0.5213905259362436,0.4080647528171539,0.6130687504213007,2.7955258,6.620989,0.5475899,0.42715093,0.58310235,IDP-ESM2-8M,42,288,0.09484457969665527,0.1534132957458496,0.02619937217319246,0.019086182117462214,0.029966404954686943
Q38IM8,2.645637273788452,6.399906158447266,0.5532677082193356,0.4305258989334106,0.5958876450143863,2.5282135,6.013727,0.5475497,0.4401636,0.6102291,IDP-ESM2-8M,42,288,0.11742377281188965,0.38617897033691406,0.0057179836404781526,0.009637713432312067,0.014341429940600281
Q38IP7,2.658860206604004,6.598787784576416,0.5634038201637023,0.4266111850738525,0.5789566569591196,2.494814,5.9512277,0.560916,0.45005003,0.5875509,IDP-ESM2-8M,42,288,0.1640462875366211,0.6475601196289062,0.0024878135986082794,0.023438841104507502,0.008594221565660698
Q3C1Z8,1.6074821949005127,4.030951976776123,0.6105205148636225,0.4988622963428497,0.5181834947091563,1.6807177,4.187763,0.5650696,0.45935267,0.57583565,IDP-ESM2-8M,42,288,0.07323551177978516,0.15681123733520508,0.0454508990227106,0.03950962424278254,0.057652150489665765
Q3C203,2.920626878738404,6.960524082183838,0.5175840402107957,0.3941307067871094,0.6063061200933917,3.0523977,7.1581473,0.5368323,0.41741794,0.58385295,IDP-ESM2-8M,42,288,0.13177084922790439,0.19762325286865234,0.019248232795643472,0.02328723669052124,0.022453173335121424
Q3HNZ7,2.2706665992736816,5.161172866821289,0.5011135168046404,0.4137777686119079,0.6471997193144262,2.2259612,5.2244563,0.5234689,0.4170958,0.6053855,IDP-ESM2-8M,42,288,0.04470539093017578,0.06328344345092773,0.022355394843156184,0.003318041563034113,0.041814237003177435
Q3HP08,2.261530876159668,5.121254920959473,0.5054239370732837,0.4176789820194244,0.6342341395002532,2.2644458,5.300275,0.5231172,0.41747996,0.6088033,IDP-ESM2-8M,42,288,0.002914905548095703,0.17901992797851562,0.01769324756569335,0.00019901990890497379,0.02543086725293875
Q3HP10,2.236878156661988,5.0490803718566895,0.5049616989853134,0.3962668180465698,0.6253768996613676,2.226225,5.205744,0.51993775,0.4167315,0.6133495,IDP-ESM2-8M,42,288,0.010653257369996005,0.1566634178161621,0.014976054692054763,0.020464688539505005,0.012027402343099736
Q3HP12,2.2442445755004883,5.111520767211914,0.5201567226222731,0.4197818338871002,0.6002232032872415,2.2685385,5.305297,0.5213028,0.41482562,0.60349566,IDP-ESM2-8M,42,288,0.024293899536132812,0.19377613067626953,0.001146096629741078,0.0049562156200408936,0.0032724541567586973
Q3HWX5,2.6108078956604004,5.755483627319336,0.4921833474170909,0.3861285746097564,0.6523676140032537,2.687462,6.261291,0.51350784,0.40425268,0.6149666,IDP-ESM2-8M,42,288,0.07665419578552246,0.5058073997497559,0.021324495600487214,0.018124103546142634,0.037401042672229545
Q3HWX7,2.6166131496429443,6.1783766746521,0.5421384781695014,0.4466495513916015,0.5605210351941353,2.4131851,5.644268,0.5161074,0.40418085,0.59143955,IDP-ESM2-8M,42,288,0.20342803001403809,0.5341086387634277,0.02603109777933421,0.042468696832656805,0.030918509960436213
Q3HWY0,2.636112928390503,6.051315307617188,0.4927303297538013,0.382711797952652,0.657188289068688,2.6341536,6.158144,0.5163388,0.40568653,0.61404634,IDP-ESM2-8M,42,288,0.0019593238830566406,0.10682868957519442,0.023608495472028757,0.022974729537963867,0.04314195384835107
Q3HWY5,2.851710557937622,6.800044059753418,0.5440454951875549,0.4335700273513794,0.5889414263992402,2.8644996,6.778175,0.544622,0.43154693,0.58425534,IDP-ESM2-8M,42,288,0.012789011001586914,0.021869182586669922,0.0005765088445801592,0.0020231008529663086,0.004686088684091261
Q3HWY6,2.6633691787719727,6.315231800079346,0.5193960877705629,0.4071153998374939,0.6021676166296605,2.6652288,6.193962,0.5098281,0.4026743,0.6223173,IDP-ESM2-8M,42,288,0.0018596649169921875,0.12126970291137695,0.009567997102838288,0.004441112279891968,0.020149697518288767
Q3KSP3,3.0028076171875,7.335517406463623,0.5708783294587365,0.4395885467529297,0.5345522948625845,3.2443557,7.8102293,0.5765656,0.45137858,0.5217491,IDP-ESM2-8M,42,288,0.2415480613708496,0.47471189498901367,0.0056872938246497196,0.011790037155151367,0.012803215635136977
Q3LUB4,2.7574243545532227,6.680475234985352,0.5426622142531585,0.4186776280403137,0.5729787319839931,2.646413,6.206472,0.52135044,0.41048026,0.607825,IDP-ESM2-8M,42,288,0.11101126670837402,0.47400331497192383,0.02131177088996883,0.008197367191314697,0.034846249228622894
Q3LUB6,2.787331342697144,6.465935707092285,0.518459183115815,0.4132144153118133,0.6323840014394735,2.9739742,6.9901724,0.5367141,0.42424363,0.5955704,IDP-ESM2-8M,42,288,0.18664288520812944,0.5242366790771484,0.01825489388003465,0.011029213666915949,0.03681361598338828
Q3LWP3,3.2962722778320312,7.978897094726562,0.5268701809763668,0.3976972103118896,0.5914897351405886,3.2170494,7.504277,0.5184138,0.40476537,0.62887996,IDP-ESM2-8M,42,288,0.0792229175567627,0.4746198654174796,0.008456398856615865,0.007068157196044977,0.037390229211065495
Q3S669,2.916843175888061,6.848441123962402,0.5202730241033374,0.4020816683769226,0.6084865013890167,2.8864658,6.7449117,0.5188412,0.40844208,0.62548465,IDP-ESM2-8M,42,288,0.030377388000487837,0.10352945327758789,0.0014318170759021198,0.006360411643981934,0.01699814397765198
Q3T244,1.7911977767944336,4.024462699890137,0.4991350033825116,0.4001689851284027,0.6282960559168171,1.9181335,4.50971,0.52546465,0.42280945,0.6024645,IDP-ESM2-8M,42,288,0.12693572044372559,0.4852471351623535,0.026329650586299436,0.022640466690063477,0.025831558827431156
Q3T364,1.9163451194763184,4.4827752113342285,0.5195614548406219,0.4140323996543884,0.5989613821795556,1.8303926,4.2403336,0.5129786,0.42097694,0.61929405,IDP-ESM2-8M,42,288,0.0859525203704834,0.24244165420532227,0.006582841464004452,0.006944537162780762,0.02033266517609622
Q3T393,1.9579269886016848,4.755491733551025,0.541850905412005,0.4143588244915008,0.5718923931161332,1.9255675,4.4537606,0.50538194,0.41386354,0.6325389,IDP-ESM2-8M,42,288,0.03235948085784934,0.3017311096191406,0.03646896361665586,0.0004952847957610529,0.0606465215643478
Q3T5T1,2.1199769973754883,4.984435558319092,0.5421392359756801,0.4243241846561432,0.5941307504026818,2.0107214,4.7580037,0.5426572,0.43570417,0.581876,IDP-ESM2-8M,42,288,0.10925555229187012,0.22643184661865234,0.0005179605460788883,0.011379987001419067,0.01225477050232171
Q3T5T2,2.1734654903411865,5.106971263885498,0.5304182096603279,0.4154171645641327,0.6023381953241708,2.1169574,4.974839,0.53472596,0.43000358,0.5988743,IDP-ESM2-8M,42,288,0.05650806427001953,0.13213205337524414,0.004307754409038522,0.014586418867111206,0.003463924408185659
Q3T5T4,2.110351800918579,5.044832706451416,0.5660483905847025,0.440044105052948,0.5484340286424303,1.9907979,4.7343197,0.5505203,0.44092366,0.57600135,IDP-ESM2-8M,42,288,0.11955392360687256,0.3105130195617676,0.015528089719529126,0.0008795559406280518,0.027567317468867314
Q3T5T7,2.039208173751831,4.791928768157959,0.5270266148818471,0.4017303884029388,0.59901650018084,2.095584,4.933449,0.53354335,0.4289281,0.5961225,IDP-ESM2-8M,42,288,0.056375741958618164,0.14152002334594727,0.00651673343053083,0.02719771862030035,0.002893996900200313
Q3T5U3,2.053896188735962,4.796952247619629,0.5538384856396285,0.4506181478500366,0.5718944137186341,1.9739027,4.6599293,0.5358601,0.43029976,0.5925889,IDP-ESM2-8M,42,288,0.07999348640441895,0.1370229721069336,0.017978364389475865,0.02031838893890381,0.020694487801141248
Q3T5U9,2.014276027679444,4.7773261070251465,0.5679359997933868,0.4659870266914367,0.5487397134851455,1.9461854,4.58208,0.53980017,0.43560582,0.5935767,IDP-ESM2-8M,42,288,0.06809067726135298,0.19524621963500977,0.02813583270964659,0.03038120269775385,0.04483701581249244
Q3T5V2,1.9569075107574463,4.6727824211120605,0.5488948364208263,0.4318298995494842,0.5795528110716909,1.7975887,4.254578,0.5433587,0.44002393,0.5888934,IDP-ESM2-8M,42,288,0.15931880474090576,0.41820430755615234,0.005536152834705654,0.008194029331207331,0.009340602472010295
Q3T5V7,1.9406819343566888,4.632265567779541,0.5602467882812778,0.4377685785293579,0.554540510259176,1.8359905,4.332636,0.5377851,0.4351284,0.5915486,IDP-ESM2-8M,42,288,0.10469138622283869,0.29962968826293945,0.022461675423459226,0.0026401877403259277,0.03700811139533455
Q3V5E4,1.863231182098389,4.332460880279541,0.5600469718476393,0.4500145316123962,0.5678396230275051,1.9493613,4.868264,0.6076315,0.47513732,0.4861833,IDP-ESM2-8M,42,288,0.08613014221191384,0.5358033180236816,0.04758453268803575,0.025122791528701838,0.08165633731430932
Q3YB07,1.5286288261413574,3.6548171043396,0.5095531490251805,0.3976627290248871,0.6004826548318977,1.5542355,3.678515,0.5208332,0.42075226,0.6064767,IDP-ESM2-8M,42,288,0.025606632232666016,0.023697853088378462,0.011280045230648406,0.02308952808380127,0.005994069315898964
Q3YJX6,2.383793354034424,5.312115669250488,0.4935195166070327,0.3823252022266388,0.6690237260548283,2.2573812,5.244895,0.50421,0.4076409,0.67269665,IDP-ESM2-8M,42,288,0.12641215324401855,0.06722068786621094,0.010690478662742697,0.025315701961517334,0.003672923973400466
Q3YJY1,1.9190253019332888,4.517824172973633,0.5343797627271375,0.4094707369804382,0.5801798926103812,1.8910801,4.5326376,0.534932,0.4261639,0.59107774,IDP-ESM2-8M,42,288,0.027945160865783913,0.014813423156738281,0.0005522545992174832,0.01669317483901983,0.010897852350403747
Q3YPN7,2.106584548950196,4.798910617828369,0.5136611049284981,0.419973075389862,0.6317634742574351,2.0522194,4.887271,0.5354439,0.42442453,0.5977318,IDP-ESM2-8M,42,288,0.054365158081055576,0.08836030960083008,0.02178279708718789,0.0044514536857605536,0.03403164556785987
Q45KG1,2.659728765487671,6.301544189453125,0.5233702243093851,0.3976008594036102,0.5857785197420744,2.887222,6.7483997,0.5200096,0.40614402,0.60929257,IDP-ESM2-8M,42,288,0.2274932861328125,0.4468555450439453,0.0033606470350625584,0.008543163537979181,0.023514047034201235
Q461X8,3.6277105808258057,8.971648216247559,0.640678254330043,0.5106531381607056,0.5002425882964637,3.6460326,9.084059,0.6421466,0.49333552,0.45988762,IDP-ESM2-8M,42,288,0.018321990966796875,0.1124105453491211,0.0014683330417831764,0.017317622900009155,0.04035496450953746
Q4A2Y9,3.719846248626709,8.63490104675293,0.5695162661262868,0.4547139704227447,0.6071688693558712,3.6940641,8.8911,0.5829007,0.45318136,0.566284,IDP-ESM2-8M,42,288,0.025782108306884766,0.2561988830566406,0.013384436827051815,0.0015326142311095636,0.04088486848230555
Q4GZW3,1.5893793106079102,3.503493070602417,0.4545866801365663,0.390726089477539,0.6874864417824024,1.8064387,4.3044457,0.5321474,0.42798313,0.5811379,IDP-ESM2-8M,42,288,0.21705937385559082,0.800952672958374,0.077560727395172,0.037257045507431086,0.10634854619829592
Q4KPD1,2.328916549682617,5.614682197570801,0.5513094087916212,0.4209089577198028,0.5520028337463407,2.2520006,5.3134394,0.53240514,0.4299325,0.60459244,IDP-ESM2-8M,42,288,0.07691597938537598,0.3012428283691406,0.018904270775874088,0.009023547172546442,0.05258960876617147
Q4KPE0,2.033923864364624,4.8925628662109375,0.528933348543042,0.4156490564346313,0.575738926509015,1.8774316,4.5051446,0.530752,0.4196667,0.57365286,IDP-ESM2-8M,42,288,0.1564922332763672,0.387418270111084,0.0018186546498596412,0.004017651081085261,0.002086063006512595
Q4KPI4,2.478883743286133,5.490705490112305,0.4756471642709565,0.3836076855659485,0.6634727512328142,2.5662646,6.001023,0.51103,0.40485325,0.6149654,IDP-ESM2-8M,42,288,0.08738088607788086,0.510317325592041,0.03538285405866387,0.021245568990707397,0.04850737199468558
Q4KPI5,1.8931071758270264,4.423498630523682,0.5294878146290178,0.4161305129528045,0.5732910495515167,2.08567,4.961038,0.52095747,0.416691,0.5959866,IDP-ESM2-8M,42,288,0.19256281852722168,0.5375394821166992,0.008530344688832292,0.0005604922771454413,0.022695555139035095
Q4KS53,1.6326377391815186,3.493183851242065,0.4322695904229408,0.3635681271553039,0.7050264358200728,1.7877876,4.1929307,0.5078083,0.407648,0.6080598,IDP-ESM2-8M,42,288,0.15514981746673584,0.6997468471527104,0.07553873725192495,0.0440798699855805,0.09696661230704184
Q4KSY7,3.432684421539306,8.499338150024414,0.6388652589980229,0.5001248717308044,0.5174676316041991,3.5521338,8.981787,0.6655525,0.5116001,0.43049246,IDP-ESM2-8M,42,288,0.11944937705993697,0.4824485778808594,0.02668723791207228,0.011475205421447754,0.08697517087650741
Q4PKB7,2.580422878265381,6.158121109008789,0.5498080293978718,0.4064758419990539,0.5848405877574283,2.7250404,6.399305,0.5335032,0.42384705,0.606928,IDP-ESM2-8M,42,288,0.14461755752563477,0.24118375778198242,0.01630485461607245,0.017371207475662287,0.022087403155962804
Q4PRW0,1.555249810218811,3.782589673995972,0.5694416378166539,0.4403041899204254,0.5284313611139875,1.60977,3.8515193,0.55111045,0.4424063,0.5694593,IDP-ESM2-8M,42,288,0.054520249366760254,0.0689296722412105,0.01833119136355943,0.002102106809616089,0.041027958000697584
Q4QTS8,1.5913434028625488,4.015652179718018,0.6300324899801244,0.5007479190826416,0.4874597799395154,1.9636602,5.159761,0.6396344,0.49716824,0.41798332,IDP-ESM2-8M,42,288,0.372316837310791,1.144108772277832,0.009601880823708608,0.0035796761512756348,0.06947645660386781
Q4QVU0,1.9035955667495728,4.492417335510254,0.5465691394638462,0.4410203993320465,0.5661412318422931,1.9582556,4.608864,0.52636385,0.42384103,0.59505534,IDP-ESM2-8M,42,288,0.05466008186340332,0.11644649505615234,0.020205289823953643,0.017179369926452637,0.028914109878287908
Q4QW70,1.826703786849976,4.174728870391846,0.5357730845628653,0.4328934550285339,0.5825086934984395,1.8223462,4.298888,0.5209696,0.4181078,0.6043612,IDP-ESM2-8M,42,288,0.004357576370239702,0.12415933609008789,0.014803455275145594,0.014785647392272894,0.021852482992344213
Q4QW80,1.7655386924743652,4.170338153839111,0.5272818460841877,0.4064872860908508,0.5763007386243598,1.7825007,4.2299395,0.5285144,0.42245343,0.58945376,IDP-ESM2-8M,42,288,0.016962051391601562,0.0596013069152832,0.001232539139200961,0.015966147184372004,0.013153018184874798
Q4U2B4,1.7914272546768188,4.208616256713867,0.5314946210089111,0.4146729707717895,0.5941716478625362,1.7469825,4.1491847,0.53599447,0.43452072,0.60105705,IDP-ESM2-8M,42,288,0.04444479942321777,0.05943155288696289,0.004499849110565224,0.01984775066375738,0.006885404749768509
Q4W600,3.422643184661865,7.635264873504639,0.4730419251843426,0.3778532743453979,0.7002959174917435,3.5159478,8.159196,0.5180813,0.40549985,0.606988,IDP-ESM2-8M,42,288,0.09330463409423873,0.5239310264587402,0.04503938222685122,0.027646571397781428,0.09330790470106354
Q4Z9E7,2.1824169158935547,5.434616088867188,0.5784017574728119,0.4407569169998169,0.5636483685965377,2.094334,5.0433965,0.55118537,0.449993,0.6147098,IDP-ESM2-8M,42,288,0.08808302879333496,0.3912196159362802,0.027216387981234713,0.00923609733581543,0.051061425924794124
Q4ZA14,2.040687799453736,4.854115962982178,0.5851530589968428,0.464460551738739,0.5556934792788589,1.9930077,4.8836207,0.5775554,0.46560797,0.56674254,IDP-ESM2-8M,42,288,0.04768013954162642,0.029504776000976562,0.0075976409823164115,0.0011474192142486572,0.011049060126963828
Q507B8,1.7677984237670898,4.068112850189209,0.5135486448191993,0.4135179221630096,0.6082491101315193,1.8144093,4.16929,0.49590677,0.4061426,0.64038473,IDP-ESM2-8M,42,288,0.04661083221435547,0.10117721557617188,0.017641874589859663,0.007375329732894842,0.03213562354539112
Q507D5,1.7907710075378418,4.208621978759766,0.5236904354074791,0.3952561914920807,0.6002867619861233,1.93596,4.5759935,0.52886504,0.42501613,0.597414,IDP-ESM2-8M,42,288,0.1451890468597412,0.3673715591430664,0.005174603941123235,0.02975994348526001,0.0028727452624904837
Q50G65,3.44480037689209,8.331708908081055,0.5460468904668914,0.4353354573249817,0.6221430403180687,3.192181,7.5568614,0.544678,0.4302432,0.60588044,IDP-ESM2-8M,42,288,0.25261926651000977,0.7748475074768066,0.0013689176733122643,0.005092263221740723,0.01626260103660504
Q50GB0,3.237789869308472,7.672036170959473,0.5052204644444256,0.3896755874156952,0.6944837261021365,2.7955425,6.456328,0.5030776,0.41074142,0.6838506,IDP-ESM2-8M,42,288,0.44224739074707076,1.2157082557678223,0.002142838216093068,0.021065831184387207,0.010633139687799331
Q50GB8,3.1282432079315186,7.403921127319336,0.5018639613557757,0.3826819956302643,0.6792075900710074,2.9873214,6.9072905,0.5049712,0.40875277,0.6749166,IDP-ESM2-8M,42,288,0.14092183113098145,0.4966306686401367,0.0031072448324261925,0.026070773601531982,0.004290965048119211
Q50GC3,3.299976587295532,7.813308715820312,0.5401648487331884,0.4208950102329254,0.6190789457608058,2.956524,6.880396,0.5163452,0.41414976,0.6504331,IDP-ESM2-8M,42,288,0.3434526920318599,0.932912826538085,0.02381964581036733,0.006745249032974243,0.031354177350919055
Q50GD5,3.3056228160858154,7.82453727722168,0.514945611170803,0.4166633188724518,0.6819961250064748,2.9507103,6.849179,0.51020473,0.41306713,0.6698714,IDP-ESM2-8M,42,288,0.35491251945495605,0.9753584861755371,0.00474087875274265,0.003596186637878418,0.01212473514059953
Q52PR2,1.5305708646774292,3.622301340103149,0.5536178055406713,0.4522707462310791,0.5529900923777351,1.5131246,3.6894102,0.5587974,0.44431058,0.54527617,IDP-ESM2-8M,42,288,0.017446279525756836,0.06710886955261275,0.005179613530526206,0.00796017050743103,0.007713927369190188
Q52PS8,1.729702353477478,4.127800941467285,0.5853691204287962,0.4827150106430053,0.5180394108763784,1.7193561,4.2318363,0.5774001,0.45863187,0.5195237,IDP-ESM2-8M,42,288,0.010346293449401855,0.1040353775024414,0.007969032118554487,0.024083137512206976,0.0014842693337351331
Q52RQ4,1.861993432044983,4.3644208908081055,0.5314104030219885,0.4234375655651092,0.5877940380575359,1.9076025,4.6239624,0.56352186,0.44164592,0.5369173,IDP-ESM2-8M,42,288,0.045609116554260254,0.25954151153564453,0.0321114590080408,0.01820835471153265,0.05087670922300225
Q52RR1,1.8985363245010376,4.535317897796631,0.5508135093311459,0.426593005657196,0.5590967668914505,1.8790681,4.5207973,0.5559533,0.4390856,0.54857445,IDP-ESM2-8M,42,288,0.019468188285827637,0.014520645141601562,0.005139814509949048,0.012492597103118952,0.010522319259614554
Q52RR8,1.919399738311768,4.608757019042969,0.5652038554312758,0.4446736872196197,0.5401376371825225,1.789585,4.2742147,0.546675,0.4355123,0.565076,IDP-ESM2-8M,42,288,0.12981474399566695,0.33454227447509766,0.01852882901449726,0.009161382913589422,0.02493835635538033
Q52RS0,1.8589999675750728,4.349423885345459,0.5258302551358894,0.424555629491806,0.5889278483225167,1.8313277,4.3784924,0.54861635,0.43668085,0.55855495,IDP-ESM2-8M,42,288,0.02767229080200151,0.029068470001220703,0.022786094561223602,0.012125223875045832,0.030372900946265435
Q52RS2,1.929828643798828,4.715944766998291,0.568495515402927,0.4526238143444061,0.5382731693594921,1.8823664,4.5258417,0.5545076,0.43752605,0.54908586,IDP-ESM2-8M,42,288,0.047462224960326926,0.19010305404663086,0.013987902220859105,0.015097767114639227,0.01081268612451669
Q52RT5,1.8639110326766968,4.414573192596436,0.5554044573968338,0.4435195922851562,0.5610891462948353,1.7939656,4.3361063,0.5675324,0.4498054,0.5385072,IDP-ESM2-8M,42,288,0.06994545459747314,0.07846689224243253,0.01212796276155248,0.006285816431045588,0.022581923165562845
Q52RT9,1.9358973503112795,4.631004810333252,0.5610641948179491,0.4436973333358764,0.5593748831942467,1.8932896,4.552394,0.56027377,0.44342405,0.54829675,IDP-ESM2-8M,42,288,0.042607784271240456,0.07861089706420898,0.0007904283003099533,0.0002732872962951105,0.011078133602419271
Q52RW0,1.802576303482056,4.139828681945801,0.5394051187048045,0.4163269698619842,0.5773153026242865,1.7093931,4.039196,0.5398187,0.43746874,0.58515286,IDP-ESM2-8M,42,288,0.09318315982818648,0.1006326675415039,0.0004135854234609271,0.02114176750183111,0.007837561831890216
Q52S07,1.8827710151672363,4.442487239837647,0.5737668755703522,0.4696559906005859,0.5438602252064797,1.8496959,4.458808,0.5656718,0.44878474,0.54205287,IDP-ESM2-8M,42,288,0.03307509422302246,0.01632070541381747,0.008095074003274583,0.02087125182151789,0.0018073601780983495
Q53AF0,1.6959786415100098,3.9640839099884033,0.5227441767180293,0.4296347796916961,0.5905085313313526,1.5927869,3.8631558,0.5459445,0.43520752,0.5669925,IDP-ESM2-8M,42,288,0.10319173336029053,0.10092806816101074,0.02320033517238207,0.005572736263275202,0.023516010045341873
Q53AG3,1.6993762254714966,3.8869199752807617,0.5186158549238616,0.4222728610038757,0.5989839131493448,1.8240889,4.4102736,0.5513961,0.4365706,0.5659388,IDP-ESM2-8M,42,288,0.12471270561218262,0.5233535766601562,0.03278021698699651,0.014297753572464045,0.03304514237831824
Q53CQ0,3.4719457626342773,8.445036888122559,0.5441362482639336,0.4179808497428894,0.5680096586020983,3.6246543,8.553099,0.54225177,0.42897588,0.58779913,IDP-ESM2-8M,42,288,0.1527085304260254,0.1080617904663086,0.00188448253593676,0.010995030403137207,0.019789473268171487
Q53Z31,2.401790142059326,5.748946666717529,0.5645528101733891,0.4459576308727264,0.5494723075511412,2.3927982,5.6555195,0.5194116,0.41781506,0.6256123,IDP-ESM2-8M,42,288,0.00899195671081543,0.09342718124389648,0.045141186695453306,0.02814257144927973,0.0761400109646364
Q56BB1,1.923083662986756,4.499536037445068,0.5710493570496468,0.4600448608398437,0.5599287944767303,1.8452442,4.423966,0.54719925,0.44228917,0.6023185,IDP-ESM2-8M,42,288,0.07783949375152655,0.07557010650634766,0.02385010778206864,0.017755687236785833,0.04238973083760078
Q56EV1,1.550136923789978,3.714342355728149,0.5441702599911009,0.4296128749847412,0.585036951193993,1.5204803,3.7196019,0.5767509,0.46560976,0.5428181,IDP-ESM2-8M,42,288,0.029656648635864258,0.005259513854980913,0.03258061452824723,0.03599688410758972,0.04221882213134043
Q56II6,3.527783155441284,8.670488357543945,0.5251416134351928,0.4124700427055359,0.628260819679541,3.6751652,8.509466,0.50531197,0.40379104,0.7000248,IDP-ESM2-8M,42,288,0.14738202095031738,0.16102218627929688,0.01982964749281002,0.008679002523422241,0.07176396393175666
Q58I31,1.908209204673767,4.668348789215088,0.5408122722750786,0.4065602123737335,0.5303438500494476,2.1475167,5.0762486,0.5242755,0.4105468,0.58125615,IDP-ESM2-8M,42,288,0.23930752277374268,0.4078998565673828,0.016536790574181337,0.0039865970611572266,0.0509123011498932
Q58LM3,1.9712008237838743,4.785504341125488,0.5790543984073278,0.4574166238307953,0.5526943986160033,1.8347619,4.5432982,0.5806147,0.46630186,0.5542224,IDP-ESM2-8M,42,288,0.1364389657974241,0.24220609664916992,0.0015602876049403136,0.008885234594345093,0.0015280063408142919
Q58MF1,2.670222520828247,6.106895923614502,0.4858593443039372,0.3928515613079071,0.6597757416566056,2.4962804,5.823255,0.51563,0.41127548,0.62022865,IDP-ESM2-8M,42,288,0.17394208908081055,0.28364086151123047,0.029770662486223953,0.018423914909362793,0.039547093470875594
Q58N36,2.8625576496124268,6.759854316711426,0.5428284594455655,0.4268843829631805,0.5983486387359578,2.7153516,6.4396214,0.5417901,0.42527363,0.6023783,IDP-ESM2-8M,42,288,0.14720606803894043,0.3202328681945801,0.001038331691354033,0.0016107559204101007,0.0040296700370829885
Q58NB9,1.686084866523743,4.126909255981445,0.5568914154284923,0.4359321594238281,0.5558006018152445,1.543269,3.6736486,0.536384,0.4362179,0.59398293,IDP-ESM2-8M,42,288,0.14281582832336448,0.4532606601715088,0.020507428955408802,0.00028574466705322266,0.03818233313653774
Q58P45,3.0281763076782227,7.144854545593262,0.5284669216704755,0.4045755267143249,0.6192072847700933,2.9517808,6.9250755,0.531516,0.41754922,0.6090696,IDP-ESM2-8M,42,288,0.07639551162719727,0.21977901458740234,0.0030490938591570815,0.012973695993423517,0.010137698969922448
Q58P48,2.5879061222076416,5.943404674530029,0.5134461284313079,0.3977850675582886,0.6384471723218386,2.6967022,6.395022,0.5423118,0.42757466,0.59506786,IDP-ESM2-8M,42,288,0.1087961196899414,0.4516172409057617,0.028865659173977765,0.029789596796035767,0.043379313625854676
Q596I4,3.299100399017334,7.837045192718506,0.5221149694719845,0.3945232331752777,0.6517806577499852,3.061492,7.2303863,0.53585017,0.42362186,0.61414295,IDP-ESM2-8M,42,288,0.2376084327697754,0.606658935546875,0.01373519780249055,0.02909862995147705,0.03763770340046735
Q596I6,3.2702386379241943,8.053754806518555,0.5438093681686776,0.4171809256076813,0.619807771579867,2.97753,7.095386,0.54913753,0.4324693,0.59370136,IDP-ESM2-8M,42,288,0.2927086353302002,0.9583687782287598,0.00532816454235141,0.015288382768630981,0.026106408970003714
Q5BND6,2.720562696456909,6.503086566925049,0.5335280771417364,0.4149758219718933,0.6096846765457478,2.5447743,5.9697537,0.52996385,0.42275906,0.6193045,IDP-ESM2-8M,42,288,0.17578840255737305,0.5333328247070312,0.0035642261666998243,0.007783234119415283,0.009619801622739788
Q5DKQ8,3.324183464050293,7.863261699676514,0.4948292055899956,0.389658123254776,0.6341355359211698,3.7645426,8.773828,0.5255459,0.4109619,0.6144844,IDP-ESM2-8M,42,288,0.44035911560058594,0.9105658531188965,0.03071668950964429,0.021303772926330566,0.019651106561733744
Q5DRF7,3.076700210571289,7.439675807952881,0.557793353046012,0.4305523931980133,0.5721776179819754,2.6250837,6.215694,0.5405796,0.4173959,0.5676792,IDP-ESM2-8M,42,288,0.4516165256500244,1.2239818572998047,0.017213736022543946,0.013156503438949585,0.0044983915835073995
Q5EM22,2.684523344039917,5.610521793365479,0.4132749621703045,0.3232689797878265,0.7500373299498605,3.5387986,8.14779,0.49608773,0.39914948,0.70683277,IDP-ESM2-8M,42,288,0.8542752265930176,2.5372681617736808,0.08281276776057317,0.07588049769401556,0.04320456341696255
Q5EWN0,2.374598264694214,5.599063873291016,0.517064436008847,0.3992294371128082,0.6143726764149922,2.3497643,5.5316577,0.52968836,0.41943136,0.5948206,IDP-ESM2-8M,42,288,0.02483391761779785,0.06740617752075195,0.01262392229803777,0.020201921463012695,0.019552057785536592
Q5EWN1,2.362752914428711,5.402267932891846,0.5109017208811979,0.417553037405014,0.6187765766437717,2.280996,5.355351,0.5238807,0.41616306,0.5997838,IDP-ESM2-8M,42,288,0.0817568302154541,0.046916961669921875,0.012978999257351909,0.0013899803161620539,0.018992798453158932
Q5FXX2,2.0861401557922363,4.7807464599609375,0.5094780659430886,0.4063389897346496,0.6179045118092872,2.1803,5.103698,0.5239439,0.41917965,0.6022831,IDP-ESM2-8M,42,288,0.09415984153747559,0.3229513168334961,0.014465835118923076,0.012840658426284846,0.01562139165395271
Q5G246,1.882405400276184,4.52691650390625,0.5494626574034231,0.4297519028186798,0.5487939108771245,2.046907,4.873825,0.543568,0.428349,0.55943465,IDP-ESM2-8M,42,288,0.16450154781341553,0.3469085693359375,0.005894642304851372,0.0014029145240783691,0.010640741451366731
Q5G5L6,1.9499279260635376,4.693095207214356,0.5609519621811987,0.4395295977592468,0.556758495448631,1.8441522,4.4038725,0.5450316,0.43580094,0.58146614,IDP-ESM2-8M,42,288,0.10577571392059326,0.28922271728515714,0.0159203550301672,0.0037286579608917236,0.024707642914253536
Q5G5M1,1.8794512748718264,4.47142505645752,0.5268920679176078,0.4299846589565277,0.5934299308064778,1.8844929,4.4819655,0.53924996,0.43250036,0.5927396,IDP-ESM2-8M,42,288,0.005041599273681419,0.01054048538207919,0.012357888690210816,0.0025157034397125244,0.0006903487447101897
Q5G5N5,1.8894003629684448,4.635485649108887,0.5612692725788075,0.43549644947052,0.5454438073774469,1.8730354,4.4477854,0.5322925,0.42853883,0.6001948,IDP-ESM2-8M,42,288,0.0163649320602417,0.1877002716064453,0.02897678734168596,0.00695762038230896,0.05475100444353698
Q5G5P3,1.9669383764266968,4.784369468688965,0.569670801646763,0.4542483985424042,0.5464158698098756,1.9197007,4.563757,0.5388775,0.4308483,0.58892256,IDP-ESM2-8M,42,288,0.04723763465881348,0.2206125259399414,0.030793314464145793,0.023400098085403442,0.042506690405120784
Q5G5R6,1.921505570411682,4.609035968780518,0.5638714178238533,0.4456008970737457,0.5496177513886793,1.8883548,4.5166616,0.5477255,0.43615714,0.5752719,IDP-ESM2-8M,42,288,0.033150792121886985,0.09237432479858398,0.016145919147553256,0.00944375991821289,0.02565415307985708
Q5G5T2,1.9132506847381592,4.498199939727783,0.5560350917649853,0.452099084854126,0.5603823592326177,1.8898356,4.4929314,0.5424406,0.4338767,0.5790231,IDP-ESM2-8M,42,288,0.023415088653564453,0.005268573760986328,0.01359449852234007,0.018222391605377197,0.018640763554857886
Q5GQU4,2.033834457397461,5.104779243469238,0.6021747710305749,0.4716444313526153,0.519307095685486,2.0123792,4.9287004,0.5776281,0.4585346,0.54982436,IDP-ESM2-8M,42,288,0.02145528793334961,0.17607879638671875,0.02454669495406736,0.013109833002090399,0.030517261347289826
Q5I4I5,2.291156530380249,5.389146327972412,0.564638052005897,0.4420172572135925,0.5479899170428395,2.2896113,5.519112,0.55915034,0.44117185,0.5709862,IDP-ESM2-8M,42,288,0.0015451908111572266,0.12996578216552734,0.005487713832984409,0.0008454024791716974,0.022996294257056737
Q5J596,1.65376079082489,4.07420539855957,0.5837582672734937,0.4606442153453827,0.514411072764436,1.5101238,3.654873,0.54662114,0.436072,0.56233764,IDP-ESM2-8M,42,288,0.14363694190978982,0.41933250427246094,0.03713712345559206,0.0245722234249115,0.04792656418319585
Q5J5A1,1.584458351135254,3.887744426727295,0.5612658233019812,0.4431024491786957,0.5320739886843151,1.6520532,3.9837103,0.55138195,0.44014314,0.55993783,IDP-ESM2-8M,42,288,0.06759488582611084,0.09596586227416992,0.009883877691934773,0.002959311008453369,0.027863846055369956
Q5J5A3,1.6017367839813232,3.8926496505737305,0.5537794151436485,0.4361048638820648,0.5495451856386196,1.6159747,3.8859289,0.5358945,0.42411876,0.5814574,IDP-ESM2-8M,42,288,0.01423788070678711,0.006720781326293945,0.01788490201346049,0.011986106634140015,0.03191219084148289
Q5J5A8,1.6094598770141602,3.9093847274780273,0.567642834286361,0.4526602923870086,0.531795546320443,1.5894433,3.8269591,0.5427702,0.4312066,0.5671675,IDP-ESM2-8M,42,288,0.02001655101776123,0.08242559432983398,0.0248726273581078,0.02145367860794062,0.035371974202628276
Q5L446,3.0442686080932617,7.277668476104736,0.5468267931123518,0.4203929901123047,0.5834569070662117,3.185846,7.445009,0.5385819,0.42571726,0.6196751,IDP-ESM2-8M,42,288,0.14157748222351074,0.16734075546264648,0.008244885363175802,0.005324274301528931,0.036218192783489256
Q5MIE7,1.6435028314590454,3.8831627368927,0.5870121445272306,0.5011969804763794,0.5325395313296067,1.6252228,3.9758518,0.5647965,0.46292558,0.53968245,IDP-ESM2-8M,42,288,0.018280029296875,0.09268903732299805,0.02221563716867958,0.03827139735221863,0.007142916580702097
Q5QF78,2.631577491760254,6.178955078125,0.5966530097253679,0.4940981268882751,0.5451461924853405,2.3366761,5.600243,0.5611991,0.45245624,0.5818939,IDP-ESM2-8M,42,288,0.29490137100219727,0.578711986541748,0.035453881097590845,0.041641891002654974,0.036747728413097036
Q5UNW3,4.311804294586182,9.602710723876951,0.414782955284823,0.3290220201015472,0.852028985706699,4.0775666,9.331918,0.4795872,0.37868404,0.6881615,IDP-ESM2-8M,42,288,0.2342376708984375,0.2707929611206037,0.06480424201894897,0.04966202378273016,0.16386749335898176
Q5UQA4,4.212326049804688,9.72321891784668,0.4143320200403111,0.3433122336864471,0.8707023028805091,4.1529446,9.181184,0.4385118,0.3688308,0.8552029,IDP-ESM2-8M,42,288,0.05938148498535245,0.5420351028442383,0.024179768804751145,0.02551856637001043,0.015499389596207336
Q5UTC0,2.0729782581329346,4.965688705444336,0.5707784623345191,0.4571698904037475,0.5412948970015075,1.942256,4.616265,0.53717965,0.42885938,0.5876438,IDP-ESM2-8M,42,288,0.1307222843170166,0.349423885345459,0.033598813458328936,0.028310507535934393,0.04634890516447765
Q5UTC9,1.8950999975204468,4.4206366539001465,0.5323557524833081,0.4201928079128265,0.5824324660817561,1.9397684,4.605678,0.5338104,0.4237841,0.5853035,IDP-ESM2-8M,42,288,0.04466843605041504,0.1850414276123047,0.0014546246376635485,0.0035912990570068914,0.0028710193117680305
Q5UTE2,1.9701052904129028,4.445380210876465,0.5077958758054008,0.4085776209831238,0.6333797053821805,1.9375422,4.6066523,0.53864264,0.43012738,0.58925617,IDP-ESM2-8M,42,288,0.032563090324401855,0.1612720489501953,0.030846769076801395,0.021549761295318604,0.04412353797037627
Q5UTE6,2.02629017829895,4.931582450866699,0.5726169412141431,0.4495616853237152,0.538812692472448,2.0505924,4.8285813,0.53091353,0.42564353,0.60319793,IDP-ESM2-8M,42,288,0.024302244186401367,0.10300111770629883,0.04170340943390016,0.02391815185546875,0.06438523977089916
Q5Y0N1,2.978156089782715,6.9281744956970215,0.5010263274868477,0.4061085879802704,0.6485101093490651,2.950286,6.847698,0.5141213,0.41262597,0.6323905,IDP-ESM2-8M,42,288,0.02787017822265625,0.08047628402709961,0.013094966534758723,0.006517380475997925,0.01611961023407482
Q5YA80,1.7925066947937012,4.636887073516846,0.6199883442656541,0.4939155578613281,0.4946357404502821,1.7786317,4.521996,0.6112444,0.48192134,0.5116638,IDP-ESM2-8M,42,288,0.013875007629394531,0.11489105224609375,0.008743963791563503,0.011994212865829468,0.01702805406723501
Q5YF20,2.0086584091186523,4.829397678375244,0.5306308623054288,0.4010698795318603,0.5719889399639683,2.1050413,5.0290318,0.5386958,0.42318168,0.57373023,IDP-ESM2-8M,42,288,0.09638285636901855,0.19963407516479492,0.008064949919913023,0.022111803293228205,0.0017412903674526303
Q5YFF2,3.998335599899292,9.456369400024414,0.5004703897324119,0.3858807981014251,0.6170754799501856,3.3945515,7.876479,0.5129308,0.40333351,0.6040887,IDP-ESM2-8M,42,288,0.6037840843200684,1.579890251159668,0.0124604207190957,0.017452716827392634,0.012986756290670254
Q5ZQY2,1.4544910192489624,3.456735610961914,0.5427397400400185,0.4358442723751068,0.5489649291679705,1.4829266,3.5823188,0.5480905,0.4387436,0.5566186,IDP-ESM2-8M,42,288,0.028435587882995605,0.12558317184448242,0.005350777480886082,0.0028993189334869385,0.007653642113462644
Q64921,2.721278190612793,6.51984453201294,0.5761227851114861,0.4643282294273376,0.5464105059089015,2.6374974,6.3110437,0.5522909,0.43126544,0.56228405,IDP-ESM2-8M,42,288,0.08378076553344727,0.20880079269409269,0.023831868668614975,0.03306278586387629,0.01587354646307726
Q64989,1.6552700996398926,3.837820529937744,0.5262213943544736,0.4167562127113342,0.5704533809203716,1.6684451,4.0122924,0.55152386,0.44077846,0.5530283,IDP-ESM2-8M,42,288,0.013175010681152344,0.17447185516357422,0.02530246991478302,0.024022251367569025,0.017425095416984115
Q65048,1.6639560461044312,3.947634220123291,0.5506810353781234,0.4381477832794189,0.5582615181159338,1.7370739,4.123031,0.5415483,0.4341731,0.58608747,IDP-ESM2-8M,42,288,0.07311785221099854,0.17539691925048828,0.00913272366776574,0.003974676132202093,0.027825947170321053
Q65541,2.0185751914978027,4.854928970336914,0.5581267835319248,0.4517140090465545,0.5474869940775022,1.8835795,4.601656,0.56824315,0.4438432,0.5257341,IDP-ESM2-8M,42,288,0.134995698928833,0.25327301025390625,0.010116362410763191,0.007870823144912664,0.021752867509661655
Q65548,2.2520880699157715,5.023036003112793,0.2368227076889183,0.2295069545507431,1.3090697641591802,2.199571,4.278796,0.2878955,0.2993831,1.080482,IDP-ESM2-8M,42,288,0.05251717567443848,0.7442398071289062,0.05107279297102432,0.06987614929676056,0.22858775808618215
Q66544,1.532097578048706,3.755449771881104,0.5777695419508301,0.4496573209762573,0.5088814913336637,1.4389364,3.489753,0.5500084,0.43871537,0.54157454,IDP-ESM2-8M,42,288,0.09316122531890869,0.26569676399231,0.027761125774987794,0.010941952466964722,0.032693046420395167
Q66546,1.6657354831695557,4.050241470336914,0.5449105553056065,0.427048772573471,0.5597956687000054,1.6258807,3.942541,0.5660118,0.45824236,0.54277945,IDP-ESM2-8M,42,288,0.03985476493835449,0.10770058631896973,0.02110123115526996,0.03119358420372015,0.01701622305181205
Q66550,3.3319387435913086,7.936725616455078,0.5654881338489295,0.4343681633472442,0.5607169041869989,3.0349631,7.270233,0.54812855,0.43092573,0.61199546,IDP-ESM2-8M,42,288,0.29697561264038086,0.6664924621582031,0.017359588564658246,0.0034424364566802423,0.05127855441590634
Q66741,1.497490644454956,3.556314468383789,0.5421452189988245,0.4366674423217773,0.5895518536975456,1.4467378,3.4620633,0.55118215,0.4515404,0.5841519,IDP-ESM2-8M,42,288,0.050752878189086914,0.09425115585327148,0.00903693184193477,0.014872968196868952,0.005399930041081968
Q67285,1.9764577150344849,4.661618232727051,0.5208536180729475,0.4044969081878662,0.5856114506211437,1.9375458,4.654383,0.53228873,0.4170469,0.5718567,IDP-ESM2-8M,42,288,0.03891193866729736,0.007235050201416016,0.011435112071553233,0.012549996376037598,0.01375477308894768
Q68556,1.7577142715454102,4.114188194274902,0.558750140267279,0.4589743018150329,0.5771290015827807,1.5813016,3.7948673,0.5326384,0.430342,0.5938034,IDP-ESM2-8M,42,288,0.1764127016067505,0.3193209171295166,0.02611176927652581,0.028632313013076727,0.016674404178938063
Q68628,2.946610450744629,6.914920806884766,0.4725447502680235,0.3479688763618469,0.7138632172179613,3.19129,7.427771,0.51940274,0.41143045,0.6426332,IDP-ESM2-8M,42,288,0.24467945098876953,0.512850284576416,0.04685799211784075,0.06346157193183899,0.07123001752618885
Q68967,2.943380117416382,7.189985275268555,0.5790463555628337,0.4430299401283264,0.5573885785675154,2.9848528,7.2632933,0.59000874,0.46677533,0.5370696,IDP-ESM2-8M,42,288,0.041472673416137695,0.07330799102783203,0.0109623800939046,0.02374538779258728,0.020318959865580632
Q68UW8,1.482883334159851,3.593266248703003,0.5761078807673596,0.4652809500694275,0.5336096271490469,1.5119812,3.6343217,0.54881746,0.4401326,0.55549973,IDP-ESM2-8M,42,288,0.029097914695739746,0.04105544090270996,0.027290424998774432,0.025148361921310425,0.02189010534530733
Q69018,2.4138550758361816,5.564433574676514,0.5650807363233658,0.4726381301879883,0.5709985821270022,2.5036955,5.976835,0.5135867,0.41936433,0.67445505,IDP-ESM2-8M,42,288,0.08984041213989258,0.4124011993408203,0.051494036360749784,0.053273797035217285,0.1034564645267454
Q69073,1.924831509590149,4.656740188598633,0.5502471846986237,0.4262430667877197,0.554211990217595,2.0550382,4.9099646,0.5458157,0.4313284,0.5677768,IDP-ESM2-8M,42,288,0.13020670413970947,0.25322437286376953,0.004431478445571901,0.00508531928062439,0.013564808984370291
Q69092,1.8212453126907349,3.9832956790924072,0.447801384786439,0.3951309323310852,0.6930728746160842,1.7073057,3.8292327,0.45184878,0.3778656,0.724177,IDP-ESM2-8M,42,288,0.11393964290618896,0.15406298637390137,0.00404739036195273,0.01726531982421875,0.031104128290715072
Q69144,2.3015124797821045,5.433731555938721,0.4904087541627114,0.3735054135322571,0.619492928671545,2.4537308,5.7452793,0.5102253,0.40491843,0.6106663,IDP-ESM2-8M,42,288,0.15221834182739258,0.31154775619506836,0.01981654185779641,0.03141301870346069,0.008826653647130978
Q69192,1.7695568799972534,3.897217750549317,0.4729556563879973,0.4138109683990478,0.6842790021375231,2.1246521,5.2786536,0.5849538,0.46741563,0.52484924,IDP-ESM2-8M,42,288,0.3550952672958374,1.3814358711242671,0.11199812855462965,0.053604662418365534,0.159429766126018
Q69220,2.0835678577423096,4.82351016998291,0.5240968154685017,0.4029995799064636,0.6002292115661706,2.1820886,5.209279,0.5454019,0.42844817,0.5720391,IDP-ESM2-8M,42,288,0.09852075576782227,0.3857688903808594,0.02130505573587449,0.025448590517044067,0.02819008421631708
Q69CH6,5.045987606048584,11.953591346740724,0.5695694103703244,0.4562172591686249,0.5877369227092495,4.611815,10.934952,0.5792528,0.45560905,0.5762902,IDP-ESM2-8M,42,288,0.4341726303100586,1.018639564514162,0.009683369113470786,0.0006082057952880859,0.011446732489370337
Q69CK3,1.7623889446258545,4.175652027130127,0.5415932654643855,0.4357801079750061,0.5812377981509774,1.6247838,3.9159558,0.54392165,0.43752787,0.57743937,IDP-ESM2-8M,42,288,0.1376051902770996,0.25969624519348145,0.002328383991638705,0.0017477571964263916,0.0037984303798287433
Q69CL1,1.7611870765686035,4.199831485748291,0.5453601451943059,0.4469010233879089,0.5747633014335147,1.8302457,4.4157634,0.5537402,0.44273674,0.5732744,IDP-ESM2-8M,42,288,0.06905865669250488,0.21593189239501953,0.00838005818627885,0.0041642785072326105,0.0014889274253360174
Q6DN18,2.2022202014923096,5.136129856109619,0.5485746130624536,0.425222247838974,0.5653471122023079,2.3712246,5.668043,0.5474894,0.4279165,0.5764236,IDP-ESM2-8M,42,288,0.1690044403076172,0.5319132804870605,0.00108520838410886,0.002694249153137207,0.011076473212578541
Q6GZR0,1.974941849708557,4.70507287979126,0.5523648215536051,0.423797607421875,0.541220968347037,1.9542973,4.7143826,0.5655897,0.44625187,0.5290655,IDP-ESM2-8M,42,288,0.020644545555114524,0.009309768676757812,0.013224904417616812,0.022454261779785156,0.012155478578055101
Q6I8V7,1.7741509675979614,4.215088367462158,0.5348071292927167,0.4128416180610657,0.5741065337916793,2.0346344,4.8326325,0.53550625,0.42479584,0.5808523,IDP-ESM2-8M,42,288,0.26048338413238525,0.6175441741943359,0.0006991191814044173,0.01195421814918518,0.006745795939308241
Q6IWY9,2.5217905044555664,6.211987495422363,0.570301658699334,0.4228795766830444,0.536613210176399,2.5073795,6.2052684,0.6036843,0.46389028,0.47989324,IDP-ESM2-8M,42,288,0.014410972595214844,0.006719112396240234,0.03338264744538033,0.041010707616806086,0.05671997282402774
Q6J7X0,1.8016784191131592,4.306604385375977,0.5576264407227011,0.4539653062820434,0.5684606758206677,1.807193,4.257564,0.5269288,0.43129474,0.6386527,IDP-ESM2-8M,42,288,0.005514621734619141,0.04904031753540039,0.030697658259627336,0.022670567035674993,0.0701920064837146
Q6JIB3,2.71882700920105,6.35574197769165,0.518872235015009,0.3997743129730224,0.5959089679587009,2.8094316,6.575851,0.5144088,0.40441442,0.6178067,IDP-ESM2-8M,42,288,0.09060454368591309,0.2201089859008789,0.004463408187006079,0.004640102386474665,0.021897705091225905
Q6JKC4,3.1350464820861816,7.277046680450439,0.6022895761171414,0.5018131136894226,0.5532685323957398,2.9526055,7.204287,0.6048028,0.4753533,0.5249159,IDP-ESM2-8M,42,288,0.18244099617004395,0.07275962829589755,0.0025132111867831597,0.026459813117980957,0.028352658391375796
Q6JPE0,3.429619073867798,8.087538719177246,0.5897131909296235,0.4794129133224487,0.5725517414650693,3.2401452,7.772153,0.5817917,0.4587196,0.5631177,IDP-ESM2-8M,42,288,0.18947386741638184,0.3153858184814453,0.007921491996975782,0.02069330215454096,0.00943405853126189
Q6L620,2.7586705684661865,6.467967987060547,0.5296071346648131,0.4021210372447967,0.5887522976430174,2.7050745,6.308259,0.515182,0.4067834,0.6205568,IDP-ESM2-8M,42,288,0.05359601974487305,0.15970897674560547,0.014425116384783832,0.004662364721298273,0.03180447411220111
Q6L8S9,2.8857195377349854,6.822199821472168,0.530337313121706,0.4179742336273193,0.5998359848610542,2.7055383,6.3842793,0.5419919,0.426921,0.5891323,IDP-ESM2-8M,42,288,0.18018126487731934,0.43792057037353516,0.011654576355070168,0.008946776390075739,0.010703675901093224
Q6LAM5,2.735472679138184,6.329776763916016,0.500352818684556,0.4006263613700866,0.6413062765804386,2.6419587,6.1405554,0.4993785,0.39490914,0.6386207,IDP-ESM2-8M,42,288,0.0935139656066899,0.18922138214111328,0.0009743163156290535,0.005717217922210638,0.002685601970300655
Q6PL42,2.9648478031158447,6.736685752868652,0.5250279272037119,0.4166795611381531,0.6538042384779562,2.9556885,6.922756,0.5327119,0.42793426,0.65720123,IDP-ESM2-8M,42,288,0.009159326553344727,0.18607044219970703,0.007683995918694064,0.011254698038101196,0.003396992048014247
Q6PNN9,3.3715264797210693,8.122313499450684,0.5458943747341826,0.4287697970867157,0.5791326974781555,3.417271,8.019566,0.5401024,0.4248083,0.6049331,IDP-ESM2-8M,42,288,0.04574441909790039,0.10274791717529297,0.005791952496786323,0.003961503505706787,0.02580038557924802
Q6PNP1,3.2244951725006104,7.397436141967773,0.5007980896668349,0.4128736853599548,0.6604714001170341,3.3171654,7.759864,0.5207468,0.4121292,0.6312092,IDP-ESM2-8M,42,288,0.09267020225524902,0.3624277114868164,0.019948737458714394,0.0007444918155669611,0.029262205456847323
Q6Q435,1.5923476219177246,3.678548574447632,0.5337595416051507,0.4345449209213257,0.5968183120686377,1.5571268,3.7784603,0.55909747,0.45221683,0.56075305,IDP-ESM2-8M,42,288,0.03522086143493652,0.09991168975830078,0.025337927247846115,0.017671912908554077,0.03606526460235959
Q6QDP2,2.554704666137696,6.2132439613342285,0.5260931718651363,0.4033297598361969,0.584129543795906,2.5516548,5.987808,0.51060194,0.4005311,0.6175709,IDP-ESM2-8M,42,288,0.0030498504638680757,0.22543573379516602,0.01549123409429276,0.0027986466884613037,0.03344133327928933
Q6QDP3,2.469371795654297,5.796480655670166,0.504197896349668,0.3823313117027282,0.6109355247271044,2.630259,6.2193513,0.5258317,0.40922818,0.595098,IDP-ESM2-8M,42,288,0.1608872413635254,0.4228706359863281,0.02163380302166984,0.026896864175796564,0.015837506080864205
Q6QK79,2.3386306762695312,5.418101787567139,0.5053266430460752,0.4009521007537842,0.6431781955925935,2.2006307,5.158135,0.527335,0.42487517,0.617308,IDP-ESM2-8M,42,288,0.1380000114440918,0.2599668502807617,0.0220083450711428,0.02392306923866272,0.025870175000857643
Q6QPN2,1.5393062829971311,3.687211275100708,0.5477612294978118,0.4449065327644348,0.5440511316180008,1.4782614,3.5346553,0.5441492,0.43618807,0.5669655,IDP-ESM2-8M,42,288,0.06104493141174294,0.1525559425354004,0.0036120095080351966,0.00871846079826355,0.022914388763926707
Q6QQZ8,2.580897808074951,6.219671249389648,0.5551981639619814,0.4309503436088562,0.5314630594765714,2.6591408,6.2973228,0.5238344,0.40659505,0.5959418,IDP-ESM2-8M,42,288,0.07824301719665527,0.0776515007019043,0.03136375663242208,0.024355292320251465,0.06447872252110931
Q6QX44,2.5571274757385254,6.504353046417236,0.6350170734645972,0.4943828880786896,0.5116153586814234,2.3843062,5.968539,0.63258827,0.4981786,0.5075332,IDP-ESM2-8M,42,288,0.1728212833404541,0.5358138084411621,0.0024288061382422566,0.003795713186264038,0.004082166046840863
Q6QX45,2.572512149810791,6.508735179901123,0.6331599560995833,0.4983611702919006,0.5064286359211715,2.3479457,5.8881617,0.6295302,0.4955783,0.5040947,IDP-ESM2-8M,42,288,0.22456645965576172,0.6205735206604004,0.0036297646780745207,0.0027828812599181574,0.002333916034391703
Q6QXN6,2.367586135864258,5.618709564208984,0.581913093811028,0.4521792531013489,0.5495220767802669,2.230319,5.6890135,0.6374104,0.4991446,0.45202696,IDP-ESM2-8M,42,288,0.1372671127319336,0.07030391693115234,0.05549730848694567,0.04696536064147949,0.09749511354631912
Q6RJI1,2.164913892745972,5.06606388092041,0.507932667058118,0.4099828600883484,0.6066406506637038,2.4273133,5.705487,0.5265127,0.41538292,0.5985715,IDP-ESM2-8M,42,288,0.2623994350433345,0.6394228935241699,0.018580015379778714,0.00540006160736084,0.008069171343177639
Q6SL65,2.161513328552246,5.58795166015625,0.6273728483982928,0.4682694375514984,0.4987930518851867,2.0465777,5.1842933,0.61997604,0.49282232,0.51648825,IDP-ESM2-8M,42,288,0.11493563652038574,0.403658390045166,0.007396804697120896,0.024552881717681885,0.017695202185095293
Q6SPV7,2.19763445854187,5.1984734535217285,0.5384215703884132,0.4212076067924499,0.5881631952334274,2.078101,4.885055,0.5276769,0.42348778,0.6014493,IDP-ESM2-8M,42,288,0.11953353881835938,0.3134183883666992,0.010744690028763548,0.002280175685882624,0.013286115546144117
Q6SPW0,2.055255174636841,4.969564914703369,0.5456537772900191,0.4339564442634582,0.5747552447264905,1.970008,4.6193323,0.5263893,0.42280647,0.6028652,IDP-ESM2-8M,42,288,0.08524715900421143,0.3502326011657715,0.0192644764668074,0.01114997267723078,0.028109974389720405
Q6SPW6,2.1450161933898926,5.0379638671875,0.550439624490544,0.4310363531112671,0.5735961890270416,1.9669151,4.616168,0.52736354,0.42472327,0.60452664,IDP-ESM2-8M,42,288,0.1781010627746582,0.4217958450317383,0.023076085748478525,0.0063130855560302734,0.030930449957638606
Q6TNN1,1.7742036581039429,4.230389595031738,0.546821753984131,0.4289165437221527,0.5542496823219178,1.7656773,4.235386,0.5454876,0.43193692,0.55624056,IDP-ESM2-8M,42,288,0.008526325225830078,0.004996299743652344,0.001334171300567788,0.003020375967025757,0.001990876302349731
Q6TVK4,4.712969779968262,11.346480369567873,0.55748028934228,0.42815101146698,0.5987409731460644,4.144997,9.755819,0.554713,0.43370628,0.61375695,IDP-ESM2-8M,42,288,0.5679726600646973,1.590661048889162,0.0027672785543161327,0.005555272102355957,0.015015981523887945
Q6TVY4,5.14002799987793,12.416936874389648,0.5610203616537888,0.4413512349128723,0.597259967601435,4.698702,11.021179,0.55648816,0.43389335,0.61790955,IDP-ESM2-8M,42,288,0.4413261413574219,1.3957576751708984,0.0045322053351242175,0.0074578821659088135,0.020649583065374122
Q6U9S1,2.17130184173584,5.221794605255127,0.5221571682588936,0.4035719931125641,0.596446315708735,2.2223396,5.3088183,0.54578096,0.4285418,0.5769459,IDP-ESM2-8M,42,288,0.05103778839111328,0.08702373504638672,0.023623788486254127,0.024969816207885742,0.01950041479168174
Q6UDH5,1.8142189979553225,4.3163652420043945,0.512674610782679,0.3966047763824463,0.604498091969246,1.7640953,4.06503,0.48063797,0.39582345,0.67922133,IDP-ESM2-8M,42,288,0.05012369155883811,0.25133514404296875,0.03203664319616162,0.000781327486038208,0.0747232401039657
Q6UGK8,1.845523834228516,4.41352128982544,0.5750490982930008,0.4724903106689453,0.5445670788896487,1.8750192,4.5720425,0.5605887,0.4468897,0.563123,IDP-ESM2-8M,42,288,0.029495358467101607,0.1585211753845206,0.014460380832368447,0.0256006121635437,0.018555908857543657
Q6VB58,1.8550479412078853,4.407886505126953,0.5308224736683997,0.4276774525642395,0.5721426470006873,1.878737,4.4438396,0.5207664,0.4129137,0.5842287,IDP-ESM2-8M,42,288,0.023689031600952593,0.03595304489135742,0.010056096219364097,0.014763742685317993,0.012086047438247038
Q6VB60,2.4176602363586426,5.629108905792236,0.5123571473101256,0.4045636057853699,0.6056500071875316,2.6032302,6.0831046,0.5312424,0.4201599,0.58786005,IDP-ESM2-8M,42,288,0.18557000160217285,0.4539957046508789,0.018885223295343145,0.01559630036354065,0.017789959370301367
Q6VB61,2.8100476264953613,6.665946006774902,0.5358198852749938,0.4117551743984222,0.5727646747079517,2.8537743,6.684599,0.5252007,0.4088954,0.59891176,IDP-ESM2-8M,42,288,0.04372668266296387,0.018652915954589844,0.010619160673248196,0.0028597712516784113,0.026147087529597157
Q6VB71,1.8810659646987915,4.47946834564209,0.5475026227691935,0.4247125685214996,0.5529100906346814,1.9094658,4.664263,0.5681562,0.445579,0.5210629,IDP-ESM2-8M,42,288,0.02839982509613037,0.18479442596435547,0.020653559996767212,0.020866423845291193,0.031847180077888226
Q6VTP7,2.505278348922729,6.4012064933776855,0.6558744524682508,0.5213404893875122,0.5027661178055288,2.6850991,7.0865455,0.7186649,0.5628927,0.36686885,IDP-ESM2-8M,42,288,0.17982077598571822,0.6853389739990234,0.06279043209900992,0.041552186012268066,0.13589726423649806
Q6VV29,1.4795007705688477,3.6253175735473633,0.5516941636524128,0.4262625575065613,0.5269569699240065,1.5728701,3.8773198,0.5617612,0.44021273,0.5077167,IDP-ESM2-8M,42,288,0.09336936473846436,0.2520022392272949,0.010067036775596283,0.013950169086456299,0.019240254588160588
Q6VV44,1.475824236869812,3.564107656478882,0.549250963617155,0.4231118857860565,0.5291716790103334,1.6326308,4.0499153,0.5794229,0.45324814,0.49100012,IDP-ESM2-8M,42,288,0.1568065881729126,0.4858076572418213,0.030171927522829156,0.03013625741004944,0.03817156313890391
Q6VXF3,1.476813554763794,3.502723455429077,0.5420013198614605,0.4424268007278442,0.5697035671017737,1.4821564,3.6240287,0.5596267,0.44926304,0.54818076,IDP-ESM2-8M,42,288,0.005342841148376465,0.12130522727966309,0.017625378632497024,0.0068362355232239325,0.02152280814867924
Q6VY62,2.337672233581543,5.863138198852539,0.6465155046680235,0.5153680443763733,0.4764080338044001,2.4078407,5.9043407,0.5723969,0.45537856,0.61018616,IDP-ESM2-8M,42,288,0.07016849517822266,0.041202545166015625,0.07411863024022813,0.059989482164382935,0.13377812580634818
Q6VZE3,2.272423505783081,5.51564884185791,0.5612855869617575,0.4402637481689453,0.5648862473667099,2.3864377,5.762634,0.56535125,0.44093382,0.5659722,IDP-ESM2-8M,42,288,0.1140141487121582,0.24698495864868164,0.0040656608257181315,0.0006700754165649414,0.0010859616100357128
Q6VZT0,2.18497371673584,5.311223983764648,0.5746672838414504,0.4529153704643249,0.5411373551083771,2.136307,5.1706414,0.5706591,0.4482474,0.5606281,IDP-ESM2-8M,42,288,0.04866671562194824,0.14058256149291992,0.004008182832081486,0.004667967557907049,0.01949076102245173
Q6WHL7,2.097550392150879,4.9373955726623535,0.5692539296165863,0.4562895894050598,0.5566984418762982,2.0870073,5.0559864,0.55259216,0.4487252,0.599259,IDP-ESM2-8M,42,288,0.010543107986450195,0.1185908317565918,0.016661771299020356,0.0075643956661224365,0.04256057702171201
Q6WY30,2.5215368270874023,5.955776214599609,0.5007125951944876,0.3960498571395874,0.6297660605583649,2.5262198,6.011875,0.53084075,0.41506192,0.60201794,IDP-ESM2-8M,42,288,0.004683017730712891,0.05609893798828125,0.030128159314484537,0.01901206374168396,0.027748121467636166
Q6YH51,7.320462226867676,17.39740753173828,0.609914166868617,0.4946008920669555,0.6178418402805358,5.182832,12.484947,0.6182173,0.4839727,0.59578097,IDP-ESM2-8M,42,288,2.1376304626464844,4.9124603271484375,0.008303122579167432,0.01062819361686701,0.022060871614459132
Q6YH62,2.564833641052246,6.061092376708984,0.5204733171082784,0.4135684669017792,0.5951349721612065,2.5308547,5.9298067,0.53197926,0.42048973,0.58468544,IDP-ESM2-8M,42,288,0.033978939056396484,0.1312856674194336,0.011505945720548527,0.006921261548995972,0.010449527329358332
Q70EH9,2.256706714630127,5.211214542388916,0.5072849390236005,0.392616868019104,0.6034322194406926,2.422125,5.6948223,0.51808894,0.40769726,0.6098253,IDP-ESM2-8M,42,288,0.16541838645935059,0.48360776901245117,0.010803997782124597,0.015080392360687256,0.006393093650585491
Q70EI1,2.3307747840881348,5.506917953491211,0.5445982164411342,0.4274991750717163,0.5483368621989864,2.4916956,5.8506746,0.5173471,0.40588126,0.60599965,IDP-ESM2-8M,42,288,0.1609208583831787,0.34375667572021484,0.027251119044283567,0.021617919206619263,0.05766278637202804
Q70EI2,2.305631637573242,5.477755069732666,0.5351632270578719,0.4209823608398437,0.5600726971176747,2.5141988,5.8989787,0.5154462,0.40567195,0.6131127,IDP-ESM2-8M,42,288,0.20856714248657227,0.42122364044189453,0.019717040992198065,0.015310406684875433,0.053039990946900484
Q70EI3,2.598297119140625,6.090439319610596,0.5087941321096333,0.394977331161499,0.6139290050957842,2.8072364,6.57257,0.52154094,0.4088215,0.61136657,IDP-ESM2-8M,42,288,0.2089393138885498,0.4821305274963379,0.012746807698258533,0.013844162225723267,0.002562435099904059
Q70EI6,2.776308536529541,6.74744987487793,0.5476065868975486,0.4286254048347473,0.5628084581960094,2.7564511,6.489209,0.5332768,0.4200677,0.5946857,IDP-ESM2-8M,42,288,0.019857406616210938,0.2582406997680664,0.014329790556606214,0.008557707071304321,0.03187721551767464
Q70EI7,2.3223912715911865,5.569392204284668,0.5460101811350452,0.4251411557197571,0.5434543485325699,2.4206579,5.762523,0.52506125,0.40757525,0.5916586,IDP-ESM2-8M,42,288,0.0982666015625,0.1931309700012207,0.02094893140207399,0.017565906047821045,0.048204243691551185
Q70EJ0,3.058694362640381,7.146986484527588,0.5469933496119954,0.4375001788139343,0.5763024628161825,3.0913467,7.289851,0.54307055,0.42773536,0.58562285,IDP-ESM2-8M,42,288,0.03265237808227539,0.14286470413208008,0.003922794878719049,0.009764820337295532,0.009320384264048243
Q70GQ7,1.8627036809921265,4.368287086486816,0.5042677771392344,0.3981814086437225,0.6091124181382181,1.9398795,4.59777,0.52131295,0.41384706,0.5924956,IDP-ESM2-8M,42,288,0.07717585563659668,0.22948312759399414,0.017045174902391547,0.015665650367736872,0.016616797887516244
Q70VJ7,2.332477331161499,5.564907073974609,0.51925048278472,0.4096395969390869,0.6113203024028487,2.2006197,5.1529207,0.522249,0.4163817,0.6116292,IDP-ESM2-8M,42,288,0.13185763359069824,0.4119863510131836,0.002998500598458742,0.0067420899868011475,0.0003088856579117616
Q70VK5,2.279634475708008,5.247781753540039,0.4889645832183667,0.3966677486896515,0.6615306433229603,2.2159255,5.147703,0.50810677,0.40984818,0.63134164,IDP-ESM2-8M,42,288,0.06370902061462402,0.10007858276367188,0.01914218491288938,0.013180434703826904,0.030189007142082613
Q70VN3,2.429715633392334,5.672295570373535,0.5134105526553528,0.4074264466762543,0.6145530409953894,2.3077333,5.383945,0.5216346,0.4167835,0.6145279,IDP-ESM2-8M,42,288,0.12198233604431152,0.28835058212280273,0.008224026049481137,0.009357064962387085,2.515984991213749e-05
Q70VN5,2.355597734451294,5.523637771606445,0.4908131701507134,0.3821170926094055,0.6488239142803198,2.2566874,5.2243967,0.49932432,0.400444,0.6371397,IDP-ESM2-8M,42,288,0.09891033172607422,0.2992410659790039,0.008511151596112765,0.018326908349990845,0.011684236278916016
Q70VQ5,2.406754493713379,5.399946689605713,0.4978472185897253,0.4117988348007202,0.6457000426944283,2.2857578,5.335791,0.52187324,0.41697466,0.60748047,IDP-ESM2-8M,42,288,0.12099671363830566,0.06415557861328125,0.024026017112789344,0.00517582893371582,0.03821957632861406
Q70VR9,2.106546401977539,5.104905605316162,0.5335297758984839,0.4077145457267761,0.5623564171617322,2.2259793,5.215806,0.52115357,0.41416392,0.60416466,IDP-ESM2-8M,42,288,0.11943292617797852,0.1109004020690918,0.012376206676987356,0.006449371576309204,0.04180824281522699
Q70VT5,2.3853189945220947,5.704394340515137,0.5015119280054693,0.3954074084758758,0.6320264225041515,2.2880592,5.3295827,0.51721567,0.4138003,0.6150603,IDP-ESM2-8M,42,288,0.0972597599029541,0.37481164932250977,0.015703741149651562,0.018392890691757258,0.01696609306689567
Q70VT7,2.25594449043274,5.127158164978027,0.4836446458796844,0.3822836279869079,0.6671574694446282,2.1620936,5.0464735,0.5182415,0.41459286,0.61855805,IDP-ESM2-8M,42,288,0.09385085105896085,0.08068466186523438,0.03459687881666568,0.03230923414230352,0.04859942024266284
Q716F8,1.85551118850708,4.438958644866943,0.5462828390183625,0.4083129465579986,0.5671900014809929,1.8199956,4.4391623,0.5755468,0.45984843,0.5475257,IDP-ESM2-8M,42,288,0.035515546798706055,0.00020360946655273438,0.02926396207187798,0.05153548717498785,0.019664297573979916
Q719M9,2.2157201766967773,5.143022060394287,0.4481599436921195,0.4092940390110016,0.779343455454892,2.8427496,6.6399107,0.5516201,0.46073782,0.64674693,IDP-ESM2-8M,42,288,0.6270294189453125,1.4968886375427246,0.10346018207844937,0.051443785429000854,0.13259652199465644
Q71BY2,2.8214311599731445,6.344538688659668,0.5306795038701809,0.424539715051651,0.6026084276784897,3.0367293,7.1586714,0.5401221,0.4190007,0.5831634,IDP-ESM2-8M,42,288,0.21529817581176758,0.8141326904296875,0.009442587899991195,0.005539029836654663,0.019445047055625886
Q73233,1.5254905223846436,3.6985039710998535,0.5807880147604654,0.471746414899826,0.531221512660088,1.490483,3.6215167,0.55636734,0.44823796,0.55553496,IDP-ESM2-8M,42,288,0.035007476806640625,0.07698726654052734,0.024420677056760542,0.023508459329605047,0.024313446179328513
Q75QS2,2.624948740005493,6.316055774688721,0.5377659545878488,0.425811767578125,0.597384831836224,2.6159222,6.174918,0.53361124,0.42256233,0.60801595,IDP-ESM2-8M,42,288,0.009026527404785156,0.14113759994506836,0.004154716585071716,0.003249436616897583,0.010631122658252279
Q75QS3,2.5275821685791016,6.224846363067627,0.5580438003868672,0.4284420907497406,0.5557143991380561,2.581821,6.1426864,0.54819566,0.42997658,0.58078045,IDP-ESM2-8M,42,288,0.05423879623413086,0.08215999603271484,0.009848140272578854,0.001534491777420044,0.025066047391332336
Q75QT5,2.429696559906006,5.749466419219971,0.5224370656115581,0.3921277523040771,0.6188184114796829,2.3610287,5.646212,0.5458373,0.42859682,0.57187355,IDP-ESM2-8M,42,288,0.06866788864135742,0.10325431823730469,0.023400217522902333,0.03646907210350042,0.04694486583301538
Q75QT6,2.704485416412353,6.507486343383789,0.5595770875445147,0.4376252889633178,0.5706413942737804,2.6925697,6.3968186,0.54378146,0.42538157,0.58564174,IDP-ESM2-8M,42,288,0.011915683746337447,0.11066770553588867,0.01579562821300229,0.012243717908859197,0.015000347478844156
Q75R01,2.2098069190979004,5.199785709381104,0.5398651084094575,0.4098648428916931,0.5840859886248904,2.1923637,5.1577487,0.52518076,0.4165517,0.60706955,IDP-ESM2-8M,42,288,0.017443180084228516,0.04203701019287198,0.0146843513637116,0.006686866283416748,0.022983563319842304
Q75ZR8,2.4300730228424072,5.565831184387207,0.50027875599508,0.3742142617702484,0.6288565640928921,2.5768325,6.0935764,0.52528703,0.40796664,0.59084094,IDP-ESM2-8M,42,288,0.1467595100402832,0.527745246887207,0.02500827613230039,0.033752381801605225,0.03801562838579986
Q75ZS3,2.4403738975524902,5.643614292144775,0.5038751062231163,0.4041329324245453,0.6172009478371864,2.5144975,5.9667773,0.52584875,0.40835357,0.58081776,IDP-ESM2-8M,42,288,0.07412362098693848,0.3231630325317383,0.021973640076627388,0.004220634698867798,0.03638318880016855
Q75ZS7,2.4154257774353027,5.609750270843506,0.4982203585921658,0.3819852769374847,0.6294691313755901,2.4886975,5.8814445,0.5209516,0.40614608,0.59909356,IDP-ESM2-8M,42,288,0.0732717514038086,0.2716941833496094,0.022731270092831768,0.02416080236434942,0.03037557497147636
Q76745,1.6197668313980105,4.083465576171875,0.5671609058460524,0.4411065280437469,0.5451906792214589,1.7640059,4.304532,0.5818514,0.46317092,0.534805,IDP-ESM2-8M,42,288,0.1442390680313108,0.22106647491455078,0.014690516940660259,0.02206438779830938,0.010385679393120295
Q77369,1.9440592527389529,4.746858596801758,0.5403707700022311,0.4138834476470947,0.5638217623022344,1.9933287,4.6216083,0.50380635,0.41212517,0.634396,IDP-ESM2-8M,42,288,0.04926943778991677,0.12525033950805664,0.03656441738687466,0.001758277416229248,0.07057425429551345
Q778N1,2.499972581863404,5.774899959564209,0.5104073166113389,0.3991115689277649,0.6231563915571252,2.447596,5.7835293,0.5277712,0.41548547,0.6016751,IDP-ESM2-8M,42,288,0.05237650871276944,0.008629322052001953,0.017363858296345458,0.016373902559280396,0.021481298383144498
Q77F13,3.321436882019043,8.371323585510254,0.6471326115862842,0.505106508731842,0.5247048288668835,3.0729022,7.8755636,0.678847,0.5325614,0.46593922,IDP-ESM2-8M,42,288,0.2485346794128418,0.4957599639892578,0.031714403317738005,0.027454912662506104,0.05876560510055662
Q77IW3,3.715964317321777,9.1942777633667,0.649436248938466,0.5244867205619812,0.4745223584745893,3.5568652,8.861375,0.63040257,0.48625633,0.47742105,IDP-ESM2-8M,42,288,0.15909910202026323,0.3329029083251953,0.01903368393602456,0.03823038935661316,0.002898686828755437
Q77MY7,3.0509839057922363,7.320374965667725,0.5377580044460517,0.430095374584198,0.5865928829409264,3.0527022,7.1883345,0.54333484,0.42693868,0.5904737,IDP-ESM2-8M,42,288,0.001718282699584961,0.13204050064086914,0.005576837282158742,0.003156691789627075,0.003880828549704729
Q78226,1.740126371383667,4.147510528564453,0.548712385065547,0.444865345954895,0.5622153503832164,1.7563429,4.0483427,0.49736232,0.4093361,0.6347632,IDP-ESM2-8M,42,288,0.016216516494750977,0.0991678237915039,0.05135006941079234,0.035529255867004395,0.07254783082634786
Q78501,1.4404035806655884,3.4157140254974365,0.5279631551519135,0.4262422919273376,0.575778475533812,1.4619759,3.642528,0.5830028,0.46166444,0.49996576,IDP-ESM2-8M,42,288,0.021572351455688477,0.22681403160095215,0.05503965055792537,0.03542214632034307,0.07581271840223547
Q78643,2.1109724044799805,4.895960807800293,0.5107781486462863,0.4039984941482544,0.6275850694964933,2.0550566,4.8020363,0.5128905,0.4121334,0.6242317,IDP-ESM2-8M,42,288,0.05591583251953125,0.09392452239990234,0.002112369065353059,0.008134901523590088,0.0033533733676480715
Q78646,2.087161064147949,4.726436138153076,0.5038146937871881,0.40785813331604,0.6286454842541241,2.0719616,4.8800097,0.5259081,0.42034057,0.6079419,IDP-ESM2-8M,42,288,0.015199422836303711,0.15357351303100586,0.022093418738751813,0.012482434511184748,0.02070355872845886
Q78648,2.0587680339813232,4.931785583496094,0.5159857622114852,0.4088473618030548,0.6019198121907052,2.1413012,5.010405,0.52121997,0.41813564,0.6121713,IDP-ESM2-8M,42,288,0.08253312110900879,0.07861948013305664,0.00523420658429119,0.009288281202316284,0.010251480114287448
Q78649,2.068198204040528,4.783517837524414,0.4925050154845913,0.408644437789917,0.6457404986001979,2.1106157,4.9272265,0.5154537,0.4151277,0.6223277,IDP-ESM2-8M,42,288,0.04241752624511674,0.1437087059020996,0.022948680766324225,0.006483256816864014,0.02341281324405775
Q78652,2.156191825866699,4.989538669586182,0.5117084112420426,0.4012297689914703,0.628542503006386,2.1905077,5.1601267,0.52935386,0.42308763,0.60548925,IDP-ESM2-8M,42,288,0.03431582450866699,0.17058801651000977,0.01764544579836269,0.021857857704162653,0.0230532490085833
Q78653,2.13857364654541,4.991508483886719,0.5275372376140944,0.425722986459732,0.5963660149377846,2.105562,4.912103,0.51490825,0.41476738,0.6230771,IDP-ESM2-8M,42,288,0.033011674880981445,0.07940530776977539,0.012628983467518506,0.01095560193061823,0.026711079617116495
Q79401,2.4664597511291504,5.163742065429688,0.452170464666185,0.373496413230896,0.7532921948633912,2.6017902,5.9683943,0.49188465,0.39883322,0.6709422,IDP-ESM2-8M,42,288,0.1353304386138916,0.8046522140502921,0.03971418413371125,0.025336802005767822,0.08235000755412603
Q7LZ01,1.5135626792907717,3.5976362228393555,0.5467123001017221,0.4530716836452484,0.5660223478366646,1.4932842,3.5803304,0.54423857,0.44026408,0.56058866,IDP-ESM2-8M,42,288,0.02027845382690452,0.017305850982666016,0.0024737327494271932,0.012807607650756836,0.005433689980677059
Q7LZT9,1.5984091758728027,3.951191902160645,0.6223475156926175,0.4914660155773163,0.4998499959345853,1.548111,3.8492544,0.58866143,0.4841047,0.5267255,IDP-ESM2-8M,42,288,0.050298213958740234,0.1019375324249272,0.03368608342638213,0.007361322641372681,0.026875475085159584
Q7SPR3,1.9051367044448853,4.5100860595703125,0.5152535675061333,0.400879830121994,0.6038743880552203,1.9373803,4.5646315,0.5213393,0.4161408,0.59803206,IDP-ESM2-8M,42,288,0.03224360942840576,0.05454540252685547,0.006085729788483429,0.015260964632034302,0.005842330769911475
Q7SPR5,1.957728266716004,4.7753448486328125,0.514595962544064,0.3997653126716614,0.596469188211926,2.0824795,4.9033422,0.5220276,0.41438895,0.5973148,IDP-ESM2-8M,42,288,0.12475121021270685,0.12799739837646484,0.007431649188418876,0.014623641967773438,0.0008455867781558268
Q7SPR7,1.8933377265930176,4.502748966217041,0.5257335076768325,0.4262837469577789,0.5860275862277552,1.9183899,4.5269494,0.52436304,0.41715598,0.59182686,IDP-ESM2-8M,42,288,0.025052189826965332,0.024200439453125,0.0013704667527602021,0.009127765893936102,0.005799269908566829
Q7SPR8,2.020904302597046,4.765145778656006,0.5323856805282502,0.4065092504024505,0.5842771085510386,1.9679606,4.6161723,0.5299057,0.42592594,0.6003108,IDP-ESM2-8M,42,288,0.05294370651245117,0.1489734649658203,0.0024800036865143538,0.019416689872741755,0.016033693908678148
Q7SPR9,1.926642179489136,4.581130027770996,0.5441528138014878,0.4267033338546753,0.5588445436576669,1.998965,4.7028666,0.5251098,0.41828123,0.5943629,IDP-ESM2-8M,42,288,0.07232284545898415,0.12173652648925781,0.0190429862830247,0.008422106504440308,0.03551837090455845
Q7SPS1,1.9871258735656736,4.740675449371338,0.5244791043115118,0.4003946781158447,0.5936662042569139,2.0281262,4.793144,0.52634925,0.41768965,0.58726877,IDP-ESM2-8M,42,288,0.04100036621093772,0.05246877670288086,0.0018701421904108173,0.017294973134994507,0.006397434515855505
Q7SPW1,2.39235258102417,5.486040115356445,0.5479722228075635,0.4541974663734436,0.6023188128577251,2.245393,5.3414364,0.5396174,0.44656476,0.63456005,IDP-ESM2-8M,42,288,0.14695954322814941,0.14460372924804688,0.008354803564704638,0.007632702589035034,0.03224123572244453
Q7T5C0,3.639978647232056,8.500556945800781,0.5375933745758025,0.417969673871994,0.6035993798158995,3.487482,8.034821,0.50040466,0.4100286,0.68950695,IDP-ESM2-8M,42,288,0.15249657630920455,0.46573638916015625,0.03718871864242235,0.007941067218780518,0.08590756817833267
Q7T5F8,3.044257164001465,7.474794864654541,0.6285607398490918,0.4797837436199188,0.5170693903624917,2.9598107,7.698391,0.70204854,0.53640455,0.3585168,IDP-ESM2-8M,42,288,0.08444643020629883,0.22359609603881836,0.07348780026626467,0.05662080645561218,0.15855257803796774
Q7T5M5,2.505409479141236,5.648788928985596,0.3935882450310543,0.3163866400718689,0.8100274797688324,3.0891495,7.2401175,0.5202558,0.40256065,0.60035574,IDP-ESM2-8M,42,288,0.5837399959564205,1.5913286209106445,0.12666755903083537,0.08617401123046875,0.20967173540695494
Q7T9U3,2.444546937942505,5.884575366973877,0.6175505834492511,0.4908782839775085,0.5403717507817154,2.456413,6.2795005,0.6554998,0.5110469,0.4436097,IDP-ESM2-8M,42,288,0.011866092681884766,0.3949251174926758,0.03794923249160587,0.020168602466583307,0.09676203627365876
Q7TB66,2.3560173511505127,5.61701774597168,0.5476094169423478,0.4413383603096008,0.5701410166646399,2.4149985,5.7282386,0.54283035,0.42861703,0.58115804,IDP-ESM2-8M,42,288,0.05898118019104004,0.1112208366394043,0.004779068927516228,0.012721329927444402,0.011017025289400628
Q7TDE5,1.736161231994629,4.295766353607178,0.6051789063483808,0.4877026081085205,0.5265146392487701,1.8077096,4.40754,0.56774116,0.45633838,0.567383,IDP-ESM2-8M,42,288,0.07154834270477295,0.11177349090576172,0.03743775072399114,0.031364232301712036,0.04086835206516426
Q7TDG1,2.440160751342773,5.8543009757995605,0.5350867671307836,0.4025765359401703,0.576500019500567,2.523902,5.929033,0.5161875,0.40485123,0.6140858,IDP-ESM2-8M,42,288,0.08374118804931685,0.07473182678222656,0.018899278098038264,0.0022746920585632324,0.03758577399461127
Q7TDL0,1.9476944208145144,4.947673320770264,0.6270965097071125,0.4903401136398315,0.4882782434674815,2.0519512,5.089374,0.59237236,0.46479863,0.5090364,IDP-ESM2-8M,42,288,0.10425674915313698,0.14170074462890625,0.03472415186180611,0.025541484355926458,0.020758178308336372
Q7TDN1,1.6310847997665403,3.783821821212769,0.5362090620867189,0.4448954463005066,0.5594744919989248,1.6727493,3.9014895,0.49035886,0.39564085,0.658017,IDP-ESM2-8M,42,288,0.041664481163025124,0.1176676750183101,0.04585020278610552,0.04925459623336792,0.0985424876954416
Q7TFN9,4.70388650894165,10.966371536254885,0.5477181362885862,0.4296449422836303,0.5825025577732966,4.7936325,11.21171,0.54322696,0.4268262,0.6045886,IDP-ESM2-8M,42,288,0.08974599838256836,0.24533843994140447,0.00449117896741924,0.002818733453750555,0.022086070041949957
Q7TG50,1.6727336645126345,4.05918025970459,0.5373028835099152,0.404906302690506,0.5510167275731448,1.6990525,4.084334,0.5371587,0.4245401,0.56551105,IDP-ESM2-8M,42,288,0.02631878852844216,0.025153636932373047,0.0001441558640411511,0.01963379979133606,0.014494320266973615
Q7THH5,1.4211658239364624,3.33998966217041,0.5160034988700417,0.4174630343914032,0.5970530805351559,1.4861813,3.573343,0.55201274,0.44472316,0.56116897,IDP-ESM2-8M,42,288,0.06501543521881104,0.2333533763885498,0.036009242695662635,0.027260124683380127,0.03588411185763518
Q7THI5,1.4548815488815308,3.5231409072875977,0.5577216560280321,0.437257319688797,0.5484708920035845,1.5010282,3.6093981,0.5457615,0.4385793,0.56932807,IDP-ESM2-8M,42,288,0.04614663124084473,0.0862572193145752,0.011960130397081215,0.0013219714164733887,0.020857177683305195
Q7ZGU1,1.4353564977645874,3.4391205310821533,0.5552556024640459,0.439260333776474,0.5339789284697621,1.3817751,3.3013906,0.53572047,0.42846596,0.56982386,IDP-ESM2-8M,42,288,0.0535813570022583,0.13772988319396973,0.01953513489660208,0.010794371366500854,0.03584493265236921
Q7ZGU2,1.5741353034973145,3.8390109539031982,0.5830821282720191,0.4589061737060547,0.52542760414044,1.5770127,3.957923,0.59906054,0.47271147,0.4940487,IDP-ESM2-8M,42,288,0.002877354621887207,0.1189119815826416,0.015978407158889096,0.013805299997329712,0.03137888950268364
Q7ZPK4,2.324878215789795,5.442756175994873,0.5075886927150849,0.3935213983058929,0.621188768227875,2.2215688,5.179861,0.51553077,0.41115564,0.6159281,IDP-ESM2-8M,42,288,0.10330939292907715,0.2628951072692871,0.00794207234152522,0.017634242773056086,0.005260654767334283
Q80553,1.682769775390625,4.231700897216797,0.5925675669328285,0.4680991470813751,0.5182174822179207,1.775321,4.3259954,0.5810207,0.46414834,0.5342866,IDP-ESM2-8M,42,288,0.09255123138427734,0.09429454803466797,0.0115468540803505,0.0039508044719696045,0.016069136014806307
Q80889,3.3339672088623047,7.982330322265625,0.5979262733461974,0.4747088253498077,0.5569547463767531,3.454147,8.125177,0.5156546,0.42140457,0.6918992,IDP-ESM2-8M,42,288,0.12017989158630371,0.14284706115722656,0.08227164983774404,0.053304255008697454,0.13494443403553935
Q80893,1.8107208013534544,3.393764019012451,0.2000000000002205,0.2752513587474823,1.3634329391896662,1.8634591,4.1200037,0.40229613,0.34809783,0.81461215,IDP-ESM2-8M,42,288,0.0527383089065554,0.7262396812438965,0.20229612588860396,0.07284647226333618,0.5488207889974055
Q80GM7,2.500362157821656,5.597243785858154,0.4566323091802274,0.3874469101428985,0.7459782407564389,2.6220653,5.9905276,0.4860855,0.39915434,0.69455016,IDP-ESM2-8M,42,288,0.1217031478881827,0.3932838439941406,0.02945319511321437,0.011707425117492731,0.05142808416311617
Q80LM0,3.3044629096984863,8.419278144836426,0.6518961420355791,0.521593451499939,0.5121876124270168,3.1272376,8.135311,0.71364033,0.5590587,0.3999079,IDP-ESM2-8M,42,288,0.17722535133361816,0.2839670181274414,0.061744190186405756,0.03746527433395386,0.11227972544505271
Q80RB4,2.6691505908966064,6.128409385681152,0.5134591337274356,0.4009764194488525,0.6428456254607301,2.46929,5.800044,0.5288917,0.4217453,0.61746246,IDP-ESM2-8M,42,288,0.1998605728149414,0.3283653259277344,0.015432548897381326,0.020768880844116266,0.02538316923438122
Q81837,2.6471753120422363,6.180966377258301,0.5034759836771676,0.3854084014892578,0.6081664220654313,2.8077264,6.570834,0.51649934,0.4032092,0.6106188,IDP-ESM2-8M,42,288,0.1605510711669922,0.38986778259277344,0.01302335685704259,0.01780080795288086,0.0024524076617415957
Q81839,2.413398504257202,5.414122104644775,0.4990025784069559,0.3971904516220093,0.6259949237350965,2.3551974,5.591672,0.52286285,0.4073481,0.5947626,IDP-ESM2-8M,42,288,0.05820107460021973,0.1775498390197754,0.02386027321276457,0.010157644748687744,0.031232300425007353
Q81846,2.556515455245972,5.7213287353515625,0.4870753979333606,0.3889623880386352,0.6462815696651949,2.6868064,6.331412,0.52047217,0.40598896,0.60632116,IDP-ESM2-8M,42,288,0.13029098510742143,0.6100831031799316,0.03339677098906374,0.01702657341957098,0.03996041364026204
Q81859,1.941206336021424,4.498297214508057,0.5348134554922812,0.4296631217002868,0.5606735800448691,1.8369917,4.412793,0.5409622,0.42648038,0.55631375,IDP-ESM2-8M,42,288,0.10421466827392645,0.08550405502319336,0.006148763746000041,0.0031827390193938654,0.004359826916817355
Q82401,1.9273498058319087,4.674860000610352,0.5687852294593284,0.4544095993041992,0.5497769957619273,1.8522699,4.404079,0.5449506,0.44048667,0.57946944,IDP-ESM2-8M,42,288,0.0750799179077144,0.2707810401916504,0.023834625020546674,0.013922929763793945,0.02969244660562642
Q82615,2.1967031955718994,5.270341396331787,0.5750315987238108,0.4661600589752197,0.5313029239190686,2.3545399,5.6268096,0.55012155,0.43560982,0.57944643,IDP-ESM2-8M,42,288,0.1578366756439209,0.35646820068359375,0.024910052932184845,0.030550241470336914,0.04814351105560177
Q83112,2.4273691177368164,5.401426315307617,0.3818648948486203,0.3419457972049713,0.9003110327203596,2.8862984,6.5478315,0.4673812,0.38598806,0.71996605,IDP-ESM2-8M,42,288,0.45892930030822754,1.1464052200317383,0.08551631428643525,0.04404225945472717,0.1803449787576521
Q83190,1.8162955045700075,4.151134014129639,0.5059440045009317,0.4226828515529632,0.609434945832656,1.8371792,4.280558,0.50930893,0.41172898,0.6285979,IDP-ESM2-8M,42,288,0.02088367938995339,0.1294240951538086,0.0033649297107992693,0.010953873395919744,0.0191629693399209
Q83502,2.333153486251831,5.465939521789551,0.5168786375838141,0.3942832052707672,0.6042234056290628,2.4298599,5.755438,0.53612554,0.41793168,0.5843922,IDP-ESM2-8M,42,288,0.09670639038085938,0.28949832916259766,0.019246903149523265,0.023648470640182495,0.019831215649509626
Q83508,2.303960084915161,5.635577201843262,0.5290576110699122,0.3944763839244842,0.5712804859637138,2.4048347,5.6837225,0.5297309,0.4129817,0.58998114,IDP-ESM2-8M,42,288,0.10087466239929199,0.048145294189453125,0.0006733049533421687,0.018505305051803644,0.01870065274249344
Q84108,1.4701887369155884,3.490061044692993,0.5436250052218201,0.4464656710624695,0.5641989588671907,1.495281,3.5952888,0.5327199,0.43098322,0.5900543,IDP-ESM2-8M,42,288,0.025092244148254395,0.10522770881652832,0.010905095077014204,0.015482455492019653,0.025855314738155943
Q84187,3.2755730152130127,7.403826713562012,0.5188040795488492,0.4047897756099701,0.6398778671160399,3.4147322,8.073337,0.55180454,0.42963627,0.57181096,IDP-ESM2-8M,42,288,0.1391592025756836,0.6695098876953125,0.03300046299265469,0.02484649419784546,0.06806690634638657
Q84188,3.317211866378784,7.906732559204102,0.527663443712427,0.4072441160678863,0.619589440882841,3.430017,8.040617,0.5336624,0.41867685,0.5978687,IDP-ESM2-8M,42,288,0.11280512809753418,0.13388442993164062,0.005998935075567369,0.011432737112045344,0.021720759928861466
Q84265,1.7091381549835205,4.461712837219238,0.6572675346279118,0.5127397775650024,0.4768532976576388,1.6119609,4.3190007,0.6743588,0.5428892,0.43079677,IDP-ESM2-8M,42,288,0.09717726707458496,0.14271211624145508,0.017091250524523538,0.030149400234222412,0.04605652541604638
Q84494,2.5668625831604004,6.2721099853515625,0.5909897303970834,0.4734230041503906,0.5568359328909019,2.3393943,5.744026,0.59779674,0.4788382,0.53717095,IDP-ESM2-8M,42,288,0.22746825218200684,0.5280838012695312,0.006807007750652239,0.005415201187133789,0.019664986292848963
Q84648,2.4181182384490967,5.291885852813721,0.4541854033429404,0.3771840929985046,0.7743444050978334,2.5591192,5.999882,0.53768235,0.43636146,0.63768137,IDP-ESM2-8M,42,288,0.14100098609924316,0.7079963684082031,0.08349695110728544,0.05917736887931829,0.13666304008471086
Q85298,2.231123685836792,5.264142990112305,0.5318580304580882,0.4236052632331848,0.5602595103451423,2.239526,5.3009295,0.52376485,0.41021392,0.57726306,IDP-ESM2-8M,42,288,0.008402347564697266,0.036786556243896484,0.00809318174898177,0.013391345739364624,0.017003546886760756
Q85305,3.5165631771087646,8.396141052246094,0.5150491284927229,0.4005700647830963,0.6198556385010322,3.2485821,7.5951557,0.5394647,0.42370364,0.5965616,IDP-ESM2-8M,42,288,0.26798105239868164,0.8009853363037109,0.02441558365022145,0.023133575916290283,0.02329402780233225
Q85470,2.344582319259644,5.621095180511475,0.5596028068600463,0.4444097876548767,0.5695881601999319,2.399955,5.675698,0.5490778,0.4403252,0.5985945,IDP-ESM2-8M,42,288,0.05537271499633745,0.054602622985839844,0.010524998003082153,0.004084587097167969,0.029006326513477565
Q85513,1.8949766159057613,4.419712543487549,0.5067199996568114,0.3896359503269195,0.5979269381620702,1.8629129,4.4223204,0.5332716,0.4228193,0.5768971,IDP-ESM2-8M,42,288,0.03206372261047319,0.0026078224182128906,0.026551611080035564,0.033183336257934626,0.021029853449088032
Q85653,2.4609503746032715,5.957133769989014,0.545082719316416,0.410690039396286,0.5662023760763216,2.4341946,5.795272,0.5441664,0.4310802,0.5767635,IDP-ESM2-8M,42,288,0.026755809783935547,0.16186189651489258,0.0009163331889441295,0.02039015293121338,0.010561134627718904
Q856E0,2.435454607009888,5.6183671951293945,0.5305887221506275,0.4171556532382965,0.5806959110898052,2.537634,6.005683,0.5298963,0.41400272,0.5927203,IDP-ESM2-8M,42,288,0.1021792888641353,0.3873157501220703,0.0006924032381213641,0.0031529366970062256,0.012024418671699899
Q856H1,2.8331897258758545,6.36356258392334,0.4702870814017852,0.3522939682006836,0.6935978143900166,2.8435466,6.6405153,0.508458,0.39983687,0.63330346,IDP-ESM2-8M,42,288,0.010356903076171875,0.27695274353027344,0.03817093690113227,0.04754289984703064,0.06029435093100166
Q857F1,1.9089175462722776,4.624036312103272,0.561308883866015,0.4420055150985718,0.5577346976328741,2.081512,5.037502,0.5513699,0.44460768,0.57534575,IDP-ESM2-8M,42,288,0.1725944280624392,0.4134654998779288,0.009938978394213205,0.0026021599769592285,0.017611056990538998
Q858H2,2.2714977264404297,5.358869552612305,0.5342302510248212,0.4173140227794647,0.5801727786191603,2.2858524,5.393958,0.52925026,0.41763347,0.59355754,IDP-ESM2-8M,42,288,0.014354705810546875,0.035088539123535156,0.004979986857035601,0.00031945109367370605,0.013384757982859985
Q858N3,1.8922052383422847,4.47996711730957,0.5791652984593342,0.4680044054985046,0.5447027148653096,1.8547586,4.5383024,0.5742565,0.46165872,0.56349784,IDP-ESM2-8M,42,288,0.037446618080138716,0.058335304260253906,0.004908818719191355,0.006345689296722357,0.01879512649287518
Q859F3,2.734153985977173,6.318538665771484,0.5233399169290743,0.4209075570106506,0.6239964012100694,2.6444418,6.2548423,0.53774273,0.42486143,0.6067214,IDP-ESM2-8M,42,288,0.08971214294433594,0.06369638442993164,0.014402817026308967,0.003953874111175593,0.017274999995469775
Q859H4,1.7651139497756958,3.9370038509368896,0.5174478976452815,0.4167422354221344,0.5930447487749337,1.8591876,4.417102,0.5222732,0.4227376,0.6154751,IDP-ESM2-8M,42,288,0.09407365322113037,0.48009800910949707,0.004825285223675979,0.005995362997055054,0.022430369385314064
Q859K4,2.1587185859680176,5.097195625305176,0.5346513340258904,0.426057904958725,0.588895845737231,2.0894306,5.0349097,0.53675437,0.42023975,0.5760162,IDP-ESM2-8M,42,288,0.06928801536560059,0.0622859001159668,0.0021030357098273944,0.005818158388137817,0.012879658069384292
Q86596,1.882698655128479,4.648428440093994,0.5873258983020551,0.467346727848053,0.5371975945706325,1.8831694,4.69267,0.57257247,0.45633543,0.53969526,IDP-ESM2-8M,42,288,0.00047075748443603516,0.04424142837524414,0.01475342859075135,0.011011302471160889,0.002497668338303005
Q86686,3.3214545249938965,8.03752326965332,0.5645053835189233,0.4517839848995209,0.5568790641605972,3.5637312,8.436751,0.5571712,0.44064218,0.5776986,IDP-ESM2-8M,42,288,0.24227666854858398,0.3992280960083008,0.007334157971132793,0.011141806840896606,0.020819524210679674
Q86818,1.4876006841659546,3.572122573852539,0.5692326195295089,0.4518249630928039,0.5451275872917117,1.6280937,4.0214114,0.5744668,0.4554142,0.5271126,IDP-ESM2-8M,42,288,0.14049303531646729,0.44928884506225586,0.005234205002046299,0.0035892426967621405,0.0180149841041507
Q86965,2.3783392906188965,5.751488208770752,0.5976112481722505,0.482634425163269,0.5364590287377736,2.4420216,5.809863,0.56369287,0.44594055,0.5899342,IDP-ESM2-8M,42,288,0.06368231773376465,0.058374881744384766,0.03391838041636064,0.036693871021270696,0.05347514150835064
Q87071,1.948654770851136,4.759888648986816,0.5635627598269471,0.4400036334991455,0.5518850962980043,2.0279207,4.932049,0.5652476,0.446045,0.5444211,IDP-ESM2-8M,42,288,0.07926595211028986,0.17216014862060547,0.0016848354832640355,0.006041377782821655,0.007464019523407139
Q87072,2.4061946868896484,5.804715633392334,0.5394152214944695,0.4211857616901397,0.5565024738010351,2.4953518,5.86305,0.52783763,0.41428852,0.5815929,IDP-ESM2-8M,42,288,0.0891571044921875,0.0583343505859375,0.011577587407860634,0.006897240877151434,0.025090443641286653
Q87076,3.753006219863892,8.945398330688477,0.649548686790597,0.5891907215118408,0.5308010439188987,4.36402,10.351679,0.60485005,0.5085602,0.66653675,IDP-ESM2-8M,42,288,0.6110136508941646,1.406280517578125,0.04469863300336552,0.08063054084777832,0.13573570449037253
Q87171,1.7494467496871948,4.258360385894775,0.5334888366730726,0.4159649610519409,0.5612692466431053,1.8070045,4.263567,0.53196174,0.42514873,0.57751226,IDP-ESM2-8M,42,288,0.05755770206451416,0.005206584930419922,0.0015270976098096245,0.009183764457702637,0.016243017608603694
Q87172,1.890057682991028,4.359037399291992,0.5302610410284494,0.4273333847522735,0.5916420989134623,1.9716442,4.6948957,0.5439278,0.43147233,0.56575155,IDP-ESM2-8M,42,288,0.08158648014068581,0.3358583450317383,0.013666747705986637,0.0041389465332031805,0.0258905463316752
Q87175,1.8407248258590696,4.288876533508301,0.5256045417096474,0.4159977436065674,0.5911310572184396,2.0563383,4.92637,0.5494467,0.43089196,0.5507181,IDP-ESM2-8M,42,288,0.21561348438262962,0.6374936103820801,0.02384216029383157,0.014894217252731323,0.040412928537256754
Q87177,1.9158358573913568,4.481898784637451,0.5518306513848277,0.4471443891525268,0.5680301467157227,1.9683149,4.667204,0.5393795,0.43037906,0.57842225,IDP-ESM2-8M,42,288,0.05247902870178289,0.18530511856079102,0.012451173883912148,0.01676532626152033,0.010392101647772156
Q87184,1.900517582893372,4.497279167175293,0.5291359039539847,0.4247347116470337,0.5889386206947803,2.0099318,4.7529883,0.54174465,0.43339723,0.57457423,IDP-ESM2-8M,42,288,0.10941421985626176,0.255709171295166,0.012608745456263115,0.008662521839141846,0.014364388593339883
Q87189,1.9887704849243164,4.6917219161987305,0.5344175109716705,0.4248858392238617,0.5937061656736464,2.062397,4.9229155,0.5499101,0.43325022,0.55622536,IDP-ESM2-8M,42,288,0.07362651824951172,0.23119354248046875,0.015492617144937215,0.008364379405975342,0.03748080623379657
Q87190,1.9445347785949707,4.694295406341553,0.553933149292858,0.4353905916213989,0.5539390726152577,2.037922,4.862004,0.54612446,0.4297806,0.5596118,IDP-ESM2-8M,42,288,0.09338712692260742,0.1677083969116211,0.007808690979869692,0.005609989166259766,0.005672724717506017
Q87209,1.883392333984375,4.4453558921813965,0.5465096491508042,0.4372758567333221,0.5672730921857321,1.8547306,4.46546,0.55410373,0.43765685,0.5492261,IDP-ESM2-8M,42,288,0.028661727905273438,0.020103931427001953,0.00759408295826558,0.0003809928894043524,0.018046986972566792
Q87272,1.8023443222045896,4.1998209953308105,0.5405051997787704,0.4354568123817444,0.5811455637831328,1.8562601,4.435067,0.549381,0.4340989,0.5546314,IDP-ESM2-8M,42,288,0.053915739059448464,0.2352461814880371,0.008875817906166095,0.0013579130172729492,0.0265141517538664
Q87273,1.910977125167847,4.721356391906738,0.5415328087945649,0.4067498445510864,0.5653223686203145,2.062241,4.937561,0.5511934,0.4320548,0.5514801,IDP-ESM2-8M,42,288,0.1512639522552488,0.21620464324951172,0.009660607324056936,0.025304943323135376,0.013842254160323031
Q87596,1.5309635400772097,3.609955549240112,0.5462609251144986,0.4321434795856476,0.5638420134149029,1.5273836,3.667671,0.5546551,0.44823363,0.56675947,IDP-ESM2-8M,42,288,0.0035799741744997338,0.05771541595459029,0.008394149958743546,0.01609015464782715,0.0029174537100360443
Q89267,1.7680599689483645,4.277081489562988,0.5743777185003984,0.4566713571548462,0.5394190344364743,1.5991385,3.8735049,0.5540498,0.44696584,0.57171404,IDP-ESM2-8M,42,288,0.16892147064209007,0.4035766124725342,0.02032792859485033,0.009705513715744019,0.032295009180774215
Q8AEV4,2.1481375694274902,4.912395000457764,0.5174260460672568,0.4151901304721832,0.6045366812370412,2.072063,4.8639846,0.520686,0.4170835,0.61002207,IDP-ESM2-8M,42,288,0.07607460021972656,0.04841041564941406,0.003259924715976803,0.001893371343612671,0.005485386786640456
Q8AEV6,2.150338649749756,4.8571295738220215,0.5164563523246277,0.4163385331630707,0.6169753997666524,2.0394065,4.7902403,0.52208257,0.41828346,0.6078879,IDP-ESM2-8M,42,288,0.1109321117401123,0.06688928604125977,0.005626214890338099,0.0019449293613433838,0.009087476049153609
Q8AEV8,2.188788414001465,5.043856620788574,0.5309638238212355,0.4405152201652527,0.5880627819902898,2.1007764,4.9101963,0.51571643,0.41416746,0.61837614,IDP-ESM2-8M,42,288,0.0880119800567627,0.13366031646728516,0.015247390296150076,0.026347756385803223,0.03031335383582101
Q8AM83,1.9252958297729488,4.68759298324585,0.5717770132053521,0.4607213735580444,0.5595193778371615,2.0359468,4.9379926,0.56900203,0.45775467,0.5515946,IDP-ESM2-8M,42,288,0.110651016235352,0.2503995895385742,0.002774980925383863,0.002966701984405462,0.007924762854556566
Q8ATK1,1.510115146636963,3.6488771438598633,0.529168035765292,0.3978473544120788,0.5635689819017229,1.4303674,3.4328032,0.55339456,0.44673124,0.5595527,IDP-ESM2-8M,42,288,0.07974779605865479,0.21607398986816406,0.024226520280240194,0.04888388514518743,0.004016252771931628
Q8B5D2,2.948056697845459,6.392031192779541,0.4200383422976778,0.3590063452720642,0.8713689999373455,2.7945626,6.3977823,0.48902902,0.40210554,0.708596,IDP-ESM2-8M,42,288,0.15349411964416504,0.005751132965087891,0.06899067777335188,0.04309919476509094,0.16277300880270196
Q8B5E1,3.154872417449951,7.609166145324707,0.524475898246269,0.4016056060791015,0.6322068969892819,2.8369718,6.6628666,0.5251282,0.41898623,0.62524307,IDP-ESM2-8M,42,288,0.3179006576538086,0.9462995529174805,0.0006522875027850095,0.0173806250095368,0.006963829247887854
Q8B6B2,3.737600088119507,8.77453899383545,0.5270346408122388,0.4015873670578003,0.5944841450558007,4.3028865,10.049995,0.53531194,0.41489458,0.59974486,IDP-ESM2-8M,42,288,0.56528639793396,1.275456428527832,0.00827729651991449,0.01330721378326416,0.005260711301773746
Q8BCG5,2.756294012069702,6.295297622680664,0.5090769568102451,0.4077019095420837,0.6329442110314706,2.6896985,6.2695856,0.5172213,0.40998098,0.6159283,IDP-ESM2-8M,42,288,0.06659555435180664,0.025712013244628906,0.008144315181484618,0.002279072999954279,0.017015918756995485
Q8BEN1,4.573805332183838,10.128045082092283,0.514067023861418,0.4043739140033722,0.6301421437000531,4.230932,9.953131,0.54272753,0.42018893,0.5785928,IDP-ESM2-8M,42,288,0.34287309646606445,0.17491436004638494,0.02866050614117599,0.015815019607543945,0.05154936644785579
Q8J4J0,1.9325717687606807,4.593986988067627,0.55837083010165,0.4444997012615204,0.562425373169328,1.8435581,4.4015603,0.55142456,0.44157934,0.5733027,IDP-ESM2-8M,42,288,0.08901369571685747,0.1924266815185547,0.006946267170589215,0.0029203593730926514,0.010877313045119075
Q8JKR9,3.447957754135132,8.349820137023926,0.5999740900751517,0.4640620946884155,0.561510353540078,3.1194441,7.299888,0.5317496,0.44038844,0.7408612,IDP-ESM2-8M,42,288,0.32851362228393555,1.0499320030212402,0.06822448394264435,0.023673653602600098,0.17935082390437995
Q8JL45,3.383532762527466,7.941946983337402,0.6081667359726798,0.4837362170219421,0.5373094268223522,3.1198468,7.6461883,0.61326426,0.48607543,0.51248544,IDP-ESM2-8M,42,288,0.263685941696167,0.2957587242126465,0.00509752670355923,0.0023392140865326483,0.024823982276606316
Q8JLL5,2.602977991104126,6.146408557891846,0.5008143550156455,0.3950321674346924,0.6223136323362939,2.737023,6.3727746,0.5107772,0.40264434,0.62044114,IDP-ESM2-8M,42,288,0.13404512405395508,0.2263660430908203,0.009962820410837625,0.007612168788909912,0.001872493591939639
Q8JM67,3.121939182281494,7.706883430480957,0.6499895127907154,0.5369358658790588,0.499516021293055,3.0310025,7.873396,0.7048725,0.5428259,0.37828213,IDP-ESM2-8M,42,288,0.09093666076660156,0.16651248931884766,0.05488297618480953,0.005890011787414551,0.12123389152849812
Q8JQG9,2.792051076889038,6.6367292404174805,0.5155678778507654,0.4021358489990234,0.640732871836789,3.232599,7.5678663,0.5320803,0.42177647,0.6175912,IDP-ESM2-8M,42,288,0.4405479431152344,0.9311370849609375,0.01651241485095578,0.019640624523162897,0.023141669577725232
Q8JQR2,2.7597250938415527,6.218890190124512,0.4971451227475224,0.3942276835441589,0.6730705924684004,3.087893,7.2254725,0.5309623,0.4194126,0.61797243,IDP-ESM2-8M,42,288,0.3281679153442383,1.006582260131836,0.03381716563214676,0.025184929370880182,0.05509815890135328
Q8JQS3,2.839595317840576,6.606118202209473,0.5295437065792523,0.4056571125984192,0.612291843524395,3.1048195,7.272053,0.5380096,0.42492983,0.61016995,IDP-ESM2-8M,42,288,0.2652242183685303,0.6659345626831055,0.008465877370790409,0.019272714853286743,0.002121896377025645
Q8JRY1,2.2093045711517334,5.170777797698975,0.5785286450215075,0.477550208568573,0.5561692442489885,2.142845,5.5611143,0.6496298,0.5054368,0.43200377,IDP-ESM2-8M,42,288,0.06645965576171875,0.3903365135192871,0.07110112668793467,0.027886569499969482,0.12416547795069444
Q8JXK6,1.599881649017334,3.7541327476501465,0.5220188844757185,0.4047066569328308,0.5908567807065639,1.5869151,3.7805135,0.54224044,0.43532413,0.56964195,IDP-ESM2-8M,42,288,0.012966513633728027,0.02638077735900879,0.020221556369770965,0.030617475509643555,0.021214832960287033
Q8JYS1,2.771571636199951,6.861899375915527,0.6034834813180062,0.4509390890598297,0.5169193605370639,2.8667266,6.9051676,0.5763545,0.46317485,0.5624115,IDP-ESM2-8M,42,288,0.09515500068664551,0.04326820373535156,0.027128977686414424,0.012235760688781738,0.04549212656544466
Q8LT64,2.154839277267456,4.9559102058410645,0.5129868036452448,0.4041436910629272,0.6316339162810163,2.044879,4.93219,0.5424279,0.42533275,0.5711403,IDP-ESM2-8M,42,288,0.10996031761169434,0.023720264434814453,0.029441093808063257,0.021189063787460383,0.06049362697437566
Q8QLE8,3.005034208297729,7.457358837127685,0.6375197782754326,0.5165477991104126,0.5062460641976594,3.0136857,7.7209063,0.6893913,0.5334432,0.40823704,IDP-ESM2-8M,42,288,0.008651494979858843,0.2635474205017099,0.05187153670793532,0.016895413398742676,0.09800902415478219
Q8QN60,2.434586763381958,5.82832145690918,0.5338164569059423,0.4166022837162018,0.5864952170802546,2.5326934,5.9933615,0.53299665,0.42315933,0.5932602,IDP-ESM2-8M,42,288,0.09810662269592285,0.1650400161743164,0.0008198023954442135,0.006557047367095947,0.006765011553625966
Q8QNS2,2.0031955242156982,5.033370971679688,0.616963294876384,0.4711450636386871,0.5169226798540885,2.2005515,5.5466013,0.6386283,0.5067924,0.48859838,IDP-ESM2-8M,42,288,0.1973559856414795,0.513230323791503,0.021665009128285173,0.03564736247062689,0.028324303341560997
Q8QNS5,1.947186589241028,4.501284599304199,0.5057230523962324,0.4038415551185608,0.6213099008311741,1.947871,4.5847116,0.51742697,0.41466793,0.61427534,IDP-ESM2-8M,42,288,0.0006843805313108131,0.08342695236206055,0.011703915224617223,0.01082637906074524,0.007034564565610135
Q8QPP9,1.9234176874160769,4.854743480682373,0.5638765394334347,0.4303420782089233,0.5435224159030392,1.9531595,4.7478323,0.56222886,0.44835955,0.55252266,IDP-ESM2-8M,42,288,0.029741764068603294,0.10691118240356445,0.0016476809625179945,0.01801747083663946,0.009000243398718633
Q8QPS6,1.9743536710739136,4.852754592895508,0.5815733225380246,0.4482566714286804,0.5290976135453958,2.0024722,4.91841,0.57583445,0.45814794,0.53557396,IDP-ESM2-8M,42,288,0.028118491172790527,0.06565523147583008,0.005738869432098115,0.009891271591186523,0.006476345805190187
Q8QPU8,1.977611064910889,4.85371208190918,0.5582803964923749,0.4311583042144775,0.5555637765679781,2.0794172,5.0392046,0.5625591,0.4472639,0.55991876,IDP-ESM2-8M,42,288,0.10180616378784157,0.18549251556396484,0.004278731315242257,0.01610559225082403,0.004354984685378871
Q8QRI8,3.174679756164551,7.366204738616943,0.5267336728407764,0.3904328942298889,0.6082309493842382,3.4116707,8.052229,0.5378353,0.42848718,0.60046685,IDP-ESM2-8M,42,288,0.23699092864990234,0.6860241889953613,0.011101627127943048,0.03805428743362427,0.0077641019644993925
Q8QRK4,3.138322830200196,7.414752006530762,0.5167909484802967,0.4031241238117218,0.6268273429932794,3.3871975,7.9898386,0.5457909,0.43166867,0.5850783,IDP-ESM2-8M,42,288,0.24887466430663974,0.5750865936279297,0.028999962240528476,0.02854454517364502,0.04174904394771661
Q8QUL3,1.7046411037445068,4.059848308563232,0.5304932365894973,0.4373002648353576,0.5800296216301103,1.8073254,4.3705025,0.549043,0.43308204,0.5527585,IDP-ESM2-8M,42,288,0.10268425941467285,0.3106541633605957,0.018549763154917964,0.004218220710754339,0.02727110674897626
Q8QUU2,2.8506433963775635,7.297249317169189,0.6551992215088784,0.534177839756012,0.5104525482176612,3.133004,7.750207,0.6372906,0.5132725,0.5546885,IDP-ESM2-8M,42,288,0.2823605537414551,0.4529576301574716,0.01790862454690334,0.02090531587600708,0.04423596506130001
Q8QUW5,2.4320273399353027,5.876352310180664,0.5462673796075698,0.4163845777511596,0.5613852759812457,2.591173,6.1677265,0.5526809,0.42980352,0.56621444,IDP-ESM2-8M,42,288,0.15914559364318848,0.29137420654296875,0.006413530026066705,0.013418942689895685,0.004829166271867136
Q8QVQ9,2.63485050201416,6.026561737060547,0.4952932180325662,0.3775209188461303,0.6308584932163025,2.809533,6.557928,0.5109419,0.4022844,0.61446506,IDP-ESM2-8M,42,288,0.1746826171875,0.5313663482666016,0.015648704632076127,0.024763494729995783,0.016393435366418463
Q8QYT4,1.434879183769226,3.239114999771118,0.5236702770514757,0.4328108131885528,0.5693005743230282,1.5877044,3.8072133,0.5370252,0.42869288,0.5697942,IDP-ESM2-8M,42,288,0.1528252363204956,0.5680983066558838,0.013354936190101419,0.004117935895919744,0.0004936036860050397
Q8QYT7,1.4327932596206665,3.4575486183166504,0.5222335990770353,0.4034828543663025,0.5719415788547738,1.5146195,3.605315,0.5318721,0.4257058,0.5738235,IDP-ESM2-8M,42,288,0.08182621002197266,0.1477663516998291,0.009638494600485492,0.022222936153411865,0.0018819327457205715
Q8UU17,2.2879912853240967,5.466794490814209,0.5126764410404888,0.4029106497764587,0.6038047467698446,2.2947311,5.3666472,0.5262772,0.41825438,0.5942858,IDP-ESM2-8M,42,288,0.00673985481262207,0.10014724731445312,0.013600743445900343,0.015343725681304987,0.00951896061795865
Q8UZB3,3.555074453353882,8.5419282913208,0.5360271883980693,0.413186639547348,0.5733980258392459,3.8964715,9.102318,0.52576315,0.40744585,0.59879434,IDP-ESM2-8M,42,288,0.3413970470428467,0.560389518737793,0.010264034368223096,0.00574079155921936,0.02539631524809538
Q8UZG8,3.07501220703125,5.462040901184082,0.2001741214856529,0.2573854327201843,1.7463611578402851,4.0625896,8.957601,0.40998197,0.34879965,0.884673,IDP-ESM2-8M,42,288,0.9875774383544922,3.4955596923828125,0.20980784453302387,0.09141421318054199,0.8616881584582661
Q8V337,3.856855392456055,9.308316230773926,0.6003941452028888,0.4800785779953003,0.5233488055597612,3.4643297,8.207421,0.55858797,0.43750864,0.58179426,IDP-ESM2-8M,42,288,0.3925256729125981,1.1008949279785156,0.04180617685343202,0.04256993532180786,0.05844545637261189
Q8V339,3.701465368270874,8.605045318603516,0.5492102612714823,0.4285610914230346,0.6162182026717549,3.6351676,8.687912,0.58491725,0.45378092,0.53801256,IDP-ESM2-8M,42,288,0.06629776954650879,0.08286666870117188,0.035706986023897325,0.025219827890396174,0.07820563848947337
Q8V364,3.920478820800781,9.18545627593994,0.6030217305557433,0.487221360206604,0.5432634533842173,3.6384797,8.778114,0.5941682,0.45870626,0.53066266,IDP-ESM2-8M,42,288,0.28199911117553667,0.4073419570922834,0.008853544367999122,0.028515100479125977,0.012600797553834031
Q8V367,4.015772342681885,9.670677185058594,0.6219443856111905,0.5075842142105103,0.500631597070092,3.6388958,8.749152,0.5924749,0.45866728,0.52932984,IDP-ESM2-8M,42,288,0.3768765926361084,0.9215250015258789,0.029469507776870407,0.04891693592071533,0.02869823929846882
Q8V371,3.969528198242188,9.381158828735352,0.6011884708763794,0.4854299128055572,0.5358187746697379,3.658127,8.80872,0.5921155,0.45859936,0.5316613,IDP-ESM2-8M,42,288,0.31140112876892134,0.5724391937255859,0.00907294944541015,0.02683055400848383,0.004157502620787734
Q8V5H6,2.6432275772094727,6.176392078399658,0.5507988528702362,0.4434957206249237,0.571960400271244,2.591017,6.142772,0.55233616,0.43501043,0.57616645,IDP-ESM2-8M,42,288,0.05221056938171387,0.03361988067626953,0.0015373034980193934,0.008485287427902222,0.004206050706081488
Q8V5I4,2.691331148147583,6.4172682762146,0.5357774855394194,0.4160692989826202,0.5979881164106272,2.6210175,6.182064,0.5344454,0.42188147,0.599412,IDP-ESM2-8M,42,288,0.07031369209289551,0.23520421981811523,0.0013320805330107044,0.005812168121337946,0.0014239076105214687
Q8V636,2.71357536315918,6.390915393829346,0.5443825059449006,0.4459574222564697,0.572550764899569,2.7228098,6.2670836,0.47907773,0.396111,0.7169042,IDP-ESM2-8M,42,288,0.009234428405761275,0.12383174896240234,0.06530477934234624,0.04984641075134277,0.14435345806567146
Q8V650,1.7523815631866455,4.269736289978027,0.5658147805638999,0.4410756826400757,0.5394186733431509,1.5874207,3.8457937,0.5505625,0.4417651,0.56835866,IDP-ESM2-8M,42,288,0.1649608612060547,0.42394256591796875,0.015252279610225572,0.0006894171237945557,0.02893998640111184
Q8V652,1.703863263130188,3.998828172683716,0.5186743997876722,0.4171747863292694,0.6002744330446044,1.728754,4.1478224,0.5439016,0.43432415,0.5767539,IDP-ESM2-8M,42,288,0.024890780448913574,0.14899420738220215,0.02522722250770748,0.017149358987808228,0.023520518688372682
Q8V654,1.737727403640747,4.16911506652832,0.5522888604652915,0.4327672123908996,0.5562895476725508,1.6618167,4.0302796,0.55322134,0.44262114,0.5636922,IDP-ESM2-8M,42,288,0.07591068744659424,0.13883543014526367,0.0009324844825234768,0.009853929281234797,0.007402664432246575
Q8V660,1.7756600379943848,4.416518688201904,0.5616748402426454,0.4425028264522552,0.5523557687210152,1.7951007,4.277254,0.54113513,0.43494558,0.58887684,IDP-ESM2-8M,42,288,0.019440650939941406,0.13926458358764648,0.0205397079298707,0.007557243108749334,0.0365210747314384
Q8V6V1,1.9892088174819944,4.696263313293457,0.5807899422829736,0.4666244387626648,0.5558689338245504,1.9677315,4.963567,0.56658113,0.4477601,0.5698292,IDP-ESM2-8M,42,288,0.021477341651916282,0.267303466796875,0.014208812255202652,0.018864333629608154,0.013960291715610751
Q8W6W3,3.3309218883514404,8.497138977050781,0.6253448307655541,0.4877522587776184,0.5191239087180367,3.2138968,7.907914,0.6171269,0.47852004,0.51817554,IDP-ESM2-8M,42,288,0.11702513694763184,0.5892248153686523,0.00821794868929071,0.00923222303390503,0.0009483663634529682
Q8W6Y8,2.7941370010375977,6.759954929351807,0.5563694306279362,0.4303816258907318,0.5532086210200301,2.7499232,6.5201735,0.54327756,0.42348734,0.5827476,IDP-ESM2-8M,42,288,0.04421377182006836,0.23978137969970703,0.013091868963354902,0.006894290447235107,0.029538957600880544
Q90060,1.8251632452011108,4.446454048156738,0.5830472467248652,0.4541393518447876,0.528179039666466,1.8215828,4.3897977,0.57154274,0.45556372,0.5454181,IDP-ESM2-8M,42,288,0.003580451011657715,0.0566563606262207,0.011504506856701124,0.0014243721961975098,0.017239044001289172
Q902W3,1.4889745712280271,3.4983103275299072,0.4826523422186125,0.393117606639862,0.6485752286373986,1.4799349,3.4087005,0.4880039,0.40357414,0.6564577,IDP-ESM2-8M,42,288,0.00903964042663552,0.08960986137390137,0.005351567369247634,0.010456532239913996,0.007882493549643654
Q90CH1,2.5078065395355225,5.915487289428711,0.5036701327394952,0.3987602591514587,0.6354346854885469,2.6012602,6.1102366,0.5281369,0.42294523,0.6116051,IDP-ESM2-8M,42,288,0.09345364570617676,0.1947493553161621,0.024466776268530888,0.02418497204780584,0.02382957770427563
Q90QE2,2.352693796157837,5.612348556518555,0.5063485419723209,0.3893942534923553,0.6226275623679033,2.192639,5.107778,0.5147518,0.41186684,0.6183076,IDP-ESM2-8M,42,288,0.16005468368530273,0.504570484161377,0.008403249981719596,0.022472590208053644,0.004319971883284146
Q90QF6,2.382713079452514,5.444692611694336,0.5000577428879452,0.4060013592243194,0.6438100351998726,2.280082,5.31828,0.51639783,0.41237518,0.61298585,IDP-ESM2-8M,42,288,0.10263109207153276,0.12641239166259766,0.01634009093621247,0.006373822689056452,0.0308241858193794
Q90SM4,1.7479063272476196,4.284599781036377,0.5604958148190221,0.4420609772205353,0.5459118575851571,1.7992423,4.248666,0.52994186,0.42974505,0.5967983,IDP-ESM2-8M,42,288,0.051335930824279785,0.0359339714050293,0.030553957957907607,0.012315928936004639,0.05088644315794588
Q90VH2,2.589816093444824,5.9305572509765625,0.4787197424800388,0.3827978372573852,0.6967195169755079,2.7488112,6.3845344,0.51973647,0.41373423,0.6281453,IDP-ESM2-8M,42,288,0.1589951515197754,0.453977108001709,0.04101672631192288,0.030936390161514338,0.06857423947535535
Q912E2,2.417923927307129,5.640085220336914,0.5332725291440004,0.4010796248912811,0.5756165597789419,2.4677148,5.881639,0.5311589,0.41212827,0.5825415,IDP-ESM2-8M,42,288,0.04979085922241211,0.24155378341674805,0.002113605041217159,0.011048644781112726,0.006924965584980236
Q912E3,2.7283153533935547,6.458243370056152,0.5174258083632203,0.3975807428359985,0.5956940912552574,2.805497,6.5539703,0.51646936,0.40327963,0.61177665,IDP-ESM2-8M,42,288,0.07718157768249512,0.09572696685791016,0.0009564489653320907,0.005698889493942316,0.016082558696677407
Q912E6,2.436033010482788,5.601041316986084,0.515564127877964,0.4102964103221893,0.599575181008363,2.5640793,6.048167,0.5197734,0.4052617,0.6022912,IDP-ESM2-8M,42,288,0.12804627418518066,0.4471259117126465,0.004209295793758394,0.0050347149372100275,0.0027160453786608807
Q914M9,1.5420461893081665,3.74367618560791,0.5891885168281381,0.4737049341201782,0.5256389851532404,1.518455,3.7507894,0.5711685,0.46555495,0.57085794,IDP-ESM2-8M,42,288,0.023591160774230957,0.007113218307495117,0.018020034524518724,0.008149981498718262,0.04521895695109923
Q917U3,2.701866388320923,6.266878604888916,0.4918978337386126,0.3702560365200043,0.6585859749988671,2.6551006,6.0298114,0.46420458,0.37637132,0.70242465,IDP-ESM2-8M,42,288,0.046765804290771484,0.23706722259521484,0.027693254146861523,0.00611528754234314,0.0438386704250221
Q919P6,2.886072397232056,7.365871429443359,0.6665611078345541,0.5219743251800537,0.4886616076615487,2.7993844,7.3138084,0.70179784,0.5522481,0.4042452,IDP-ESM2-8M,42,288,0.08668804168701216,0.05206298828125,0.03523673514487702,0.030273795127868652,0.08441640988856897
Q91BD7,3.0209875106811523,7.229867935180664,0.6051070761510063,0.4811283946037292,0.5358426031341159,2.8462014,7.2553196,0.6552366,0.5059018,0.42744264,IDP-ESM2-8M,42,288,0.17478609085083008,0.02545166015625,0.05012952567852247,0.024773418903350886,0.10839996306796906
Q91DT1,1.4921464920043943,3.645920515060425,0.5627783482903156,0.4523327648639679,0.5349678170087734,1.5897844,3.847303,0.5589421,0.44982812,0.5450206,IDP-ESM2-8M,42,288,0.0976378917694094,0.20138239860534668,0.003836268746248206,0.0025046467781066895,0.010052763282974664
Q91EW9,2.1456902027130127,5.104515552520752,0.5821228936154093,0.4959256649017334,0.5645250842719272,2.0397835,5.29327,0.6553819,0.5121917,0.44240087,IDP-ESM2-8M,42,288,0.10590672492980957,0.18875455856323242,0.07325902433808196,0.016266047954559326,0.12212421156456021
Q91EY8,2.2798213958740234,5.068883895874023,0.4281297187446744,0.3483848869800567,0.7395262137203537,2.3334482,5.303546,0.4686447,0.37938964,0.71656877,IDP-ESM2-8M,42,288,0.05362677574157715,0.23466205596923828,0.04051498965032985,0.03100475668907171,0.022957445695909073
Q91FZ1,1.9481512308120728,4.758131504058838,0.5534961827866137,0.4333553314208984,0.5614338837051915,1.8915905,4.5981703,0.5559385,0.4370897,0.5624138,IDP-ESM2-8M,42,288,0.05656075477600098,0.15996122360229492,0.0024422994979321766,0.0037343800067902166,0.0009799279784632464
Q91HB7,1.3957096338272097,3.339897394180298,0.5467777632178743,0.4302185177803039,0.5418405772005691,1.4998188,3.599143,0.5490686,0.4423067,0.55920714,IDP-ESM2-8M,42,288,0.10410916805267312,0.2592456340789795,0.0022908665237943993,0.012088179588317927,0.017366564198814438
Q91HB9,1.4705297946929932,3.628468990325928,0.5835031307144537,0.4630553424358368,0.518864704883938,1.4426949,3.4718957,0.5570284,0.45144424,0.5657308,IDP-ESM2-8M,42,288,0.02783489227294922,0.15657329559326216,0.026474717895545008,0.011611104011535645,0.046866105281467285
Q91HC5,1.4270929098129272,3.4447991847991943,0.5582654703945238,0.4508726000785827,0.5371448814089227,1.5166637,3.6241436,0.54501444,0.4396255,0.5636443,IDP-ESM2-8M,42,288,0.08957076072692871,0.17934441566467285,0.013251029381187607,0.011247098445892278,0.026499408561475257
Q91HC6,1.441189169883728,3.512533187866211,0.5826620463230062,0.476786732673645,0.5088557292743896,1.4961789,3.5755522,0.5464564,0.4421578,0.5660548,IDP-ESM2-8M,42,288,0.05498969554901123,0.0630190372467041,0.03620564974326379,0.03462892770767212,0.057199091740014696
Q91HD2,1.403245449066162,3.4252517223358154,0.5631551132559705,0.433503657579422,0.5211689791574714,1.435019,3.4825234,0.5455161,0.43536198,0.5468758,IDP-ESM2-8M,42,288,0.03177356719970703,0.057271718978881836,0.017639039552204583,0.0018583238124847412,0.02570679570291068
Q91IB8,1.9164152145385744,4.536133766174316,0.5397400559399174,0.4186068475246429,0.5563729248727667,1.8839682,4.4991503,0.53894496,0.42479172,0.56569934,IDP-ESM2-8M,42,288,0.03244698047637962,0.036983489990234375,0.0007950962994144328,0.006184875965118464,0.009326414040197184
Q91IC2,1.9687762260437007,4.575587749481201,0.5069119576402291,0.398295521736145,0.6031686686194476,2.0090113,4.7509823,0.52412194,0.4131877,0.58263206,IDP-ESM2-8M,42,288,0.04023504257202193,0.17539453506469727,0.017209982495726694,0.01489219069480896,0.020536603800111686
Q91IC3,1.8307876586914065,4.315728664398193,0.536394453948631,0.4299128651618957,0.5550004741198812,1.8628954,4.431488,0.5332204,0.42240933,0.5737097,IDP-ESM2-8M,42,288,0.03210771083831765,0.11575937271118164,0.0031740436016460816,0.007503539323806707,0.018709252213736982
Q91J04,1.498690485954285,3.579329252243042,0.5409275972601223,0.4268697500228882,0.5594048079220425,1.3746884,3.2308314,0.5217128,0.43105334,0.5949666,IDP-ESM2-8M,42,288,0.12400209903717063,0.3484978675842285,0.019214817261342998,0.004183590412139893,0.035561782482467996
Q91J05,1.467923283576965,3.4409964084625244,0.5121931610300567,0.4080934524536133,0.592206774753412,1.4598811,3.4828038,0.5361792,0.43266064,0.57879233,IDP-ESM2-8M,42,288,0.008042216300964133,0.04180741310119629,0.02398602388357851,0.02456718683242798,0.013414441150506717
Q91J06,1.4956494569778442,3.589371919631958,0.545996969358381,0.4384521842002868,0.5500625409904294,1.4268264,3.3641493,0.5277736,0.43168938,0.5899487,IDP-ESM2-8M,42,288,0.06882309913635254,0.22522258758544922,0.01822335066026093,0.00676280260086054,0.03988617278902007
Q91J12,1.488661289215088,3.5175621509552,0.5379345606959208,0.4276150166988373,0.5600129796665497,1.3446182,3.213805,0.52758837,0.42825896,0.57813144,IDP-ESM2-8M,42,288,0.14404308795928955,0.3037571907043457,0.010346193233762624,0.0006439387798309326,0.018118457635086016
Q91J15,1.5292308330535889,3.6829004287719727,0.5561410207256244,0.4410905838012695,0.5481066790884938,1.393978,3.3062527,0.53484917,0.43631867,0.57827425,IDP-ESM2-8M,42,288,0.13525283336639404,0.3766477108001709,0.021291853855507248,0.00477191805839533,0.030167570942023825
Q91KJ0,2.52376127243042,5.642313957214356,0.4956063696750313,0.4158108830451965,0.6530891879659247,2.70475,6.309162,0.50465304,0.40426314,0.63601357,IDP-ESM2-8M,42,288,0.18098878860473633,0.6668481826782218,0.00904666691935957,0.011547744274139349,0.01707562051826239
Q91N87,2.1862685680389404,5.326135635375977,0.5730909165138942,0.4405888617038727,0.5378301882954697,2.0476825,4.9162817,0.5392419,0.4261241,0.57960594,IDP-ESM2-8M,42,288,0.13858604431152344,0.4098539352416992,0.033849006533120285,0.014464765787124634,0.041775748708619664
Q91PE4,1.5832889080047607,3.828235149383545,0.5868541223932404,0.4768784344196319,0.5222624451869371,1.4692111,3.569744,0.5485164,0.4399527,0.56338096,IDP-ESM2-8M,42,288,0.11407780647277832,0.25849103927612305,0.03833772968541571,0.036925733089446966,0.04111851146284318
Q91PF9,1.708423733711243,4.009804725646973,0.5237452591471707,0.411992609500885,0.5855869160114061,1.7241433,4.1697297,0.5415508,0.4286104,0.56875753,IDP-ESM2-8M,42,288,0.015719532966613547,0.15992498397827148,0.017805555958267494,0.016617804765701294,0.016829381984306502
Q91PG3,1.6775833368301392,4.05040979385376,0.5227884648894972,0.4107648432254791,0.5761200635508904,1.6526566,3.9709532,0.5394803,0.4296625,0.57163703,IDP-ESM2-8M,42,288,0.02492678165435791,0.07945656776428223,0.016691863670378337,0.018897652626037598,0.004483029134691674
Q91PI7,1.6295028924942017,3.755120038986206,0.5308984233573912,0.3991474211215973,0.5709914743666629,1.6484699,4.001857,0.5437012,0.42969725,0.5628125,IDP-ESM2-8M,42,288,0.018967032432556152,0.24673676490783691,0.012802748517608764,0.030549824237823486,0.008178967214105493
Q91QS1,2.175609827041626,5.019096374511719,0.5241551844733796,0.4139510989189148,0.5740601555110981,1.8401673,4.264588,0.4813055,0.38763025,0.6497102,IDP-ESM2-8M,42,288,0.33544254302978516,0.7545084953308105,0.04284967466770029,0.026320844888687134,0.07565002286414602
Q91QS3,2.181024074554444,5.005103588104248,0.5138717578372034,0.4098919928073883,0.5869034542752384,1.9760629,4.6563187,0.50001556,0.39504427,0.62041354,IDP-ESM2-8M,42,288,0.20496118068695113,0.3487849235534668,0.013856201024917025,0.014847725629806519,0.03351008751858486
Q91QU6,2.156642198562622,5.1153178215026855,0.5181462538408379,0.4083280265331268,0.5900262261609089,1.9038742,4.3716683,0.47106868,0.38384286,0.68020445,IDP-ESM2-8M,42,288,0.25276803970336914,0.7436494827270508,0.04707757355443043,0.024485170841216986,0.09017822492322802
Q91QZ4,2.0544512271881104,4.787442684173584,0.4996030695354302,0.384196937084198,0.5979544031737636,1.9302197,4.4933114,0.48193923,0.38516232,0.6465379,IDP-ESM2-8M,42,288,0.12423157691955566,0.2941312789916992,0.017663843146498936,0.0009653866291046143,0.04858349679724472
Q91QZ5,2.1090662479400635,5.040611743927002,0.5254195204668987,0.4161820113658905,0.5673522072006767,1.946998,4.6583138,0.5154351,0.40073097,0.5831558,IDP-ESM2-8M,42,288,0.16206824779510498,0.38229799270629883,0.009984420865153054,0.015451043844223022,0.0158036036323006
Q91R07,2.16670036315918,4.875428676605225,0.4915348723704601,0.3970865607261657,0.674097606469869,2.1784842,5.1990795,0.52938795,0.42358378,0.6134589,IDP-ESM2-8M,42,288,0.011783838272094282,0.3236508369445801,0.03785307852675668,0.02649721503257757,0.060638734628438384
Q91S26,6.816432476043701,16.601736068725586,0.6252688928616341,0.4908829033374786,0.5879919270622175,5.025547,12.179789,0.6295234,0.49265754,0.57229555,IDP-ESM2-8M,42,288,1.7908854484558105,4.421947479248047,0.004254503630370277,0.0017746388912201483,0.015696380530540233
Q91TH0,2.0291147232055664,4.8000969886779785,0.5229081679806091,0.4093762338161468,0.5909639368762225,2.1463964,5.0947046,0.52615035,0.41577575,0.58922654,IDP-ESM2-8M,42,288,0.11728167533874512,0.29460763931274414,0.003242177821698,0.006399512290954645,0.0017373929728716764
Q91TH1,2.1391584873199463,5.165140151977539,0.542742736002209,0.4222047030925751,0.5538664588393248,2.2953796,5.4397984,0.5322097,0.4150769,0.5739669,IDP-ESM2-8M,42,288,0.1562211513519287,0.274658203125,0.01053304161668045,0.0071277916431427,0.020100461536499137
Q91TK2,3.2973742485046387,7.907477855682373,0.5901963401305075,0.4587273299694061,0.527185991284539,3.4351058,8.3040695,0.5762059,0.45981994,0.5517618,IDP-ESM2-8M,42,288,0.13773155212402344,0.3965916633605957,0.013990430878340732,0.001092612743377741,0.024575814726660927
Q91TN0,2.405524492263794,5.678000450134277,0.5235568740461994,0.4141999185085296,0.5868460852980082,2.6997948,6.260767,0.50800115,0.40193808,0.6229619,IDP-ESM2-8M,42,288,0.29427027702331543,0.5827665328979492,0.015555725345485327,0.012261837720870916,0.0361157934785421
Q91TN2,3.592869758605957,8.435810089111328,0.4961662810579901,0.3791849613189697,0.6471975347315373,3.71379,8.689837,0.5362806,0.4185846,0.60777485,IDP-ESM2-8M,42,288,0.12092018127441406,0.2540273666381836,0.040114291356408094,0.03939962387084961,0.03942268102517743
Q94MN5,2.176739454269409,5.294732570648193,0.5671636200677171,0.4425916671752929,0.551422845971653,2.1168787,5.1631866,0.5800509,0.46575725,0.5287709,IDP-ESM2-8M,42,288,0.0598607063293457,0.1315460205078125,0.012887265609620502,0.023165583610534723,0.022651922357151077
Q96677,2.170951128005981,5.254989147186279,0.5348906775855502,0.4100337326526642,0.566332316014782,2.162549,4.9801273,0.48211065,0.38758504,0.67011625,IDP-ESM2-8M,42,288,0.00840210914611772,0.27486181259155273,0.0527800282382449,0.022448688745498657,0.1037839297318306
Q96799,1.555556297302246,3.669537305831909,0.5286035049732087,0.4199643731117248,0.5906273841682385,1.5687739,3.75073,0.54588825,0.44043407,0.5722471,IDP-ESM2-8M,42,288,0.013217568397521973,0.0811927318572998,0.01728474013253467,0.020469695329666193,0.018380296212763603
Q98001,2.565275192260742,5.7763352394104,0.5181906196306489,0.4364849030971527,0.6207804803500433,2.617473,6.187101,0.53516513,0.43066597,0.60570097,IDP-ESM2-8M,42,288,0.05219769477844238,0.4107656478881836,0.016974511461422592,0.0058189332485198975,0.015079510653998374
Q98476,2.775557279586792,6.958582878112793,0.5116822866031984,0.3816170394420624,0.5955917636631815,2.9219742,6.7812896,0.5171451,0.4138631,0.6297979,IDP-ESM2-8M,42,288,0.14641690254211426,0.1772933006286621,0.005462810652508421,0.03224605321884155,0.03420611221801362
Q98487,2.398437261581421,6.0521416664123535,0.5997965744587064,0.4623624384403229,0.515202807061505,2.2741861,5.641424,0.5990538,0.47425294,0.5262482,IDP-ESM2-8M,42,288,0.12425112724304199,0.4107174873352051,0.0007427743526577935,0.011890500783920288,0.011045409567523312
Q991N9,1.629084825515747,3.7599518299102783,0.5211915049064176,0.424693614244461,0.5850299304229877,1.3427485,3.2494643,0.5444566,0.43541214,0.55201656,IDP-ESM2-8M,42,288,0.2863363027572632,0.5104875564575195,0.023265096236465665,0.010718524456024225,0.033013374160017706
Q991P5,1.398473620414734,3.308290481567383,0.520871027130837,0.4207556247711181,0.5790989634999198,1.2793913,3.1737616,0.5706194,0.4539051,0.520026,IDP-ESM2-8M,42,288,0.11908233165740989,0.13452887535095215,0.04974837718511149,0.033149480819702204,0.05907293534363933
Q991P6,1.415321707725525,3.3314990997314453,0.5262038700152869,0.4376565515995025,0.5780672309065843,1.3030092,3.2009745,0.5633413,0.450978,0.5345059,IDP-ESM2-8M,42,288,0.11231255531311035,0.1305246353149414,0.03713744954571774,0.013321459293365534,0.04356132718572858
Q991P7,1.4193427562713623,3.455162286758423,0.532010167540366,0.4337842464447021,0.5712922382889107,1.3108227,3.2718992,0.5793281,0.46133876,0.5078622,IDP-ESM2-8M,42,288,0.1085200309753418,0.18326306343078613,0.04731795221442525,0.027554512023925837,0.06343002801516806
Q993H4,3.087693452835083,5.898580551147461,0.3127486993447992,0.2974962592124939,1.159749078478039,3.558383,7.898381,0.39787462,0.33791763,0.8800787,IDP-ESM2-8M,42,288,0.4706895351409912,1.999800682067871,0.08512592419226439,0.040421366691589355,0.27967040511530716
Q993Q8,2.0447707176208496,4.8013916015625,0.5588386480548491,0.4518353641033172,0.5608641941503532,1.9059767,4.5068483,0.53370714,0.42814165,0.5934545,IDP-ESM2-8M,42,288,0.13879406452178955,0.2945432662963867,0.02513150617862836,0.02369371056556696,0.032590286020850456
Q994F3,2.2137610912323,5.191986083984375,0.5233196268112137,0.4039135873317718,0.5904684807978329,2.1475258,4.866153,0.46128953,0.37970084,0.72171026,IDP-ESM2-8M,42,288,0.06623530387878418,0.3258333206176758,0.06203010177917023,0.024212747812271063,0.1312417838849369
Q99CW6,3.9450292587280273,9.234350204467772,0.5341026905626132,0.4124388098716736,0.6153044062174517,3.5669672,8.426029,0.53691936,0.41959128,0.62513274,IDP-ESM2-8M,42,288,0.37806200981140137,0.808320999145506,0.0028166648298428854,0.007152467966079712,0.009828333326463046
Q9DSX3,2.242037773132324,5.328271389007568,0.4807926327652732,0.3792286813259125,0.6589619552948545,2.219231,5.005354,0.44630897,0.36798543,0.71856976,IDP-ESM2-8M,42,288,0.022806882858276367,0.32291746139526367,0.034483662313918195,0.011243253946304321,0.059607800259344756
Q9DUB6,3.2990217208862305,7.898221492767334,0.4960021980222178,0.4015458822250366,0.6381285243556606,3.0193386,6.8834124,0.4664207,0.384641,0.73150474,IDP-ESM2-8M,42,288,0.27968311309814453,1.0148091316223145,0.02958148793539528,0.016904890537261963,0.09337621397518048
Q9DUC0,3.376082181930542,8.238306999206543,0.4633757199733214,0.387803316116333,0.7268198084029363,3.5269313,7.9479966,0.43588775,0.37307903,0.8159652,IDP-ESM2-8M,42,288,0.1508491039276123,0.2903103828430176,0.027487966009850928,0.014724284410476685,0.08914536722572586
Q9DUC3,2.717280387878418,6.051025390625,0.5222564743170948,0.4534649550914764,0.6357404472954277,2.4743872,5.8864713,0.51882434,0.42861214,0.67322195,IDP-ESM2-8M,42,288,0.24289321899414062,0.16455411911010742,0.0034321354041308982,0.024852812290191595,0.03748149846720661
Q9DUC6,2.6131069660186768,6.0143866539001465,0.50752781400406,0.4227094650268554,0.6416573429622734,2.299774,5.119465,0.4335666,0.37720123,0.80622137,IDP-ESM2-8M,42,288,0.31333303451538086,0.8949217796325684,0.07396121391975519,0.04550823569297785,0.1645640229663765
Q9DVW6,2.541959285736084,6.328849315643311,0.6317028119695746,0.5048204064369202,0.5302748753194103,2.5534134,6.6766925,0.70149034,0.5490761,0.41874155,IDP-ESM2-8M,42,288,0.011454105377197266,0.34784317016601474,0.06978753064746035,0.04425567388534546,0.11153332129757498
Q9DW22,3.868044376373291,9.053299903869627,0.4611062399349284,0.3739968240261078,0.7215304001198597,3.8224897,8.678068,0.47389284,0.3813741,0.7182219,IDP-ESM2-8M,42,288,0.04555463790893555,0.37523174285888494,0.012786597827904256,0.007377266883850098,0.003308497272569655
Q9DW68,1.6000823974609375,3.951344966888428,0.561236889570935,0.4403247535228729,0.5563476524271137,1.61666,4.0022697,0.5636192,0.44499266,0.5428246,IDP-ESM2-8M,42,288,0.016577601432800293,0.0509247779846187,0.0023823068440125272,0.004667907953262329,0.013523026458180598
Q9DWD6,4.6955180168151855,10.924694061279297,0.5071447643924963,0.3905933499336242,0.6256662762319206,4.2930818,9.941851,0.5045196,0.39281112,0.6454531,IDP-ESM2-8M,42,288,0.4024362564086914,0.9828433990478516,0.0026251825977575693,0.00221776962280279,0.019786819204175576
Q9DWG9,4.779312610626221,11.107279777526855,0.5038281456342966,0.3841271996498108,0.6919582438240218,4.677313,10.989097,0.5450076,0.42972088,0.6072671,IDP-ESM2-8M,42,288,0.10199975967407227,0.11818313598632812,0.04117944084489045,0.04559367895126343,0.08469116208650351
Q9DWH1,3.609585523605346,8.219359397888184,0.5413765262751872,0.4259637594223022,0.6088705141926924,3.8546174,9.110988,0.5432205,0.43370283,0.6170871,IDP-ESM2-8M,42,288,0.24503183364868253,0.8916282653808594,0.0018439937443440746,0.007739067077636774,0.008216611585505795
Q9DWH9,3.386984348297119,7.169269561767578,0.306615232636624,0.2646591365337372,1.2484747211864482,3.981944,9.083729,0.46423858,0.37971514,0.7453033,IDP-ESM2-8M,42,288,0.5949597358703613,1.914459228515625,0.15762335140497147,0.11505600810050964,0.5031714479854594
Q9DYK3,2.200921535491944,5.104821681976318,0.5076664512243727,0.3999537229537964,0.6183279237852021,2.1803951,5.0803866,0.5133053,0.41180775,0.6214443,IDP-ESM2-8M,42,288,0.020526409149170366,0.024435043334960938,0.005638855210258642,0.011854022741317749,0.0031163611307220007
Q9DYK6,2.229522943496704,5.1750006675720215,0.5076361596273604,0.4110752940177917,0.6213016520790188,2.1755157,5.061472,0.5109219,0.4093243,0.62135714,IDP-ESM2-8M,42,288,0.05400729179382324,0.11352872848510742,0.0032857358766373856,0.0017510056495665949,5.5490846243677616e-05
Q9DYY2,2.2649171352386475,5.266618251800537,0.4829512402533099,0.3767447769641876,0.6576735513814095,2.2468119,5.2210603,0.5070141,0.40688926,0.6292169,IDP-ESM2-8M,42,288,0.018105268478393555,0.04555797576904297,0.024062855529923766,0.030144482851028442,0.028456641972840147
Q9DZ98,1.5808584690093994,3.9442782402038574,0.565806930740451,0.4432532489299774,0.5515790231781705,1.5363054,3.7449923,0.56718874,0.45934075,0.55497366,IDP-ESM2-8M,42,288,0.04455304145812988,0.19928598403930664,0.001381809036160364,0.016087502241134644,0.003394638721396115
Q9G051,1.8284605741500848,4.589011669158936,0.6132595447576819,0.4787460565567016,0.5153646740639496,1.7237909,4.307312,0.6068078,0.48857647,0.52542984,IDP-ESM2-8M,42,288,0.10466969013214045,0.28169965744018644,0.006451716808157926,0.009830415248870905,0.010065170792312617
Q9G054,2.2590231895446777,5.6777424812316895,0.6307904269704973,0.492512971162796,0.5023225968252795,2.1529613,5.577544,0.6593004,0.5217138,0.4564454,IDP-ESM2-8M,42,288,0.10606193542480469,0.10019826889038086,0.028509959935172913,0.029200822114944458,0.04587720087877678
Q9HBF8,2.2475473880767822,5.267479419708252,0.5238669742449731,0.4231783151626587,0.6086202863288308,2.2588785,5.291614,0.53050095,0.4262928,0.6021578,IDP-ESM2-8M,42,288,0.01133108139038086,0.02413463592529297,0.006633974184134583,0.0031144917011260986,0.00646251474145898
Q9IF13,2.324437141418457,5.332759380340576,0.499677732313189,0.4014951288700104,0.6373322819574628,2.3088517,5.38099,0.5153585,0.41267297,0.6185861,IDP-ESM2-8M,42,288,0.01558542251586914,0.048230648040771484,0.015680775320020213,0.01117783784866333,0.01874615896780829
Q9IF25,2.3105998039245605,5.293320178985596,0.5241452649121082,0.4373740255832672,0.6097345543640812,2.1856546,5.0845556,0.5114343,0.4106393,0.6239203,IDP-ESM2-8M,42,288,0.12494516372680664,0.20876455307006836,0.012710948276976386,0.026734739542007446,0.01418576710045738
Q9IGT7,3.590585231781006,8.382528305053711,0.5108506852795512,0.3770790994167328,0.6316622633141724,3.5779545,8.355414,0.5266226,0.4148537,0.6142851,IDP-ESM2-8M,42,288,0.012630701065063477,0.027113914489746094,0.015771908123311307,0.03777459263801575,0.017377151886865283
Q9IMR4,2.032389640808105,4.667079925537109,0.5313171182852218,0.4555827975273132,0.6050374525590831,1.9072349,4.5463896,0.5565855,0.4469625,0.580233,IDP-ESM2-8M,42,288,0.12515473365783647,0.12069034576416016,0.025268372418360996,0.008620291948318426,0.02480447469195668
Q9IMY1,1.4666955471038818,3.653840303421021,0.5907449173958962,0.4573211669921875,0.4968831797723289,1.4927909,3.5841901,0.54192567,0.4354694,0.56018865,IDP-ESM2-8M,42,288,0.02609539031982422,0.0696501731872563,0.04881924867946552,0.021851778030395508,0.06330547131257103
Q9INB5,1.5511163473129272,3.693209171295166,0.5452214376956974,0.4557469189167022,0.561400372666778,1.5009221,3.5982866,0.53821975,0.43218923,0.5743979,IDP-ESM2-8M,42,288,0.05019426345825195,0.09492254257202148,0.007001687768176668,0.02355769276618952,0.012997548895416822
Q9IUC3,3.287097692489624,7.584784984588623,0.4956746581585969,0.3906393349170685,0.7196459703204128,3.0273137,7.1095605,0.53094345,0.42194906,0.6215377,IDP-ESM2-8M,42,288,0.2597839832305908,0.47522449493408203,0.03526879515332326,0.03130972385406494,0.09810828492612567
Q9IUD3,3.1325812339782715,7.366000175476074,0.4578589413537688,0.3701393008232116,0.7904027659112424,2.8927023,6.6791935,0.5019019,0.40769133,0.6790348,IDP-ESM2-8M,42,288,0.23987889289855957,0.6868066787719727,0.04404298325636913,0.037552028894424494,0.1113679367715329
Q9IWB2,2.538389205932617,5.879939079284668,0.4756210355843696,0.3723309338092804,0.6718767870687005,2.507752,5.8520956,0.5029775,0.39712158,0.6292206,IDP-ESM2-8M,42,288,0.030637264251708984,0.027843475341796875,0.027356454840740285,0.024790644645690918,0.042656182172155055
Q9J050,2.483672618865967,5.663978099822998,0.4946614087436699,0.3850985467433929,0.6396283801379542,2.6282065,6.1306763,0.5087449,0.40093145,0.6201955,IDP-ESM2-8M,42,288,0.14453387260437012,0.46669816970825195,0.014083486714551563,0.015832901000976618,0.019432872134719337
Q9J1C9,1.986754298210144,4.799141883850098,0.5592289289158667,0.4387366473674774,0.5702667723447771,2.100134,4.9949374,0.5571526,0.44539878,0.5761548,IDP-ESM2-8M,42,288,0.1133795976638794,0.19579553604125977,0.0020763000172461243,0.006662130355834961,0.005888055726817165
Q9J2I4,2.700218439102173,6.684958934783936,0.5992548346337859,0.4749918282032013,0.5145513442280719,2.6335518,6.291173,0.55248594,0.43603912,0.5810637,IDP-ESM2-8M,42,288,0.0666666030883789,0.3937859535217294,0.046768891793209755,0.03895270824432373,0.06651234357328917
Q9J3S0,1.4972097873687744,3.647212028503418,0.5195967040336662,0.4052510857582092,0.5812597743255332,1.5547718,3.7081442,0.5337929,0.4268148,0.57409596,IDP-ESM2-8M,42,288,0.05756199359893799,0.060932159423828125,0.014196208926386289,0.0215637087821961,0.007163809893770523
Q9J4U3,3.147139310836792,7.471718788146973,0.5138119031519014,0.3793353736400604,0.6265456098821706,3.3462226,7.7649693,0.50785047,0.40254113,0.654122,IDP-ESM2-8M,42,288,0.1990833282470703,0.29325056076049805,0.005961434993179471,0.02320575714111328,0.027576385090058442
Q9J870,3.03067684173584,7.489724159240723,0.6340807140502804,0.4958850741386413,0.5219912576498981,3.1287193,8.128719,0.7174043,0.5545199,0.3770488,IDP-ESM2-8M,42,288,0.09804248809814453,0.6389951705932617,0.08332359188462557,0.0586348176002503,0.14494246719503356
Q9JG27,1.4441094398498535,3.4677648544311523,0.5497754246894868,0.4208014011383056,0.5361674189066162,1.5601101,3.6934762,0.52838844,0.4257674,0.5829874,IDP-ESM2-8M,42,288,0.11600065231323242,0.22571134567260742,0.021386984080508542,0.004965990781784113,0.04682000880487058
Q9JG66,2.8821728229522705,6.685403823852539,0.450503728060951,0.3966049253940582,0.7594464698116618,2.717062,6.0231423,0.41679943,0.3626852,0.83029675,IDP-ESM2-8M,42,288,0.16511082649230957,0.6622614860534668,0.03370430198215463,0.033919721841812134,0.07085028502537438
Q9JGA4,2.270308017730713,5.45127010345459,0.589767129878875,0.4726641178131103,0.5141036443014787,2.3029506,5.526388,0.58673316,0.4596097,0.511813,IDP-ESM2-8M,42,288,0.03264260292053223,0.0751180648803711,0.00303396747576834,0.013054430484771673,0.002290659358088809
Q9JGA7,2.248884439468384,5.423765659332275,0.5765904262359425,0.4604406356811523,0.5315675220058806,2.2507076,5.421529,0.57355,0.44649354,0.5273976,IDP-ESM2-8M,42,288,0.0018231868743896484,0.0022368431091308594,0.00304044035032236,0.01394709944725031,0.004169949011648466
Q9JGB0,2.245989799499512,5.423483371734619,0.5782832506811947,0.4606142938137054,0.5271325679630339,2.1515744,5.2417955,0.5807826,0.45006332,0.5156115,IDP-ESM2-8M,42,288,0.0944154262542729,0.1816878318786621,0.002499341615405659,0.010550975799560491,0.01152103861275311
Q9JGB2,2.2503719329833984,5.364117622375488,0.5691694046102193,0.4422478377819061,0.5455195731482857,2.2155352,5.3383274,0.5730704,0.44736817,0.5312672,IDP-ESM2-8M,42,288,0.034836769104003906,0.02579021453857422,0.0039010023035380703,0.005120337009429987,0.014252347405945609
Q9JGB3,2.227877855300904,5.2605414390563965,0.5637170288291338,0.4483293890953064,0.5490401198833939,2.2108252,5.333835,0.57891816,0.45097557,0.5211547,IDP-ESM2-8M,42,288,0.017052650451661044,0.07329368591308594,0.015201130178892353,0.0026461780071258545,0.027885418173646537
Q9JGS4,1.8315374851226809,4.238565444946289,0.5298771539787388,0.424387663602829,0.5658265564477503,1.9387608,4.5671487,0.5147347,0.40867817,0.6014043,IDP-ESM2-8M,42,288,0.10722327232360818,0.3285832405090332,0.015142468557748812,0.015709489583969116,0.03557775282501585
Q9JGT0,1.7893383502960205,4.138028621673584,0.4963832788193653,0.3912335634231567,0.6129342393358482,1.8969955,4.485092,0.52307254,0.41769806,0.5965955,IDP-ESM2-8M,42,288,0.10765719413757324,0.3470635414123535,0.026689261940675002,0.02646449208259588,0.01633871359427108
Q9JGT3,1.8676507472991943,4.589589595794678,0.5664943029908068,0.4422765374183655,0.5168578568507745,1.908155,4.5059648,0.5203659,0.41291323,0.5915792,IDP-ESM2-8M,42,288,0.04050421714782715,0.08362483978271484,0.046128409150017036,0.029363304376602173,0.07472134198650582
Q9KX95,2.0869648456573486,5.071150302886963,0.5548973993524192,0.435413509607315,0.5488801438851098,2.206755,5.2778425,0.54516643,0.43439275,0.5856852,IDP-ESM2-8M,42,288,0.11979007720947266,0.20669221878051758,0.00973096649490579,0.0010207593441008966,0.03680504965355602
Q9MBM5,1.7672572135925293,4.344849109649658,0.6048530897007879,0.4808849990367889,0.5371196490847614,1.8409297,4.6747303,0.6233768,0.50317806,0.51423717,IDP-ESM2-8M,42,288,0.07367253303527832,0.3298811912536621,0.018523697008043905,0.022293061017990168,0.022882483633711592
Q9PX71,2.651008367538452,6.812824726104736,0.5924871570751287,0.4443878829479217,0.5094852527491134,2.626614,6.301175,0.550552,0.4402407,0.60088193,IDP-ESM2-8M,42,288,0.02439427375793457,0.5116496086120605,0.04193514653893482,0.004147171974182073,0.09139668141684121
Q9PYU9,2.622268915176392,6.24864673614502,0.6323088895949334,0.5287034511566162,0.5222101790355833,2.4405932,6.284209,0.6649945,0.52467465,0.44218022,IDP-ESM2-8M,42,288,0.18167567253112837,0.03556203842162997,0.03268558863077464,0.004028797149658203,0.08002996272317486
Q9Q0D0,2.263617992401123,5.231933116912842,0.5058413112515803,0.4071912467479706,0.6260465157077978,2.3520026,5.52907,0.52208745,0.41868013,0.61155516,IDP-ESM2-8M,42,288,0.08838462829589844,0.2971367835998535,0.01624614354425713,0.011488884687423706,0.014491356615848328
Q9Q0D1,2.2757010459899902,5.225474834442139,0.5030712501058182,0.4005528390407562,0.63548426808517,2.4239097,5.7766805,0.5487231,0.43250465,0.5655103,IDP-ESM2-8M,42,288,0.1482086181640625,0.5512056350708008,0.04565185151008755,0.03195181488990784,0.06997399510543367
Q9Q5K3,2.069778680801392,5.0084004402160645,0.5151475173929467,0.3885332345962524,0.5770330125235049,1.8350713,4.289006,0.49131373,0.39152098,0.6243719,IDP-ESM2-8M,42,288,0.23470735549926802,0.7193942070007324,0.02383379168303157,0.002987742424011286,0.047338873729852016
Q9Q5K9,8.208727836608887,18.97997093200684,0.5502271212899148,0.4312934577465057,0.591840780106417,4.670564,10.994671,0.54894644,0.4269191,0.5809305,IDP-ESM2-8M,42,288,3.538163661956787,7.985300064086918,0.0012806810700356497,0.004374355077743475,0.010910308686128967
Q9Q9G2,2.179537773132324,5.28469705581665,0.5419624288741688,0.4205802977085113,0.5660205711860626,2.0330186,4.857782,0.5406492,0.42616105,0.5761223,IDP-ESM2-8M,42,288,0.14651918411254883,0.42691516876220703,0.0013132532302478905,0.005580753087997492,0.010101712749484237
Q9QAM5,2.051337957382202,4.975330352783203,0.5726671454814838,0.4446200430393219,0.5272234356280907,2.0688832,5.058653,0.5781354,0.44843048,0.5060985,IDP-ESM2-8M,42,288,0.017545223236083984,0.08332252502441406,0.005468225726707132,0.0038104355335235596,0.02112492679325184
Q9QAN0,2.0043060779571533,4.722566604614258,0.5405905847609671,0.4290530383586883,0.5696651077534459,2.196253,5.3231707,0.5640023,0.44000039,0.52754366,IDP-ESM2-8M,42,288,0.19194698333740234,0.6006040573120117,0.023411690705951838,0.01094734668731695,0.04212144377486926
Q9QAN3,2.710864782333374,6.685522079467773,0.596224656983002,0.4575136303901672,0.5074257733996234,2.672567,6.605168,0.60920393,0.46810868,0.48652998,IDP-ESM2-8M,42,288,0.03829789161682129,0.08035421371459961,0.012979277686492652,0.010595053434372004,0.0208957972700915
Q9QAN7,2.4573442935943604,5.90974235534668,0.5823507650492149,0.4468125104904175,0.5219449628930058,2.4057832,5.9905605,0.6140326,0.47112057,0.46212283,IDP-ESM2-8M,42,288,0.05156111717224121,0.08081817626953125,0.03168186110282367,0.024308055639266968,0.05982213512468004
Q9QCK1,1.7089107036590576,4.070949554443359,0.4734790702797812,0.3653880059719085,0.639100685806551,1.6768812,3.907514,0.49183995,0.3966639,0.6375039,IDP-ESM2-8M,42,288,0.03202950954437256,0.1634354591369629,0.018360875036533497,0.03127589821815496,0.0015967638209247736
Q9QEJ2,3.266940832138061,7.605573654174805,0.5509137548570577,0.437004804611206,0.5916526770100501,2.876813,6.7544885,0.53190964,0.42415482,0.61560154,IDP-ESM2-8M,42,288,0.3901278972625728,0.8510851860046387,0.019004110253328488,0.012849986553192083,0.02394886260176632
Q9QGE5,1.8458874225616453,4.234132766723633,0.4688614194558993,0.3756045401096344,0.673525532000255,2.0262573,4.674486,0.50314873,0.41049862,0.6298688,IDP-ESM2-8M,42,288,0.1803698539733889,0.4403533935546875,0.03428731511365024,0.034894078969955444,0.04365672659177722
Q9T127,1.6034504175186155,3.9571433067321777,0.570787871994754,0.4503111243247986,0.5332722899658667,1.6145992,3.8597438,0.5331759,0.4272435,0.57645935,IDP-ESM2-8M,42,288,0.011148810386657937,0.09739947319030762,0.03761198631741636,0.023067623376846313,0.04318705823588498
Q9WIE5,1.6935549974441528,4.2000932693481445,0.56696642549652,0.43872931599617,0.5348545941872667,1.819226,4.390742,0.5630818,0.4481998,0.5628342,IDP-ESM2-8M,42,288,0.12567102909088135,0.19064855575561523,0.0038846245588674,0.009470492601394709,0.027979609055988952
Q9WMX5,1.461230754852295,3.503325223922729,0.5393768415050422,0.4192978739738464,0.5681406787658441,1.5480965,3.7722788,0.5637334,0.45041877,0.54366225,IDP-ESM2-8M,42,288,0.08686578273773193,0.26895356178283736,0.024356557409294988,0.03112089633941656,0.024478428723882395
Q9WS24,1.763866901397705,4.255963802337647,0.5433053753646945,0.4283626973628998,0.579658968923175,1.6217726,3.9196117,0.5475112,0.44129497,0.57685155,IDP-ESM2-8M,42,288,0.14209425449371338,0.3363521099090585,0.004205844613638043,0.012932270765304565,0.002807422158801254
Q9WS26,1.718677639961243,4.223274230957031,0.5508973307603438,0.4275482594966888,0.5524643604374475,1.7508733,4.2210293,0.5489281,0.43755555,0.56817955,IDP-ESM2-8M,42,288,0.032195687294006126,0.0022449493408203125,0.0019692487710554207,0.010007292032241877,0.015715187349265136
Q9WS27,1.697078824043274,4.062335014343262,0.5419950000099872,0.4312187135219574,0.5590375317444104,1.6994735,4.117604,0.54391855,0.43178388,0.56861234,IDP-ESM2-8M,42,288,0.0023946762084960938,0.05526876449584961,0.0019235500045086118,0.0005651712417602539,0.00957480536801636
Q9WSW3,2.0507287979125977,4.815845489501953,0.5734306728165321,0.4584277868270874,0.5312518362703895,1.9131069,4.555116,0.52772343,0.421536,0.6134596,IDP-ESM2-8M,42,288,0.13762187957763672,0.2607293128967285,0.04570724122931291,0.036891788244247437,0.08220775082677845
Q9YM30,1.6598469018936155,4.071847438812256,0.5773531164189126,0.4534980654716491,0.5432334968759324,1.5516313,3.801607,0.5754781,0.46145982,0.55268645,IDP-ESM2-8M,42,288,0.10821557044982888,0.27024054527282715,0.0018750394840981732,0.007961750030517634,0.009452955989668221
Q9YM71,1.6136523485183716,3.921229600906372,0.5664412905489271,0.4363954663276672,0.544766730668606,1.6246128,3.9228077,0.5504417,0.4362249,0.56710297,IDP-ESM2-8M,42,288,0.01096045970916748,0.0015780925750732422,0.015999608210212513,0.00017055869102472476,0.022336238024173505
Q9YMA2,1.6018109321594238,3.916316509246826,0.5467170982521533,0.433192104101181,0.5688215911168372,1.5647372,3.7605479,0.5405469,0.43278825,0.57604164,IDP-ESM2-8M,42,288,0.037073731422424316,0.15576863288879395,0.0061702041786669826,0.00040385127067560367,0.007220047734328605
Q9YMA3,1.6199047565460205,4.003717422485352,0.5770022079591485,0.4483984112739563,0.5299140754565819,1.5141839,3.661446,0.5524576,0.4445869,0.56991184,IDP-ESM2-8M,42,288,0.1057208776473999,0.3422713279724121,0.024544636929485386,0.0038115084171295166,0.039997762121237956
Q9YMA4,1.6094287633895874,3.9906859397888175,0.5811655866725507,0.4470786154270172,0.5205125103979206,1.5387233,3.7551184,0.56214094,0.4488531,0.55782026,IDP-ESM2-8M,42,288,0.07070541381835938,0.23556756973266513,0.019024645052677647,0.0017744898796081543,0.03730775012682919
Q9YMM6,3.3824338912963867,8.409976959228516,0.6147527657727276,0.4689493477344513,0.5241323599394471,3.3770335,8.503086,0.6660159,0.51135916,0.4074495,IDP-ESM2-8M,42,288,0.005400419235229492,0.093109130859375,0.05126315725049624,0.042409807443618774,0.11668284626566472
Q9YMQ8,2.01111388206482,4.934526443481445,0.564250976853862,0.4402024149894714,0.5534852309920345,2.083744,5.008786,0.54618573,0.44042438,0.5865173,IDP-ESM2-8M,42,288,0.07263016700744584,0.07425975799560547,0.01806524496604467,0.0002219676971436102,0.03303204338769572
Q9YNX5,1.8144832849502563,4.470627307891846,0.5458313345003265,0.4200812876224518,0.5536538016671705,1.7111529,4.1042833,0.5390042,0.42897373,0.5733377,IDP-ESM2-8M,42,288,0.10333037376403809,0.36634397506713867,0.006827127842916836,0.008892446756362915,0.01968387247375969
Q9YNX6,1.9171605110168457,4.681933403015137,0.5671188117126525,0.4498337507247925,0.5428644469799135,1.8397291,4.4919257,0.5625186,0.44727552,0.5449346,IDP-ESM2-8M,42,288,0.07743144035339355,0.19000768661499023,0.004600215063482627,0.0025582313537597656,0.0020701238094236185
Q9YNX8,1.791841983795166,4.252749443054199,0.5490302161015589,0.4421260952949524,0.5634118157636545,1.7110705,4.117205,0.5408814,0.43006963,0.5797534,IDP-ESM2-8M,42,288,0.08077144622802734,0.1355443000793457,0.008148820761593067,0.012056469917297363,0.01634158313160916
Q9YPA9,4.586367607116699,6.660677433013916,0.2000000000000677,0.2443804889917373,2.322377718888085,3.9586644,9.146948,0.5151272,0.40194488,0.6366093,IDP-ESM2-8M,42,288,0.6277031898498535,2.4862704277038574,0.31512718200676826,0.15756438672542578,1.6857684030158926
Q9YPD8,1.535165548324585,3.846963167190552,0.6006157394323535,0.4814591109752655,0.4975441440861732,1.744998,4.219654,0.55805075,0.44777194,0.5570599,IDP-ESM2-8M,42,288,0.20983242988586426,0.3726909160614009,0.04256498774625728,0.03368717432022095,0.059515739985176896
Q9YPG8,1.6223547458648682,3.772454023361206,0.5369374384766431,0.4198368191719055,0.5503444150386717,1.7026318,4.111534,0.5345567,0.41959488,0.5521858,IDP-ESM2-8M,42,288,0.08027708530426025,0.3390800952911377,0.0023807515984387573,0.00024193525314331055,0.0018413588108155965
Q9YR10,1.4216866493225098,3.37296199798584,0.5476262311856532,0.4463849663734436,0.5503723579037716,1.3394877,3.195456,0.5412731,0.4411667,0.5644147,IDP-ESM2-8M,42,288,0.08219897747039795,0.1775059700012207,0.006353114120223546,0.0052182674407958984,0.014042322100348281
Q9ZWY9,2.2743353843688965,5.371128559112549,0.5811008695324562,0.4628655612468719,0.5585636739795925,2.1964402,5.192447,0.55805665,0.45751333,0.61506253,IDP-ESM2-8M,42,288,0.0778951644897461,0.1786813735961914,0.023044216986527255,0.005352228879928533,0.05649886082952005
A0A060BGV2,1.8709957599639893,4.745255947113037,0.6648404258285833,0.543910801410675,0.5129372202580379,1.4262636,3.6188438,0.6248615,0.5176625,0.545977,IDP-ESM2-8M,67,288,0.4447321891784668,1.1264121532440186,0.03997894702304128,0.026248276233673096,0.03303977616377607
A0A068LKJ5,3.1279776096343994,7.860950469970703,0.6434058955981943,0.5088355541229248,0.4999938582910706,3.0247848,7.3100595,0.5971277,0.46660507,0.5123217,IDP-ESM2-8M,67,288,0.10319280624389648,0.5508909225463867,0.04627821958806244,0.04223048686981201,0.012327852295477226
A0A068QKP9,3.681626558303833,9.24367904663086,0.6493531867070845,0.4933025240898132,0.5390672255281378,4.6721735,11.619467,0.7019786,0.545525,0.5021714,IDP-ESM2-8M,67,288,0.9905469417572021,2.3757877349853516,0.05262543715995038,0.052222490310669,0.036895828318970314
A0A075FGF0,3.247427463531494,6.929473400115967,0.3003838272670718,0.2864892780780792,1.228569477033122,3.5180426,7.5278535,0.37499297,0.3344904,0.94022715,IDP-ESM2-8M,67,288,0.2706151008605957,0.5983800888061523,0.0746091393848447,0.048001110553741455,0.2883423261160687
A0A088MZV7,1.7999963760375977,3.877164363861084,0.3354578771154919,0.3013455271720886,0.9274504404955942,1.9777249,4.3678317,0.44597885,0.3734496,0.7310085,IDP-ESM2-8M,67,288,0.177728533744812,0.49066734313964844,0.11052097301077457,0.0721040666103363,0.19644191083250828
A0A088N936,1.7941431999206543,3.7398083209991455,0.3237829659271553,0.3044366538524627,0.959562438798973,1.98518,4.4370947,0.46055803,0.38238373,0.70382166,IDP-ESM2-8M,67,288,0.19103682041168213,0.6972863674163818,0.1367750611018822,0.07794708013534551,0.2557407797108382
A0A0A0RNI5,1.8379640579223635,4.699020862579346,0.6245290108975897,0.4860381186008453,0.5019306645477372,1.7814167,4.4603357,0.61910534,0.49610594,0.50957894,IDP-ESM2-8M,67,288,0.05654740333557151,0.23868513107299805,0.0054236718472967516,0.010067820549011286,0.007648278704826317
A0A0A0UYW6,1.4946105480194092,3.622380256652832,0.5805054041018775,0.471271276473999,0.5319666138466447,1.4746746,3.6598713,0.59252656,0.471682,0.5022014,IDP-ESM2-8M,67,288,0.019935965538024902,0.0374910831451416,0.012021150959462878,0.0004107356071472168,0.029765235501155174
A0A0A7KTD7,3.229266405105591,7.81913948059082,0.632271209483456,0.5142625570297241,0.5084826518940512,3.093545,7.555604,0.6326288,0.4929186,0.4587802,IDP-ESM2-8M,67,288,0.13572144508361816,0.2635354995727539,0.0003575890013461924,0.02134394645690918,0.049702452604729275
A0A0B4VGH4,3.5100271701812744,8.386533737182617,0.6282478649957494,0.5065130591392517,0.5788373057229916,3.476923,8.17012,0.60558987,0.50186825,0.59993726,IDP-ESM2-8M,67,288,0.03310418128967285,0.2164134979248047,0.022657998357565767,0.004644811153411865,0.02109995442791779
A0A0B4ZUM6,3.420783758163452,8.540512084960938,0.6511974479577748,0.5155918598175049,0.4922968028518717,3.5390701,8.713671,0.6358539,0.48957503,0.44741452,IDP-ESM2-8M,67,288,0.1182863712310791,0.1731586456298828,0.015343561353465707,0.026016831398010254,0.04488228544922279
A0A0B5JAX3,3.569871664047241,8.683417320251465,0.323677871294975,0.3031988739967346,1.2263287700546388,3.508399,7.418987,0.36241174,0.35236013,1.0408559,IDP-ESM2-8M,67,288,0.06147265434265137,1.2644305229187012,0.03873386614704161,0.04916125535964966,0.18547288550263685
A0A0C5B347,2.551819086074829,6.198254585266113,0.6404190875161785,0.531172513961792,0.5060864817350506,2.675325,6.6292105,0.6398269,0.50514454,0.4911371,IDP-ESM2-8M,67,288,0.12350583076477051,0.4309558868408203,0.0005921937097209673,0.026027977466583252,0.014949394389927262
A0A0C7TJV6,3.2255454063415527,6.48290491104126,0.2753428808769145,0.2969372868537903,1.3532434033816398,3.5477424,7.5868425,0.37468213,0.33472097,0.943426,IDP-ESM2-8M,67,288,0.32219696044921875,1.1039376258850098,0.09933924755249834,0.037783682346343994,0.40981739038878096
A0A0C7TQD0,3.2599267959594727,6.51080846786499,0.2791528626980524,0.2957454025745392,1.3477928936518049,3.4918604,7.4668474,0.375021,0.33490542,0.9401643,IDP-ESM2-8M,67,288,0.23193359375,0.9560389518737793,0.09586814793923093,0.03916001319885254,0.4076285660303449
A0A0C7TTX4,3.1863393783569336,6.513663291931152,0.2652965933170978,0.279620498418808,1.3989969402113958,3.5279784,7.526457,0.37062833,0.3329463,0.9529813,IDP-ESM2-8M,67,288,0.34163904190063477,1.0127935409545898,0.10533173381417354,0.053325802087783813,0.4460156470099492
A0A0C7TY93,3.2035484313964844,6.2133636474609375,0.2680427205504906,0.2902769148349762,1.3892446419511366,3.5362256,7.5613174,0.37332946,0.333892,0.94478697,IDP-ESM2-8M,67,288,0.33267712593078613,1.3479537963867188,0.10528674007038952,0.04361507296562195,0.44445767610412124
A0A0E3FC10,1.9896296262741089,4.548262119293213,0.4498157364067209,0.359597772359848,0.6801800489525321,1.9635742,4.3768573,0.44532278,0.35669664,0.69982505,IDP-ESM2-8M,67,288,0.026055455207824707,0.17140483856201172,0.004492954605497146,0.002901136875152588,0.019644999494123128
A0A0E3FG91,2.007967710494995,4.889094352722168,0.5696965172407078,0.4434048533439636,0.5517621470287617,1.9451478,4.6043873,0.5587237,0.45826054,0.5773915,IDP-ESM2-8M,67,288,0.0628199577331543,0.28470706939697266,0.010972829115097449,0.014855682849884033,0.025629358212632347
A0A0E3GI14,3.8328351974487305,9.44561004638672,0.6373046147886182,0.5037670135498047,0.4932179131609235,3.755024,9.037802,0.5657223,0.4365775,0.56275165,IDP-ESM2-8M,67,288,0.07781124114990234,0.4078083038330096,0.07158232808741583,0.06718951463699341,0.0695337376493182
A0A0E3HAY2,2.057600259780884,4.947140216827393,0.5873490365504209,0.4741730093955993,0.5355612374876809,2.007535,4.75834,0.5674462,0.467024,0.56924707,IDP-ESM2-8M,67,288,0.05006527900695801,0.18880033493041992,0.019902864313024682,0.007149010896682684,0.033685829486958974
A0A0E3HBF5,2.0153250694274902,4.97175407409668,0.6251585435951948,0.5097558498382568,0.5072928621312883,1.9132226,4.6439643,0.58184326,0.46787006,0.5584639,IDP-ESM2-8M,67,288,0.10210251808166504,0.3277897834777832,0.04331528664481643,0.04188579320907593,0.0511710093477461
A0A0E3IAD2,1.966827392578125,4.812924385070801,0.6082157131718556,0.482146143913269,0.521215492335977,1.8607405,4.540205,0.5838902,0.46822533,0.54875726,IDP-ESM2-8M,67,288,0.1060868501663208,0.2727193832397461,0.02432551351060075,0.013920813798904363,0.02754176274138509
A0A0E3Z619,4.602853775024414,11.309985160827637,0.6286710972694056,0.4805226027965545,0.5583584034397493,4.549521,11.06955,0.6174275,0.4856745,0.5640117,IDP-ESM2-8M,67,288,0.05333280563354492,0.24043560028076172,0.011243569364895123,0.0051518976688385565,0.005653289561044161
A0A0F6YQQ5,2.4828991889953613,6.178328037261963,0.6123576323619456,0.4877661764621734,0.5168836575505665,2.7659848,6.741449,0.60052377,0.47076797,0.53339034,IDP-ESM2-8M,67,288,0.28308558464050293,0.5631208419799805,0.011833862506446358,0.01699820160865778,0.01650668563867297
A0A0F7L2H1,2.1316399574279785,5.185291767120361,0.5512738924565744,0.4365662634372711,0.5346463826293482,2.3126628,5.628635,0.5900516,0.478564,0.52098507,IDP-ESM2-8M,67,288,0.18102288246154785,0.4433431625366211,0.038777698939757355,0.04199773073196411,0.013661315738631608
A0A0F7L948,2.9432451725006104,7.376818656921387,0.615684741569221,0.4661437273025512,0.5147378398896822,2.7557492,6.8084254,0.6159787,0.47906625,0.50059044,IDP-ESM2-8M,67,288,0.18749594688415527,0.5683932304382324,0.0002939762347340391,0.012922525405883845,0.014147396278537228
A0A0H4SM67,2.05387806892395,4.603631973266602,0.3329728256138248,0.2809054255485534,0.9568060839658448,2.1774101,4.571193,0.39061418,0.34275195,0.8321378,IDP-ESM2-8M,67,288,0.12353205680847168,0.03243875503540039,0.05764135614314847,0.06184652447700506,0.12466826086098637
A0A0H4XWL8,4.244997501373291,9.883912086486816,0.4845938852067262,0.3680307865142822,0.7021309966367894,3.980548,9.451759,0.533392,0.41372013,0.62031543,IDP-ESM2-8M,67,288,0.2644495964050293,0.43215274810791016,0.04879812691256702,0.04568934440612793,0.0818155640882664
A0A0K0KVV5,1.905128836631775,4.783977508544922,0.6390536102060689,0.509920060634613,0.4996267046099265,1.9832846,4.9529147,0.6320995,0.50122577,0.47329572,IDP-ESM2-8M,67,288,0.0781557559967041,0.16893720626831055,0.006954100966872101,0.008694291114807129,0.026330986178453697
A0A0K0UUV8,1.4884426593780518,3.522228956222534,0.5625399342005294,0.4640023112297058,0.555318216079023,1.4376289,3.5654645,0.5984808,0.47828048,0.49496865,IDP-ESM2-8M,67,288,0.05081379413604736,0.04323554039001465,0.035940886455293364,0.014278173446655273,0.06034956335380326
A0A0M4RBN9,1.8003473281860352,3.822779893875122,0.3441452587271263,0.3250421285629272,0.907308166463678,1.9434909,4.20374,0.42282352,0.36504146,0.78634375,IDP-ESM2-8M,67,288,0.14314353466033936,0.38096022605895996,0.07867825978750687,0.03999933600425726,0.12096441312581785
A0A0N9R406,2.7013094425201416,6.821994781494141,0.6285582797931205,0.4964366257190704,0.5176726691946631,2.6958606,6.574153,0.61542,0.49885836,0.54598397,IDP-ESM2-8M,67,288,0.005448818206787109,0.24784183502197266,0.013138295929289945,0.0024217367172241766,0.028311300970589537
A0A0R7EYS2,2.739974975585937,6.7961201667785645,0.6369731593098236,0.5143995881080627,0.5318345347258259,2.9504592,7.250808,0.63861436,0.50030005,0.5169314,IDP-ESM2-8M,67,288,0.21048426628112837,0.45468759536743164,0.0016411972079681814,0.014099538326263428,0.014903120121638858
A0A0S0BY46,2.9722888469696045,5.646958351135254,0.200000000000005,0.2410071045160293,1.6899441710446432,3.9499984,8.3819685,0.3449927,0.3187702,1.02759,IDP-ESM2-8M,67,288,0.9777095317840576,2.7350101470947266,0.1449926972389171,0.07776309549808508,0.6623541346524313
A0A0U3U0D7,3.198613405227661,6.53288459777832,0.2761613509182223,0.2992600202560425,1.3395796320590558,3.5899487,7.7112575,0.3786734,0.33624512,0.9356253,IDP-ESM2-8M,67,288,0.39133524894714355,1.178372859954834,0.10251205353696263,0.03698509931564331,0.4039543173465314
A0A0X9FL12,2.4715023040771484,6.043369770050049,0.6259112433413985,0.5041557550430298,0.5193591636724463,2.3444092,5.708713,0.60402435,0.47842187,0.5488759,IDP-ESM2-8M,67,288,0.12709307670593262,0.3346567153930664,0.021886892698240512,0.025733888149261475,0.029516764252663585
A0A127KLB1,2.037693738937378,4.89035177230835,0.5755451535486125,0.4528867304325104,0.5500564735472421,2.050851,5.053135,0.6053015,0.48215058,0.51834637,IDP-ESM2-8M,67,288,0.013157367706298828,0.16278314590454102,0.02975634581814779,0.029263854026794434,0.031710104280732065
A0A127KLJ5,1.9161354303359983,3.975952863693237,0.3834116582257151,0.329802542924881,0.8119062492192699,1.9651096,4.4304304,0.4625904,0.37224978,0.67658794,IDP-ESM2-8M,67,288,0.04897415637969993,0.4544775485992436,0.07917873817855126,0.04244723916053772,0.13531830995687977
A0A140F9E7,2.71370792388916,6.346926212310791,0.5038814751992345,0.3802064955234527,0.6196854491066627,2.7646186,6.47972,0.5205264,0.40808013,0.5955812,IDP-ESM2-8M,67,288,0.05091071128845215,0.13279390335083008,0.01664493394993538,0.027873635292053278,0.024104275209873127
A0A140HQX3,3.51343297958374,8.4016695022583,0.6073791392405583,0.4708464741706848,0.5436286043740732,3.5756383,8.547354,0.5668997,0.44218048,0.56958824,IDP-ESM2-8M,67,288,0.06220531463623091,0.14568424224853516,0.04047942238646285,0.028665989637374878,0.025959639587260996
A0A142KCK0,1.984683632850647,4.5358991622924805,0.4904644765946085,0.3969229161739349,0.6290876197646604,2.0916467,4.846268,0.5032943,0.40093148,0.6305579,IDP-ESM2-8M,67,288,0.10696303844451904,0.31036901473999023,0.012829812517482553,0.0040085613727570135,0.0014702749420656414
A0A192GNU8,5.837929725646973,14.055828094482422,0.6151828044542762,0.4852725863456726,0.618608480442396,4.990912,11.864967,0.56750554,0.46579075,0.7300653,IDP-ESM2-8M,67,288,0.847017765045166,2.1908607482910156,0.04767726599068367,0.0194818377494812,0.11145680571711936
A0A1B1MQX9,3.689755916595459,9.153661727905272,0.6210792522992638,0.4994878470897674,0.5340505303806711,3.7158148,8.817553,0.5666985,0.45294264,0.6019468,IDP-ESM2-8M,67,288,0.02605891227722168,0.33610916137695135,0.05438076072593001,0.04654520750045771,0.06789624076419587
A0A1B1SEH4,1.5912322998046875,3.996649265289306,0.6065594374484161,0.4735662043094635,0.5186342838392061,1.6203859,4.1309752,0.62248856,0.4899518,0.48076117,IDP-ESM2-8M,67,288,0.02915358543395996,0.13432598114013716,0.0159291208439728,0.016385585069656372,0.037873113451938
A0A1B2CSH8,2.555961847305298,6.162074089050293,0.6283748593000453,0.519582211971283,0.5381129048765315,2.8670022,7.213582,0.67360747,0.5277965,0.46521783,IDP-ESM2-8M,67,288,0.31104040145874023,1.0515079498291016,0.045232609304996174,0.008214294910430908,0.07289507612592117
A0A1C9EI46,2.495083808898926,6.504735946655273,0.6447358353589703,0.4936386048793793,0.5064341176318454,2.4589262,6.087241,0.62470174,0.502502,0.5485112,IDP-ESM2-8M,67,288,0.03615760803222656,0.4174947738647461,0.020034097001426332,0.0088634192943573,0.04207708947188382
A0A1D7RB72,1.9309744834899905,4.144845008850098,0.4400923320469089,0.3348980844020843,0.6979334094812382,2.000505,4.5309277,0.46573967,0.37304363,0.6782364,IDP-ESM2-8M,67,288,0.06953048706054665,0.38608264923095703,0.02564733536871,0.038145542144775446,0.01969698455829505
A0A1D7RFJ1,2.1598763465881348,5.302068710327148,0.6151031654723652,0.4840208292007446,0.517090559410478,2.0528736,5.1188846,0.616339,0.48647606,0.50587463,IDP-ESM2-8M,67,288,0.10700273513793945,0.18318414688110352,0.0012358624092571047,0.002455234527587946,0.01121592562141549
A0A1D7RII7,1.9287075996398928,4.025937557220459,0.4168344515309992,0.3448868691921234,0.7447463504225647,2.0169392,4.6013975,0.4747497,0.3785923,0.66236556,IDP-ESM2-8M,67,288,0.08823156356811501,0.5754599571228027,0.05791526260512447,0.033705443143844604,0.08238079465932002
A0A1D7S6P1,1.9069650173187256,4.018314361572266,0.4110361216142591,0.3321807384490967,0.7556874030107638,2.0197906,4.594123,0.47253233,0.3780186,0.66794217,IDP-ESM2-8M,67,288,0.11282563209533691,0.5758085250854492,0.06149621032925284,0.045837849378585815,0.08774523668233358
A0A1D7SND7,2.0959181785583496,5.300011157989502,0.6250138501940657,0.4755710661411285,0.4929425236448312,2.0536923,5.039837,0.5964303,0.47219378,0.5213076,IDP-ESM2-8M,67,288,0.04222583770751953,0.2601742744445801,0.02858354852780598,0.0033772885799407404,0.02836506397876498
A0A1D8KSZ5,2.1815261840820312,5.456066131591797,0.6235150752744316,0.4918694198131561,0.5153231744444425,2.0407329,5.082332,0.6238908,0.4958864,0.504037,IDP-ESM2-8M,67,288,0.1407933235168457,0.3737339973449707,0.0003757418909431376,0.004016965627670344,0.011286151853805326
A0A1S5YE66,2.531496524810791,5.944098949432373,0.6134355785372303,0.5148159265518188,0.5351545203648784,2.5761945,6.346357,0.62526524,0.49494323,0.50860137,IDP-ESM2-8M,67,288,0.04469799995422363,0.40225791931152344,0.011829662132020191,0.019872695207595825,0.026553152891276133
A0A1V0EDG6,1.5727343559265137,3.469075918197632,0.2929541306119855,0.3063433766365051,0.9878845159755464,1.6231053,3.195352,0.39099944,0.3623078,0.85483754,IDP-ESM2-8M,67,288,0.05037093162536621,0.273723840713501,0.0980453057664935,0.05596441030502319,0.13304697916371777
A0A1V0SDB7,4.326804637908936,10.801491737365724,0.6213385466256183,0.4660638570785522,0.5635521659812908,4.158612,10.144695,0.6023921,0.47570175,0.57050174,IDP-ESM2-8M,67,288,0.16819286346435636,0.6567964553833026,0.018946469179634384,0.009637892246246393,0.006949578765871101
A0A1V0SEI4,1.8081750869750977,4.441864490509033,0.6122151916873403,0.500130832195282,0.5483686596833202,1.7851299,4.267638,0.5864662,0.48437694,0.5839045,IDP-ESM2-8M,67,288,0.02304518222808838,0.1742262840270996,0.025748998488182573,0.015753895044326782,0.03553584509268082
A0A1V0SIV1,4.174000263214111,10.614853858947754,0.6842403496575146,0.5386889576911926,0.5027585052773443,4.01245,10.149969,0.6774976,0.5235297,0.46534532,IDP-ESM2-8M,67,288,0.16155004501342773,0.46488475799560547,0.00674272430656242,0.015159249305725098,0.037413182191559424
A0A1Z1LW78,2.0027074813842773,4.335637092590332,0.4410411947256457,0.366392582654953,0.7037776828997439,1.9783399,4.392191,0.45259,0.37142694,0.7096827,IDP-ESM2-8M,67,288,0.024367570877075195,0.05655384063720703,0.011548793982850414,0.005034357309341431,0.005905020118444626
A0A218MKB4,2.357820510864258,6.037364482879639,0.6271183212289396,0.461840808391571,0.5060772498704652,2.764318,6.80527,0.6195382,0.49239776,0.5643748,IDP-ESM2-8M,67,288,0.4064974784851074,0.7679057121276855,0.007580133248287768,0.0305569469928742,0.05829755462629993
A0A218MLX2,2.272663354873657,5.805709838867188,0.6396639957192238,0.4928644299507141,0.4917246219632122,2.1220903,5.239327,0.6041702,0.48167908,0.54399914,IDP-ESM2-8M,67,288,0.15057301521301225,0.5663828849792489,0.03549379251030049,0.01118534803390503,0.05227451353101997
A0A218MLZ4,2.032463788986206,5.23089599609375,0.6597090612851132,0.5207942128181458,0.4942573940182793,2.0767438,5.3511815,0.6704185,0.53437674,0.47536692,IDP-ESM2-8M,67,288,0.044280052185058594,0.1202855110168457,0.010709439615155358,0.01358252763748169,0.018890473785506456
A0A218MM47,3.07020115852356,7.898779392242432,0.640762047423211,0.4869556427001953,0.4947709595466047,2.971105,7.29482,0.61103344,0.47978795,0.5538441,IDP-ESM2-8M,67,288,0.09909605979919478,0.6039595603942871,0.0297286077869805,0.007167696952819824,0.05907313472982351
A0A218MM62,4.056736946105957,10.436914443969728,0.639987116247588,0.4903533160686493,0.5136986871541919,4.153472,10.309305,0.66286623,0.51054996,0.4966165,IDP-ESM2-8M,67,288,0.09673500061035156,0.12760925292968928,0.022879118531769937,0.020196646451950073,0.017082174617189305
A0A218MME3,2.271432876586914,5.9613037109375,0.6597079257097135,0.4992742836475372,0.4810725402587958,2.3116753,5.6318083,0.60062593,0.48643047,0.57993746,IDP-ESM2-8M,67,288,0.04024243354797363,0.3294954299926758,0.059081993493069196,0.01284381747245783,0.09886491777953427
A0A218MMI9,2.02730679512024,5.305123329162598,0.638452023086483,0.4827924370765686,0.5078515226758401,2.1449847,5.4455967,0.6581948,0.52337694,0.47868493,IDP-ESM2-8M,67,288,0.11767792701721103,0.1404733657836914,0.019742757263248478,0.0405845046043396,0.02916659068235561
A0A222ZRZ9,1.8855600357055664,4.122748374938965,0.3942736176377951,0.3380815088748932,0.8147917344271013,2.0934577,4.675108,0.45767522,0.38178468,0.71969694,IDP-ESM2-8M,67,288,0.20789766311645508,0.5523595809936523,0.0634016009443582,0.043703168630599976,0.09509479543555466
A0A249XMM6,1.6224560737609863,3.959259033203125,0.6034464095859026,0.4790000915527344,0.5343587030662669,1.751621,4.427385,0.6260239,0.49687523,0.49753323,IDP-ESM2-8M,67,288,0.1291649341583252,0.4681258201599121,0.022577479002049095,0.01787513494491577,0.0368254710926188
A0A290GQ28,1.5971816778182983,4.016484260559082,0.6073024075916871,0.4796764850616455,0.5201540663015185,1.5291656,3.8143647,0.62003493,0.5031489,0.51300997,IDP-ESM2-8M,67,288,0.06801605224609375,0.2021195888519287,0.012732525498522884,0.02347242832183838,0.007144100881749216
A0A2D1GNS7,1.8548660278320312,4.500593662261963,0.6091087310179324,0.5196295380592346,0.5368738539794433,1.6173003,3.878188,0.57063913,0.4850238,0.6016855,IDP-ESM2-8M,67,288,0.2375657558441162,0.6224057674407959,0.03846959756456325,0.03460574150085449,0.06481167000737309
A0A2D1M0A0,3.243690490722656,6.600233554840088,0.2918736432249597,0.3027164340019226,1.2718866759880836,3.5170922,7.5122404,0.37261045,0.33372077,0.947318,IDP-ESM2-8M,67,288,0.2734017372131352,0.9120068550109863,0.08073680656599491,0.031004339456558228,0.324568658505326
A0A2D3I5T4,3.445852756500244,8.695958137512207,0.6388660412527839,0.5173224806785583,0.5259483236126974,3.3505304,8.341478,0.6399248,0.50550485,0.5473093,IDP-ESM2-8M,67,288,0.0953223705291748,0.3544797897338867,0.0010587829850395858,0.011817634105682373,0.021360955829136108
A0A2I6SBY4,2.5871617794036865,6.698744297027588,0.713829571671521,0.5995360016822815,0.4633943519370618,2.4217465,6.3239183,0.73726314,0.5835761,0.33548743,IDP-ESM2-8M,67,288,0.16541528701782227,0.37482595443725586,0.023433571391070607,0.01595991849899292,0.12790692660976077
A0A2I6SCK6,2.535738468170166,6.091251850128174,0.6304718709223981,0.4980557262897491,0.5531566837180172,2.3131106,5.538161,0.602648,0.49985972,0.5941323,IDP-ESM2-8M,67,288,0.22262787818908691,0.5530910491943359,0.027823851131748678,0.0018039941787720282,0.04097562047357217
A0A2K9VSC6,3.412482261657715,8.447052955627441,0.6449949317186973,0.5287598371505737,0.512319115861929,3.3903563,8.181206,0.6089522,0.48422223,0.53851,IDP-ESM2-8M,67,288,0.022125959396362305,0.26584720611572266,0.03604270746408911,0.04453760385513306,0.026190908685647885
A0A2P1GNK0,3.380776882171631,7.656097888946533,0.541036319838271,0.4461981952190399,0.6014099315591063,3.3280785,7.7877026,0.5076413,0.3990841,0.6490313,IDP-ESM2-8M,67,288,0.052698373794555664,0.13160467147827148,0.03339500437806597,0.04711410403251648,0.04762134991214617
A0A2R3UAC7,1.9320677518844604,4.841625213623047,0.6404539932537097,0.5155250430107117,0.4873367177706417,1.8018262,4.4249387,0.59882635,0.47719237,0.52589995,IDP-ESM2-8M,67,288,0.1302415132522583,0.4166865348815918,0.04162764447212397,0.03833267092704773,0.03856322891896402
A0A2R8FEN2,2.233720064163208,4.593494892120361,0.3637210542594347,0.3110659718513489,0.8452194904151901,2.6611094,5.8609953,0.41124767,0.33376515,0.7869235,IDP-ESM2-8M,67,288,0.42738938331604004,1.267500400543213,0.047526616391047494,0.022699177265167236,0.058295962697599735
A0A2S1MMK3,3.119459867477417,5.968638896942139,0.2526111350215629,0.2691065669059753,1.4474499501228164,3.5447295,7.5764503,0.37454647,0.33526072,0.94499016,IDP-ESM2-8M,67,288,0.42526960372924805,1.607811450958252,0.12193533323634115,0.06615415215492254,0.5024597920417617
A0A2S1MQZ2,3.2695066928863525,6.373148918151856,0.2679473715136036,0.3023358285427093,1.415576885824505,3.5509706,7.59334,0.3745493,0.33483234,0.94486177,IDP-ESM2-8M,67,288,0.2814638614654541,1.220191001892089,0.10660192796492729,0.0324965119361878,0.47071511614829653
A0A2S1MU58,3.180582284927368,6.335093021392822,0.2804766553457555,0.2952610552310943,1.3086290631831297,3.599924,7.712298,0.3735981,0.3338386,0.94495785,IDP-ESM2-8M,67,288,0.4193418025970459,1.3772048950195312,0.09312144340912731,0.03857755661010748,0.36367121081954323
A0A2S1N1Y6,3.1434013843536377,6.069257736206055,0.2551394399323936,0.2820751368999481,1.440354066821315,3.5505323,7.5737915,0.36933574,0.33227307,0.9566958,IDP-ESM2-8M,67,288,0.4071309566497803,1.5045337677001953,0.11419630087227867,0.05019792914390564,0.48365827176211096
A0A2S1N210,3.177938461303711,6.538460731506348,0.2850310229733637,0.2840388119220733,1.2820223027123905,3.5523705,7.598014,0.3757138,0.3352216,0.9402844,IDP-ESM2-8M,67,288,0.3744320869445801,1.0595531463623047,0.090682772450144,0.051182776689529474,0.3417379313363529
A0A2U7U7R7,3.307194709777832,7.426743030548096,0.49027903920995,0.4071246981620788,0.6844560534819841,3.2216177,7.32819,0.47973034,0.38746792,0.6857865,IDP-ESM2-8M,67,288,0.08557701110839844,0.09855318069458008,0.0105487013517499,0.019656777381896917,0.0013304321900129423
A0A2Z4HI38,2.976910352706909,7.205212593078613,0.6378618484091534,0.5078628659248352,0.5010178088146884,3.2159352,7.8219347,0.60024583,0.46152735,0.5079263,IDP-ESM2-8M,67,288,0.23902487754821777,0.6167221069335938,0.037616015012241766,0.04633551836013794,0.0069084764521878395
A0A2Z4Q913,2.134335994720459,4.321473598480225,0.4063391873984688,0.3787935674190521,0.7895223631942321,1.9286038,3.861669,0.34672993,0.32114092,0.9340936,IDP-ESM2-8M,67,288,0.20573222637176514,0.4598045349121094,0.05960925318292315,0.05765265226364136,0.14457123135685435
A0A2Z6E9I5,2.2962775230407715,5.193755626678467,0.5135728109874673,0.4228333234786987,0.6080252512837739,2.1956642,5.119997,0.5176082,0.41172898,0.6122426,IDP-ESM2-8M,67,288,0.10061335563659668,0.07375860214233398,0.004035414358144251,0.011104345321655218,0.004217328176370105
A0A345L4V0,2.6736631393432617,6.949498176574707,0.6596856797737075,0.5065141916275024,0.4831004333772276,2.637471,6.568283,0.63563704,0.50133175,0.5203597,IDP-ESM2-8M,67,288,0.03619217872619629,0.38121509552001953,0.0240486348670913,0.005182445049285889,0.037259261580505576
A0A345M6E7,2.5674266815185547,6.560764312744141,0.6485113664520162,0.4892332553863525,0.4974973801966151,2.6332884,6.587009,0.64013076,0.503241,0.50943583,IDP-ESM2-8M,67,288,0.06586170196533203,0.026244640350341797,0.008380608166493775,0.014007747173309382,0.011938452303842662
A0A346RNU7,3.3275458812713623,8.488655090332031,0.6610640449621865,0.5302042365074158,0.4993799703135373,3.5831428,8.54669,0.5842599,0.46898508,0.60002345,IDP-ESM2-8M,67,288,0.2555968761444092,0.05803489685058594,0.07680411768938988,0.06121915578842163,0.10064347815371733
A0A346TPN1,4.2668776512146,10.269299507141112,0.6275896033613085,0.5009030699729919,0.5500839470806737,4.4014387,10.58268,0.5932582,0.47298867,0.5762756,IDP-ESM2-8M,67,288,0.13456106185913086,0.31338024139404475,0.03433140128535028,0.02791440486907959,0.026191640001235528
A0A346TQ06,3.2511818408966064,8.189574241638184,0.6621728226837698,0.5109158158302307,0.4906660220041634,3.0108094,7.404298,0.6370316,0.49919784,0.4826788,IDP-ESM2-8M,67,288,0.2403724193572998,0.7852764129638672,0.025141207903343732,0.01171797513961792,0.007987221182859106
A0A385DYQ6,1.8909099102020264,4.238114833831787,0.4425941345339992,0.376821756362915,0.7078802560160036,1.7124019,3.77321,0.46006927,0.37559298,0.694008,IDP-ESM2-8M,67,288,0.17850804328918457,0.46490478515625,0.017475134407880066,0.00122877955436701,0.013872263271557772
A0A385UFY3,2.382606506347656,6.081989765167236,0.6504340639228023,0.5102535486221313,0.4993561855884749,2.3965771,5.938019,0.62718594,0.4966323,0.52376646,IDP-ESM2-8M,67,288,0.013970613479614702,0.14397096633911133,0.023248123180309666,0.013621240854263306,0.024410272446040493
A0A386QVQ8,2.713974952697754,6.020387172698975,0.5009933137682375,0.4044174253940582,0.6196101935095266,2.7494042,6.430091,0.5171984,0.40499768,0.593866,IDP-ESM2-8M,67,288,0.03542923927307129,0.40970373153686523,0.01620507003989846,0.0005802512168884277,0.02574420287079371
A0A3G1T4F7,3.1424789428710938,5.581296443939209,0.2067028429250769,0.2772082388401031,1.7320570120288912,4.049209,8.692419,0.3623223,0.32636148,0.98850054,IDP-ESM2-8M,67,288,0.9067301750183105,3.1111226081848145,0.15561945774745423,0.049153238534927424,0.7435564765407625
A0A3G2JTZ9,3.2846693992614746,8.398880958557129,0.6512371837232548,0.5126974582672119,0.494275222807434,3.3075867,8.008066,0.61825025,0.4884182,0.49451077,IDP-ESM2-8M,67,288,0.02291727066040039,0.39081478118896484,0.03298693290690957,0.024279266595840454,0.00023554703662115317
A0A3G3M5R8,2.047959089279175,4.472305774688721,0.4314254112761915,0.3603940606117248,0.7382401668580615,2.051397,4.607661,0.45848086,0.3716519,0.7000393,IDP-ESM2-8M,67,288,0.0034379959106445312,0.13535499572753906,0.027055453487068393,0.01125782728195196,0.03820083971343868
A0A3G4S8X8,3.076848030090332,7.301825523376465,0.5801426261034575,0.4664461612701416,0.5762746431229985,2.9884243,7.1477547,0.582583,0.4591694,0.54477894,IDP-ESM2-8M,67,288,0.0884237289428711,0.15407085418701172,0.0024403840932283316,0.007276773452758789,0.03149570006116986
A0A3G4ZTT1,2.060054540634156,4.357192039489746,0.3443326012146929,0.3271875083446502,0.9218549563737636,2.68395,6.06897,0.4463273,0.37039858,0.75362664,IDP-ESM2-8M,67,288,0.6238954067230216,1.711778163909912,0.10199469766493052,0.043211072683334406,0.16822831176240494
A0A3G4ZXU7,4.622271537780762,11.656110763549805,0.6637940631525757,0.5089167952537537,0.5447357743325447,4.7964964,11.983117,0.6671932,0.51835054,0.49606305,IDP-ESM2-8M,67,288,0.174224853515625,0.32700634002685547,0.0033991112096068976,0.009433746337890625,0.048672720724604046
A0A3G5A3I8,1.582045555114746,3.759417772293091,0.5251707246884926,0.4090228974819183,0.5392597621989829,1.5858251,3.8050146,0.5246289,0.402884,0.5314044,IDP-ESM2-8M,67,288,0.0037795305252075195,0.04559683799743652,0.0005418470487220661,0.006138890981674139,0.0078553861690146
A0A3G5A3J2,3.166235446929932,7.83160400390625,0.643085135510636,0.5223853588104248,0.5184793811290166,3.3741007,8.4880295,0.63306767,0.49965075,0.51747537,IDP-ESM2-8M,67,288,0.20786523818969682,0.6564254760742188,0.010017468026352505,0.022734612226486206,0.0010040145366093656
A0A3G5AHA4,1.7540030479431152,4.470920562744141,0.64503776946318,0.5151039958000183,0.506083212161889,1.6854889,4.0723743,0.59165955,0.48004782,0.56060344,IDP-ESM2-8M,67,288,0.06851410865783691,0.3985462188720703,0.05337822356474253,0.03505617380142212,0.05452022764600284
A0A3G5AK89,2.0699737071990967,5.175526142120361,0.6562589473943703,0.5322542190551758,0.5178787013274817,2.0609834,5.146713,0.658479,0.53435683,0.5048518,IDP-ESM2-8M,67,288,0.008990287780761719,0.02881336212158203,0.0022200279016502122,0.0021026134490966797,0.013026883242764908
A0A3G5Q4F5,1.5521970987319946,3.7434744834899902,0.5672407251652222,0.4652787744998932,0.5498195633147831,1.6884099,3.9657714,0.53369236,0.43587902,0.5866716,IDP-ESM2-8M,67,288,0.13621282577514648,0.22229695320129395,0.033548365240905764,0.029399752616882324,0.03685202749027061
A0A3Q8Q9R0,2.364661931991577,5.42933464050293,0.5194339645769017,0.4043210744857788,0.6156077555854503,2.471119,5.8587403,0.53408504,0.42167732,0.6030393,IDP-ESM2-8M,67,288,0.10645699501037598,0.42940568923950195,0.01465107074719496,0.01735624670982361,0.01256843130185048
A0A3R5WKS6,3.191679239273072,6.347910404205322,0.2747423164685343,0.2743664085865021,1.349555276134066,3.5869846,7.7014637,0.37807882,0.3354976,0.9342791,IDP-ESM2-8M,67,288,0.3953053951263419,1.353553295135498,0.10333650185269372,0.061131179332733154,0.41527619192843845
A0A401IPA0,3.025280475616455,7.437451362609863,0.6375808507030931,0.4965866804122925,0.5386735246403864,3.1564097,7.886985,0.6460977,0.5062645,0.53459597,IDP-ESM2-8M,67,288,0.13112926483154297,0.44953346252441406,0.008516868966248925,0.00967782735824585,0.004077558301275097
A0A410I670,3.241849660873413,6.425378322601318,0.2805938971416489,0.2976360917091369,1.3324973719642064,3.586068,7.7050934,0.37919843,0.33630702,0.9332471,IDP-ESM2-8M,67,288,0.34421825408935547,1.2797150611877441,0.09860453482704007,0.03867092728614813,0.39925028257822004
A0A410S812,3.250848293304444,8.480401039123535,0.6633607787155484,0.5114846229553223,0.488389714646141,3.2389147,7.835867,0.61928713,0.49180645,0.51246566,IDP-ESM2-8M,67,288,0.011933565139770952,0.6445341110229492,0.04407364549869053,0.019678175449371338,0.024075941157539416
A0A411HB56,3.01107144355774,7.785770416259766,0.655770400191353,0.4894084632396698,0.5088237617773905,3.0170288,7.302469,0.589653,0.46925524,0.6077379,IDP-ESM2-8M,67,288,0.005957365036009854,0.48330163955688477,0.06611738505463427,0.0201532244682312,0.0989141370492086
A0A481TD43,1.5107553005218506,3.807961940765381,0.5932171801096208,0.474394679069519,0.5195233739647115,1.5332357,3.8370528,0.59924424,0.47913647,0.51355106,IDP-ESM2-8M,67,288,0.022480368614196777,0.02909088134765625,0.0060270568364851895,0.004741787910461481,0.005972317579671205
A0A481V8U6,3.610664129257202,9.22670841217041,0.6328479084985549,0.4875924587249756,0.5101916619317189,3.565234,8.576801,0.59077895,0.45920256,0.522983,IDP-ESM2-8M,67,288,0.04543018341064453,0.649907112121582,0.042068961622029,0.02838990092277527,0.012791352651868704
A0A481Z0P8,2.3234872817993164,5.55682373046875,0.6698809236798499,0.5935447216033936,0.5395499579316277,2.0388489,4.988805,0.654296,0.55866027,0.55741715,IDP-ESM2-8M,67,288,0.2846384048461914,0.568018913269043,0.015584942749521491,0.03488445281982422,0.017867196380506045
A0A481Z6X1,5.909029483795166,14.547002792358398,0.6187231014577924,0.4750827848911285,0.5732456348847946,5.062772,12.286975,0.6337037,0.4850132,0.47965777,IDP-ESM2-8M,67,288,0.8462576866149902,2.2600278854370117,0.014980607190889228,0.009930402040481623,0.0935878656816086
A0A482JE07,1.7497036457061768,3.5807225704193115,0.321709721014205,0.2906050086021423,0.9540812665222698,1.9342737,4.1430273,0.4144328,0.35821927,0.7882265,IDP-ESM2-8M,67,288,0.1845700740814209,0.5623047351837158,0.09272307284146214,0.0676142573356629,0.1658547812698894
A0A4D5XEU4,1.5845167636871338,3.504876613616944,0.3976555948901276,0.4125247895717621,0.7602961852608616,1.4304773,2.936976,0.3725111,0.31640866,0.85525155,IDP-ESM2-8M,67,288,0.15403950214385986,0.567900657653809,0.02514450604201357,0.09611612558364868,0.09495536541357685
A0A4D5XFS9,5.339495658874512,13.468605041503906,0.667730298100753,0.5217038989067078,0.5694526826459556,4.9099665,12.329462,0.6998029,0.56963027,0.5360742,IDP-ESM2-8M,67,288,0.42952919006347656,1.1391429901123047,0.03207257741804581,0.047926366329193115,0.03337846151176982
A0A4D5XFZ8,2.841764450073242,7.1342854499816895,0.6555505073008447,0.5226016044616699,0.5451046936879099,2.9743803,6.9990406,0.5610831,0.48618636,0.6956221,IDP-ESM2-8M,67,288,0.1326158046722412,0.13524484634399414,0.09446742891644533,0.03641524910926819,0.15051739283705345
A0A4P1QFK2,1.545027732849121,3.790608406066896,0.5894270980284958,0.4662937521934509,0.5264817579646497,1.544419,3.801127,0.5934149,0.4780478,0.5217153,IDP-ESM2-8M,67,288,0.0006086826324462891,0.010518550872801402,0.003987804658576954,0.011754035949707031,0.004766474570789825
A0A4Y1NU38,2.0615062713623047,5.037529945373535,0.6229661033276928,0.4933522343635559,0.5236302290130489,2.0463116,5.1375294,0.6297842,0.50068146,0.51110214,IDP-ESM2-8M,67,288,0.01519465446472168,0.09999942779541016,0.006818123089848749,0.007329225540161133,0.012528089063250314
A0A4Y5NGG5,1.475010633468628,3.5850942134857178,0.5583340896411682,0.4568421840667724,0.5559925275876284,1.5261965,3.7629673,0.58575344,0.47074363,0.51710886,IDP-ESM2-8M,67,288,0.05118584632873535,0.1778731346130371,0.027419351215765442,0.013901442289352473,0.038883669955945055
A0A4Y6EML4,1.6170469522476196,4.070437431335449,0.6328290810553552,0.5050466060638428,0.5027180982089791,1.7184956,4.3852787,0.6331662,0.50490165,0.4969651,IDP-ESM2-8M,67,288,0.101448655128479,0.31484127044677734,0.00033711290674198757,0.00014495849609375,0.005752987907007623
A0A515J3G6,3.017538785934448,6.877259731292725,0.4859342711954241,0.376083105802536,0.6592717477188171,3.1773715,7.4004073,0.50802803,0.39789855,0.62038475,IDP-ESM2-8M,67,288,0.15983271598815962,0.5231475830078125,0.022093759200083718,0.021815448999404907,0.03888699496842041
A0A5B8IIW6,1.8974432945251465,4.885723114013672,0.6469358192972549,0.5148295760154724,0.504183574390297,1.8882749,4.85867,0.6701233,0.5251567,0.44682264,IDP-ESM2-8M,67,288,0.009168386459350586,0.027052879333496094,0.02318745979744119,0.01032710075378418,0.05736093111026774
A0A5C0PG83,1.4965193271636963,3.5871448516845703,0.5676951260744586,0.4654843509197235,0.5397829571360407,1.389552,3.4122565,0.5758372,0.4629939,0.51913613,IDP-ESM2-8M,67,288,0.10696732997894287,0.17488837242126465,0.008142068845127581,0.0024904608726501465,0.020646826326256806
A0A5C0ZRE4,2.687811374664306,6.52047872543335,0.4824440924843468,0.3613495528697967,0.6764710571970572,2.8595507,6.6809263,0.51745486,0.41625294,0.62220967,IDP-ESM2-8M,67,288,0.17173933982849166,0.1604475975036621,0.035010770110257716,0.05490338802337652,0.05426138903757238
A0A5C0ZSQ4,2.636460065841675,6.408196926116943,0.4751777601016744,0.3585197329521179,0.6808877495278288,2.7224815,6.2474747,0.48687738,0.3940086,0.67232984,IDP-ESM2-8M,67,288,0.08602142333984375,0.1607222557067871,0.011699621699930829,0.03548887372016907,0.008557906483547817
A0A5C0ZTE6,2.724724054336548,6.569069862365723,0.4864579542621406,0.3818606436252594,0.6746828633427439,2.8674645,6.728025,0.5251133,0.4216064,0.6104771,IDP-ESM2-8M,67,288,0.14274048805236816,0.15895509719848633,0.038655330325719495,0.0397457480430603,0.06420577346084688
A0A5C0ZTP4,2.701876640319824,6.429497241973877,0.4818112953508434,0.3668035566806793,0.6815615670539829,2.8404517,6.623115,0.5142515,0.4138155,0.6266528,IDP-ESM2-8M,67,288,0.13857507705688477,0.1936178207397461,0.032440175214952516,0.04701194167137146,0.054908789859006046
A0A5C0ZTQ7,2.751861572265625,6.605126857757568,0.4943990520272629,0.3774747550487518,0.6623016419204999,2.8585424,6.638203,0.50971764,0.4102641,0.6394658,IDP-ESM2-8M,67,288,0.10668087005615234,0.03307628631591797,0.015318591233692891,0.032789349555969294,0.022835833052091692
A0A5J6VNB5,4.342538356781006,10.536419868469238,0.5971274597014605,0.4638143479824066,0.5627306490236386,4.3115373,10.289152,0.56891334,0.45677665,0.6482136,IDP-ESM2-8M,67,288,0.03100109100341797,0.2472677230834961,0.028214119132918047,0.007037699222564697,0.08548297593058507
A0A5K0U8Q2,3.260231733322144,7.728018760681152,0.3150130227182753,0.3012293875217438,1.2314020563805437,4.6316233,10.684225,0.4842107,0.40236893,0.7840445,IDP-ESM2-8M,67,288,1.3713915348052974,2.9562063217163086,0.16919767707840133,0.10113954544067383,0.44735755221489426
A0A5K0UBH9,4.4549055099487305,10.53670883178711,0.6115252684137408,0.4928120076656341,0.5811961302093277,4.1086493,10.176573,0.6268795,0.4884497,0.54416007,IDP-ESM2-8M,67,288,0.3462562561035156,0.3601360321044922,0.015354244849961618,0.004362314939498846,0.03703606217420197
A0A5P9UM97,2.1439034938812256,5.432412624359131,0.6028004369890224,0.482625275850296,0.531221748592688,1.980785,4.6114745,0.5207807,0.4308344,0.6589436,IDP-ESM2-8M,67,288,0.16311848163604736,0.8209381103515625,0.08201975442524068,0.051790863275527954,0.12772184490935667
A0A646QWB4,1.917070746421814,4.902830600738525,0.6242136224786112,0.4774098992347717,0.4990554209422766,1.9063106,4.711751,0.60768765,0.48351046,0.51287305,IDP-ESM2-8M,67,288,0.010760188102722168,0.19107961654663086,0.016525970367557763,0.006100565195083674,0.013817632608443597
A0A646QWN2,1.7526249885559082,4.559249401092529,0.6596298768729166,0.5133320689201355,0.4764829463965392,1.8862402,4.7381616,0.6515608,0.52949023,0.5006243,IDP-ESM2-8M,67,288,0.13361525535583496,0.17891216278076172,0.008069093486686163,0.01615816354751587,0.024141352652838233
A0A649VCB5,1.4973623752593994,3.491060256958008,0.4854964925777537,0.3997061848640442,0.658377099555351,1.321146,3.03729,0.5069398,0.42136303,0.63952374,IDP-ESM2-8M,67,288,0.17621636390686035,0.45377016067504883,0.021443335818089826,0.021656841039657593,0.01885335497222107
A0A6B9LZ63,1.4954251050949097,3.5242223739624023,0.546348365781561,0.4428379535675049,0.5701461099720432,1.5535241,3.7529032,0.5777064,0.4671421,0.54152596,IDP-ESM2-8M,67,288,0.05809903144836426,0.22868084907531738,0.03135803079818145,0.02430415153503418,0.028620150003476286
A0A6C0RTL1,1.931840777397156,4.931943893432617,0.6685167959049012,0.5515294671058655,0.4837912540596973,1.8482366,4.8075385,0.6733959,0.5331967,0.4558885,IDP-ESM2-8M,67,288,0.08360421657562278,0.1244053840637207,0.004879076211187661,0.01833277940750122,0.027902744309331096
A0A6F9F3M6,1.6906423568725586,4.0178046226501465,0.5427989131579706,0.4246668219566345,0.5635677501702078,1.823369,4.466887,0.57716846,0.45512146,0.50717634,IDP-ESM2-8M,67,288,0.13272666931152344,0.4490823745727539,0.034369551502673956,0.030454635620117188,0.056391410543895515
A0A6G7AB66,2.3481550216674805,5.458531379699707,0.5031194950269057,0.4121839106082916,0.6181305837785314,2.3254075,5.4377584,0.5137836,0.40033215,0.6106155,IDP-ESM2-8M,67,288,0.022747516632080078,0.020772933959960938,0.01066407907740341,0.011851757764816284,0.007515091911465932
A0A6G7AB88,2.494433641433716,5.886996269226074,0.4962577740025085,0.4004048109054565,0.6256812294344056,2.513353,5.831481,0.50097513,0.3913585,0.6338387,IDP-ESM2-8M,67,288,0.01891946792602539,0.055515289306640625,0.004717357986016912,0.00904631614685053,0.008157483734692272
A0A6G8MYF8,2.910238027572632,6.304473876953125,0.4365692759281948,0.3514030873775482,0.7373085803878829,3.1994548,7.0862837,0.41853482,0.3372534,0.7686653,IDP-ESM2-8M,67,288,0.2892167568206787,0.7818098068237305,0.018034460616762893,0.014149695634841919,0.031356733332820186
A0A6H0YEW0,1.4619015455245972,3.5186378955841064,0.5581676078660391,0.4558718800544739,0.5501148161336276,1.3521824,3.265774,0.5669683,0.45807412,0.54927003,IDP-ESM2-8M,67,288,0.1097191572189331,0.25286388397216797,0.008800713934192794,0.002202242612838745,0.0008447822972628138
A0A6J5KPB0,1.931561589241028,4.873095989227295,0.6324247027859015,0.5116760730743408,0.5071489043098291,1.8455943,4.536935,0.5991309,0.4821785,0.531655,IDP-ESM2-8M,67,288,0.08596730232238792,0.33616113662719727,0.03329377426951352,0.02949756383895874,0.024506109251419717
A0A6J5KRS4,1.808340549468994,4.616891384124756,0.6346860964910308,0.4987468421459198,0.4796649101593249,1.7811662,4.4447846,0.6203501,0.4951093,0.49293682,IDP-ESM2-8M,67,288,0.027174353599548118,0.17210674285888672,0.014335974039248578,0.003637552261352539,0.013271909632468937
A0A6J5KVQ0,2.0336501598358154,4.941300868988037,0.6174673309280521,0.4876459538936615,0.5172475143585741,1.9645908,4.981989,0.6370861,0.5037866,0.49730477,IDP-ESM2-8M,67,288,0.06905937194824219,0.04068803787231445,0.019618762497698672,0.016140669584274292,0.01994274698835008
A0A6J5L216,1.6558523178100586,4.2097601890563965,0.636627284786915,0.5169373750686646,0.5096900244227829,1.9205782,4.8971806,0.6390366,0.5016543,0.44190574,IDP-ESM2-8M,67,288,0.264725923538208,0.6874203681945801,0.002409311034465622,0.015283048152923584,0.06778428749956511
A0A6J5L2N6,2.325737237930298,5.545482158660889,0.4717911183875044,0.3590433001518249,0.6706956260822641,2.409479,5.55649,0.4886387,0.3897961,0.64621747,IDP-ESM2-8M,67,288,0.08374166488647461,0.01100778579711914,0.01684758066721359,0.030752807855606135,0.024478160681568273
A0A6J5L2W6,2.8358936309814453,7.153021812438965,0.6600631869687292,0.5152115821838379,0.512603758400923,2.95911,7.293748,0.68829143,0.54893047,0.4390413,IDP-ESM2-8M,67,288,0.12321639060974121,0.14072608947753906,0.028228243504598405,0.033718883991241455,0.07356247169399854
A0A6J5L549,2.489058256149292,6.5023627281188965,0.6889961132886308,0.5449105501174927,0.4973719025093655,2.5440881,6.5760183,0.70488894,0.56271,0.40984213,IDP-ESM2-8M,67,288,0.055029869079589844,0.07365560531616211,0.01589282656885216,0.017799437046051025,0.08752976898733184
A0A6J5L8Y0,1.6903939247131348,3.877333402633667,0.4989770485861082,0.3985915780067444,0.6066001349170872,1.7639289,4.0662117,0.49686405,0.38906893,0.62047714,IDP-ESM2-8M,67,288,0.07353496551513672,0.18887829780578613,0.0021129979593534354,0.00952264666557312,0.013877005032711387
A0A6J5LE62,1.9321050643920896,4.973462104797363,0.6393656524212314,0.5044987201690674,0.4890201839148593,2.1410112,5.2074666,0.6029573,0.49001262,0.5507818,IDP-ESM2-8M,67,288,0.2089061737060549,0.23400449752807617,0.03640834412884253,0.014486104249954224,0.06176160252694368
A0A6J5LH85,2.012480974197388,4.98656177520752,0.6047803281730825,0.4793956875801086,0.5307785598025809,2.1156669,5.229158,0.61079806,0.48470315,0.49815467,IDP-ESM2-8M,67,288,0.1031858921051021,0.2425961494445792,0.00601773272092998,0.005307465791702326,0.032623889802504635
A0A6J5LWJ3,2.0926060676574707,5.148537635803223,0.6001206124876083,0.4743762910366058,0.5533732990700032,2.2492764,5.3554616,0.58099395,0.47620475,0.56563216,IDP-ESM2-8M,67,288,0.15667033195495605,0.2069239616394043,0.019126662120634408,0.001828461885452326,0.012258865408298791
A0A6J5LYG1,2.3418896198272705,6.028640270233154,0.6361742023198964,0.4978787899017334,0.487821143682621,2.3036525,5.6793275,0.6050263,0.47726366,0.5300022,IDP-ESM2-8M,67,288,0.03823709487915039,0.34931278228759766,0.031147897598064134,0.02061513066291809,0.042181033079006225
A0A6J5M0M6,1.7801194190979004,4.627671718597412,0.6380694600300946,0.4863545894622803,0.4765165268175404,1.7941442,4.4128184,0.6008365,0.48044062,0.5282383,IDP-ESM2-8M,67,288,0.014024734497070312,0.21485328674316406,0.03723294460345883,0.005913972854614258,0.05172176969124864
A0A6J5M1A9,1.8947727680206297,4.792967319488525,0.6368537037334309,0.491605669260025,0.4920156084123859,1.6445626,4.119602,0.6095999,0.48798808,0.51746017,IDP-ESM2-8M,67,288,0.2502101659774778,0.6733651161193848,0.027253815408693316,0.003617584705352783,0.025444558995603606
A0A6J5M383,1.4939820766448977,3.65190863609314,0.5863058627003224,0.4718666970729828,0.5234050061238716,1.4989146,3.6861734,0.6034622,0.48123226,0.49580535,IDP-ESM2-8M,67,288,0.004932522773742454,0.034264802932738814,0.017156356537958883,0.009365558624267578,0.02759965319761737
A0A6J5M440,1.5223596096038818,3.4009156227111816,0.30848693556111,0.3315984606742859,0.9402385247402006,1.2261256,2.3602052,0.39565882,0.360528,0.8528126,IDP-ESM2-8M,67,288,0.29623401165008545,1.04071044921875,0.08717188530642844,0.028929531574249268,0.08742593652532638
A0A6J5M597,2.4704809188842773,5.528233051300049,0.3957060676766555,0.3049542307853699,0.7516401095049606,2.365581,5.4677963,0.45625493,0.3467402,0.65423596,IDP-ESM2-8M,67,288,0.10489988327026367,0.06043672561645508,0.06054886162746742,0.04178595542907715,0.09740415045192108
A0A6J5M692,1.822757601737976,4.661199569702148,0.6454166241046767,0.5114878416061401,0.4771640858024888,1.8785346,4.668416,0.6358722,0.5156397,0.5048751,IDP-ESM2-8M,67,288,0.05577695369720459,0.007216453552246094,0.009544438874421579,0.004151880741119385,0.02771103769833516
A0A6J5MAS8,2.2072370052337646,5.385336875915527,0.6315385315153609,0.5077436566352844,0.5236843669558697,2.1637418,5.400133,0.63025177,0.5007198,0.51144475,IDP-ESM2-8M,67,288,0.04349517822265625,0.014796257019042969,0.0012867662642012112,0.007023870944976807,0.0122396195079022
A0A6J5MC63,2.8148560523986816,6.939040660858154,0.6075908972092113,0.4727453589439392,0.5214961986509299,2.7353024,6.7330093,0.6106153,0.4782294,0.510567,IDP-ESM2-8M,67,288,0.07955360412597656,0.20603132247924805,0.00302441584391977,0.005484044551849365,0.01092918920192476
A0A6J5MCB3,1.8611453771591189,4.6693549156188965,0.6303508217655363,0.5003286600112915,0.5274635545093389,1.8440413,4.6969175,0.65380865,0.5174749,0.4948574,IDP-ESM2-8M,67,288,0.017104029655456765,0.027562618255615234,0.023457831589108524,0.01714622974395752,0.032606153853592446
A0A6J5MEY7,1.861404538154602,4.736755847930908,0.6133518249968076,0.4743624925613403,0.5251298753974969,1.9465837,4.720054,0.6054638,0.49520925,0.5391816,IDP-ESM2-8M,67,288,0.08517920970916748,0.016701698303222656,0.007888022182323984,0.020846754312515314,0.014051714682764338
A0A6J5MKW9,1.9973772764205933,4.999959945678711,0.6061298684275683,0.4698256552219391,0.5326355531533759,1.9682888,4.62232,0.55907255,0.46234256,0.5986795,IDP-ESM2-8M,67,288,0.029088497161865234,0.3776397705078125,0.04705731431608762,0.007483094930648804,0.06604392978348328
A0A6J5MMF3,2.879166841506958,7.112376689910889,0.6118496788766791,0.4761544167995453,0.5218438896655169,2.9422207,7.301499,0.6209227,0.48316035,0.50995076,IDP-ESM2-8M,67,288,0.06305384635925293,0.18912220001220703,0.009073005792815558,0.007005929946899414,0.011893132638844506
A0A6J5MV94,2.009892463684082,5.127058506011963,0.6460408082059769,0.5129064321517944,0.5085414843728931,2.0039418,5.068648,0.6364032,0.5014069,0.49896842,IDP-ESM2-8M,67,288,0.0059506893157958984,0.05841064453125,0.009637605195417787,0.011499524116516113,0.009573061960020834
A0A6J5N0T2,1.5051722526550293,3.7179806232452393,0.5906479157635637,0.4703706502914428,0.5218013070832058,1.6480012,3.9050298,0.557112,0.45395702,0.5650237,IDP-ESM2-8M,67,288,0.14282894134521484,0.18704915046691895,0.03353593723267989,0.016413629055023138,0.04322241318122899
A0A6J5NF31,2.107455253601074,5.278548717498779,0.6017067192321677,0.4722713530063629,0.5386637842304928,2.220442,5.4118667,0.59682703,0.47500733,0.5180172,IDP-ESM2-8M,67,288,0.11298680305480957,0.1333179473876953,0.004879689050282909,0.0027359724044799805,0.020646611417077243
A0A6J5P529,2.1506426334381104,5.6308417320251465,0.6909059144706131,0.5643876791000366,0.4876001948071604,2.025717,5.0302806,0.6226847,0.5330838,0.5814751,IDP-ESM2-8M,67,288,0.12492561340332031,0.6005611419677734,0.06822119729226839,0.03130388259887695,0.09387488425244045
A0A6J5PE78,1.922183871269226,4.876833438873291,0.6136930457831204,0.4775813221931457,0.5084182364881048,1.8544829,4.802471,0.64629614,0.49583006,0.4561233,IDP-ESM2-8M,67,288,0.06770098209381104,0.07436227798461914,0.032603097748678866,0.018248736858367975,0.05229494404196833
A0A6J5PLB7,2.045736312866211,5.145140171051025,0.6282542099849636,0.4983240365982055,0.518848369772103,2.3781383,5.5494823,0.55634946,0.46485302,0.62533516,IDP-ESM2-8M,67,288,0.33240199089050293,0.4043421745300293,0.0719047536746914,0.03347101807594294,0.106486787145469
A0A6J5PPF9,1.6728100776672363,4.161153793334961,0.6346606892940946,0.5134698748588562,0.5067354269186948,1.7298043,4.2820573,0.6168007,0.50872934,0.50082225,IDP-ESM2-8M,67,288,0.05699419975280762,0.12090349197387695,0.017859963834042092,0.004740536212921143,0.005913180844018262
A0A6J5PZI4,1.5767565965652466,3.813852548599243,0.5780914589868746,0.4575594067573547,0.5544228925316996,1.4569519,3.4459593,0.5644836,0.46692425,0.59226483,IDP-ESM2-8M,67,288,0.1198047399520874,0.3678932189941406,0.013607876013394415,0.009364843368530329,0.03784193853443196
A0A6J5SKE0,2.851771354675293,6.941154956817627,0.6210714216957797,0.4874907433986664,0.5131875749226398,2.6621735,6.5764728,0.6168791,0.48569298,0.5083874,IDP-ESM2-8M,67,288,0.18959784507751465,0.3646821975708008,0.00419231612784754,0.0017977654933929443,0.004800188123781135
A0A6J5SLP1,2.062652826309204,5.136434555053711,0.6408458551433834,0.5217792391777039,0.5039697720855869,1.9243095,4.793598,0.6129473,0.49358237,0.53300446,IDP-ESM2-8M,67,288,0.13834333419799805,0.3428363800048828,0.02789856996805995,0.028196871280670166,0.029034690633376714
A0A6J7W7Z1,1.6842846870422363,4.121532917022705,0.5791372329108345,0.4518766105175018,0.5396640713233554,1.6659814,3.987466,0.5702935,0.4624365,0.56307214,IDP-ESM2-8M,67,288,0.018303275108337402,0.13406682014465332,0.00884374679251787,0.010559886693954523,0.02340807366184361
A0A6J7WAM5,1.968910217285156,4.806826114654541,0.5933878651416344,0.4702304899692535,0.5375149710204338,2.109777,5.0783877,0.58891237,0.48020142,0.5442611,IDP-ESM2-8M,67,288,0.1408667564392092,0.2715616226196289,0.004475497320894695,0.009970933198928889,0.006746126887586246
A0A6J7WD77,2.007833480834961,5.055688381195068,0.6167775194816756,0.4715084135532379,0.5121689447238335,2.1887982,5.3575425,0.59210956,0.46730164,0.5372784,IDP-ESM2-8M,67,288,0.18096470832824707,0.30185413360595703,0.024667958515183885,0.0042067766189575195,0.025109469048749555
A0A6J7WRV8,1.989224553108216,5.052186489105225,0.6456973232117025,0.5263502597808838,0.4862896199863472,1.9876409,4.941719,0.614247,0.48436505,0.50729674,IDP-ESM2-8M,67,288,0.001583695411682795,0.11046743392944336,0.031450299152406824,0.04198521375656128,0.021007121022411368
A0A6J7WTJ4,1.6305718421936035,3.998541593551636,0.5840857119529544,0.4529523551464081,0.5436538102453293,1.9406025,4.810403,0.61347497,0.48764232,0.50553423,IDP-ESM2-8M,67,288,0.3100306987762451,0.8118612766265865,0.029389253142565575,0.03468996286392212,0.03811957858257908
A0A6J7WZ48,3.78989315032959,9.271448135375977,0.6393498187634279,0.5079576373100281,0.5325776623249087,3.7500715,9.350225,0.6454883,0.50183123,0.5180704,IDP-ESM2-8M,67,288,0.039821624755859375,0.07877731323242188,0.006138503017730557,0.00612640380859375,0.014507262563708712
A0A6J7WZH5,1.99068570137024,4.891651153564453,0.629006968588216,0.5122023224830627,0.5204130748906869,1.9976563,5.039686,0.6245924,0.49102265,0.50079215,IDP-ESM2-8M,67,288,0.006970643997191717,0.14803504943847656,0.004414545149190152,0.021179676055908203,0.019620929161621947
A0A6J7X3M2,1.7816078662872314,4.347293853759766,0.5978000806325733,0.4652456045150757,0.5531218172906123,1.8091862,4.3601665,0.59405124,0.48918325,0.5732648,IDP-ESM2-8M,67,288,0.027578353881835938,0.012872695922851562,0.0037488387578784588,0.023937642574310303,0.0201429603697576
A0A6J7X4W8,2.227431535720825,5.855321884155273,0.6647995785688191,0.5162100195884705,0.4784289504177325,2.0330603,5.2347784,0.6561478,0.5126857,0.47527105,IDP-ESM2-8M,67,288,0.19437122344970703,0.6205434799194336,0.0086518005346089,0.003524303436279297,0.003157904256080868
A0A6J7XE11,2.7999467849731445,6.756624698638916,0.5775884613340748,0.4342323243618011,0.5519399794447225,2.7820098,6.8490505,0.6074193,0.47596958,0.5245027,IDP-ESM2-8M,67,288,0.01793694496154785,0.09242582321166992,0.029830850666199837,0.04173725843429571,0.0274372848379415
A0A6M2ZHS1,2.123398542404175,5.305539131164551,0.6145630041572486,0.4724094867706299,0.509251402880468,1.9469793,4.8519793,0.61168194,0.48418236,0.51312697,IDP-ESM2-8M,67,288,0.17641925811767578,0.45355987548828125,0.002881065985861908,0.011772871017456055,0.003875566456995383
A0A6M3TA11,1.504974365234375,3.619695425033569,0.5741453656437214,0.4769470989704132,0.544145465918387,1.5156217,3.7801554,0.6007841,0.48271388,0.5133861,IDP-ESM2-8M,67,288,0.010647296905517578,0.16045999526977583,0.026638757300156746,0.005766779184341431,0.03075939519008497
A0A6S4P8D4,3.012460231781006,7.565980911254883,0.611872117483313,0.4624545276165008,0.5146163613113722,3.1691632,7.8396454,0.62830126,0.4859486,0.48560384,IDP-ESM2-8M,67,288,0.15670299530029297,0.2736644744873047,0.016429145372216736,0.0234940648078919,0.029012522152360387
A0A6S4P9N8,2.073312282562256,5.199846267700195,0.6432930209614315,0.5143077373504639,0.4880721325372693,2.049787,5.0425987,0.6038809,0.47964182,0.53552294,IDP-ESM2-8M,67,288,0.023525238037109375,0.15724754333496094,0.03941213869824789,0.03466591238975525,0.04745080523738893
A0A6S4PA87,3.1399965286254883,8.053786277770996,0.6227939167871082,0.4648060500621795,0.5233824024661056,3.2143407,7.966952,0.64023685,0.50132054,0.51080424,IDP-ESM2-8M,67,288,0.07434415817260742,0.08683443069458008,0.017442937766114497,0.03651449084281927,0.012578166530894386
A0A6S4PGH2,1.963572382926941,4.796015739440918,0.6331969463191724,0.5132465362548828,0.5153850416979611,1.9035912,4.776525,0.6363138,0.51517874,0.50721,IDP-ESM2-8M,67,288,0.05998122692108154,0.019490718841552734,0.003116849724223547,0.0019322037696838379,0.008175025447350714
A0A7D3USN0,4.505539417266846,11.092673301696776,0.6498999103753483,0.5292454361915588,0.5312255408245541,4.1765203,10.199076,0.5983699,0.4673025,0.56459785,IDP-ESM2-8M,67,288,0.32901906967163086,0.8935976028442365,0.05153001396345258,0.0619429349899292,0.03337230425296056
A0A7D5FH32,2.96394681930542,6.954417705535889,0.5142109541817824,0.3998225033283233,0.6033478937463849,2.972656,6.9446545,0.50825244,0.39772555,0.62218827,IDP-ESM2-8M,67,288,0.008709192276000977,0.009763240814208984,0.005958512298695262,0.002096951007842962,0.01884037634562563
A0A7I6MYG1,1.7006275653839111,3.823779344558716,0.4564837024154415,0.3597577214241028,0.6768935425238507,1.8208027,4.2057977,0.50857747,0.40930727,0.5969349,IDP-ESM2-8M,67,288,0.12017512321472168,0.3820183277130127,0.05209376359560586,0.04954954981803894,0.07995862793492248
A0A7M1CLG8,2.5216846466064453,6.6660356521606445,0.6418828326741057,0.4758073091506958,0.5104003410171217,2.4977324,6.2088833,0.61133164,0.49112454,0.55681837,IDP-ESM2-8M,67,288,0.023952245712280273,0.4571523666381836,0.030551191000063982,0.01531723141670227,0.04641802503359849
A0A7M1RZ47,1.7325881719589231,4.69564151763916,0.6774178709135183,0.5251330733299255,0.4389616514071005,1.8528688,4.702466,0.6414621,0.5135875,0.4880107,IDP-ESM2-8M,67,288,0.12028062343597434,0.006824493408203125,0.035955783282292764,0.01154559850692749,0.04904905311026403
A0A7S5RCY4,1.7357257604599,3.856664657592773,0.4519874184236598,0.3652018010616302,0.6923964200230048,1.7554083,3.9916878,0.49147898,0.40066925,0.63632005,IDP-ESM2-8M,67,288,0.01968252658843994,0.13502311706543013,0.03949156116389513,0.03546744585037237,0.05607636549190742
A0A7S5UT98,1.7512197494506836,4.084009170532227,0.4707505282188473,0.370483934879303,0.6608066406507355,1.6808054,3.763006,0.47419006,0.3896327,0.6600777,IDP-ESM2-8M,67,288,0.07041430473327637,0.3210031986236572,0.003439528105157852,0.01914876699447632,0.000728949572549431
A0A7S9SUD3,3.25816011428833,8.228160858154297,0.6290486518295846,0.4745856523513794,0.5239197452228728,3.0912037,7.702499,0.64017934,0.49916348,0.50403905,IDP-ESM2-8M,67,288,0.16695642471313477,0.5256619453430176,0.011130684241429822,0.024577826261520386,0.019880696074313198
A0A7S9XGD0,2.4774041175842285,6.216709136962891,0.6905187541716281,0.5746209025382996,0.4922323468000771,2.2992866,5.619848,0.65174115,0.5513558,0.5338044,IDP-ESM2-8M,67,288,0.1781175136566162,0.5968613624572754,0.03877760713030731,0.02326512336730957,0.04157206985641704
A0A7U3WA13,3.185237407684326,7.447985649108887,0.5106062623515877,0.395008772611618,0.6447533778387111,4.2624235,10.214899,0.5568305,0.42473292,0.5689128,IDP-ESM2-8M,67,288,1.077186107635498,2.766913414001465,0.046224263046666714,0.029724150896072443,0.07584057371197162
A0A811BMM7,3.0860369205474854,7.456822395324707,0.6341711639926162,0.5208629965782166,0.5355937665883287,3.0805519,7.454665,0.58164954,0.4671365,0.6102011,IDP-ESM2-8M,67,288,0.005485057830810547,0.0021572113037109375,0.052521622137757795,0.05372649431228638,0.07460735378825822
A0A858MR12,1.863840937614441,4.254262447357178,0.4243333314188577,0.358554869890213,0.7259174387102747,1.7756729,3.7325811,0.40826327,0.34682256,0.8015407,IDP-ESM2-8M,67,288,0.08816802501678467,0.5216813087463379,0.016070065332279337,0.011732310056686401,0.07562323406880855
A0A8A4VK22,1.9802069664001465,5.004434585571289,0.6432658922681133,0.498355358839035,0.5142338344318294,1.9744668,5.058647,0.6652624,0.5295949,0.48798814,IDP-ESM2-8M,67,288,0.005740165710449219,0.05421257019042969,0.02199650883586013,0.031239539384841974,0.026245690272512334
A0A8D9CCF9,1.830854177474976,4.606510162353516,0.6475592042759498,0.5153701305389404,0.505094869404348,1.9115846,4.8960567,0.65861183,0.52105767,0.45069933,IDP-ESM2-8M,67,288,0.08073043823242143,0.28954648971557617,0.011052629773275036,0.005687534809112549,0.0543955400281273
A0A8E5KAT9,2.180428504943848,5.432480335235596,0.6398555556001269,0.5251979231834412,0.511074227336817,2.003653,4.9453354,0.6113418,0.4908743,0.5391056,IDP-ESM2-8M,67,288,0.17677545547485396,0.48714494705200195,0.028513781136473293,0.03432363271713257,0.028031366821355652
A0A8F2E6U0,1.6159783601760864,3.2967891693115234,0.4065619297817479,0.3840160369873047,0.7623879270688173,1.6184244,3.3355055,0.4192264,0.38493648,0.83259004,IDP-ESM2-8M,67,288,0.0024460554122924805,0.03871631622314453,0.012664478223012865,0.0009204447269439697,0.07020211647595198
A0A8S5LF95,1.9306707382202148,4.790389537811279,0.611492945373563,0.4738651216030121,0.5136441211351067,1.969439,4.81312,0.57944584,0.46460798,0.56033766,IDP-ESM2-8M,67,288,0.03876829147338867,0.022730350494384766,0.03204710644534037,0.009257137775421143,0.046693541561731666
A0A8S5LN82,1.488559365272522,3.618178606033325,0.5872684469935916,0.4632577896118164,0.5093959311113072,1.4529454,3.522953,0.5688794,0.45302182,0.5301422,IDP-ESM2-8M,67,288,0.035614013671875,0.09522557258605957,0.018389021467926314,0.010235965251922607,0.02074625696089738
A0A8S5M1Q5,1.6078896522521973,3.845552921295166,0.5924343616366878,0.4872253537178039,0.5339168484208054,1.6130273,3.8636463,0.57855797,0.4691323,0.54525405,IDP-ESM2-8M,67,288,0.00513768196105957,0.018093347549438477,0.013876393497039397,0.018093049526214544,0.011337203264527806
A0A8S5M989,1.5205563306808472,3.730099439620972,0.6013717415445795,0.4789307415485382,0.5022587588709029,1.5181243,3.8734312,0.6206744,0.49463323,0.49584547,IDP-ESM2-8M,67,288,0.0024319887161254883,0.1433317661285396,0.019302630174780844,0.015702486038208008,0.006413292018714767
A0A8S5MGS1,1.914817690849304,4.9228291511535645,0.6350842957175842,0.4969795346260071,0.4906096789336472,2.0202088,4.9607,0.5980017,0.4768759,0.5380715,IDP-ESM2-8M,67,288,0.10539114475250266,0.03787088394165039,0.037082577196466016,0.020103633403778076,0.04746183424231715
A0A8S5N1K7,1.549615502357483,3.684602737426758,0.5411170249842353,0.4483424723148346,0.5676294993501076,1.4678963,3.4400144,0.52798426,0.42471805,0.585168,IDP-ESM2-8M,67,288,0.08171916007995605,0.24458837509155273,0.013132763471478959,0.023624420166015625,0.01753850468584206
A0A8S5N469,1.5405234098434448,3.992358446121216,0.6145742364616988,0.4598429799079895,0.5017283125006853,1.49226,3.7234478,0.6045753,0.48439452,0.50523126,IDP-ESM2-8M,67,288,0.04826343059539795,0.26891064643859863,0.009998960086881947,0.02455154061317444,0.003502948752671653
A0A8S5NE69,2.0060853958129883,4.911497592926025,0.6062603758241304,0.4834393262863159,0.5348275090878428,1.932241,4.803678,0.5991098,0.47275272,0.53229475,IDP-ESM2-8M,67,288,0.07384443283081055,0.1078195571899414,0.007150547351992942,0.010686606168746948,0.002532758874219776
A0A8S5NNF7,1.9524650573730469,4.931920051574707,0.6607161085573837,0.5455276966094971,0.4994062784190104,1.8338543,4.703962,0.67028075,0.54001355,0.48163292,IDP-ESM2-8M,67,288,0.11861073970794678,0.22795820236206055,0.009564646008808908,0.0055141448974609375,0.017773360299579877
A0A8S5NWD3,1.5037521123886108,3.5996205806732178,0.5677280234176344,0.4579324424266815,0.5431759354832233,1.4786946,3.5769062,0.57290936,0.45802554,0.53356016,IDP-ESM2-8M,67,288,0.025057554244995117,0.02271437644958496,0.005181331745939821,9.310245513916016e-05,0.009615778661018703
A0A8S5NWX7,1.560573697090149,3.960471868515015,0.6117798860232463,0.4646323919296264,0.5019112505122472,1.5347493,3.9112926,0.62189305,0.48541847,0.47383216,IDP-ESM2-8M,67,288,0.025824427604675293,0.049179315567017046,0.0101131622631917,0.020786076784133967,0.02807909027779587
A0A8S5PA77,1.6725746393203735,4.0133056640625,0.5833820002283312,0.4858229160308838,0.5575711023164681,1.7043309,4.0873957,0.57665604,0.46804532,0.56840163,IDP-ESM2-8M,67,288,0.03175628185272217,0.07409000396728516,0.006725956698820701,0.017777591943740845,0.010830532376677637
A0A8S5PGG1,2.0246050357818604,5.11601448059082,0.6531822366651169,0.526393711566925,0.5104415326057868,2.1815233,5.4804487,0.65166634,0.51871294,0.51137394,IDP-ESM2-8M,67,288,0.15691828727722168,0.36443424224853516,0.001515893452989192,0.007680773735046387,0.0009324045241875245
A0A8S5PHX0,2.0182549953460693,5.024575233459473,0.6266036677680468,0.5043603181838989,0.5397289536126224,1.9201959,4.716809,0.6129125,0.5019546,0.556625,IDP-ESM2-8M,67,288,0.09805905818939209,0.3077664375305176,0.01369119170527211,0.002405703067779541,0.01689605497044644
A0A8S5PIQ8,2.4759175777435303,6.358603000640869,0.6460606864946443,0.5118440389633179,0.4942293225493911,2.3286414,5.970907,0.6430377,0.5010548,0.4898649,IDP-ESM2-8M,67,288,0.1472761631011963,0.3876957893371582,0.003023009683426059,0.010789215564727783,0.004364436742353761
A0A8S5Q7R0,1.5916507244110107,3.973320245742798,0.590334305110155,0.4863455891609192,0.5200915948931241,1.6487169,4.0978327,0.6007869,0.47821563,0.5002582,IDP-ESM2-8M,67,288,0.05706620216369629,0.1245124340057373,0.010452619252027562,0.00812995433807373,0.019833387571957073
A0A8S5RD61,1.5646835565567017,3.83354926109314,0.5748773449312685,0.454172134399414,0.553610158015955,1.683748,4.1151133,0.58585405,0.46453497,0.52793217,IDP-ESM2-8M,67,288,0.11906445026397705,0.2815639972686763,0.010976708566045934,0.010362833738327082,0.025677990962732378
A0A8S5RFF7,1.9098047018051147,4.8557844161987305,0.6630236698423655,0.5230225324630737,0.4956180787177528,2.298715,6.0056143,0.6736427,0.52708054,0.4420418,IDP-ESM2-8M,67,288,0.3889104127883911,1.1498298645019531,0.010619025107738267,0.0040580034255981445,0.05357626439051283
A0A8S5RGG2,1.702563762664795,4.391730785369873,0.6649740339460946,0.5341528654098511,0.4863854230267955,1.5223957,3.5928516,0.57819355,0.4886546,0.6001227,IDP-ESM2-8M,67,288,0.1801680326461792,0.7988791465759277,0.08678048860460286,0.04549825191497803,0.11373726717401017
A0A8S5S9N0,1.5836753845214844,3.897242784500122,0.6158454649126969,0.4921787977218628,0.5036792471629765,1.6312523,3.9801335,0.6103841,0.50504524,0.5543326,IDP-ESM2-8M,67,288,0.047576904296875,0.08289074897766113,0.005461358276649508,0.012866437435150146,0.050653366782030806
A0A8S5SDG1,1.5475541353225708,3.859478235244751,0.5826707881855515,0.465899109840393,0.5363498402376764,1.6379676,3.9514923,0.57542896,0.4597369,0.53928655,IDP-ESM2-8M,67,288,0.09041345119476318,0.09201407432556152,0.007241825478031982,0.0061621963977813166,0.0029367136220342926
A0A8S5SII4,2.188627481460572,5.536108493804932,0.5862646566973693,0.4427419900894165,0.5586865523743828,1.9545629,4.7925024,0.5909687,0.4684139,0.55133325,IDP-ESM2-8M,67,288,0.23406457901001065,0.7436060905456543,0.004704071368121454,0.02567189931869507,0.007353303759117913
A0A8S5SVB6,1.7515244483947754,4.496286392211914,0.6378233217925348,0.5020061731338501,0.494517238724603,1.8359234,4.57024,0.61662036,0.49157202,0.5147588,IDP-ESM2-8M,67,288,0.08439898490905762,0.07395362854003906,0.0212029599875726,0.010434150695800781,0.02024158657752101
A0A8S5TCW6,1.5359032154083252,3.738265037536621,0.5396650205025212,0.4334002435207367,0.58568114265324,1.6546638,3.9964418,0.57031536,0.45967704,0.5619674,IDP-ESM2-8M,67,288,0.11876058578491211,0.2581768035888672,0.030650340520428032,0.02627679705619812,0.023713769758952896
A0A8S5TKF0,1.7709708213806152,4.595403671264648,0.6333885940873083,0.4936061799526214,0.4976170626719589,1.8167803,4.5550632,0.6195007,0.49582875,0.49418798,IDP-ESM2-8M,67,288,0.04580950736999512,0.040340423583984375,0.013887897428220164,0.002222567796707209,0.0034290817816848285
A0A8S5U5H8,1.6514663696289062,4.207301139831543,0.6090897623563183,0.4720346331596374,0.5245218605659997,1.9459443,4.9238234,0.6481565,0.5087543,0.46350706,IDP-ESM2-8M,67,288,0.2944779396057129,0.716522216796875,0.03906676134821052,0.03671967983245855,0.06101480432973261
A0A8S5UDW9,1.5511581897735596,3.8220832347869873,0.5875332691513244,0.4576245844364166,0.5210990678838165,1.4699552,3.6195583,0.5842452,0.46344507,0.5146331,IDP-ESM2-8M,67,288,0.08120298385620117,0.20252490043640137,0.0032880642257873127,0.005820482969284058,0.006465948777523822
A0A8S5UG11,3.5712697505950928,8.616358757019043,0.6598745899533106,0.5712011456489563,0.5958815150120641,3.476036,8.408208,0.62038505,0.5725887,0.7735275,IDP-ESM2-8M,67,288,0.09523367881774902,0.20815086364746094,0.03948953917969,0.0013875365257263184,0.17764598800154674
A0A8S5UGG4,2.030909299850464,5.152951240539551,0.6683167566343355,0.5575144290924072,0.4992221934257908,1.9537644,4.9544806,0.6593554,0.54043746,0.5098476,IDP-ESM2-8M,67,288,0.07714486122131348,0.1984705924987793,0.008961354641537689,0.017076969146728516,0.01062538796077539
A0A8S5UXR4,1.543606877326965,3.822244167327881,0.5933955230594851,0.4654117226600647,0.520222930211949,1.4764898,3.582434,0.55588394,0.43939114,0.5628365,IDP-ESM2-8M,67,288,0.06711709499359109,0.23981022834777832,0.03751157902490865,0.026020586490631104,0.04261359761245287
A0A8S5UYA7,1.515486478805542,3.566640615463257,0.5387797278085149,0.4413055777549743,0.5690794581569074,1.5294828,3.6978586,0.5631653,0.4467688,0.5412792,IDP-ESM2-8M,67,288,0.013996362686157227,0.13121795654296875,0.024385579236468002,0.005463212728500422,0.027800261417710637
A0A8S5V197,2.001276969909668,4.978691577911377,0.6455918626671853,0.5264422297477722,0.5059520277110631,1.6019373,3.8525996,0.5952607,0.49156305,0.5637674,IDP-ESM2-8M,67,288,0.3993396759033203,1.1260919570922852,0.05033118294535299,0.0348791778087616,0.05781534585079606
A0A8S5V2I6,1.507063865661621,3.696122169494629,0.5788699490405352,0.4565491080284118,0.527698198013858,1.6431351,4.010479,0.57972383,0.45731413,0.53328794,IDP-ESM2-8M,67,288,0.13607120513916016,0.31435680389404297,0.0008538859509198415,0.0007650256156921942,0.005589744395657403
A0A8S5VTX0,1.864681601524353,4.502696990966797,0.6139281702701694,0.5117815732955933,0.5430967416589871,1.6532247,4.0827475,0.61882466,0.5041153,0.53157467,IDP-ESM2-8M,67,288,0.21145689487457275,0.4199495315551758,0.004896490507876217,0.007666289806365967,0.011522075158895584
A0A976N2M2,1.7672897577285769,4.537698268890381,0.6729421738470521,0.5667985677719116,0.4942293149791221,1.6928401,4.3351316,0.6668671,0.53905123,0.48481172,IDP-ESM2-8M,67,288,0.07444965839386009,0.20256662368774414,0.006075096496435672,0.02774733304977417,0.009417591746852805
A0A976N2T1,1.7610512971878052,4.707720756530762,0.6725669161434407,0.5365812182426453,0.4823933408901071,1.6365621,3.9732978,0.6058668,0.49252447,0.5477394,IDP-ESM2-8M,67,288,0.1244891881942749,0.7344229221343994,0.0667001263256306,0.04405674338340759,0.06534604566842561
A0A977TP41,2.5221047401428223,6.166369438171387,0.6128707856200357,0.4924271404743194,0.535264803113846,2.7296126,6.8889146,0.6648302,0.5181725,0.46083224,IDP-ESM2-8M,67,288,0.20750784873962402,0.7225451469421387,0.05195942220467131,0.025745362043380793,0.0744325649165194
A0A9C7EYP6,2.059425115585327,4.341032028198242,0.4119488999775142,0.3891435861587524,0.7826712245284998,1.9850925,4.2359886,0.41317663,0.36670706,0.8172386,IDP-ESM2-8M,67,288,0.074332594871521,0.10504341125488281,0.001227725989511541,0.022436529397964422,0.03456740433578853
A0A9E7E114,2.6846225261688232,6.194314002990723,0.4909256499808473,0.3887869715690613,0.6334909614577019,2.8880172,6.786129,0.5161853,0.3990284,0.5861074,IDP-ESM2-8M,67,288,0.20339465141296387,0.5918149948120117,0.02525963368004136,0.010241419076919556,0.04738358822009203
A0A9E7MTP4,1.7648322582244873,4.532491683959961,0.635135560991865,0.5016555786132812,0.4841819835587362,1.7505083,4.4379134,0.6384308,0.5070914,0.46159777,IDP-ESM2-8M,67,288,0.014323949813842773,0.09457826614379883,0.003295213220018578,0.005435824394226074,0.022584213106236817
A0A9E7NGQ3,2.002009153366089,4.967966079711914,0.6355770344121529,0.5079604387283325,0.5046194284222657,1.7372353,4.2539654,0.59625506,0.4808045,0.5464866,IDP-ESM2-8M,67,288,0.2647738456726074,0.7140007019042969,0.039321970401532735,0.027155935764312744,0.04186718771237785
A0A9E7PRV1,4.769702434539795,11.009002685546877,0.6072556576263411,0.4705262780189514,0.6281138130868641,4.314183,10.323273,0.5825478,0.47467282,0.67045623,IDP-ESM2-8M,67,288,0.4555191993713379,0.6857299804687518,0.024707873774717615,0.004146546125411987,0.042342417553547285
A0A9E7QSB8,3.597447872161865,8.941004753112793,0.6252779815140195,0.4877111911773681,0.5318009896713983,3.6179876,8.820652,0.61427164,0.47868854,0.5373001,IDP-ESM2-8M,67,288,0.020539760589600053,0.12035274505615234,0.011006340736431586,0.0090226531028747,0.0054991201918829224
A0A9E7YC22,2.446411609649658,6.235330581665039,0.6530271615883517,0.5056642889976501,0.4953450680914874,2.6898885,6.7144985,0.65234804,0.51453364,0.47031504,IDP-ESM2-8M,67,288,0.24347686767578125,0.4791679382324219,0.0006791200539278952,0.008869349956512451,0.02503002893361994
A0A9E8JWV9,2.257406711578369,5.675223350524902,0.680940974598074,0.5665900707244873,0.4907227252656558,2.1464243,5.378637,0.6524862,0.5266451,0.50198627,IDP-ESM2-8M,67,288,0.11098241806030273,0.2965865135192871,0.028454769497060828,0.03994494676589966,0.011263539916839316
A0AA49BTX9,1.662986159324646,3.953206062316896,0.5431114422137951,0.4369195699691772,0.5690741015719079,1.6981151,4.0143194,0.51445836,0.4121528,0.6177983,IDP-ESM2-8M,67,288,0.03512895107269287,0.06111335754394398,0.02865308392598387,0.02476677298545832,0.04872422682775035
A0AA95EHV2,7.345452785491943,16.350584030151367,0.6035666145481628,0.4845318794250488,0.731632239104108,6.815507,16.099218,0.64602816,0.5593433,0.7275233,IDP-ESM2-8M,67,288,0.5299458503723145,0.25136566162109375,0.04246154650072631,0.07481139898300176,0.004108912230328721
A0AAE6H393,2.3994784355163574,5.994799613952637,0.6527069405036623,0.5335306525230408,0.4853632130853106,2.6558294,6.5463133,0.64407885,0.5084266,0.4769149,IDP-ESM2-8M,67,288,0.2563509941101074,0.551513671875,0.008628089757507507,0.025104045867919922,0.00844830062307611
A0AAE6M5R2,3.5521042346954346,9.02237606048584,0.642704948447749,0.4869166910648346,0.4967637315095681,3.557365,8.582124,0.58760536,0.4544798,0.539113,IDP-ESM2-8M,67,288,0.0052607059478759766,0.44025230407714844,0.05509959127764397,0.032436877489089966,0.04234925362455666
A0AAE6R6D0,2.976760149002075,7.51303243637085,0.6548645452200272,0.5274115204811096,0.5081889800819005,3.1804774,7.820652,0.63740516,0.507789,0.53100026,IDP-ESM2-8M,67,288,0.20371723175048828,0.307619571685791,0.01745938813079384,0.019622504711151123,0.022811276456490615
A0AAE7RVV2,1.5517797470092771,3.9395155906677246,0.6188861173230674,0.4737471342086792,0.479550110902109,1.6781979,4.224943,0.6147183,0.48552173,0.48780173,IDP-ESM2-8M,67,288,0.12641811370849632,0.2854275703430176,0.0041677993375327516,0.011774599552154541,0.00825161973067301
A0AAE7RZ51,1.6937689781188965,4.192554473876953,0.6328902870672046,0.5101795196533203,0.5052100331934856,1.8898009,4.769332,0.64525384,0.5159552,0.4854732,IDP-ESM2-8M,67,288,0.19603192806243896,0.576777458190918,0.012363550041407434,0.0057756900787353516,0.01973684741582138
A0AAE7V272,1.89815890789032,4.521825790405273,0.5981761481835761,0.4906594157218933,0.5494720901195723,1.9497072,4.803892,0.60372925,0.48388448,0.5226501,IDP-ESM2-8M,67,288,0.051548242568969505,0.28206634521484375,0.005553099863298883,0.006774932146072388,0.02682196747705523
A0AAE8XJ71,2.8262925148010254,7.3990888595581055,0.6017465091378511,0.4517616629600525,0.52591360416268,2.8070688,6.759976,0.58547276,0.46406487,0.5678934,IDP-ESM2-8M,67,288,0.019223690032958984,0.6391129493713379,0.016273746553164825,0.012303203344345093,0.041979781724466037
A0AAE8XN63,1.684768557548523,3.999056339263916,0.6159476746880526,0.5209705233573914,0.5247382377107751,1.6518987,3.858776,0.5345219,0.4473916,0.63674736,IDP-ESM2-8M,67,288,0.032869815826416016,0.14028024673461914,0.08142579692239704,0.07357892394065857,0.11200912251871709
A0AAE8Y2B1,2.794822454452514,7.214196681976318,0.6596631795570008,0.5064674019813538,0.494200982039052,3.0791538,7.530418,0.6267575,0.49514997,0.5253211,IDP-ESM2-8M,67,288,0.28433132171630904,0.3162212371826172,0.032905677001153655,0.011317431926727295,0.0311201439451399
A0AAE8Y3C7,3.1122307777404785,8.012500762939453,0.6588662254279181,0.515117883682251,0.4955538807173406,3.4214847,8.341743,0.6205794,0.48710293,0.58102894,IDP-ESM2-8M,67,288,0.3092539310455322,0.3292427062988281,0.03828680390768491,0.028014957904815674,0.08547505757611645
A0AAE8YWI4,1.6106566190719604,3.9633960723876953,0.5897645273366682,0.4728582799434662,0.5379934387742529,1.7079399,4.1339197,0.5766155,0.46242994,0.55449164,IDP-ESM2-8M,67,288,0.0972832441329956,0.17052364349365234,0.013149014965604944,0.01042833924293518,0.016498200363015192
A0AAE9BPG4,2.089961051940918,5.293968677520752,0.6362058420521594,0.5146384239196777,0.509625700840301,2.0444465,5.020113,0.615947,0.5023723,0.56121695,IDP-ESM2-8M,67,288,0.045514583587646484,0.27385568618774414,0.020258833919224783,0.012266099452972412,0.05159124957626393
A0AAE9BPT7,1.8899993896484373,4.608973503112793,0.6071775080351314,0.4779702126979828,0.5259370938834406,1.8161623,4.4644275,0.61153144,0.498791,0.53183496,IDP-ESM2-8M,67,288,0.07383704185485818,0.1445460319519043,0.004353928408197483,0.020820796489715576,0.0058978661003851185
A0EXV0,2.994124174118042,6.964138984680176,0.495575349687519,0.4098358452320099,0.6699742280173773,3.137642,7.3618984,0.51612663,0.4106835,0.63677245,IDP-ESM2-8M,67,288,0.14351773262023926,0.39775943756103516,0.020551283002910703,0.0008476674556732178,0.033201774232434644
A0EYY2,3.034811496734619,7.684514045715332,0.668185046760487,0.5493612885475159,0.4809570267909356,3.0130737,7.4879055,0.6489848,0.5125013,0.47981146,IDP-ESM2-8M,67,288,0.02173781394958496,0.1966085433959961,0.01920025691215932,0.036859989166259766,0.0011455670111962246
A1YJ55,3.0992090702056885,7.891826629638672,0.6728711179111546,0.5405828952789307,0.474137974827433,2.9111218,7.13113,0.6235032,0.48973098,0.49872527,IDP-ESM2-8M,67,288,0.18808722496032715,0.7606964111328125,0.049367909750754224,0.050851911306381226,0.024587290437078135
A1YMK7,1.6046737432479858,3.8042383193969727,0.5482631590372576,0.424898236989975,0.5593004137451495,1.5274514,3.6108391,0.5395706,0.4373535,0.5829242,IDP-ESM2-8M,67,288,0.07722234725952148,0.19339919090270996,0.008692529440547436,0.012455254793167114,0.023623773438230633
A4FTA6,2.3809258937835693,5.719853401184082,0.5199431687575117,0.4124127328395843,0.5911927998546419,2.4295044,5.710196,0.5433563,0.43169472,0.5599557,IDP-ESM2-8M,67,288,0.048578500747680664,0.00965738296508789,0.023413130642817914,0.019281983375549372,0.031237083721524228
A4L236,3.475287437438965,8.607982635498047,0.6480487113343221,0.5230875611305237,0.5214414367357509,2.8065112,7.0866375,0.6617198,0.5294998,0.4910245,IDP-ESM2-8M,67,288,0.668776273727417,1.5213451385498047,0.013671087707425977,0.0064122676849365234,0.030416942564608362
A4ZRA0,1.9533462524414065,4.875495433807373,0.6237074957070657,0.494331955909729,0.5017340600723473,1.9751545,4.8414664,0.6117559,0.4923154,0.5151783,IDP-ESM2-8M,67,288,0.02180826663970925,0.03402900695800781,0.011951588171512761,0.0020165443420410156,0.01344426271970589
A4ZRD1,3.2862348556518555,8.392912864685059,0.6167292549279948,0.4547624886035919,0.5294574445110618,3.3376768,8.10822,0.59575146,0.4569865,0.5480862,IDP-ESM2-8M,67,288,0.05144190788269043,0.28469276428222656,0.020977790561081955,0.0022239983081817627,0.01862878147541891
A7IUH2,2.89907169342041,6.907153129577637,0.4770865750321958,0.3599870204925537,0.6759604410505997,3.011618,7.0003896,0.5011101,0.40281156,0.6590859,IDP-ESM2-8M,67,288,0.11254620552062988,0.09323644638061523,0.02402350187210106,0.04282453656196594,0.016874511656831404
A7IXA4,2.4592556953430176,5.907154083251953,0.4998802634986979,0.383615642786026,0.6311799402387551,2.535732,5.7979393,0.49402136,0.40617824,0.6897864,IDP-ESM2-8M,67,288,0.0764763355255127,0.10921478271484375,0.005858907392893464,0.02256259322166443,0.05860643433018409
A7J7F5,2.786444902420044,7.023102283477783,0.4946708580130246,0.365144819021225,0.6471175628706889,2.846825,6.6351504,0.5093519,0.40920296,0.6400845,IDP-ESM2-8M,67,288,0.060379981994628906,0.3879518508911133,0.014681051147589441,0.044058144092559814,0.0070330577895121316
A7K957,3.421844482421875,8.233570098876953,0.4694632828802144,0.3703376054763794,0.732892583484043,3.3506968,7.816397,0.5216968,0.41476658,0.6602064,IDP-ESM2-8M,67,288,0.07114768028259277,0.417172908782959,0.05223352307376511,0.04442897439002991,0.07268620597778686
A8UP82,2.890427827835083,6.696528434753418,0.5175520577111009,0.4089689552783966,0.5965410589221127,2.9199455,6.843057,0.52111375,0.40763867,0.5919381,IDP-ESM2-8M,67,288,0.029517650604248047,0.1465287208557129,0.003561695607685711,0.0013302862644195557,0.004602980518639832
A8UP87,2.8950634002685547,6.615225315093994,0.5068390442138119,0.4075567722320556,0.622464498490168,2.894861,6.778529,0.5195396,0.40588447,0.59657896,IDP-ESM2-8M,67,288,0.00020241737365722656,0.16330385208129883,0.012700550436456681,0.0016722977161406916,0.02588554283983846
A8UP89,2.8319437503814697,6.474772930145264,0.5021076642120773,0.3980751931667328,0.6207076797326211,2.918938,6.8389063,0.5199691,0.40643486,0.5939935,IDP-ESM2-8M,67,288,0.08699417114257812,0.364133358001709,0.01786144150844271,0.008359670639038086,0.026714194758713616
A8UP92,2.805568218231201,6.4617018699646,0.4992903833509671,0.4027905166149139,0.6212093907886779,2.8836071,6.74365,0.51735055,0.4044799,0.59847593,IDP-ESM2-8M,67,288,0.07803893089294434,0.2819480895996094,0.018060171115280466,0.001689374446868952,0.0227334577137267
A8UPA2,2.8132529258728027,6.422153472900391,0.4932046848496261,0.4031185805797577,0.6362490391382882,2.933644,6.881479,0.5223451,0.40805778,0.5909846,IDP-ESM2-8M,67,288,0.1203911304473877,0.45932531356811523,0.02914044082557532,0.0049391984939575195,0.045264456237287254
A9YTD9,1.5014184713363647,3.5820837020874023,0.5681758410573052,0.4593298435211181,0.5517548123609876,1.2869055,3.08413,0.57314557,0.47157457,0.5394493,IDP-ESM2-8M,67,288,0.21451294422149658,0.4979536533355713,0.004969727313513861,0.01224473118782049,0.012305537821040047
N0DQS9,1.818004131317139,4.65830659866333,0.6040542328335172,0.4553857445716858,0.501762011837546,1.9688417,4.72764,0.55270535,0.4347433,0.5969148,IDP-ESM2-8M,67,288,0.15083754062652566,0.06933355331420898,0.05134888529552284,0.020642459392547607,0.09515281598609293
O11373,1.918062448501587,4.498485565185547,0.5294722331417071,0.4387453496456146,0.5742572341914352,1.9238769,4.4935746,0.5279404,0.42419338,0.59610736,IDP-ESM2-8M,67,288,0.0058144330978393555,0.004910945892333984,0.0015318406475054447,0.01455196738243103,0.02185012950943155
O11385,3.2266199588775635,7.567805290222168,0.5157842410540943,0.4151670932769775,0.6134039609877465,3.167138,7.328576,0.49410972,0.39026916,0.6637315,IDP-ESM2-8M,67,288,0.05948185920715332,0.2392292022705078,0.0216745210624103,0.024897933006286566,0.050327554419815734
O11680,3.237217426300049,7.42779541015625,0.519572427798446,0.4070121049880981,0.6248887570047492,3.0098095,7.001202,0.5027215,0.39522883,0.6437776,IDP-ESM2-8M,67,288,0.22740793228149414,0.4265933036804199,0.016850939322646474,0.011783272027969305,0.018888851866710743
O11889,2.3396317958831787,5.421920299530029,0.5231231525349755,0.413798451423645,0.5962229969901165,2.2558079,5.3373103,0.5380203,0.423672,0.57353204,IDP-ESM2-8M,67,288,0.08382391929626465,0.0846099853515625,0.014897160251126751,0.009873539209365845,0.02269095210257377
O12700,1.8524093627929688,4.596533298492432,0.5827343670785077,0.4518682062625885,0.5433867608928543,2.0509026,4.963697,0.579072,0.46209416,0.53406656,IDP-ESM2-8M,67,288,0.19849324226379395,0.36716365814208984,0.0036623684823162694,0.010225951671600342,0.009320203008638006
O22002,2.4434256553649902,5.7421393394470215,0.5145343008081582,0.4022242426872253,0.6197306767983363,2.451037,5.8357344,0.52755845,0.4116455,0.5976056,IDP-ESM2-8M,67,288,0.007611274719238281,0.09359502792358398,0.01302414512232275,0.009421259164810236,0.02212509074639535
O36059,2.7234809398651123,6.293643951416016,0.4987321217449015,0.3973925411701202,0.6362107417042859,2.8055706,6.5519876,0.500903,0.38786224,0.63091546,IDP-ESM2-8M,67,288,0.08208966255187988,0.2583436965942383,0.002170888623445666,0.009530305862426702,0.005295278733552289
O36067,2.7859911918640137,6.601778030395508,0.5232691945122265,0.4108972251415252,0.5939633475401775,2.73907,6.386037,0.5002936,0.38636482,0.6347073,IDP-ESM2-8M,67,288,0.0469212532043457,0.21574115753173828,0.022975582032062958,0.024532407522201483,0.04074392451258735
O36078,2.778292179107666,6.4395036697387695,0.5185245753518425,0.4034789204597473,0.6028630925413997,2.690693,6.281621,0.50477535,0.39159295,0.6251941,IDP-ESM2-8M,67,288,0.08759927749633789,0.1578826904296875,0.013749230026372516,0.011885970830917358,0.02233098018198898
O36100,2.716831684112549,6.480745792388916,0.5115511784309363,0.3890225291252136,0.6057753660756166,2.7400677,6.366483,0.49816322,0.38829684,0.63850594,IDP-ESM2-8M,67,288,0.02323603630065918,0.11426258087158203,0.013387955164334775,0.0007256865501403809,0.03273056959332876
O36115,2.797132968902588,6.570660591125488,0.5197002890809002,0.4033618569374084,0.6052728930884994,2.7658544,6.4523716,0.5038317,0.392422,0.6339154,IDP-ESM2-8M,67,288,0.03127861022949219,0.11828899383544922,0.01586860449151417,0.010939866304397527,0.02864253125842442
O36117,2.64856481552124,6.0719828605651855,0.4885609017931391,0.3880995512008667,0.6424900901302097,2.8596632,6.610689,0.48707992,0.37969545,0.66528624,IDP-ESM2-8M,67,288,0.211098432540894,0.5387063026428223,0.0014809834085870999,0.00840410590171814,0.0227961528316738
O36118,2.73946475982666,6.499106407165527,0.5202985048244267,0.3980136215686798,0.5914677118308915,2.767091,6.452506,0.50378174,0.39239413,0.6326755,IDP-ESM2-8M,67,288,0.02762627601623535,0.046600341796875,0.016516768927362535,0.00561949610710144,0.04120781669541462
O36119,2.715069532394409,6.335072040557861,0.5110767596712151,0.4008884727954864,0.6055315376364473,2.879708,6.7087307,0.49672642,0.38345167,0.63772774,IDP-ESM2-8M,67,288,0.16463851928710938,0.3736586570739746,0.014350336169246747,0.017436802387237493,0.03219619979031052
O36121,2.657899856567383,5.793978691101074,0.4758928186310487,0.367963969707489,0.6771564949953716,2.858861,6.675281,0.50159293,0.3905336,0.6365332,IDP-ESM2-8M,67,288,0.20096111297607422,0.8813023567199707,0.025700115500573606,0.022569626569747925,0.04062329425455735
O36157,2.712611198425293,6.170164585113525,0.5040455968468669,0.3834456503391266,0.6224253381428988,2.8303714,6.610853,0.49982518,0.38731807,0.6391586,IDP-ESM2-8M,67,288,0.11776018142700195,0.4406886100769043,0.004220417269993115,0.003872424364089966,0.01673326838633704
O38492,2.1946845054626465,5.208679676055908,0.491966552090386,0.3843391537666321,0.6442149579319719,2.1698174,5.0850782,0.522409,0.41702285,0.6117809,IDP-ESM2-8M,67,288,0.02486705780029297,0.12360143661499023,0.030442469764014657,0.03268370032310486,0.032434076050258054
O39165,1.8833106756210327,4.856054782867432,0.6414420310869035,0.4979676306247711,0.4818379836545172,1.6951444,4.198216,0.61131513,0.49887568,0.53803194,IDP-ESM2-8M,67,288,0.18816626071929932,0.6578388214111328,0.030126899899464488,0.0009080469608306885,0.05619395203731631
O39372,2.306654691696167,5.7580413818359375,0.5488038466960485,0.4284367263317108,0.560745696109861,2.4044938,5.7217603,0.5365892,0.4238419,0.5995763,IDP-ESM2-8M,67,288,0.0978391170501709,0.03628110885620117,0.01221464143100337,0.0045948326587677,0.03883059831228863
O39937,2.718632698059082,6.273367404937744,0.508185856570985,0.3817847371101379,0.6142644816142464,2.7899725,6.525116,0.50555134,0.39172623,0.62557846,IDP-ESM2-8M,67,288,0.07133984565734863,0.25174856185913086,0.002634518375184247,0.009941488504409846,0.011313981463298761
O39943,2.776827335357666,6.513333797454834,0.5248627374704793,0.3942384719848633,0.5894456977903075,2.8300893,6.600203,0.5011588,0.38947493,0.633867,IDP-ESM2-8M,67,288,0.05326199531555176,0.0868692398071289,0.02370396357140092,0.004763543605804443,0.04442132758505868
O41014,3.446550369262696,8.040975570678711,0.5649557655052255,0.4499977827072143,0.5958520606824085,3.3384275,7.874572,0.54437834,0.43766978,0.6342794,IDP-ESM2-8M,67,288,0.10812282562255948,0.16640377044677734,0.020577425260932314,0.0123279988765716,0.038427309625513884
O41972,7.059466361999512,16.408506393432617,0.4831218267725697,0.3801096975803375,0.6810555873180898,4.7525616,10.89798,0.44692716,0.3458575,0.74116975,IDP-ESM2-8M,67,288,2.3069047927856445,5.510526657104492,0.03619466674792676,0.03425219655036926,0.06011416337237041
O41981,2.7708802223205566,6.579952239990234,0.5270696750246004,0.4104365408420563,0.5716922298369256,3.141145,7.4215727,0.52132463,0.40213215,0.60408807,IDP-ESM2-8M,67,288,0.37026476860046387,0.8416204452514648,0.005745040472598495,0.008304387331008911,0.03239583817149727
O55723,2.552016258239746,6.2720255851745605,0.6350779711547068,0.51401686668396,0.5209577629268997,2.5452707,6.355793,0.6457708,0.51390284,0.51780164,IDP-ESM2-8M,67,288,0.006745576858520508,0.08376741409301758,0.010692817038042257,0.00011402368545532227,0.003156120508991944
O55724,2.790158748626709,7.2318115234375,0.680828318703099,0.5475515127182007,0.4926729445806806,2.953789,7.4087887,0.6726067,0.53634155,0.56609017,IDP-ESM2-8M,67,288,0.16363024711608887,0.17697715759277344,0.008221612083836316,0.011209964752197266,0.07341722198807549
O70793,2.374983787536621,5.607536792755127,0.4678260167787761,0.3605358898639679,0.6977970700727202,2.2958217,5.108278,0.46909505,0.3960638,0.70966357,IDP-ESM2-8M,67,288,0.0791621208190918,0.49925899505615234,0.001269034509828626,0.03552791476249695,0.011866499854495394
O70797,2.423988103866577,6.02216911315918,0.5263807492962909,0.3924354910850525,0.5824867284469207,2.5306132,6.027021,0.5512611,0.4387102,0.54460067,IDP-ESM2-8M,67,288,0.10662508010864258,0.004851818084716797,0.024880377698795808,0.04627472162246704,0.03788606287761531
O73497,2.76765251159668,6.514014720916748,0.520493664255522,0.4025524258613586,0.6026742013635922,2.7122273,6.386735,0.5275779,0.41483417,0.5989783,IDP-ESM2-8M,67,288,0.05542516708374068,0.12727975845336914,0.007084212789155719,0.012281745672226008,0.003695920342474013
O90676,2.12396502494812,5.080607891082764,0.5517849301080268,0.4293421804904938,0.5539887105238901,2.087652,5.101166,0.59112406,0.4603181,0.49175546,IDP-ESM2-8M,67,288,0.03631305694580078,0.020557880401611328,0.03933912766174863,0.030975908041000366,0.06223325479154451
O90681,2.3446826934814453,5.803781509399414,0.5742417516908911,0.4306962490081787,0.5201047834734271,2.3794787,5.8378115,0.5972019,0.45961547,0.47705913,IDP-ESM2-8M,67,288,0.03479599952697754,0.03402996063232422,0.022960132101986108,0.028919219970703125,0.04304565757315859
O90688,2.36263370513916,5.604930400848389,0.5610012999997731,0.4318245053291321,0.5476795912679248,2.3646944,5.7267075,0.5908692,0.46147442,0.50043625,IDP-ESM2-8M,67,288,0.0020606517791748047,0.12177705764770508,0.029867888308942714,0.02964991331100464,0.047243344872813675
O90711,2.241362810134888,5.467430591583252,0.5749924831329487,0.4627063870429992,0.5312588836121618,2.19532,5.2196097,0.5377947,0.4227843,0.57862824,IDP-ESM2-8M,67,288,0.04604291915893599,0.24782085418701172,0.037197773927321265,0.03992208838462824,0.04736935840367684
O92312,1.9454418420791624,4.647778511047363,0.5470075111637936,0.4370087683200836,0.5526706670938683,1.945405,4.6736183,0.54768467,0.4273993,0.5540442,IDP-ESM2-8M,67,288,3.683567047096936e-05,0.025839805603027344,0.0006771583308352591,0.009609460830688477,0.0013735199750709581
O92587,1.7492942810058594,4.050130844116211,0.5341268486449015,0.4315410554409027,0.5816729571564329,1.7633438,4.188134,0.547446,0.4353194,0.5601877,IDP-ESM2-8M,67,288,0.014049530029296875,0.13800334930419922,0.01331916385204679,0.0037783384323120117,0.02148525974584936
O92588,1.9873268604278564,4.7093424797058105,0.5420780337295801,0.4272927045822143,0.580502332394892,1.9917305,4.7280803,0.54981035,0.43969527,0.56458896,IDP-ESM2-8M,67,288,0.004403591156005859,0.01873779296875,0.007732316211673584,0.012402564287185724,0.015913368409448903
P03181,7.801437854766846,17.822874069213867,0.5184710632054842,0.4023693799972534,0.6412423768698935,4.3958282,10.267544,0.51114845,0.4029717,0.6378754,IDP-ESM2-8M,67,288,3.405609607696533,7.555330276489258,0.0073226104466951325,0.00060233473777771,0.0033669987380270383
P03290,3.041316032409668,7.010432243347168,0.5296787904991391,0.4239951968193054,0.5950484654383179,2.8411503,6.8358006,0.55835855,0.43823227,0.5614811,IDP-ESM2-8M,67,288,0.2001657485961914,0.17463159561157227,0.02867975957257718,0.014237076044082642,0.033567347236108436
P03779,1.8422763347625728,4.257915496826172,0.5382435746556905,0.4312940835952759,0.6060443480382407,1.8348355,4.519448,0.5912825,0.4720048,0.5279606,IDP-ESM2-8M,67,288,0.00744080543518022,0.2615323066711426,0.053038912259897875,0.04071071743965149,0.07808374956946018
P04487,3.873788833618164,9.448758125305176,0.5464829634649951,0.4269406795501709,0.5892513719587237,3.6618228,8.635226,0.5249211,0.41293684,0.63308793,IDP-ESM2-8M,67,288,0.21196603775024414,0.8135318756103516,0.021561844251890894,0.014003843069076538,0.0438365611047834
P06923,2.3555095195770264,5.562351226806641,0.4639584284025083,0.35980424284935,0.6892738441602555,2.2357862,4.9835806,0.45448726,0.37339082,0.7252998,IDP-ESM2-8M,67,288,0.11972332000732422,0.578770637512207,0.00947116424616673,0.013586580753326416,0.03602593144017785
P08804,1.842362403869629,4.114694118499756,0.4970850035596396,0.4507627189159393,0.65516586869977,1.8448462,4.2836514,0.5304058,0.43800348,0.61607754,IDP-ESM2-8M,67,288,0.002483844757080078,0.16895723342895508,0.03332081585640656,0.012759238481521551,0.03908832639477733
P08807,1.7791626453399658,4.427801132202148,0.6208851924104489,0.4938208758831024,0.499291433260459,1.7919257,4.4432673,0.60558254,0.49438477,0.51065606,IDP-ESM2-8M,67,288,0.012763023376464844,0.01546621322631836,0.015302657143572707,0.000563889741897583,0.011364625527840566
P09702,3.4855518341064453,7.885212421417236,0.4871335142206597,0.370372861623764,0.6911462146795446,3.809577,9.047794,0.5453753,0.4220051,0.57023984,IDP-ESM2-8M,67,288,0.32402515411376953,1.1625819206237793,0.058241773312146694,0.05163222551345831,0.12090637274152582
P0C724,3.0877764225006104,6.356495380401611,0.2690237342015284,0.2668067514896393,1.3375504360404693,3.5416431,7.5601654,0.37103012,0.33295432,0.9521198,IDP-ESM2-8M,67,288,0.45386672019958496,1.2036700248718262,0.10200638784017385,0.0661475658416748,0.3854306087699615
P0DJX3,2.4966683387756348,6.019421577453613,0.5363203272137911,0.4279584586620331,0.5826486283965665,2.492228,5.9704146,0.54737365,0.4261297,0.5724403,IDP-ESM2-8M,67,288,0.0044403076171875,0.04900693893432617,0.011053325244399836,0.0018287599086761475,0.010208302182729834
P0DTC0,3.951259136199951,9.281071662902832,0.4924003956605507,0.3836698532104492,0.6835607162780185,3.9306564,9.244245,0.5181246,0.3975676,0.6371452,IDP-ESM2-8M,67,288,0.020602703094482422,0.03682708740234375,0.025724184722750065,0.013897746801376343,0.04641549504465059
P10428,1.692636013031006,4.131426811218262,0.5693406691381847,0.4449512362480163,0.5477997595272098,1.7033935,4.147314,0.57020754,0.45173225,0.55358297,IDP-ESM2-8M,67,288,0.010757446289062278,0.01588726043701172,0.0008668670823658298,0.006781011819839533,0.005783206800457408
P12507,1.8348572254180908,4.342282295227051,0.5720891908037534,0.4400557279586792,0.533030128235815,1.8595653,4.5286803,0.5647888,0.44370306,0.5391164,IDP-ESM2-8M,67,288,0.024708032608032227,0.18639802932739258,0.007300372444378422,0.003647327423095703,0.0060862543630619825
P12508,2.0565106868743896,5.007543563842773,0.5829065126256595,0.4687983393669128,0.5291500060705756,2.0044403,4.8302855,0.54930407,0.43205193,0.56846845,IDP-ESM2-8M,67,288,0.05207037925720215,0.17725801467895508,0.03360244453712802,0.0367464125156402,0.03931844542936336
P12512,1.4759122133255005,3.5130720138549805,0.5495752194059419,0.4647158682346344,0.5687539810497089,1.4193804,3.410328,0.5638351,0.45703396,0.54263407,IDP-ESM2-8M,67,288,0.05653178691864014,0.10274410247802734,0.01425986503238208,0.007681906223297119,0.026119911130122686
P17356,2.0023138523101807,4.775955677032471,0.527552741572576,0.3981465101242065,0.559348176697182,1.757863,4.193103,0.5451992,0.42095986,0.53202903,IDP-ESM2-8M,67,288,0.24445080757141113,0.582852840423584,0.01764647383956386,0.022813349962234553,0.027319143989967598
P19127,3.339993953704834,7.709254264831543,0.5056678607479014,0.4252867102622986,0.6404443818588733,3.4570353,8.075862,0.5072056,0.39593965,0.63400334,IDP-ESM2-8M,67,288,0.11704134941101074,0.366607666015625,0.0015377447589955962,0.02934706211090088,0.0064410406609057835
P20833,1.923797607421875,4.6265153884887695,0.5567256537275351,0.439942717552185,0.5689511966585376,1.9132161,4.5644093,0.5435802,0.4358589,0.5936917,IDP-ESM2-8M,67,288,0.010581493377685547,0.06210613250732422,0.013145479281429173,0.004083812236785833,0.024740509998872118
P24649,2.6949145793914795,6.704395771026611,0.6337966209864048,0.4992745220661163,0.5084787872287062,2.7171905,6.4663982,0.5753353,0.46571255,0.5911952,IDP-ESM2-8M,67,288,0.022275924682617188,0.23799753189086914,0.058461297175827376,0.033561974763870184,0.082716438486931
P41726,2.4039831161499023,5.626138687133789,0.5846315742782301,0.4884092211723327,0.5692416159132887,2.523378,6.2304316,0.62205756,0.48946252,0.4962452,IDP-ESM2-8M,67,288,0.11939477920532227,0.6042928695678711,0.037425982827787974,0.001053303480148371,0.07299641051091443
P57017,2.179521083831787,5.330920219421387,0.5572924436035119,0.4281210303306579,0.5590778159987404,2.2215433,5.3129554,0.54827654,0.42992103,0.56960714,IDP-ESM2-8M,67,288,0.0420222282409668,0.017964839935302734,0.009015899986263398,0.001800000667572077,0.010529322634987626
P68828,3.043631076812744,7.505298614501953,0.5690040420981203,0.4347433149814605,0.549179621062971,3.3818333,8.150974,0.5828943,0.453462,0.5425426,IDP-ESM2-8M,67,288,0.33820223808288574,0.6456756591796875,0.013890283158227379,0.018718689680099543,0.006637044273115067
P69592,1.7679249048233032,4.2538604736328125,0.5830203972423041,0.4872871041297912,0.5417067687168436,1.7811388,4.2095475,0.5717476,0.47265428,0.57534605,IDP-ESM2-8M,67,288,0.013213872909545898,0.04431295394897461,0.011272796210047065,0.014632821083068792,0.03363928392979332
P87543,3.8440911769866943,9.04012680053711,0.5110748860509648,0.3856273293495178,0.6448506477446102,4.0823708,9.562036,0.5137333,0.4026022,0.65917283,IDP-ESM2-8M,67,288,0.2382795810699463,0.5219087600708008,0.0026584413377985783,0.01697486639022827,0.014322185221240624
P87914,2.4695138931274414,5.765817642211914,0.4902140246409529,0.3815894424915313,0.6345282092942098,2.5887897,6.001926,0.5011738,0.396311,0.63071036,IDP-ESM2-8M,67,288,0.11927580833435059,0.23610830307006836,0.010959769628608895,0.01472157239913946,0.0038178459061483094
P89479,3.5908446311950684,8.289770126342773,0.4986820632671924,0.3803675174713135,0.6890502909249543,3.4598184,8.136264,0.52096057,0.40936673,0.6342795,IDP-ESM2-8M,67,288,0.1310262680053711,0.15350627899169922,0.02227850611452148,0.0289992094039917,0.054770801407742375
P89827,1.9871280193328853,4.294174671173096,0.415786137412617,0.3431975841522217,0.7982783085456022,1.9964606,4.5053434,0.47777095,0.3967616,0.7049498,IDP-ESM2-8M,67,288,0.009332537651062456,0.21116876602172852,0.06198481695788166,0.05356401205062866,0.09332851234580364
P89833,2.001073837280273,4.2578630447387695,0.4333157729047107,0.3700771033763885,0.7594216547928399,2.0033789,4.5437694,0.477641,0.39453384,0.6948397,IDP-ESM2-8M,67,288,0.0023050308227543503,0.2859063148498535,0.044325213537855235,0.024456739425659235,0.06458193883519825
P89841,2.2659146785736084,5.32509708404541,0.521724627937672,0.402962177991867,0.5980748508744105,2.2159858,5.186769,0.5253945,0.4169691,0.5961126,IDP-ESM2-8M,67,288,0.049928903579711914,0.13832807540893555,0.003669871364238353,0.014006912708282526,0.001962241964803546
P89878,1.4467779397964478,3.422703742980957,0.5638289331881057,0.4612283706665039,0.5367473355978593,1.4890528,3.5923996,0.5701682,0.45801073,0.52930385,IDP-ESM2-8M,67,288,0.0422748327255249,0.16969585418701172,0.006339263966893105,0.003217637538909912,0.0074434868544205335
Q00DY4,1.981306791305542,4.482170104980469,0.4782618359846806,0.3721905052661896,0.6655057620678477,2.179999,5.043706,0.513309,0.4143431,0.6113475,IDP-ESM2-8M,67,288,0.19869232177734375,0.5615358352661133,0.03504716593792684,0.042152583599090576,0.054158265558295726
Q03873,2.7764337062835693,6.527251720428467,0.6173343332431248,0.5130255222320557,0.5226827501639943,2.413199,5.703784,0.57067406,0.47310352,0.5829553,IDP-ESM2-8M,67,288,0.3632347583770752,0.8234677314758301,0.04666027146791729,0.03992199897766113,0.06027255064395853
Q04247,1.4747657775878906,3.405008554458618,0.5502152222451263,0.4601647853851318,0.5675447526483338,1.3729227,3.323968,0.5601239,0.4453395,0.52605546,IDP-ESM2-8M,67,288,0.10184311866760254,0.08104062080383301,0.009908698195547516,0.014825284481048528,0.04148929744050911
Q04259,1.7129335403442385,4.138900279998779,0.5617874790281298,0.4546024799346924,0.5480361347695694,1.7853155,4.250065,0.5426549,0.43143573,0.5597095,IDP-ESM2-8M,67,288,0.07238197326660134,0.11116456985473633,0.019132607087516962,0.023166745901107788,0.011673354575981176
Q04397,5.538411140441895,12.514174461364746,0.5011488732425512,0.3918117582798004,0.6583283615821379,4.3158484,10.009293,0.49862912,0.39405376,0.6612531,IDP-ESM2-8M,67,288,1.222562789916993,2.5048818588256836,0.0025197502700627927,0.0022419989109039307,0.0029247330910188163
Q04405,1.987066626548767,4.752363204956055,0.5523844773408993,0.4402256906032562,0.5745016304630886,1.8837276,4.6259937,0.5744821,0.44805855,0.5360518,IDP-ESM2-8M,67,288,0.10333907604217529,0.12636947631835938,0.022097605979718327,0.007832854986190796,0.03844982067533831
Q04420,1.804393649101257,4.385646343231201,0.5434539577513996,0.4255233407020569,0.5695099905096732,1.8057128,4.4713745,0.5801925,0.44909483,0.5203015,IDP-ESM2-8M,67,288,0.0013191699981691674,0.08572816848754883,0.03673854856192438,0.023571491241455078,0.04920846968524084
Q05293,2.0246331691741943,4.941482067108154,0.5980836712128972,0.4683927297592163,0.5375360003303331,1.8567355,4.415397,0.57221705,0.46599323,0.56000435,IDP-ESM2-8M,67,288,0.16789770126342773,0.5260848999023438,0.025866623998389127,0.0023995041847229004,0.022468353192921287
Q06E77,1.854733943939209,4.365798473358154,0.5838523713823472,0.4624294638633728,0.5603017213823724,1.7881231,4.3360214,0.58390087,0.47284457,0.5706665,IDP-ESM2-8M,67,288,0.06661081314086914,0.029777050018310547,4.849751032243166e-05,0.010415107011795044,0.010364770602948603
Q06IZ2,1.4492355585098269,3.321863174438477,0.5147426845504037,0.4332563281059265,0.5894274399363884,1.5423123,3.7044785,0.5523208,0.4416729,0.5438555,IDP-ESM2-8M,67,288,0.09307670593261697,0.38261532783508256,0.037578093819499836,0.008416563272476196,0.04557195163606487
Q08IT9,1.4411578178405762,3.3729867935180664,0.509048623719727,0.4024997353553772,0.5955077190788265,1.4605466,3.443161,0.53704923,0.42804343,0.56281185,IDP-ESM2-8M,67,288,0.019388794898986816,0.0701742172241211,0.028000610193694597,0.025543689727783203,0.03269586757736165
Q08IU0,1.444392204284668,3.49847412109375,0.5660923727783943,0.442360520362854,0.5126923892978567,1.3512623,3.187042,0.54917896,0.443688,0.5387783,IDP-ESM2-8M,67,288,0.09312987327575684,0.3114321231842041,0.016913414839246355,0.0013274848461151123,0.026085915755854283
Q08IU3,1.5200903415679932,3.6444058418273926,0.567750981560735,0.4566493928432464,0.5376499865041082,1.4448073,3.4275682,0.53831536,0.42876014,0.5596512,IDP-ESM2-8M,67,288,0.07528305053710938,0.21683764457702637,0.029435625782994523,0.02788925170898432,0.02200120949885198
Q08IW3,1.5311752557754517,3.7812225818634033,0.5790336414715681,0.4715192317962646,0.5251971881941605,1.5330862,3.6353319,0.54599303,0.43669704,0.5558759,IDP-ESM2-8M,67,288,0.0019109249114990234,0.1458907127380371,0.03304061140030956,0.03482219576835627,0.030678709213371236
Q08IW4,1.430708885192871,3.429335355758667,0.5114474024707172,0.3964540958404541,0.586782599360575,1.3609041,3.2323406,0.5467304,0.43774572,0.547569,IDP-ESM2-8M,67,288,0.06980478763580322,0.19699478149414062,0.03528299666105772,0.041291624307632446,0.0392136224814551
Q08IW8,1.480188250541687,3.581801176071167,0.5568537900940281,0.4451844692230224,0.5376721612596965,1.3947623,3.304097,0.54459953,0.43705663,0.5529253,IDP-ESM2-8M,67,288,0.0854259729385376,0.27770423889160156,0.012254257012973446,0.008127838373184149,0.015253127417519052
Q08IX5,1.488354206085205,3.568007469177246,0.5467633540475954,0.4509702324867248,0.5554559630002863,1.4954671,3.5711126,0.5501345,0.437789,0.54642653,IDP-ESM2-8M,67,288,0.007112860679626465,0.00310516357421875,0.003371125951946885,0.013181239366531317,0.009029428347576363
Q08J01,1.475874900817871,3.399479866027832,0.5274259615787502,0.4121314287185669,0.5816675910927179,1.4561785,3.4689221,0.54782236,0.437033,0.5440667,IDP-ESM2-8M,67,288,0.019696354866027832,0.0694422721862793,0.020396394645309845,0.02490156888961792,0.03760086393131046
Q08J02,1.4333645105361938,3.358404874801636,0.5234087668903281,0.4139968156814575,0.5694095726650054,1.4004793,3.3319697,0.5554601,0.44571212,0.535812,IDP-ESM2-8M,67,288,0.032885193824768066,0.02643513679504439,0.0320513285152505,0.03171530365943909,0.03359755236318651
Q0GGW6,4.268332958221436,9.731287002563477,0.5320749332760479,0.4259829521179199,0.6087855333254246,3.9449065,9.330134,0.5383353,0.41631675,0.60273623,IDP-ESM2-8M,67,288,0.3234264850616464,0.4011526107788086,0.0062603900576923,0.009666204452514648,0.006049298660507629
Q0GYC4,2.349748134613037,5.700589656829834,0.6077513674746718,0.4825935363769531,0.5357580612993927,2.4261768,5.69911,0.548044,0.4511511,0.63267434,IDP-ESM2-8M,67,288,0.07642865180969238,0.0014796257019042969,0.05970734157669211,0.03144243359565735,0.0969162751340179
Q0IL14,4.121105670928955,10.174616813659668,0.6423737958008554,0.5068939328193665,0.5290644752794177,4.1970243,10.059553,0.57586133,0.46074912,0.61757606,IDP-ESM2-8M,67,288,0.07591867446899414,0.11506366729736328,0.06651246100013519,0.04614481329917908,0.08851158739987308
Q0IL90,2.582193374633789,6.172640323638916,0.5222973772753531,0.4012844860553741,0.6095466163620553,2.5636468,6.0720363,0.5354797,0.42058942,0.5948576,IDP-ESM2-8M,67,288,0.018546581268310547,0.10060405731201172,0.013182347131842964,0.019304931163787897,0.014689042852839007
Q0NQ56,2.1244351863861084,5.066201686859131,0.539750785253557,0.4158749282360077,0.5463011142465328,1.9101833,4.5340157,0.53816557,0.4161358,0.54115903,IDP-ESM2-8M,67,288,0.21425187587738037,0.5321860313415527,0.0015852159481370975,0.00026085972785949707,0.005142080471203236
Q0PEK1,2.4944424629211426,5.841325283050537,0.5274274833320578,0.4118517935276031,0.5967398622578345,2.3150008,5.2402263,0.48434266,0.3900452,0.69150937,IDP-ESM2-8M,67,288,0.1794416904449463,0.6010990142822266,0.04308481885184845,0.021806597709655706,0.09476950377762694
Q0PF77,2.5402991771698,5.983981132507324,0.5302431310270364,0.4108685255050659,0.5863431274818676,2.505291,5.8900337,0.51785105,0.40605697,0.6107989,IDP-ESM2-8M,67,288,0.03500819206237793,0.0939474105834961,0.012392076358609838,0.0048115551471710205,0.02445576787717174
Q0PF82,2.4923763275146484,5.854546070098877,0.512095850729105,0.3900838196277618,0.6136641964754829,2.5671182,6.1133156,0.534765,0.41439545,0.58637154,IDP-ESM2-8M,67,288,0.07474184036254883,0.25876951217651367,0.022669154382589318,0.024311631917953547,0.027292655452228476
Q0PF92,2.434767484664917,5.5943284034729,0.5058866676225746,0.381855696439743,0.6137088618865718,2.5115538,5.8769684,0.51119787,0.4034596,0.62069243,IDP-ESM2-8M,67,288,0.07678627967834473,0.2826399803161621,0.005311197386733246,0.0216039121150971,0.0069835700401554845
Q0PFA4,2.534907817840576,6.176678657531738,0.5385214038099401,0.4185672700405121,0.5678006302613128,2.5449417,6.0010934,0.51897734,0.40623525,0.60913175,IDP-ESM2-8M,67,288,0.010033845901489258,0.17558526992797852,0.019544059773837774,0.012332022190093994,0.04133112318335885
Q0PFA9,2.56013560295105,6.051939487457275,0.5367344448694223,0.419544905424118,0.5769401983346977,2.4043176,5.6852617,0.5231877,0.40642118,0.5961671,IDP-ESM2-8M,67,288,0.15581798553466797,0.36667776107788086,0.013546747935676007,0.013123720884323065,0.019226889220233967
Q0QZD2,2.103668212890625,5.244091987609863,0.6206257338756918,0.4838516116142273,0.5011011581729037,1.9882438,4.9667172,0.613976,0.48161915,0.5027634,IDP-ESM2-8M,67,288,0.11542439460754395,0.2773747444152832,0.006649732136189801,0.002232462167739868,0.0016622323681729778
Q0QZH2,1.963032960891724,4.365105152130127,0.4517318498059576,0.3610191643238067,0.6873885986336025,2.0270824,4.5460835,0.46150923,0.3768557,0.70093405,IDP-ESM2-8M,67,288,0.06404948234558061,0.18097829818725586,0.00977737794672795,0.015836536884307917,0.013545453833743726
Q0WY62,1.58040452003479,3.7292847633361816,0.5819564842742678,0.4659711718559265,0.5192647666662901,1.6308856,3.9208913,0.56096417,0.44817525,0.54638964,IDP-ESM2-8M,67,288,0.05048108100891113,0.1916065216064453,0.020992317156195317,0.017795920372009277,0.027124872711303927
Q102Z0,1.4730108976364136,3.380956649780273,0.5012105997806835,0.4196140170097351,0.610515191637908,1.4834496,3.4540431,0.538697,0.43678656,0.5805335,IDP-ESM2-8M,67,288,0.010438680648803711,0.07308650016784712,0.03748640453755381,0.017172545194625854,0.029981687151824032
Q102Z1,1.598821759223938,4.022914409637451,0.6013478952502689,0.4759924411773681,0.5077669000616604,1.5422564,3.654273,0.55486244,0.44649202,0.5648503,IDP-ESM2-8M,67,288,0.05656540393829346,0.36864137649536133,0.04648545561785311,0.029500424861907903,0.05708337068647806
Q102Z2,1.5412405729293823,3.6399543285369873,0.5613827568997354,0.4497367143630981,0.5446174428578057,1.5063081,3.5948496,0.5578419,0.4512767,0.55201614,IDP-ESM2-8M,67,288,0.034932494163513184,0.0451047420501709,0.0035408598889321574,0.0015399754047394354,0.007398696172650876
Q102Z3,1.5034748315811155,3.599117517471313,0.5324773235279114,0.4259952306747436,0.5737826022325047,1.6336896,3.788307,0.5274299,0.42402813,0.59085536,IDP-ESM2-8M,67,288,0.13021481037139915,0.18918943405151412,0.005047444816211,0.0019671022891997736,0.017072757798623273
Q102Z5,1.5585781335830688,3.861755132675171,0.5636286123551473,0.4561011493206024,0.5463870549273523,1.7157125,4.160471,0.57148266,0.45838377,0.5372071,IDP-ESM2-8M,67,288,0.15713441371917725,0.29871582984924316,0.007854046031083195,0.0022826194763183594,0.009179928309920649
Q102Z6,1.5298689603805542,3.644047737121582,0.5477507991094968,0.4365560114383697,0.5612794414382537,1.624905,3.7310104,0.52071214,0.4230005,0.6072235,IDP-ESM2-8M,67,288,0.09503602981567383,0.08696269989013672,0.027038661887206716,0.013555496931075994,0.0459440693039338
Q102Z7,1.535591721534729,3.74449634552002,0.5562967050647788,0.4496173858642578,0.550511664147623,1.5136522,3.5702126,0.5434549,0.436196,0.5595432,IDP-ESM2-8M,67,288,0.021939516067504883,0.17428374290466353,0.01284181958199071,0.013421386480331421,0.009031528239004216
Q102Z8,1.558835744857788,3.808799982070923,0.5717904071269277,0.4492217898368835,0.5362969779054801,1.5692663,3.700867,0.5435542,0.43521327,0.567524,IDP-ESM2-8M,67,288,0.010430574417114258,0.10793304443359375,0.02823622030594386,0.01400852203369135,0.031227037997992757
Q102Z9,1.4924843311309814,3.616840124130249,0.5403118596497302,0.4373193681240082,0.5570049346532655,1.4701222,3.4331462,0.5362212,0.43285272,0.5711048,IDP-ESM2-8M,67,288,0.022362112998962402,0.18369388580322266,0.00409065346152826,0.004466652870178223,0.014099889889733763
Q103A0,1.4968913793563845,3.674694776535034,0.5526186356777812,0.4267133474349975,0.5417310798591792,1.4877068,3.4749966,0.5357803,0.43020552,0.5780931,IDP-ESM2-8M,67,288,0.009184598922729714,0.19969820976257324,0.016838325046982905,0.003492176532745417,0.036362031655865934
Q103A1,1.5555710792541504,3.8246893882751465,0.5818607402755133,0.4596933424472809,0.5208407095861158,1.6383668,3.9190278,0.55753505,0.44682637,0.55001885,IDP-ESM2-8M,67,288,0.08279573917388916,0.09433841705322266,0.024325687976013755,0.012866973876953125,0.029178137402562143
Q103A2,1.5185608863830566,3.713590145111084,0.5694461568483749,0.444038838148117,0.5249810172468844,1.5092518,3.597238,0.547238,0.43754953,0.5597315,IDP-ESM2-8M,67,288,0.009309053421020508,0.11635208129882812,0.022208164561692723,0.00648930668830866,0.03475046621258826
Q103A3,1.4550824165344238,3.4454331398010254,0.5370391126009421,0.4212683737277984,0.5690873696099884,1.4255832,3.3333652,0.5420107,0.43621257,0.5770071,IDP-ESM2-8M,67,288,0.029499173164367676,0.11206793785095215,0.0049716119435830874,0.014944195747375544,0.007919745277249146
Q103A4,1.4673254489898682,3.594776630401612,0.5639279684643427,0.4471259415149688,0.533891334554564,1.3952713,3.3584344,0.5579172,0.4449202,0.54555905,IDP-ESM2-8M,67,288,0.07205414772033691,0.23634219169616788,0.006010790787188136,0.00220572948455805,0.01166771409808498
Q103A5,1.484471321105957,3.5939016342163086,0.5640742311024866,0.4410243928432464,0.5404052125464568,1.4943444,3.5431747,0.5405429,0.432997,0.5731289,IDP-ESM2-8M,67,288,0.009873032569885254,0.050726890563964844,0.02353133054020018,0.008027404546737615,0.03272366652382519
Q103A6,1.3989858627319336,3.259998083114624,0.5432211736110955,0.4445037841796875,0.5472376725856521,1.4471121,3.459499,0.5616267,0.4516247,0.5391179,IDP-ESM2-8M,67,288,0.048126220703125,0.19950079917907715,0.018405499133655523,0.007120907306671143,0.008119799870655808
Q103A7,1.454308271408081,3.616644859313965,0.5542699111718136,0.4295027256011963,0.5427738697120204,1.3893039,3.381375,0.5647184,0.44797716,0.5340456,IDP-ESM2-8M,67,288,0.06500434875488281,0.23526978492736816,0.010448514102081696,0.018474429845809937,0.00872829266276498
Q103A8,1.4431759119033811,3.403409481048584,0.5231156632900862,0.4235058724880218,0.5843671110329892,1.3941903,3.2474806,0.53415275,0.42999306,0.58344764,IDP-ESM2-8M,67,288,0.04898560047149636,0.1559288501739502,0.011037082910475338,0.006487190723419245,0.0009194758591916097
Q103A9,1.4485522508621216,3.454587936401367,0.5391760660088117,0.4387040436267853,0.5728242766379174,1.4700972,3.4261725,0.5356412,0.43188572,0.58591926,IDP-ESM2-8M,67,288,0.021544933319091797,0.028415441513061523,0.0035348726189191604,0.006818324327468872,0.01309498434078138
Q107X9,2.7953600883483887,6.672722339630127,0.513658530629949,0.3956679403781891,0.6053174094712455,3.00658,6.8675885,0.4821902,0.3942356,0.6947574,IDP-ESM2-8M,67,288,0.21122002601623535,0.19486618041992188,0.03146833888419098,0.0014323294162750244,0.08943999247196133
Q14UX9,1.8550944328308103,4.549188613891602,0.596516355403264,0.4770860970020294,0.514448549552615,1.6635135,3.8799946,0.5305173,0.4296411,0.60144067,IDP-ESM2-8M,67,288,0.19158089160919167,0.6691939830780029,0.06599907530148785,0.04744499921798706,0.08699211855346412
Q14UY3,1.806279301643372,4.348877906799316,0.5701912275264702,0.4384148120880127,0.5342432995038511,1.6819174,3.9098516,0.53360885,0.4341268,0.5968961,IDP-ESM2-8M,67,288,0.12436187267303511,0.4390263557434082,0.03658237370948414,0.004288017749786377,0.06265281246132837
Q152W2,1.3127521276474,2.6607329845428467,0.3212155854639897,0.3128917217254638,0.8633117295026935,1.5185962,3.5419898,0.5104495,0.4131077,0.599681,IDP-ESM2-8M,67,288,0.20584404468536377,0.8812568187713623,0.18923394323016313,0.1002159714698792,0.2636307097196735
Q159G2,1.8590102195739744,4.515741348266602,0.5400460050759894,0.4141211807727813,0.5397402158484819,1.811426,4.347213,0.549823,0.42556265,0.52237666,IDP-ESM2-8M,67,288,0.047584176063537376,0.16852855682373047,0.009776981049956612,0.011441469192504938,0.017363559316194266
Q159G5,2.2884421348571777,5.416825771331787,0.5248404847106284,0.3984697461128235,0.5722742491049684,2.2909,5.4915094,0.55388945,0.4258942,0.5204007,IDP-ESM2-8M,67,288,0.002457857131958008,0.07468366622924805,0.02904896870047391,0.02742445468902588,0.05187354615162976
Q159M3,1.5697402954101562,3.6952507495880127,0.5071048291047877,0.4123480916023254,0.5860706094774961,1.5925268,3.7929618,0.5377297,0.42123225,0.54006016,IDP-ESM2-8M,67,288,0.022786498069763184,0.09771108627319336,0.030624851433389777,0.008884161710739191,0.04601044693324563
Q19B12,2.174475908279419,5.36075496673584,0.5596617477448478,0.4352878630161285,0.5584489212618919,2.0576615,4.8475547,0.53588384,0.4321821,0.6040828,IDP-ESM2-8M,67,288,0.11681437492370605,0.5132002830505371,0.02377790384607459,0.0031057596206664484,0.04563390153779068
Q19B37,1.783724665641785,4.554894924163818,0.622895319349886,0.493202805519104,0.496832902962472,1.677946,4.058107,0.58340067,0.47610092,0.54958266,IDP-ESM2-8M,67,288,0.10577869415283225,0.49678802490234375,0.03949465263617136,0.01710188388824463,0.05274975723573966
Q19CE6,1.8568707704544067,4.406358242034912,0.5895819049346794,0.4968056082725525,0.5409973538478305,1.8570976,4.460286,0.56952846,0.4609426,0.56700075,IDP-ESM2-8M,67,288,0.00022685527801513672,0.05392789840698242,0.020053444432054923,0.035863012075424194,0.026003392879159204
Q19CW0,1.6237778663635254,4.0471601486206055,0.5705349963512536,0.4715500175952911,0.5597371628318766,1.5915091,3.7904227,0.5531478,0.451994,0.5806916,IDP-ESM2-8M,67,288,0.03226876258850098,0.25673747062683105,0.01738720353509149,0.01955601572990412,0.020954413172151742
Q19D16,1.5297147035598757,3.83386754989624,0.5920473515099955,0.4663025736808777,0.5177268994780705,1.5454882,3.8330688,0.5934926,0.47175267,0.515767,IDP-ESM2-8M,67,288,0.01577353477478005,0.0007987022399897903,0.001445275633864318,0.00545009970664978,0.00195992121421551
Q19NX3,2.350924491882324,5.377386569976807,0.4658867003408443,0.4005587100982666,0.6595310065565126,2.0652742,4.5687723,0.44055775,0.3612927,0.7264753,IDP-ESM2-8M,67,288,0.28565025329589844,0.8086142539978027,0.025328952261544357,0.03926602005958557,0.06694429184818096
Q19UQ1,2.2529304027557373,5.60733699798584,0.622439355444313,0.4902578592300415,0.5077926651311658,2.258367,5.698396,0.6284004,0.49897134,0.52936053,IDP-ESM2-8M,67,288,0.00543665885925293,0.09105920791625977,0.0059610299354783125,0.008713483810424805,0.021567867629454285
Q19XC2,2.024806261062622,4.956587791442871,0.5890798409246335,0.4696464538574219,0.5372307986441434,1.8415124,4.591835,0.6024943,0.47436965,0.51979744,IDP-ESM2-8M,67,288,0.18329381942749023,0.36475276947021484,0.01341445848714018,0.004723191261291504,0.017433354300576465
Q19XF8,1.7709650993347168,4.20074987411499,0.545382282230877,0.4349663853645324,0.5963104985392907,1.8423836,4.5010204,0.5907329,0.46957812,0.5159443,IDP-ESM2-8M,67,288,0.07141852378845215,0.30027055740356445,0.045350590255237466,0.034611731767654474,0.08036619645722898
Q19XJ8,1.4069230556488037,3.3147966861724854,0.5250041181076148,0.4338554143905639,0.5770094930070119,1.4700856,3.4458778,0.5158613,0.4156521,0.60090107,IDP-ESM2-8M,67,288,0.06316256523132324,0.13108110427856445,0.009142845295725177,0.018203318119049017,0.023891574249915615
Q19XN7,1.648744821548462,3.904077053070069,0.5820075744954974,0.4826914072036743,0.532008023046974,1.6601455,3.88267,0.5406355,0.44675088,0.60351366,IDP-ESM2-8M,67,288,0.011400699615478516,0.021407127380371538,0.041372048315230114,0.03594052791595459,0.07150563499974838
Q19XV8,2.282271385192871,5.539414882659912,0.5805210851853553,0.4580847918987274,0.5551135632039726,2.3042502,5.4984617,0.55232733,0.43169203,0.5898247,IDP-ESM2-8M,67,288,0.02197885513305664,0.04095315933227539,0.02819375030452642,0.026392757892608643,0.034711113309699226
Q19XW1,2.4468979835510254,6.427166938781738,0.6514922662367775,0.5061692595481873,0.4907104670199425,2.7332242,6.6837926,0.6162853,0.4975227,0.57369554,IDP-ESM2-8M,67,288,0.28632616996765137,0.2566256523132324,0.035206942140097786,0.008646547794342041,0.08298507340821915
Q19YI2,1.4274100065231323,3.484848022460937,0.5742867083100056,0.4409659206867218,0.5155696470601085,1.5811032,3.8488767,0.5739472,0.4564349,0.5268469,IDP-ESM2-8M,67,288,0.15369319915771484,0.36402869224548384,0.00033951707160229105,0.015468984842300415,0.011277238621043795
Q19YS5,2.6063342094421387,6.632832050323486,0.6341925605283152,0.4918831586837768,0.5059683680108435,2.5740266,6.2012377,0.5897947,0.47660848,0.59482116,IDP-ESM2-8M,67,288,0.03230762481689453,0.4315943717956543,0.04439786515096533,0.015274673700332586,0.088852787060415
Q19YU1,1.8697906732559204,4.23537015914917,0.5121694662510625,0.4093168675899505,0.6039951206160996,1.8071902,4.356066,0.55771273,0.43866652,0.54596645,IDP-ESM2-8M,67,288,0.06260049343109131,0.1206960678100586,0.04554326749451243,0.029349654912948664,0.05802867421641089
Q19Z22,3.704726934432984,9.222057342529297,0.6187176914384495,0.4805075824260711,0.4988626919955566,3.6100168,8.7437525,0.59315306,0.45727256,0.53945553,IDP-ESM2-8M,67,288,0.09471011161804244,0.4783048629760742,0.025564631955874995,0.023235023021697943,0.04059284103209232
Q19ZG3,2.0464768409729004,4.808404922485352,0.5115072206597825,0.4124198257923126,0.6359024386639471,2.1278896,4.996117,0.52459157,0.4213848,0.60943586,IDP-ESM2-8M,67,288,0.08141279220581055,0.1877121925354004,0.013084344472358622,0.008964985609054565,0.02646658232163146
Q1A0D0,1.9708465337753296,4.651866436004639,0.5728552619225741,0.4545767307281494,0.5645373083332843,1.9464308,4.743499,0.5936201,0.4723509,0.49781287,IDP-ESM2-8M,67,288,0.02441573143005371,0.09163236618041992,0.020764859556460347,0.01777416467666626,0.06672444116867249
Q1A4M9,2.430206775665283,5.927097797393799,0.6128670590580308,0.4915747046470642,0.5327275154138393,2.5700293,6.3896694,0.6341926,0.49888414,0.4875321,IDP-ESM2-8M,67,288,0.13982248306274414,0.4625716209411621,0.021325526887098545,0.007309436798095703,0.045195406391698834
Q1A4P9,2.448103666305542,4.9207844734191895,0.3402326524143987,0.2972409427165985,0.9621841871345466,3.3782685,7.6496487,0.4768392,0.38403854,0.7206663,IDP-ESM2-8M,67,288,0.9301648139953613,2.7288641929626465,0.13660656214897104,0.08679759502410889,0.24151789780501776
Q1EGY8,3.269702672958374,7.510533332824707,0.5957330431938855,0.4930092096328735,0.5327828307912792,3.1243227,7.5154195,0.5866812,0.45955786,0.51210004,IDP-ESM2-8M,67,288,0.14538002014160156,0.004886150360107422,0.009051856041022988,0.03345134854316706,0.02068278987865102
Q1EGZ1,3.50265908241272,8.368003845214844,0.6081270838752398,0.4656322598457336,0.5312321827421518,3.3185759,8.017681,0.5892663,0.45923492,0.51381195,IDP-ESM2-8M,67,288,0.18408322334289595,0.3503227233886719,0.018860783673823822,0.006397336721420233,0.017420236826929614
Q1EGZ2,3.5677261352539062,8.523309707641602,0.6048565308640351,0.4830313920974731,0.5148758600549987,3.3048568,7.9248023,0.5684421,0.4435865,0.5467576,IDP-ESM2-8M,67,288,0.26286935806274414,0.5985074043273926,0.03641442461708688,0.03944489359855646,0.031881718794793734
Q1EH05,4.234612941741943,9.963418006896973,0.6059907247576853,0.4933987557888031,0.5486524154209474,3.9608467,9.489776,0.58720946,0.45911416,0.5362681,IDP-ESM2-8M,67,288,0.27376627922058105,0.47364234924316406,0.018781261638178504,0.03428459167480469,0.012384300377307311
Q1EH28,3.3284735679626465,7.830849647521973,0.5885507688685447,0.4701600670814514,0.5423447409307421,3.1522717,7.588898,0.58831656,0.45964265,0.50747335,IDP-ESM2-8M,67,288,0.17620182037353516,0.24195146560668945,0.00023420907697979665,0.010517418384552002,0.034871391359514115
Q1EH30,3.3954668045043945,8.240618705749512,0.6102478161335968,0.4851304590702057,0.5094329624232588,3.2453976,7.8130636,0.58468044,0.45845103,0.51978177,IDP-ESM2-8M,67,288,0.1500692367553711,0.4275550842285156,0.025567378091909787,0.026679426431655884,0.010348805898732216
Q1EH36,3.4533562660217285,8.314990997314453,0.6040108208820667,0.4822995066642761,0.5306661701585954,3.259564,7.85159,0.5845385,0.457818,0.5283005,IDP-ESM2-8M,67,288,0.19379234313964844,0.46340084075927734,0.019472301499589895,0.024481505155563354,0.002365646400660837
Q1EH45,4.13419246673584,9.882376670837402,0.6163101294386457,0.4990561604499817,0.5396498574426172,3.9235094,9.45089,0.59882885,0.46756038,0.5235906,IDP-ESM2-8M,67,288,0.21068310737609863,0.4314870834350586,0.017481277261979455,0.03149577975273132,0.016059233110189197
Q1EH47,4.671565532684326,11.001267433166504,0.6058454311883538,0.4773964583873749,0.5769506835871481,4.1718388,10.047253,0.5991314,0.4637819,0.5208344,IDP-ESM2-8M,67,288,0.4997267723083496,0.954014778137207,0.006714025834807624,0.013614565134048462,0.05611629723842371
Q1EH77,3.77059817314148,9.097317695617676,0.6088635879899524,0.4730525910854339,0.5334824139089728,3.6032166,8.69214,0.5920249,0.45828032,0.5140063,IDP-ESM2-8M,67,288,0.1673815250396733,0.4051780700683594,0.016838665619041793,0.014772266149520819,0.019476097247138058
Q1KWA0,2.258706569671631,5.242715835571289,0.5067283944385722,0.3933621346950531,0.6283106680339253,2.3683763,5.5470433,0.52516085,0.4152664,0.59915596,IDP-ESM2-8M,67,288,0.10966968536376953,0.30432748794555664,0.018432454655818664,0.02190425992012024,0.02915470556673172
Q1MWN9,3.750386953353882,8.848065376281738,0.546023476297852,0.4309362471103668,0.6016073083960024,3.4491262,8.174255,0.5468523,0.42730287,0.5989231,IDP-ESM2-8M,67,288,0.30126070976257324,0.6738100051879883,0.0008288143324886033,0.0036333799362182617,0.0026842212759462525
Q1WIU5,2.4744577407836914,5.710200786590576,0.5223457723500026,0.392260193824768,0.6123711198928344,2.3177764,5.478131,0.5278925,0.41631725,0.61026025,IDP-ESM2-8M,67,288,0.15668129920959473,0.2320699691772461,0.005546698009799678,0.024057060480117853,0.0021108717086303352
Q1WIU7,2.461853742599488,5.614769458770752,0.5060742455181342,0.3977030217647552,0.6391122762014366,2.2534766,5.281464,0.51328206,0.40586016,0.6313477,IDP-ESM2-8M,67,288,0.2083771228790292,0.33330535888671875,0.007207815105034765,0.008157134056091364,0.007764560346791849
Q1XDV1,1.409248948097229,3.32990837097168,0.5396944941969353,0.4342066645622253,0.5562635974643587,1.4425312,3.5168555,0.56214964,0.44377068,0.52756494,IDP-ESM2-8M,67,288,0.03328227996826172,0.18694710731506303,0.022455149701074983,0.009564012289047297,0.028698654627597242
Q1ZYP5,1.912101149559021,4.178842067718506,0.5149410703041681,0.4223724603652954,0.6129032237147127,1.8826716,4.5513153,0.55568725,0.440783,0.5735449,IDP-ESM2-8M,67,288,0.02942955493927002,0.37247323989868164,0.04074617840264949,0.018410533666610718,0.03935830422389852
Q20BU0,1.637736201286316,3.921330451965332,0.542580077515955,0.4268155694007873,0.5457289761498756,1.5727874,3.7836752,0.5580177,0.44144952,0.52740055,IDP-ESM2-8M,67,288,0.06494879722595215,0.13765525817871094,0.0154375935922908,0.014633953571319636,0.01832842292340464
Q20BW6,1.8955235481262207,4.497079372406006,0.5322893854172742,0.4068708121776581,0.5637930256561585,1.798622,4.2489986,0.53978956,0.4261517,0.5615393,IDP-ESM2-8M,67,288,0.096901535987854,0.24808073043823242,0.007500172039695996,0.01928088068962097,0.0022537333206482657
Q20HY6,3.5831427574157715,8.218886375427246,0.5358496820365779,0.4306556582450866,0.5925763686741647,3.1678543,7.3607063,0.518345,0.41259494,0.63009924,IDP-ESM2-8M,67,288,0.41528844833374023,0.858180046081543,0.017504683676897725,0.018060714006423895,0.0375228682910147
Q27Q61,1.9488945007324217,4.336399078369141,0.524668818618562,0.4250971972942352,0.5998260469823943,1.9131036,4.561371,0.53713316,0.42846727,0.59464437,IDP-ESM2-8M,67,288,0.03579092025756814,0.22497177124023438,0.01246433863470342,0.003370076417923029,0.005181679287539542
Q27Q66,1.786293625831604,3.558411836624145,0.4181344565721599,0.359013944864273,0.7605897923593936,1.8492945,4.271511,0.49762195,0.4041342,0.64609283,IDP-ESM2-8M,67,288,0.06300091743469238,0.7130992412567143,0.07948749691523632,0.04512026906013494,0.11449696027092315
Q27Q71,1.9098670482635496,4.4336676597595215,0.536167599966196,0.421117752790451,0.5731870276991052,1.9007448,4.564043,0.5449005,0.4321357,0.580294,IDP-ESM2-8M,67,288,0.009122252464294212,0.13037538528442383,0.008732876966329628,0.0110179483890534,0.007106985324271231
Q27Q76,1.8700246810913088,4.203438758850098,0.5103343305651784,0.4156344532966614,0.6074521250012261,1.8803802,4.4688478,0.5353035,0.427251,0.59317786,IDP-ESM2-8M,67,288,0.010355472564697044,0.265408992767334,0.024969142907416808,0.011616557836532593,0.014274269986425114
Q27Q84,1.5754390954971311,3.8431708812713614,0.5960256217577756,0.4767558574676513,0.5069113618354358,1.827926,4.385928,0.55216193,0.43508017,0.54924303,IDP-ESM2-8M,67,288,0.2524869441986086,0.5427572727203378,0.04386368976619848,0.04167568683624262,0.04233167109684566
Q287B2,2.225441694259644,5.139829158782959,0.5171510126868253,0.3892217576503753,0.6030128626506004,2.3419588,5.492765,0.51625526,0.40743786,0.61177075,IDP-ESM2-8M,67,288,0.11651706695556596,0.352935791015625,0.0008957531729703039,0.01821610331535345,0.008757886441501661
Q287K0,3.2203431129455566,7.919768810272217,0.6429388263829153,0.5053645968437195,0.5158548088183018,3.11514,7.6614923,0.6353003,0.4994795,0.48033416,IDP-ESM2-8M,67,288,0.10520315170288086,0.25827646255493164,0.0076385477192800755,0.005885094404220581,0.035520646106204645
Q2EQ07,1.7808902263641355,4.044212818145752,0.4789825137349897,0.384047120809555,0.6490161379334386,1.8662153,4.221277,0.47839487,0.39013797,0.6490103,IDP-ESM2-8M,67,288,0.08532512187957786,0.1770644187927246,0.0005876477453046203,0.006090849637985285,5.8372971470932455e-06
Q2EQJ4,2.3524625301361084,5.401498794555664,0.5263421706688715,0.4108052849769592,0.6176991700891782,2.2390263,5.3062177,0.54634035,0.4322919,0.58026594,IDP-ESM2-8M,67,288,0.11343622207641602,0.09528112411499023,0.01999817566749329,0.021486610174179133,0.03743323085349093
Q2EX97,2.6392662525177,6.1150312423706055,0.4954402945773263,0.3848932981491089,0.6407316348976367,2.6118708,6.133242,0.525025,0.4120668,0.59159917,IDP-ESM2-8M,67,288,0.02739548683166504,0.018210887908935547,0.029584715531621453,0.027173489332199097,0.04913246850435671
Q2EXS5,3.3145813941955566,7.727758884429932,0.4948548850704085,0.3844427168369293,0.6305249826652419,3.4081829,7.8963337,0.50149757,0.3948626,0.62520844,IDP-ESM2-8M,67,288,0.09360146522521973,0.16857481002807617,0.0066426816295732105,0.010419875383377075,0.005316545222462388
Q2I7C2,2.746981143951416,6.261129379272461,0.5085597255738822,0.4094493389129638,0.6187961021894512,2.802169,6.545204,0.50580025,0.3928968,0.6296508,IDP-ESM2-8M,67,288,0.05518794059753418,0.2840747833251953,0.0027594783814993695,0.016552537679672186,0.010854669428438157
Q2I7C9,2.688016891479492,5.958626747131348,0.504839178736679,0.399328202009201,0.6144999121093963,2.786457,6.488874,0.49678305,0.38643098,0.64422446,IDP-ESM2-8M,67,288,0.09844017028808594,0.5302472114562988,0.008056130822174046,0.01289722323417658,0.029724552783944813
Q2I7D5,2.7428369522094727,6.296637535095215,0.5010638102947451,0.3970898389816284,0.634897331344733,2.7642138,6.4990673,0.51168036,0.39443916,0.61458886,IDP-ESM2-8M,67,288,0.021376848220825195,0.20242977142333984,0.010616554314019533,0.0026506781578063965,0.02030847464765051
Q2I7D8,2.672043800354004,6.2596435546875,0.5112706546449549,0.3807609975337982,0.5972506654759723,2.8465981,6.6158447,0.49445787,0.38600612,0.6496079,IDP-ESM2-8M,67,288,0.17455434799194336,0.356201171875,0.016812783923137897,0.005245119333267212,0.052357231328837295
Q2I7D9,2.81980037689209,6.628439426422119,0.523256372922704,0.4031747877597809,0.6019968881146539,2.951542,6.879269,0.50424695,0.39456105,0.63863367,IDP-ESM2-8M,67,288,0.13174152374267578,0.25082969665527344,0.01900942277316786,0.008613735437393188,0.03663678030804507
Q2KRX9,3.102689504623413,7.12511157989502,0.5215005676668835,0.4061723351478576,0.6292242230484533,2.9747891,7.073489,0.5414811,0.42556444,0.59659773,IDP-ESM2-8M,67,288,0.1279003620147705,0.0516223907470712,0.019980510004167562,0.019392102956771906,0.03262649193501943
Q2LGY8,3.813399076461792,8.958428382873535,0.5289240442867237,0.4064596891403198,0.6110280326293518,4.370185,10.328625,0.5392118,0.41616023,0.602491,IDP-ESM2-8M,67,288,0.5567858219146729,1.3701963424682617,0.010287765348438671,0.009700536727905273,0.008537011473040756
Q2NNY0,2.6372270584106445,6.727314472198486,0.6546518531191616,0.5150597095489502,0.500631439114119,2.811818,6.9768257,0.6520069,0.5159956,0.4892045,IDP-ESM2-8M,67,288,0.1745908260345459,0.2495112419128418,0.0026449289667873632,0.0009359121322631836,0.01142694296887059
Q2PDL2,2.610140800476074,6.061927318572998,0.4940742239952737,0.3806199729442596,0.6404239016908473,2.7106771,6.308724,0.50916874,0.40239465,0.6231498,IDP-ESM2-8M,67,288,0.10053634643554688,0.2467966079711914,0.015094520091945562,0.021774679422378596,0.017274089469320186
Q2PZ57,2.602747917175293,6.371131420135498,0.525088277743368,0.3845486938953399,0.6050468552978941,2.4867263,5.8549795,0.5151694,0.40472114,0.6289608,IDP-ESM2-8M,67,288,0.11602163314819336,0.5161519050598145,0.009918895648031056,0.02017244696617132,0.023913932952075334
Q2PZ59,2.566412687301636,6.280449390411377,0.5269993917281636,0.395580530166626,0.5924448741630027,2.4146595,5.676219,0.5155031,0.40737072,0.6300094,IDP-ESM2-8M,67,288,0.15175318717956587,0.6042304039001465,0.011496283226729243,0.011790186166763306,0.0375645386025002
Q2PZ62,2.5676074028015137,6.272503852844238,0.4958745146116733,0.3931781649589538,0.6608548838432221,2.4058638,5.6207743,0.5087196,0.40274468,0.64182633,IDP-ESM2-8M,67,288,0.1617436408996582,0.6517295837402344,0.012845108477163358,0.009566515684127863,0.01902855222777411
Q2PZ64,2.613377571105957,6.156655311584473,0.5097643176527771,0.3901005685329437,0.637648743004322,2.4538014,5.762226,0.5205126,0.41000378,0.627882,IDP-ESM2-8M,67,288,0.1595761775970459,0.39442920684814453,0.010748263218804954,0.019903212785720825,0.009766739220142262
Q2PZ75,2.603245258331299,6.205315113067627,0.505731194010359,0.3983542621135711,0.6430038442113782,2.5753312,6.021247,0.5099184,0.40349457,0.6462145,IDP-ESM2-8M,67,288,0.027914047241210938,0.1840682029724121,0.004187197694200284,0.005140304565429743,0.003210640957078792
Q2TVL9,2.462374687194824,5.839017391204834,0.5631827820265407,0.4467204213142395,0.5766178434687731,2.4365206,5.6822844,0.5390549,0.44225588,0.63008475,IDP-ESM2-8M,67,288,0.025854110717773438,0.15673303604125977,0.024127911421071957,0.004464536905288696,0.05346690956772593
Q2VAE1,2.068581342697144,4.690002918243408,0.5050018534008833,0.4090932607650757,0.6317549946001173,2.0121114,4.731865,0.5271908,0.41725606,0.59789026,IDP-ESM2-8M,67,288,0.056469917297363725,0.04186201095581055,0.02218895108062302,0.00816279649734497,0.03386473676472912
Q2VF21,1.5578548908233645,3.7622649669647217,0.5487745094121965,0.4395169913768768,0.5595018539802327,1.597656,3.8299048,0.5598972,0.44798335,0.55989426,IDP-ESM2-8M,67,288,0.03980112075805642,0.06763982772827148,0.011122674959751722,0.00846636295318609,0.0003924097641215818
Q2WC16,1.6373815536499023,3.870041847229004,0.5596189654479348,0.4568494856357574,0.5619047281837537,1.3850043,3.249639,0.5636672,0.45958593,0.5761,IDP-ESM2-8M,67,288,0.2523772716522217,0.6204028129577637,0.004048212706056931,0.002736449241638239,0.01419526361464718
Q2WC23,1.83502209186554,4.356512546539307,0.559259677952991,0.4463208019733429,0.5673352287929859,1.8306234,4.4195447,0.5689001,0.45632544,0.5539011,IDP-ESM2-8M,67,288,0.004398703575134721,0.06303215026855469,0.009640430384411314,0.010004639625549316,0.013434152476152428
Q2XT86,1.876306414604187,4.4740495681762695,0.5398353961515485,0.4355809092521667,0.5761356655776297,1.8422358,4.3909965,0.54605514,0.43227997,0.56278056,IDP-ESM2-8M,67,288,0.034070611000061035,0.0830531120300293,0.006219741959565983,0.003300935029983465,0.013355106514671977
Q2Z0R7,2.2827625274658203,5.412987232208252,0.5219051205053967,0.4042738080024719,0.6169741292873144,2.3090928,5.409155,0.5286735,0.41945535,0.59892654,IDP-ESM2-8M,67,288,0.026330232620239258,0.0038323402404785156,0.00676840911954224,0.015181541442871094,0.018047585097861307
Q30BN4,5.004826545715332,12.27113437652588,0.5421066717148084,0.4030427038669586,0.5883899214741765,4.8606977,11.557869,0.54512787,0.41765618,0.60446435,IDP-ESM2-8M,67,288,0.14412879943847656,0.7132654190063494,0.003021196937535331,0.014613479375839233,0.016074430656713434
Q33CR5,2.752192974090576,6.413617134094238,0.5180745131137446,0.3981913626194,0.597870249080704,2.8789759,6.6930246,0.49687648,0.38836783,0.6456955,IDP-ESM2-8M,67,288,0.12678289413452148,0.2794075012207031,0.02119803491855421,0.009823530912399292,0.04782525844569374
Q33CS0,2.6776044368743896,6.062744140625,0.4819491707030263,0.3738977909088135,0.6667693637974167,2.8250322,6.5707946,0.4967209,0.38611263,0.6420793,IDP-ESM2-8M,67,288,0.14742779731750488,0.5080504417419434,0.014771739369300374,0.012214839458465576,0.024690070069541936
Q33CS7,2.6585373878479004,6.152198314666748,0.4946981042297451,0.3637852370738983,0.6315382511812038,2.843066,6.6099453,0.5013187,0.39382887,0.6393445,IDP-ESM2-8M,67,288,0.18452858924865723,0.4577469825744629,0.0066205889312656585,0.03004363179206848,0.007806262235086514
Q33CU7,2.4282548427581787,5.736710071563721,0.5329556438942449,0.4257219731807709,0.558232001246288,2.385448,5.5873036,0.51386195,0.39671966,0.6024686,IDP-ESM2-8M,67,288,0.04280686378479004,0.14940643310546875,0.01909368968205616,0.02900230884552002,0.044236608563587465
Q33CV3,2.425745964050293,5.533102035522461,0.5128891964344271,0.4071964919567108,0.5991464469809635,2.3808448,5.58268,0.5134779,0.39678624,0.60682446,IDP-ESM2-8M,67,288,0.044901132583618164,0.049578189849853516,0.0005887250514737818,0.01041024923324585,0.007678010664452728
Q33CV7,2.4103291034698486,5.58303165435791,0.5123706180771781,0.4000214338302612,0.596733624058706,2.4547887,5.739379,0.51226676,0.39665896,0.6056949,IDP-ESM2-8M,67,288,0.04445958137512207,0.15634727478027344,0.00010386297311315573,0.003362476825714056,0.00896126596357183
Q33CW2,2.400585174560547,5.541810512542725,0.4966924869051952,0.369513601064682,0.6290217598961708,2.4618368,5.784665,0.51909894,0.40434057,0.6043154,IDP-ESM2-8M,67,288,0.06125164031982422,0.24285459518432617,0.022406450606248907,0.034826964139938354,0.024706359772574626
Q33CX7,2.68989634513855,6.253209114074707,0.504655927005747,0.3844709694385528,0.6146516307219304,2.7133152,6.3529825,0.50639516,0.39037347,0.6201196,IDP-ESM2-8M,67,288,0.023418903350830078,0.09977340698242188,0.0017392341461389682,0.005902498960495051,0.005467940963860607
Q33CX8,2.441046714782715,5.825901031494141,0.5277231042530149,0.4195312857627868,0.5716910376188393,2.3764715,5.590077,0.51858324,0.40037248,0.59592766,IDP-ESM2-8M,67,288,0.0645751953125,0.2358241081237793,0.009139866128167529,0.019158810377120916,0.02423661807802957
Q33CZ4,2.440253257751465,5.564280986785889,0.5249676615612857,0.4279626607894897,0.5766000595953549,2.401137,5.605962,0.50565994,0.3915955,0.61903715,IDP-ESM2-8M,67,288,0.03911614418029785,0.04168081283569336,0.01930772370270417,0.03636714816093439,0.04243709174131505
Q33D00,2.4498183727264404,5.934471607208252,0.5341836575565971,0.4170078933238983,0.5607243672465587,2.4560187,5.7338963,0.508859,0.39425942,0.613099,IDP-ESM2-8M,67,288,0.006200313568115234,0.2005753517150879,0.025324678808275602,0.022748470306396484,0.052374611749718136
Q33D03,2.686230182647705,6.1892499923706055,0.5050537474280923,0.3807781338691711,0.6133424525892666,2.8175108,6.539977,0.4946063,0.38514665,0.6478124,IDP-ESM2-8M,67,288,0.13128066062927246,0.3507270812988281,0.010447461140784542,0.0043685138225555975,0.034469973500973916
Q33D07,2.398792028427124,5.6619720458984375,0.503035810189632,0.3690359592437744,0.614847991641977,2.4423013,5.71351,0.50993234,0.39501333,0.6118879,IDP-ESM2-8M,67,288,0.04350924491882324,0.05153799057006836,0.006896529001804819,0.025977373123168945,0.0029601194228913164
Q33D14,2.686630249023437,6.244077682495117,0.5055302943048267,0.3882879018783569,0.6127961314052555,2.7529526,6.455493,0.50880325,0.39410225,0.62123483,IDP-ESM2-8M,67,288,0.0663223266601567,0.21141529083251953,0.003272954100629888,0.005814343690872248,0.008438702788927888
Q33D20,2.4920787811279297,5.564093112945557,0.5263665073787115,0.4123718738555908,0.5882168928614527,2.5505786,5.998949,0.51894754,0.40490013,0.61004275,IDP-ESM2-8M,67,288,0.058499813079833984,0.43485593795776367,0.0074189656649968905,0.007471740245819092,0.021825857973965967
Q38506,1.670180320739746,4.016662120819092,0.5718444390901122,0.4647640883922577,0.5365021991404432,1.5829747,3.9072394,0.57853866,0.45128736,0.5081752,IDP-ESM2-8M,67,288,0.08720564842224121,0.10942268371582031,0.006694217144629033,0.013476729393005371,0.028327004876984918
Q38583,2.290595293045044,5.481020450592041,0.5621000699291221,0.4377716183662414,0.5854216647853099,2.386797,5.9056144,0.59792304,0.46462637,0.53421634,IDP-ESM2-8M,67,288,0.09620165824890137,0.4245939254760742,0.035822970460892556,0.02685475349426275,0.051205320428773016
Q38HE4,2.2387807369232178,5.6030802726745605,0.530683921279707,0.3952499330043793,0.6194509006618664,2.4439096,5.7771378,0.5596519,0.4542698,0.5939545,IDP-ESM2-8M,67,288,0.20512890815734863,0.1740574836730957,0.028967989978990527,0.05901986360549927,0.025496397125642
Q38I94,2.8328113555908203,6.922235012054443,0.5529823233474441,0.4374924898147583,0.5732570701668904,2.9312022,6.9355993,0.5394125,0.4179842,0.5914129,IDP-ESM2-8M,67,288,0.09839081764221191,0.013364315032958984,0.013569824873323033,0.019508302211761475,0.018155831711466508
Q38I97,2.700681209564209,6.467575550079346,0.5213905259362436,0.4080647528171539,0.6130687504213007,2.742658,6.517726,0.5420088,0.41818395,0.5769465,IDP-ESM2-8M,67,288,0.0419766902923584,0.050150394439697266,0.020618291259648758,0.010119199752807673,0.036122253457799736
Q38IM8,2.645637273788452,6.399906158447266,0.5532677082193356,0.4305258989334106,0.5958876450143863,2.5082388,5.8798833,0.54921424,0.44289064,0.60238385,IDP-ESM2-8M,67,288,0.13739848136901855,0.5200228691101074,0.004053464330480594,0.012364745140075739,0.0064962069906185915
Q38IP7,2.658860206604004,6.598787784576416,0.5634038201637023,0.4266111850738525,0.5789566569591196,2.5391412,6.0067787,0.55769783,0.44556507,0.58039916,IDP-ESM2-8M,67,288,0.11971902847290039,0.5920090675354004,0.00570598757932117,0.018953889608383234,0.0014424986576406784
Q3C1Z8,1.6074821949005127,4.030951976776123,0.6105205148636225,0.4988622963428497,0.5181834947091563,1.5213765,3.6414366,0.5664807,0.47618347,0.55169004,IDP-ESM2-8M,67,288,0.08610570430755615,0.38951539993286133,0.044039818662298,0.022678822278976385,0.033506547309734125
Q3C203,2.920626878738404,6.960524082183838,0.5175840402107957,0.3941307067871094,0.6063061200933917,2.9857683,7.080832,0.54053766,0.419616,0.5791379,IDP-ESM2-8M,67,288,0.06514143943786532,0.12030792236328125,0.022953615142750405,0.025485306978225708,0.0271681987600787
Q3HNZ7,2.2706665992736816,5.161172866821289,0.5011135168046404,0.4137777686119079,0.6471997193144262,2.2836595,5.350824,0.5233832,0.41712895,0.6046953,IDP-ESM2-8M,67,288,0.01299285888671875,0.1896510124206543,0.022269683363969173,0.0033511817455292303,0.04250439918503168
Q3HP08,2.261530876159668,5.121254920959473,0.5054239370732837,0.4176789820194244,0.6342341395002532,2.325121,5.4546666,0.5282374,0.42150295,0.59741807,IDP-ESM2-8M,67,288,0.06359004974365234,0.33341169357299805,0.02281346536583373,0.0038239657878876288,0.03681606966077566
Q3HP10,2.236878156661988,5.0490803718566895,0.5049616989853134,0.3962668180465698,0.6253768996613676,2.3206692,5.408682,0.522937,0.4176504,0.60700566,IDP-ESM2-8M,67,288,0.08379101753234774,0.3596014976501465,0.017975300812507644,0.021383583545684814,0.01837124389583411
Q3HP12,2.2442445755004883,5.111520767211914,0.5201567226222731,0.4197818338871002,0.6002232032872415,2.3358078,5.479539,0.52784526,0.4193864,0.59284025,IDP-ESM2-8M,67,288,0.09156322479248047,0.36801815032958984,0.0076885408588670545,0.0003954470157623291,0.007382948980448334
Q3HWX5,2.6108078956604004,5.755483627319336,0.4921833474170909,0.3861285746097564,0.6523676140032537,2.603497,6.10444,0.51446235,0.40228236,0.6134187,IDP-ESM2-8M,67,288,0.0073108673095703125,0.3489565849304199,0.02227900438192032,0.016153782606124933,0.038948915692401664
Q3HWX7,2.6166131496429443,6.1783766746521,0.5421384781695014,0.4466495513916015,0.5605210351941353,2.360387,5.542065,0.5048662,0.3923341,0.60863566,IDP-ESM2-8M,67,288,0.2562260627746582,0.6363115310668945,0.03727229536539378,0.054315447807311956,0.048114628792070735
Q3HWY0,2.636112928390503,6.051315307617188,0.4927303297538013,0.382711797952652,0.657188289068688,2.5789175,6.105093,0.5226405,0.40562102,0.6019589,IDP-ESM2-8M,67,288,0.057195425033569336,0.05377769470214755,0.02991019654090693,0.022909224033355713,0.05522941818093163
Q3HWY5,2.851710557937622,6.800044059753418,0.5440454951875549,0.4335700273513794,0.5889414263992402,2.792509,6.6652393,0.55506885,0.438422,0.56865877,IDP-ESM2-8M,67,288,0.05920147895812988,0.13480472564697266,0.011023355329718099,0.004851967096328735,0.0202826572685334
Q3HWY6,2.6633691787719727,6.315231800079346,0.5193960877705629,0.4071153998374939,0.6021676166296605,2.598968,6.0816593,0.5093706,0.399118,0.62410843,IDP-ESM2-8M,67,288,0.06440114974975586,0.23357248306274414,0.010025462751489411,0.007997393608093262,0.021940817093789255
Q3KSP3,3.0028076171875,7.335517406463623,0.5708783294587365,0.4395885467529297,0.5345522948625845,3.1961176,7.6056514,0.55744606,0.4391401,0.5518662,IDP-ESM2-8M,67,288,0.19331002235412598,0.27013397216796875,0.013432266893886657,0.00044843554496765137,0.017313878881617173
Q3LUB4,2.7574243545532227,6.680475234985352,0.5426622142531585,0.4186776280403137,0.5729787319839931,2.6188233,6.1796002,0.52401245,0.40995428,0.60192806,IDP-ESM2-8M,67,288,0.13860106468200684,0.5008749961853027,0.018649767849655108,0.008723348379135132,0.028949323302414398
Q3LUB6,2.787331342697144,6.465935707092285,0.518459183115815,0.4132144153118133,0.6323840014394735,2.937038,6.982795,0.542727,0.4267995,0.59116316,IDP-ESM2-8M,67,288,0.14970660209655717,0.5168590545654297,0.024267810444976057,0.013585090637207087,0.04122084302272544
Q3LWP3,3.2962722778320312,7.978897094726562,0.5268701809763668,0.3976972103118896,0.5914897351405886,3.194334,7.5041647,0.52229345,0.40586773,0.6157653,IDP-ESM2-8M,67,288,0.10193824768066406,0.4747323989868155,0.00457673252818569,0.00817051529884344,0.024275538430425847
Q3S669,2.916843175888061,6.848441123962402,0.5202730241033374,0.4020816683769226,0.6084865013890167,2.8373108,6.605781,0.5133736,0.4041168,0.6434417,IDP-ESM2-8M,67,288,0.07953238487243608,0.2426600456237793,0.006899410745793477,0.0020351409912109375,0.03495517570448914
Q3T244,1.7911977767944336,4.024462699890137,0.4991350033825116,0.4001689851284027,0.6282960559168171,1.9027948,4.483134,0.52858907,0.4229521,0.5917666,IDP-ESM2-8M,67,288,0.11159706115722656,0.45867109298706055,0.029454066460780637,0.022783100605010986,0.03652946007636304
Q3T364,1.9163451194763184,4.4827752113342285,0.5195614548406219,0.4140323996543884,0.5989613821795556,1.8502905,4.2588015,0.51185495,0.41808602,0.614323,IDP-ESM2-8M,67,288,0.0660545825958252,0.22397375106811523,0.007706508227310116,0.004053622484207153,0.015361637801828643
Q3T393,1.9579269886016848,4.755491733551025,0.541850905412005,0.4143588244915008,0.5718923931161332,1.897059,4.3584404,0.5017606,0.40965936,0.6307101,IDP-ESM2-8M,67,288,0.06086802482605003,0.3970513343811035,0.04009030341462949,0.004699468612670843,0.058817731853349264
Q3T5T1,2.1199769973754883,4.984435558319092,0.5421392359756801,0.4243241846561432,0.5941307504026818,2.0889668,4.958249,0.5409633,0.42715475,0.57475394,IDP-ESM2-8M,67,288,0.031010150909423828,0.026186466217041016,0.0011759438537929379,0.0028305649757385254,0.019376810297243585
Q3T5T2,2.1734654903411865,5.106971263885498,0.5304182096603279,0.4154171645641327,0.6023381953241708,2.194502,5.1642723,0.5365409,0.4255044,0.5879555,IDP-ESM2-8M,67,288,0.021036624908447266,0.05730104446411133,0.006122715842449167,0.01008722186088562,0.014382720470655141
Q3T5T4,2.110351800918579,5.044832706451416,0.5660483905847025,0.440044105052948,0.5484340286424303,1.998508,4.7711587,0.5522397,0.4353889,0.5583567,IDP-ESM2-8M,67,288,0.11184382438659668,0.27367401123046875,0.013808674531693432,0.004655212163925171,0.009922673685297978
Q3T5T7,2.039208173751831,4.791928768157959,0.5270266148818471,0.4017303884029388,0.59901650018084,2.094427,4.919957,0.5308351,0.4211799,0.5934202,IDP-ESM2-8M,67,288,0.05521893501281738,0.12802839279174805,0.003808477185871406,0.019449502229690607,0.005596292680382198
Q3T5U3,2.053896188735962,4.796952247619629,0.5538384856396285,0.4506181478500366,0.5718944137186341,2.0470233,4.853596,0.5440845,0.43068978,0.57056755,IDP-ESM2-8M,67,288,0.006872892379760742,0.05664396286010742,0.009753996294077916,0.01992836594581604,0.001326865443640246
Q3T5U9,2.014276027679444,4.7773261070251465,0.5679359997933868,0.4659870266914367,0.5487397134851455,2.0678165,4.908084,0.5509922,0.4373735,0.55770504,IDP-ESM2-8M,67,288,0.05354046821594194,0.13075780868530273,0.016943808955526718,0.02861353754997248,0.008965331261253429
Q3T5V2,1.9569075107574463,4.6727824211120605,0.5488948364208263,0.4318298995494842,0.5795528110716909,1.9183699,4.5576897,0.5507965,0.43826622,0.5606499,IDP-ESM2-8M,67,288,0.03853762149810791,0.11509275436401367,0.0019016723682362402,0.006436318159103449,0.018902939245519
Q3T5V7,1.9406819343566888,4.632265567779541,0.5602467882812778,0.4377685785293579,0.554540510259176,1.9566159,4.6307387,0.54509515,0.43294176,0.5694508,IDP-ESM2-8M,67,288,0.01593399047851629,0.0015268325805664062,0.01515164257891577,0.0048268139362335205,0.014910285391306233
Q3V5E4,1.863231182098389,4.332460880279541,0.5600469718476393,0.4500145316123962,0.5678396230275051,1.8548386,4.4742637,0.57494855,0.45732668,0.5399658,IDP-ESM2-8M,67,288,0.008392572402954324,0.14180278778076172,0.014901577422990586,0.007312148809433039,0.02787381463593408
Q3YB07,1.5286288261413574,3.6548171043396,0.5095531490251805,0.3976627290248871,0.6004826548318977,1.5899036,3.7378733,0.53271216,0.4271989,0.5813203,IDP-ESM2-8M,67,288,0.06127476692199707,0.08305621147155717,0.023159012515804656,0.029536157846450806,0.019162369034778526
Q3YJX6,2.383793354034424,5.312115669250488,0.4935195166070327,0.3823252022266388,0.6690237260548283,2.222095,5.0529995,0.47873273,0.39380777,0.707329,IDP-ESM2-8M,67,288,0.1616983413696289,0.25911617279052734,0.014786781688438333,0.011482566595077515,0.03830524914582478
Q3YJY1,1.9190253019332888,4.517824172973633,0.5343797627271375,0.4094707369804382,0.5801798926103812,1.8659999,4.4461703,0.5424959,0.42929336,0.5748395,IDP-ESM2-8M,67,288,0.05302536487579368,0.07165384292602539,0.008116143625859329,0.019822627305984553,0.005340419839690247
Q3YPN7,2.106584548950196,4.798910617828369,0.5136611049284981,0.419973075389862,0.6317634742574351,1.9936419,4.7295504,0.5325739,0.41757002,0.5931465,IDP-ESM2-8M,67,288,0.11294269561767667,0.06936025619506836,0.018912773836608054,0.0024030506610869806,0.038616971285785895
Q45KG1,2.659728765487671,6.301544189453125,0.5233702243093851,0.3976008594036102,0.5857785197420744,2.8386352,6.6138234,0.5046344,0.3959442,0.63017565,IDP-ESM2-8M,67,288,0.17890644073486328,0.31227922439575195,0.018735843968808896,0.0016566514968871515,0.044397130377707095
Q461X8,3.6277105808258057,8.971648216247559,0.640678254330043,0.5106531381607056,0.5002425882964637,3.5667791,8.580288,0.59119827,0.45985603,0.5242297,IDP-ESM2-8M,67,288,0.06093144416809082,0.3913602828979492,0.049479988777522244,0.050797104835510254,0.023987117037245986
Q4A2Y9,3.719846248626709,8.63490104675293,0.5695162661262868,0.4547139704227447,0.6071688693558712,3.8358173,9.2890625,0.59614795,0.4609573,0.5420751,IDP-ESM2-8M,67,288,0.11597108840942383,0.6541614532470703,0.026631688337671933,0.006243318319320734,0.06509377179498865
Q4GZW3,1.5893793106079102,3.503493070602417,0.4545866801365663,0.390726089477539,0.6874864417824024,1.814174,4.1925683,0.5110701,0.40767583,0.60584295,IDP-ESM2-8M,67,288,0.22479474544525146,0.689075231552124,0.056483392514343145,0.0169497430324555,0.08164349382250247
Q4KPD1,2.328916549682617,5.614682197570801,0.5513094087916212,0.4209089577198028,0.5520028337463407,2.1540778,5.072771,0.5356053,0.4307552,0.6063835,IDP-ESM2-8M,67,288,0.17483878135681152,0.5419111251831055,0.015704097397883365,0.009846240282058771,0.05438066873702718
Q4KPE0,2.033923864364624,4.8925628662109375,0.528933348543042,0.4156490564346313,0.575738926509015,1.9185367,4.492136,0.5216142,0.41690505,0.60048366,IDP-ESM2-8M,67,288,0.1153872013092041,0.40042686462402344,0.007319154626721169,0.0012559890747070868,0.024744729420550393
Q4KPI4,2.478883743286133,5.490705490112305,0.4756471642709565,0.3836076855659485,0.6634727512328142,2.4841816,5.7829065,0.50589323,0.3983604,0.61790127,IDP-ESM2-8M,67,288,0.00529789924621582,0.29220104217529297,0.03024606616727593,0.014752715826034546,0.04557148561162894
Q4KPI5,1.8931071758270264,4.423498630523682,0.5294878146290178,0.4161305129528045,0.5732910495515167,2.0157561,4.765246,0.5267022,0.41751498,0.57447326,IDP-ESM2-8M,67,288,0.12264895439147949,0.3417472839355469,0.002785589420735368,0.0013844668865204413,0.0011822122816742553
Q4KS53,1.6326377391815186,3.493183851242065,0.4322695904229408,0.3635681271553039,0.7050264358200728,1.6848984,3.924329,0.5120844,0.41217873,0.59182364,IDP-ESM2-8M,67,288,0.052260637283325195,0.4311451911926274,0.07981483407275625,0.04861059784889227,0.1132027983345687
Q4KSY7,3.432684421539306,8.499338150024414,0.6388652589980229,0.5001248717308044,0.5174676316041991,3.517475,8.56248,0.62238157,0.48203948,0.47873586,IDP-ESM2-8M,67,288,0.08479046821594283,0.0631418228149414,0.016483691043005844,0.018085390329360962,0.038731767441753995
Q4PKB7,2.580422878265381,6.158121109008789,0.5498080293978718,0.4064758419990539,0.5848405877574283,2.7662604,6.4573207,0.5126045,0.4100092,0.63746315,IDP-ESM2-8M,67,288,0.1858375072479248,0.29919958114624023,0.03720355437650946,0.0035333633422852118,0.052622564651171544
Q4PRW0,1.555249810218811,3.782589673995972,0.5694416378166539,0.4403041899204254,0.5284313611139875,1.6078358,3.8890502,0.56625515,0.4476339,0.53123087,IDP-ESM2-8M,67,288,0.05258595943450928,0.10646057128906206,0.003186485591159527,0.007329702377319336,0.002799505795039625
Q4QTS8,1.5913434028625488,4.015652179718018,0.6300324899801244,0.5007479190826416,0.4874597799395154,1.7235401,4.3491144,0.628111,0.5081366,0.45467675,IDP-ESM2-8M,67,288,0.13219666481018066,0.3334622383117676,0.0019214851507176611,0.007388651371002197,0.03278303261743287
Q4QVU0,1.9035955667495728,4.492417335510254,0.5465691394638462,0.4410203993320465,0.5661412318422931,1.9703171,4.602501,0.52564514,0.422381,0.5889588,IDP-ESM2-8M,67,288,0.06672155857086182,0.11008358001708984,0.020924002630655303,0.01863938570022583,0.02281756799672663
Q4QW70,1.826703786849976,4.174728870391846,0.5357730845628653,0.4328934550285339,0.5825086934984395,1.8295686,4.2908044,0.5242715,0.4205417,0.5983301,IDP-ESM2-8M,67,288,0.002864837646483931,0.11607551574707031,0.011501596373168055,0.012351751327514593,0.015821387010746313
Q4QW80,1.7655386924743652,4.170338153839111,0.5272818460841877,0.4064872860908508,0.5763007386243598,1.7825513,4.2277555,0.53605473,0.4270938,0.57141125,IDP-ESM2-8M,67,288,0.017012596130371094,0.05741739273071289,0.008772884331156527,0.020606517791748102,0.00488948660257027
Q4U2B4,1.7914272546768188,4.208616256713867,0.5314946210089111,0.4146729707717895,0.5941716478625362,1.7869396,4.345304,0.57014614,0.45136988,0.55098826,IDP-ESM2-8M,67,288,0.00448763370513916,0.1366877555847168,0.03865152242752079,0.03669691085815435,0.04318339093123125
Q4W600,3.422643184661865,7.635264873504639,0.4730419251843426,0.3778532743453979,0.7002959174917435,3.563615,8.28516,0.5116309,0.40330276,0.61284286,IDP-ESM2-8M,67,288,0.14097189903259322,0.649895191192627,0.03858896756925845,0.025449484586715754,0.08745305965406647
Q4Z9E7,2.1824169158935547,5.434616088867188,0.5784017574728119,0.4407569169998169,0.5636483685965377,1.9914241,4.6709633,0.5460403,0.44365707,0.62150127,IDP-ESM2-8M,67,288,0.1909928321838379,0.7636528015136728,0.03236146091824643,0.002900153398513794,0.05785289835979168
Q4ZA14,2.040687799453736,4.854115962982178,0.5851530589968428,0.464460551738739,0.5556934792788589,1.9966865,4.8181443,0.5753866,0.46396843,0.5653756,IDP-ESM2-8M,67,288,0.04400134086608931,0.035971641540527344,0.00976647519175855,0.0004921257495880127,0.009682146808329795
Q507B8,1.7677984237670898,4.068112850189209,0.5135486448191993,0.4135179221630096,0.6082491101315193,1.8081934,4.1381283,0.5037196,0.4091211,0.62234926,IDP-ESM2-8M,67,288,0.04039502143859863,0.07001543045043945,0.00982901696199101,0.004396826028823797,0.014100152106029551
Q507D5,1.7907710075378418,4.208621978759766,0.5236904354074791,0.3952561914920807,0.6002867619861233,1.9016869,4.4816303,0.5345277,0.42703092,0.5801336,IDP-ESM2-8M,67,288,0.1109158992767334,0.2730083465576172,0.010837283613364446,0.03177472949028015,0.020153145061837408
Q50G65,3.44480037689209,8.331708908081055,0.5460468904668914,0.4353354573249817,0.6221430403180687,3.3561401,7.9883075,0.5423429,0.42481115,0.6199152,IDP-ESM2-8M,67,288,0.08866024017333984,0.3434014320373535,0.0037039892370329675,0.01052430272102356,0.002227852959212462
Q50GB0,3.237789869308472,7.672036170959473,0.5052204644444256,0.3896755874156952,0.6944837261021365,2.9166274,6.7682986,0.49807063,0.40059805,0.694692,IDP-ESM2-8M,67,288,0.3211624622344975,0.9037375450134277,0.0071498369934825945,0.010922461748123169,0.00020828954575169423
Q50GB8,3.1282432079315186,7.403921127319336,0.5018639613557757,0.3826819956302643,0.6792075900710074,3.0828276,7.192721,0.50443155,0.40091825,0.67557704,IDP-ESM2-8M,67,288,0.045415639877319336,0.21120023727416992,0.002567584378629806,0.018236249685287476,0.0036305455840078826
Q50GC3,3.299976587295532,7.813308715820312,0.5401648487331884,0.4208950102329254,0.6190789457608058,3.0578241,7.161017,0.5113382,0.40513632,0.6631603,IDP-ESM2-8M,67,288,0.24215245246887163,0.652291774749755,0.028826674390079243,0.0157586932182312,0.04408137833587389
Q50GD5,3.3056228160858154,7.82453727722168,0.514945611170803,0.4166633188724518,0.6819961250064748,3.015636,7.027567,0.50321424,0.401486,0.6847112,IDP-ESM2-8M,67,288,0.28998684883117676,0.7969703674316406,0.011731371096645238,0.015177309513092041,0.0027150928737742497
Q52PR2,1.5305708646774292,3.622301340103149,0.5536178055406713,0.4522707462310791,0.5529900923777351,1.4869804,3.64068,0.574891,0.45700866,0.5175651,IDP-ESM2-8M,67,288,0.043590426445007324,0.01837873458862349,0.02127316564310555,0.004737913608551025,0.03542502079494092
Q52PS8,1.729702353477478,4.127800941467285,0.5853691204287962,0.4827150106430053,0.5180394108763784,1.5555898,3.8680756,0.5747386,0.45003384,0.5211052,IDP-ESM2-8M,67,288,0.17411255836486816,0.25972533226013184,0.010630498717065229,0.03268116712570185,0.0030657593735605726
Q52RQ4,1.861993432044983,4.3644208908081055,0.5314104030219885,0.4234375655651092,0.5877940380575359,1.9080156,4.7688756,0.5891509,0.4517028,0.49836257,IDP-ESM2-8M,67,288,0.04602217674255371,0.40445470809936523,0.05774050258714236,0.028265237808227595,0.08943146705648308
Q52RR1,1.8985363245010376,4.535317897796631,0.5508135093311459,0.426593005657196,0.5590967668914505,1.895421,4.6171875,0.5645697,0.44175488,0.5416277,IDP-ESM2-8M,67,288,0.0031152963638305664,0.08186960220336914,0.013756202354034741,0.01516187191009527,0.017469061794252005
Q52RR8,1.919399738311768,4.608757019042969,0.5652038554312758,0.4446736872196197,0.5401376371825225,1.8184664,4.417276,0.5623681,0.4420319,0.54320794,IDP-ESM2-8M,67,288,0.10093331336975142,0.1914811134338379,0.002835760510163765,0.0026417970657348078,0.0030703062569611417
Q52RS0,1.8589999675750728,4.349423885345459,0.5258302551358894,0.424555629491806,0.5889278483225167,1.8800197,4.551587,0.5552083,0.435556,0.5500514,IDP-ESM2-8M,67,288,0.0210196971893315,0.2021632194519043,0.02937807025015793,0.01100036501884466,0.038876457197791314
Q52RS2,1.929828643798828,4.715944766998291,0.568495515402927,0.4526238143444061,0.5382731693594921,1.9257101,4.694985,0.5644113,0.43992397,0.5409939,IDP-ESM2-8M,67,288,0.004118561744689719,0.020959854125976562,0.004084232863559301,0.012699842453002874,0.0027207595498096593
Q52RT5,1.8639110326766968,4.414573192596436,0.5554044573968338,0.4435195922851562,0.5610891462948353,1.814271,4.4349823,0.57081234,0.44791546,0.5407165,IDP-ESM2-8M,67,288,0.04964005947113037,0.020409107208251065,0.015407887154252675,0.004395872354507502,0.020372617402318216
Q52RT9,1.9358973503112795,4.631004810333252,0.5610641948179491,0.4436973333358764,0.5593748831942467,1.9220384,4.7064857,0.5701014,0.4435637,0.5369492,IDP-ESM2-8M,67,288,0.013858914375305398,0.07548093795776367,0.009037185530256453,0.00013363361358637027,0.02242566587475814
Q52RW0,1.802576303482056,4.139828681945801,0.5394051187048045,0.4163269698619842,0.5773153026242865,1.6839304,4.045844,0.5510436,0.44052464,0.56759137,IDP-ESM2-8M,67,288,0.1186459064483647,0.09398460388183594,0.011638510941496816,0.024197667837143,0.00972393347221745
Q52S07,1.8827710151672363,4.442487239837647,0.5737668755703522,0.4696559906005859,0.5438602252064797,1.878971,4.6477413,0.58666384,0.4557535,0.5083831,IDP-ESM2-8M,67,288,0.003800034523010254,0.20525407791137606,0.01289696663088069,0.01390248537063593,0.03547712994204488
Q53AF0,1.6959786415100098,3.9640839099884033,0.5227441767180293,0.4296347796916961,0.5905085313313526,1.6648569,4.013857,0.5487238,0.4331383,0.5554503,IDP-ESM2-8M,67,288,0.03112173080444336,0.04977297782897949,0.02597964015361376,0.0035035312175751288,0.035058211087517166
Q53AG3,1.6993762254714966,3.8869199752807617,0.5186158549238616,0.4222728610038757,0.5989839131493448,1.8310515,4.3766026,0.5459775,0.43180797,0.5706126,IDP-ESM2-8M,67,288,0.13167524337768555,0.489682674407959,0.027361618335110527,0.009535104036331232,0.028371303762900757
Q53CQ0,3.4719457626342773,8.445036888122559,0.5441362482639336,0.4179808497428894,0.5680096586020983,3.6313372,8.645098,0.55787003,0.43686306,0.57736355,IDP-ESM2-8M,67,288,0.1593914031982422,0.20006084442138672,0.01373378213920362,0.01888221502304077,0.009353892060896096
Q53Z31,2.401790142059326,5.748946666717529,0.5645528101733891,0.4459576308727264,0.5494723075511412,2.3356166,5.502013,0.5345996,0.42883807,0.59895915,IDP-ESM2-8M,67,288,0.06617355346679688,0.2469334602355957,0.02995320795094647,0.017119556665420477,0.04948684037900408
Q56BB1,1.923083662986756,4.499536037445068,0.5710493570496468,0.4600448608398437,0.5599287944767303,1.8642929,4.4026446,0.54049164,0.43828923,0.6073237,IDP-ESM2-8M,67,288,0.05879080295562811,0.09689140319824219,0.030557716481867225,0.021755635738372747,0.04739491167332466
Q56EV1,1.550136923789978,3.714342355728149,0.5441702599911009,0.4296128749847412,0.585036951193993,1.4708598,3.5500264,0.57285875,0.46824312,0.5558473,IDP-ESM2-8M,67,288,0.0792771577835083,0.16431593894958452,0.028688490829059,0.03863024711608887,0.029189664015953465
Q56II6,3.527783155441284,8.670488357543945,0.5251416134351928,0.4124700427055359,0.628260819679541,3.6136613,8.373085,0.5079785,0.40836895,0.6953618,IDP-ESM2-8M,67,288,0.08587813377380371,0.29740333557128906,0.01716311449949337,0.004101097583770752,0.0671009733616883
Q58I31,1.908209204673767,4.668348789215088,0.5408122722750786,0.4065602123737335,0.5303438500494476,2.1539834,5.0919914,0.5235352,0.40736195,0.5833163,IDP-ESM2-8M,67,288,0.24577414989471436,0.423642635345459,0.01727708026229169,0.0008017420768737793,0.052972476091909804
Q58LM3,1.9712008237838743,4.785504341125488,0.5790543984073278,0.4574166238307953,0.5526943986160033,1.8843327,4.5915337,0.58296597,0.4660698,0.5418609,IDP-ESM2-8M,67,288,0.08686816692352273,0.1939706802368164,0.003911571632039923,0.00865316390991211,0.01083352014844352
Q58MF1,2.670222520828247,6.106895923614502,0.4858593443039372,0.3928515613079071,0.6597757416566056,2.3920755,5.6099544,0.5134461,0.40690854,0.61381435,IDP-ESM2-8M,67,288,0.27814698219299316,0.49694156646728516,0.02758674830165364,0.014056980609893799,0.04596138771373448
Q58N36,2.8625576496124268,6.759854316711426,0.5428284594455655,0.4268843829631805,0.5983486387359578,2.7389507,6.5100646,0.5343097,0.41355667,0.601626,IDP-ESM2-8M,67,288,0.12360692024230957,0.24978971481323242,0.008518774215310332,0.013327717781066839,0.003277340210728008
Q58NB9,1.686084866523743,4.126909255981445,0.5568914154284923,0.4359321594238281,0.5558006018152445,1.5050958,3.5135722,0.53365207,0.43018705,0.59447676,IDP-ESM2-8M,67,288,0.18098902702331565,0.6133370399475098,0.023239348244044056,0.005745112895965576,0.03867615761850185
Q58P45,3.0281763076782227,7.144854545593262,0.5284669216704755,0.4045755267143249,0.6192072847700933,2.920676,6.868453,0.5234364,0.41049895,0.6179866,IDP-ESM2-8M,67,288,0.10750031471252441,0.2764015197753906,0.005030494554081444,0.005923420190811213,0.0012206652975896848
Q58P48,2.5879061222076416,5.943404674530029,0.5134461284313079,0.3977850675582886,0.6384471723218386,2.7337122,6.476931,0.5339262,0.41687128,0.6074347,IDP-ESM2-8M,67,288,0.14580607414245605,0.5335264205932617,0.020480060514462384,0.019086211919784546,0.031012482323211854
Q596I4,3.299100399017334,7.837045192718506,0.5221149694719845,0.3945232331752777,0.6517806577499852,3.2012968,7.602317,0.5361847,0.4193269,0.617602,IDP-ESM2-8M,67,288,0.09780359268188477,0.23472833633422852,0.014069758673614818,0.02480366826057434,0.034178667050217104
Q596I6,3.2702386379241943,8.053754806518555,0.5438093681686776,0.4171809256076813,0.619807771579867,3.1049924,7.4256225,0.5434602,0.42319462,0.6108588,IDP-ESM2-8M,67,288,0.16524624824523926,0.6281323432922363,0.0003491778725045469,0.006013691425323486,0.008948973552828421
Q5BND6,2.720562696456909,6.503086566925049,0.5335280771417364,0.4149758219718933,0.6096846765457478,2.471606,5.807521,0.5180923,0.40870106,0.6321254,IDP-ESM2-8M,67,288,0.24895668029785156,0.6955657005310059,0.015435802475903926,0.006274759769439697,0.022440701109281536
Q5DKQ8,3.324183464050293,7.863261699676514,0.4948292055899956,0.389658123254776,0.6341355359211698,3.874102,9.126648,0.5218562,0.40479517,0.61333656,IDP-ESM2-8M,67,288,0.5499186515808105,1.2633862495422363,0.027026983184113285,0.015137046575546265,0.020798972810818217
Q5DRF7,3.076700210571289,7.439675807952881,0.557793353046012,0.4305523931980133,0.5721776179819754,3.140025,7.5601144,0.5564913,0.42579025,0.55320245,IDP-ESM2-8M,67,288,0.0633246898651123,0.1204385757446289,0.0013020376811743173,0.004762142896652222,0.018975167706554275
Q5EM22,2.684523344039917,5.610521793365479,0.4132749621703045,0.3232689797878265,0.7500373299498605,3.7897828,8.6260805,0.45573774,0.3673179,0.7836385,IDP-ESM2-8M,67,288,1.1052594184875488,3.015558719635009,0.042462777631102344,0.044048905372619684,0.033601147375578955
Q5EWN0,2.374598264694214,5.599063873291016,0.517064436008847,0.3992294371128082,0.6143726764149922,2.2614295,5.3633494,0.5264934,0.4106481,0.59659314,IDP-ESM2-8M,67,288,0.11316871643066406,0.23571443557739258,0.009428934524142507,0.011418670415878296,0.017779534859206025
Q5EWN1,2.362752914428711,5.402267932891846,0.5109017208811979,0.417553037405014,0.6187765766437717,2.2040272,5.1941214,0.5194717,0.4079181,0.6051326,IDP-ESM2-8M,67,288,0.15872573852539062,0.2081465721130371,0.008569984078671489,0.0096349418163299,0.013643996840304928
Q5FXX2,2.0861401557922363,4.7807464599609375,0.5094780659430886,0.4063389897346496,0.6179045118092872,2.1656044,5.1098785,0.5355008,0.42307603,0.57665026,IDP-ESM2-8M,67,288,0.07946419715881348,0.329132080078125,0.02602275850835789,0.01673704385757452,0.0412542499303199
Q5G246,1.882405400276184,4.52691650390625,0.5494626574034231,0.4297519028186798,0.5487939108771245,2.0061536,4.786911,0.54625005,0.42915055,0.5576973,IDP-ESM2-8M,67,288,0.12374818325042725,0.2599945068359375,0.00321261210389312,0.000601351261138916,0.008903385265453645
Q5G5L6,1.9499279260635376,4.693095207214356,0.5609519621811987,0.4395295977592468,0.556758495448631,1.9190671,4.622689,0.56389093,0.44543582,0.53995115,IDP-ESM2-8M,67,288,0.0308607816696167,0.0704064369201669,0.0029389718092798223,0.005906224250793457,0.016807349799674687
Q5G5M1,1.8794512748718264,4.47142505645752,0.5268920679176078,0.4299846589565277,0.5934299308064778,1.9137269,4.564165,0.55038536,0.43894285,0.5623882,IDP-ESM2-8M,67,288,0.03427565097808816,0.0927400588989249,0.02349328803179407,0.008958190679550171,0.0310417491200764
Q5G5N5,1.8894003629684448,4.635485649108887,0.5612692725788075,0.43549644947052,0.5454438073774469,1.8397394,4.3859587,0.55258626,0.4422823,0.5583178,IDP-ESM2-8M,67,288,0.04966092109680176,0.2495269775390625,0.008683015121074389,0.006785839796066284,0.012873973117243032
Q5G5P3,1.9669383764266968,4.784369468688965,0.569670801646763,0.4542483985424042,0.5464158698098756,1.909296,4.5655785,0.5499037,0.43623295,0.5598523,IDP-ESM2-8M,67,288,0.057642340660095215,0.21879100799560547,0.019767110831791057,0.01801544427871704,0.013436432264556819
Q5G5R6,1.921505570411682,4.609035968780518,0.5638714178238533,0.4456008970737457,0.5496177513886793,1.8082092,4.348735,0.5576386,0.44208637,0.5500657,IDP-ESM2-8M,67,288,0.11329638957977273,0.2603011131286621,0.0062328322563789396,0.003514528274536133,0.00044794485079213686
Q5G5T2,1.9132506847381592,4.498199939727783,0.5560350917649853,0.452099084854126,0.5603823592326177,1.884489,4.485403,0.5500347,0.4385586,0.55525804,IDP-ESM2-8M,67,288,0.028761625289916992,0.012796878814697266,0.006000389940797102,0.013540476560592651,0.00512432357282766
Q5GQU4,2.033834457397461,5.104779243469238,0.6021747710305749,0.4716444313526153,0.519307095685486,2.1632748,5.267893,0.57980275,0.4543856,0.5420776,IDP-ESM2-8M,67,288,0.1294403076171875,0.16311359405517578,0.022372019489437234,0.017258822917938177,0.02277050527047708
Q5I4I5,2.291156530380249,5.389146327972412,0.564638052005897,0.4420172572135925,0.5479899170428395,2.3434477,5.625603,0.5669522,0.44574773,0.5429895,IDP-ESM2-8M,67,288,0.052291154861450195,0.23645687103271484,0.0023141765402455716,0.0037304759025574286,0.005000424626457667
Q5J596,1.65376079082489,4.07420539855957,0.5837582672734937,0.4606442153453827,0.514411072764436,1.5430124,3.7293248,0.55719095,0.43892747,0.5372737,IDP-ESM2-8M,67,288,0.11074841022491433,0.3448805809020996,0.026567312588282488,0.02171674370765686,0.022862632241209768
Q5J5A1,1.584458351135254,3.887744426727295,0.5612658233019812,0.4431024491786957,0.5320739886843151,1.6258228,3.9016886,0.5586611,0.44617242,0.54605234,IDP-ESM2-8M,67,288,0.041364431381225586,0.013944149017333984,0.002604720053384968,0.003069967031478882,0.013978348008494956
Q5J5A3,1.6017367839813232,3.8926496505737305,0.5537794151436485,0.4361048638820648,0.5495451856386196,1.5533348,3.7005832,0.5362379,0.4231074,0.569955,IDP-ESM2-8M,67,288,0.04840195178985596,0.19206643104553223,0.017541519654909465,0.012997478246688843,0.02040980570201756
Q5J5A8,1.6094598770141602,3.9093847274780273,0.567642834286361,0.4526602923870086,0.531795546320443,1.5707728,3.7935722,0.55842257,0.4418889,0.5367459,IDP-ESM2-8M,67,288,0.03868710994720459,0.11581254005432129,0.009220268826155897,0.010771393775939886,0.004950359555716655
Q5L446,3.0442686080932617,7.277668476104736,0.5468267931123518,0.4203929901123047,0.5834569070662117,3.263988,7.731796,0.53991693,0.42461964,0.61065733,IDP-ESM2-8M,67,288,0.21971940994262695,0.45412731170654297,0.006909860529496603,0.004226654767990112,0.027200427261486082
Q5MIE7,1.6435028314590454,3.8831627368927,0.5870121445272306,0.5011969804763794,0.5325395313296067,1.5274919,3.5137913,0.53225833,0.44188285,0.60418814,IDP-ESM2-8M,67,288,0.11601090431213379,0.3693714141845703,0.05475381275156532,0.05931413173675537,0.07164861287739399
Q5QF78,2.631577491760254,6.178955078125,0.5966530097253679,0.4940981268882751,0.5451461924853405,2.313552,5.4391108,0.5332194,0.42913356,0.6137051,IDP-ESM2-8M,67,288,0.3180255889892578,0.7398443222045898,0.06343361265734426,0.06496456265449518,0.06855890614365734
Q5UNW3,4.311804294586182,9.602710723876951,0.414782955284823,0.3290220201015472,0.852028985706699,4.277123,9.76705,0.45792022,0.3637195,0.73321015,IDP-ESM2-8M,67,288,0.03468132019042969,0.1643390655517596,0.043137268189679556,0.034697473049163874,0.11881883927954451
Q5UQA4,4.212326049804688,9.72321891784668,0.4143320200403111,0.3433122336864471,0.8707023028805091,4.508952,9.862213,0.39746907,0.35164618,0.95775145,IDP-ESM2-8M,67,288,0.2966260910034171,0.1389942169189453,0.01686294650629927,0.00833395123481756,0.08704915004231195
Q5UTC0,2.0729782581329346,4.965688705444336,0.5707784623345191,0.4571698904037475,0.5412948970015075,1.9242177,4.577779,0.54613024,0.4335338,0.563827,IDP-ESM2-8M,67,288,0.14876055717468262,0.3879098892211914,0.024648222370987627,0.023636102676391546,0.022532081205127064
Q5UTC9,1.8950999975204468,4.4206366539001465,0.5323557524833081,0.4201928079128265,0.5824324660817561,1.9345074,4.617415,0.5464214,0.4309223,0.55586946,IDP-ESM2-8M,67,288,0.03940737247467041,0.1967782974243164,0.014065656169951146,0.010729491710662897,0.026563005975860143
Q5UTE2,1.9701052904129028,4.445380210876465,0.5077958758054008,0.4085776209831238,0.6333797053821805,2.0000062,4.72773,0.5409067,0.43036065,0.57622504,IDP-ESM2-8M,67,288,0.02990090847015381,0.2823495864868164,0.03311085150859461,0.021783024072647095,0.05715466303904082
Q5UTE6,2.02629017829895,4.931582450866699,0.5726169412141431,0.4495616853237152,0.538812692472448,2.0454726,4.861874,0.54568654,0.43174067,0.5657108,IDP-ESM2-8M,67,288,0.019182443618774414,0.06970834732055664,0.026930398226319596,0.017821013927459717,0.026898090532312735
Q5Y0N1,2.978156089782715,6.9281744956970215,0.5010263274868477,0.4061085879802704,0.6485101093490651,2.851928,6.6441364,0.5065175,0.40099692,0.6419785,IDP-ESM2-8M,67,288,0.12622809410095215,0.28403806686401367,0.005491202000762141,0.005111664533615112,0.006531607075505486
Q5YA80,1.7925066947937012,4.636887073516846,0.6199883442656541,0.4939155578613281,0.4946357404502821,1.7553455,4.4433126,0.6102533,0.47943786,0.5133338,IDP-ESM2-8M,67,288,0.03716123104095459,0.1935744285583496,0.009735069824888698,0.014477699995040894,0.018698057004551905
Q5YF20,2.0086584091186523,4.829397678375244,0.5306308623054288,0.4010698795318603,0.5719889399639683,2.0050402,4.7700424,0.53869665,0.42234945,0.56426144,IDP-ESM2-8M,67,288,0.0036182403564453125,0.05935525894165039,0.008065784384939878,0.021279573440551813,0.007727503501565924
Q5YFF2,3.998335599899292,9.456369400024414,0.5004703897324119,0.3858807981014251,0.6170754799501856,3.460658,8.146268,0.50640917,0.39242476,0.619735,IDP-ESM2-8M,67,288,0.537677526473999,1.3101015090942383,0.005938778510996334,0.0065439641475678045,0.0026595225675145606
Q5ZQY2,1.4544910192489624,3.456735610961914,0.5427397400400185,0.4358442723751068,0.5489649291679705,1.4536525,3.5022697,0.5570417,0.445091,0.5417364,IDP-ESM2-8M,67,288,0.0008385181427001953,0.04553413391113281,0.014301964614675144,0.009246736764907837,0.007228505198701662
Q64921,2.721278190612793,6.51984453201294,0.5761227851114861,0.4643282294273376,0.5464105059089015,2.5856555,6.2230067,0.5416564,0.4169964,0.58514744,IDP-ESM2-8M,67,288,0.13562273979187012,0.29683780670166104,0.03446641018015062,0.047331839799880926,0.0387369345246007
Q64989,1.6552700996398926,3.837820529937744,0.5262213943544736,0.4167562127113342,0.5704533809203716,1.6286451,3.858636,0.5431719,0.43210194,0.56569415,IDP-ESM2-8M,67,288,0.02662503719329834,0.020815372467041016,0.01695048827492096,0.015345722436904963,0.004759227611503158
Q65048,1.6639560461044312,3.947634220123291,0.5506810353781234,0.4381477832794189,0.5582615181159338,1.7031312,4.0461807,0.54825354,0.43603972,0.5697201,IDP-ESM2-8M,67,288,0.03917515277862549,0.09854650497436523,0.0024274991537581725,0.0021080672740935724,0.011458571319643562
Q65541,2.0185751914978027,4.854928970336914,0.5581267835319248,0.4517140090465545,0.5474869940775022,1.8686867,4.5072207,0.55689055,0.436484,0.54650444,IDP-ESM2-8M,67,288,0.1498885154724121,0.34770822525024414,0.0012362362563815843,0.01523000001907343,0.000982556154070835
Q65548,2.2520880699157715,5.023036003112793,0.2368227076889183,0.2295069545507431,1.3090697641591802,2.1936872,4.0720224,0.2720479,0.29000795,1.1272653,IDP-ESM2-8M,67,288,0.058400869369506836,0.9510135650634766,0.035225199425110626,0.06050099432468414,0.1818044300298467
Q66544,1.532097578048706,3.755449771881104,0.5777695419508301,0.4496573209762573,0.5088814913336637,1.4064656,3.3831897,0.5517333,0.4377447,0.546028,IDP-ESM2-8M,67,288,0.1256319284439087,0.3722600936889653,0.026036226959832764,0.011912614107131958,0.03714652666407803
Q66546,1.6657354831695557,4.050241470336914,0.5449105553056065,0.427048772573471,0.5597956687000054,1.6235654,3.9162543,0.57134366,0.46048385,0.5286809,IDP-ESM2-8M,67,288,0.042170047760009766,0.1339871883392334,0.026433105049007755,0.03343507647514349,0.031114748099114298
Q66550,3.3319387435913086,7.936725616455078,0.5654881338489295,0.4343681633472442,0.5607169041869989,2.9965413,7.0241776,0.53286624,0.4230445,0.6190838,IDP-ESM2-8M,67,288,0.33539748191833496,0.9125480651855469,0.032621894301199994,0.011323660612106268,0.05836691758653012
Q66741,1.497490644454956,3.556314468383789,0.5421452189988245,0.4366674423217773,0.5895518536975456,1.6942039,4.0186634,0.55469084,0.45136875,0.5774893,IDP-ESM2-8M,67,288,0.19671320915222168,0.46234893798828125,0.012545618861282914,0.014701306819915827,0.012062537234075132
Q67285,1.9764577150344849,4.661618232727051,0.5208536180729475,0.4044969081878662,0.5856114506211437,1.8172737,4.30124,0.5190437,0.40311533,0.592282,IDP-ESM2-8M,67,288,0.15918397903442383,0.3603782653808594,0.001809934067210195,0.0013815760612487793,0.006670546582683179
Q68556,1.7577142715454102,4.114188194274902,0.558750140267279,0.4589743018150329,0.5771290015827807,1.6660497,3.945358,0.54104245,0.43384314,0.5811849,IDP-ESM2-8M,67,288,0.09166455268859863,0.16883015632629395,0.017707693177130057,0.02513116598129267,0.004055922066053541
Q68628,2.946610450744629,6.914920806884766,0.4725447502680235,0.3479688763618469,0.7138632172179613,3.210486,7.437843,0.5055621,0.4020655,0.66946584,IDP-ESM2-8M,67,288,0.26387548446655273,0.5229220390319824,0.03301737636848162,0.054096609354019165,0.044397377355137824
Q68967,2.943380117416382,7.189985275268555,0.5790463555628337,0.4430299401283264,0.5573885785675154,3.0144165,7.3107805,0.58661914,0.45985878,0.5384606,IDP-ESM2-8M,67,288,0.07103633880615234,0.12079524993896484,0.007572783154817686,0.016828835010528564,0.01892796627045734
Q68UW8,1.482883334159851,3.593266248703003,0.5761078807673596,0.4652809500694275,0.5336096271490469,1.4816128,3.5216205,0.5458125,0.43639517,0.56246793,IDP-ESM2-8M,67,288,0.0012705326080322266,0.07164573669433594,0.03029539316512575,0.02888578176498413,0.028858305552063923
Q69018,2.4138550758361816,5.564433574676514,0.5650807363233658,0.4726381301879883,0.5709985821270022,2.4383013,5.554004,0.51780194,0.42810658,0.68260866,IDP-ESM2-8M,67,288,0.02444624900817871,0.01042938232421875,0.04727879588223416,0.044531553983688354,0.11161008190879496
Q69073,1.924831509590149,4.656740188598633,0.5502471846986237,0.4262430667877197,0.554211990217595,1.9110732,4.541108,0.54079515,0.42600518,0.5662453,IDP-ESM2-8M,67,288,0.013758301734924316,0.1156320571899414,0.00945203727964783,0.00023788213729858398,0.012033327241511405
Q69092,1.8212453126907349,3.9832956790924072,0.447801384786439,0.3951309323310852,0.6930728746160842,1.7081716,3.6451356,0.42956996,0.37038648,0.7666378,IDP-ESM2-8M,67,288,0.11307370662689209,0.33816003799438477,0.018231425145936064,0.02474445104598999,0.07356492750793919
Q69144,2.3015124797821045,5.433731555938721,0.4904087541627114,0.3735054135322571,0.619492928671545,2.3588889,5.500617,0.5350659,0.42875785,0.56279737,IDP-ESM2-8M,67,288,0.05737638473510742,0.06688547134399414,0.044657135195809106,0.05525243282318115,0.056695561098760616
Q69192,1.7695568799972534,3.897217750549317,0.4729556563879973,0.4138109683990478,0.6842790021375231,1.8266821,4.2401505,0.5457777,0.45953903,0.6064602,IDP-ESM2-8M,67,288,0.057125210762023926,0.3429327011108394,0.07282202210168776,0.0457280576229096,0.07781878847632928
Q69220,2.0835678577423096,4.82351016998291,0.5240968154685017,0.4029995799064636,0.6002292115661706,2.1741002,5.241283,0.5526335,0.4290865,0.5564538,IDP-ESM2-8M,67,288,0.09053230285644531,0.4177727699279785,0.028536708472538308,0.026086926460266113,0.04377538752289667
Q69CH6,5.045987606048584,11.953591346740724,0.5695694103703244,0.4562172591686249,0.5877369227092495,4.796412,11.419064,0.567832,0.44746843,0.6009209,IDP-ESM2-8M,67,288,0.24957561492919922,0.5345277786254901,0.0017374172672970367,0.008748829364776611,0.013183992894388208
Q69CK3,1.7623889446258545,4.175652027130127,0.5415932654643855,0.4357801079750061,0.5812377981509774,1.670162,4.025725,0.5544347,0.44044057,0.5509369,IDP-ESM2-8M,67,288,0.09222698211669922,0.14992713928222656,0.012841451237122103,0.004660457372665405,0.03030092042346888
Q69CL1,1.7611870765686035,4.199831485748291,0.5453601451943059,0.4469010233879089,0.5747633014335147,1.8301883,4.4011292,0.55844206,0.4452117,0.5592389,IDP-ESM2-8M,67,288,0.0690011978149414,0.20129776000976562,0.013081910984740763,0.0016893148422240656,0.0155243907584659
Q6DN18,2.2022202014923096,5.136129856109619,0.5485746130624536,0.425222247838974,0.5653471122023079,2.2922535,5.5452046,0.5602367,0.43205497,0.5536958,IDP-ESM2-8M,67,288,0.09003329277038574,0.4090747833251953,0.01166207936613528,0.006832718849182129,0.011651314282080882
Q6GZR0,1.974941849708557,4.70507287979126,0.5523648215536051,0.423797607421875,0.541220968347037,1.6774223,4.05656,0.56585073,0.4496627,0.5326183,IDP-ESM2-8M,67,288,0.29751956462860085,0.6485128402709961,0.013485913157088247,0.02586507797241211,0.008602684121573168
Q6I8V7,1.7741509675979614,4.215088367462158,0.5348071292927167,0.4128416180610657,0.5741065337916793,2.1360843,5.0307426,0.528865,0.41772634,0.5871622,IDP-ESM2-8M,67,288,0.3619333505630493,0.8156542778015137,0.005942149548759157,0.0048847198486328125,0.013055662844520644
Q6IWY9,2.5217905044555664,6.211987495422363,0.570301658699334,0.4228795766830444,0.536613210176399,2.5121233,6.083208,0.58838964,0.45895374,0.50923604,IDP-ESM2-8M,67,288,0.009667158126831055,0.12877941131591797,0.018087976386725546,0.03607416152954107,0.027377172445228304
Q6J7X0,1.8016784191131592,4.306604385375977,0.5576264407227011,0.4539653062820434,0.5684606758206677,1.7843736,4.222101,0.53553134,0.43724966,0.6216777,IDP-ESM2-8M,67,288,0.01730477809906006,0.084503173828125,0.022095098693129533,0.016715645790100042,0.053217020884196775
Q6JIB3,2.71882700920105,6.35574197769165,0.518872235015009,0.3997743129730224,0.5959089679587009,2.7419777,6.4107447,0.514662,0.40686852,0.6180605,IDP-ESM2-8M,67,288,0.02315068244934082,0.055002689361572266,0.00421020765600022,0.007094204425811823,0.022151561273324294
Q6JKC4,3.1350464820861816,7.277046680450439,0.6022895761171414,0.5018131136894226,0.5532685323957398,3.2900157,7.9270988,0.58736736,0.4619621,0.57476544,IDP-ESM2-8M,67,288,0.1549692153930664,0.6500520706176767,0.014922220293624555,0.03985100984573364,0.021496911406140073
Q6JPE0,3.429619073867798,8.087538719177246,0.5897131909296235,0.4794129133224487,0.5725517414650693,3.5863245,8.476126,0.55634475,0.44072753,0.61953473,IDP-ESM2-8M,67,288,0.15670537948608398,0.38858699798583984,0.03336844338628853,0.03868538141250605,0.04698298944618562
Q6L620,2.7586705684661865,6.467967987060547,0.5296071346648131,0.4021210372447967,0.5887522976430174,2.6166894,6.114082,0.5071227,0.39844486,0.62655395,IDP-ESM2-8M,67,288,0.1419811248779297,0.35388612747192383,0.022484439218798724,0.0036761760711669367,0.03780165505092181
Q6L8S9,2.8857195377349854,6.822199821472168,0.530337313121706,0.4179742336273193,0.5998359848610542,2.73838,6.4751205,0.54640096,0.43029705,0.57955325,IDP-ESM2-8M,67,288,0.1473395824432373,0.3470792770385742,0.016063651138395363,0.012322813272476252,0.02028273836294625
Q6LAM5,2.735472679138184,6.329776763916016,0.500352818684556,0.4006263613700866,0.6413062765804386,2.5876112,5.990922,0.49755073,0.39232576,0.6456676,IDP-ESM2-8M,67,288,0.14786148071289107,0.3388547897338867,0.002802092747666407,0.008300602436065618,0.004361335972204228
Q6PL42,2.9648478031158447,6.736685752868652,0.5250279272037119,0.4166795611381531,0.6538042384779562,3.2105799,7.619608,0.54368,0.42825624,0.6208126,IDP-ESM2-8M,67,288,0.24573206901550293,0.8829221725463867,0.018652085022392795,0.011576682329177856,0.03299164358736173
Q6PNN9,3.3715264797210693,8.122313499450684,0.5458943747341826,0.4287697970867157,0.5791326974781555,3.4199607,8.007022,0.5366231,0.42401358,0.6178375,IDP-ESM2-8M,67,288,0.04843425750732422,0.11529159545898438,0.0092712544262602,0.00475621223449707,0.03870479117312009
Q6PNP1,3.2244951725006104,7.397436141967773,0.5007980896668349,0.4128736853599548,0.6604714001170341,3.2956574,7.6703196,0.5275975,0.4222056,0.6281137,IDP-ESM2-8M,67,288,0.07116222381591797,0.27288341522216797,0.026799397305973915,0.009331911802291926,0.03235771307861246
Q6Q435,1.5923476219177246,3.678548574447632,0.5337595416051507,0.4345449209213257,0.5968183120686377,1.5174354,3.7097578,0.5790229,0.46620697,0.52725905,IDP-ESM2-8M,67,288,0.0749121904373169,0.031209230422973633,0.04526334276374577,0.031662046909332275,0.0695592602688635
Q6QDP2,2.554704666137696,6.2132439613342285,0.5260931718651363,0.4033297598361969,0.584129543795906,2.5348277,5.8937035,0.50681514,0.39403936,0.62302804,IDP-ESM2-8M,67,288,0.019876956939698154,0.31954050064086914,0.019278036386162878,0.00929039716720581,0.038898496136344995
Q6QDP3,2.469371795654297,5.796480655670166,0.504197896349668,0.3823313117027282,0.6109355247271044,2.5601401,6.0118217,0.514376,0.39752078,0.6056886,IDP-ESM2-8M,67,288,0.09076833724975586,0.21534109115600586,0.010178088319063638,0.015189468860626276,0.005246952797172799
Q6QK79,2.3386306762695312,5.418101787567139,0.5053266430460752,0.4009521007537842,0.6431781955925935,2.2617753,5.3133497,0.5318853,0.4239765,0.6063687,IDP-ESM2-8M,67,288,0.07685542106628418,0.1047520637512207,0.02655868286258567,0.023024410009384155,0.03680947506112986
Q6QPN2,1.5393062829971311,3.687211275100708,0.5477612294978118,0.4449065327644348,0.5440511316180008,1.4731898,3.5493503,0.5631603,0.44581512,0.53035176,IDP-ESM2-8M,67,288,0.06611645221710183,0.13786101341247559,0.01539907075700997,0.000908583402633667,0.01369937361476592
Q6QQZ8,2.580897808074951,6.219671249389648,0.5551981639619814,0.4309503436088562,0.5314630594765714,2.6062834,6.1096597,0.5132399,0.39595956,0.6085691,IDP-ESM2-8M,67,288,0.025385618209838867,0.11001157760620117,0.04195824382266866,0.034990787506103516,0.07710602612142059
Q6QX44,2.5571274757385254,6.504353046417236,0.6350170734645972,0.4943828880786896,0.5116153586814234,2.6253688,6.4787006,0.6291592,0.49301267,0.51818806,IDP-ESM2-8M,67,288,0.06824135780334473,0.025652408599853516,0.005857861352170479,0.0013702213764190674,0.00657270064856319
Q6QX45,2.572512149810791,6.508735179901123,0.6331599560995833,0.4983611702919006,0.5064286359211715,2.564414,6.3588243,0.62717354,0.49102232,0.5174283,IDP-ESM2-8M,67,288,0.008098125457763672,0.14991092681884766,0.005986413123203915,0.007338851690292303,0.01099964300186318
Q6QXN6,2.367586135864258,5.618709564208984,0.581913093811028,0.4521792531013489,0.5495220767802669,2.4731157,6.0380974,0.6003924,0.4714467,0.51636195,IDP-ESM2-8M,67,288,0.1055295467376709,0.4193878173828125,0.018479307407386347,0.01926743984222412,0.03316012495226395
Q6RJI1,2.164913892745972,5.06606388092041,0.507932667058118,0.4099828600883484,0.6066406506637038,2.2420979,5.219799,0.50711924,0.39939594,0.6297773,IDP-ESM2-8M,67,288,0.07718396186828569,0.15373516082763672,0.0008134286815005831,0.010586917400360107,0.023136661615043796
Q6SL65,2.161513328552246,5.58795166015625,0.6273728483982928,0.4682694375514984,0.4987930518851867,2.0447361,5.041505,0.60869986,0.4854595,0.53027,IDP-ESM2-8M,67,288,0.11677718162536621,0.5464468002319336,0.01867299020966362,0.01719006896018982,0.03147692854541634
Q6SPV7,2.19763445854187,5.1984734535217285,0.5384215703884132,0.4212076067924499,0.5881631952334274,2.0760922,4.852343,0.5231675,0.41773993,0.60724205,IDP-ESM2-8M,67,288,0.12154221534729004,0.34613037109375,0.015254079429245726,0.0034676790237426203,0.01907885255328523
Q6SPW0,2.055255174636841,4.969564914703369,0.5456537772900191,0.4339564442634582,0.5747552447264905,2.0947075,4.9322324,0.53354806,0.42341143,0.5873425,IDP-ESM2-8M,67,288,0.039452314376831055,0.03733253479003906,0.012105720210703885,0.010545015335082952,0.012587255960154975
Q6SPW6,2.1450161933898926,5.0379638671875,0.550439624490544,0.4310363531112671,0.5735961890270416,2.0436168,4.8098984,0.53160506,0.42509034,0.5952272,IDP-ESM2-8M,67,288,0.10139942169189453,0.22806549072265625,0.018834559621616953,0.00594601035118103,0.021630992884426936
Q6TNN1,1.7742036581039429,4.230389595031738,0.546821753984131,0.4289165437221527,0.5542496823219178,1.7054416,4.052074,0.5447199,0.43370417,0.56005037,IDP-ESM2-8M,67,288,0.06876206398010254,0.1783156394958496,0.0021018791252748192,0.004787623882293701,0.005800685987103149
Q6TVK4,4.712969779968262,11.346480369567873,0.55748028934228,0.42815101146698,0.5987409731460644,4.311878,10.249208,0.55376995,0.4307047,0.61202306,IDP-ESM2-8M,67,288,0.4010915756225586,1.09727191925049,0.003710343243952363,0.002553701400756836,0.013282082407371831
Q6TVY4,5.14002799987793,12.416936874389648,0.5610203616537888,0.4413512349128723,0.597259967601435,5.044873,12.019495,0.5659353,0.43847224,0.5972657,IDP-ESM2-8M,67,288,0.0951547622680664,0.3974418640136719,0.00491495204784087,0.0028789937496185303,5.752765996680509e-06
Q6U9S1,2.17130184173584,5.221794605255127,0.5221571682588936,0.4035719931125641,0.596446315708735,2.1684616,5.194136,0.5463737,0.4263478,0.56544036,IDP-ESM2-8M,67,288,0.002840280532836914,0.027658462524414062,0.024216556678545387,0.022775799036026,0.03100595897732017
Q6UDH5,1.8142189979553225,4.3163652420043945,0.512674610782679,0.3966047763824463,0.604498091969246,1.7558483,3.8937657,0.4709353,0.3965653,0.6963137,IDP-ESM2-8M,67,288,0.05837070941925071,0.42259955406188965,0.04173929588895642,3.948807716369629e-05,0.09181558724904626
Q6UGK8,1.845523834228516,4.41352128982544,0.5750490982930008,0.4724903106689453,0.5445670788896487,1.8860755,4.5740047,0.56760836,0.45095804,0.5469811,IDP-ESM2-8M,67,288,0.040551662445067915,0.16048336029052646,0.007440741817170693,0.021532267332077026,0.0024140173780514695
Q6VB58,1.8550479412078853,4.407886505126953,0.5308224736683997,0.4276774525642395,0.5721426470006873,1.8462839,4.3382425,0.51869583,0.40854788,0.5898934,IDP-ESM2-8M,67,288,0.008764028549193892,0.06964397430419922,0.012126642369571616,0.019129574298858643,0.017750753668410613
Q6VB60,2.4176602363586426,5.629108905792236,0.5123571473101256,0.4045636057853699,0.6056500071875316,2.6630127,6.216112,0.5266214,0.41563952,0.58621264,IDP-ESM2-8M,67,288,0.24535250663757324,0.587003231048584,0.014264253999841436,0.011075913906097412,0.01943737214724839
Q6VB61,2.8100476264953613,6.665946006774902,0.5358198852749938,0.4117551743984222,0.5727646747079517,2.8494885,6.6930676,0.51923335,0.40529674,0.60670733,IDP-ESM2-8M,67,288,0.03944087028503418,0.027121543884277344,0.016586539289581204,0.006458431482315008,0.033942659810480946
Q6VB71,1.8810659646987915,4.47946834564209,0.5475026227691935,0.4247125685214996,0.5529100906346814,1.8764724,4.612835,0.5730193,0.44662294,0.51768357,IDP-ESM2-8M,67,288,0.004593610763549805,0.13336658477783203,0.025516702963991333,0.021910369396209772,0.03522652501807377
Q6VTP7,2.505278348922729,6.4012064933776855,0.6558744524682508,0.5213404893875122,0.5027661178055288,2.8058298,6.953931,0.6593763,0.5259989,0.49740952,IDP-ESM2-8M,67,288,0.30055141448974654,0.5527243614196777,0.00350187075486319,0.004658401012420654,0.005356595272112075
Q6VV29,1.4795007705688477,3.6253175735473633,0.5516941636524128,0.4262625575065613,0.5269569699240065,1.6040182,3.9438028,0.5804485,0.45793995,0.4820963,IDP-ESM2-8M,67,288,0.12451744079589844,0.3184852600097656,0.028754344610221527,0.03167739510536194,0.04486065549376972
Q6VV44,1.475824236869812,3.564107656478882,0.549250963617155,0.4231118857860565,0.5291716790103334,1.7200289,4.2167497,0.586525,0.46304476,0.48117143,IDP-ESM2-8M,67,288,0.24420464038848877,0.652642011642456,0.03727405936639605,0.03993287682533264,0.04800024985307627
Q6VXF3,1.476813554763794,3.502723455429077,0.5420013198614605,0.4424268007278442,0.5697035671017737,1.4981875,3.597325,0.5625105,0.45198086,0.5346819,IDP-ESM2-8M,67,288,0.021373987197875977,0.09460163116455078,0.020509170556019973,0.009554058313369806,0.03502165086489628
Q6VY62,2.337672233581543,5.863138198852539,0.6465155046680235,0.5153680443763733,0.4764080338044001,1.9878145,4.740443,0.5459477,0.4533647,0.6134551,IDP-ESM2-8M,67,288,0.3498576879501343,1.122694969177246,0.10056783373143907,0.06200334429740906,0.1370470829444097
Q6VZE3,2.272423505783081,5.51564884185791,0.5612855869617575,0.4402637481689453,0.5648862473667099,2.3722057,5.719741,0.5585239,0.4350173,0.56681997,IDP-ESM2-8M,67,288,0.09978222846984863,0.20409202575683594,0.0027616936054342123,0.005246460437774658,0.0019337184726760936
Q6VZT0,2.18497371673584,5.311223983764648,0.5746672838414504,0.4529153704643249,0.5411373551083771,2.1357727,5.1920795,0.57106984,0.44555482,0.55792475,IDP-ESM2-8M,67,288,0.049201011657714844,0.11914443969726562,0.0035974472249342693,0.007360547780990545,0.01678739235866389
Q6WHL7,2.097550392150879,4.9373955726623535,0.5692539296165863,0.4562895894050598,0.5566984418762982,2.06113,4.840526,0.5411244,0.44343752,0.619668,IDP-ESM2-8M,67,288,0.036420345306396484,0.09686946868896484,0.028129526139871186,0.012852072715759277,0.06296956502067441
Q6WY30,2.5215368270874023,5.955776214599609,0.5007125951944876,0.3960498571395874,0.6297660605583649,2.4856207,5.834051,0.5167671,0.40859428,0.6154062,IDP-ESM2-8M,67,288,0.03591609001159668,0.12172508239746094,0.01605448940405363,0.012544423341751099,0.014359845367477475
Q6YH51,7.320462226867676,17.39740753173828,0.609914166868617,0.4946008920669555,0.6178418402805358,5.5017724,13.173151,0.5761921,0.45844287,0.6853862,IDP-ESM2-8M,67,288,1.8186898231506348,4.22425651550293,0.033722085894038134,0.036158025264739935,0.06754434059714975
Q6YH62,2.564833641052246,6.061092376708984,0.5204733171082784,0.4135684669017792,0.5951349721612065,2.664936,6.2839785,0.5251173,0.41249228,0.59576195,IDP-ESM2-8M,67,288,0.10010242462158203,0.2228860855102539,0.0046439609907816815,0.0010761916637420654,0.0006269826231868336
Q70EH9,2.256706714630127,5.211214542388916,0.5072849390236005,0.392616868019104,0.6034322194406926,2.315518,5.375986,0.50632364,0.39772418,0.6219495,IDP-ESM2-8M,67,288,0.058811187744140625,0.16477155685424805,0.0009613034454449831,0.005107313394546509,0.018517274444347698
Q70EI1,2.3307747840881348,5.506917953491211,0.5445982164411342,0.4274991750717163,0.5483368621989864,2.3937001,5.566215,0.5121285,0.40047586,0.60792667,IDP-ESM2-8M,67,288,0.06292533874511719,0.05929708480834961,0.03246974411294812,0.0270233154296875,0.05958980453761642
Q70EI2,2.305631637573242,5.477755069732666,0.5351632270578719,0.4209823608398437,0.5600726971176747,2.4125845,5.5852633,0.49939924,0.39463392,0.6371583,IDP-ESM2-8M,67,288,0.10695290565490723,0.10750818252563477,0.035763982272563055,0.026348441839218084,0.07708557753289902
Q70EI3,2.598297119140625,6.090439319610596,0.5087941321096333,0.394977331161499,0.6139290050957842,2.787713,6.4369774,0.5012043,0.393146,0.6395305,IDP-ESM2-8M,67,288,0.18941593170166016,0.34653806686401367,0.007589820261946545,0.0018313229084014893,0.025601474812205316
Q70EI6,2.776308536529541,6.74744987487793,0.5476065868975486,0.4286254048347473,0.5628084581960094,2.7047768,6.367893,0.53123295,0.41867852,0.5975875,IDP-ESM2-8M,67,288,0.07153177261352539,0.37955665588378906,0.01637363382595436,0.009946882724761963,0.03477906764856453
Q70EI7,2.3223912715911865,5.569392204284668,0.5460101811350452,0.4251411557197571,0.5434543485325699,2.3534791,5.51184,0.51759666,0.40155816,0.5967942,IDP-ESM2-8M,67,288,0.031087875366210938,0.057552337646484375,0.028413519090520034,0.02358299493789673,0.05333983949004362
Q70EJ0,3.058694362640381,7.146986484527588,0.5469933496119954,0.4375001788139343,0.5763024628161825,3.0457838,7.1878405,0.54295146,0.4272178,0.58710694,IDP-ESM2-8M,67,288,0.012910604476928711,0.04085397720336914,0.00404188495898028,0.010282367467880249,0.010804480314310694
Q70GQ7,1.8627036809921265,4.368287086486816,0.5042677771392344,0.3981814086437225,0.6091124181382181,1.8594894,4.405374,0.52583724,0.41369635,0.5749214,IDP-ESM2-8M,67,288,0.003214240074157715,0.03708696365356445,0.021569465464067572,0.015514940023422297,0.03419098898096107
Q70VJ7,2.332477331161499,5.564907073974609,0.51925048278472,0.4096395969390869,0.6113203024028487,2.3270695,5.4732347,0.53138626,0.42218947,0.5904542,IDP-ESM2-8M,67,288,0.005407810211181641,0.09167242050170898,0.012135773433236574,0.012549877166748047,0.020866081631059186
Q70VK5,2.279634475708008,5.247781753540039,0.4889645832183667,0.3966677486896515,0.6615306433229603,2.387303,5.527842,0.51354766,0.41249844,0.62791747,IDP-ESM2-8M,67,288,0.10766863822937012,0.2800602912902832,0.024583075701921364,0.015830695629119873,0.033613174775139254
Q70VN3,2.429715633392334,5.672295570373535,0.5134105526553528,0.4074264466762543,0.6145530409953894,2.4146056,5.654997,0.5309176,0.4224424,0.59334254,IDP-ESM2-8M,67,288,0.015110015869140625,0.01729869842529297,0.0175070322407348,0.015015959739685059,0.021210498347074003
Q70VN5,2.355597734451294,5.523637771606445,0.4908131701507134,0.3821170926094055,0.6488239142803198,2.4357111,5.6443896,0.5047195,0.40323448,0.63955575,IDP-ESM2-8M,67,288,0.08011341094970703,0.12075185775756836,0.013906325622602023,0.02111738920211792,0.009268162002945557
Q70VQ5,2.406754493713379,5.399946689605713,0.4978472185897253,0.4117988348007202,0.6457000426944283,2.4062285,5.6163087,0.522719,0.4142753,0.604349,IDP-ESM2-8M,67,288,0.0005259513854980469,0.21636199951171875,0.024871807022152137,0.0024764537811279297,0.041351025551178755
Q70VR9,2.106546401977539,5.104905605316162,0.5335297758984839,0.4077145457267761,0.5623564171617322,2.201161,5.1757026,0.5279244,0.41858092,0.59046,IDP-ESM2-8M,67,288,0.09461450576782227,0.07079696655273438,0.005605357449082082,0.010866373777389526,0.028103585260600528
Q70VT5,2.3853189945220947,5.704394340515137,0.5015119280054693,0.3954074084758758,0.6320264225041515,2.376905,5.5574236,0.5243447,0.41747823,0.6049439,IDP-ESM2-8M,67,288,0.008414030075073242,0.1469707489013672,0.022832754688012158,0.022070825099945124,0.02708255100604362
Q70VT7,2.25594449043274,5.127158164978027,0.4836446458796844,0.3822836279869079,0.6671574694446282,2.293218,5.364435,0.525739,0.41884366,0.6014236,IDP-ESM2-8M,67,288,0.03727340698242099,0.23727703094482422,0.04209436826902774,0.03656002879142767,0.06573384826695483
Q716F8,1.85551118850708,4.438958644866943,0.5462828390183625,0.4083129465579986,0.5671900014809929,1.8670923,4.5745807,0.583824,0.46036392,0.5253349,IDP-ESM2-8M,67,288,0.011581063270568848,0.1356220245361328,0.037541139882546926,0.052050977945327814,0.041855106823857846
Q719M9,2.2157201766967773,5.143022060394287,0.4481599436921195,0.4092940390110016,0.779343455454892,2.5697958,5.989179,0.5416808,0.4567309,0.6174273,IDP-ESM2-8M,67,288,0.35407567024230957,0.8461570739746094,0.09352086914357388,0.04743686318397522,0.16191616596896063
Q71BY2,2.8214311599731445,6.344538688659668,0.5306795038701809,0.424539715051651,0.6026084276784897,3.076337,7.2699647,0.5391328,0.4213188,0.5917222,IDP-ESM2-8M,67,288,0.25490593910217285,0.9254260063171387,0.008453270006009261,0.0032209157943725586,0.01088623729839322
Q73233,1.5254905223846436,3.6985039710998535,0.5807880147604654,0.471746414899826,0.531221512660088,1.4917128,3.574149,0.55943257,0.45263037,0.5590805,IDP-ESM2-8M,67,288,0.033777713775634766,0.12435507774353027,0.021355448594541304,0.019116044044494573,0.02785896886914785
Q75QS2,2.624948740005493,6.316055774688721,0.5377659545878488,0.425811767578125,0.597384831836224,2.6223009,6.198788,0.5298209,0.41659406,0.61409795,IDP-ESM2-8M,67,288,0.002647876739501953,0.11726760864257812,0.007945035550983581,0.009217709302902222,0.016713121006488363
Q75QS3,2.5275821685791016,6.224846363067627,0.5580438003868672,0.4284420907497406,0.5557143991380561,2.6127307,6.270288,0.5511326,0.42654967,0.57379085,IDP-ESM2-8M,67,288,0.08514857292175293,0.045441627502441406,0.006911181005916256,0.0018924176692962646,0.01807644911710138
Q75QT5,2.429696559906006,5.749466419219971,0.5224370656115581,0.3921277523040771,0.6188184114796829,2.3593912,5.6208973,0.5374777,0.41960615,0.5887139,IDP-ESM2-8M,67,288,0.07030534744262695,0.1285691261291504,0.015040606488509023,0.027478396892547663,0.030104527126045166
Q75QT6,2.704485416412353,6.507486343383789,0.5595770875445147,0.4376252889633178,0.5706413942737804,2.7693524,6.6096296,0.54406023,0.42320135,0.5877037,IDP-ESM2-8M,67,288,0.06486701965332076,0.1021432876586914,0.015516857289387787,0.014423936605453436,0.01706231056020402
Q75R01,2.2098069190979004,5.199785709381104,0.5398651084094575,0.4098648428916931,0.5840859886248904,2.0521073,4.812926,0.5313855,0.42097116,0.59465253,IDP-ESM2-8M,67,288,0.1576995849609375,0.386859893798829,0.008479627051882987,0.011106312274932861,0.010566544906298603
Q75ZR8,2.4300730228424072,5.565831184387207,0.50027875599508,0.3742142617702484,0.6288565640928921,2.549406,5.9911513,0.5230663,0.40406302,0.5890807,IDP-ESM2-8M,67,288,0.11933302879333496,0.4253201484680176,0.022787526277258885,0.029848754405975342,0.039775872755306696
Q75ZS3,2.4403738975524902,5.643614292144775,0.5038751062231163,0.4041329324245453,0.6172009478371864,2.54538,5.98432,0.52397037,0.40436095,0.58245945,IDP-ESM2-8M,67,288,0.10500621795654297,0.34070587158203125,0.020095259301175727,0.00022801756858825684,0.03474149806911997
Q75ZS7,2.4154257774353027,5.609750270843506,0.4982203585921658,0.3819852769374847,0.6294691313755901,2.456942,5.7459984,0.51066583,0.3949981,0.61151016,IDP-ESM2-8M,67,288,0.04151630401611328,0.13624811172485352,0.012445475357876934,0.013012826442718561,0.017958973790446087
Q76745,1.6197668313980105,4.083465576171875,0.5671609058460524,0.4411065280437469,0.5451906792214589,1.7857996,4.3913836,0.59153086,0.46643353,0.51558053,IDP-ESM2-8M,67,288,0.1660327911376951,0.30791807174682617,0.024369953624315044,0.025326997041702326,0.02961014428646136
Q77369,1.9440592527389529,4.746858596801758,0.5403707700022311,0.4138834476470947,0.5638217623022344,1.9772663,4.5312257,0.4988962,0.40816924,0.63017315,IDP-ESM2-8M,67,288,0.033207058906554954,0.21563291549682617,0.041474558616504176,0.005714207887649536,0.06635138442246657
Q778N1,2.499972581863404,5.774899959564209,0.5104073166113389,0.3991115689277649,0.6231563915571252,2.5064142,5.8339977,0.51147723,0.40647322,0.622095,IDP-ESM2-8M,67,288,0.0064415931701651274,0.0590977668762207,0.001069915368031249,0.007361650466918945,0.0010614027341881993
Q77F13,3.321436882019043,8.371323585510254,0.6471326115862842,0.505106508731842,0.5247048288668835,3.2489302,8.119015,0.6405817,0.50649834,0.5457976,IDP-ESM2-8M,67,288,0.07250666618347168,0.25230884552001953,0.006550884558391146,0.0013918280601501465,0.021092757574156518
Q77IW3,3.715964317321777,9.1942777633667,0.649436248938466,0.5244867205619812,0.4745223584745893,3.614583,8.6988,0.5665933,0.43764013,0.56048566,IDP-ESM2-8M,67,288,0.10138130187988237,0.49547767639160156,0.08284295956316079,0.08684659004211426,0.08596330255522638
Q77MY7,3.0509839057922363,7.320374965667725,0.5377580044460517,0.430095374584198,0.5865928829409264,3.0377853,7.156002,0.5370942,0.41934964,0.5960859,IDP-ESM2-8M,67,288,0.013198614120483398,0.16437292098999023,0.0006638286304694319,0.010745733976364136,0.009493023087821184
Q78226,1.740126371383667,4.147510528564453,0.548712385065547,0.444865345954895,0.5622153503832164,1.8408757,4.2423086,0.5073777,0.41233107,0.61205125,IDP-ESM2-8M,67,288,0.10074937343597412,0.09479808807373047,0.041334700949183456,0.032534271478652954,0.04983589816719869
Q78501,1.4404035806655884,3.4157140254974365,0.5279631551519135,0.4262422919273376,0.575778475533812,1.432838,3.3800435,0.5578079,0.4614594,0.5645844,IDP-ESM2-8M,67,288,0.007565617561340332,0.03567051887512207,0.02984476721136775,0.03521710634231573,0.011194101106016596
Q78643,2.1109724044799805,4.895960807800293,0.5107781486462863,0.4039984941482544,0.6275850694964933,2.126813,4.962302,0.5167873,0.41413042,0.6179354,IDP-ESM2-8M,67,288,0.015840530395507812,0.06634140014648438,0.006009141926833772,0.010131925344467163,0.009649650413851685
Q78646,2.087161064147949,4.726436138153076,0.5038146937871881,0.40785813331604,0.6286454842541241,2.150515,5.0751967,0.53262293,0.4248694,0.59282315,IDP-ESM2-8M,67,288,0.0633540153503418,0.34876060485839844,0.02880823960056822,0.017011255025863703,0.03582233648038147
Q78648,2.0587680339813232,4.931785583496094,0.5159857622114852,0.4088473618030548,0.6019198121907052,2.2132797,5.1829276,0.5278888,0.42168754,0.5912768,IDP-ESM2-8M,67,288,0.1545116901397705,0.2511420249938965,0.011903012660340995,0.012840181589126587,0.010642987716370511
Q78649,2.068198204040528,4.783517837524414,0.4925050154845913,0.408644437789917,0.6457404986001979,2.1608994,5.0592127,0.52045333,0.41704547,0.6134834,IDP-ESM2-8M,67,288,0.09270119667053178,0.2756948471069336,0.02794831837008399,0.008401036262512207,0.03225706964511976
Q78652,2.156191825866699,4.989538669586182,0.5117084112420426,0.4012297689914703,0.628542503006386,2.2047296,5.1956186,0.5338144,0.4257573,0.59016985,IDP-ESM2-8M,67,288,0.0485377311706543,0.20607995986938477,0.02210595939012905,0.02452751994133001,0.03837265599481987
Q78653,2.13857364654541,4.991508483886719,0.5275372376140944,0.425722986459732,0.5963660149377846,2.1837497,5.1091795,0.5203364,0.4165583,0.6098393,IDP-ESM2-8M,67,288,0.045176029205322266,0.11767101287841797,0.007200848072468458,0.009164690971374456,0.013473305245015665
Q79401,2.4664597511291504,5.163742065429688,0.452170464666185,0.373496413230896,0.7532921948633912,2.6243172,6.052824,0.49554372,0.39742267,0.6497871,IDP-ESM2-8M,67,288,0.15785741806030273,0.8890819549560538,0.043373253671827705,0.023926258087158203,0.10350506689174199
Q7LZ01,1.5135626792907717,3.5976362228393555,0.5467123001017221,0.4530716836452484,0.5660223478366646,1.4309878,3.3623493,0.5433173,0.44357914,0.5716577,IDP-ESM2-8M,67,288,0.08257484436035178,0.23528695106506348,0.0033949821390756307,0.009492546319961548,0.005635369391271183
Q7LZT9,1.5984091758728027,3.951191902160645,0.6223475156926175,0.4914660155773163,0.4998499959345853,1.6732544,4.092884,0.5885457,0.48141107,0.52903944,IDP-ESM2-8M,67,288,0.07484519481658936,0.14169216156005815,0.03380183564653594,0.010054945945739746,0.0291894466046298
Q7SPR3,1.9051367044448853,4.5100860595703125,0.5152535675061333,0.400879830121994,0.6038743880552203,1.9270264,4.548193,0.5302985,0.42215627,0.5849776,IDP-ESM2-8M,67,288,0.021889686584472656,0.03810691833496094,0.015044903944672394,0.02127644419670105,0.018896761254683203
Q7SPR5,1.957728266716004,4.7753448486328125,0.514595962544064,0.3997653126716614,0.596469188211926,2.0479953,4.832546,0.52750003,0.4173764,0.5846393,IDP-ESM2-8M,67,288,0.09026706218719416,0.057201385498046875,0.01290407083453704,0.01761108636856079,0.011829877375133968
Q7SPR7,1.8933377265930176,4.502748966217041,0.5257335076768325,0.4262837469577789,0.5860275862277552,1.8629625,4.380708,0.5315284,0.4243145,0.58082014,IDP-ESM2-8M,67,288,0.030375242233276367,0.1220407485961914,0.005794905618913382,0.0019692480564116877,0.005207443004946355
Q7SPR8,2.020904302597046,4.765145778656006,0.5323856805282502,0.4065092504024505,0.5842771085510386,2.099309,4.921541,0.5331738,0.4260579,0.59172153,IDP-ESM2-8M,67,288,0.07840466499328613,0.15639543533325195,0.0007881189865203142,0.01954865455627447,0.007444426177965258
Q7SPR9,1.926642179489136,4.581130027770996,0.5441528138014878,0.4267033338546753,0.5588445436576669,1.9806073,4.6665835,0.54047513,0.43343085,0.569904,IDP-ESM2-8M,67,288,0.053965091705322044,0.08545351028442383,0.0036776837203110757,0.0067275166511535645,0.011059485711687356
Q7SPS1,1.9871258735656736,4.740675449371338,0.5244791043115118,0.4003946781158447,0.5936662042569139,1.9654112,4.6636877,0.53256524,0.4218862,0.57184964,IDP-ESM2-8M,67,288,0.021714687347411887,0.07698774337768555,0.00808613178010198,0.021491527557373047,0.021816560072801305
Q7SPW1,2.39235258102417,5.486040115356445,0.5479722228075635,0.4541974663734436,0.6023188128577251,2.2320747,5.1678233,0.53085405,0.43653038,0.6441073,IDP-ESM2-8M,67,288,0.1602778434753418,0.31821680068969727,0.017118176462806445,0.01766708493232727,0.0417884693039875
Q7T5C0,3.639978647232056,8.500556945800781,0.5375933745758025,0.417969673871994,0.6035993798158995,3.7047029,8.734767,0.5343006,0.42695254,0.62491345,IDP-ESM2-8M,67,288,0.06472420692443803,0.23421001434326172,0.0032927492515532064,0.008982867002487183,0.021314074239886627
Q7T5F8,3.044257164001465,7.474794864654541,0.6285607398490918,0.4797837436199188,0.5170693903624917,3.2141771,8.073861,0.6834432,0.52346903,0.3924113,IDP-ESM2-8M,67,288,0.1699199676513672,0.5990662574768066,0.05488244881820559,0.04368528723716736,0.12465809876321798
Q7T5M5,2.505409479141236,5.648788928985596,0.3935882450310543,0.3163866400718689,0.8100274797688324,3.1099944,7.3238387,0.5168131,0.39267698,0.59328717,IDP-ESM2-8M,67,288,0.6045849323272701,1.6750497817993164,0.12322485435325359,0.07629033923149109,0.2167403098355133
Q7T9U3,2.444546937942505,5.884575366973877,0.6175505834492511,0.4908782839775085,0.5403717507817154,2.7785473,6.8827934,0.6361028,0.49751922,0.49767765,IDP-ESM2-8M,67,288,0.3340003490447998,0.9982180595397949,0.018552212151640046,0.006640940904617365,0.042694096753776556
Q7TB66,2.3560173511505127,5.61701774597168,0.5476094169423478,0.4413383603096008,0.5701410166646399,2.3750134,5.6622367,0.54599255,0.42688704,0.5737602,IDP-ESM2-8M,67,288,0.018996000289916992,0.04521894454956055,0.001616863708247429,0.014451324939727728,0.0036191948031030208
Q7TDE5,1.736161231994629,4.295766353607178,0.6051789063483808,0.4877026081085205,0.5265146392487701,1.6942875,4.0346565,0.56963736,0.46765122,0.5746689,IDP-ESM2-8M,67,288,0.04187369346618652,0.2611098289489746,0.035541548159751635,0.020051389932632446,0.04815424502857368
Q7TDG1,2.440160751342773,5.8543009757995605,0.5350867671307836,0.4025765359401703,0.576500019500567,2.4740345,5.809533,0.5082716,0.39628944,0.6209483,IDP-ESM2-8M,67,288,0.03387379646301314,0.04476785659790039,0.026815192156723566,0.006287097930908203,0.044448295166181095
Q7TDL0,1.9476944208145144,4.947673320770264,0.6270965097071125,0.4903401136398315,0.4882782434674815,1.9415531,4.778598,0.5920809,0.46784803,0.50211525,IDP-ESM2-8M,67,288,0.00614130496978782,0.16907548904418945,0.03501561857475777,0.022492080926895086,0.013837006166307564
Q7TDN1,1.6310847997665403,3.783821821212769,0.5362090620867189,0.4448954463005066,0.5594744919989248,1.7984035,4.1411123,0.4900084,0.40038288,0.6528906,IDP-ESM2-8M,67,288,0.1673187017440798,0.3572905063629146,0.04620064829506243,0.04451256990432739,0.09341613061688936
Q7TFN9,4.70388650894165,10.966371536254885,0.5477181362885862,0.4296449422836303,0.5825025577732966,4.7766232,11.276467,0.5428267,0.42610058,0.602278,IDP-ESM2-8M,67,288,0.07273674011230469,0.31009578704833807,0.004891424157085988,0.0035443603992461603,0.019775436382587164
Q7TG50,1.6727336645126345,4.05918025970459,0.5373028835099152,0.404906302690506,0.5510167275731448,1.6420944,3.9334776,0.5408488,0.42682883,0.55569017,IDP-ESM2-8M,67,288,0.03063929080963157,0.1257026195526123,0.003545908089358507,0.021922528743743896,0.004673441761266828
Q7THH5,1.4211658239364624,3.33998966217041,0.5160034988700417,0.4174630343914032,0.5970530805351559,1.5232497,3.7472143,0.5821326,0.46009457,0.5111822,IDP-ESM2-8M,67,288,0.10208392143249512,0.4072246551513672,0.06612907902607645,0.04263153672218323,0.085870891547424
Q7THI5,1.4548815488815308,3.5231409072875977,0.5577216560280321,0.437257319688797,0.5484708920035845,1.5631768,3.7903779,0.5641613,0.44584417,0.54193056,IDP-ESM2-8M,67,288,0.10829520225524902,0.26723694801330566,0.006439644631147545,0.008586853742599487,0.006540335706282208
Q7ZGU1,1.4353564977645874,3.4391205310821533,0.5552556024640459,0.439260333776474,0.5339789284697621,1.372607,3.239347,0.5393675,0.43042096,0.54997754,IDP-ESM2-8M,67,288,0.06274950504302979,0.19977355003356934,0.015888105496730254,0.00883936882019043,0.015998612500086495
Q7ZGU2,1.5741353034973145,3.8390109539031982,0.5830821282720191,0.4589061737060547,0.52542760414044,1.5853004,3.8618777,0.59089184,0.47196895,0.5132987,IDP-ESM2-8M,67,288,0.011165142059326172,0.02286672592163086,0.007809709801711362,0.013062775135040283,0.012128913821378706
Q7ZPK4,2.324878215789795,5.442756175994873,0.5075886927150849,0.3935213983058929,0.621188768227875,2.3413525,5.496628,0.52398694,0.4157332,0.60562146,IDP-ESM2-8M,67,288,0.016474246978759766,0.05387163162231445,0.016398242900454663,0.022211790084838923,0.015567311127960504
Q80553,1.682769775390625,4.231700897216797,0.5925675669328285,0.4680991470813751,0.5182174822179207,1.8130089,4.436637,0.5891424,0.46516705,0.5147502,IDP-ESM2-8M,67,288,0.13023912906646729,0.20493602752685547,0.003425184787900548,0.0029321014881134033,0.0034672995892891523
Q80889,3.3339672088623047,7.982330322265625,0.5979262733461974,0.4747088253498077,0.5569547463767531,3.3911047,7.964157,0.558796,0.45541808,0.6235135,IDP-ESM2-8M,67,288,0.057137489318847656,0.0181732177734375,0.03913028478647451,0.019290745258331243,0.0665587733871934
Q80893,1.8107208013534544,3.393764019012451,0.2000000000002205,0.2752513587474823,1.3634329391896662,1.8585258,3.8118343,0.37667674,0.33143675,0.856949,IDP-ESM2-8M,67,288,0.04780495166778587,0.41807031631469727,0.176676738261956,0.056185394525527954,0.5064839674413142
Q80GM7,2.500362157821656,5.597243785858154,0.4566323091802274,0.3874469101428985,0.7459782407564389,2.5662222,5.842713,0.4837609,0.398518,0.69217134,IDP-ESM2-8M,67,288,0.06586003303527743,0.2454690933227539,0.027128584164651748,0.011071085929870661,0.05380690553610201
Q80LM0,3.3044629096984863,8.419278144836426,0.6518961420355791,0.521593451499939,0.5121876124270168,3.252413,7.95899,0.6324102,0.5045255,0.55515075,IDP-ESM2-8M,67,288,0.052049875259399414,0.46028804779052734,0.01948591378316822,0.01706796884536743,0.04296313487217751
Q80RB4,2.6691505908966064,6.128409385681152,0.5134591337274356,0.4009764194488525,0.6428456254607301,2.3629282,5.567176,0.5224575,0.41084766,0.62031496,IDP-ESM2-8M,67,288,0.30622243881225586,0.5612335205078125,0.008998346703167459,0.009871244430542048,0.02253066974936535
Q81837,2.6471753120422363,6.180966377258301,0.5034759836771676,0.3854084014892578,0.6081664220654313,2.7228348,6.392254,0.51377994,0.3985027,0.61076915,IDP-ESM2-8M,67,288,0.07565951347351074,0.2112874984741211,0.010303954543810168,0.013094305992126465,0.002602730575865131
Q81839,2.413398504257202,5.414122104644775,0.4990025784069559,0.3971904516220093,0.6259949237350965,2.2945387,5.388232,0.52444845,0.40553647,0.58779,IDP-ESM2-8M,67,288,0.11885976791381836,0.025889873504638672,0.025445875973079513,0.008346021175384521,0.038204911375477324
Q81846,2.556515455245972,5.7213287353515625,0.4870753979333606,0.3889623880386352,0.6462815696651949,2.600096,6.057007,0.5038923,0.39078873,0.6267917,IDP-ESM2-8M,67,288,0.043580532073974165,0.3356781005859375,0.016816904579761982,0.0018263459205627997,0.019489854043246657
Q81859,1.941206336021424,4.498297214508057,0.5348134554922812,0.4296631217002868,0.5606735800448691,1.7383776,4.15841,0.5458494,0.43089274,0.5437433,IDP-ESM2-8M,67,288,0.20282876491546697,0.3398871421813965,0.011035927385068645,0.0012296140193939764,0.016930267686012912
Q82401,1.9273498058319087,4.674860000610352,0.5687852294593284,0.4544095993041992,0.5497769957619273,1.7724817,4.1923075,0.5459314,0.44135535,0.579654,IDP-ESM2-8M,67,288,0.1548681259155269,0.48255252838134766,0.02285383059076762,0.013054251670837402,0.02987698258585103
Q82615,2.1967031955718994,5.270341396331787,0.5750315987238108,0.4661600589752197,0.5313029239190686,2.4795468,5.880695,0.55183744,0.4359746,0.56926024,IDP-ESM2-8M,67,288,0.28284358978271484,0.6103534698486328,0.0231941544183909,0.030185461044311523,0.03795731568206662
Q83112,2.4273691177368164,5.401426315307617,0.3818648948486203,0.3419457972049713,0.9003110327203596,2.9154294,6.531253,0.465602,0.3867634,0.7309993,IDP-ESM2-8M,67,288,0.48806023597717285,1.129826545715332,0.08373711563988984,0.044817596673965454,0.16931174177721386
Q83190,1.8162955045700075,4.151134014129639,0.5059440045009317,0.4226828515529632,0.609434945832656,1.893415,4.4080405,0.51757634,0.4128316,0.6099402,IDP-ESM2-8M,67,288,0.07711946964263894,0.25690650939941406,0.01163233235972505,0.009851247072219793,0.0005052254091042485
Q83502,2.333153486251831,5.465939521789551,0.5168786375838141,0.3942832052707672,0.6042234056290628,2.3967843,5.6852355,0.53028417,0.41209856,0.5881557,IDP-ESM2-8M,67,288,0.06363081932067871,0.21929597854614258,0.013405528752245432,0.017815351486206055,0.016067718773746686
Q83508,2.303960084915161,5.635577201843262,0.5290576110699122,0.3944763839244842,0.5712804859637138,2.3742769,5.6077557,0.52342355,0.40754116,0.59656924,IDP-ESM2-8M,67,288,0.07031679153442383,0.02782154083251953,0.005634058556789667,0.013064771890640314,0.025288754129517366
Q84108,1.4701887369155884,3.490061044692993,0.5436250052218201,0.4464656710624695,0.5641989588671907,1.5168992,3.625485,0.5444005,0.4384831,0.5735926,IDP-ESM2-8M,67,288,0.04671049118041992,0.13542389869689941,0.0007755079503295459,0.007982581853866577,0.009393644339443785
Q84187,3.2755730152130127,7.403826713562012,0.5188040795488492,0.4047897756099701,0.6398778671160399,3.3252583,7.935923,0.5545373,0.430637,0.57452846,IDP-ESM2-8M,67,288,0.04968523979187012,0.5320963859558105,0.0357332167463168,0.02584722638130188,0.06534941138178696
Q84188,3.317211866378784,7.906732559204102,0.527663443712427,0.4072441160678863,0.619589440882841,3.5163574,8.336189,0.53704214,0.4194491,0.6005357,IDP-ESM2-8M,67,288,0.19914555549621582,0.4294567108154297,0.009378697248266343,0.012204974889755305,0.019053750098386613
Q84265,1.7091381549835205,4.461712837219238,0.6572675346279118,0.5127397775650024,0.4768532976576388,1.6578282,4.2151556,0.6353022,0.51599973,0.49451143,IDP-ESM2-8M,67,288,0.051309943199157715,0.24655723571777344,0.0219653486156437,0.0032599568367004395,0.01765812783750892
Q84494,2.5668625831604004,6.2721099853515625,0.5909897303970834,0.4734230041503906,0.5568359328909019,2.4984434,6.0052667,0.5921318,0.47320724,0.5504984,IDP-ESM2-8M,67,288,0.06841921806335449,0.266843318939209,0.0011420631019095628,0.00021576881408691406,0.00633750693036117
Q84648,2.4181182384490967,5.291885852813721,0.4541854033429404,0.3771840929985046,0.7743444050978334,2.5957205,5.949314,0.5026838,0.42101017,0.6967957,IDP-ESM2-8M,67,288,0.17760229110717773,0.6574282646179199,0.04849841499736113,0.04382607340812689,0.0775487031172426
Q85298,2.231123685836792,5.264142990112305,0.5318580304580882,0.4236052632331848,0.5602595103451423,2.329144,5.445488,0.52501816,0.41351476,0.58201313,IDP-ESM2-8M,67,288,0.09802031517028809,0.18134498596191406,0.006839874883289632,0.010090500116348267,0.02175361984284596
Q85305,3.5165631771087646,8.396141052246094,0.5150491284927229,0.4005700647830963,0.6198556385010322,3.4258773,7.9894857,0.5122941,0.41110587,0.6482337,IDP-ESM2-8M,67,288,0.09068584442138672,0.40665531158447266,0.0027550148567060395,0.01053580641746521,0.028378073218480737
Q85470,2.344582319259644,5.621095180511475,0.5596028068600463,0.4444097876548767,0.5695881601999319,2.3618398,5.6522074,0.5598939,0.4449634,0.5736556,IDP-ESM2-8M,67,288,0.017257452011107954,0.031112194061279297,0.0002910992564393311,0.0005536079406738281,0.0040674451162302505
Q85513,1.8949766159057613,4.419712543487549,0.5067199996568114,0.3896359503269195,0.5979269381620702,1.8841848,4.440682,0.5227096,0.41888618,0.59897894,IDP-ESM2-8M,67,288,0.010791778564452681,0.020969390869140625,0.01598960842119157,0.029250234365463312,0.0010519985101404838
Q85653,2.4609503746032715,5.957133769989014,0.545082719316416,0.410690039396286,0.5662023760763216,2.4799018,5.845694,0.5404957,0.4282763,0.5906179,IDP-ESM2-8M,67,288,0.018951416015625,0.11143970489501953,0.004587025632791786,0.01758626103401184,0.02441551905002115
Q856E0,2.435454607009888,5.6183671951293945,0.5305887221506275,0.4171556532382965,0.5806959110898052,2.550745,6.0116434,0.5256957,0.4116128,0.5973347,IDP-ESM2-8M,67,288,0.11529040336608842,0.3932762145996094,0.004893040578667018,0.005542844533920288,0.01663877185163154
Q856H1,2.8331897258758545,6.36356258392334,0.4702870814017852,0.3522939682006836,0.6935978143900166,2.8405254,6.6559134,0.51460505,0.40239397,0.6161409,IDP-ESM2-8M,67,288,0.007335662841796875,0.29235076904296875,0.044317963916818304,0.05009999871253967,0.07745691234762764
Q857F1,1.9089175462722776,4.624036312103272,0.561308883866015,0.4420055150985718,0.5577346976328741,2.109347,5.161658,0.5722576,0.451422,0.54509765,IDP-ESM2-8M,67,288,0.2004295587539675,0.5376214981079093,0.01094869450694036,0.00941649079322815,0.012637048535431461
Q858H2,2.2714977264404297,5.358869552612305,0.5342302510248212,0.4173140227794647,0.5801727786191603,2.3490338,5.5432425,0.52700806,0.4117698,0.5901,IDP-ESM2-8M,67,288,0.07753610610961914,0.1843729019165039,0.0072221943841962455,0.005544215440750122,0.009927211748729126
Q858N3,1.8922052383422847,4.47996711730957,0.5791652984593342,0.4680044054985046,0.5447027148653096,1.9021553,4.6487412,0.5842444,0.4643468,0.53516674,IDP-ESM2-8M,67,288,0.009950041770935503,0.16877412796020508,0.005079072001176077,0.0036576092243194025,0.009535974447829165
Q859F3,2.734153985977173,6.318538665771484,0.5233399169290743,0.4209075570106506,0.6239964012100694,2.7261927,6.465518,0.5379247,0.41983652,0.58909535,IDP-ESM2-8M,67,288,0.007961273193359375,0.14697933197021484,0.014584790006808235,0.0010710358619689386,0.03490104712986919
Q859H4,1.7651139497756958,3.9370038509368896,0.5174478976452815,0.4167422354221344,0.5930447487749337,1.8155634,4.2826295,0.5185178,0.42129838,0.6208256,IDP-ESM2-8M,67,288,0.050449490547180176,0.345625638961792,0.0010698945796024928,0.004556149244308472,0.02778083992822178
Q859K4,2.1587185859680176,5.097195625305176,0.5346513340258904,0.426057904958725,0.588895845737231,2.0983994,4.9594593,0.52445424,0.4119692,0.60024846,IDP-ESM2-8M,67,288,0.06031918525695801,0.13773632049560547,0.010197097995311766,0.014088690280914307,0.011352610264050766
Q86596,1.882698655128479,4.648428440093994,0.5873258983020551,0.467346727848053,0.5371975945706325,1.74475,4.1472635,0.55885637,0.45004606,0.5769073,IDP-ESM2-8M,67,288,0.1379486322402954,0.5011649131774902,0.02846953023717469,0.017300665378570557,0.03970968253660623
Q86686,3.3214545249938965,8.03752326965332,0.5645053835189233,0.4517839848995209,0.5568790641605972,3.6176238,8.645218,0.56977755,0.4468153,0.55509543,IDP-ESM2-8M,67,288,0.2961692810058594,0.6076946258544922,0.005272164794217549,0.00496867299079895,0.001783629971754408
Q86818,1.4876006841659546,3.572122573852539,0.5692326195295089,0.4518249630928039,0.5451275872917117,1.5220068,3.740143,0.5812812,0.46260047,0.5070668,IDP-ESM2-8M,67,288,0.034406065940856934,0.16802048683166504,0.012048565620637608,0.010775506496429499,0.03806080100249665
Q86965,2.3783392906188965,5.751488208770752,0.5976112481722505,0.482634425163269,0.5364590287377736,2.6883168,6.5367374,0.5873302,0.45885554,0.5345836,IDP-ESM2-8M,67,288,0.30997753143310547,0.7852492332458496,0.010281026042428754,0.023778885602950994,0.0018754005601308021
Q87071,1.948654770851136,4.759888648986816,0.5635627598269471,0.4400036334991455,0.5518850962980043,1.9660147,4.7487063,0.56831324,0.4510571,0.54688567,IDP-ESM2-8M,67,288,0.017359972000121404,0.011182308197021484,0.0047504811779967016,0.011053472757339478,0.004999427066589512
Q87072,2.4061946868896484,5.804715633392334,0.5394152214944695,0.4211857616901397,0.5565024738010351,2.5221653,5.952421,0.52202076,0.40608335,0.5919685,IDP-ESM2-8M,67,288,0.11597061157226562,0.1477055549621582,0.01739446429613578,0.015102416276931707,0.035466002971273225
Q87076,3.753006219863892,8.945398330688477,0.649548686790597,0.5891907215118408,0.5308010439188987,3.4920933,8.15088,0.6062285,0.5240912,0.6339698,IDP-ESM2-8M,67,288,0.26091289520263716,0.7945184707641602,0.043320215988289834,0.06509953737258911,0.10316873986406028
Q87171,1.7494467496871948,4.258360385894775,0.5334888366730726,0.4159649610519409,0.5612692466431053,1.7952008,4.28112,0.5401832,0.42696637,0.5635536,IDP-ESM2-8M,67,288,0.045754075050354004,0.022759437561035156,0.006694349857994331,0.011001408100128174,0.002284325057944514
Q87172,1.890057682991028,4.359037399291992,0.5302610410284494,0.4273333847522735,0.5916420989134623,2.0151207,4.931134,0.57112044,0.4418674,0.5244734,IDP-ESM2-8M,67,288,0.12506306171417214,0.5720968246459961,0.04085939993148102,0.014534026384353693,0.06716867018726602
Q87175,1.8407248258590696,4.288876533508301,0.5256045417096474,0.4159977436065674,0.5911310572184396,2.0835025,5.1080065,0.56607044,0.43492827,0.5354279,IDP-ESM2-8M,67,288,0.24277770519256614,0.8191299438476562,0.04046589572168802,0.018930524587631226,0.055703129247553385
Q87177,1.9158358573913568,4.481898784637451,0.5518306513848277,0.4471443891525268,0.5680301467157227,2.0396326,4.958253,0.5533594,0.42794913,0.55280685,IDP-ESM2-8M,67,288,0.12379670143127508,0.47635412216186523,0.001528737920287071,0.019195258617401068,0.015223292467675842
Q87184,1.900517582893372,4.497279167175293,0.5291359039539847,0.4247347116470337,0.5889386206947803,2.012054,4.8247623,0.55205804,0.43400007,0.5578379,IDP-ESM2-8M,67,288,0.11153638362884477,0.3274831771850586,0.022922137141748955,0.009265363216400146,0.03110071719517704
Q87189,1.9887704849243164,4.6917219161987305,0.5344175109716705,0.4248858392238617,0.5937061656736464,2.1125615,5.1491737,0.56544095,0.43788064,0.5403247,IDP-ESM2-8M,67,288,0.12379097938537598,0.45745182037353516,0.031023441806192098,0.01299479603767395,0.05338147771588275
Q87190,1.9445347785949707,4.694295406341553,0.553933149292858,0.4353905916213989,0.5539390726152577,2.1151066,5.1236825,0.55351126,0.42729875,0.5606428,IDP-ESM2-8M,67,288,0.17057180404663086,0.42938709259033203,0.00042188735285553225,0.008091837167739868,0.0067037062581859486
Q87209,1.883392333984375,4.4453558921813965,0.5465096491508042,0.4372758567333221,0.5672730921857321,1.8156087,4.4490833,0.5714965,0.4467046,0.5309679,IDP-ESM2-8M,67,288,0.06778359413146973,0.003727436065673828,0.024986837513014115,0.009428739547729548,0.036305200969454
Q87272,1.8023443222045896,4.1998209953308105,0.5405051997787704,0.4354568123817444,0.5811455637831328,1.9071246,4.606229,0.5519766,0.4321942,0.56066614,IDP-ESM2-8M,67,288,0.10478031635284446,0.40640783309936523,0.01147142137220003,0.0032626092433929443,0.0204794198889372
Q87273,1.910977125167847,4.721356391906738,0.5415328087945649,0.4067498445510864,0.5653223686203145,2.1337287,5.213229,0.5631747,0.43419558,0.5425828,IDP-ESM2-8M,67,288,0.2227516174316404,0.49187278747558594,0.02164191578429253,0.027445733547210693,0.02273955869523514
Q87596,1.5309635400772097,3.609955549240112,0.5462609251144986,0.4321434795856476,0.5638420134149029,1.5329336,3.710991,0.5626376,0.45016527,0.54789805,IDP-ESM2-8M,67,288,0.001970052719115989,0.10103535652160689,0.016376702010287736,0.01802179217338562,0.015943959291978116
Q89267,1.7680599689483645,4.277081489562988,0.5743777185003984,0.4566713571548462,0.5394190344364743,1.59408,3.8312373,0.5565505,0.445187,0.55702174,IDP-ESM2-8M,67,288,0.17397999763488792,0.4458441734313965,0.017827215723298817,0.011484354734420776,0.017602702662219527
Q8AEV4,2.1481375694274902,4.912395000457764,0.5174260460672568,0.4151901304721832,0.6045366812370412,2.15113,5.040847,0.52447623,0.41870776,0.6035149,IDP-ESM2-8M,67,288,0.002992391586303711,0.12845182418823242,0.007050184077243893,0.003517627716064453,0.0010217714927784893
Q8AEV6,2.150338649749756,4.8571295738220215,0.5164563523246277,0.4163385331630707,0.6169753997666524,2.1950397,5.1206408,0.52387524,0.41794875,0.604157,IDP-ESM2-8M,67,288,0.04470109939575195,0.26351118087768555,0.007418884186602748,0.0016102194786071777,0.012818428788869185
Q8AEV8,2.188788414001465,5.043856620788574,0.5309638238212355,0.4405152201652527,0.5880627819902898,2.127409,4.958072,0.51636666,0.41424704,0.618622,IDP-ESM2-8M,67,288,0.061379432678222656,0.0857844352722168,0.01459716322629534,0.026268184185028076,0.030559222995519497
Q8AM83,1.9252958297729488,4.68759298324585,0.5717770132053521,0.4607213735580444,0.5595193778371615,1.9189036,4.524283,0.5586066,0.4562588,0.58116955,IDP-ESM2-8M,67,288,0.006392240524291548,0.16331005096435547,0.01317038860208064,0.004462569952011053,0.02165016781332063
Q8ATK1,1.510115146636963,3.6488771438598633,0.529168035765292,0.3978473544120788,0.5635689819017229,1.4206216,3.4371483,0.5652802,0.45137927,0.52963823,IDP-ESM2-8M,67,288,0.0894935131072998,0.21172881126403809,0.03611216328561129,0.05353191494941717,0.033930751101094225
Q8B5D2,2.948056697845459,6.392031192779541,0.4200383422976778,0.3590063452720642,0.8713689999373455,2.860052,6.6191645,0.49356738,0.39638686,0.69837534,IDP-ESM2-8M,67,288,0.08800458908081055,0.22713327407836914,0.0735290350311949,0.03738051652908325,0.1729936556609173
Q8B5E1,3.154872417449951,7.609166145324707,0.524475898246269,0.4016056060791015,0.6322068969892819,2.8517916,6.7059393,0.51759696,0.4071627,0.63980967,IDP-ESM2-8M,67,288,0.30308079719543457,0.9032268524169922,0.006878938178519922,0.005557090044021662,0.007602771074835535
Q8B6B2,3.737600088119507,8.77453899383545,0.5270346408122388,0.4015873670578003,0.5944841450558007,4.4523363,10.474577,0.52488256,0.4057601,0.61996824,IDP-ESM2-8M,67,288,0.7147362232208252,1.700037956237793,0.00215208580430426,0.0041727423667907715,0.025484090436905582
Q8BCG5,2.756294012069702,6.295297622680664,0.5090769568102451,0.4077019095420837,0.6329442110314706,2.6702576,6.267816,0.519642,0.405963,0.6083101,IDP-ESM2-8M,67,288,0.08603644371032715,0.027481555938720703,0.010565038619747558,0.0017389059066771906,0.02463410761502771
Q8BEN1,4.573805332183838,10.128045082092283,0.514067023861418,0.4043739140033722,0.6301421437000531,4.2594914,9.999246,0.5040908,0.3876231,0.6465104,IDP-ESM2-8M,67,288,0.3143138885498047,0.12879943847656072,0.009976237881193395,0.016750812530517578,0.016368278529713787
Q8J4J0,1.9325717687606807,4.593986988067627,0.55837083010165,0.4444997012615204,0.562425373169328,1.8934879,4.676486,0.5757063,0.44705644,0.5291243,IDP-ESM2-8M,67,288,0.039083838462829146,0.08249902725219727,0.017335473018009417,0.002556741237640381,0.0333010536159527
Q8JKR9,3.447957754135132,8.349820137023926,0.5999740900751517,0.4640620946884155,0.561510353540078,3.1725261,7.5182257,0.54227656,0.44340882,0.6963545,IDP-ESM2-8M,67,288,0.27543163299560547,0.8315944671630859,0.05769752881492829,0.02065327763557434,0.13484415485988532
Q8JL45,3.383532762527466,7.941946983337402,0.6081667359726798,0.4837362170219421,0.5373094268223522,3.3182716,8.033473,0.58063775,0.45835385,0.5686801,IDP-ESM2-8M,67,288,0.0652611255645752,0.09152603149414062,0.02752898296288364,0.025382369756698553,0.03137068077118421
Q8JLL5,2.602977991104126,6.146408557891846,0.5008143550156455,0.3950321674346924,0.6223136323362939,2.6826499,6.240866,0.5136887,0.4055731,0.6182938,IDP-ESM2-8M,67,288,0.07967185974121094,0.09445762634277344,0.012874328494181131,0.010540932416915894,0.004019810524617862
Q8JM67,3.121939182281494,7.706883430480957,0.6499895127907154,0.5369358658790588,0.499516021293055,3.0173588,7.437345,0.643803,0.5030547,0.46450537,IDP-ESM2-8M,67,288,0.10458040237426758,0.26953840255737305,0.006186512340581096,0.033881187438964844,0.035010646861444894
Q8JQG9,2.792051076889038,6.6367292404174805,0.5155678778507654,0.4021358489990234,0.640732871836789,3.0956647,7.2468834,0.53211176,0.4219217,0.6113323,IDP-ESM2-8M,67,288,0.30361366271972656,0.6101541519165039,0.016543886103397187,0.019785851240158137,0.029400574511654676
Q8JQR2,2.7597250938415527,6.218890190124512,0.4971451227475224,0.3942276835441589,0.6730705924684004,3.005902,7.0174227,0.52138567,0.413575,0.6224967,IDP-ESM2-8M,67,288,0.24617695808410645,0.7985324859619141,0.024240546960729525,0.0193473100662232,0.05057386833967725
Q8JQS3,2.839595317840576,6.606118202209473,0.5295437065792523,0.4056571125984192,0.612291843524395,2.9925702,7.015942,0.5286618,0.4174144,0.6134869,IDP-ESM2-8M,67,288,0.15297484397888184,0.4098238945007324,0.0008819190693341028,0.01175728440284729,0.001195042500080068
Q8JRY1,2.2093045711517334,5.170777797698975,0.5785286450215075,0.477550208568573,0.5561692442489885,2.3114069,5.7551203,0.62653047,0.4894693,0.4857312,IDP-ESM2-8M,67,288,0.10210227966308594,0.5843424797058105,0.048001823442390235,0.011919081211090088,0.07043802996409165
Q8JXK6,1.599881649017334,3.7541327476501465,0.5220188844757185,0.4047066569328308,0.5908567807065639,1.5405302,3.6776545,0.548436,0.43414313,0.55001837,IDP-ESM2-8M,67,288,0.059351444244384766,0.07647824287414551,0.02641710156630417,0.029436469078063965,0.04083841055504411
Q8JYS1,2.771571636199951,6.861899375915527,0.6034834813180062,0.4509390890598297,0.5169193605370639,2.8259013,6.7868667,0.5703537,0.4545759,0.58022845,IDP-ESM2-8M,67,288,0.054329633712768555,0.07503271102905273,0.033129794508466426,0.0036368072032928467,0.06330908737705965
Q8LT64,2.154839277267456,4.9559102058410645,0.5129868036452448,0.4041436910629272,0.6316339162810163,2.1423912,5.0885277,0.53385067,0.41767988,0.5900283,IDP-ESM2-8M,67,288,0.01244807243347168,0.13261747360229492,0.020863866215594995,0.013536185026168879,0.041605630300791674
Q8QLE8,3.005034208297729,7.457358837127685,0.6375197782754326,0.5165477991104126,0.5062460641976594,3.1328237,7.7189884,0.64277077,0.5003624,0.46889007,IDP-ESM2-8M,67,288,0.12778949737548873,0.2616295814514169,0.00525098893648146,0.016185402870178223,0.037355993282437217
Q8QN60,2.434586763381958,5.82832145690918,0.5338164569059423,0.4166022837162018,0.5864952170802546,2.462191,5.8254433,0.53198516,0.4204339,0.59599704,IDP-ESM2-8M,67,288,0.027604341506958008,0.0028781890869140625,0.0018312932172825924,0.003831624984741211,0.009501818423132802
Q8QNS2,2.0031955242156982,5.033370971679688,0.616963294876384,0.4711450636386871,0.5169226798540885,2.2320056,5.5561733,0.6286142,0.4998019,0.50298864,IDP-ESM2-8M,67,288,0.22881007194519043,0.5228023529052725,0.01165089236421657,0.02865684032440191,0.013934043360405601
Q8QNS5,1.947186589241028,4.501284599304199,0.5057230523962324,0.4038415551185608,0.6213099008311741,1.9023924,4.5082264,0.52460635,0.4151464,0.5991787,IDP-ESM2-8M,67,288,0.044794201850891335,0.006941795349121094,0.018883294687813024,0.011304855346679688,0.022131228994321073
Q8QPP9,1.9234176874160769,4.854743480682373,0.5638765394334347,0.4303420782089233,0.5435224159030392,1.9907839,4.7438517,0.55519336,0.441567,0.56232625,IDP-ESM2-8M,67,288,0.06736624240875222,0.11089181900024414,0.008683174813226002,0.011224925518035944,0.018803836557440556
Q8QPS6,1.9743536710739136,4.852754592895508,0.5815733225380246,0.4482566714286804,0.5290976135453958,2.0585063,4.976182,0.57384634,0.45367703,0.53994215,IDP-ESM2-8M,67,288,0.08415257930755615,0.1234273910522461,0.007726982358581269,0.00542035698890686,0.010844531802199464
Q8QPU8,1.977611064910889,4.85371208190918,0.5582803964923749,0.4311583042144775,0.5555637765679781,2.0392308,4.8795533,0.5584961,0.44286457,0.55819446,IDP-ESM2-8M,67,288,0.06161975860595681,0.025841236114501953,0.00021572109948297946,0.011706262826919611,0.0026306819166715956
Q8QRI8,3.174679756164551,7.366204738616943,0.5267336728407764,0.3904328942298889,0.6082309493842382,3.4290662,8.112511,0.5401194,0.42457289,0.584722,IDP-ESM2-8M,67,288,0.25438642501831055,0.7463059425354004,0.013385736720380792,0.03413999080657959,0.023508966905142703
Q8QRK4,3.138322830200196,7.414752006530762,0.5167909484802967,0.4031241238117218,0.6268273429932794,3.359894,7.9608393,0.55166566,0.43273747,0.57677644,IDP-ESM2-8M,67,288,0.2215712070465079,0.5460872650146484,0.03487471523888053,0.029613345861434937,0.05005089808132257
Q8QUL3,1.7046411037445068,4.059848308563232,0.5304932365894973,0.4373002648353576,0.5800296216301103,1.766295,4.2574167,0.55933267,0.43831536,0.5399655,IDP-ESM2-8M,67,288,0.061653852462768555,0.19756841659545898,0.0288394321917832,0.0010150969028473456,0.040064111261763125
Q8QUU2,2.8506433963775635,7.297249317169189,0.6551992215088784,0.534177839756012,0.5104525482176612,3.1973999,7.784505,0.61467946,0.49823985,0.6120284,IDP-ESM2-8M,67,288,0.3467564582824707,0.48725557327270597,0.040519765751737324,0.035937994718551636,0.10157587175380489
Q8QUW5,2.4320273399353027,5.876352310180664,0.5462673796075698,0.4163845777511596,0.5613852759812457,2.646846,6.337758,0.55378807,0.4288541,0.55963403,IDP-ESM2-8M,67,288,0.21481871604919434,0.46140575408935547,0.007520686302769586,0.012469530105590876,0.0017512461159807646
Q8QVQ9,2.63485050201416,6.026561737060547,0.4952932180325662,0.3775209188461303,0.6308584932163025,2.8658946,6.7020807,0.51305735,0.3999431,0.60663944,IDP-ESM2-8M,67,288,0.23104405403137207,0.6755189895629883,0.017764133079799516,0.02242219448089605,0.02421904838826905
Q8QYT4,1.434879183769226,3.239114999771118,0.5236702770514757,0.4328108131885528,0.5693005743230282,1.564757,3.7491593,0.5421779,0.43212947,0.556932,IDP-ESM2-8M,67,288,0.12987780570983887,0.5100443363189697,0.018507638521644387,0.0006813406944274347,0.012368601819366054
Q8QYT7,1.4327932596206665,3.4575486183166504,0.5222335990770353,0.4034828543663025,0.5719415788547738,1.4478173,3.4214883,0.53649926,0.43087623,0.557217,IDP-ESM2-8M,67,288,0.015024065971374512,0.036060333251953125,0.014265662779043842,0.027393370866775513,0.014724576939795786
Q8UU17,2.2879912853240967,5.466794490814209,0.5126764410404888,0.4029106497764587,0.6038047467698446,2.2178276,5.1864977,0.5276979,0.4189295,0.5926034,IDP-ESM2-8M,67,288,0.07016372680664062,0.28029680252075195,0.015021479758766554,0.01601883769035345,0.011201361321388825
Q8UZB3,3.555074453353882,8.5419282913208,0.5360271883980693,0.413186639547348,0.5733980258392459,3.9109256,9.205862,0.5214927,0.40211985,0.61406624,IDP-ESM2-8M,67,288,0.3558511734008789,0.6639337539672852,0.014534468747800733,0.011066794395446777,0.040668217332445966
Q8UZG8,3.07501220703125,5.462040901184082,0.2001741214856529,0.2573854327201843,1.7463611578402851,4.1901608,9.082553,0.37685722,0.333464,0.9589244,IDP-ESM2-8M,67,288,1.1151485443115234,3.620512008666992,0.1766830996409035,0.07607856392860413,0.7874367451129292
Q8V337,3.856855392456055,9.308316230773926,0.6003941452028888,0.4800785779953003,0.5233488055597612,3.5708961,8.486679,0.5514884,0.4318346,0.57443047,IDP-ESM2-8M,67,288,0.2859592437744145,0.8216371536254883,0.04890574569727357,0.048243969678878784,0.05108166013848103
Q8V339,3.701465368270874,8.605045318603516,0.5492102612714823,0.4285610914230346,0.6162182026717549,3.5818546,8.550506,0.56422335,0.43943986,0.5545071,IDP-ESM2-8M,67,288,0.11961078643798828,0.05453968048095703,0.015013087822908555,0.010878771543502863,0.061711125931489974
Q8V364,3.920478820800781,9.18545627593994,0.6030217305557433,0.487221360206604,0.5432634533842173,3.7252765,8.949121,0.58496004,0.45470226,0.531862,IDP-ESM2-8M,67,288,0.19520235061645463,0.23633480072021307,0.018061687125414894,0.03251910209655762,0.011401432891663621
Q8V367,4.015772342681885,9.670677185058594,0.6219443856111905,0.5075842142105103,0.500631597070092,3.8205566,9.171346,0.588836,0.4589258,0.5278508,IDP-ESM2-8M,67,288,0.19521570205688477,0.4993314743041992,0.033108371340408005,0.048658400774002075,0.027219209643012277
Q8V371,3.969528198242188,9.381158828735352,0.6011884708763794,0.4854299128055572,0.5358187746697379,3.831431,9.189018,0.5888648,0.45733613,0.5230253,IDP-ESM2-8M,67,288,0.13809728622436568,0.1921405792236328,0.012323667562170404,0.028093785047531072,0.012793500393004531
Q8V5H6,2.6432275772094727,6.176392078399658,0.5507988528702362,0.4434957206249237,0.571960400271244,2.492867,5.905031,0.5412241,0.423968,0.58224195,IDP-ESM2-8M,67,288,0.1503605842590332,0.2713608741760254,0.009574730822811905,0.019527733325958252,0.010281552148037054
Q8V5I4,2.691331148147583,6.4172682762146,0.5357774855394194,0.4160692989826202,0.5979881164106272,2.593313,6.1391506,0.5291929,0.4128887,0.6066987,IDP-ESM2-8M,67,288,0.09801816940307617,0.27811765670776367,0.006584561039907677,0.0031805932521819513,0.008710575434312973
Q8V636,2.71357536315918,6.390915393829346,0.5443825059449006,0.4459574222564697,0.572550764899569,2.6730137,6.132709,0.48532706,0.3956678,0.71001846,IDP-ESM2-8M,67,288,0.04056167602539107,0.2582063674926758,0.05905544095390325,0.05028963088989258,0.13746769108263923
Q8V650,1.7523815631866455,4.269736289978027,0.5658147805638999,0.4410756826400757,0.5394186733431509,1.5274491,3.695878,0.5597927,0.44533607,0.5436809,IDP-ESM2-8M,67,288,0.22493243217468262,0.5738582611083984,0.006022083134242906,0.004260390996932983,0.004262232952625511
Q8V652,1.703863263130188,3.998828172683716,0.5186743997876722,0.4171747863292694,0.6002744330446044,1.7400907,4.142949,0.543857,0.43141162,0.5700463,IDP-ESM2-8M,67,288,0.03622746467590332,0.1441209316253662,0.025182578628770713,0.01423683762550354,0.030228127388171266
Q8V654,1.737727403640747,4.16911506652832,0.5522888604652915,0.4327672123908996,0.5562895476725508,1.6210413,3.9003732,0.5546048,0.44143882,0.5532291,IDP-ESM2-8M,67,288,0.11668610572814941,0.2687418460845947,0.0023159678924050686,0.008671611547470148,0.003060454120915046
Q8V660,1.7756600379943848,4.416518688201904,0.5616748402426454,0.4425028264522552,0.5523557687210152,1.8133242,4.318518,0.54330444,0.4318233,0.5746156,IDP-ESM2-8M,67,288,0.037664175033569336,0.09800052642822266,0.018370396883270357,0.010679513216018621,0.022259829003899334
Q8V6V1,1.9892088174819944,4.696263313293457,0.5807899422829736,0.4666244387626648,0.5558689338245504,1.773165,4.003497,0.5101095,0.42996445,0.671666,IDP-ESM2-8M,67,288,0.2160438299179075,0.6927661895751953,0.07068045808726442,0.03665998578071594,0.1157970922908671
Q8W6W3,3.3309218883514404,8.497138977050781,0.6253448307655541,0.4877522587776184,0.5191239087180367,3.299765,7.990568,0.58983725,0.45450923,0.5608308,IDP-ESM2-8M,67,288,0.03115677833557129,0.5065708160400391,0.035507577671834656,0.033243030309677124,0.04170686320502848
Q8W6Y8,2.7941370010375977,6.759954929351807,0.5563694306279362,0.4303816258907318,0.5532086210200301,2.7280385,6.49812,0.5435472,0.420036,0.5693773,IDP-ESM2-8M,67,288,0.06609845161437988,0.26183509826660156,0.012822217550391035,0.010345637798309326,0.01616868210344402
Q90060,1.8251632452011108,4.446454048156738,0.5830472467248652,0.4541393518447876,0.528179039666466,1.8871483,4.5240793,0.5747016,0.46067718,0.5282082,IDP-ESM2-8M,67,288,0.061985015869140625,0.07762527465820312,0.008345639497539747,0.006537824869155884,2.9156496711535418e-05
Q902W3,1.4889745712280271,3.4983103275299072,0.4826523422186125,0.393117606639862,0.6485752286373986,1.48001,3.3498201,0.4945651,0.4091035,0.6456396,IDP-ESM2-8M,67,288,0.008964538574218528,0.14849019050598145,0.011912757259155471,0.015985906124115046,0.0029356302678001933
Q90CH1,2.5078065395355225,5.915487289428711,0.5036701327394952,0.3987602591514587,0.6354346854885469,2.5569618,5.9977503,0.5327078,0.425817,0.6095552,IDP-ESM2-8M,67,288,0.049155235290527344,0.08226299285888672,0.02903767766242127,0.02705675363540655,0.025879500647390863
Q90QE2,2.352693796157837,5.612348556518555,0.5063485419723209,0.3893942534923553,0.6226275623679033,2.3681772,5.5268054,0.5219161,0.41426983,0.608999,IDP-ESM2-8M,67,288,0.015483379364013672,0.08554315567016602,0.015567549469787223,0.024875581264495905,0.01362854846714645
Q90QF6,2.382713079452514,5.444692611694336,0.5000577428879452,0.4060013592243194,0.6438100351998726,2.3986347,5.6018753,0.5234624,0.4165612,0.6014671,IDP-ESM2-8M,67,288,0.015921592712402788,0.1571826934814453,0.02340467185357087,0.010559827089309748,0.042342962236157966
Q90SM4,1.7479063272476196,4.284599781036377,0.5604958148190221,0.4420609772205353,0.5459118575851571,1.8229918,4.3027587,0.5388218,0.43226087,0.5728613,IDP-ESM2-8M,67,288,0.07508552074432373,0.018158912658691406,0.021673998374625136,0.009800106287002563,0.02694945623472811
Q90VH2,2.589816093444824,5.9305572509765625,0.4787197424800388,0.3827978372573852,0.6967195169755079,2.8207207,6.572872,0.51976347,0.41142902,0.6212054,IDP-ESM2-8M,67,288,0.23090457916259766,0.6423149108886719,0.04104372721600613,0.028631180524826105,0.07551412747584363
Q912E2,2.417923927307129,5.640085220336914,0.5332725291440004,0.4010796248912811,0.5756165597789419,2.4628406,5.7889986,0.5210529,0.40255564,0.59471214,IDP-ESM2-8M,67,288,0.044916629791259766,0.14891338348388672,0.012219632167529415,0.0014760196208954413,0.019095578397022472
Q912E3,2.7283153533935547,6.458243370056152,0.5174258083632203,0.3975807428359985,0.5956940912552574,2.7458265,6.341568,0.4921328,0.38406128,0.64959455,IDP-ESM2-8M,67,288,0.01751112937927246,0.11667537689208984,0.025292995624801695,0.01351946592330927,0.053900454109122475
Q912E6,2.436033010482788,5.601041316986084,0.515564127877964,0.4102964103221893,0.599575181008363,2.538478,5.9306436,0.50871176,0.3940259,0.6154083,IDP-ESM2-8M,67,288,0.10244488716125488,0.3296022415161133,0.0068523726022377,0.016270518302917425,0.015833120345091545
Q914M9,1.5420461893081665,3.74367618560791,0.5891885168281381,0.4737049341201782,0.5256389851532404,1.5757642,3.8495495,0.58006966,0.46787953,0.536358,IDP-ESM2-8M,67,288,0.033717989921569824,0.10587334632873535,0.009118855687696215,0.005825400352478027,0.010719013694721058
Q917U3,2.701866388320923,6.266878604888916,0.4918978337386126,0.3702560365200043,0.6585859749988671,2.781161,6.278375,0.46648672,0.37653312,0.7180158,IDP-ESM2-8M,67,288,0.07929468154907227,0.011496543884277344,0.025411111507701367,0.0062770843505859375,0.059429814986789675
Q919P6,2.886072397232056,7.365871429443359,0.6665611078345541,0.5219743251800537,0.4886616076615487,3.051387,7.7072434,0.68049604,0.54396284,0.47537756,IDP-ESM2-8M,67,288,0.16531467437744096,0.341372013092041,0.01393492917182404,0.021988511085510254,0.013284047999683468
Q91BD7,3.0209875106811523,7.229867935180664,0.6051070761510063,0.4811283946037292,0.5358426031341159,2.8740306,6.8915462,0.58525926,0.45755118,0.5270799,IDP-ESM2-8M,67,288,0.1469569206237793,0.3383216857910156,0.01984781740390551,0.02357721328735346,0.008762722896536568
Q91DT1,1.4921464920043943,3.645920515060425,0.5627783482903156,0.4523327648639679,0.5349678170087734,1.5489848,3.6947672,0.55314165,0.4459942,0.55179447,IDP-ESM2-8M,67,288,0.05683827400207542,0.04884672164916992,0.009636694752565345,0.006338566541671753,0.016826652347763482
Q91EW9,2.1456902027130127,5.104515552520752,0.5821228936154093,0.4959256649017334,0.5645250842719272,2.2887106,5.75357,0.63887024,0.49988472,0.47213355,IDP-ESM2-8M,67,288,0.1430203914642334,0.6490545272827148,0.056747345642403246,0.003959059715270996,0.09239153720428495
Q91EY8,2.2798213958740234,5.068883895874023,0.4281297187446744,0.3483848869800567,0.7395262137203537,2.29392,5.1619325,0.474312,0.37653974,0.69708383,IDP-ESM2-8M,67,288,0.014098644256591797,0.0930485725402832,0.04618228868254115,0.02815485000610357,0.042442382886918595
Q91FZ1,1.9481512308120728,4.758131504058838,0.5534961827866137,0.4333553314208984,0.5614338837051915,1.9184296,4.628079,0.5603841,0.43828842,0.5496985,IDP-ESM2-8M,67,288,0.029721617698669434,0.1300525665283203,0.006887911928504686,0.0049330890178680975,0.011735411682181285
Q91HB7,1.3957096338272097,3.339897394180298,0.5467777632178743,0.4302185177803039,0.5418405772005691,1.4977319,3.5705245,0.554884,0.44522014,0.5477669,IDP-ESM2-8M,67,288,0.10202229022979714,0.23062705993652344,0.008106253295950161,0.015001624822616633,0.0059263467038498385
Q91HB9,1.4705297946929932,3.628468990325928,0.5835031307144537,0.4630553424358368,0.518864704883938,1.4883546,3.6297545,0.58058953,0.4653193,0.529198,IDP-ESM2-8M,67,288,0.017824769020080566,0.001285552978515181,0.002913597862280848,0.002263963222503662,0.010333286010379639
Q91HC5,1.4270929098129272,3.4447991847991943,0.5582654703945238,0.4508726000785827,0.5371448814089227,1.5040592,3.564683,0.55124176,0.44435078,0.55233747,IDP-ESM2-8M,67,288,0.0769662857055664,0.11988377571105957,0.00702371490898912,0.006521821022033636,0.015192586261517982
Q91HC6,1.441189169883728,3.512533187866211,0.5826620463230062,0.476786732673645,0.5088557292743896,1.5368106,3.6440103,0.55402565,0.4464818,0.5533339,IDP-ESM2-8M,67,288,0.09562146663665771,0.13147711753845215,0.02863639629859216,0.030304938554763794,0.04447814924276128
Q91HD2,1.403245449066162,3.4252517223358154,0.5631551132559705,0.433503657579422,0.5211689791574714,1.4866918,3.5074017,0.5408275,0.43363598,0.5622466,IDP-ESM2-8M,67,288,0.08344638347625732,0.08214998245239258,0.022327600514881585,0.0001323223114013672,0.04107764149758841
Q91IB8,1.9164152145385744,4.536133766174316,0.5397400559399174,0.4186068475246429,0.5563729248727667,1.8512168,4.4101653,0.5436848,0.42700335,0.55108976,IDP-ESM2-8M,67,288,0.0651984214782717,0.12596845626831055,0.003944724657769405,0.008396506309509333,0.005283161231409261
Q91IC2,1.9687762260437007,4.575587749481201,0.5069119576402291,0.398295521736145,0.6031686686194476,1.9322093,4.542501,0.52827543,0.41622806,0.5697077,IDP-ESM2-8M,67,288,0.0365669727325435,0.03308677673339844,0.021363472562255015,0.017932534217834473,0.03346097694998351
Q91IC3,1.8307876586914065,4.315728664398193,0.536394453948631,0.4299128651618957,0.5550004741198812,1.8244541,4.3398504,0.54071593,0.42582542,0.5524897,IDP-ESM2-8M,67,288,0.00633358955383323,0.024121761322021484,0.004321478897438391,0.004087448120117132,0.0025107761866841605
Q91J04,1.498690485954285,3.579329252243042,0.5409275972601223,0.4268697500228882,0.5594048079220425,1.5297314,3.5432224,0.5243693,0.4252041,0.58930385,IDP-ESM2-8M,67,288,0.031040906906127708,0.03610682487487793,0.016558297848348613,0.001665651798248291,0.02989904320558201
Q91J05,1.467923283576965,3.4409964084625244,0.5121931610300567,0.4080934524536133,0.592206774753412,1.4376645,3.4006996,0.5445072,0.43798086,0.5558418,IDP-ESM2-8M,67,288,0.030258774757385032,0.04029679298400879,0.032314044456240865,0.029887408018112183,0.036364971202691776
Q91J06,1.4956494569778442,3.589371919631958,0.545996969358381,0.4384521842002868,0.5500625409904294,1.4649394,3.423398,0.5358644,0.43323842,0.5754686,IDP-ESM2-8M,67,288,0.03071010112762451,0.16597390174865723,0.01013255657380463,0.005213767290115301,0.025406058805865772
Q91J12,1.488661289215088,3.5175621509552,0.5379345606959208,0.4276150166988373,0.5600129796665497,1.4133599,3.3365397,0.5398656,0.43412814,0.56245506,IDP-ESM2-8M,67,288,0.0753014087677002,0.18102240562438965,0.0019310522877827863,0.006513118743896484,0.0024420784312896293
Q91J15,1.5292308330535889,3.6829004287719727,0.5561410207256244,0.4410905838012695,0.5481066790884938,1.4418186,3.4066827,0.5485369,0.44379625,0.55657685,IDP-ESM2-8M,67,288,0.08741223812103271,0.2762176990509033,0.007604124019996994,0.00270566344261175,0.008470168941596579
Q91KJ0,2.52376127243042,5.642313957214356,0.4956063696750313,0.4158108830451965,0.6530891879659247,2.6245675,6.0863743,0.49338564,0.39089704,0.64800745,IDP-ESM2-8M,67,288,0.10080623626708984,0.4440603256225577,0.002220726908078785,0.024913847446441595,0.005081735477979188
Q91N87,2.1862685680389404,5.326135635375977,0.5730909165138942,0.4405888617038727,0.5378301882954697,2.066049,4.9283547,0.5428882,0.42971128,0.578352,IDP-ESM2-8M,67,288,0.12021946907043457,0.3977808952331543,0.030202692388985763,0.0108775794506073,0.040521786191834996
Q91PE4,1.5832889080047607,3.828235149383545,0.5868541223932404,0.4768784344196319,0.5222624451869371,1.3690052,3.3214288,0.55626124,0.44315302,0.54132736,IDP-ESM2-8M,67,288,0.21428370475769043,0.5068063735961914,0.03059288095723578,0.033725410699844305,0.019064912105238196
Q91PF9,1.708423733711243,4.009804725646973,0.5237452591471707,0.411992609500885,0.5855869160114061,1.7487285,4.226882,0.5468713,0.4275012,0.5564943,IDP-ESM2-8M,67,288,0.04030478000640847,0.21707725524902344,0.023126045364853187,0.015508592128753662,0.029092620414329695
Q91PG3,1.6775833368301392,4.05040979385376,0.5227884648894972,0.4107648432254791,0.5761200635508904,1.6446664,3.9442332,0.5460194,0.43217218,0.55048525,IDP-ESM2-8M,67,288,0.032916903495788574,0.10617661476135254,0.023230910434752117,0.021407335996627808,0.025634810216844994
Q91PI7,1.6295028924942017,3.755120038986206,0.5308984233573912,0.3991474211215973,0.5709914743666629,1.6592826,4.00609,0.545582,0.42923918,0.56004465,IDP-ESM2-8M,67,288,0.029779672622680664,0.25097012519836426,0.014683573083496215,0.03009176254272461,0.010946828103540307
Q91QS1,2.175609827041626,5.019096374511719,0.5241551844733796,0.4139510989189148,0.5740601555110981,1.8873028,4.205785,0.46456873,0.37864655,0.69544816,IDP-ESM2-8M,67,288,0.2883070707321167,0.8133115768432617,0.05958645030437326,0.03530454635620117,0.12138800466041066
Q91QS3,2.181024074554444,5.005103588104248,0.5138717578372034,0.4098919928073883,0.5869034542752384,2.0988257,4.8471923,0.5033878,0.40145305,0.6317542,IDP-ESM2-8M,67,288,0.08219838142395064,0.1579113006591797,0.01048394903745975,0.008438944816589355,0.04485076525677456
Q91QU6,2.156642198562622,5.1153178215026855,0.5181462538408379,0.4083280265331268,0.5900262261609089,1.9468832,4.374578,0.475945,0.38491997,0.6849637,IDP-ESM2-8M,67,288,0.20975899696350098,0.7407398223876953,0.04220125796071095,0.0234080553054809,0.09493747699460864
Q91QZ4,2.0544512271881104,4.787442684173584,0.4996030695354302,0.384196937084198,0.5979544031737636,1.9083376,4.3182936,0.47364205,0.38087434,0.6709251,IDP-ESM2-8M,67,288,0.14611363410949707,0.469149112701416,0.025961018315490025,0.003322601318359375,0.07297067760245102
Q91QZ5,2.1090662479400635,5.040611743927002,0.5254195204668987,0.4161820113658905,0.5673522072006767,1.9210856,4.528777,0.51584905,0.4008606,0.5880725,IDP-ESM2-8M,67,288,0.18798065185546875,0.5118346214294434,0.009570466607187966,0.015321403741836548,0.020720271570533022
Q91R07,2.16670036315918,4.875428676605225,0.4915348723704601,0.3970865607261657,0.674097606469869,2.2346852,5.1793737,0.5186443,0.4180547,0.637605,IDP-ESM2-8M,67,288,0.067984819412231,0.30394506454467773,0.027109400910637294,0.020968139171600397,0.036492595006703765
Q91S26,6.816432476043701,16.601736068725586,0.6252688928616341,0.4908829033374786,0.5879919270622175,5.3848605,12.927378,0.58917534,0.4706987,0.6639476,IDP-ESM2-8M,67,288,1.4315719604492188,3.674358367919922,0.03609354934814535,0.02018418908119196,0.07595565518265557
Q91TH0,2.0291147232055664,4.8000969886779785,0.5229081679806091,0.4093762338161468,0.5909639368762225,2.127021,5.004908,0.5217894,0.40989906,0.59531116,IDP-ESM2-8M,67,288,0.09790635108947754,0.20481109619140625,0.001118796013293455,0.0005228221416473944,0.004347227979734525
Q91TH1,2.1391584873199463,5.165140151977539,0.542742736002209,0.4222047030925751,0.5538664588393248,2.2024868,5.200666,0.53150207,0.41670448,0.572709,IDP-ESM2-8M,67,288,0.06332826614379883,0.03552579879760742,0.011240667959453887,0.005500227212905884,0.018842565113159293
Q91TK2,3.2973742485046387,7.907477855682373,0.5901963401305075,0.4587273299694061,0.527185991284539,3.4332495,8.250539,0.5812818,0.45534945,0.53330195,IDP-ESM2-8M,67,288,0.13587522506713867,0.3430609703063965,0.008914558933913241,0.0033778846263884943,0.006115958216498574
Q91TN0,2.405524492263794,5.678000450134277,0.5235568740461994,0.4141999185085296,0.5868460852980082,2.6177561,6.145198,0.5169635,0.4048492,0.60329485,IDP-ESM2-8M,67,288,0.21223163604736328,0.4671974182128906,0.006593392143123267,0.00935071706771845,0.016448764097743762
Q91TN2,3.592869758605957,8.435810089111328,0.4961662810579901,0.3791849613189697,0.6471975347315373,3.691782,8.752326,0.52713615,0.41017,0.62677646,IDP-ESM2-8M,67,288,0.09891223907470703,0.3165159225463867,0.030969865964257215,0.030985027551651,0.020421077898651552
Q94MN5,2.176739454269409,5.294732570648193,0.5671636200677171,0.4425916671752929,0.551422845971653,2.1566947,5.2092333,0.57450813,0.45803845,0.5397599,IDP-ESM2-8M,67,288,0.020044803619384766,0.08549928665161133,0.007344510482667377,0.015446782112121638,0.01166297162778096
Q96677,2.170951128005981,5.254989147186279,0.5348906775855502,0.4100337326526642,0.566332316014782,2.1466072,4.7380095,0.45631054,0.38361633,0.7261261,IDP-ESM2-8M,67,288,0.024343967437743697,0.5169796943664551,0.07858013714785184,0.026417404413223267,0.15979375877617263
Q96799,1.555556297302246,3.669537305831909,0.5286035049732087,0.4199643731117248,0.5906273841682385,1.5579205,3.7375793,0.55403894,0.43987006,0.5557343,IDP-ESM2-8M,67,288,0.0023641586303710938,0.06804203987121582,0.025435436886990237,0.01990568637847906,0.034893107396693046
Q98001,2.565275192260742,5.7763352394104,0.5181906196306489,0.4364849030971527,0.6207804803500433,2.5927331,6.085804,0.53073305,0.42400596,0.60833174,IDP-ESM2-8M,67,288,0.02745795249938965,0.30946874618530273,0.012542429285214096,0.012478947639465332,0.012448740447546958
Q98476,2.775557279586792,6.958582878112793,0.5116822866031984,0.3816170394420624,0.5955917636631815,2.9913604,6.9985504,0.50780225,0.40270746,0.6336727,IDP-ESM2-8M,67,288,0.2158031463623047,0.03996753692626953,0.0038800386020997335,0.021090418100357056,0.03808095057021699
Q98487,2.398437261581421,6.0521416664123535,0.5997965744587064,0.4623624384403229,0.515202807061505,2.4273124,5.871142,0.58319974,0.46000984,0.55636805,IDP-ESM2-8M,67,288,0.028875112533569336,0.180999755859375,0.01659683500252962,0.002352595329284668,0.04116524589793713
Q991N9,1.629084825515747,3.7599518299102783,0.5211915049064176,0.424693614244461,0.5850299304229877,1.4285586,3.415993,0.5550428,0.4440975,0.5398218,IDP-ESM2-8M,67,288,0.20052623748779297,0.34395885467529297,0.03385129838108847,0.019403874874115046,0.045208126853193975
Q991P5,1.398473620414734,3.308290481567383,0.520871027130837,0.4207556247711181,0.5790989634999198,1.2378893,2.9882832,0.57302636,0.4671043,0.5306126,IDP-ESM2-8M,67,288,0.16058433055877708,0.32000732421875,0.052155331950431316,0.04634866118431097,0.04848637557114788
Q991P6,1.415321707725525,3.3314990997314453,0.5262038700152869,0.4376565515995025,0.5780672309065843,1.3172834,3.160167,0.56752527,0.46572208,0.5425067,IDP-ESM2-8M,67,288,0.09803831577301025,0.17133212089538574,0.04132139758572628,0.02806553244590765,0.03556053611288312
Q991P7,1.4193427562713623,3.455162286758423,0.532010167540366,0.4337842464447021,0.5712922382889107,1.2854877,3.1084423,0.5734114,0.46916807,0.53546906,IDP-ESM2-8M,67,288,0.13385510444641113,0.34671998023986816,0.041401237546151326,0.0353838205337525,0.035823183113129486
Q993H4,3.087693452835083,5.898580551147461,0.3127486993447992,0.2974962592124939,1.159749078478039,3.5365794,7.7332945,0.39379758,0.3398581,0.88527393,IDP-ESM2-8M,67,288,0.4488859176635742,1.8347139358520508,0.08104887708266051,0.04236185550689697,0.27447514506739457
Q993Q8,2.0447707176208496,4.8013916015625,0.5588386480548491,0.4518353641033172,0.5608641941503532,1.9498303,4.6122274,0.53901935,0.43014693,0.58032906,IDP-ESM2-8M,67,288,0.0949404239654541,0.1891641616821289,0.019819301817666446,0.021688431501388494,0.019464866404151238
Q994F3,2.2137610912323,5.191986083984375,0.5233196268112137,0.4039135873317718,0.5904684807978329,2.2424607,5.0678844,0.47135603,0.38639694,0.7013061,IDP-ESM2-8M,67,288,0.028699636459350586,0.12410163879394531,0.05196359253234406,0.01751664280891413,0.1108376238622013
Q99CW6,3.9450292587280273,9.234350204467772,0.5341026905626132,0.4124388098716736,0.6153044062174517,3.6947365,8.627312,0.52407616,0.41147816,0.63136417,IDP-ESM2-8M,67,288,0.2502927780151367,0.6070384979248029,0.010026526793844859,0.0009606480598449707,0.016059760519151034
Q9DSX3,2.242037773132324,5.328271389007568,0.4807926327652732,0.3792286813259125,0.6589619552948545,2.206027,4.9569545,0.4498195,0.36798787,0.71057165,IDP-ESM2-8M,67,288,0.0360107421875,0.37131690979003906,0.030973127550582014,0.01124081015586853,0.05160969139551419
Q9DUB6,3.2990217208862305,7.898221492767334,0.4960021980222178,0.4015458822250366,0.6381285243556606,3.2450707,7.4599886,0.47780997,0.3873331,0.6841233,IDP-ESM2-8M,67,288,0.05395102500915527,0.4382328987121582,0.018192232411713638,0.01421278715133667,0.045994753308523983
Q9DUC0,3.376082181930542,8.238306999206543,0.4633757199733214,0.387803316116333,0.7268198084029363,3.6960459,8.385271,0.45583183,0.38431713,0.7715178,IDP-ESM2-8M,67,288,0.3199636936187744,0.14696407318115234,0.007543894240136573,0.0034861862659454346,0.04469800480278274
Q9DUC3,2.717280387878418,6.051025390625,0.5222564743170948,0.4534649550914764,0.6357404472954277,2.5052989,5.82501,0.5231243,0.43010697,0.6643846,IDP-ESM2-8M,67,288,0.21198153495788574,0.22601556777954102,0.0008678032746105568,0.023357987403869573,0.028644156204938542
Q9DUC6,2.6131069660186768,6.0143866539001465,0.50752781400406,0.4227094650268554,0.6416573429622734,2.3866262,5.260893,0.45322075,0.38639754,0.7707978,IDP-ESM2-8M,67,288,0.22648072242736816,0.7534937858581543,0.05430705914222833,0.03631192445754999,0.12914044613455888
Q9DVW6,2.541959285736084,6.328849315643311,0.6317028119695746,0.5048204064369202,0.5302748753194103,2.882374,7.2137733,0.6627523,0.5197705,0.48497212,IDP-ESM2-8M,67,288,0.34041476249694824,0.8849239349365225,0.0310494587289728,0.014950096607208252,0.04530275598805045
Q9DW22,3.868044376373291,9.053299903869627,0.4611062399349284,0.3739968240261078,0.7215304001198597,3.808074,8.69869,0.45237982,0.36879262,0.7410389,IDP-ESM2-8M,67,288,0.05997037887573242,0.3546094894409162,0.00872641720391032,0.005204200744628906,0.01950851837531853
Q9DW68,1.6000823974609375,3.951344966888428,0.561236889570935,0.4403247535228729,0.5563476524271137,1.7259957,4.2169695,0.5765313,0.451515,0.5195892,IDP-ESM2-8M,67,288,0.12591326236724854,0.26562452316284135,0.015294401437060623,0.011190235614776611,0.036758466712392024
Q9DWD6,4.6955180168151855,10.924694061279297,0.5071447643924963,0.3905933499336242,0.6256662762319206,4.468971,10.378592,0.4960861,0.38778695,0.6540505,IDP-ESM2-8M,67,288,0.2265472412109375,0.5461025238037109,0.011058673589349977,0.002806395292282049,0.028384252771222696
Q9DWG9,4.779312610626221,11.107279777526855,0.5038281456342966,0.3841271996498108,0.6919582438240218,4.7571087,11.263676,0.54534525,0.43033406,0.60264516,IDP-ESM2-8M,67,288,0.022203922271728516,0.15639591217041016,0.041517101157543035,0.04620686173439026,0.08931308505632163
Q9DWH1,3.609585523605346,8.219359397888184,0.5413765262751872,0.4259637594223022,0.6088705141926924,3.8900352,9.195736,0.5500115,0.43683317,0.6126234,IDP-ESM2-8M,67,288,0.28044962882995694,0.9763765335083008,0.00863498934218343,0.010869413614273127,0.0037528793429215668
Q9DWH9,3.386984348297119,7.169269561767578,0.306615232636624,0.2646591365337372,1.2484747211864482,3.957425,9.061673,0.4456631,0.36491254,0.76795185,IDP-ESM2-8M,67,288,0.5704407691955566,1.8924036026000977,0.13904786188394486,0.1002534031867981,0.4805228750637065
Q9DYK3,2.200921535491944,5.104821681976318,0.5076664512243727,0.3999537229537964,0.6183279237852021,2.3005922,5.347486,0.51616085,0.41239956,0.6163347,IDP-ESM2-8M,67,288,0.09967064857482866,0.24266433715820312,0.008494394532158056,0.012445837259292603,0.0019932470426483606
Q9DYK6,2.229522943496704,5.1750006675720215,0.5076361596273604,0.4110752940177917,0.6213016520790188,2.2847836,5.333284,0.51974607,0.4147292,0.61295104,IDP-ESM2-8M,67,288,0.055260658264160156,0.15828323364257812,0.01210990551241009,0.0036539137363434393,0.008350611811074438
Q9DYY2,2.2649171352386475,5.266618251800537,0.4829512402533099,0.3767447769641876,0.6576735513814095,2.3474367,5.447593,0.5109018,0.40711486,0.6245681,IDP-ESM2-8M,67,288,0.08251953125,0.18097496032714844,0.02795056848539862,0.030370086431503296,0.03310544663745196
Q9DZ98,1.5808584690093994,3.9442782402038574,0.565806930740451,0.4432532489299774,0.5515790231781705,1.6443778,3.9622505,0.56638926,0.45476052,0.5664165,IDP-ESM2-8M,67,288,0.06351935863494873,0.017972230911254883,0.0005823319357880496,0.011507272720336914,0.014837478820730832
Q9G051,1.8284605741500848,4.589011669158936,0.6132595447576819,0.4787460565567016,0.5153646740639496,1.754786,4.3086467,0.5954877,0.47338712,0.54127055,IDP-ESM2-8M,67,288,0.07367455959320002,0.2803649902343759,0.017771830943900113,0.005358934402465765,0.025905880001754755
Q9G054,2.2590231895446777,5.6777424812316895,0.6307904269704973,0.492512971162796,0.5023225968252795,2.1711922,5.458803,0.6293377,0.50023764,0.50941813,IDP-ESM2-8M,67,288,0.08783102035522461,0.21893930435180664,0.0014526989469682006,0.007724672555923462,0.007095533095680007
Q9HBF8,2.2475473880767822,5.267479419708252,0.5238669742449731,0.4231783151626587,0.6086202863288308,2.280762,5.362697,0.53088343,0.42315972,0.5972673,IDP-ESM2-8M,67,288,0.033214569091796875,0.09521770477294922,0.007016457189658265,1.8596649169921875e-05,0.01135295663599023
Q9IF13,2.324437141418457,5.332759380340576,0.499677732313189,0.4014951288700104,0.6373322819574628,2.3821769,5.543284,0.51584786,0.40996915,0.6188816,IDP-ESM2-8M,67,288,0.0577397346496582,0.2105245590209961,0.01617012945362617,0.008474022150039673,0.01845069874365668
Q9IF25,2.3105998039245605,5.293320178985596,0.5241452649121082,0.4373740255832672,0.6097345543640812,2.2719047,5.2819567,0.5151359,0.41152653,0.61564904,IDP-ESM2-8M,67,288,0.03869509696960449,0.011363506317138672,0.009009380627135077,0.02584749460220337,0.005914490149621199
Q9IGT7,3.590585231781006,8.382528305053711,0.5108506852795512,0.3770790994167328,0.6316622633141724,3.6666117,8.639153,0.5254317,0.41027066,0.61146176,IDP-ESM2-8M,67,288,0.07602643966674805,0.2566242218017578,0.014581007320699002,0.033191561698913574,0.020200504700585986
Q9IMR4,2.032389640808105,4.667079925537109,0.5313171182852218,0.4555827975273132,0.6050374525590831,1.9335463,4.6268687,0.55601156,0.44380507,0.570583,IDP-ESM2-8M,67,288,0.09884333610534624,0.04021120071411133,0.02469443929381876,0.011777728796005194,0.03445446668109242
Q9IMY1,1.4666955471038818,3.653840303421021,0.5907449173958962,0.4573211669921875,0.4968831797723289,1.4838345,3.4956372,0.5366198,0.43179703,0.5725413,IDP-ESM2-8M,67,288,0.017138957977294922,0.15820312500000044,0.054125134948081244,0.025524139404296875,0.0756581167097573
Q9INB5,1.5511163473129272,3.693209171295166,0.5452214376956974,0.4557469189167022,0.561400372666778,1.5035602,3.5873897,0.54563683,0.4343126,0.56448543,IDP-ESM2-8M,67,288,0.047556161880493164,0.1058194637298584,0.000415395018383391,0.021434307098388616,0.003085058050690259
Q9IUC3,3.287097692489624,7.584784984588623,0.4956746581585969,0.3906393349170685,0.7196459703204128,3.173934,7.4665427,0.51981974,0.40973818,0.64395505,IDP-ESM2-8M,67,288,0.11316370964050293,0.11824226379394531,0.024145078322115987,0.01909884810447693,0.07569091842145648
Q9IUD3,3.1325812339782715,7.366000175476074,0.4578589413537688,0.3701393008232116,0.7904027659112424,2.9417243,6.8138027,0.49458623,0.39663258,0.69734544,IDP-ESM2-8M,67,288,0.19085693359375,0.5521974563598633,0.03672728797057201,0.026493281126022394,0.09305733029188812
Q9IWB2,2.538389205932617,5.879939079284668,0.4756210355843696,0.3723309338092804,0.6718767870687005,2.4596167,5.716395,0.5040407,0.39801744,0.62782586,IDP-ESM2-8M,67,288,0.07877254486083984,0.1635441780090332,0.028419682494243703,0.02568650245666504,0.044050930859899196
Q9J050,2.483672618865967,5.663978099822998,0.4946614087436699,0.3850985467433929,0.6396283801379542,2.562914,5.958807,0.5090468,0.4038211,0.6180831,IDP-ESM2-8M,67,288,0.07924127578735352,0.2948288917541504,0.014385384240338916,0.018722563982009943,0.02154526074555918
Q9J1C9,1.986754298210144,4.799141883850098,0.5592289289158667,0.4387366473674774,0.5702667723447771,2.1505349,5.1752768,0.5644908,0.44365388,0.5542772,IDP-ESM2-8M,67,288,0.1637805700302124,0.37613487243652344,0.005261866219631317,0.004917234182357788,0.015989590719410862
Q9J2I4,2.700218439102173,6.684958934783936,0.5992548346337859,0.4749918282032013,0.5145513442280719,2.6010778,6.2041864,0.5514419,0.43317422,0.5792774,IDP-ESM2-8M,67,288,0.09914064407348633,0.4807724952697763,0.0478129267510955,0.04181760549545288,0.06472605197401549
Q9J3S0,1.4972097873687744,3.647212028503418,0.5195967040336662,0.4052510857582092,0.5812597743255332,1.5293115,3.5952303,0.5363697,0.4262729,0.57195103,IDP-ESM2-8M,67,288,0.03210175037384033,0.05198168754577637,0.0167729773246712,0.021021813154220637,0.00930874264065773
Q9J4U3,3.147139310836792,7.471718788146973,0.5138119031519014,0.3793353736400604,0.6265456098821706,3.2780192,7.5700436,0.4959148,0.3976982,0.6767168,IDP-ESM2-8M,67,288,0.13087987899780273,0.09832477569580078,0.017897116097839505,0.018362820148468018,0.05017119462222397
Q9J870,3.03067684173584,7.489724159240723,0.6340807140502804,0.4958850741386413,0.5219912576498981,3.1314974,7.699108,0.6442904,0.50563824,0.4748511,IDP-ESM2-8M,67,288,0.10082054138183594,0.20938396453857422,0.01020967358018221,0.009753167629241999,0.04714015601301147
Q9JG27,1.4441094398498535,3.4677648544311523,0.5497754246894868,0.4208014011383056,0.5361674189066162,1.5162234,3.5848355,0.53953004,0.434288,0.5694803,IDP-ESM2-8M,67,288,0.0721139907836914,0.11707067489624023,0.01024538585586865,0.013486593961715754,0.03331288104302976
Q9JG66,2.8821728229522705,6.685403823852539,0.450503728060951,0.3966049253940582,0.7594464698116618,2.7904787,6.117686,0.42695722,0.37111735,0.8236313,IDP-ESM2-8M,67,288,0.09169411659240723,0.5677180290222168,0.023546508221854945,0.025487571954727173,0.064184816809432
Q9JGA4,2.270308017730713,5.45127010345459,0.589767129878875,0.4726641178131103,0.5141036443014787,2.3349888,5.5687146,0.5627984,0.445388,0.54338276,IDP-ESM2-8M,67,288,0.06468081474304199,0.11744451522827148,0.026968749027129424,0.027276128530502264,0.02927911956113116
Q9JGA7,2.248884439468384,5.423765659332275,0.5765904262359425,0.4604406356811523,0.5315675220058806,2.3164172,5.5774245,0.5649439,0.44196635,0.5436134,IDP-ESM2-8M,67,288,0.06753277778625488,0.15365886688232422,0.01164651659086191,0.018474280834197943,0.012045852227365206
Q9JGB0,2.245989799499512,5.423483371734619,0.5782832506811947,0.4606142938137054,0.5271325679630339,2.2231529,5.416273,0.57252765,0.4452495,0.53654516,IDP-ESM2-8M,67,288,0.022836923599243608,0.007210254669189453,0.0057556036627620655,0.015364795923232977,0.009412589469522281
Q9JGB2,2.2503719329833984,5.364117622375488,0.5691694046102193,0.4422478377819061,0.5455195731482857,2.2671793,5.4726477,0.56431353,0.44197655,0.5437444,IDP-ESM2-8M,67,288,0.01680731773376465,0.10853004455566406,0.004855873688283219,0.0002712905406951349,0.0017751879058235387
Q9JGB3,2.227877855300904,5.2605414390563965,0.5637170288291338,0.4483293890953064,0.5490401198833939,2.256494,5.46875,0.57142013,0.44763798,0.5392282,IDP-ESM2-8M,67,288,0.02861618995666415,0.20820856094360352,0.0077031042847273135,0.0006914138793945312,0.009811918970918265
Q9JGS4,1.8315374851226809,4.238565444946289,0.5298771539787388,0.424387663602829,0.5658265564477503,1.8155922,4.249695,0.5199427,0.41165516,0.58756995,IDP-ESM2-8M,67,288,0.01594531536102317,0.011129379272460938,0.00993445311585428,0.012732505798339844,0.021743395563358137
Q9JGT0,1.7893383502960205,4.138028621673584,0.4963832788193653,0.3912335634231567,0.6129342393358482,1.8978631,4.458061,0.52637476,0.4178864,0.5905358,IDP-ESM2-8M,67,288,0.10852479934692383,0.32003259658813477,0.029991478470521193,0.026652842760086115,0.02239841980536117
Q9JGT3,1.8676507472991943,4.589589595794678,0.5664943029908068,0.4422765374183655,0.5168578568507745,1.8554215,4.345288,0.5231857,0.41449627,0.58393764,IDP-ESM2-8M,67,288,0.012229204177856445,0.24430179595947266,0.043308632614982856,0.027780264616012573,0.06707978810772164
Q9KX95,2.0869648456573486,5.071150302886963,0.5548973993524192,0.435413509607315,0.5488801438851098,2.0919788,4.9543867,0.53734815,0.42882717,0.5846933,IDP-ESM2-8M,67,288,0.005013942718505859,0.11676359176635742,0.017549248145449003,0.006586343050002996,0.035813168759848746
Q9MBM5,1.7672572135925293,4.344849109649658,0.6048530897007879,0.4808849990367889,0.5371196490847614,1.6868452,4.2253203,0.62029254,0.5071546,0.5227843,IDP-ESM2-8M,67,288,0.08041203022003174,0.11952877044677734,0.015439454664141317,0.026269584894180353,0.014335356386854903
Q9PX71,2.651008367538452,6.812824726104736,0.5924871570751287,0.4443878829479217,0.5094852527491134,2.6454334,6.2720222,0.54515016,0.43512714,0.623927,IDP-ESM2-8M,67,288,0.005574941635131836,0.5408024787902832,0.04733699628563892,0.009260743856429998,0.11444174443564004
Q9PYU9,2.622268915176392,6.24864673614502,0.6323088895949334,0.5287034511566162,0.5222101790355833,2.7597039,6.7497387,0.6271197,0.50061625,0.5281597,IDP-ESM2-8M,67,288,0.13743495941162065,0.5010919570922843,0.005189169612786149,0.028087198734283447,0.005949498946747012
Q9Q0D0,2.263617992401123,5.231933116912842,0.5058413112515803,0.4071912467479706,0.6260465157077978,2.2360864,5.2456574,0.518076,0.41137952,0.6098138,IDP-ESM2-8M,67,288,0.02753162384033203,0.013724327087402344,0.012234691346228566,0.004188269376754761,0.016232706312961365
Q9Q0D1,2.2757010459899902,5.225474834442139,0.5030712501058182,0.4005528390407562,0.63548426808517,2.3108404,5.499714,0.5395425,0.42330027,0.5736381,IDP-ESM2-8M,67,288,0.03513932228088379,0.27423906326293945,0.03647124609855801,0.022747427225112915,0.061846186534571856
Q9Q5K3,2.069778680801392,5.0084004402160645,0.5151475173929467,0.3885332345962524,0.5770330125235049,1.831303,4.186139,0.48369515,0.38493076,0.64169943,IDP-ESM2-8M,67,288,0.23847568035125777,0.8222613334655762,0.031452367971254835,0.003602474927902166,0.06466642080321627
Q9Q5K9,8.208727836608887,18.97997093200684,0.5502271212899148,0.4312934577465057,0.591840780106417,4.793796,11.303558,0.51815,0.39885154,0.63109636,IDP-ESM2-8M,67,288,3.4149317741394043,7.6764125823974645,0.0320771493279397,0.03244191408157343,0.0392555829612099
Q9Q9G2,2.179537773132324,5.28469705581665,0.5419624288741688,0.4205802977085113,0.5660205711860626,1.9786341,4.761922,0.5488101,0.42864624,0.5549804,IDP-ESM2-8M,67,288,0.20090365409851074,0.5227751731872559,0.006847695523109043,0.008065938949585016,0.011040173961636368
Q9QAM5,2.051337957382202,4.975330352783203,0.5726671454814838,0.4446200430393219,0.5272234356280907,2.022781,4.8770475,0.567056,0.4496004,0.5352194,IDP-ESM2-8M,67,288,0.02855706214904785,0.0982828140258789,0.005611145248787253,0.004980355501174927,0.00799593569072643
Q9QAN0,2.0043060779571533,4.722566604614258,0.5405905847609671,0.4290530383586883,0.5696651077534459,2.075582,5.0075407,0.56447047,0.44530883,0.52770084,IDP-ESM2-8M,67,288,0.07127594947814941,0.2849740982055664,0.02387988519066253,0.016255795955658014,0.041964266326596555
Q9QAN3,2.710864782333374,6.685522079467773,0.596224656983002,0.4575136303901672,0.5074257733996234,2.6823986,6.539798,0.5981808,0.46447104,0.50072306,IDP-ESM2-8M,67,288,0.028466224670410156,0.14572429656982422,0.0019561138910214604,0.006957411766052302,0.006702709453853095
Q9QAN7,2.4573442935943604,5.90974235534668,0.5823507650492149,0.4468125104904175,0.5219449628930058,2.4087539,5.8520207,0.58832943,0.45813033,0.5094142,IDP-ESM2-8M,67,288,0.04859042167663574,0.057721614837646484,0.005978669345621523,0.011317819356918335,0.012530766878601551
Q9QCK1,1.7089107036590576,4.070949554443359,0.4734790702797812,0.3653880059719085,0.639100685806551,1.643766,3.7133055,0.4864595,0.39485258,0.6429538,IDP-ESM2-8M,67,288,0.06514465808868408,0.35764408111572266,0.01298042335730376,0.029464572668075617,0.0038531272694682928
Q9QEJ2,3.266940832138061,7.605573654174805,0.5509137548570577,0.437004804611206,0.5916526770100501,2.8890135,6.7964582,0.5419654,0.43125996,0.6007735,IDP-ESM2-8M,67,288,0.37792730331420854,0.8091154098510742,0.008948329842561886,0.005744844675064031,0.009120836307058067
Q9QGE5,1.8458874225616453,4.234132766723633,0.4688614194558993,0.3756045401096344,0.673525532000255,2.0652535,4.759931,0.50847363,0.41178367,0.6123357,IDP-ESM2-8M,67,288,0.21936607360839866,0.5257983207702637,0.03961221526394931,0.03617912530899048,0.0611898500849718
Q9T127,1.6034504175186155,3.9571433067321777,0.570787871994754,0.4503111243247986,0.5332722899658667,1.6282954,3.8538332,0.53658646,0.42785984,0.5666299,IDP-ESM2-8M,67,288,0.024845004081726296,0.10331010818481445,0.034201408543368506,0.022451281547546387,0.033357596661330535
Q9WIE5,1.6935549974441528,4.2000932693481445,0.56696642549652,0.43872931599617,0.5348545941872667,1.7930229,4.4154778,0.5810606,0.45360798,0.5230268,IDP-ESM2-8M,67,288,0.09946787357330322,0.21538448333740234,0.014094162863312776,0.014878660440445002,0.011827770189769105
Q9WMX5,1.461230754852295,3.503325223922729,0.5393768415050422,0.4192978739738464,0.5681406787658441,1.5436807,3.731326,0.5590738,0.4403926,0.546577,IDP-ESM2-8M,67,288,0.08244991302490234,0.22800087928772017,0.019696964303978826,0.021094739437103327,0.021563701989721018
Q9WS24,1.763866901397705,4.255963802337647,0.5433053753646945,0.4283626973628998,0.579658968923175,1.6632633,4.013449,0.55283207,0.43911117,0.5583341,IDP-ESM2-8M,67,288,0.10060358047485352,0.24251461029052823,0.009526691648092389,0.010748475790023804,0.021324856755816635
Q9WS26,1.718677639961243,4.223274230957031,0.5508973307603438,0.4275482594966888,0.5524643604374475,1.7309605,4.156289,0.55069304,0.4362926,0.5573472,IDP-ESM2-8M,67,288,0.012282848358154075,0.0669851303100586,0.00020429563461132894,0.008744329214096125,0.00488281802171997
Q9WS27,1.697078824043274,4.062335014343262,0.5419950000099872,0.4312187135219574,0.5590375317444104,1.7521793,4.2422414,0.5508078,0.4291649,0.5507599,IDP-ESM2-8M,67,288,0.055100440979003906,0.17990636825561523,0.008812774056937811,0.0020538270473480225,0.008277620207239988
Q9WSW3,2.0507287979125977,4.815845489501953,0.5734306728165321,0.4584277868270874,0.5312518362703895,1.9598224,4.6074142,0.52440816,0.41989002,0.6141387,IDP-ESM2-8M,67,288,0.09090638160705566,0.20843124389648438,0.049022511176364914,0.03853777050971985,0.08288688614934925
Q9YM30,1.6598469018936155,4.071847438812256,0.5773531164189126,0.4534980654716491,0.5432334968759324,1.5979161,3.899572,0.57718736,0.45922118,0.53991777,IDP-ESM2-8M,67,288,0.0619307756423948,0.17227554321289062,0.00016575708587429627,0.0057231187820435125,0.0033157298280502845
Q9YM71,1.6136523485183716,3.921229600906372,0.5664412905489271,0.4363954663276672,0.544766730668606,1.5116552,3.6938334,0.5615887,0.4393266,0.53230834,IDP-ESM2-8M,67,288,0.10199713706970215,0.22739624977111816,0.0048525859628980594,0.0029311478137970526,0.0124583905959742
Q9YMA2,1.6018109321594238,3.916316509246826,0.5467170982521533,0.433192104101181,0.5688215911168372,1.56703,3.7154095,0.53906876,0.42989898,0.5693514,IDP-ESM2-8M,67,288,0.03478097915649414,0.20090699195861816,0.007648339764451895,0.003293126821517889,0.0005297839861596598
Q9YMA3,1.6199047565460205,4.003717422485352,0.5770022079591485,0.4483984112739563,0.5299140754565819,1.5758172,3.7872632,0.55591226,0.44277623,0.5540943,IDP-ESM2-8M,67,288,0.04408752918243408,0.21645426750183105,0.021089951718303745,0.005622178316116333,0.024180239118613445
Q9YMA4,1.6094287633895874,3.9906859397888175,0.5811655866725507,0.4470786154270172,0.5205125103979206,1.5226716,3.7032504,0.5672688,0.4513325,0.5398619,IDP-ESM2-8M,67,288,0.08675718307495117,0.28743553161621005,0.013896797858006016,0.004253894090652466,0.01934940709780697
Q9YMM6,3.3824338912963867,8.409976959228516,0.6147527657727276,0.4689493477344513,0.5241323599394471,3.3966255,8.134558,0.57659876,0.45012197,0.55153185,IDP-ESM2-8M,67,288,0.014191627502441406,0.2754192352294922,0.03815400230684629,0.018827378749847412,0.027399491352209426
Q9YMQ8,2.01111388206482,4.934526443481445,0.564250976853862,0.4402024149894714,0.5534852309920345,1.9722524,4.700888,0.5466091,0.43820122,0.57764065,IDP-ESM2-8M,67,288,0.03886151313781783,0.23363828659057617,0.01764187317420507,0.002001196146011297,0.02415542166452067
Q9YNX5,1.8144832849502563,4.470627307891846,0.5458313345003265,0.4200812876224518,0.5536538016671705,1.7062638,4.0818996,0.5540779,0.44000366,0.5532633,IDP-ESM2-8M,67,288,0.10821950435638428,0.38872766494750977,0.008246588797555576,0.019922375679016113,0.0003904950494336701
Q9YNX6,1.9171605110168457,4.681933403015137,0.5671188117126525,0.4498337507247925,0.5428644469799135,1.7562156,4.2090106,0.56059825,0.44528198,0.5524283,IDP-ESM2-8M,67,288,0.16094493865966797,0.47292280197143555,0.006520557508856162,0.0045517683029174805,0.00956385816916483
Q9YNX8,1.791841983795166,4.252749443054199,0.5490302161015589,0.4421260952949524,0.5634118157636545,1.6815283,4.1046066,0.5720791,0.44713622,0.52829283,IDP-ESM2-8M,67,288,0.11031365394592285,0.14814281463623047,0.023048905964938915,0.005010128021240234,0.035118981004895966
Q9YPA9,4.586367607116699,6.660677433013916,0.2000000000000677,0.2443804889917373,2.322377718888085,4.064216,9.509328,0.5139177,0.3999645,0.63763034,IDP-ESM2-8M,67,288,0.5221514701843262,2.8486504554748535,0.31391768455498603,0.15558402240276342,1.6847473754508902
Q9YPD8,1.535165548324585,3.846963167190552,0.6006157394323535,0.4814591109752655,0.4975441440861732,1.6736596,4.0682464,0.57143456,0.4603145,0.5288193,IDP-ESM2-8M,67,288,0.13849401473999023,0.22128319740295366,0.02918118199445674,0.021144598722457886,0.03127517849988637
Q9YPG8,1.6223547458648682,3.772454023361206,0.5369374384766431,0.4198368191719055,0.5503444150386717,1.6542568,3.9899812,0.54058474,0.42010453,0.54438883,IDP-ESM2-8M,67,288,0.03190207481384277,0.21752715110778809,0.003647304546275598,0.000267714262008667,0.0059555843768980266
Q9YR10,1.4216866493225098,3.37296199798584,0.5476262311856532,0.4463849663734436,0.5503723579037716,1.3330281,3.1412706,0.5416227,0.43895754,0.55765045,IDP-ESM2-8M,67,288,0.08865857124328613,0.2316913604736328,0.00600353287861588,0.007427424192428589,0.007278088988013076
Q9ZWY9,2.2743353843688965,5.371128559112549,0.5811008695324562,0.4628655612468719,0.5585636739795925,2.1940298,5.200557,0.5628894,0.4577273,0.59028375,IDP-ESM2-8M,67,288,0.08030557632446289,0.17057132720947266,0.018211472388138583,0.005138248205184881,0.03172007750813943
A0A060BGV2,1.8709957599639893,4.745255947113037,0.6648404258285833,0.543910801410675,0.5129372202580379,2.1419,5.0961413,0.65755457,0.56025213,0.520759,IDP-ESM2-8M,93,288,0.2709043025970459,0.35088539123535156,0.007285858968384296,0.016341328620910645,0.0078217662150456
A0A068LKJ5,3.1279776096343994,7.860950469970703,0.6434058955981943,0.5088355541229248,0.4999938582910706,3.2178614,8.06101,0.6597884,0.5124914,0.44187683,IDP-ESM2-8M,93,288,0.08988380432128906,0.2000598907470703,0.016382534138896787,0.003655850887298584,0.058117029620568916
A0A068QKP9,3.681626558303833,9.24367904663086,0.6493531867070845,0.4933025240898132,0.5390672255281378,4.568776,11.479481,0.74475014,0.5724712,0.42767304,IDP-ESM2-8M,93,288,0.8871495723724365,2.2358016967773438,0.09539695539038862,0.07916867733001715,0.11139418370761167
A0A075FGF0,3.247427463531494,6.929473400115967,0.3003838272670718,0.2864892780780792,1.228569477033122,3.4768543,7.707292,0.4231469,0.35788012,0.83224815,IDP-ESM2-8M,93,288,0.22942686080932617,0.7778186798095703,0.12276307624779026,0.07139083743095398,0.39632132573078427
A0A088MZV7,1.7999963760375977,3.877164363861084,0.3354578771154919,0.3013455271720886,0.9274504404955942,1.9872581,4.4969397,0.47528026,0.386323,0.68165606,IDP-ESM2-8M,93,288,0.187261700630188,0.6197752952575684,0.1398223779637775,0.08497747778892517,0.2457943778925974
A0A088N936,1.7941431999206543,3.7398083209991455,0.3237829659271553,0.3044366538524627,0.959562438798973,1.965253,4.4612274,0.47935116,0.38954672,0.677307,IDP-ESM2-8M,93,288,0.17110979557037354,0.721419095993042,0.15556819698330615,0.08511006832122808,0.2822554291020125
A0A0A0RNI5,1.8379640579223635,4.699020862579346,0.6245290108975897,0.4860381186008453,0.5019306645477372,1.6544482,4.0843544,0.5989448,0.47819996,0.5243708,IDP-ESM2-8M,93,288,0.18351590633392356,0.6146664619445801,0.025584227686835326,0.00783815979957575,0.022440124980155907
A0A0A0UYW6,1.4946105480194092,3.622380256652832,0.5805054041018775,0.471271276473999,0.5319666138466447,1.4112579,3.4808998,0.58410555,0.46400535,0.50739473,IDP-ESM2-8M,93,288,0.08335268497467041,0.1414804458618164,0.0036001471409509156,0.007265925407409668,0.02457188280187539
A0A0A7KTD7,3.229266405105591,7.81913948059082,0.632271209483456,0.5142625570297241,0.5084826518940512,3.2223144,8.073701,0.67182696,0.52193606,0.4301117,IDP-ESM2-8M,93,288,0.006952047348022461,0.2545614242553711,0.03955574917285498,0.007673501968383789,0.07837094563718472
A0A0B4VGH4,3.5100271701812744,8.386533737182617,0.6282478649957494,0.5065130591392517,0.5788373057229916,3.8327227,9.15855,0.6562835,0.5313919,0.5110806,IDP-ESM2-8M,93,288,0.3226954936981201,0.7720165252685547,0.02803563281461441,0.024878859519958496,0.06775668304995697
A0A0B4ZUM6,3.420783758163452,8.540512084960938,0.6511974479577748,0.5155918598175049,0.4922968028518717,3.5298502,8.772682,0.6634059,0.51772636,0.4515261,IDP-ESM2-8M,93,288,0.10906648635864258,0.23217010498046875,0.012208447275379508,0.0021345019340515137,0.04077069744797157
A0A0B5JAX3,3.569871664047241,8.683417320251465,0.323677871294975,0.3031988739967346,1.2263287700546388,3.7540805,8.08268,0.37981504,0.35533667,0.9769657,IDP-ESM2-8M,93,288,0.18420886993408203,0.6007375717163086,0.056137170723915386,0.052137792110443115,0.2493630446327333
A0A0C5B347,2.551819086074829,6.198254585266113,0.6404190875161785,0.531172513961792,0.5060864817350506,2.568525,6.5809555,0.6854331,0.53473836,0.404423,IDP-ESM2-8M,93,288,0.016705989837646484,0.38270092010498047,0.04501400221694529,0.003565847873687744,0.10166348330670583
A0A0C7TJV6,3.2255454063415527,6.48290491104126,0.2753428808769145,0.2969372868537903,1.3532434033816398,3.5119593,7.7724895,0.4196832,0.3563717,0.84156597,IDP-ESM2-8M,93,288,0.28641390800476074,1.2895846366882324,0.14434030732308245,0.05943441390991211,0.5116774367754997
A0A0C7TQD0,3.2599267959594727,6.51080846786499,0.2791528626980524,0.2957454025745392,1.3477928936518049,3.4542933,7.63598,0.41866577,0.35567293,0.8414153,IDP-ESM2-8M,93,288,0.194366455078125,1.1251716613769531,0.13951290401795102,0.059927523136138916,0.5063776075876569
A0A0C7TTX4,3.1863393783569336,6.513663291931152,0.2652965933170978,0.279620498418808,1.3989969402113958,3.516546,7.7790375,0.4184599,0.35562122,0.8448123,IDP-ESM2-8M,93,288,0.33020663261413574,1.2653741836547852,0.1531632989558514,0.07600072026252747,0.5541846662322087
A0A0C7TY93,3.2035484313964844,6.2133636474609375,0.2680427205504906,0.2902769148349762,1.3892446419511366,3.5128415,7.7716136,0.41787335,0.35493493,0.8438858,IDP-ESM2-8M,93,288,0.3092930316925049,1.5582499504089355,0.14983063221554638,0.0646580159664154,0.5453588625703383
A0A0E3FC10,1.9896296262741089,4.548262119293213,0.4498157364067209,0.359597772359848,0.6801800489525321,1.8540978,4.1877365,0.46239364,0.36952665,0.6728301,IDP-ESM2-8M,93,288,0.13553178310394287,0.36052560806274414,0.012577905065141892,0.009928882122039795,0.0073499441246512864
A0A0E3FG91,2.007967710494995,4.889094352722168,0.5696965172407078,0.4434048533439636,0.5517621470287617,1.8754661,4.474862,0.54923004,0.4478477,0.5937829,IDP-ESM2-8M,93,288,0.13250160217285156,0.4142322540283203,0.02046647812098734,0.004442840814590454,0.04202075473515432
A0A0E3GI14,3.8328351974487305,9.44561004638672,0.6373046147886182,0.5037670135498047,0.4932179131609235,3.6268487,8.8970585,0.6126487,0.48084602,0.52940226,IDP-ESM2-8M,93,288,0.20598649978637695,0.548551559448244,0.024655889278974663,0.022920995950698853,0.036184342851039386
A0A0E3HAY2,2.057600259780884,4.947140216827393,0.5873490365504209,0.4741730093955993,0.5355612374876809,1.959393,4.724019,0.56511307,0.45757592,0.5693529,IDP-ESM2-8M,93,288,0.09820723533630371,0.22312116622924805,0.022235968923467797,0.01659709215164179,0.03379168733608007
A0A0E3HBF5,2.0153250694274902,4.97175407409668,0.6251585435951948,0.5097558498382568,0.5072928621312883,1.9133921,4.7244906,0.5918943,0.4691114,0.5252369,IDP-ESM2-8M,93,288,0.10193300247192383,0.24726343154907227,0.033264215000987085,0.040644437074661255,0.017944042489835943
A0A0E3IAD2,1.966827392578125,4.812924385070801,0.6082157131718556,0.482146143913269,0.521215492335977,1.8637209,4.595113,0.58589816,0.4621267,0.5232703,IDP-ESM2-8M,93,288,0.10310649871826172,0.21781158447265625,0.02231755223740739,0.02001944184303278,0.0020548166354280584
A0A0E3Z619,4.602853775024414,11.309985160827637,0.6286710972694056,0.4805226027965545,0.5583584034397493,4.370642,10.816713,0.6729289,0.5235859,0.4593313,IDP-ESM2-8M,93,288,0.23221158981323242,0.4932718276977539,0.044257832059512836,0.04306331276893621,0.09902709960483413
A0A0F6YQQ5,2.4828991889953613,6.178328037261963,0.6123576323619456,0.4877661764621734,0.5168836575505665,2.4820266,6.087433,0.59078074,0.46948266,0.5564859,IDP-ESM2-8M,93,288,0.0008726119995117188,0.09089517593383789,0.021576897346076485,0.018283516168594305,0.03960223379159655
A0A0F7L2H1,2.1316399574279785,5.185291767120361,0.5512738924565744,0.4365662634372711,0.5346463826293482,2.3473072,5.856778,0.60888404,0.4743222,0.4770523,IDP-ESM2-8M,93,288,0.2156672477722168,0.6714863777160645,0.057610144084410675,0.03775593638420105,0.05759408146090639
A0A0F7L948,2.9432451725006104,7.376818656921387,0.615684741569221,0.4661437273025512,0.5147378398896822,2.77997,6.8507338,0.6065187,0.47196513,0.5139175,IDP-ESM2-8M,93,288,0.16327524185180664,0.5260848999023438,0.009166055751502533,0.005821406841278132,0.0008203341485628624
A0A0H4SM67,2.05387806892395,4.603631973266602,0.3329728256138248,0.2809054255485534,0.9568060839658448,2.298625,5.085326,0.4463892,0.37324142,0.74251664,IDP-ESM2-8M,93,288,0.24474692344665527,0.48169422149658203,0.11341637268939786,0.09233599901199346,0.21428944711739506
A0A0H4XWL8,4.244997501373291,9.883912086486816,0.4845938852067262,0.3680307865142822,0.7021309966367894,3.8901234,9.193766,0.52995837,0.4130469,0.6372007,IDP-ESM2-8M,93,288,0.3548741340637207,0.6901464462280273,0.04536448214099109,0.04501610994338989,0.06493028347913554
A0A0K0KVV5,1.905128836631775,4.783977508544922,0.6390536102060689,0.509920060634613,0.4996267046099265,1.8607526,4.730682,0.63346153,0.5004444,0.47101766,IDP-ESM2-8M,93,288,0.044376254081726074,0.05329561233520508,0.00559207522910965,0.009475648403167725,0.02860904589944674
A0A0K0UUV8,1.4884426593780518,3.522228956222534,0.5625399342005294,0.4640023112297058,0.555318216079023,1.3992387,3.4377239,0.58410615,0.46694568,0.51627606,IDP-ESM2-8M,93,288,0.08920395374298096,0.08450508117675781,0.021566213088746733,0.002943366765975952,0.039042154544141394
A0A0M4RBN9,1.8003473281860352,3.822779893875122,0.3441452587271263,0.3250421285629272,0.907308166463678,1.9543483,4.2981625,0.436731,0.3689011,0.7615446,IDP-ESM2-8M,93,288,0.15400099754333496,0.47538256645202637,0.09258575194830398,0.0438589751720429,0.14576358123571165
A0A0N9R406,2.7013094425201416,6.821994781494141,0.6285582797931205,0.4964366257190704,0.5176726691946631,2.601416,6.3872075,0.6112033,0.48823413,0.5373345,IDP-ESM2-8M,93,288,0.09989333152770996,0.4347872734069824,0.01735496691928018,0.008202493190765325,0.0196618325486535
A0A0R7EYS2,2.739974975585937,6.7961201667785645,0.6369731593098236,0.5143995881080627,0.5318345347258259,2.8685606,7.2320566,0.6866897,0.53882796,0.42596442,IDP-ESM2-8M,93,288,0.12858557701110884,0.43593645095825195,0.049716515544455,0.024428367614746094,0.1058701196524311
A0A0S0BY46,2.9722888469696045,5.646958351135254,0.200000000000005,0.2410071045160293,1.6899441710446432,4.0408106,8.875563,0.38793826,0.33999252,0.9261464,IDP-ESM2-8M,93,288,1.0685217380523682,3.228604316711426,0.18793826103209949,0.09898541867733007,0.7637977829907492
A0A0U3U0D7,3.198613405227661,6.53288459777832,0.2761613509182223,0.2992600202560425,1.3395796320590558,3.5571609,7.901476,0.42513126,0.35880363,0.8313284,IDP-ESM2-8M,93,288,0.3585474491119385,1.36859130859375,0.14896991043050206,0.059543609619140625,0.5082512400302472
A0A0X9FL12,2.4715023040771484,6.043369770050049,0.6259112433413985,0.5041557550430298,0.5193591636724463,2.4767406,6.2451587,0.6601421,0.51820326,0.43317568,IDP-ESM2-8M,93,288,0.00523829460144043,0.20178890228271484,0.03423088035778976,0.014047503471374512,0.08618348065090087
A0A127KLB1,2.037693738937378,4.89035177230835,0.5755451535486125,0.4528867304325104,0.5500564735472421,1.9909419,4.912398,0.5973401,0.4730099,0.51799524,IDP-ESM2-8M,93,288,0.04675185680389404,0.02204608917236328,0.021794953415498863,0.020123183727264404,0.03206123524310389
A0A127KLJ5,1.9161354303359983,3.975952863693237,0.3834116582257151,0.329802542924881,0.8119062492192699,1.965696,4.555962,0.49708846,0.39149836,0.61764646,IDP-ESM2-8M,93,288,0.04956054687500022,0.5800092220306401,0.113676803888619,0.06169581413269043,0.1942597934544994
A0A140F9E7,2.71370792388916,6.346926212310791,0.5038814751992345,0.3802064955234527,0.6196854491066627,2.7733955,6.537094,0.5242312,0.4079652,0.5958148,IDP-ESM2-8M,93,288,0.05968761444091797,0.19016790390014648,0.02034972025059456,0.027758717536926325,0.023870625002353596
A0A140HQX3,3.51343297958374,8.4016695022583,0.6073791392405583,0.4708464741706848,0.5436286043740732,3.5105038,8.726313,0.6548411,0.50742495,0.44129008,IDP-ESM2-8M,93,288,0.002929210662841353,0.3246431350708008,0.047461985770885784,0.036578476428985596,0.10233852382674047
A0A142KCK0,1.984683632850647,4.5358991622924805,0.4904644765946085,0.3969229161739349,0.6290876197646604,2.09202,4.8980274,0.51002395,0.40313268,0.6117627,IDP-ESM2-8M,93,288,0.10733640193939209,0.36212825775146484,0.01955947493584803,0.006209760904312189,0.01732491729960306
A0A192GNU8,5.837929725646973,14.055828094482422,0.6151828044542762,0.4852725863456726,0.618608480442396,4.8543177,11.849937,0.6428234,0.50403154,0.56203663,IDP-ESM2-8M,93,288,0.983612060546875,2.205890655517578,0.027640593658974533,0.018758952617645264,0.05657184695087991
A0A1B1MQX9,3.689755916595459,9.153661727905272,0.6210792522992638,0.4994878470897674,0.5340505303806711,3.599648,8.888087,0.64451575,0.5035594,0.47495577,IDP-ESM2-8M,93,288,0.09010791778564453,0.2655744552612287,0.023436500493094647,0.004071563482284601,0.05909476298755889
A0A1B1SEH4,1.5912322998046875,3.996649265289306,0.6065594374484161,0.4735662043094635,0.5186342838392061,1.6808083,4.2682467,0.6113427,0.47758046,0.4739818,IDP-ESM2-8M,93,288,0.08957600593566895,0.2715973854064946,0.004783290689553854,0.004014253616333008,0.044652486144046155
A0A1B2CSH8,2.555961847305298,6.162074089050293,0.6283748593000453,0.519582211971283,0.5381129048765315,2.683351,6.8936286,0.7010684,0.54740214,0.40606606,IDP-ESM2-8M,93,288,0.12738919258117676,0.7315545082092285,0.07269354203662459,0.027819931507110596,0.13204684481030837
A0A1C9EI46,2.495083808898926,6.504735946655273,0.6447358353589703,0.4936386048793793,0.5064341176318454,2.36233,5.779645,0.60333097,0.49431956,0.58545566,IDP-ESM2-8M,93,288,0.13275384902954102,0.7250909805297852,0.04140486554848444,0.0006809532642364502,0.07902153841979032
A0A1D7RB72,1.9309744834899905,4.144845008850098,0.4400923320469089,0.3348980844020843,0.6979334094812382,1.9490099,4.4837465,0.4859598,0.38560152,0.63920504,IDP-ESM2-8M,93,288,0.018035411834716575,0.3389015197753906,0.04586746605070158,0.05070343613624578,0.058728370933722296
A0A1D7RFJ1,2.1598763465881348,5.302068710327148,0.6151031654723652,0.4840208292007446,0.517090559410478,2.0120492,5.018795,0.6029775,0.4745982,0.5169474,IDP-ESM2-8M,93,288,0.1478271484375,0.28327369689941406,0.012125651205397436,0.00942263007163996,0.0001431707614911737
A0A1D7RII7,1.9287075996398928,4.025937557220459,0.4168344515309992,0.3448868691921234,0.7447463504225647,2.0045419,4.645069,0.49434984,0.39045572,0.62563264,IDP-ESM2-8M,93,288,0.07583427429199197,0.6191315650939941,0.07751538577216244,0.04556885361671448,0.11911370672291866
A0A1D7S6P1,1.9069650173187256,4.018314361572266,0.4110361216142591,0.3321807384490967,0.7556874030107638,1.9866303,4.592783,0.4917644,0.38953814,0.6314199,IDP-ESM2-8M,93,288,0.07966530323028564,0.5744686126708984,0.08072827481480277,0.05735740065574646,0.12426750593129599
A0A1D7SND7,2.0959181785583496,5.300011157989502,0.6250138501940657,0.4755710661411285,0.4929425236448312,1.9715283,4.863057,0.5892266,0.46576855,0.52682567,IDP-ESM2-8M,93,288,0.1243898868560791,0.4369540214538574,0.03578724668607014,0.009802520275115911,0.033883142782781095
A0A1D8KSZ5,2.1815261840820312,5.456066131591797,0.6235150752744316,0.4918694198131561,0.5153231744444425,2.0427086,5.0754642,0.6099573,0.48645988,0.52423185,IDP-ESM2-8M,93,288,0.13881754875183105,0.3806018829345703,0.013557797499620827,0.0054095387458800714,0.008908676656479098
A0A1S5YE66,2.531496524810791,5.944098949432373,0.6134355785372303,0.5148159265518188,0.5351545203648784,2.5813978,6.491123,0.65603215,0.5138246,0.4394917,IDP-ESM2-8M,93,288,0.04990124702453613,0.5470242500305176,0.04259656648611565,0.0009913444519042969,0.09566283115970875
A0A1V0EDG6,1.5727343559265137,3.469075918197632,0.2929541306119855,0.3063433766365051,0.9878845159755464,1.4064531,2.6488767,0.37379318,0.34833747,0.90006304,IDP-ESM2-8M,93,288,0.16628122329711914,0.8201992511749268,0.08083905414524717,0.04199409484863281,0.08782147810323193
A0A1V0SDB7,4.326804637908936,10.801491737365724,0.6213385466256183,0.4660638570785522,0.5635521659812908,4.028592,10.099543,0.6525767,0.5066316,0.48114398,IDP-ESM2-8M,93,288,0.29821252822876065,0.7019491195678729,0.031238138326163956,0.04056775569915777,0.08240818476295275
A0A1V0SEI4,1.8081750869750977,4.441864490509033,0.6122151916873403,0.500130832195282,0.5483686596833202,1.8192127,4.4837494,0.5950126,0.47974557,0.5451264,IDP-ESM2-8M,93,288,0.011037588119506836,0.0418848991394043,0.017202586497063188,0.020385265350341797,0.0032422811470957935
A0A1V0SIV1,4.174000263214111,10.614853858947754,0.6842403496575146,0.5386889576911926,0.5027585052773443,4.01702,10.331074,0.7315165,0.5673926,0.37258625,IDP-ESM2-8M,93,288,0.15698003768920898,0.2837800979614258,0.04727613078834725,0.028703629970550537,0.13017225497216856
A0A1Z1LW78,2.0027074813842773,4.335637092590332,0.4410411947256457,0.366392582654953,0.7037776828997439,1.9831083,4.5771656,0.49496722,0.39241272,0.63027096,IDP-ESM2-8M,93,288,0.019599199295043945,0.24152851104736328,0.05392602748809944,0.026020139455795288,0.0735067249529665
A0A218MKB4,2.357820510864258,6.037364482879639,0.6271183212289396,0.461840808391571,0.5060772498704652,2.4730148,6.1640773,0.6171795,0.48672855,0.5326575,IDP-ESM2-8M,93,288,0.11519432067871094,0.12671279907226562,0.009938808251339526,0.024887740612030085,0.026580254211260868
A0A218MLX2,2.272663354873657,5.805709838867188,0.6396639957192238,0.4928644299507141,0.4917246219632122,2.1117678,5.2263546,0.5981618,0.479652,0.5523313,IDP-ESM2-8M,93,288,0.1608955860137935,0.579355239868165,0.04150217912223897,0.013212442398071289,0.060606706428816604
A0A218MLZ4,2.032463788986206,5.23089599609375,0.6597090612851132,0.5207942128181458,0.4942573940182793,1.9980242,5.158066,0.67018104,0.5309207,0.4577143,IDP-ESM2-8M,93,288,0.0344395637512207,0.0728302001953125,0.010471974710370202,0.010126471519470215,0.036543104591475695
A0A218MM47,3.07020115852356,7.898779392242432,0.640762047423211,0.4869556427001953,0.4947709595466047,2.9139495,7.1563582,0.59447575,0.4705712,0.5686406,IDP-ESM2-8M,93,288,0.15625166893005416,0.7424211502075195,0.04628630126842581,0.01638445258140564,0.07386963016744558
A0A218MM62,4.056736946105957,10.436914443969728,0.639987116247588,0.4903533160686493,0.5136986871541919,3.9876225,9.924612,0.6500343,0.5008036,0.504656,IDP-ESM2-8M,93,288,0.06911444664001465,0.5123023986816424,0.010047192185944742,0.010450273752212524,0.00904267032756223
A0A218MME3,2.271432876586914,5.9613037109375,0.6597079257097135,0.4992742836475372,0.4810725402587958,2.4435399,6.171365,0.63004893,0.49707416,0.52145404,IDP-ESM2-8M,93,288,0.17210698127746582,0.21006107330322266,0.02965899506472447,0.0022001266479491632,0.040381495977013515
A0A218MMI9,2.02730679512024,5.305123329162598,0.638452023086483,0.4827924370765686,0.5078515226758401,2.1309192,5.4946413,0.6745563,0.52614105,0.43956086,IDP-ESM2-8M,93,288,0.10361242294311435,0.18951797485351562,0.03610429185873798,0.043348610401153564,0.06829066228040859
A0A222ZRZ9,1.8855600357055664,4.122748374938965,0.3942736176377951,0.3380815088748932,0.8147917344271013,2.0815253,4.7187734,0.47160968,0.38613585,0.6966387,IDP-ESM2-8M,93,288,0.19596529006958008,0.5960249900817871,0.07733606420691619,0.04805433750152588,0.11815303108084885
A0A249XMM6,1.6224560737609863,3.959259033203125,0.6034464095859026,0.4790000915527344,0.5343587030662669,1.7878561,4.536693,0.64262575,0.5046636,0.45539933,IDP-ESM2-8M,93,288,0.16540002822875977,0.5774340629577637,0.03917933952527297,0.02566349506378174,0.07895936863557229
A0A290GQ28,1.5971816778182983,4.016484260559082,0.6073024075916871,0.4796764850616455,0.5201540663015185,1.6229715,4.035541,0.6194121,0.49970406,0.508597,IDP-ESM2-8M,93,288,0.025789856910705566,0.01905679702758789,0.012109716565264828,0.020027577877044678,0.011557049966984811
A0A2D1GNS7,1.8548660278320312,4.500593662261963,0.6091087310179324,0.5196295380592346,0.5368738539794433,1.8079715,4.3104053,0.59592116,0.5018288,0.5768895,IDP-ESM2-8M,93,288,0.04689455032348633,0.19018840789794922,0.013187572227344013,0.017800748348236084,0.04001566094365239
A0A2D1M0A0,3.243690490722656,6.600233554840088,0.2918736432249597,0.3027164340019226,1.2718866759880836,3.4690094,7.6847234,0.42272785,0.35788515,0.834092,IDP-ESM2-8M,93,288,0.2253189086914067,1.0844898223876953,0.130854209834809,0.055168718099594116,0.4377946549996192
A0A2D3I5T4,3.445852756500244,8.695958137512207,0.6388660412527839,0.5173224806785583,0.5259483236126974,3.2035463,8.090565,0.657094,0.5125429,0.47913885,IDP-ESM2-8M,93,288,0.24230647087097168,0.6053934097290039,0.01822796051723563,0.0047795772552490234,0.046809472446925904
A0A2I6SBY4,2.5871617794036865,6.698744297027588,0.713829571671521,0.5995360016822815,0.4633943519370618,2.592041,6.4522786,0.73122245,0.5915259,0.36290735,IDP-ESM2-8M,93,288,0.0048792362213134766,0.24646568298339844,0.01739287906166387,0.00801008939743042,0.10048700187373782
A0A2I6SCK6,2.535738468170166,6.091251850128174,0.6304718709223981,0.4980557262897491,0.5531566837180172,2.292192,5.4776487,0.6186004,0.5176226,0.5628483,IDP-ESM2-8M,93,288,0.2435464859008789,0.6136031150817871,0.011871442817997457,0.01956686377525335,0.0096916458260502
A0A2K9VSC6,3.412482261657715,8.447052955627441,0.6449949317186973,0.5287598371505737,0.512319115861929,3.2922833,8.262741,0.67119336,0.5231854,0.432276,IDP-ESM2-8M,93,288,0.12019896507263184,0.1843118667602539,0.02619842956365137,0.005574464797973633,0.08004310534862336
A0A2P1GNK0,3.380776882171631,7.656097888946533,0.541036319838271,0.4461981952190399,0.6014099315591063,3.3067448,7.729614,0.5085432,0.4059673,0.6590176,IDP-ESM2-8M,93,288,0.07403206825256348,0.0735158920288086,0.03249312649796954,0.040230900049209595,0.05760769091174944
A0A2R3UAC7,1.9320677518844604,4.841625213623047,0.6404539932537097,0.5155250430107117,0.4873367177706417,1.8401713,4.5568905,0.6012226,0.48029327,0.5219933,IDP-ESM2-8M,93,288,0.0918964147567749,0.28473472595214844,0.039231418542863716,0.03523176908493042,0.03465656168645059
A0A2R8FEN2,2.233720064163208,4.593494892120361,0.3637210542594347,0.3110659718513489,0.8452194904151901,2.9410176,6.571131,0.42987514,0.35241646,0.77221024,IDP-ESM2-8M,93,288,0.7072975635528564,1.9776363372802734,0.06615408116231825,0.041350483894348145,0.07300925005111536
A0A2S1MMK3,3.119459867477417,5.968638896942139,0.2526111350215629,0.2691065669059753,1.4474499501228164,3.5099502,7.7746935,0.42119718,0.35707515,0.83880246,IDP-ESM2-8M,93,288,0.3904902935028076,1.8060545921325684,0.16858604095805135,0.08796858787536627,0.6086474932670425
A0A2S1MQZ2,3.2695066928863525,6.373148918151856,0.2679473715136036,0.3023358285427093,1.415576885824505,3.5136201,7.7753067,0.41950575,0.35627753,0.84274447,IDP-ESM2-8M,93,288,0.24411344528198242,1.4021577835083,0.15155837365889702,0.05394169688224798,0.5728324161818659
A0A2S1MU58,3.180582284927368,6.335093021392822,0.2804766553457555,0.2952610552310943,1.3086290631831297,3.5668108,7.8942604,0.4174582,0.35465977,0.8453288,IDP-ESM2-8M,93,288,0.3862285614013672,1.5591673851013184,0.1369815510694209,0.059398710727691706,0.4633002553523191
A0A2S1N1Y6,3.1434013843536377,6.069257736206055,0.2551394399323936,0.2820751368999481,1.440354066821315,3.5189195,7.7765827,0.41617045,0.35445997,0.8501072,IDP-ESM2-8M,93,288,0.3755180835723877,1.7073249816894531,0.1610310081324105,0.07238483428955078,0.590246873828151
A0A2S1N210,3.177938461303711,6.538460731506348,0.2850310229733637,0.2840388119220733,1.2820223027123905,3.5147228,7.78358,0.42068624,0.35655272,0.8394533,IDP-ESM2-8M,93,288,0.33678436279296875,1.2451190948486328,0.13565522199123592,0.07251390814781195,0.44256902274031407
A0A2U7U7R7,3.307194709777832,7.426743030548096,0.49027903920995,0.4071246981620788,0.6844560534819841,3.289057,7.5756717,0.488377,0.39096457,0.68209296,IDP-ESM2-8M,93,288,0.018137693405151367,0.14892864227294922,0.0019020343481183088,0.0161601305007934,0.0023630888327836885
A0A2Z4HI38,2.976910352706909,7.205212593078613,0.6378618484091534,0.5078628659248352,0.5010178088146884,3.1517675,7.8574424,0.65162206,0.5073362,0.45694724,IDP-ESM2-8M,93,288,0.17485713958740234,0.6522297859191895,0.013760208551906183,0.0005266666412353516,0.044070571561499294
A0A2Z4Q913,2.134335994720459,4.321473598480225,0.4063391873984688,0.3787935674190521,0.7895223631942321,2.029221,4.240206,0.38272524,0.3439737,0.8683506,IDP-ESM2-8M,93,288,0.10511493682861328,0.0812678337097168,0.023613948598419976,0.03481987118721008,0.07882826184391489
A0A2Z6E9I5,2.2962775230407715,5.193755626678467,0.5135728109874673,0.4228333234786987,0.6080252512837739,2.2828503,5.384963,0.5260364,0.41744685,0.5917465,IDP-ESM2-8M,93,288,0.013427257537841797,0.1912074089050293,0.012463570734029261,0.005386471748351995,0.016278742208609143
A0A345L4V0,2.6736631393432617,6.949498176574707,0.6596856797737075,0.5065141916275024,0.4831004333772276,2.608818,6.571431,0.6542066,0.5158544,0.48243982,IDP-ESM2-8M,93,288,0.06484508514404297,0.3780670166015625,0.0054791058105422286,0.009340226650238037,0.0006606173791501857
A0A345M6E7,2.5674266815185547,6.560764312744141,0.6485113664520162,0.4892332553863525,0.4974973801966151,2.5938523,6.4659896,0.6306664,0.5021857,0.52467865,IDP-ESM2-8M,93,288,0.026425600051879883,0.09477472305297852,0.01784499129179895,0.01295244693756109,0.027181267321542857
A0A346RNU7,3.3275458812713623,8.488655090332031,0.6610640449621865,0.5302042365074158,0.4993799703135373,3.5552506,8.789133,0.6494153,0.51184297,0.5077695,IDP-ESM2-8M,93,288,0.22770476341247559,0.3004779815673828,0.011648730764646231,0.018361270427703857,0.00838955473757963
A0A346TPN1,4.2668776512146,10.269299507141112,0.6275896033613085,0.5009030699729919,0.5500839470806737,4.1223774,10.13389,0.6399996,0.5012628,0.51024157,IDP-ESM2-8M,93,288,0.1445002555847168,0.13540935516357244,0.012410024705708067,0.0003597140312194824,0.03984237899214216
A0A346TQ06,3.2511818408966064,8.189574241638184,0.6621728226837698,0.5109158158302307,0.4906660220041634,3.119532,7.9378643,0.6852995,0.5309528,0.4140963,IDP-ESM2-8M,93,288,0.13164973258972168,0.2517099380493164,0.02312669304041237,0.02003699541091919,0.07656972617057578
A0A385DYQ6,1.8909099102020264,4.238114833831787,0.4425941345339992,0.376821756362915,0.7078802560160036,1.7121896,3.9075634,0.48581284,0.39403272,0.6622072,IDP-ESM2-8M,93,288,0.1787203550338745,0.3305513858795166,0.04321870831191754,0.01721096038818365,0.04567306979392716
A0A385UFY3,2.382606506347656,6.081989765167236,0.6504340639228023,0.5102535486221313,0.4993561855884749,2.284889,5.785886,0.6451703,0.5108084,0.48644423,IDP-ESM2-8M,93,288,0.09771752357482866,0.29610395431518555,0.005263792526165378,0.0005548596382141113,0.012911950740452427
A0A386QVQ8,2.713974952697754,6.020387172698975,0.5009933137682375,0.4044174253940582,0.6196101935095266,2.767455,6.5211887,0.5200785,0.40463096,0.59725684,IDP-ESM2-8M,93,288,0.05348014831542969,0.5008015632629395,0.019085166475445337,0.00021353363990783691,0.02235335423416651
A0A3G1T4F7,3.1424789428710938,5.581296443939209,0.2067028429250769,0.2772082388401031,1.7320570120288912,4.0840545,9.004159,0.39872795,0.34607488,0.90351784,IDP-ESM2-8M,93,288,0.9415755271911621,3.4228625297546387,0.19202511050891358,0.06886664032936102,0.8285391697361055
A0A3G2JTZ9,3.2846693992614746,8.398880958557129,0.6512371837232548,0.5126974582672119,0.494275222807434,3.252065,8.1476145,0.66317284,0.515203,0.43929332,IDP-ESM2-8M,93,288,0.03260445594787598,0.2512664794921875,0.011935657348827733,0.0025055408477783203,0.054981897860076845
A0A3G3M5R8,2.047959089279175,4.472305774688721,0.4314254112761915,0.3603940606117248,0.7382401668580615,1.9801581,4.5132413,0.4763408,0.3808083,0.66520834,IDP-ESM2-8M,93,288,0.06780099868774414,0.040935516357421875,0.04491538924756644,0.020414233207702692,0.07303182716689938
A0A3G4S8X8,3.076848030090332,7.301825523376465,0.5801426261034575,0.4664461612701416,0.5762746431229985,2.9459908,7.392148,0.64781266,0.50187194,0.45393217,IDP-ESM2-8M,93,288,0.13085722923278809,0.09032249450683594,0.06767003840536212,0.035425782203674316,0.12234247702345014
A0A3G4ZTT1,2.060054540634156,4.357192039489746,0.3443326012146929,0.3271875083446502,0.9218549563737636,2.7834334,6.344112,0.47605497,0.40267703,0.7489027,IDP-ESM2-8M,93,288,0.723378896713256,1.98691987991333,0.13172236523504466,0.07548952102661138,0.17295227788407852
A0A3G4ZXU7,4.622271537780762,11.656110763549805,0.6637940631525757,0.5089167952537537,0.5447357743325447,4.6336923,11.779323,0.7128279,0.55261844,0.42572707,IDP-ESM2-8M,93,288,0.011420726776123047,0.12321186065673828,0.04903385776112057,0.0437016487121582,0.11900870495464555
A0A3G5A3I8,1.582045555114746,3.759417772293091,0.5251707246884926,0.4090228974819183,0.5392597621989829,1.5611874,3.7447844,0.53463537,0.41419742,0.54463637,IDP-ESM2-8M,93,288,0.020858168601989746,0.014633417129516602,0.009464640320815287,0.005174517631530817,0.005376606552543017
A0A3G5A3J2,3.166235446929932,7.83160400390625,0.643085135510636,0.5223853588104248,0.5184793811290166,3.2585974,8.264221,0.65508664,0.51224977,0.48824272,IDP-ESM2-8M,93,288,0.09236192703247026,0.4326171875,0.012001501032637973,0.01013559103012085,0.030236665531863882
A0A3G5AHA4,1.7540030479431152,4.470920562744141,0.64503776946318,0.5151039958000183,0.506083212161889,1.6404555,4.0617127,0.6033511,0.4800847,0.5230391,IDP-ESM2-8M,93,288,0.11354756355285645,0.409207820892334,0.04168665328276011,0.03501930832862854,0.016955890392432282
A0A3G5AK89,2.0699737071990967,5.175526142120361,0.6562589473943703,0.5322542190551758,0.5178787013274817,1.8665497,4.850816,0.66861916,0.5342611,0.48073226,IDP-ESM2-8M,93,288,0.20342397689819336,0.3247103691101074,0.012360208489418767,0.0020068883895874023,0.0371464391929297
A0A3G5Q4F5,1.5521970987319946,3.7434744834899902,0.5672407251652222,0.4652787744998932,0.5498195633147831,1.7294424,4.0993176,0.536213,0.429332,0.58336735,IDP-ESM2-8M,93,288,0.17724525928497314,0.35584306716918945,0.03102774441799927,0.035946786403656006,0.03354778440250206
A0A3Q8Q9R0,2.364661931991577,5.42933464050293,0.5194339645769017,0.4043210744857788,0.6156077555854503,2.3723774,5.5746593,0.5192938,0.4106626,0.62908345,IDP-ESM2-8M,93,288,0.007715463638305664,0.14532470703125,0.0001401794816868751,0.006341516971588135,0.013475699023466903
A0A3R5WKS6,3.191679239273072,6.347910404205322,0.2747423164685343,0.2743664085865021,1.349555276134066,3.5450494,7.871686,0.42428118,0.35813314,0.83056813,IDP-ESM2-8M,93,288,0.35337018966674716,1.523775577545166,0.14953886343640344,0.08376672863960266,0.5189871413493674
A0A401IPA0,3.025280475616455,7.437451362609863,0.6375808507030931,0.4965866804122925,0.5386735246403864,3.1255953,7.923027,0.66447663,0.5163909,0.46696848,IDP-ESM2-8M,93,288,0.10031485557556152,0.48557567596435547,0.026895782368806298,0.01980423927307129,0.07170504786807808
A0A410I670,3.241849660873413,6.425378322601318,0.2805938971416489,0.2976360917091369,1.3324973719642064,3.5544884,7.897286,0.4255284,0.35900217,0.8296131,IDP-ESM2-8M,93,288,0.3126387596130371,1.471907615661621,0.1449345099552139,0.061366081237793024,0.502884282402744
A0A410S812,3.250848293304444,8.480401039123535,0.6633607787155484,0.5114846229553223,0.488389714646141,3.2772303,8.197128,0.67366076,0.5266346,0.43543714,IDP-ESM2-8M,93,288,0.026381969451903853,0.28327274322509766,0.010299976441922265,0.015149950981140137,0.0529525717971725
A0A411HB56,3.01107144355774,7.785770416259766,0.655770400191353,0.4894084632396698,0.5088237617773905,3.0562425,7.705416,0.676734,0.5310627,0.45084172,IDP-ESM2-8M,93,288,0.045171022415160245,0.08035421371459961,0.020963570450736824,0.04165425896644592,0.057982036904801415
A0A481TD43,1.5107553005218506,3.807961940765381,0.5932171801096208,0.474394679069519,0.5195233739647115,1.589334,3.9589026,0.59981674,0.47446293,0.49801245,IDP-ESM2-8M,93,288,0.07857871055603027,0.1509406566619873,0.0065995594495528165,6.824731826787778e-05,0.021510920647069276
A0A481V8U6,3.610664129257202,9.22670841217041,0.6328479084985549,0.4875924587249756,0.5101916619317189,3.7150755,9.136215,0.63517696,0.49599072,0.48583117,IDP-ESM2-8M,93,288,0.10441136360168457,0.09049320220947266,0.002329048155040092,0.008398264646530151,0.024360490657533762
A0A481Z0P8,2.3234872817993164,5.55682373046875,0.6698809236798499,0.5935447216033936,0.5395499579316277,2.3482885,5.9853234,0.69132435,0.5639186,0.4630407,IDP-ESM2-8M,93,288,0.024801254272460938,0.428499698638916,0.021443429538228753,0.029626131057739258,0.07650924843608331
A0A481Z6X1,5.909029483795166,14.547002792358398,0.6187231014577924,0.4750827848911285,0.5732456348847946,4.9020014,11.856667,0.6470872,0.4973266,0.48133773,IDP-ESM2-8M,93,288,1.0070281028747559,2.690336227416992,0.028364114919465888,0.022243827581405695,0.09190790876861421
A0A482JE07,1.7497036457061768,3.5807225704193115,0.321709721014205,0.2906050086021423,0.9540812665222698,1.9245641,4.1777315,0.4245451,0.36154306,0.7804793,IDP-ESM2-8M,93,288,0.17486047744750977,0.5970089435577393,0.1028353882577982,0.07093805074691778,0.17360195457921557
A0A4D5XEU4,1.5845167636871338,3.504876613616944,0.3976555948901276,0.4125247895717621,0.7602961852608616,1.7171307,3.4246855,0.40646416,0.36742494,0.84426326,IDP-ESM2-8M,93,288,0.1326138973236084,0.08019113540649458,0.008808564598550395,0.045099854469299316,0.08396707033529927
A0A4D5XFS9,5.339495658874512,13.468605041503906,0.667730298100753,0.5217038989067078,0.5694526826459556,4.5837617,11.74721,0.7768878,0.6107708,0.40827882,IDP-ESM2-8M,93,288,0.7557339668273926,1.721395492553711,0.10915747636671524,0.08906692266464233,0.16117385974709086
A0A4D5XFZ8,2.841764450073242,7.1342854499816895,0.6555505073008447,0.5226016044616699,0.5451046936879099,3.056623,7.4480634,0.6096683,0.5065958,0.6153817,IDP-ESM2-8M,93,288,0.2148585319519043,0.3137779235839844,0.045882192843905045,0.01600581407546997,0.07027702399397484
A0A4P1QFK2,1.545027732849121,3.790608406066896,0.5894270980284958,0.4662937521934509,0.5264817579646497,1.5528665,3.8057625,0.5903702,0.47269037,0.51605296,IDP-ESM2-8M,93,288,0.007838726043701172,0.015154123306273082,0.0009430801941604505,0.006396621465682983,0.010428796615162383
A0A4Y1NU38,2.0615062713623047,5.037529945373535,0.6229661033276928,0.4933522343635559,0.5236302290130489,2.0315104,5.0659323,0.6161708,0.4877672,0.51209426,IDP-ESM2-8M,93,288,0.02999591827392578,0.028402328491210938,0.006795279753626593,0.005585044622421265,0.011535969750963937
A0A4Y5NGG5,1.475010633468628,3.5850942134857178,0.5583340896411682,0.4568421840667724,0.5559925275876284,1.4629163,3.5740829,0.576807,0.45903736,0.527063,IDP-ESM2-8M,93,288,0.012094378471374512,0.011011362075805664,0.01847293245355841,0.002195179462432917,0.028929515464520494
A0A4Y6EML4,1.6170469522476196,4.070437431335449,0.6328290810553552,0.5050466060638428,0.5027180982089791,1.7893083,4.563161,0.64704365,0.5078441,0.4537423,IDP-ESM2-8M,93,288,0.17226135730743408,0.4927234649658203,0.01421456432657231,0.0027974843978881836,0.048975802705362725
A0A515J3G6,3.017538785934448,6.877259731292725,0.4859342711954241,0.376083105802536,0.6592717477188171,3.2250586,7.5702925,0.5154267,0.4012704,0.6147427,IDP-ESM2-8M,93,288,0.20751976966857955,0.6930327415466309,0.02949242415140818,0.025187283754348755,0.04452905143356933
A0A5B8IIW6,1.8974432945251465,4.885723114013672,0.6469358192972549,0.5148295760154724,0.504183574390297,1.9282151,4.8453083,0.64165145,0.5100058,0.48729417,IDP-ESM2-8M,93,288,0.030771851539611816,0.04041481018066406,0.005284367709577853,0.004823803901672363,0.016889407110099897
A0A5C0PG83,1.4965193271636963,3.5871448516845703,0.5676951260744586,0.4654843509197235,0.5397829571360407,1.4262509,3.4669,0.5641091,0.448608,0.5323072,IDP-ESM2-8M,93,288,0.07026839256286621,0.12024474143981934,0.003586039084102155,0.01687633991241455,0.007475749551659638
A0A5C0ZRE4,2.687811374664306,6.52047872543335,0.4824440924843468,0.3613495528697967,0.6764710571970572,2.8348505,6.591396,0.50661844,0.4054523,0.64808303,IDP-ESM2-8M,93,288,0.14703917503356978,0.07091712951660156,0.024174347666867824,0.04410275816917425,0.028388026019536494
A0A5C0ZSQ4,2.636460065841675,6.408196926116943,0.4751777601016744,0.3585197329521179,0.6808877495278288,2.7272115,6.2783723,0.48960432,0.3931952,0.6708632,IDP-ESM2-8M,93,288,0.09075140953063965,0.12982463836669922,0.014426564000727338,0.0346754789352417,0.010024538372891079
A0A5C0ZTE6,2.724724054336548,6.569069862365723,0.4864579542621406,0.3818606436252594,0.6746828633427439,2.8221684,6.578188,0.5108463,0.40799865,0.6416373,IDP-ESM2-8M,93,288,0.09744429588317871,0.009118080139160156,0.024388362552281995,0.026138007640838623,0.03304553805587862
A0A5C0ZTP4,2.701876640319824,6.429497241973877,0.4818112953508434,0.3668035566806793,0.6815615670539829,2.8104968,6.503231,0.4988529,0.40131593,0.6625356,IDP-ESM2-8M,93,288,0.10862016677856445,0.07373380661010742,0.017041613260454225,0.03451237082481384,0.019025959239194035
A0A5C0ZTQ7,2.751861572265625,6.605126857757568,0.4943990520272629,0.3774747550487518,0.6623016419204999,2.8422787,6.586491,0.50108653,0.40137547,0.65722775,IDP-ESM2-8M,93,288,0.09041714668273926,0.01863574981689453,0.006687481042347676,0.023900717496872004,0.005073887327604387
A0A5J6VNB5,4.342538356781006,10.536419868469238,0.5971274597014605,0.4638143479824066,0.5627306490236386,3.8967266,9.432531,0.58801836,0.4658675,0.58431166,IDP-ESM2-8M,93,288,0.44581174850463867,1.1038885116577148,0.009109101947706866,0.0020531415939331055,0.021581015080823107
A0A5K0U8Q2,3.260231733322144,7.728018760681152,0.3150130227182753,0.3012293875217438,1.2314020563805437,4.315615,10.067599,0.5090906,0.40841222,0.71046996,IDP-ESM2-8M,93,288,1.055383443832397,2.339580535888672,0.1940775796796434,0.1071828305721283,0.5209320952141618
A0A5K0UBH9,4.4549055099487305,10.53670883178711,0.6115252684137408,0.4928120076656341,0.5811961302093277,4.0910087,10.1593075,0.62970746,0.4880718,0.5178349,IDP-ESM2-8M,93,288,0.36389684677124023,0.37740135192871094,0.018182187221330026,0.004740208387374822,0.06336122839963532
A0A5P9UM97,2.1439034938812256,5.432412624359131,0.6028004369890224,0.482625275850296,0.531221748592688,1.917262,4.4856577,0.5197918,0.4226727,0.65173286,IDP-ESM2-8M,93,288,0.22664153575897217,0.9467549324035645,0.08300865508670918,0.05995258688926697,0.12051111340300902
A0A646QWB4,1.917070746421814,4.902830600738525,0.6242136224786112,0.4774098992347717,0.4990554209422766,1.8658732,4.5718384,0.58242106,0.46415442,0.5607509,IDP-ESM2-8M,93,288,0.05119752883911133,0.3309922218322754,0.041792558101780175,0.013255476951599066,0.061695480756789545
A0A646QWN2,1.7526249885559082,4.559249401092529,0.6596298768729166,0.5133320689201355,0.4764829463965392,1.9106052,4.89565,0.6513703,0.51226395,0.46665198,IDP-ESM2-8M,93,288,0.15798020362854004,0.33640050888061523,0.008259589931388311,0.001068115234375,0.009830970287988183
A0A649VCB5,1.4973623752593994,3.491060256958008,0.4854964925777537,0.3997061848640442,0.658377099555351,1.4421647,3.382707,0.53363365,0.4386795,0.60166353,IDP-ESM2-8M,93,288,0.055197715759277344,0.1083531379699707,0.04813715677145897,0.03897330164909363,0.056713569682456666
A0A6B9LZ63,1.4954251050949097,3.5242223739624023,0.546348365781561,0.4428379535675049,0.5701461099720432,1.5389678,3.7528167,0.5828921,0.46471083,0.53038734,IDP-ESM2-8M,93,288,0.04354274272918701,0.22859430313110352,0.03654375410292998,0.021872878074645996,0.03975876799587741
A0A6C0RTL1,1.931840777397156,4.931943893432617,0.6685167959049012,0.5515294671058655,0.4837912540596973,1.7721691,4.7275825,0.67450094,0.5301132,0.43793792,IDP-ESM2-8M,93,288,0.1596716642379763,0.2043614387512207,0.005984146325323403,0.02141624689102173,0.04585333873453251
A0A6F9F3M6,1.6906423568725586,4.0178046226501465,0.5427989131579706,0.4246668219566345,0.5635677501702078,1.8497943,4.4299374,0.54588586,0.42987046,0.5573037,IDP-ESM2-8M,93,288,0.15915191173553467,0.41213274002075195,0.0030869477619818175,0.00520363450050354,0.00626402349708155
A0A6G7AB66,2.3481550216674805,5.458531379699707,0.5031194950269057,0.4121839106082916,0.6181305837785314,2.4968443,5.8948774,0.52725154,0.40825078,0.589871,IDP-ESM2-8M,93,288,0.14868927001953125,0.43634605407714844,0.0241320465876268,0.003933131694793701,0.028259594455869008
A0A6G7AB88,2.494433641433716,5.886996269226074,0.4962577740025085,0.4004048109054565,0.6256812294344056,2.6245322,6.1874456,0.5243566,0.40557975,0.5961108,IDP-ESM2-8M,93,288,0.13009858131408691,0.3004493713378906,0.028098829619928045,0.005174934864044245,0.029570408664141956
A0A6G8MYF8,2.910238027572632,6.304473876953125,0.4365692759281948,0.3514030873775482,0.7373085803878829,3.2843292,7.5233917,0.4762405,0.37656665,0.6711769,IDP-ESM2-8M,93,288,0.37409114837646484,1.2189178466796875,0.039671209978406174,0.02516356110572815,0.06613166998749231
A0A6H0YEW0,1.4619015455245972,3.5186378955841064,0.5581676078660391,0.4558718800544739,0.5501148161336276,1.4045328,3.37399,0.55999947,0.45119548,0.5490948,IDP-ESM2-8M,93,288,0.05736875534057617,0.14464783668518066,0.0018318580763436731,0.004676401615142822,0.0010200199529024623
A0A6J5KPB0,1.931561589241028,4.873095989227295,0.6324247027859015,0.5116760730743408,0.5071489043098291,1.8316897,4.507989,0.5953864,0.47790202,0.53994507,IDP-ESM2-8M,93,288,0.09987187385559104,0.36510705947875977,0.037038316868237886,0.03377404808998108,0.032796161665360146
A0A6J5KRS4,1.808340549468994,4.616891384124756,0.6346860964910308,0.4987468421459198,0.4796649101593249,1.7547568,4.427266,0.61632603,0.48521388,0.49255273,IDP-ESM2-8M,93,288,0.053583741188049094,0.18962526321411133,0.018360062421969525,0.013532966375350952,0.01288781730153632
A0A6J5KVQ0,2.0336501598358154,4.941300868988037,0.6174673309280521,0.4876459538936615,0.5172475143585741,2.0703855,5.177398,0.61470973,0.4827825,0.5131062,IDP-ESM2-8M,93,288,0.03673529624938965,0.2360973358154297,0.002757596011365049,0.004863440990447998,0.004141287437492536
A0A6J5L216,1.6558523178100586,4.2097601890563965,0.636627284786915,0.5169373750686646,0.5096900244227829,1.7665718,4.521393,0.6306607,0.49093157,0.45733094,IDP-ESM2-8M,93,288,0.11071944236755371,0.3116326332092285,0.00596657206795137,0.026005804538726807,0.05235908226885222
A0A6J5L2N6,2.325737237930298,5.545482158660889,0.4717911183875044,0.3590433001518249,0.6706956260822641,2.3168118,5.3344545,0.4852373,0.38957834,0.66428113,IDP-ESM2-8M,93,288,0.008925437927246094,0.2110276222229004,0.01344618200846115,0.030535042285919245,0.006414496245227941
A0A6J5L2W6,2.8358936309814453,7.153021812438965,0.6600631869687292,0.5152115821838379,0.512603758400923,3.3367608,8.19758,0.7056414,0.562027,0.4101142,IDP-ESM2-8M,93,288,0.5008671283721924,1.0445585250854492,0.04557820192439821,0.04681539535522461,0.10248955947781202
A0A6J5L549,2.489058256149292,6.5023627281188965,0.6889961132886308,0.5449105501174927,0.4973719025093655,2.7992373,6.953667,0.714009,0.5808236,0.43838614,IDP-ESM2-8M,93,288,0.3101789951324463,0.45130443572998047,0.025012873661289903,0.035913050174713135,0.058985760255489794
A0A6J5L8Y0,1.6903939247131348,3.877333402633667,0.4989770485861082,0.3985915780067444,0.6066001349170872,1.7191789,3.9672272,0.49252108,0.39338845,0.6365559,IDP-ESM2-8M,93,288,0.028784990310668945,0.08989381790161133,0.0064559711916227225,0.005203127861022949,0.029955775193386436
A0A6J5LE62,1.9321050643920896,4.973462104797363,0.6393656524212314,0.5044987201690674,0.4890201839148593,1.9837439,4.972876,0.6002302,0.47035685,0.5202972,IDP-ESM2-8M,93,288,0.05163884162902854,0.0005860328674316406,0.039135435441250976,0.034141868352890015,0.03127704537514925
A0A6J5LH85,2.012480974197388,4.98656177520752,0.6047803281730825,0.4793956875801086,0.5307785598025809,2.0165467,5.0758343,0.60816157,0.47215188,0.4856458,IDP-ESM2-8M,93,288,0.004065752029418501,0.08927249908447177,0.0033812404685801267,0.0072438120841979425,0.04513275897364721
A0A6J5LWJ3,2.0926060676574707,5.148537635803223,0.6001206124876083,0.4743762910366058,0.5533732990700032,1.9620616,4.7734203,0.56726766,0.4520888,0.575549,IDP-ESM2-8M,93,288,0.13054442405700684,0.37511730194091797,0.03285295616131434,0.022287487983703558,0.022175707392093957
A0A6J5LYG1,2.3418896198272705,6.028640270233154,0.6361742023198964,0.4978787899017334,0.487821143682621,2.2713494,5.6551213,0.5973005,0.46691084,0.52509195,IDP-ESM2-8M,93,288,0.07054018974304199,0.3735189437866211,0.03887367283991594,0.03096795082092285,0.037270802442409545
A0A6J5M0M6,1.7801194190979004,4.627671718597412,0.6380694600300946,0.4863545894622803,0.4765165268175404,1.7430699,4.3717356,0.600631,0.47414103,0.51319456,IDP-ESM2-8M,93,288,0.03704953193664551,0.2559361457824707,0.037438461418644375,0.012213557958602905,0.03667803418709825
A0A6J5M1A9,1.8947727680206297,4.792967319488525,0.6368537037334309,0.491605669260025,0.4920156084123859,1.6787131,4.148362,0.5905376,0.47172222,0.53736717,IDP-ESM2-8M,93,288,0.21605968475341775,0.6446051597595215,0.04631609606360054,0.019883453845977783,0.04535155667626767
A0A6J5M383,1.4939820766448977,3.65190863609314,0.5863058627003224,0.4718666970729828,0.5234050061238716,1.4405824,3.5686755,0.593008,0.4660876,0.501965,IDP-ESM2-8M,93,288,0.05339968204498313,0.08323311805725142,0.0067021190768687955,0.005779087543487549,0.02144001979956134
A0A6J5M440,1.5223596096038818,3.4009156227111816,0.30848693556111,0.3315984606742859,0.9402385247402006,1.0761682,1.6238742,0.3276285,0.33916563,1.0064758,IDP-ESM2-8M,93,288,0.4461914300918579,1.7770414352416992,0.019141557747910987,0.007567167282104492,0.06623728149606645
A0A6J5M597,2.4704809188842773,5.528233051300049,0.3957060676766555,0.3049542307853699,0.7516401095049606,2.3289886,5.3575296,0.4840206,0.37762576,0.61106914,IDP-ESM2-8M,93,288,0.14149236679077148,0.17070341110229492,0.08831452310551002,0.07267153263092041,0.1405709666865097
A0A6J5M692,1.822757601737976,4.661199569702148,0.6454166241046767,0.5114878416061401,0.4771640858024888,1.901828,4.884885,0.6306046,0.49753812,0.4885346,IDP-ESM2-8M,93,288,0.07907044887542725,0.22368526458740234,0.014811999356446726,0.013949722051620483,0.011370513740128985
A0A6J5MAS8,2.2072370052337646,5.385336875915527,0.6315385315153609,0.5077436566352844,0.5236843669558697,2.1411161,5.31734,0.6126288,0.48521245,0.5284274,IDP-ESM2-8M,93,288,0.06612086296081543,0.06799697875976562,0.018909713957072305,0.022531211376190186,0.004743055090791648
A0A6J5MC63,2.8148560523986816,6.939040660858154,0.6075908972092113,0.4727453589439392,0.5214961986509299,2.7712898,6.802473,0.5986789,0.46735287,0.5198317,IDP-ESM2-8M,93,288,0.043566226959228516,0.1365675926208496,0.008912010318799957,0.005392491817474365,0.0016644816366171433
A0A6J5MCB3,1.8611453771591189,4.6693549156188965,0.6303508217655363,0.5003286600112915,0.5274635545093389,1.8550085,4.661305,0.6406765,0.513578,0.5014013,IDP-ESM2-8M,93,288,0.006136894226074441,0.008049964904785156,0.010325676647549686,0.013249337673187256,0.026062249310669472
A0A6J5MEY7,1.861404538154602,4.736755847930908,0.6133518249968076,0.4743624925613403,0.5251298753974969,1.7449274,4.292721,0.5960454,0.47995412,0.5545907,IDP-ESM2-8M,93,288,0.1164771318435669,0.44403505325317383,0.017306450126507333,0.005591630935669001,0.029460826659387873
A0A6J5MKW9,1.9973772764205933,4.999959945678711,0.6061298684275683,0.4698256552219391,0.5326355531533759,1.8341718,4.416196,0.5645671,0.45479208,0.58119,IDP-ESM2-8M,93,288,0.16320550441741943,0.5837640762329102,0.04156277934675778,0.015033572912216187,0.048554436890264285
A0A6J5MMF3,2.879166841506958,7.112376689910889,0.6118496788766791,0.4761544167995453,0.5218438896655169,2.9880166,7.3957453,0.615209,0.4791536,0.51079845,IDP-ESM2-8M,93,288,0.10884976387023926,0.2833685874938965,0.003359304544646613,0.0029991865158081055,0.0110454353808489
A0A6J5MV94,2.009892463684082,5.127058506011963,0.6460408082059769,0.5129064321517944,0.5085414843728931,1.993436,5.064367,0.6388625,0.505618,0.48954636,IDP-ESM2-8M,93,288,0.0164564847946167,0.06269168853759766,0.007178317551985169,0.007288455963134766,0.018995125787535483
A0A6J5N0T2,1.5051722526550293,3.7179806232452393,0.5906479157635637,0.4703706502914428,0.5218013070832058,1.5553977,3.748605,0.5568302,0.4442213,0.5584862,IDP-ESM2-8M,93,288,0.05022549629211426,0.0306243896484375,0.03381768838853316,0.02614936232566828,0.03668491613761937
A0A6J5NF31,2.107455253601074,5.278548717498779,0.6017067192321677,0.4722713530063629,0.5386637842304928,2.0396743,5.0279,0.5763911,0.45164928,0.54769474,IDP-ESM2-8M,93,288,0.06778097152709961,0.25064849853515625,0.025315618348683788,0.020622074604034424,0.009030958449103177
A0A6J5P529,2.1506426334381104,5.6308417320251465,0.6909059144706131,0.5643876791000366,0.4876001948071604,2.2674007,5.43453,0.66983974,0.566628,0.5067745,IDP-ESM2-8M,93,288,0.11675810813903809,0.19631195068359375,0.021066174671113602,0.002240300178527832,0.01917429030407619
A0A6J5PE78,1.922183871269226,4.876833438873291,0.6136930457831204,0.4775813221931457,0.5084182364881048,1.890076,4.8241067,0.62194043,0.48115152,0.47759092,IDP-ESM2-8M,93,288,0.03210783004760742,0.05272674560546875,0.008247388195913974,0.003570199012756403,0.030827317947150212
A0A6J5PLB7,2.045736312866211,5.145140171051025,0.6282542099849636,0.4983240365982055,0.518848369772103,2.0331917,4.9891496,0.56607926,0.44696125,0.5964457,IDP-ESM2-8M,93,288,0.012544631958007812,0.1559906005859375,0.06217495106620141,0.05136278271675104,0.07759730989250879
A0A6J5PPF9,1.6728100776672363,4.161153793334961,0.6346606892940946,0.5134698748588562,0.5067354269186948,1.8007457,4.584428,0.6604056,0.5294801,0.42887703,IDP-ESM2-8M,93,288,0.12793564796447754,0.42327404022216797,0.025744886935000877,0.01601022481918335,0.07785840107602815
A0A6J5PZI4,1.5767565965652466,3.813852548599243,0.5780914589868746,0.4575594067573547,0.5544228925316996,1.39969,3.2166247,0.54734695,0.4628654,0.6082977,IDP-ESM2-8M,93,288,0.17706656455993652,0.5972278118133545,0.030744509409543097,0.005306005477905329,0.05387481311862996
A0A6J5SKE0,2.851771354675293,6.941154956817627,0.6210714216957797,0.4874907433986664,0.5131875749226398,2.6662,6.595349,0.6117372,0.47808057,0.5047007,IDP-ESM2-8M,93,288,0.18557143211364746,0.3458061218261719,0.009334230018686163,0.009410172700881958,0.008486854612428596
A0A6J5SLP1,2.062652826309204,5.136434555053711,0.6408458551433834,0.5217792391777039,0.5039697720855869,1.8700502,4.6223903,0.5968979,0.4803008,0.55467874,IDP-ESM2-8M,93,288,0.19260263442993164,0.5140442848205566,0.04394795503886073,0.04147842526435852,0.05070896603163111
A0A6J7W7Z1,1.6842846870422363,4.121532917022705,0.5791372329108345,0.4518766105175018,0.5396640713233554,1.5804029,3.800143,0.5609632,0.45341247,0.5722272,IDP-ESM2-8M,93,288,0.1038818359375,0.32138991355895996,0.018174019467078417,0.0015358626842499334,0.03256310868076451
A0A6J7WAM5,1.968910217285156,4.806826114654541,0.5933878651416344,0.4702304899692535,0.5375149710204338,1.8750753,4.602523,0.5773509,0.45719236,0.55346066,IDP-ESM2-8M,93,288,0.09383487701415993,0.20430326461791992,0.01603695066333244,0.013038128614425604,0.01594568657615436
A0A6J7WD77,2.007833480834961,5.055688381195068,0.6167775194816756,0.4715084135532379,0.5121689447238335,2.1117933,5.2557745,0.5879345,0.4575358,0.5282351,IDP-ESM2-8M,93,288,0.10395979881286621,0.20008611679077148,0.028843025463120897,0.013972610235214233,0.01606613313413774
A0A6J7WRV8,1.989224553108216,5.052186489105225,0.6456973232117025,0.5263502597808838,0.4862896199863472,1.9725695,4.966591,0.61997724,0.48883227,0.49661112,IDP-ESM2-8M,93,288,0.016655087471008967,0.08559560775756836,0.025720087417635096,0.03751799464225769,0.010321498330303214
A0A6J7WTJ4,1.6305718421936035,3.998541593551636,0.5840857119529544,0.4529523551464081,0.5436538102453293,1.7404063,4.400702,0.61074156,0.4790631,0.50282204,IDP-ESM2-8M,93,288,0.10983443260192871,0.40216040611267045,0.026655843737810936,0.026110738515853882,0.04083176873379368
A0A6J7WZ48,3.78989315032959,9.271448135375977,0.6393498187634279,0.5079576373100281,0.5325776623249087,3.7608092,9.441692,0.66172415,0.51438636,0.4901836,IDP-ESM2-8M,93,288,0.029083967208862305,0.1702442169189453,0.02237433141738876,0.006428718566894531,0.042394070482257296
A0A6J7WZH5,1.99068570137024,4.891651153564453,0.629006968588216,0.5122023224830627,0.5204130748906869,1.9213262,4.921588,0.6364362,0.49942008,0.4788162,IDP-ESM2-8M,93,288,0.06935954093933172,0.029936790466308594,0.007429255395548617,0.012782245874404907,0.041596863667084594
A0A6J7X3M2,1.7816078662872314,4.347293853759766,0.5978000806325733,0.4652456045150757,0.5531218172906123,1.7492259,4.366844,0.6124978,0.4857776,0.5174175,IDP-ESM2-8M,93,288,0.03238201141357422,0.019550323486328125,0.014697725916498983,0.02053198218345642,0.03570432680828195
A0A6J7X4W8,2.227431535720825,5.855321884155273,0.6647995785688191,0.5162100195884705,0.4784289504177325,2.0418327,5.244995,0.6454203,0.5077148,0.47769088,IDP-ESM2-8M,93,288,0.18559885025024414,0.6103267669677734,0.01937926568734938,0.008495211601257324,0.0007380748874895593
A0A6J7XE11,2.7999467849731445,6.756624698638916,0.5775884613340748,0.4342323243618011,0.5519399794447225,2.7539268,6.7714562,0.59856486,0.46782723,0.52935606,IDP-ESM2-8M,93,288,0.0460200309753418,0.01483154296875,0.020976401870881234,0.0335949063301087,0.022583917032460543
A0A6M2ZHS1,2.123398542404175,5.305539131164551,0.6145630041572486,0.4724094867706299,0.509251402880468,1.9666076,4.9048915,0.6122628,0.48319468,0.50114316,IDP-ESM2-8M,93,288,0.15679097175598145,0.4006476402282715,0.0023002187225257265,0.010785192251205444,0.00810824539832078
A0A6M3TA11,1.504974365234375,3.619695425033569,0.5741453656437214,0.4769470989704132,0.544145465918387,1.5766677,3.904855,0.58777434,0.46648988,0.5148542,IDP-ESM2-8M,93,288,0.0716933012008667,0.28515958786010787,0.013628970694321785,0.010457217693328857,0.029291273184622324
A0A6S4P8D4,3.012460231781006,7.565980911254883,0.611872117483313,0.4624545276165008,0.5146163613113722,3.1413307,7.7395163,0.6093907,0.47320375,0.5185744,IDP-ESM2-8M,93,288,0.12887048721313477,0.17353534698486328,0.0024814414617371217,0.010749220848083552,0.003958055326048426
A0A6S4P9N8,2.073312282562256,5.199846267700195,0.6432930209614315,0.5143077373504639,0.4880721325372693,1.9600971,4.840788,0.5946798,0.47323903,0.53681624,IDP-ESM2-8M,93,288,0.11321520805358887,0.3590583801269531,0.048613248107580165,0.041068702936172485,0.04874410681972535
A0A6S4PA87,3.1399965286254883,8.053786277770996,0.6227939167871082,0.4648060500621795,0.5233824024661056,3.1261458,7.7758656,0.63356125,0.49723795,0.5187036,IDP-ESM2-8M,93,288,0.013850688934326172,0.2779207229614258,0.010767336760560298,0.032431900501251276,0.004678822563456642
A0A6S4PGH2,1.963572382926941,4.796015739440918,0.6331969463191724,0.5132465362548828,0.5153850416979611,1.9277043,4.8131776,0.6181078,0.49790752,0.52767134,IDP-ESM2-8M,93,288,0.035868048667907715,0.017161846160888672,0.015089150603840418,0.015339016914367676,0.01228629542972448
A0A7D3USN0,4.505539417266846,11.092673301696776,0.6498999103753483,0.5292454361915588,0.5312255408245541,4.2261844,10.505663,0.6572201,0.5155487,0.48096174,IDP-ESM2-8M,93,288,0.2793550491333008,0.5870103836059553,0.007320214823015925,0.013696730136871338,0.05026380080761683
A0A7D5FH32,2.96394681930542,6.954417705535889,0.5142109541817824,0.3998225033283233,0.6033478937463849,3.0200007,7.103913,0.5179585,0.40374917,0.61033934,IDP-ESM2-8M,93,288,0.056053876876831055,0.14949512481689453,0.0037475676611741227,0.003926664590835627,0.006991449801436178
A0A7I6MYG1,1.7006275653839111,3.823779344558716,0.4564837024154415,0.3597577214241028,0.6768935425238507,1.7602856,4.1347666,0.5224433,0.41405997,0.5907324,IDP-ESM2-8M,93,288,0.059658050537109375,0.3109872341156006,0.06595959210970498,0.05430224537849426,0.0861611468748944
A0A7M1CLG8,2.5216846466064453,6.6660356521606445,0.6418828326741057,0.4758073091506958,0.5104003410171217,2.4495082,6.0139923,0.59237725,0.4871409,0.6004401,IDP-ESM2-8M,93,288,0.07217645645141602,0.652043342590332,0.04950558724792775,0.011333584785461426,0.09003974391711289
A0A7M1RZ47,1.7325881719589231,4.69564151763916,0.6774178709135183,0.5251330733299255,0.4389616514071005,1.9190893,4.922901,0.6523965,0.51522386,0.46220773,IDP-ESM2-8M,93,288,0.18650114536285423,0.22725963592529297,0.02502137080289213,0.009909212589263916,0.023246083177707877
A0A7S5RCY4,1.7357257604599,3.856664657592773,0.4519874184236598,0.3652018010616302,0.6923964200230048,1.6875048,3.9268253,0.505778,0.40581822,0.6157321,IDP-ESM2-8M,93,288,0.04822099208831787,0.07016062736511275,0.05379059623622179,0.04061642289161688,0.07666434623913032
A0A7S5UT98,1.7512197494506836,4.084009170532227,0.4707505282188473,0.370483934879303,0.6608066406507355,1.6249909,3.7447388,0.49342546,0.39767563,0.63369316,IDP-ESM2-8M,93,288,0.12622880935668945,0.33927035331726074,0.0226749304508152,0.02719169855117798,0.02711348202417907
A0A7S9SUD3,3.25816011428833,8.228160858154297,0.6290486518295846,0.4745856523513794,0.5239197452228728,2.87504,7.2119966,0.61435765,0.47949,0.5214346,IDP-ESM2-8M,93,288,0.383120059967041,1.0161643028259277,0.014691001549585803,0.004904359579086304,0.0024851401012602192
A0A7S9XGD0,2.4774041175842285,6.216709136962891,0.6905187541716281,0.5746209025382996,0.4922323468000771,2.8217304,6.752389,0.67937976,0.5624647,0.4982621,IDP-ESM2-8M,93,288,0.3443262577056885,0.535679817199707,0.011138992952603455,0.012156188488006592,0.006029760572206833
A0A7U3WA13,3.185237407684326,7.447985649108887,0.5106062623515877,0.395008772611618,0.6447533778387111,4.328379,10.273329,0.5512898,0.4272361,0.6011775,IDP-ESM2-8M,93,288,1.143141746520996,2.825343132019043,0.04068353447763595,0.032227337360382136,0.043575864239315365
A0A811BMM7,3.0860369205474854,7.456822395324707,0.6341711639926162,0.5208629965782166,0.5355937665883287,3.0076094,7.3500147,0.5925216,0.47249323,0.5709918,IDP-ESM2-8M,93,288,0.07842755317687988,0.10680770874023438,0.04164955611679222,0.048369765281677246,0.03539804754817644
A0A858MR12,1.863840937614441,4.254262447357178,0.4243333314188577,0.358554869890213,0.7259174387102747,1.6586537,3.5997179,0.4353468,0.36653638,0.7606312,IDP-ESM2-8M,93,288,0.20518720149993896,0.6545445919036865,0.011013480590953695,0.00798150897026062,0.034713764941153524
A0A8A4VK22,1.9802069664001465,5.004434585571289,0.6432658922681133,0.498355358839035,0.5142338344318294,1.9928544,4.9953327,0.6371079,0.50933355,0.5032108,IDP-ESM2-8M,93,288,0.012647390365600586,0.00910186767578125,0.006157983542374734,0.010978192090988215,0.011023051427068609
A0A8D9CCF9,1.830854177474976,4.606510162353516,0.6475592042759498,0.5153701305389404,0.505094869404348,1.7646182,4.5692625,0.65821654,0.5230853,0.46721372,IDP-ESM2-8M,93,288,0.06623601913452193,0.037247657775878906,0.010657331769124645,0.007715165615081787,0.03788114932111131
A0A8E5KAT9,2.180428504943848,5.432480335235596,0.6398555556001269,0.5251979231834412,0.511074227336817,1.9950709,4.876345,0.5961532,0.47569174,0.5465572,IDP-ESM2-8M,93,288,0.1853575706481938,0.5561351776123047,0.04370235592742788,0.049506187438964844,0.03548296069724066
A0A8F2E6U0,1.6159783601760864,3.2967891693115234,0.4065619297817479,0.3840160369873047,0.7623879270688173,1.8589001,4.1352067,0.49438217,0.41877717,0.6827899,IDP-ESM2-8M,93,288,0.24292171001434326,0.8384175300598145,0.0878202430412044,0.034761130809783936,0.07959800530825822
A0A8S5LF95,1.9306707382202148,4.790389537811279,0.611492945373563,0.4738651216030121,0.5136441211351067,1.8878791,4.595763,0.5689377,0.45411348,0.566696,IDP-ESM2-8M,93,288,0.04279160499572754,0.1946263313293457,0.04255522650530741,0.019751638174057007,0.05305186704314646
A0A8S5LN82,1.488559365272522,3.618178606033325,0.5872684469935916,0.4632577896118164,0.5093959311113072,1.419337,3.4636724,0.5676269,0.44966048,0.5253892,IDP-ESM2-8M,93,288,0.0692223310470581,0.15450620651245117,0.019641553473236373,0.013597309589385986,0.01599326337721818
A0A8S5M1Q5,1.6078896522521973,3.845552921295166,0.5924343616366878,0.4872253537178039,0.5339168484208054,1.575018,3.900003,0.5836836,0.46836445,0.546226,IDP-ESM2-8M,93,288,0.03287160396575928,0.054450035095214844,0.008750751674224455,0.018860906362533514,0.012309176206880101
A0A8S5M989,1.5205563306808472,3.730099439620972,0.6013717415445795,0.4789307415485382,0.5022587588709029,1.6379943,4.1904154,0.626229,0.49316537,0.46971846,IDP-ESM2-8M,93,288,0.11743795871734619,0.4603159427642818,0.02485724662604427,0.01423463225364685,0.03254030260259233
A0A8S5MGS1,1.914817690849304,4.9228291511535645,0.6350842957175842,0.4969795346260071,0.4906096789336472,2.0383782,5.196636,0.62944347,0.48977095,0.47822273,IDP-ESM2-8M,93,288,0.12356054782867454,0.2738070487976074,0.005640829054223584,0.007208585739135742,0.012386951158073478
A0A8S5N1K7,1.549615502357483,3.684602737426758,0.5411170249842353,0.4483424723148346,0.5676294993501076,1.3871269,3.278635,0.5300725,0.4242459,0.58057356,IDP-ESM2-8M,93,288,0.16248857975006104,0.40596771240234375,0.011044514741773148,0.024096578359603882,0.0129440594572654
A0A8S5N469,1.5405234098434448,3.992358446121216,0.6145742364616988,0.4598429799079895,0.5017283125006853,1.5071164,3.687206,0.58376634,0.46670157,0.5235958,IDP-ESM2-8M,93,288,0.033406972885131836,0.30515241622924805,0.03080789525228722,0.0068585872650146484,0.021867497435838157
A0A8S5NE69,2.0060853958129883,4.911497592926025,0.6062603758241304,0.4834393262863159,0.5348275090878428,1.8825902,4.74226,0.60957706,0.47755164,0.502879,IDP-ESM2-8M,93,288,0.12349522113800049,0.16923761367797852,0.003316683921658181,0.0058876872062683105,0.031948485535901905
A0A8S5NNF7,1.9524650573730469,4.931920051574707,0.6607161085573837,0.5455276966094971,0.4994062784190104,2.2052364,5.717386,0.7065197,0.5588361,0.40833312,IDP-ESM2-8M,93,288,0.25277137756347656,0.7854657173156738,0.04580361438115388,0.013308405876159668,0.09107315568875529
A0A8S5NWD3,1.5037521123886108,3.5996205806732178,0.5677280234176344,0.4579324424266815,0.5431759354832233,1.4420173,3.554954,0.5746929,0.4577231,0.5274507,IDP-ESM2-8M,93,288,0.061734795570373535,0.04466652870178223,0.006964881531553835,0.00020933151245117188,0.015725254750496243
A0A8S5NWX7,1.560573697090149,3.960471868515015,0.6117798860232463,0.4646323919296264,0.5019112505122472,1.5499287,3.8963041,0.6024586,0.47111914,0.49575442,IDP-ESM2-8M,93,288,0.010645031929016113,0.06416773796081587,0.009321289793693066,0.0064867436885834295,0.006156829754953463
A0A8S5PA77,1.6725746393203735,4.0133056640625,0.5833820002283312,0.4858229160308838,0.5575711023164681,1.6838373,4.055594,0.5700185,0.457219,0.5640992,IDP-ESM2-8M,93,288,0.011262655258178711,0.04228830337524414,0.013363529941008201,0.02860391139984131,0.006528090302855616
A0A8S5PGG1,2.0246050357818604,5.11601448059082,0.6531822366651169,0.526393711566925,0.5104415326057868,2.3248725,5.900399,0.66895556,0.5254139,0.45825225,IDP-ESM2-8M,93,288,0.30026745796203613,0.7843847274780273,0.01577332783378449,0.0009798407554626465,0.052189281457562964
A0A8S5PHX0,2.0182549953460693,5.024575233459473,0.6266036677680468,0.5043603181838989,0.5397289536126224,2.0043433,4.9359355,0.6123066,0.4931032,0.5393286,IDP-ESM2-8M,93,288,0.013911724090576172,0.08863973617553711,0.014297072919413956,0.0112571120262146,0.0004003784783450648
A0A8S5PIQ8,2.4759175777435303,6.358603000640869,0.6460606864946443,0.5118440389633179,0.4942293225493911,2.4806917,6.324746,0.63280153,0.4936454,0.47934255,IDP-ESM2-8M,93,288,0.0047740936279296875,0.033856868743896484,0.013259153749282993,0.018198639154434204,0.014886772510099733
A0A8S5Q7R0,1.5916507244110107,3.973320245742798,0.590334305110155,0.4863455891609192,0.5200915948931241,1.6943872,4.233772,0.6054032,0.47646675,0.48487642,IDP-ESM2-8M,93,288,0.1027364730834961,0.2604515552520752,0.015068879780592015,0.009878844022750854,0.03521517081895109
A0A8S5RD61,1.5646835565567017,3.83354926109314,0.5748773449312685,0.454172134399414,0.553610158015955,1.6684628,4.089076,0.58381134,0.45769894,0.5201582,IDP-ESM2-8M,93,288,0.10377919673919678,0.2555267810821529,0.008933997784948522,0.003526806831359919,0.033451986362207475
A0A8S5RFF7,1.9098047018051147,4.8557844161987305,0.6630236698423655,0.5230225324630737,0.4956180787177528,2.2867987,5.829998,0.64416265,0.506116,0.4872121,IDP-ESM2-8M,93,288,0.3769940137863159,0.9742136001586914,0.01886101496565651,0.016906559467315674,0.008405987033411388
A0A8S5RGG2,1.702563762664795,4.391730785369873,0.6649740339460946,0.5341528654098511,0.4863854230267955,1.7574911,4.3454905,0.5992097,0.49116927,0.5497099,IDP-ESM2-8M,93,288,0.05492734909057617,0.04624032974243164,0.06576430808931355,0.04298359155654907,0.06332449308801164
A0A8S5S9N0,1.5836753845214844,3.897242784500122,0.6158454649126969,0.4921787977218628,0.5036792471629765,1.8346393,4.640316,0.6350752,0.51689285,0.5058563,IDP-ESM2-8M,93,288,0.2509639263153076,0.7430732250213623,0.019229746612266507,0.02471405267715454,0.002177028395495162
A0A8S5SDG1,1.5475541353225708,3.859478235244751,0.5826707881855515,0.465899109840393,0.5363498402376764,1.6983204,4.121913,0.57541776,0.45631438,0.5263378,IDP-ESM2-8M,93,288,0.1507662534713745,0.262434720993042,0.007253031151249756,0.009584724903106634,0.010012037827550668
A0A8S5SII4,2.188627481460572,5.536108493804932,0.5862646566973693,0.4427419900894165,0.5586865523743828,1.9680278,4.8190837,0.5912117,0.4690576,0.5382653,IDP-ESM2-8M,93,288,0.2205996513366708,0.7170248031616211,0.004947019900225946,0.0263155996799469,0.020421264498253655
A0A8S5SVB6,1.7515244483947754,4.496286392211914,0.6378233217925348,0.5020061731338501,0.494517238724603,1.768436,4.4040833,0.61062455,0.48902896,0.5197377,IDP-ESM2-8M,93,288,0.01691150665283203,0.09220314025878906,0.02719877001946347,0.01297721266746521,0.02522048176489894
A0A8S5TCW6,1.5359032154083252,3.738265037536621,0.5396650205025212,0.4334002435207367,0.58568114265324,1.5872514,3.8628116,0.5728889,0.45588008,0.5442915,IDP-ESM2-8M,93,288,0.051348209381103516,0.12454652786254883,0.03322389026789507,0.0224798321723938,0.04138964637638454
A0A8S5TKF0,1.7709708213806152,4.595403671264648,0.6333885940873083,0.4936061799526214,0.4976170626719589,1.8286405,4.638091,0.6307886,0.49995685,0.4676707,IDP-ESM2-8M,93,288,0.057669639587402344,0.042687416076660156,0.0025999698006566874,0.006350666284561213,0.029946353777229262
A0A8S5U5H8,1.6514663696289062,4.207301139831543,0.6090897623563183,0.4720346331596374,0.5245218605659997,1.8849986,4.6340594,0.6047761,0.48068,0.5196457,IDP-ESM2-8M,93,288,0.23353219032287598,0.4267582893371582,0.004313677933253102,0.008645355701446589,0.004876169648030948
A0A8S5UDW9,1.5511581897735596,3.8220832347869873,0.5875332691513244,0.4576245844364166,0.5210990678838165,1.4837343,3.6104994,0.5713957,0.4515055,0.52437663,IDP-ESM2-8M,93,288,0.06742393970489502,0.21158385276794434,0.01613757394182125,0.006119072437286377,0.003277562899264508
A0A8S5UG11,3.5712697505950928,8.616358757019043,0.6598745899533106,0.5712011456489563,0.5958815150120641,3.6223488,8.936054,0.66682374,0.58747935,0.68728745,IDP-ESM2-8M,93,288,0.05107903480529785,0.31969547271728516,0.006949154820554138,0.016278207302093506,0.09140593482466686
A0A8S5UGG4,2.030909299850464,5.152951240539551,0.6683167566343355,0.5575144290924072,0.4992221934257908,2.1194532,5.3973575,0.67223233,0.538212,0.47229892,IDP-ESM2-8M,93,288,0.08854389190673828,0.24440622329711914,0.0039155732110929264,0.019302427768707275,0.02692327327121924
A0A8S5UXR4,1.543606877326965,3.822244167327881,0.5933955230594851,0.4654117226600647,0.520222930211949,1.5051073,3.6246326,0.55981374,0.44523138,0.5527751,IDP-ESM2-8M,93,288,0.03849959373474099,0.19761157035827637,0.03358178519022237,0.020180344581604004,0.032552154760432606
A0A8S5UYA7,1.515486478805542,3.566640615463257,0.5387797278085149,0.4413055777549743,0.5690794581569074,1.4929917,3.634136,0.56367046,0.44826037,0.5352487,IDP-ESM2-8M,93,288,0.022494792938232422,0.06749534606933594,0.024890728600939438,0.006954789161682184,0.03383076135286078
A0A8S5V197,2.001276969909668,4.978691577911377,0.6455918626671853,0.5264422297477722,0.5059520277110631,1.9382257,4.8220177,0.6267177,0.5121788,0.5213602,IDP-ESM2-8M,93,288,0.06305122375488281,0.15667390823364258,0.01887417601404806,0.014263451099395752,0.015408190813869793
A0A8S5V2I6,1.507063865661621,3.696122169494629,0.5788699490405352,0.4565491080284118,0.527698198013858,1.557763,3.81896,0.567893,0.4513401,0.5504494,IDP-ESM2-8M,93,288,0.05069911479949951,0.12283778190612793,0.010976920781257893,0.00520899891853327,0.022751173324032647
A0A8S5VTX0,1.864681601524353,4.502696990966797,0.6139281702701694,0.5117815732955933,0.5430967416589871,1.676177,4.158725,0.6155665,0.4982364,0.526541,IDP-ESM2-8M,93,288,0.18850457668304443,0.34397220611572266,0.001638321810519039,0.013545185327529907,0.016555747014822098
A0A976N2M2,1.7672897577285769,4.537698268890381,0.6729421738470521,0.5667985677719116,0.4942293149791221,2.1735148,5.628398,0.703907,0.5552525,0.40215248,IDP-ESM2-8M,93,288,0.40622508525848366,1.0906996726989746,0.030964839092400998,0.011546075344085693,0.09207683628420632
A0A976N2T1,1.7610512971878052,4.707720756530762,0.6725669161434407,0.5365812182426453,0.4823933408901071,2.014036,5.267422,0.689796,0.5380961,0.40717953,IDP-ESM2-8M,93,288,0.2529846429824829,0.5597014427185059,0.017229054773307384,0.0015148520469665527,0.07521380645483489
A0A977TP41,2.5221047401428223,6.166369438171387,0.6128707856200357,0.4924271404743194,0.535264803113846,2.7750285,7.03771,0.688578,0.53328145,0.3926513,IDP-ESM2-8M,93,288,0.25292372703552246,0.8713407516479492,0.075707223985372,0.04085430502891546,0.14261351341238426
A0A9C7EYP6,2.059425115585327,4.341032028198242,0.4119488999775142,0.3891435861587524,0.7826712245284998,2.1107688,4.553917,0.4487247,0.39232063,0.7772642,IDP-ESM2-8M,93,288,0.051343679428100586,0.21288490295410156,0.03677578712194257,0.0031770467758179266,0.005407046729274945
A0A9E7E114,2.6846225261688232,6.194314002990723,0.4909256499808473,0.3887869715690613,0.6334909614577019,2.9014232,6.8605914,0.51987547,0.40190303,0.5828532,IDP-ESM2-8M,93,288,0.21680068969726562,0.6662774085998535,0.02894981684273057,0.013116061687469482,0.05063776340624926
A0A9E7MTP4,1.7648322582244873,4.532491683959961,0.635135560991865,0.5016555786132812,0.4841819835587362,1.8141596,4.5479174,0.6254852,0.4992609,0.486324,IDP-ESM2-8M,93,288,0.04932737350463867,0.015425682067871094,0.009650379183393287,0.0023946762084960938,0.0021420287207742916
A0A9E7NGQ3,2.002009153366089,4.967966079711914,0.6355770344121529,0.5079604387283325,0.5046194284222657,1.8463466,4.4556847,0.57992274,0.47000048,0.57169133,IDP-ESM2-8M,93,288,0.15566253662109375,0.5122814178466797,0.055654298721082296,0.03795996308326721,0.06707190582532341
A0A9E7PRV1,4.769702434539795,11.009002685546877,0.6072556576263411,0.4705262780189514,0.6281138130868641,4.2379284,10.371905,0.6287762,0.49540254,0.56319374,IDP-ESM2-8M,93,288,0.5317740440368652,0.6370973587036151,0.021520535038758948,0.024876266717910767,0.06492007462632332
A0A9E7QSB8,3.597447872161865,8.941004753112793,0.6252779815140195,0.4877111911773681,0.5318009896713983,3.5052755,8.659497,0.635931,0.49395514,0.4909461,IDP-ESM2-8M,93,288,0.09217238426208452,0.2815074920654297,0.010653033500628961,0.006243944168090876,0.04085487560813539
A0A9E7YC22,2.446411609649658,6.235330581665039,0.6530271615883517,0.5056642889976501,0.4953450680914874,2.6715775,6.887249,0.70435643,0.54831463,0.3734965,IDP-ESM2-8M,93,288,0.22516584396362305,0.6519184112548828,0.05132927037270785,0.04265034198760986,0.12184856545362421
A0A9E8JWV9,2.257406711578369,5.675223350524902,0.680940974598074,0.5665900707244873,0.4907227252656558,2.1728413,5.48527,0.6546964,0.5212296,0.47693127,IDP-ESM2-8M,93,288,0.08456540107727051,0.18995332717895508,0.026244569664144568,0.045360445976257324,0.01379145132843046
A0AA49BTX9,1.662986159324646,3.953206062316896,0.5431114422137951,0.4369195699691772,0.5690741015719079,1.7497343,4.127678,0.5263833,0.4180072,0.5973833,IDP-ESM2-8M,93,288,0.08674812316894531,0.1744718551635729,0.016728161459705793,0.018912374973297064,0.028309218759665633
A0AA95EHV2,7.345452785491943,16.350584030151367,0.6035666145481628,0.4845318794250488,0.731632239104108,7.1129327,17.07582,0.73972386,0.5916396,0.5127812,IDP-ESM2-8M,93,288,0.23252010345458984,0.7252368927001953,0.13615724666933593,0.10710769891738897,0.21885103631098668
A0AAE6H393,2.3994784355163574,5.994799613952637,0.6527069405036623,0.5335306525230408,0.4853632130853106,2.6163557,6.823262,0.7199745,0.5585612,0.34383294,IDP-ESM2-8M,93,288,0.21687722206115723,0.8284626007080078,0.06726757731860333,0.025030553340911865,0.14153027322210565
A0AAE6M5R2,3.5521042346954346,9.02237606048584,0.642704948447749,0.4869166910648346,0.4967637315095681,3.5116916,8.62738,0.6269629,0.4912219,0.5046464,IDP-ESM2-8M,93,288,0.04041266441345215,0.39499568939208984,0.015742048286005783,0.004305213689804077,0.007882688969252705
A0AAE6R6D0,2.976760149002075,7.51303243637085,0.6548645452200272,0.5274115204811096,0.5081889800819005,3.2702358,8.238188,0.68982804,0.5373632,0.4326453,IDP-ESM2-8M,93,288,0.2934756278991699,0.7251553535461426,0.03496349299560997,0.009951651096343994,0.0755436889918889
A0AAE7RVV2,1.5517797470092771,3.9395155906677246,0.6188861173230674,0.4737471342086792,0.479550110902109,1.6912932,4.250104,0.60897326,0.47794315,0.494162,IDP-ESM2-8M,93,288,0.13951349258422874,0.31058835983276367,0.009912852628853552,0.0041960179805755615,0.014611882363043005
A0AAE7RZ51,1.6937689781188965,4.192554473876953,0.6328902870672046,0.5101795196533203,0.5052100331934856,2.0165534,5.1577554,0.65737903,0.52100194,0.45647788,IDP-ESM2-8M,93,288,0.322784423828125,0.9652009010314941,0.024488744114130823,0.010822415351867676,0.04873215271558029
A0AAE7V272,1.89815890789032,4.521825790405273,0.5981761481835761,0.4906594157218933,0.5494720901195723,1.9060302,4.669608,0.58623874,0.46527267,0.5341537,IDP-ESM2-8M,93,288,0.007871270179748313,0.1477823257446289,0.011937406308881293,0.0253867506980896,0.015318390244694391
A0AAE8XJ71,2.8262925148010254,7.3990888595581055,0.6017465091378511,0.4517616629600525,0.52591360416268,2.7017748,6.5501328,0.5805549,0.46010095,0.5647256,IDP-ESM2-8M,93,288,0.12451767921447754,0.8489561080932617,0.021191606584292755,0.008339285850524902,0.03881197366858835
A0AAE8XN63,1.684768557548523,3.999056339263916,0.6159476746880526,0.5209705233573914,0.5247382377107751,1.6192441,3.81493,0.538755,0.440833,0.6163588,IDP-ESM2-8M,93,288,0.06552445888519287,0.1841263771057129,0.0771926750504488,0.08013752102851868,0.09162057891291264
A0AAE8Y2B1,2.794822454452514,7.214196681976318,0.6596631795570008,0.5064674019813538,0.494200982039052,3.1279168,7.842862,0.67656916,0.5274949,0.4321795,IDP-ESM2-8M,93,288,0.3330943584442143,0.6286654472351074,0.016905984242285066,0.02102750539779663,0.06202147144563769
A0AAE8Y3C7,3.1122307777404785,8.012500762939453,0.6588662254279181,0.515117883682251,0.4955538807173406,3.3460965,8.395242,0.6836235,0.5337845,0.45565706,IDP-ESM2-8M,93,288,0.23386573791503906,0.38274097442626953,0.024757267289824858,0.018666625022888184,0.03989681580263721
A0AAE8YWI4,1.6106566190719604,3.9633960723876953,0.5897645273366682,0.4728582799434662,0.5379934387742529,1.5543993,3.7717319,0.5639139,0.44959655,0.5594289,IDP-ESM2-8M,93,288,0.05625736713409424,0.1916642189025879,0.025850645557951135,0.023261725902557373,0.021435431903695124
A0AAE9BPG4,2.089961051940918,5.293968677520752,0.6362058420521594,0.5146384239196777,0.509625700840301,2.023698,5.0441065,0.62400657,0.49923286,0.52129644,IDP-ESM2-8M,93,288,0.06626296043395996,0.2498621940612793,0.01219927266663079,0.0154055655002594,0.011670740714722183
A0AAE9BPT7,1.8899993896484373,4.608973503112793,0.6071775080351314,0.4779702126979828,0.5259370938834406,1.781885,4.4863567,0.6195821,0.4934457,0.4962775,IDP-ESM2-8M,93,288,0.10811436176300027,0.12261676788330078,0.012404608568719944,0.015475481748580933,0.029659582763598036
A0EXV0,2.994124174118042,6.964138984680176,0.495575349687519,0.4098358452320099,0.6699742280173773,3.2473695,7.660225,0.5219203,0.41408858,0.6281858,IDP-ESM2-8M,93,288,0.25324535369873047,0.6960859298706055,0.026344973684368223,0.004252731800079346,0.04178841935877742
A0EYY2,3.034811496734619,7.684514045715332,0.668185046760487,0.5493612885475159,0.4809570267909356,3.114752,7.9638267,0.70132357,0.543551,0.39187545,IDP-ESM2-8M,93,288,0.0799405574798584,0.2793126106262207,0.03313852206046641,0.005810260772705078,0.08908158094819268
A1YJ55,3.0992090702056885,7.891826629638672,0.6728711179111546,0.5405828952789307,0.474137974827433,2.9694772,7.55587,0.6731521,0.5216922,0.42445093,IDP-ESM2-8M,93,288,0.1297318935394287,0.3359565734863281,0.00028097120780290474,0.018890678882598877,0.049687040894174916
A1YMK7,1.6046737432479858,3.8042383193969727,0.5482631590372576,0.424898236989975,0.5593004137451495,1.6186283,3.896256,0.5522889,0.43976766,0.5514906,IDP-ESM2-8M,93,288,0.013954520225524902,0.09201765060424805,0.004025730847691089,0.01486942172050476,0.00780980886767757
A4FTA6,2.3809258937835693,5.719853401184082,0.5199431687575117,0.4124127328395843,0.5911927998546419,2.462169,5.7129865,0.50873935,0.40377232,0.6197356,IDP-ESM2-8M,93,288,0.08124303817749023,0.006866931915283203,0.011203816531254351,0.00864040851593012,0.028542798709506045
A4L236,3.475287437438965,8.607982635498047,0.6480487113343221,0.5230875611305237,0.5214414367357509,2.7886462,7.1442003,0.69298506,0.5369309,0.4015277,IDP-ESM2-8M,93,288,0.6866412162780762,1.4637823104858398,0.04493634649648848,0.013843357563018799,0.11991373392737081
A4ZRA0,1.9533462524414065,4.875495433807373,0.6237074957070657,0.494331955909729,0.5017340600723473,1.9378703,4.846283,0.6189436,0.49229378,0.49011236,IDP-ESM2-8M,93,288,0.015475988388061745,0.029212474822998047,0.004763923662693181,0.0020381808280944824,0.011621695780202557
A4ZRD1,3.2862348556518555,8.392912864685059,0.6167292549279948,0.4547624886035919,0.5294574445110618,3.2712626,8.099301,0.62095946,0.47864175,0.50428057,IDP-ESM2-8M,93,288,0.014972209930419922,0.2936115264892578,0.004230205807326248,0.023879259824752808,0.02517687734187235
A7IUH2,2.89907169342041,6.907153129577637,0.4770865750321958,0.3599870204925537,0.6759604410505997,3.2162764,7.6044407,0.5260843,0.4149085,0.6236567,IDP-ESM2-8M,93,288,0.31720471382141113,0.6972875595092773,0.04899772882370018,0.054921478033065796,0.05230375092990269
A7IXA4,2.4592556953430176,5.907154083251953,0.4998802634986979,0.383615642786026,0.6311799402387551,2.9741368,7.107026,0.55365133,0.43478438,0.5861044,IDP-ESM2-8M,93,288,0.5148811340332031,1.1998720169067383,0.0537710693565267,0.051168739795684814,0.04507554723338403
A7J7F5,2.786444902420044,7.023102283477783,0.4946708580130246,0.365144819021225,0.6471175628706889,3.053537,7.25253,0.5379014,0.42382494,0.60438716,IDP-ESM2-8M,93,288,0.2670919895172119,0.22942781448364258,0.04323054350675082,0.05868011713027954,0.04273039875478313
A7K957,3.421844482421875,8.233570098876953,0.4694632828802144,0.3703376054763794,0.732892583484043,3.4677472,8.049446,0.5030094,0.40464413,0.7066778,IDP-ESM2-8M,93,288,0.04590272903442383,0.18412399291992188,0.033546096029850314,0.03430652618408203,0.026214789027561025
A8UP82,2.890427827835083,6.696528434753418,0.5175520577111009,0.4089689552783966,0.5965410589221127,2.9474297,6.937389,0.5202549,0.40494114,0.6016382,IDP-ESM2-8M,93,288,0.05700182914733887,0.2408604621887207,0.0027028522811171074,0.004027813673019409,0.005097138976752014
A8UP87,2.8950634002685547,6.615225315093994,0.5068390442138119,0.4075567722320556,0.622464498490168,2.936207,6.9049273,0.5176662,0.4034366,0.6080973,IDP-ESM2-8M,93,288,0.04114365577697754,0.2897019386291504,0.010827176451166154,0.0041201710700988214,0.014367183655573323
A8UP89,2.8319437503814697,6.474772930145264,0.5021076642120773,0.3980751931667328,0.6207076797326211,2.9521003,6.947963,0.5199164,0.40466663,0.6024578,IDP-ESM2-8M,93,288,0.12015652656555176,0.4731903076171875,0.017808751002461265,0.006591439247131348,0.018249858363449944
A8UP92,2.805568218231201,6.4617018699646,0.4992903833509671,0.4027905166149139,0.6212093907886779,2.9629457,6.964866,0.51636493,0.402725,0.61035645,IDP-ESM2-8M,93,288,0.1573774814605713,0.5031642913818359,0.017074548709274606,6.550550460809879e-05,0.010852940707806291
A8UPA2,2.8132529258728027,6.422153472900391,0.4932046848496261,0.4031185805797577,0.6362490391382882,2.937043,6.91675,0.52112716,0.40542698,0.60089284,IDP-ESM2-8M,93,288,0.12379002571105957,0.4945964813232422,0.027922479514234988,0.002308398485183716,0.035356197322339744
A9YTD9,1.5014184713363647,3.5820837020874023,0.5681758410573052,0.4593298435211181,0.5517548123609876,1.3710035,3.2892523,0.57374936,0.47037375,0.53701425,IDP-ESM2-8M,93,288,0.1304149627685547,0.2928314208984375,0.005573522365088568,0.011043906211853083,0.01474056637404908
N0DQS9,1.818004131317139,4.65830659866333,0.6040542328335172,0.4553857445716858,0.501762011837546,2.0989695,5.2652326,0.61772704,0.48590118,0.48223078,IDP-ESM2-8M,93,288,0.2809653282165525,0.6069259643554688,0.013672808410989612,0.030515432357788086,0.019531229328695887
O11373,1.918062448501587,4.498485565185547,0.5294722331417071,0.4387453496456146,0.5742572341914352,1.9884909,4.7407036,0.54433495,0.42772126,0.55467784,IDP-ESM2-8M,93,288,0.07042849063873291,0.242218017578125,0.014862714921189624,0.01102408766746521,0.019579390143888764
O11385,3.2266199588775635,7.567805290222168,0.5157842410540943,0.4151670932769775,0.6134039609877465,3.1892958,7.401312,0.5007103,0.3959213,0.6482444,IDP-ESM2-8M,93,288,0.03732419013977051,0.16649341583251953,0.015073932502305931,0.0192458033561706,0.03484041996318121
O11680,3.237217426300049,7.42779541015625,0.519572427798446,0.4070121049880981,0.6248887570047492,3.0290496,7.0975633,0.51654565,0.40534484,0.6215888,IDP-ESM2-8M,93,288,0.20816779136657715,0.3302321434020996,0.0030267744552453513,0.001667261123657171,0.0032999308252448234
O11889,2.3396317958831787,5.421920299530029,0.5231231525349755,0.413798451423645,0.5962229969901165,2.3039527,5.4835124,0.5375901,0.41844347,0.5634445,IDP-ESM2-8M,93,288,0.03567910194396973,0.06159210205078125,0.014466933925137981,0.004645019769668579,0.032778501789005654
O12700,1.8524093627929688,4.596533298492432,0.5827343670785077,0.4518682062625885,0.5433867608928543,2.037317,4.964302,0.58061117,0.4594966,0.53748864,IDP-ESM2-8M,93,288,0.1849076747894287,0.3677687644958496,0.0021231977402813573,0.007628381252288818,0.005898121538148504
O22002,2.4434256553649902,5.7421393394470215,0.5145343008081582,0.4022242426872253,0.6197306767983363,2.4171364,5.704541,0.51739275,0.40453613,0.6191341,IDP-ESM2-8M,93,288,0.02628922462463379,0.0375981330871582,0.002858453746590328,0.0023118853569031317,0.0005965487046167839
O36059,2.7234809398651123,6.293643951416016,0.4987321217449015,0.3973925411701202,0.6362107417042859,2.8320217,6.6402674,0.51496077,0.4012249,0.61305195,IDP-ESM2-8M,93,288,0.10854077339172363,0.34662342071533203,0.016228644093721545,0.003832370042800959,0.02315879077273686
O36067,2.7859911918640137,6.601778030395508,0.5232691945122265,0.4108972251415252,0.5939633475401775,2.7483613,6.4449983,0.5155245,0.40203965,0.61540097,IDP-ESM2-8M,93,288,0.03762984275817871,0.15677976608276367,0.007744687943317841,0.008857578039169256,0.021437622441969673
O36078,2.778292179107666,6.4395036697387695,0.5185245753518425,0.4034789204597473,0.6028630925413997,2.6864526,6.303031,0.51846135,0.40469703,0.6095653,IDP-ESM2-8M,93,288,0.09183955192565918,0.1364727020263672,6.322872556074888e-05,0.0012181103229522705,0.00670222508936813
O36100,2.716831684112549,6.480745792388916,0.5115511784309363,0.3890225291252136,0.6057753660756166,2.7659452,6.4805365,0.5159084,0.4022185,0.61250186,IDP-ESM2-8M,93,288,0.04911351203918457,0.00020933151245117188,0.004357241654970645,0.013195961713790894,0.006726493589300442
O36115,2.797132968902588,6.570660591125488,0.5197002890809002,0.4033618569374084,0.6052728930884994,2.8012874,6.5569315,0.51600546,0.40293217,0.61977065,IDP-ESM2-8M,93,288,0.0041544437408447266,0.013729095458984375,0.003694832633298839,0.0004296898841857355,0.01449775300677647
O36117,2.64856481552124,6.0719828605651855,0.4885609017931391,0.3880995512008667,0.6424900901302097,2.8758068,6.705925,0.5100993,0.39905238,0.63102245,IDP-ESM2-8M,93,288,0.2272419929504399,0.6339421272277832,0.021538390008313535,0.01095283031463623,0.011467636822104277
O36118,2.73946475982666,6.499106407165527,0.5202985048244267,0.3980136215686798,0.5914677118308915,2.7715423,6.5032263,0.5196742,0.40430412,0.60716987,IDP-ESM2-8M,93,288,0.03207755088806152,0.004119873046875,0.0006243228862553574,0.0062904953956604,0.01570215473099812
O36119,2.715069532394409,6.335072040557861,0.5110767596712151,0.4008884727954864,0.6055315376364473,2.837106,6.6402397,0.50894135,0.3972475,0.62617254,IDP-ESM2-8M,93,288,0.12203645706176758,0.30516767501831055,0.0021354073038140076,0.0036409795284270685,0.020641004935574192
O36121,2.657899856567383,5.793978691101074,0.4758928186310487,0.367963969707489,0.6771564949953716,2.8962412,6.7716894,0.51589733,0.40185082,0.61894524,IDP-ESM2-8M,93,288,0.2383413314819336,0.9777107238769531,0.04000451499093005,0.033886849880218506,0.05821125402094529
O36157,2.712611198425293,6.170164585113525,0.5040455968468669,0.3834456503391266,0.6224253381428988,2.8673959,6.702099,0.51657027,0.40319255,0.62204474,IDP-ESM2-8M,93,288,0.1547846794128418,0.5319342613220215,0.012524673214626025,0.019746899604797363,0.00038059603550744114
O38492,2.1946845054626465,5.208679676055908,0.491966552090386,0.3843391537666321,0.6442149579319719,2.1074486,4.9686136,0.5311601,0.4195835,0.59205335,IDP-ESM2-8M,93,288,0.08723592758178711,0.2400660514831543,0.03919356410529273,0.03524434566497803,0.052161604145503415
O39165,1.8833106756210327,4.856054782867432,0.6414420310869035,0.4979676306247711,0.4818379836545172,1.679717,4.256259,0.6266434,0.5046181,0.49028403,IDP-ESM2-8M,93,288,0.20359373092651367,0.5997958183288574,0.014798611821156382,0.006650477647781372,0.008446042014580712
O39372,2.306654691696167,5.7580413818359375,0.5488038466960485,0.4284367263317108,0.560745696109861,2.399437,5.6600695,0.52915615,0.4177541,0.6023177,IDP-ESM2-8M,93,288,0.09278225898742676,0.09797191619873047,0.019647698262363233,0.010682612657546997,0.041571994739443174
O39937,2.718632698059082,6.273367404937744,0.508185856570985,0.3817847371101379,0.6142644816142464,2.7903478,6.544642,0.5186888,0.40353116,0.6083559,IDP-ESM2-8M,93,288,0.07171511650085449,0.2712745666503906,0.0105029413797596,0.02174642682075506,0.005908601830616034
O39943,2.776827335357666,6.513333797454834,0.5248627374704793,0.3942384719848633,0.5894456977903075,2.8485212,6.687042,0.51966625,0.40484002,0.60841906,IDP-ESM2-8M,93,288,0.07169389724731445,0.17370843887329102,0.0051964829500630305,0.010601550340652466,0.018973362916784753
O41014,3.446550369262696,8.040975570678711,0.5649557655052255,0.4499977827072143,0.5958520606824085,3.2285278,7.618112,0.5383778,0.43250608,0.6529974,IDP-ESM2-8M,93,288,0.21802258491516202,0.4228634834289551,0.02657794405976044,0.017491698265075628,0.057145313852198454
O41972,7.059466361999512,16.408506393432617,0.4831218267725697,0.3801096975803375,0.6810555873180898,5.017894,11.556964,0.48494497,0.38524473,0.7155688,IDP-ESM2-8M,93,288,2.0415725708007812,4.8515424728393555,0.001823142643094966,0.005135029554367065,0.03451319358095806
O41981,2.7708802223205566,6.579952239990234,0.5270696750246004,0.4104365408420563,0.5716922298369256,3.096139,7.3085356,0.5387033,0.41339058,0.5724665,IDP-ESM2-8M,93,288,0.325258731842041,0.7285833358764648,0.011633647385983048,0.002954035997390747,0.0007742628159674858
O55723,2.552016258239746,6.2720255851745605,0.6350779711547068,0.51401686668396,0.5209577629268997,2.4978433,6.4535055,0.69438004,0.53674126,0.41235447,IDP-ESM2-8M,93,288,0.05417299270629883,0.18147993087768555,0.05930207378242702,0.022724390029907227,0.10860329362758325
O55724,2.790158748626709,7.2318115234375,0.680828318703099,0.5475515127182007,0.4926729445806806,3.0068867,7.765,0.72473145,0.57086974,0.4463331,IDP-ESM2-8M,93,288,0.21672797203063965,0.5331883430480957,0.04390312660940099,0.023318231105804443,0.0463398342481916
O70793,2.374983787536621,5.607536792755127,0.4678260167787761,0.3605358898639679,0.6977970700727202,2.4270868,5.421031,0.47905874,0.40164533,0.7092024,IDP-ESM2-8M,93,288,0.05210304260253906,0.18650579452514648,0.011232725744417249,0.041109442710876465,0.011405338717868196
O70797,2.423988103866577,6.02216911315918,0.5263807492962909,0.3924354910850525,0.5824867284469207,2.503695,5.8055935,0.52986217,0.42644376,0.5987693,IDP-ESM2-8M,93,288,0.07970690727233887,0.21657562255859375,0.003481416154758943,0.03400826454162598,0.016282578689614913
O73497,2.76765251159668,6.514014720916748,0.520493664255522,0.4025524258613586,0.6026742013635922,2.7515972,6.479915,0.52370155,0.4081891,0.60101277,IDP-ESM2-8M,93,288,0.016055345535278764,0.034099578857421875,0.0032078843208329655,0.0056366622447968084,0.0016614350023556046
O90676,2.12396502494812,5.080607891082764,0.5517849301080268,0.4293421804904938,0.5539887105238901,1.9833426,4.8198385,0.5904195,0.46218792,0.48280716,IDP-ESM2-8M,93,288,0.14062237739562988,0.2607693672180176,0.03863454115585874,0.03284573554992676,0.07118155110006197
O90681,2.3446826934814453,5.803781509399414,0.5742417516908911,0.4306962490081787,0.5201047834734271,2.113945,5.0854793,0.56733656,0.4447118,0.5261913,IDP-ESM2-8M,93,288,0.23073768615722656,0.7183022499084473,0.006905192395236792,0.014015555381774902,0.0060865107198406765
O90688,2.36263370513916,5.604930400848389,0.5610012999997731,0.4318245053291321,0.5476795912679248,2.1992784,5.2857537,0.57787883,0.45500576,0.5153895,IDP-ESM2-8M,93,288,0.16335535049438477,0.31917667388916016,0.01687753281730453,0.023181259632110596,0.03229008921943233
O90711,2.241362810134888,5.467430591583252,0.5749924831329487,0.4627063870429992,0.5312588836121618,2.2098048,5.247566,0.5362607,0.41941798,0.57322824,IDP-ESM2-8M,93,288,0.03155803680419966,0.2198643684387207,0.03873175906526072,0.043288409709930364,0.04196935640096078
O92312,1.9454418420791624,4.647778511047363,0.5470075111637936,0.4370087683200836,0.5526706670938683,2.0971098,5.0327606,0.55013514,0.42932862,0.5570858,IDP-ESM2-8M,93,288,0.15166795253753684,0.3849821090698242,0.0031276244868411185,0.007680147886276245,0.004415144997959142
O92587,1.7492942810058594,4.050130844116211,0.5341268486449015,0.4315410554409027,0.5816729571564329,1.8107638,4.320323,0.54772025,0.43420476,0.5530564,IDP-ESM2-8M,93,288,0.06146955490112305,0.27019214630126953,0.013593404822658361,0.0026637017726898193,0.02861653826071142
O92588,1.9873268604278564,4.7093424797058105,0.5420780337295801,0.4272927045822143,0.580502332394892,1.9863334,4.763117,0.56519765,0.44587415,0.5304984,IDP-ESM2-8M,93,288,0.000993490219116211,0.053774356842041016,0.023119612888309327,0.018581449985504206,0.050003946965509694
P03181,7.801437854766846,17.822874069213867,0.5184710632054842,0.4023693799972534,0.6412423768698935,4.29212,10.0299635,0.510855,0.39877707,0.6415292,IDP-ESM2-8M,93,288,3.5093178749084473,7.792910575866699,0.0076160441129243805,0.0035923123359680176,0.0002868255913491824
P03290,3.041316032409668,7.010432243347168,0.5296787904991391,0.4239951968193054,0.5950484654383179,2.896188,6.9306107,0.55055475,0.42899552,0.5621045,IDP-ESM2-8M,93,288,0.1451280117034912,0.07982158660888672,0.020875961850714386,0.005000323057174683,0.032943942256402625
P03779,1.8422763347625728,4.257915496826172,0.5382435746556905,0.4312940835952759,0.6060443480382407,1.8843455,4.6317196,0.58860934,0.46563637,0.52553576,IDP-ESM2-8M,93,288,0.04206919670105025,0.37380409240722656,0.050365763151011156,0.034342288970947266,0.08050858572821262
P04487,3.873788833618164,9.448758125305176,0.5464829634649951,0.4269406795501709,0.5892513719587237,3.6228728,8.560886,0.53619874,0.41825023,0.61852807,IDP-ESM2-8M,93,288,0.2509160041809082,0.8878717422485352,0.01028422822787356,0.008690446615219116,0.02927669610691963
P06923,2.3555095195770264,5.562351226806641,0.4639584284025083,0.35980424284935,0.6892738441602555,2.3154078,5.212036,0.46163023,0.3763075,0.71477294,IDP-ESM2-8M,93,288,0.04010176658630371,0.3503150939941406,0.002328203220928693,0.016503244638442993,0.025499095521751336
P08804,1.842362403869629,4.114694118499756,0.4970850035596396,0.4507627189159393,0.65516586869977,1.8714385,4.2812667,0.5243288,0.4358674,0.62784743,IDP-ESM2-8M,93,288,0.029076099395751953,0.16657257080078125,0.02724382429833161,0.014895319938659612,0.027318435609560043
P08807,1.7791626453399658,4.427801132202148,0.6208851924104489,0.4938208758831024,0.499291433260459,1.8781517,4.4522223,0.57944113,0.47449052,0.5429314,IDP-ESM2-8M,93,288,0.09898900985717773,0.024421215057373047,0.04144406224916353,0.019330352544784546,0.043639944627266836
P09702,3.4855518341064453,7.885212421417236,0.4871335142206597,0.370372861623764,0.6911462146795446,3.637092,8.555886,0.5266337,0.41006252,0.61878145,IDP-ESM2-8M,93,288,0.15154027938842773,0.6706738471984863,0.03950016564613107,0.039689660072326716,0.07236476726896113
P0C724,3.0877764225006104,6.356495380401611,0.2690237342015284,0.2668067514896393,1.3375504360404693,3.5132139,7.769511,0.4178998,0.35530773,0.8456637,IDP-ESM2-8M,93,288,0.42543745040893555,1.4130158424377441,0.14887605322446645,0.0885009765625,0.49188670971066584
P0DJX3,2.4966683387756348,6.019421577453613,0.5363203272137911,0.4279584586620331,0.5826486283965665,2.382936,5.6518807,0.53591883,0.4184779,0.5872519,IDP-ESM2-8M,93,288,0.11373233795166016,0.3675408363342285,0.0004014953885347339,0.009480565786361694,0.0046032732300204104
P0DTC0,3.951259136199951,9.281071662902832,0.4924003956605507,0.3836698532104492,0.6835607162780185,3.839582,8.977973,0.5055863,0.39466888,0.6578233,IDP-ESM2-8M,93,288,0.11167716979980469,0.3030986785888672,0.01318593046173322,0.010999023914337158,0.0257373920745273
P10428,1.692636013031006,4.131426811218262,0.5693406691381847,0.4449512362480163,0.5477997595272098,1.7667646,4.3201704,0.57913387,0.45800045,0.52409947,IDP-ESM2-8M,93,288,0.07412862777709939,0.18874359130859375,0.009793199079283554,0.013049215078353937,0.02370029034233434
P12507,1.8348572254180908,4.342282295227051,0.5720891908037534,0.4400557279586792,0.533030128235815,1.8147502,4.404428,0.568964,0.44647703,0.5275349,IDP-ESM2-8M,93,288,0.020107030868530273,0.06214570999145508,0.00312518628715186,0.006421297788619995,0.005495226140020293
P12508,2.0565106868743896,5.007543563842773,0.5829065126256595,0.4687983393669128,0.5291500060705756,2.0971296,4.9971027,0.54468656,0.42772895,0.57089347,IDP-ESM2-8M,93,288,0.040618896484375,0.010440826416015625,0.038219956763232754,0.04106938838958735,0.041743460402050125
P12512,1.4759122133255005,3.5130720138549805,0.5495752194059419,0.4647158682346344,0.5687539810497089,1.4704794,3.549122,0.5642025,0.45206568,0.53462523,IDP-ESM2-8M,93,288,0.005432844161987305,0.03605008125305176,0.014627268062777588,0.01265019178390503,0.03412874883001282
P17356,2.0023138523101807,4.775955677032471,0.527552741572576,0.3981465101242065,0.559348176697182,1.7562284,4.2460117,0.5638692,0.44465315,0.5366609,IDP-ESM2-8M,93,288,0.24608540534973145,0.5299439430236816,0.036316436722559464,0.04650664329528814,0.022687267044471993
P19127,3.339993953704834,7.709254264831543,0.5056678607479014,0.4252867102622986,0.6404443818588733,3.3949034,7.9409304,0.5140824,0.40111122,0.62368083,IDP-ESM2-8M,93,288,0.054909467697143555,0.2316761016845703,0.008414511440666739,0.0241754949092865,0.016763551857042258
P20833,1.923797607421875,4.6265153884887695,0.5567256537275351,0.439942717552185,0.5689511966585376,1.8079896,4.3263125,0.54216456,0.43089265,0.5837653,IDP-ESM2-8M,93,288,0.11580801010131836,0.3002028465270996,0.0145610895948447,0.00905007123947138,0.01481413127191289
P24649,2.6949145793914795,6.704395771026611,0.6337966209864048,0.4992745220661163,0.5084787872287062,2.8624177,7.131099,0.63955873,0.5018868,0.48543748,IDP-ESM2-8M,93,288,0.16750311851501465,0.42670345306396484,0.005762111523208269,0.0026122629642487127,0.023041304633262483
P41726,2.4039831161499023,5.626138687133789,0.5846315742782301,0.4884092211723327,0.5692416159132887,2.5135453,6.3576903,0.6649804,0.51601326,0.41103002,IDP-ESM2-8M,93,288,0.10956215858459473,0.7315516471862793,0.08034883725131092,0.027604043483734186,0.15821159162320386
P57017,2.179521083831787,5.330920219421387,0.5572924436035119,0.4281210303306579,0.5590778159987404,2.1695662,5.2103467,0.55116206,0.42820975,0.5650777,IDP-ESM2-8M,93,288,0.00995492935180664,0.12057352066040039,0.006130379528041963,8.872151374822446e-05,0.005999906073860917
P68828,3.043631076812744,7.505298614501953,0.5690040420981203,0.4347433149814605,0.549179621062971,3.4368439,8.271551,0.5699294,0.44411275,0.5575945,IDP-ESM2-8M,93,288,0.39321279525756836,0.7662525177001953,0.0009253788499082871,0.009369432926178034,0.008414857067369552
P69592,1.7679249048233032,4.2538604736328125,0.5830203972423041,0.4872871041297912,0.5417067687168436,1.8203635,4.4389544,0.5865142,0.47569418,0.5366101,IDP-ESM2-8M,93,288,0.05243861675262451,0.18509387969970703,0.0034937776958977595,0.011592924594879095,0.005096642221482317
P87543,3.8440911769866943,9.04012680053711,0.5110748860509648,0.3856273293495178,0.6448506477446102,4.1984234,9.8660555,0.51737565,0.40278682,0.6512445,IDP-ESM2-8M,93,288,0.35433220863342285,0.8259286880493164,0.006300761970733149,0.017159491777420044,0.00639387339644204
P87914,2.4695138931274414,5.765817642211914,0.4902140246409529,0.3815894424915313,0.6345282092942098,2.6094782,6.0728674,0.50500214,0.3960512,0.62171656,IDP-ESM2-8M,93,288,0.13996434211730957,0.3070497512817383,0.01478811635788746,0.014461755752563532,0.012811650360951776
P89479,3.5908446311950684,8.289770126342773,0.4986820632671924,0.3803675174713135,0.6890502909249543,3.403422,7.980075,0.51920503,0.40899336,0.6464741,IDP-ESM2-8M,93,288,0.187422513961792,0.3096952438354492,0.0205229705119519,0.028625845909118652,0.04257616792385566
P89827,1.9871280193328853,4.294174671173096,0.415786137412617,0.3431975841522217,0.7982783085456022,2.085403,4.7874436,0.49516445,0.40094122,0.65832424,IDP-ESM2-8M,93,288,0.098274946212769,0.4932689666748047,0.07937831657068989,0.05774363875389099,0.13995406690741863
P89833,2.001073837280273,4.2578630447387695,0.4333157729047107,0.3700771033763885,0.7594216547928399,2.0632706,4.7317,0.49046588,0.3976396,0.6644051,IDP-ESM2-8M,93,288,0.06219673156738326,0.47383689880371094,0.057150106535596934,0.02756249904632574,0.0950165472946709
P89841,2.2659146785736084,5.32509708404541,0.521724627937672,0.402962177991867,0.5980748508744105,2.3235135,5.4717503,0.5281645,0.4147187,0.58747303,IDP-ESM2-8M,93,288,0.05759882926940918,0.1466531753540039,0.006439878020885081,0.011756509542465265,0.010601816015706866
P89878,1.4467779397964478,3.422703742980957,0.5638289331881057,0.4612283706665039,0.5367473355978593,1.4910545,3.589857,0.55869853,0.44531494,0.5429508,IDP-ESM2-8M,93,288,0.04427659511566162,0.16715335845947266,0.005130398222590538,0.015913426876068115,0.006203473404063353
Q00DY4,1.981306791305542,4.482170104980469,0.4782618359846806,0.3721905052661896,0.6655057620678477,2.171319,5.117911,0.5276792,0.41767323,0.5901585,IDP-ESM2-8M,93,288,0.19001221656799316,0.6357407569885254,0.049417368956115315,0.04548272490501404,0.07534723993878889
Q03873,2.7764337062835693,6.527251720428467,0.6173343332431248,0.5130255222320557,0.5226827501639943,2.4833505,5.6669984,0.5519735,0.4683641,0.6520994,IDP-ESM2-8M,93,288,0.29308319091796875,0.8602533340454102,0.06536081153368267,0.04466143250465393,0.12941662079242655
Q04247,1.4747657775878906,3.405008554458618,0.5502152222451263,0.4601647853851318,0.5675447526483338,1.3768637,3.2925801,0.54675484,0.43712616,0.5552237,IDP-ESM2-8M,93,288,0.09790205955505371,0.11242842674255371,0.0034603852089934994,0.02303862571716303,0.012321049263934403
Q04259,1.7129335403442385,4.138900279998779,0.5617874790281298,0.4546024799346924,0.5480361347695694,1.7175337,4.0958586,0.53919756,0.42489326,0.56092566,IDP-ESM2-8M,93,288,0.004600167274474876,0.04304170608520508,0.02258991490306872,0.029709219932556152,0.012889527747978247
Q04397,5.538411140441895,12.514174461364746,0.5011488732425512,0.3918117582798004,0.6583283615821379,4.193044,9.813146,0.5139669,0.39887643,0.63367164,IDP-ESM2-8M,93,288,1.3453669548034677,2.701028823852539,0.012818044749086988,0.0070646703243255615,0.02465672023234544
Q04405,1.987066626548767,4.752363204956055,0.5523844773408993,0.4402256906032562,0.5745016304630886,1.7596761,4.259181,0.5579578,0.43932247,0.5527029,IDP-ESM2-8M,93,288,0.22739052772521973,0.4931821823120117,0.005573350703992008,0.0009032189846038818,0.02179872671552996
Q04420,1.804393649101257,4.385646343231201,0.5434539577513996,0.4255233407020569,0.5695099905096732,1.7280786,4.179217,0.5592194,0.44091314,0.5441515,IDP-ESM2-8M,93,288,0.07631504535675027,0.20642948150634766,0.01576546220480768,0.015389800071716309,0.025358505543395138
Q05293,2.0246331691741943,4.941482067108154,0.5980836712128972,0.4683927297592163,0.5375360003303331,1.8074775,4.379091,0.57145953,0.4584256,0.55758715,IDP-ESM2-8M,93,288,0.21715569496154785,0.5623912811279297,0.026624139428839566,0.009967118501663208,0.020051146428700095
Q06E77,1.854733943939209,4.365798473358154,0.5838523713823472,0.4624294638633728,0.5603017213823724,1.7323984,4.2642417,0.5940509,0.47106302,0.5352601,IDP-ESM2-8M,93,288,0.12233555316925049,0.10155677795410156,0.010198512864478926,0.008633553981781006,0.02504164009117371
Q06IZ2,1.4492355585098269,3.321863174438477,0.5147426845504037,0.4332563281059265,0.5894274399363884,1.4819947,3.5487113,0.5447522,0.43243363,0.55232376,IDP-ESM2-8M,93,288,0.03275918960571267,0.22684812545776323,0.030009496025920734,0.0008226931095123291,0.03710368133424602
Q08IT9,1.4411578178405762,3.3729867935180664,0.509048623719727,0.4024997353553772,0.5955077190788265,1.530176,3.6552148,0.54366195,0.4321436,0.55668736,IDP-ESM2-8M,93,288,0.08901822566986084,0.2822279930114746,0.03461332829901076,0.029643863439559937,0.038820364037322586
Q08IU0,1.444392204284668,3.49847412109375,0.5660923727783943,0.442360520362854,0.5126923892978567,1.380058,3.2678216,0.54112506,0.43289888,0.5539082,IDP-ESM2-8M,93,288,0.06433415412902832,0.2306525707244873,0.024967313650586687,0.009461641311645508,0.04121583957634989
Q08IU3,1.5200903415679932,3.6444058418273926,0.567750981560735,0.4566493928432464,0.5376499865041082,1.4697146,3.529442,0.5498211,0.43544692,0.54809874,IDP-ESM2-8M,93,288,0.05037569999694824,0.11496376991271973,0.01792990278342177,0.021202474832534735,0.010448756457775321
Q08IW3,1.5311752557754517,3.7812225818634033,0.5790336414715681,0.4715192317962646,0.5251971881941605,1.5444684,3.702087,0.55339783,0.44144487,0.54596895,IDP-ESM2-8M,93,288,0.013293147087097168,0.07913565635681152,0.025635807170573233,0.03007435798645014,0.020771761600608785
Q08IW4,1.430708885192871,3.429335355758667,0.5114474024707172,0.3964540958404541,0.586782599360575,1.3792582,3.2901237,0.547261,0.43571177,0.5461834,IDP-ESM2-8M,93,288,0.05145072937011719,0.13921165466308594,0.03581359720884825,0.03925767540931702,0.04059919205390383
Q08IW8,1.480188250541687,3.581801176071167,0.5568537900940281,0.4451844692230224,0.5376721612596965,1.4151527,3.3758826,0.54681253,0.43467203,0.54756606,IDP-ESM2-8M,93,288,0.06503558158874512,0.205918550491333,0.010041255761752743,0.010512441396713201,0.009893894991829355
Q08IX5,1.488354206085205,3.568007469177246,0.5467633540475954,0.4509702324867248,0.5554559630002863,1.4745095,3.551001,0.55528927,0.44196793,0.5409844,IDP-ESM2-8M,93,288,0.013844728469848633,0.017006397247314453,0.008525914446056992,0.009002298116683904,0.014471570834148628
Q08J01,1.475874900817871,3.399479866027832,0.5274259615787502,0.4121314287185669,0.5816675910927179,1.4986154,3.5915926,0.5527399,0.44140238,0.54621464,IDP-ESM2-8M,93,288,0.022740483283996582,0.19211268424987793,0.025313956653213898,0.029270946979522705,0.03545295095218448
Q08J02,1.4333645105361938,3.358404874801636,0.5234087668903281,0.4139968156814575,0.5694095726650054,1.4928712,3.568891,0.5514972,0.43826407,0.53983855,IDP-ESM2-8M,93,288,0.05950665473937988,0.2104861736297603,0.028088454102713878,0.024267256259918213,0.029571020190029773
Q0GGW6,4.268332958221436,9.731287002563477,0.5320749332760479,0.4259829521179199,0.6087855333254246,3.823797,9.040003,0.5411045,0.41877335,0.604134,IDP-ESM2-8M,93,288,0.4445359706878671,0.6912841796875,0.009029562249312173,0.007209599018096924,0.004651510135879944
Q0GYC4,2.349748134613037,5.700589656829834,0.6077513674746718,0.4825935363769531,0.5357580612993927,2.5314672,6.2724156,0.6150892,0.4880353,0.5186609,IDP-ESM2-8M,93,288,0.18171906471252441,0.5718259811401367,0.007337810610655304,0.005441755056381226,0.017097158322402994
Q0IL14,4.121105670928955,10.174616813659668,0.6423737958008554,0.5068939328193665,0.5290644752794177,3.9564452,9.665807,0.62548053,0.49533918,0.554902,IDP-ESM2-8M,93,288,0.16466045379638672,0.5088100433349609,0.016893263154676208,0.011554747819900513,0.02583754183712894
Q0IL90,2.582193374633789,6.172640323638916,0.5222973772753531,0.4012844860553741,0.6095466163620553,2.5095544,5.9271464,0.528115,0.41361463,0.6018353,IDP-ESM2-8M,93,288,0.07263898849487305,0.24549388885498047,0.0058175972233956985,0.012330144643783625,0.007711305902918353
Q0NQ56,2.1244351863861084,5.066201686859131,0.539750785253557,0.4158749282360077,0.5463011142465328,1.9016936,4.5962324,0.55851215,0.4382082,0.53554124,IDP-ESM2-8M,93,288,0.22274160385131836,0.4699692726135254,0.01876136598774547,0.022333264350891113,0.010759877845928578
Q0PEK1,2.4944424629211426,5.841325283050537,0.5274274833320578,0.4118517935276031,0.5967398622578345,2.5065055,5.859074,0.5206786,0.41749543,0.6253406,IDP-ESM2-8M,93,288,0.012063026428222656,0.01774883270263672,0.006748903524776306,0.005643635988235529,0.028600718682412096
Q0PF77,2.5402991771698,5.983981132507324,0.5302431310270364,0.4108685255050659,0.5863431274818676,2.4541855,5.754106,0.51674175,0.40596458,0.609014,IDP-ESM2-8M,93,288,0.08611369132995605,0.2298750877380371,0.013501378402524633,0.004903942346572876,0.022670847184727894
Q0PF82,2.4923763275146484,5.854546070098877,0.512095850729105,0.3900838196277618,0.6136641964754829,2.5252888,5.960666,0.52770203,0.41295114,0.59534407,IDP-ESM2-8M,93,288,0.032912492752075195,0.10612010955810547,0.015606182790639855,0.02286732196807867,0.018320129855609824
Q0PF92,2.434767484664917,5.5943284034729,0.5058866676225746,0.381855696439743,0.6137088618865718,2.4117916,5.6448655,0.5135568,0.4057595,0.61065143,IDP-ESM2-8M,93,288,0.022975921630859375,0.050537109375,0.007670110808364106,0.023903816938400324,0.00305742841870682
Q0PFA4,2.534907817840576,6.176678657531738,0.5385214038099401,0.4185672700405121,0.5678006302613128,2.4820874,5.807783,0.51369005,0.4046633,0.61748344,IDP-ESM2-8M,93,288,0.052820444107055664,0.3688955307006836,0.024831349393283575,0.013903975486755371,0.04968280679999704
Q0PFA9,2.56013560295105,6.051939487457275,0.5367344448694223,0.419544905424118,0.5769401983346977,2.3326306,5.4821696,0.52012056,0.40892172,0.5985437,IDP-ESM2-8M,93,288,0.22750496864318848,0.5697698593139648,0.016613883746528058,0.010623186826705877,0.021603505221363117
Q0QZD2,2.103668212890625,5.244091987609863,0.6206257338756918,0.4838516116142273,0.5011011581729037,1.9478283,4.883269,0.60960233,0.4785065,0.5025352,IDP-ESM2-8M,93,288,0.1558399200439453,0.3608231544494629,0.011023401760518414,0.00534510612487793,0.0014340657879727825
Q0QZH2,1.963032960891724,4.365105152130127,0.4517318498059576,0.3610191643238067,0.6873885986336025,1.9869604,4.568366,0.48761448,0.38943547,0.6475068,IDP-ESM2-8M,93,288,0.023927450180053267,0.2032608985900879,0.035882632835262496,0.028416305780410822,0.03988182516177019
Q0WY62,1.58040452003479,3.7292847633361816,0.5819564842742678,0.4659711718559265,0.5192647666662901,1.5010011,3.6962192,0.57467204,0.4561531,0.52810884,IDP-ESM2-8M,93,288,0.07940340042114258,0.0330655574798584,0.007284440950750981,0.009818077087402344,0.008844068554046847
Q102Z0,1.4730108976364136,3.380956649780273,0.5012105997806835,0.4196140170097351,0.610515191637908,1.6173925,3.8332283,0.5422131,0.43406484,0.56850433,IDP-ESM2-8M,93,288,0.14438164234161377,0.45227169990539595,0.0410024825328541,0.014450818300247192,0.04201085814181427
Q102Z1,1.598821759223938,4.022914409637451,0.6013478952502689,0.4759924411773681,0.5077669000616604,1.664392,3.9624054,0.54754573,0.43766758,0.57001436,IDP-ESM2-8M,93,288,0.06557023525238037,0.06050896644592285,0.05380216418261141,0.0383248627185821,0.06224745750517313
Q102Z2,1.5412405729293823,3.6399543285369873,0.5613827568997354,0.4497367143630981,0.5446174428578057,1.4899588,3.5634077,0.5482553,0.4376818,0.56205326,IDP-ESM2-8M,93,288,0.05128180980682373,0.07654666900634766,0.013127432536026884,0.012054920196533148,0.01743582032960278
Q102Z3,1.5034748315811155,3.599117517471313,0.5324773235279114,0.4259952306747436,0.5737826022325047,1.7542956,4.149885,0.5389959,0.42967877,0.5725646,IDP-ESM2-8M,93,288,0.25082075595855735,0.5507676601409917,0.0065185980838744495,0.0036835372447968084,0.0012180003343112977
Q102Z5,1.5585781335830688,3.861755132675171,0.5636286123551473,0.4561011493206024,0.5463870549273523,1.6361468,3.904716,0.5501856,0.43868273,0.5584031,IDP-ESM2-8M,93,288,0.0775686502456665,0.04296088218688965,0.013442991570387752,0.01741841435432434,0.012016019814011236
Q102Z6,1.5298689603805542,3.644047737121582,0.5477507991094968,0.4365560114383697,0.5612794414382537,1.813834,4.2783985,0.53711057,0.428484,0.5765539,IDP-ESM2-8M,93,288,0.28396499156951904,0.6343507766723633,0.010640232016601248,0.008072018623351995,0.015274439730111777
Q102Z7,1.535591721534729,3.74449634552002,0.5562967050647788,0.4496173858642578,0.550511664147623,1.595351,3.8113678,0.5452876,0.43433213,0.5577543,IDP-ESM2-8M,93,288,0.05975925922393799,0.0668714046478267,0.011009095964436999,0.015285253524780273,0.007242614035360417
Q102Z8,1.558835744857788,3.808799982070923,0.5717904071269277,0.4492217898368835,0.5362969779054801,1.6740403,3.9952574,0.5466442,0.4336999,0.55861044,IDP-ESM2-8M,93,288,0.1152045726776123,0.18645739555358887,0.02514619631149806,0.015521883964538519,0.022313461395056966
Q102Z9,1.4924843311309814,3.616840124130249,0.5403118596497302,0.4373193681240082,0.5570049346532655,1.5531057,3.7007568,0.5412571,0.43109342,0.5597646,IDP-ESM2-8M,93,288,0.06062138080596924,0.08391666412353516,0.0009452237662549434,0.006225943565368652,0.002759688988702269
Q103A0,1.4968913793563845,3.674694776535034,0.5526186356777812,0.4267133474349975,0.5417310798591792,1.5810019,3.7553997,0.5382868,0.42841244,0.5700475,IDP-ESM2-8M,93,288,0.0841104984283445,0.08070492744445801,0.014331830524888178,0.0016990900039673407,0.02831641789014938
Q103A1,1.5555710792541504,3.8246893882751465,0.5818607402755133,0.4596933424472809,0.5208407095861158,1.512526,3.6198642,0.55493397,0.43843043,0.54796195,IDP-ESM2-8M,93,288,0.0430450439453125,0.20482516288757324,0.026926775069367026,0.021262913942337036,0.027121240716008188
Q103A2,1.5185608863830566,3.713590145111084,0.5694461568483749,0.444038838148117,0.5249810172468844,1.6015551,3.810883,0.54175687,0.43224075,0.563713,IDP-ESM2-8M,93,288,0.08299422264099121,0.09729290008544922,0.027689288485948094,0.01179808378219599,0.03873199687893958
Q103A3,1.4550824165344238,3.4454331398010254,0.5370391126009421,0.4212683737277984,0.5690873696099884,1.5758364,3.7602105,0.5490067,0.4373722,0.55479336,IDP-ESM2-8M,93,288,0.12075400352478027,0.3147773742675781,0.011967587914805011,0.016103833913803156,0.014294011760867309
Q103A4,1.4673254489898682,3.594776630401612,0.5639279684643427,0.4471259415149688,0.533891334554564,1.4170226,3.4191644,0.5596162,0.44255546,0.5357812,IDP-ESM2-8M,93,288,0.050302863121032715,0.17561221122741788,0.004311760387865626,0.004570484161376898,0.0018898701459060252
Q103A5,1.484471321105957,3.5939016342163086,0.5640742311024866,0.4410243928432464,0.5404052125464568,1.5776789,3.7311263,0.5365542,0.4266844,0.5746339,IDP-ESM2-8M,93,288,0.09320759773254395,0.13722467422485352,0.027520013763924545,0.014339983463287298,0.0342286838044038
Q103A6,1.3989858627319336,3.259998083114624,0.5432211736110955,0.4445037841796875,0.5472376725856521,1.4519942,3.4908206,0.5529761,0.44009814,0.5433631,IDP-ESM2-8M,93,288,0.053008317947387695,0.23082256317138672,0.009754898223468755,0.00440564751625061,0.003874578255818162
Q103A7,1.454308271408081,3.616644859313965,0.5542699111718136,0.4295027256011963,0.5427738697120204,1.4009739,3.3922389,0.5616524,0.4463253,0.54386246,IDP-ESM2-8M,93,288,0.05333435535430908,0.22440600395202637,0.007382510779480378,0.01682257652282715,0.0010885923317418555
Q103A8,1.4431759119033811,3.403409481048584,0.5231156632900862,0.4235058724880218,0.5843671110329892,1.5432761,3.6516612,0.5423869,0.43378046,0.5643657,IDP-ESM2-8M,93,288,0.10010015964508079,0.24825167655944824,0.01927122616761645,0.010274589061737116,0.020001426046874715
Q103A9,1.4485522508621216,3.454587936401367,0.5391760660088117,0.4387040436267853,0.5728242766379174,1.5759373,3.7526844,0.54814994,0.43571588,0.55675244,IDP-ESM2-8M,93,288,0.12738502025604248,0.2980964183807373,0.008973877342933867,0.002988159656524658,0.01607183332431872
Q107X9,2.7953600883483887,6.672722339630127,0.513658530629949,0.3956679403781891,0.6053174094712455,2.9714298,6.7418137,0.473751,0.38684988,0.71169543,IDP-ESM2-8M,93,288,0.1760697364807129,0.0690913200378418,0.03990752211935944,0.008818060159683228,0.10637802319171841
Q14UX9,1.8550944328308103,4.549188613891602,0.596516355403264,0.4770860970020294,0.514448549552615,1.7432214,4.1271105,0.547044,0.44162616,0.57858443,IDP-ESM2-8M,93,288,0.1118730306625364,0.42207813262939453,0.04947237623532574,0.035459935665130615,0.06413588304931372
Q14UY3,1.806279301643372,4.348877906799316,0.5701912275264702,0.4384148120880127,0.5342432995038511,1.7350748,4.1029267,0.5432154,0.43679476,0.578388,IDP-ESM2-8M,93,288,0.07120454311370894,0.24595117568969727,0.026975833506389657,0.0016200542449951172,0.04414467618889795
Q152W2,1.3127521276474,2.6607329845428467,0.3212155854639897,0.3128917217254638,0.8633117295026935,1.4896003,3.483748,0.51517624,0.41373423,0.6014335,IDP-ESM2-8M,93,288,0.1768481731414795,0.8230149745941162,0.19396065116549638,0.10084250569343572,0.26187821395398747
Q159G2,1.8590102195739744,4.515741348266602,0.5400460050759894,0.4141211807727813,0.5397402158484819,1.6475346,3.9650078,0.54603237,0.42196676,0.5254003,IDP-ESM2-8M,93,288,0.211475610733032,0.5507335662841797,0.00598636406082087,0.007845580577850397,0.01433993489602825
Q159G5,2.2884421348571777,5.416825771331787,0.5248404847106284,0.3984697461128235,0.5722742491049684,2.21429,5.254462,0.53625834,0.4154783,0.5562419,IDP-ESM2-8M,93,288,0.07415223121643066,0.16236400604248047,0.011417855171268587,0.017008543014526367,0.016032319573870968
Q159M3,1.5697402954101562,3.6952507495880127,0.5071048291047877,0.4123480916023254,0.5860706094774961,1.5143743,3.613274,0.53344566,0.41796967,0.54550225,IDP-ESM2-8M,93,288,0.05536603927612305,0.08197665214538574,0.02634082719480335,0.005621582269668635,0.04056836405131814
Q19B12,2.174475908279419,5.36075496673584,0.5596617477448478,0.4352878630161285,0.5584489212618919,2.0969105,4.988884,0.5462717,0.43604845,0.59142065,IDP-ESM2-8M,93,288,0.07756543159484863,0.3718709945678711,0.013390065959264286,0.0007605850696564276,0.032971729220285795
Q19B37,1.783724665641785,4.554894924163818,0.622895319349886,0.493202805519104,0.496832902962472,1.8019034,4.4423814,0.59782916,0.47453457,0.5136378,IDP-ESM2-8M,93,288,0.018178701400756614,0.11251354217529297,0.025066156275392548,0.01866823434829712,0.016804878180716465
Q19CE6,1.8568707704544067,4.406358242034912,0.5895819049346794,0.4968056082725525,0.5409973538478305,1.7584522,4.218304,0.55581367,0.4434576,0.58108276,IDP-ESM2-8M,93,288,0.09841859340667725,0.18805408477783203,0.033768234776293204,0.053348004817962646,0.04008540743985867
Q19CW0,1.6237778663635254,4.0471601486206055,0.5705349963512536,0.4715500175952911,0.5597371628318766,1.5726378,3.7660217,0.56080145,0.4549087,0.55644417,IDP-ESM2-8M,93,288,0.05114006996154785,0.28113842010498047,0.009733549913417905,0.01664131879806513,0.0032929947410562654
Q19D16,1.5297147035598757,3.83386754989624,0.5920473515099955,0.4663025736808777,0.5177268994780705,1.6263072,4.014733,0.59064996,0.4679827,0.5143594,IDP-ESM2-8M,93,288,0.09659254550933816,0.18086528778076216,0.0013973890847636117,0.001680135726928711,0.0033674849005863594
Q19NX3,2.350924491882324,5.377386569976807,0.4658867003408443,0.4005587100982666,0.6595310065565126,2.1266062,4.844389,0.46773475,0.37642482,0.6779357,IDP-ESM2-8M,93,288,0.224318265914917,0.5329976081848145,0.0018480537446964873,0.024133890867233276,0.018404712933538625
Q19UQ1,2.2529304027557373,5.60733699798584,0.622439355444313,0.4902578592300415,0.5077926651311658,2.3026762,5.9272366,0.6452551,0.5088382,0.47662604,IDP-ESM2-8M,93,288,0.049745798110961914,0.3198995590209961,0.022815733361839396,0.018580317497253418,0.031166626579835266
Q19XC2,2.024806261062622,4.956587791442871,0.5890798409246335,0.4696464538574219,0.5372307986441434,1.8455971,4.5686865,0.5916891,0.46613422,0.51903725,IDP-ESM2-8M,93,288,0.17920911312103271,0.38790130615234375,0.0026092688776125916,0.0035122334957122803,0.018193551940041797
Q19XF8,1.7709650993347168,4.20074987411499,0.545382282230877,0.4349663853645324,0.5963104985392907,1.8312812,4.448613,0.56790775,0.4497801,0.54228497,IDP-ESM2-8M,93,288,0.06031608581542969,0.2478632926940918,0.02252546837565983,0.014813721179962214,0.05402553302415403
Q19XJ8,1.4069230556488037,3.3147966861724854,0.5250041181076148,0.4338554143905639,0.5770094930070119,1.4819796,3.4794734,0.51447076,0.41120005,0.589757,IDP-ESM2-8M,93,288,0.07505655288696289,0.16467666625976562,0.010533362053690265,0.02265536785125727,0.012747532234839931
Q19XN7,1.648744821548462,3.904077053070069,0.5820075744954974,0.4826914072036743,0.532008023046974,1.6803765,4.0669203,0.5594132,0.4505901,0.5564213,IDP-ESM2-8M,93,288,0.0316317081451416,0.16284322738647417,0.022594379839125378,0.03210130333900452,0.02441325686025253
Q19XV8,2.282271385192871,5.539414882659912,0.5805210851853553,0.4580847918987274,0.5551135632039726,2.217731,5.376527,0.5623387,0.43470278,0.5551052,IDP-ESM2-8M,93,288,0.06454038619995117,0.1628880500793457,0.018182375354117486,0.02338200807571411,8.35385338671113e-06
Q19XW1,2.4468979835510254,6.427166938781738,0.6514922662367775,0.5061692595481873,0.4907104670199425,2.6704361,6.5951695,0.6229892,0.501096,0.5451469,IDP-ESM2-8M,93,288,0.22353816032409668,0.16800260543823242,0.02850308853292005,0.005073249340057373,0.054436415514084624
Q19YI2,1.4274100065231323,3.484848022460937,0.5742867083100056,0.4409659206867218,0.5155696470601085,1.4736571,3.6223948,0.56792474,0.44695613,0.52823853,IDP-ESM2-8M,93,288,0.046247124671936035,0.13754677772522017,0.00636197037970776,0.005990207195281982,0.012668887867259615
Q19YS5,2.6063342094421387,6.632832050323486,0.6341925605283152,0.4918831586837768,0.5059683680108435,2.4272377,6.0229607,0.6171948,0.49677342,0.54347473,IDP-ESM2-8M,93,288,0.17909646034240723,0.6098713874816895,0.016997788761652588,0.004890263080596979,0.03750636581865474
Q19YU1,1.8697906732559204,4.23537015914917,0.5121694662510625,0.4093168675899505,0.6039951206160996,1.795363,4.313327,0.54941124,0.43189657,0.55411625,IDP-ESM2-8M,93,288,0.07442772388458252,0.0779566764831543,0.037241770988775125,0.02257969975471502,0.049878871531626956
Q19Z22,3.704726934432984,9.222057342529297,0.6187176914384495,0.4805075824260711,0.4988626919955566,3.5212936,8.656937,0.6132382,0.47286677,0.50168353,IDP-ESM2-8M,93,288,0.1834332942962651,0.5651206970214844,0.0054794759919772895,0.007640808820724432,0.002820841196124302
Q19ZG3,2.0464768409729004,4.808404922485352,0.5115072206597825,0.4124198257923126,0.6359024386639471,2.0255365,4.7272253,0.514754,0.41207516,0.62878436,IDP-ESM2-8M,93,288,0.020940303802490234,0.08117961883544922,0.0032467766661147257,0.0003446638584136963,0.007118080162512808
Q1A0D0,1.9708465337753296,4.651866436004639,0.5728552619225741,0.4545767307281494,0.5645373083332843,1.8452762,4.505335,0.5759692,0.4539719,0.5244559,IDP-ESM2-8M,93,288,0.12557029724121094,0.1465315818786621,0.0031139572851895947,0.0006048381328582764,0.04008140337265198
Q1A4M9,2.430206775665283,5.927097797393799,0.6128670590580308,0.4915747046470642,0.5327275154138393,2.531595,6.430231,0.677341,0.5276343,0.39852172,IDP-ESM2-8M,93,288,0.10138821601867676,0.5031332969665527,0.06447392528645157,0.03605961799621582,0.1342057940507717
Q1A4P9,2.448103666305542,4.9207844734191895,0.3402326524143987,0.2972409427165985,0.9621841871345466,3.3897314,7.7415686,0.4806289,0.38693827,0.7181108,IDP-ESM2-8M,93,288,0.9416277408599854,2.820784091949463,0.14039625526611277,0.08969733119010925,0.24407338734511785
Q1EGY8,3.269702672958374,7.510533332824707,0.5957330431938855,0.4930092096328735,0.5327828307912792,3.105054,7.4544206,0.5748519,0.44866633,0.534688,IDP-ESM2-8M,93,288,0.16464877128601074,0.05611276626586914,0.020881172657081337,0.0443428754806518,0.0019051651193653374
Q1EGZ1,3.50265908241272,8.368003845214844,0.6081270838752398,0.4656322598457336,0.5312321827421518,3.1920352,7.7007427,0.58395857,0.45477796,0.52822864,IDP-ESM2-8M,93,288,0.31062388420105025,0.6672611236572266,0.024168517686427582,0.010854303836822454,0.0030035421858163325
Q1EGZ2,3.5677261352539062,8.523309707641602,0.6048565308640351,0.4830313920974731,0.5148758600549987,3.173613,7.610941,0.5657417,0.4398216,0.55051625,IDP-ESM2-8M,93,288,0.39411306381225586,0.9123687744140625,0.039114813048635955,0.043209791183471624,0.03564038769432987
Q1EH05,4.234612941741943,9.963418006896973,0.6059907247576853,0.4933987557888031,0.5486524154209474,3.711865,8.85828,0.5699011,0.4454918,0.5698174,IDP-ESM2-8M,93,288,0.5227479934692383,1.105137825012207,0.036089616015925086,0.047906965017318726,0.021165008399548157
Q1EH28,3.3284735679626465,7.830849647521973,0.5885507688685447,0.4701600670814514,0.5423447409307421,3.0644016,7.3691063,0.58019096,0.45194376,0.5294429,IDP-ESM2-8M,93,288,0.2640719413757324,0.4617433547973633,0.008359812275984924,0.018216311931610107,0.012901834551042435
Q1EH30,3.3954668045043945,8.240618705749512,0.6102478161335968,0.4851304590702057,0.5094329624232588,3.1057305,7.498771,0.58336896,0.45290768,0.5257358,IDP-ESM2-8M,93,288,0.289736270904541,0.7418475151062012,0.026878859090902707,0.03222277760505676,0.016302833074635537
Q1EH36,3.4533562660217285,8.314990997314453,0.6040108208820667,0.4822995066642761,0.5306661701585954,3.131574,7.545595,0.5844344,0.45585558,0.52961594,IDP-ESM2-8M,93,288,0.32178235054016113,0.7693958282470703,0.019576430814012502,0.026443928480148315,0.0010502314951127412
Q1EH45,4.13419246673584,9.882376670837402,0.6163101294386457,0.4990561604499817,0.5396498574426172,3.6919303,8.881619,0.5907062,0.46071702,0.53857666,IDP-ESM2-8M,93,288,0.4422621726989746,1.0007572174072266,0.025603900228745813,0.03833913803100586,0.0010731949021813847
Q1EH47,4.671565532684326,11.001267433166504,0.6058454311883538,0.4773964583873749,0.5769506835871481,3.947919,9.4764,0.5894586,0.4578276,0.5429877,IDP-ESM2-8M,93,288,0.7236466407775879,1.524867057800293,0.01638684640289234,0.01956886053085327,0.0339629793101095
Q1EH77,3.77059817314148,9.097317695617676,0.6088635879899524,0.4730525910854339,0.5334824139089728,3.4317002,8.198658,0.57705635,0.45218885,0.5561353,IDP-ESM2-8M,93,288,0.33889794349670455,0.8986597061157227,0.031807239666130416,0.02086374163627619,0.022652882912621464
Q1KWA0,2.258706569671631,5.242715835571289,0.5067283944385722,0.3933621346950531,0.6283106680339253,2.4167411,5.691111,0.5322709,0.41793835,0.5864299,IDP-ESM2-8M,93,288,0.1580345630645752,0.4483952522277832,0.025542513917140686,0.02457621693611145,0.04188077406343582
Q1MWN9,3.750386953353882,8.848065376281738,0.546023476297852,0.4309362471103668,0.6016073083960024,3.5939083,8.532541,0.55578655,0.43632177,0.59870714,IDP-ESM2-8M,93,288,0.1564786434173584,0.3155241012573242,0.009763073747161455,0.0053855180740356445,0.0029001689039674927
Q1WIU5,2.4744577407836914,5.710200786590576,0.5223457723500026,0.392260193824768,0.6123711198928344,2.5241127,5.954282,0.53080314,0.41910362,0.61403996,IDP-ESM2-8M,93,288,0.04965496063232422,0.2440810203552246,0.008457371628116328,0.026843428611755427,0.0016688376305115105
Q1WIU7,2.461853742599488,5.614769458770752,0.5060742455181342,0.3977030217647552,0.6391122762014366,2.5788257,6.056791,0.52448,0.41469446,0.625192,IDP-ESM2-8M,93,288,0.1169719696044913,0.44202136993408203,0.0184057397189874,0.016991436481475886,0.013920289640615091
Q1XDV1,1.409248948097229,3.32990837097168,0.5396944941969353,0.4342066645622253,0.5562635974643587,1.4697853,3.5863285,0.5641786,0.44530815,0.5317146,IDP-ESM2-8M,93,288,0.06053638458251953,0.25642013549804643,0.02448409180922928,0.01110148429870611,0.024548979258334547
Q1ZYP5,1.912101149559021,4.178842067718506,0.5149410703041681,0.4223724603652954,0.6129032237147127,1.9194779,4.6474276,0.56037384,0.439224,0.54699165,IDP-ESM2-8M,93,288,0.0073767900466918945,0.4685854911804199,0.045432772412048905,0.01685154438018799,0.06591157742488729
Q20BU0,1.637736201286316,3.921330451965332,0.542580077515955,0.4268155694007873,0.5457289761498756,1.5307664,3.711785,0.561647,0.44026944,0.5323879,IDP-ESM2-8M,93,288,0.10696983337402344,0.20954537391662598,0.019066920412664334,0.013453871011734064,0.013341063876468606
Q20BW6,1.8955235481262207,4.497079372406006,0.5322893854172742,0.4068708121776581,0.5637930256561585,1.8390847,4.4043427,0.54684305,0.42709383,0.55508566,IDP-ESM2-8M,93,288,0.05643880367279053,0.09273672103881836,0.014553666493126172,0.020223021507263184,0.00870736662905891
Q20HY6,3.5831427574157715,8.218886375427246,0.5358496820365779,0.4306556582450866,0.5925763686741647,3.3342986,7.8169923,0.52708924,0.41365567,0.61601835,IDP-ESM2-8M,93,288,0.24884414672851562,0.40189409255981445,0.00876044386976882,0.016999989748001043,0.02344198621856597
Q27Q61,1.9488945007324217,4.336399078369141,0.524668818618562,0.4250971972942352,0.5998260469823943,1.9595077,4.677836,0.54219717,0.42771852,0.5771213,IDP-ESM2-8M,93,288,0.010613203048706277,0.34143686294555664,0.017528349254820608,0.002621322870254572,0.02270472959576708
Q27Q66,1.786293625831604,3.558411836624145,0.4181344565721599,0.359013944864273,0.7605897923593936,1.8248994,4.255595,0.51295954,0.4107174,0.6188021,IDP-ESM2-8M,93,288,0.03860580921173096,0.6971833705902104,0.09482508331812939,0.0517034530639649,0.14178772174171783
Q27Q71,1.9098670482635496,4.4336676597595215,0.536167599966196,0.421117752790451,0.5731870276991052,1.9661698,4.721433,0.55058783,0.43195033,0.56129736,IDP-ESM2-8M,93,288,0.05630278587341331,0.2877655029296875,0.01442023296150785,0.010832577943801935,0.01188967061673829
Q27Q76,1.8700246810913088,4.203438758850098,0.5103343305651784,0.4156344532966614,0.6074521250012261,1.8739878,4.447615,0.53650486,0.42517638,0.58335984,IDP-ESM2-8M,93,288,0.003963112831115501,0.24417638778686523,0.02617053412750958,0.009541928768157959,0.024092287469182683
Q27Q84,1.5754390954971311,3.8431708812713614,0.5960256217577756,0.4767558574676513,0.5069113618354358,1.7588768,4.2498713,0.5553257,0.43226647,0.5325783,IDP-ESM2-8M,93,288,0.18343770503997825,0.40670037269592374,0.04069993482616552,0.04448938369750971,0.025666927673383744
Q287B2,2.225441694259644,5.139829158782959,0.5171510126868253,0.3892217576503753,0.6030128626506004,2.2665942,5.3217216,0.52549195,0.41449112,0.5969993,IDP-ESM2-8M,93,288,0.04115247726440385,0.18189239501953125,0.00834094020929288,0.025269359350204523,0.006013575045314745
Q287K0,3.2203431129455566,7.919768810272217,0.6429388263829153,0.5053645968437195,0.5158548088183018,3.2047076,8.156282,0.69520974,0.53927386,0.4076945,IDP-ESM2-8M,93,288,0.01563549041748047,0.23651361465454102,0.0522709152094919,0.03390926122665405,0.10816032005449261
Q2EQ07,1.7808902263641355,4.044212818145752,0.4789825137349897,0.384047120809555,0.6490161379334386,1.9156336,4.4415936,0.50351393,0.40303987,0.6210204,IDP-ESM2-8M,93,288,0.13474333286285423,0.3973808288574219,0.0245314184930987,0.01899275183677679,0.027995761251157103
Q2EQJ4,2.3524625301361084,5.401498794555664,0.5263421706688715,0.4108052849769592,0.6176991700891782,2.258005,5.3742857,0.5534611,0.43438843,0.55909294,IDP-ESM2-8M,93,288,0.09445762634277344,0.027213096618652344,0.027118904160230106,0.023583143949508723,0.05860623118918429
Q2EX97,2.6392662525177,6.1150312423706055,0.4954402945773263,0.3848932981491089,0.6407316348976367,2.6376164,6.241035,0.5341238,0.41558,0.57422894,IDP-ESM2-8M,93,288,0.0016498565673828125,0.12600374221801758,0.03868348376587438,0.03068670630455017,0.06650269250338015
Q2EXS5,3.3145813941955566,7.727758884429932,0.4948548850704085,0.3844427168369293,0.6305249826652419,3.448889,8.09293,0.5143621,0.39978367,0.613658,IDP-ESM2-8M,93,288,0.1343076229095459,0.365170955657959,0.019507211716090544,0.015340954065322876,0.016866971705616685
Q2I7C2,2.746981143951416,6.261129379272461,0.5085597255738822,0.4094493389129638,0.6187961021894512,2.8142686,6.599283,0.5221633,0.40603015,0.60594296,IDP-ESM2-8M,93,288,0.06728744506835938,0.3381538391113281,0.013603546330109517,0.00341919064521784,0.01285313763561824
Q2I7C9,2.688016891479492,5.958626747131348,0.504839178736679,0.399328202009201,0.6144999121093963,2.8133671,6.5750256,0.51121414,0.3993494,0.6240339,IDP-ESM2-8M,93,288,0.1253502368927002,0.616398811340332,0.006374958340652492,2.118945121770688e-05,0.009534015808084217
Q2I7D5,2.7428369522094727,6.296637535095215,0.5010638102947451,0.3970898389816284,0.634897331344733,2.8044016,6.599115,0.5224447,0.40575346,0.6028238,IDP-ESM2-8M,93,288,0.06156468391418457,0.3024773597717285,0.021380914741875978,0.00866362452507019,0.03207353745664099
Q2I7D8,2.672043800354004,6.2596435546875,0.5112706546449549,0.3807609975337982,0.5972506654759723,2.851871,6.6655407,0.5109794,0.39890513,0.6217015,IDP-ESM2-8M,93,288,0.17982721328735352,0.4058971405029297,0.0002912406587488592,0.01814413070678711,0.024450813482157607
Q2I7D9,2.81980037689209,6.628439426422119,0.523256372922704,0.4031747877597809,0.6019968881146539,2.9830809,6.9971323,0.52455205,0.4085709,0.6069868,IDP-ESM2-8M,93,288,0.16328048706054688,0.36869287490844727,0.0012956743299510354,0.005396097898483276,0.004989932583130519
Q2KRX9,3.102689504623413,7.12511157989502,0.5215005676668835,0.4061723351478576,0.6292242230484533,2.9701388,7.0208445,0.53347725,0.41839832,0.60728467,IDP-ESM2-8M,93,288,0.13255071640014648,0.10426712036132901,0.011976679094438558,0.01222598552703863,0.021939557940726218
Q2LGY8,3.813399076461792,8.958428382873535,0.5289240442867237,0.4064596891403198,0.6110280326293518,4.1103888,9.706953,0.5314635,0.40872043,0.6167915,IDP-ESM2-8M,93,288,0.29698967933654785,0.7485246658325195,0.0025394595508617668,0.002260744571685791,0.005763454110760513
Q2NNY0,2.6372270584106445,6.727314472198486,0.6546518531191616,0.5150597095489502,0.500631439114119,2.8809366,7.4143844,0.7144656,0.55651146,0.379063,IDP-ESM2-8M,93,288,0.24370956420898438,0.6870698928833008,0.05981376501438329,0.04145175218582153,0.12156842889835973
Q2PDL2,2.610140800476074,6.061927318572998,0.4940742239952737,0.3806199729442596,0.6404239016908473,2.72469,6.3698716,0.51343906,0.40171942,0.6138301,IDP-ESM2-8M,93,288,0.11454916000366211,0.30794429779052734,0.01936483526223365,0.021099448204040583,0.02659381212175549
Q2PZ57,2.602747917175293,6.371131420135498,0.525088277743368,0.3845486938953399,0.6050468552978941,2.6256568,6.1591625,0.51946425,0.41059056,0.63798225,IDP-ESM2-8M,93,288,0.022908926010131836,0.21196889877319336,0.0056240233640955095,0.026041865348815973,0.03293539396205458
Q2PZ59,2.566412687301636,6.280449390411377,0.5269993917281636,0.395580530166626,0.5924448741630027,2.560502,6.0015564,0.5190134,0.41014323,0.6361978,IDP-ESM2-8M,93,288,0.00591063499450728,0.27889299392700195,0.007985986881972162,0.0145626962184906,0.04375293124166035
Q2PZ62,2.5676074028015137,6.272503852844238,0.4958745146116733,0.3931781649589538,0.6608548838432221,2.6146,6.109448,0.5157248,0.4089513,0.64297247,IDP-ESM2-8M,93,288,0.04699254035949707,0.1630558967590332,0.019850263563680692,0.01577314734458929,0.017882414513388123
Q2PZ64,2.613377571105957,6.156655311584473,0.5097643176527771,0.3901005685329437,0.637648743004322,2.6245115,6.160376,0.524084,0.41347432,0.6273542,IDP-ESM2-8M,93,288,0.011133909225463867,0.0037207603454589844,0.01431965432445681,0.02337375283241272,0.010294538349628346
Q2PZ75,2.603245258331299,6.205315113067627,0.505731194010359,0.3983542621135711,0.6430038442113782,2.7044594,6.3382335,0.5194535,0.4107649,0.6399779,IDP-ESM2-8M,93,288,0.10121417045593262,0.1329183578491211,0.013722331532853849,0.01241064071655279,0.0030259718397046553
Q2TVL9,2.462374687194824,5.839017391204834,0.5631827820265407,0.4467204213142395,0.5766178434687731,2.5091813,5.950202,0.5574286,0.44628957,0.57262677,IDP-ESM2-8M,93,288,0.04680657386779785,0.11118459701538086,0.005754183622610043,0.00043085217475891113,0.003991073926079003
Q2VAE1,2.068581342697144,4.690002918243408,0.5050018534008833,0.4090932607650757,0.6317549946001173,2.1222947,5.004302,0.52790564,0.41512856,0.5899381,IDP-ESM2-8M,93,288,0.05371332168579057,0.3142991065979004,0.02290378958541428,0.006035298109054565,0.04181689044743786
Q2VF21,1.5578548908233645,3.7622649669647217,0.5487745094121965,0.4395169913768768,0.5595018539802327,1.6634884,3.9415624,0.5515511,0.44464892,0.5766803,IDP-ESM2-8M,93,288,0.10563349723815896,0.17929744720458984,0.0027765941797224247,0.005131930112838801,0.017178448639701416
Q2WC16,1.6373815536499023,3.870041847229004,0.5596189654479348,0.4568494856357574,0.5619047281837537,1.5529991,3.847152,0.6073068,0.47977984,0.4800577,IDP-ESM2-8M,93,288,0.08438241481781006,0.02288985252380371,0.04768781298300395,0.022930353879928644,0.08184704161644718
Q2WC23,1.83502209186554,4.356512546539307,0.559259677952991,0.4463208019733429,0.5673352287929859,1.788909,4.3403397,0.56155884,0.44496173,0.55192137,IDP-ESM2-8M,93,288,0.0461131334304814,0.01617288589477539,0.002299164706005552,0.0013590753078460693,0.015413861147722252
Q2XT86,1.876306414604187,4.4740495681762695,0.5398353961515485,0.4355809092521667,0.5761356655776297,1.8695419,4.4578876,0.53868043,0.42338696,0.5665662,IDP-ESM2-8M,93,288,0.006764531135559082,0.01616191864013672,0.0011549619245587728,0.012193948030471746,0.009569436711052592
Q2Z0R7,2.2827625274658203,5.412987232208252,0.5219051205053967,0.4042738080024719,0.6169741292873144,2.2167783,5.256089,0.53237146,0.4188842,0.5850857,IDP-ESM2-8M,93,288,0.06598424911499023,0.15689802169799805,0.01046634088605225,0.014610379934310913,0.03188843926579954
Q30BN4,5.004826545715332,12.27113437652588,0.5421066717148084,0.4030427038669586,0.5883899214741765,4.5735755,10.883412,0.53503656,0.40895584,0.61309314,IDP-ESM2-8M,93,288,0.43125104904174805,1.3877220153808612,0.0070701078415174035,0.005913138389587402,0.02470321626691241
Q33CR5,2.752192974090576,6.413617134094238,0.5180745131137446,0.3981913626194,0.597870249080704,2.8571863,6.6670547,0.5133453,0.40060392,0.6208786,IDP-ESM2-8M,93,288,0.10499334335327148,0.25343751907348633,0.004729211962469004,0.002412557601928711,0.023008328151656876
Q33CS0,2.6776044368743896,6.062744140625,0.4819491707030263,0.3738977909088135,0.6667693637974167,2.8152628,6.591496,0.5161917,0.40202042,0.61287725,IDP-ESM2-8M,93,288,0.13765835762023926,0.5287518501281738,0.03424255025949813,0.028122633695602417,0.05389211407970429
Q33CS7,2.6585373878479004,6.152198314666748,0.4946981042297451,0.3637852370738983,0.6315382511812038,2.8504777,6.673804,0.51529896,0.40186143,0.6142902,IDP-ESM2-8M,93,288,0.1919403076171875,0.5216054916381836,0.02060085836333353,0.038076192140579224,0.017248073359090732
Q33CU7,2.4282548427581787,5.736710071563721,0.5329556438942449,0.4257219731807709,0.558232001246288,2.3914611,5.650055,0.5231005,0.40679374,0.5911699,IDP-ESM2-8M,93,288,0.03679370880126953,0.0866551399230957,0.009855148555804938,0.018928229808807373,0.03293789249531964
Q33CV3,2.425745964050293,5.533102035522461,0.5128891964344271,0.4071964919567108,0.5991464469809635,2.433436,5.7238092,0.5203834,0.40618688,0.59998155,IDP-ESM2-8M,93,288,0.007689952850341797,0.19070720672607422,0.007494221171926663,0.001009613275527954,0.0008350994210140072
Q33CV7,2.4103291034698486,5.58303165435791,0.5123706180771781,0.4000214338302612,0.596733624058706,2.418152,5.715188,0.52329725,0.4071698,0.5885107,IDP-ESM2-8M,93,288,0.007822990417480469,0.1321563720703125,0.010926632193665409,0.0071483552455902655,0.008222931939107614
Q33CW2,2.400585174560547,5.541810512542725,0.4966924869051952,0.369513601064682,0.6290217598961708,2.5289888,5.9535995,0.52410024,0.40768954,0.59640867,IDP-ESM2-8M,93,288,0.1284036636352539,0.4117889404296875,0.027407757140062383,0.03817594051361084,0.03261309471596452
Q33CX7,2.68989634513855,6.253209114074707,0.504655927005747,0.3844709694385528,0.6146516307219304,2.7447479,6.445844,0.5180436,0.4023265,0.6020618,IDP-ESM2-8M,93,288,0.054851531982421875,0.19263505935668945,0.013387650665304007,0.017855525016784723,0.012589822612646961
Q33CX8,2.441046714782715,5.825901031494141,0.5277231042530149,0.4195312857627868,0.5716910376188393,2.3515537,5.568618,0.5278348,0.410356,0.58207095,IDP-ESM2-8M,93,288,0.0894930362701416,0.25728321075439453,0.00011166881064472722,0.009175300598144476,0.010379909074581084
Q33CZ4,2.440253257751465,5.564280986785889,0.5249676615612857,0.4279626607894897,0.5766000595953549,2.4025285,5.650206,0.51974386,0.4052822,0.595242,IDP-ESM2-8M,93,288,0.03772473335266113,0.08592510223388672,0.005223801793371896,0.022680461406707708,0.018641963872662703
Q33D00,2.4498183727264404,5.934471607208252,0.5341836575565971,0.4170078933238983,0.5607243672465587,2.459971,5.8035893,0.5213178,0.40587404,0.5930021,IDP-ESM2-8M,93,288,0.010152578353881836,0.13088226318359375,0.012865877538744352,0.011133849620819092,0.03227771367079968
Q33D03,2.686230182647705,6.1892499923706055,0.5050537474280923,0.3807781338691711,0.6133424525892666,2.8263283,6.6099706,0.5126111,0.4009787,0.6226098,IDP-ESM2-8M,93,288,0.14009809494018555,0.42072057723999023,0.007557343708840092,0.020200580358505305,0.009267341550595498
Q33D07,2.398792028427124,5.6619720458984375,0.503035810189632,0.3690359592437744,0.614847991641977,2.4318902,5.7328496,0.5237266,0.4077711,0.5911442,IDP-ESM2-8M,93,288,0.03309822082519531,0.0708775520324707,0.020690772337528696,0.038735151290893555,0.023703787502267537
Q33D14,2.686630249023437,6.244077682495117,0.5055302943048267,0.3882879018783569,0.6127961314052555,2.7903333,6.5557184,0.52168936,0.4056143,0.60458857,IDP-ESM2-8M,93,288,0.10370302200317427,0.31164073944091797,0.016159061068555913,0.017326384782791193,0.008207563194653655
Q33D20,2.4920787811279297,5.564093112945557,0.5263665073787115,0.4123718738555908,0.5882168928614527,2.5697303,6.0607934,0.5282432,0.41308197,0.59511083,IDP-ESM2-8M,93,288,0.0776515007019043,0.4967002868652344,0.0018766767109491544,0.0007100999355316162,0.00689394078341421
Q38506,1.670180320739746,4.016662120819092,0.5718444390901122,0.4647640883922577,0.5365021991404432,1.6905432,4.1526623,0.56851053,0.44335365,0.5171976,IDP-ESM2-8M,93,288,0.02036285400390625,0.1360001564025879,0.003333906710961787,0.021410435438156128,0.019304590192689264
Q38583,2.290595293045044,5.481020450592041,0.5621000699291221,0.4377716183662414,0.5854216647853099,2.2978404,5.610641,0.57572067,0.449908,0.55240154,IDP-ESM2-8M,93,288,0.007245063781738281,0.12962055206298828,0.0136205979099282,0.01213636994361883,0.03302012212173566
Q38HE4,2.2387807369232178,5.6030802726745605,0.530683921279707,0.3952499330043793,0.6194509006618664,2.3229716,5.3866744,0.54922986,0.45382744,0.61403507,IDP-ESM2-8M,93,288,0.08419084548950195,0.21640586853027344,0.01854593902607915,0.058577507734298706,0.005415830719392001
Q38I94,2.8328113555908203,6.922235012054443,0.5529823233474441,0.4374924898147583,0.5732570701668904,3.0827272,7.3168206,0.5402309,0.4169251,0.5966528,IDP-ESM2-8M,93,288,0.24991583824157715,0.39458560943603516,0.01275145310055692,0.020567387342453003,0.023395735638315873
Q38I97,2.700681209564209,6.467575550079346,0.5213905259362436,0.4080647528171539,0.6130687504213007,2.906896,6.8993115,0.5426198,0.41853902,0.58441466,IDP-ESM2-8M,93,288,0.20621490478515625,0.4317359924316406,0.021229298473241287,0.010474264621734675,0.028654089490667167
Q38IM8,2.645637273788452,6.399906158447266,0.5532677082193356,0.4305258989334106,0.5958876450143863,2.3445272,5.5001345,0.5496511,0.44497234,0.5949682,IDP-ESM2-8M,93,288,0.30111002922058105,0.8997716903686523,0.003616621888921756,0.014446437358856257,0.0009194452844668577
Q38IP7,2.658860206604004,6.598787784576416,0.5634038201637023,0.4266111850738525,0.5789566569591196,2.308439,5.4632225,0.5628623,0.4529311,0.5690375,IDP-ESM2-8M,93,288,0.3504211902618408,1.1355652809143066,0.0005415431327574494,0.02631992101669317,0.009919159915509956
Q3C1Z8,1.6074821949005127,4.030951976776123,0.6105205148636225,0.4988622963428497,0.5181834947091563,1.5628757,3.7156782,0.571775,0.4742189,0.5695674,IDP-ESM2-8M,93,288,0.04460644721984863,0.3152737617492676,0.038745495694768706,0.02464339137077326,0.051383887626506586
Q3C203,2.920626878738404,6.960524082183838,0.5175840402107957,0.3941307067871094,0.6063061200933917,3.1178794,7.325342,0.52780634,0.40995556,0.5997929,IDP-ESM2-8M,93,288,0.19725251197814853,0.36481809616088867,0.01022230143730607,0.015824854373931885,0.0065132223921282595
Q3HNZ7,2.2706665992736816,5.161172866821289,0.5011135168046404,0.4137777686119079,0.6471997193144262,2.2540019,5.3225884,0.5351363,0.4203608,0.5801545,IDP-ESM2-8M,93,288,0.016664743423461914,0.16141557693481445,0.0340227656393598,0.006583034992218073,0.06704524076446894
Q3HP08,2.261530876159668,5.121254920959473,0.5054239370732837,0.4176789820194244,0.6342341395002532,2.3134663,5.4627395,0.5347901,0.42071667,0.5807474,IDP-ESM2-8M,93,288,0.051935434341430664,0.34148454666137695,0.029366161593861073,0.0030376911163330633,0.05348671394407034
Q3HP10,2.236878156661988,5.0490803718566895,0.5049616989853134,0.3962668180465698,0.6253768996613676,2.3034413,5.4252543,0.5318275,0.4193959,0.5876055,IDP-ESM2-8M,93,288,0.06656312942504794,0.3761739730834961,0.02686581041791536,0.02312907576560974,0.03777142328197303
Q3HP12,2.2442445755004883,5.111520767211914,0.5201567226222731,0.4197818338871002,0.6002232032872415,2.2984495,5.4241886,0.53206414,0.41852227,0.58045477,IDP-ESM2-8M,93,288,0.05420494079589844,0.3126678466796875,0.011907417220713978,0.0012595653533935547,0.019768436536905853
Q3HWX5,2.6108078956604004,5.755483627319336,0.4921833474170909,0.3861285746097564,0.6523676140032537,2.582216,6.0525684,0.5126149,0.40062863,0.6113952,IDP-ESM2-8M,93,288,0.02859187126159668,0.2970848083496094,0.020431558417107087,0.01450005173683172,0.0409724337778814
Q3HWX7,2.6166131496429443,6.1783766746521,0.5421384781695014,0.4466495513916015,0.5605210351941353,2.3551717,5.537952,0.51874226,0.40490648,0.5918503,IDP-ESM2-8M,93,288,0.2614414691925049,0.6404247283935547,0.023396214852393293,0.0417430698871612,0.03132924556758343
Q3HWY0,2.636112928390503,6.051315307617188,0.4927303297538013,0.382711797952652,0.657188289068688,2.5799623,6.0422378,0.5152922,0.40306428,0.6110539,IDP-ESM2-8M,93,288,0.05615067481994629,0.009077548980713779,0.022561897514417673,0.020352482795715332,0.04613440503929955
Q3HWY5,2.851710557937622,6.800044059753418,0.5440454951875549,0.4335700273513794,0.5889414263992402,2.7545133,6.589124,0.5518133,0.43194506,0.561367,IDP-ESM2-8M,93,288,0.09719729423522949,0.21091985702514648,0.007767809236731038,0.001624971628189087,0.027574451091775587
Q3HWY6,2.6633691787719727,6.315231800079346,0.5193960877705629,0.4071153998374939,0.6021676166296605,2.5936716,6.068656,0.51124793,0.40045008,0.6172892,IDP-ESM2-8M,93,288,0.06969761848449707,0.24657583236694336,0.008148154859643708,0.006665319204330444,0.015121568894326365
Q3KSP3,3.0028076171875,7.335517406463623,0.5708783294587365,0.4395885467529297,0.5345522948625845,3.2354,7.7849073,0.5729048,0.44385695,0.52310854,IDP-ESM2-8M,93,288,0.23259234428405762,0.4493899345397949,0.002026495751834778,0.0042684078216552734,0.011443752897099868
Q3LUB4,2.7574243545532227,6.680475234985352,0.5426622142531585,0.4186776280403137,0.5729787319839931,2.550172,6.0105495,0.51934624,0.40550232,0.6029787,IDP-ESM2-8M,93,288,0.20725226402282715,0.6699256896972656,0.02331597707054134,0.01317530870437622,0.02999997437587021
Q3LUB6,2.787331342697144,6.465935707092285,0.518459183115815,0.4132144153118133,0.6323840014394735,2.927677,6.979498,0.5458918,0.42562613,0.5729091,IDP-ESM2-8M,93,288,0.14034557342529252,0.5135622024536133,0.027432638268614973,0.012411713600158747,0.05947488469447837
Q3LWP3,3.2962722778320312,7.978897094726562,0.5268701809763668,0.3976972103118896,0.5914897351405886,3.3094862,7.745945,0.5122137,0.4009076,0.6454704,IDP-ESM2-8M,93,288,0.013213872909545898,0.232952117919921,0.014656474006151998,0.0032103955745697577,0.0539806456424925
Q3S669,2.916843175888061,6.848441123962402,0.5202730241033374,0.4020816683769226,0.6084865013890167,2.8118947,6.5645447,0.52095664,0.41139776,0.6203809,IDP-ESM2-8M,93,288,0.10494852066039995,0.28389644622802734,0.0006836113718212689,0.009316086769104004,0.011894377059469607
Q3T244,1.7911977767944336,4.024462699890137,0.4991350033825116,0.4001689851284027,0.6282960559168171,1.8842663,4.468972,0.5345349,0.4232853,0.58493114,IDP-ESM2-8M,93,288,0.09306848049163818,0.44450950622558594,0.03539986819570495,0.023116320371627808,0.04336492073920484
Q3T364,1.9163451194763184,4.4827752113342285,0.5195614548406219,0.4140323996543884,0.5989613821795556,1.8415605,4.337888,0.52920467,0.4225672,0.58973396,IDP-ESM2-8M,93,288,0.07478463649749756,0.14488744735717773,0.009643211773910587,0.008534789085388184,0.009227423935231904
Q3T393,1.9579269886016848,4.755491733551025,0.541850905412005,0.4143588244915008,0.5718923931161332,1.9119459,4.4821672,0.52102834,0.4159022,0.60169345,IDP-ESM2-8M,93,288,0.04598104953765891,0.27332448959350586,0.020822565549181493,0.0015433728694916327,0.029801058288438376
Q3T5T1,2.1199769973754883,4.984435558319092,0.5421392359756801,0.4243241846561432,0.5941307504026818,2.0434012,4.8299336,0.5401108,0.42604703,0.5796871,IDP-ESM2-8M,93,288,0.07657575607299805,0.15450191497802734,0.0020284094833705746,0.0017228424549102783,0.01444363187240838
Q3T5T2,2.1734654903411865,5.106971263885498,0.5304182096603279,0.4154171645641327,0.6023381953241708,2.1488845,5.092569,0.53970325,0.4243338,0.57831156,IDP-ESM2-8M,93,288,0.024580955505371094,0.014402389526367188,0.009285040271007516,0.008916646242141724,0.024026632786023794
Q3T5T4,2.110351800918579,5.044832706451416,0.5660483905847025,0.440044105052948,0.5484340286424303,2.0177667,4.8229346,0.55112267,0.43281308,0.5624028,IDP-ESM2-8M,93,288,0.09258508682250977,0.22189807891845703,0.014925725179429028,0.007231026887893677,0.013968756181941044
Q3T5T7,2.039208173751831,4.791928768157959,0.5270266148818471,0.4017303884029388,0.59901650018084,2.138905,5.0465107,0.5395872,0.42617846,0.57925224,IDP-ESM2-8M,93,288,0.09969687461853027,0.25458192825317383,0.012560584806110664,0.024448066949844416,0.019764257138847774
Q3T5U3,2.053896188735962,4.796952247619629,0.5538384856396285,0.4506181478500366,0.5718944137186341,2.0111063,4.773257,0.5444702,0.42888957,0.568074,IDP-ESM2-8M,93,288,0.04278993606567383,0.02369546890258789,0.009368294637736363,0.021728575229644775,0.003820425757818713
Q3T5U9,2.014276027679444,4.7773261070251465,0.5679359997933868,0.4659870266914367,0.5487397134851455,2.0013065,4.762126,0.54993886,0.43296224,0.5599465,IDP-ESM2-8M,93,288,0.012969493865967241,0.015200138092041016,0.01799714223799742,0.033024787902831976,0.011206763928031993
Q3T5V2,1.9569075107574463,4.6727824211120605,0.5488948364208263,0.4318298995494842,0.5795528110716909,1.8298898,4.3601203,0.5525744,0.43719977,0.56092715,IDP-ESM2-8M,93,288,0.12701773643493652,0.31266212463378906,0.0036795597125965918,0.00536987185478216,0.018625658438023884
Q3T5V7,1.9406819343566888,4.632265567779541,0.5602467882812778,0.4377685785293579,0.554540510259176,1.8611156,4.4276886,0.5478545,0.43416855,0.56568176,IDP-ESM2-8M,93,288,0.07956635951995783,0.20457696914672852,0.012392305153683836,0.0036000311374664307,0.011141245283579182
Q3V5E4,1.863231182098389,4.332460880279541,0.5600469718476393,0.4500145316123962,0.5678396230275051,1.86304,4.6256385,0.60400856,0.47689778,0.48419315,IDP-ESM2-8M,93,288,0.00019121170043967517,0.29317760467529297,0.043961583564653184,0.026883244514465388,0.08364647679871484
Q3YB07,1.5286288261413574,3.6548171043396,0.5095531490251805,0.3976627290248871,0.6004826548318977,1.5758125,3.7450023,0.535173,0.4248731,0.5723729,IDP-ESM2-8M,93,288,0.04718363285064697,0.090185165405273,0.025619849880001433,0.027210384607315063,0.028109741471301963
Q3YJX6,2.383793354034424,5.312115669250488,0.4935195166070327,0.3823252022266388,0.6690237260548283,2.2538896,5.21991,0.5083174,0.40912107,0.65392584,IDP-ESM2-8M,93,288,0.12990379333496094,0.09220552444458008,0.01479789433885964,0.02679586410522461,0.0150978899685551
Q3YJY1,1.9190253019332888,4.517824172973633,0.5343797627271375,0.4094707369804382,0.5801798926103812,1.860866,4.4378567,0.5401731,0.4245227,0.5701677,IDP-ESM2-8M,93,288,0.058159351348877175,0.07996749877929688,0.005793350618962356,0.01505196094512945,0.010012172292540589
Q3YPN7,2.106584548950196,4.798910617828369,0.5136611049284981,0.419973075389862,0.6317634742574351,1.9901901,4.7199545,0.5343693,0.4206884,0.591176,IDP-ESM2-8M,93,288,0.11639440059661954,0.07895612716674805,0.02070818494653237,0.0007153153419495184,0.04058750084206031
Q45KG1,2.659728765487671,6.301544189453125,0.5233702243093851,0.3976008594036102,0.5857785197420744,2.8567111,6.6806574,0.5153408,0.4011905,0.6110235,IDP-ESM2-8M,93,288,0.19698238372802734,0.37911319732666016,0.00802941925567413,0.0035896301269531805,0.02524496591847858
Q461X8,3.6277105808258057,8.971648216247559,0.640678254330043,0.5106531381607056,0.5002425882964637,3.7073717,9.121487,0.6362098,0.4969175,0.48448947,IDP-ESM2-8M,93,288,0.07966113090515137,0.14983844757080078,0.004468468391780056,0.013735651969909668,0.015753117576172593
Q4A2Y9,3.719846248626709,8.63490104675293,0.5695162661262868,0.4547139704227447,0.6071688693558712,3.6820881,8.840563,0.5660512,0.43922108,0.5904602,IDP-ESM2-8M,93,288,0.03775811195373535,0.20566177368164062,0.0034650809952138095,0.015492886304855291,0.01670868811960413
Q4GZW3,1.5893793106079102,3.503493070602417,0.4545866801365663,0.390726089477539,0.6874864417824024,1.8253169,4.310024,0.5285183,0.41656348,0.5785267,IDP-ESM2-8M,93,288,0.23593759536743164,0.8065307140350342,0.07393163899337757,0.025837391614913996,0.10895976608126101
Q4KPD1,2.328916549682617,5.614682197570801,0.5513094087916212,0.4209089577198028,0.5520028337463407,2.2538364,5.347956,0.5366922,0.42718378,0.59359634,IDP-ESM2-8M,93,288,0.07508015632629395,0.266726016998291,0.014617206700404117,0.006274819374084528,0.041593505479428305
Q4KPE0,2.033923864364624,4.8925628662109375,0.528933348543042,0.4156490564346313,0.575738926509015,1.8899239,4.4911785,0.52941847,0.41438884,0.57419527,IDP-ESM2-8M,93,288,0.14399993419647217,0.4013843536376953,0.00048511993229982675,0.0012602210044860285,0.0015436607390565404
Q4KPI4,2.478883743286133,5.490705490112305,0.4756471642709565,0.3836076855659485,0.6634727512328142,2.495673,5.850045,0.5124824,0.40222245,0.608516,IDP-ESM2-8M,93,288,0.01678919792175293,0.35933971405029297,0.036835240437905814,0.018614768981933594,0.05495677337331717
Q4KPI5,1.8931071758270264,4.423498630523682,0.5294878146290178,0.4161305129528045,0.5732910495515167,1.9878061,4.7129545,0.5249744,0.4154524,0.58742064,IDP-ESM2-8M,93,288,0.09469890594482422,0.2894558906555176,0.004513408863484392,0.0006781220436095636,0.014129592824429382
Q4KS53,1.6326377391815186,3.493183851242065,0.4322695904229408,0.3635681271553039,0.7050264358200728,1.6688305,3.911625,0.51309127,0.40992644,0.59999317,IDP-ESM2-8M,93,288,0.03619277477264404,0.41844105720520064,0.08082167573230215,0.04635831713676458,0.10503326651236411
Q4KSY7,3.432684421539306,8.499338150024414,0.6388652589980229,0.5001248717308044,0.5174676316041991,3.5280151,8.721812,0.65609974,0.5132349,0.46283695,IDP-ESM2-8M,93,288,0.0953307151794438,0.2224740982055664,0.017234477692498307,0.013110041618347168,0.0546306805868193
Q4PKB7,2.580422878265381,6.158121109008789,0.5498080293978718,0.4064758419990539,0.5848405877574283,2.7319214,6.4396253,0.53044647,0.41746974,0.6057659,IDP-ESM2-8M,93,288,0.15149855613708496,0.28150415420532227,0.019361559614088808,0.01099389791488653,0.020925291396777013
Q4PRW0,1.555249810218811,3.782589673995972,0.5694416378166539,0.4403041899204254,0.5284313611139875,1.6512716,3.9470108,0.55269593,0.43975616,0.5523038,IDP-ESM2-8M,93,288,0.09602177143096924,0.1644210815429683,0.01674570781253404,0.0005480349063873291,0.023872429932155104
Q4QTS8,1.5913434028625488,4.015652179718018,0.6300324899801244,0.5007479190826416,0.4874597799395154,1.7823293,4.2862196,0.6052271,0.4907702,0.49547282,IDP-ESM2-8M,93,288,0.19098591804504395,0.2705674171447754,0.024805377210043833,0.009977728128433228,0.008013038673536976
Q4QVU0,1.9035955667495728,4.492417335510254,0.5465691394638462,0.4410203993320465,0.5661412318422931,1.9535317,4.63403,0.534995,0.42297602,0.57604015,IDP-ESM2-8M,93,288,0.04993617534637451,0.14161252975463867,0.011574120027963652,0.018044382333755493,0.00989891689275324
Q4QW70,1.826703786849976,4.174728870391846,0.5357730845628653,0.4328934550285339,0.5825086934984395,1.7964396,4.2849083,0.5412913,0.42933208,0.5664685,IDP-ESM2-8M,93,288,0.030264139175415483,0.11017942428588867,0.005518211919220861,0.0035613775253295343,0.01604021624929397
Q4QW80,1.7655386924743652,4.170338153839111,0.5272818460841877,0.4064872860908508,0.5763007386243598,1.731902,4.128751,0.53948677,0.427075,0.5659575,IDP-ESM2-8M,93,288,0.03363668918609619,0.04158735275268555,0.01220491977732352,0.020587712526321467,0.010343251994873737
Q4U2B4,1.7914272546768188,4.208616256713867,0.5314946210089111,0.4146729707717895,0.5941716478625362,1.7377179,4.1564655,0.5534229,0.44118622,0.5668414,IDP-ESM2-8M,93,288,0.05370938777923584,0.052150726318359375,0.021928306847534218,0.02651324868202215,0.02733022435103105
Q4W600,3.422643184661865,7.635264873504639,0.4730419251843426,0.3778532743453979,0.7002959174917435,3.5927308,8.440581,0.5205941,0.40427855,0.60730845,IDP-ESM2-8M,93,288,0.17008757591247603,0.8053164482116699,0.04755219484129214,0.026425272226333674,0.09298747013075104
Q4Z9E7,2.1824169158935547,5.434616088867188,0.5784017574728119,0.4407569169998169,0.5636483685965377,2.0029268,4.744898,0.5544182,0.44581524,0.6002335,IDP-ESM2-8M,93,288,0.1794900894165039,0.6897182464599618,0.023983551257907076,0.005058318376541138,0.03658512663890545
Q4ZA14,2.040687799453736,4.854115962982178,0.5851530589968428,0.464460551738739,0.5556934792788589,1.9143224,4.60149,0.5631349,0.45119232,0.5801622,IDP-ESM2-8M,93,288,0.1263654232025151,0.2526259422302246,0.022018150320695318,0.013268232345581055,0.02446874787491915
Q507B8,1.7677984237670898,4.068112850189209,0.5135486448191993,0.4135179221630096,0.6082491101315193,1.834306,4.284049,0.51581544,0.4133982,0.608579,IDP-ESM2-8M,93,288,0.06650757789611816,0.21593618392944336,0.0022667920208581105,0.00011971592903131656,0.000329869837505381
Q507D5,1.7907710075378418,4.208621978759766,0.5236904354074791,0.3952561914920807,0.6002867619861233,1.9165621,4.57733,0.54206663,0.42796162,0.56835616,IDP-ESM2-8M,93,288,0.12579107284545898,0.36870813369750977,0.018376198293845403,0.03270542621612549,0.03193060563694117
Q50G65,3.44480037689209,8.331708908081055,0.5460468904668914,0.4353354573249817,0.6221430403180687,3.416352,8.1406765,0.5408166,0.42074606,0.6112948,IDP-ESM2-8M,93,288,0.02844834327697754,0.19103240966796875,0.005230285375796395,0.014589399099349976,0.010848234314498106
Q50GB0,3.237789869308472,7.672036170959473,0.5052204644444256,0.3896755874156952,0.6944837261021365,2.9183218,6.8045917,0.5065278,0.40441087,0.67519915,IDP-ESM2-8M,93,288,0.3194680213928227,0.8674445152282715,0.0013073170420856428,0.014735281467437744,0.019284575063012954
Q50GB8,3.1282432079315186,7.403921127319336,0.5018639613557757,0.3826819956302643,0.6792075900710074,3.1228943,7.2912073,0.5074826,0.4025953,0.66893554,IDP-ESM2-8M,93,288,0.005348920822143555,0.11271381378173828,0.005618626935392501,0.019913315773010254,0.010272052732750558
Q50GC3,3.299976587295532,7.813308715820312,0.5401648487331884,0.4208950102329254,0.6190789457608058,3.0930846,7.2528896,0.51488286,0.40671378,0.6535541,IDP-ESM2-8M,93,288,0.20689201354980424,0.5604190826416007,0.025281986165286763,0.0141812264919281,0.03447513615600328
Q50GD5,3.3056228160858154,7.82453727722168,0.514945611170803,0.4166633188724518,0.6819961250064748,3.1192017,7.2956905,0.5109441,0.40612975,0.6685878,IDP-ESM2-8M,93,288,0.18642115592956543,0.5288467407226562,0.004001483134303929,0.010533571243286133,0.013408321165837567
Q52PR2,1.5305708646774292,3.622301340103149,0.5536178055406713,0.4522707462310791,0.5529900923777351,1.4167119,3.5059586,0.5718134,0.45307213,0.52598286,IDP-ESM2-8M,93,288,0.11385893821716309,0.11634278297424272,0.018195599019417807,0.000801384449005127,0.02700723562724683
Q52PS8,1.729702353477478,4.127800941467285,0.5853691204287962,0.4827150106430053,0.5180394108763784,1.7556584,4.319907,0.5733585,0.44946644,0.51330817,IDP-ESM2-8M,93,288,0.025956034660339355,0.1921062469482422,0.012010644266839399,0.03324857354164118,0.004731243418797826
Q52RQ4,1.861993432044983,4.3644208908081055,0.5314104030219885,0.4234375655651092,0.5877940380575359,1.8072281,4.4321423,0.56656307,0.44036365,0.52555007,IDP-ESM2-8M,93,288,0.05476534366607666,0.06772136688232422,0.035152666798415555,0.01692607998847967,0.06224397063276177
Q52RR1,1.8985363245010376,4.535317897796631,0.5508135093311459,0.426593005657196,0.5590967668914505,1.8325092,4.444309,0.55854404,0.43572322,0.5377326,IDP-ESM2-8M,93,288,0.06602716445922852,0.09100866317749023,0.007730530395111401,0.009130209684372004,0.021364165725679007
Q52RR8,1.919399738311768,4.608757019042969,0.5652038554312758,0.4446736872196197,0.5401376371825225,1.7949047,4.323595,0.5505729,0.43199223,0.55270237,IDP-ESM2-8M,93,288,0.12449502944946333,0.28516197204589844,0.014630983269410591,0.012681454420089666,0.012564730123233114
Q52RS0,1.8589999675750728,4.349423885345459,0.5258302551358894,0.424555629491806,0.5889278483225167,1.7607929,4.2485943,0.5533205,0.43375438,0.5426481,IDP-ESM2-8M,93,288,0.09820711612701372,0.1008296012878418,0.027490271940831756,0.009198755025863703,0.04627977131140826
Q52RS2,1.929828643798828,4.715944766998291,0.568495515402927,0.4526238143444061,0.5382731693594921,1.7978997,4.364099,0.55920094,0.43717048,0.5353989,IDP-ESM2-8M,93,288,0.1319289207458494,0.35184574127197266,0.009294572886600072,0.01545333862304682,0.0028742688506114833
Q52RT5,1.8639110326766968,4.414573192596436,0.5554044573968338,0.4435195922851562,0.5610891462948353,1.6631174,4.0802994,0.57373965,0.44989204,0.5219004,IDP-ESM2-8M,93,288,0.20079362392425537,0.3342738151550302,0.01833519046846166,0.006372451782226618,0.03918873087430308
Q52RT9,1.9358973503112795,4.631004810333252,0.5610641948179491,0.4436973333358764,0.5593748831942467,1.7995934,4.396666,0.56415635,0.43942347,0.5330445,IDP-ESM2-8M,93,288,0.1363039016723635,0.23433876037597656,0.0030921586557142167,0.004273861646652166,0.026330366153993978
Q52RW0,1.802576303482056,4.139828681945801,0.5394051187048045,0.4163269698619842,0.5773153026242865,1.7066721,4.096496,0.5497434,0.43493116,0.5629423,IDP-ESM2-8M,93,288,0.09590423107147261,0.043332576751708984,0.010338295220366445,0.018604189157486017,0.014372976555408368
Q52S07,1.8827710151672363,4.442487239837647,0.5737668755703522,0.4696559906005859,0.5438602252064797,1.7883093,4.367205,0.569517,0.44551894,0.5264476,IDP-ESM2-8M,93,288,0.09446167945861816,0.07528209686279386,0.004249859159524583,0.024137049913406317,0.017412631040677695
Q53AF0,1.6959786415100098,3.9640839099884033,0.5227441767180293,0.4296347796916961,0.5905085313313526,1.6218401,3.901133,0.545375,0.42906442,0.55628484,IDP-ESM2-8M,93,288,0.07413852214813232,0.06295084953308105,0.022630812791553212,0.0005703568458556574,0.03422368645601692
Q53AG3,1.6993762254714966,3.8869199752807617,0.5186158549238616,0.4222728610038757,0.5989839131493448,1.8358511,4.4073133,0.5462655,0.4275119,0.5587735,IDP-ESM2-8M,93,288,0.1364748477935791,0.5203933715820312,0.027649627978665214,0.005239039659500178,0.04021039554070227
Q53CQ0,3.4719457626342773,8.445036888122559,0.5441362482639336,0.4179808497428894,0.5680096586020983,3.5144224,8.352132,0.55227107,0.43116114,0.5813363,IDP-ESM2-8M,93,288,0.042476654052734375,0.09290504455566406,0.008134819832227302,0.013180285692214966,0.013326660844465432
Q53Z31,2.401790142059326,5.748946666717529,0.5645528101733891,0.4459576308727264,0.5494723075511412,2.3375716,5.4734344,0.5187331,0.4133602,0.61547834,IDP-ESM2-8M,93,288,0.06421852111816406,0.2755122184753418,0.04581972597157635,0.032597422599792425,0.06600602925992449
Q56BB1,1.923083662986756,4.499536037445068,0.5710493570496468,0.4600448608398437,0.5599287944767303,1.8310361,4.3996997,0.55503386,0.43970352,0.5719836,IDP-ESM2-8M,93,288,0.09204757213592596,0.09983634948730469,0.01601549445885697,0.02034133672714228,0.012054781344192578
Q56EV1,1.550136923789978,3.714342355728149,0.5441702599911009,0.4296128749847412,0.585036951193993,1.4683694,3.5820262,0.58014685,0.466295,0.5262986,IDP-ESM2-8M,93,288,0.08176755905151367,0.1323161125183101,0.03597658916432511,0.03668212890625,0.05873836864012949
Q56II6,3.527783155441284,8.670488357543945,0.5251416134351928,0.4124700427055359,0.628260819679541,3.6749048,8.543279,0.51490265,0.4108905,0.6680088,IDP-ESM2-8M,93,288,0.14712166786193848,0.12720966339111328,0.010238962125225792,0.0015795528888702393,0.03974798464174811
Q58I31,1.908209204673767,4.668348789215088,0.5408122722750786,0.4065602123737335,0.5303438500494476,2.0592937,4.8606877,0.5210897,0.40875024,0.58505917,IDP-ESM2-8M,93,288,0.1510845422744751,0.1923389434814453,0.01972259923278119,0.00219002366065979,0.054715315905142226
Q58LM3,1.9712008237838743,4.785504341125488,0.5790543984073278,0.4574166238307953,0.5526943986160033,1.7819908,4.346203,0.57584983,0.4568955,0.5445518,IDP-ESM2-8M,93,288,0.18921005725860573,0.4393014907836914,0.0032045673030491884,0.0005211234092712402,0.008142608855413735
Q58MF1,2.670222520828247,6.106895923614502,0.4858593443039372,0.3928515613079071,0.6597757416566056,2.5941057,6.136137,0.53056586,0.41762093,0.59670556,IDP-ESM2-8M,93,288,0.07611680030822754,0.029241085052490234,0.04470651358333089,0.024769365787506104,0.06307018574077305
Q58N36,2.8625576496124268,6.759854316711426,0.5428284594455655,0.4268843829631805,0.5983486387359578,2.6986785,6.431058,0.5419725,0.42168692,0.59063625,IDP-ESM2-8M,93,288,0.1638791561126709,0.32879638671875,0.0008559414783413377,0.005197465419769232,0.007712385379024189
Q58NB9,1.686084866523743,4.126909255981445,0.5568914154284923,0.4359321594238281,0.5558006018152445,1.6403332,3.908458,0.54284686,0.43274546,0.57004166,IDP-ESM2-8M,93,288,0.04575169086456321,0.21845126152038574,0.014044556927057972,0.0031867027282714844,0.014241054678896137
Q58P45,3.0281763076782227,7.144854545593262,0.5284669216704755,0.4045755267143249,0.6192072847700933,3.0879016,7.309601,0.5310286,0.412409,0.6103325,IDP-ESM2-8M,93,288,0.059725284576416016,0.16474628448486328,0.0025617066788287124,0.007833480834960993,0.008874795756421472
Q58P48,2.5879061222076416,5.943404674530029,0.5134461284313079,0.3977850675582886,0.6384471723218386,2.8597355,6.791028,0.5432831,0.42350775,0.59358704,IDP-ESM2-8M,93,288,0.27182936668395996,0.847623348236084,0.02983697646523753,0.0257226824760437,0.04486013142065448
Q596I4,3.299100399017334,7.837045192718506,0.5221149694719845,0.3945232331752777,0.6517806577499852,3.249644,7.7271996,0.53542334,0.41697448,0.61621,IDP-ESM2-8M,93,288,0.04945635795593262,0.10984563827514648,0.013308368941253979,0.022451251745224,0.03557067392430158
Q596I6,3.2702386379241943,8.053754806518555,0.5438093681686776,0.4171809256076813,0.619807771579867,3.1869206,7.610159,0.5425373,0.42183003,0.6052941,IDP-ESM2-8M,93,288,0.08331799507141113,0.44359588623046875,0.0012720961922066953,0.004649102687835693,0.01451366318905889
Q5BND6,2.720562696456909,6.503086566925049,0.5335280771417364,0.4149758219718933,0.6096846765457478,2.6740785,6.291483,0.52669376,0.41617262,0.62774765,IDP-ESM2-8M,93,288,0.04648423194885254,0.21160364151000977,0.00683431579301208,0.0011968016624450684,0.018062978369108196
Q5DKQ8,3.324183464050293,7.863261699676514,0.4948292055899956,0.389658123254776,0.6341355359211698,3.8089976,8.971253,0.52244085,0.405652,0.6177647,IDP-ESM2-8M,93,288,0.4848141670227051,1.1079916954040527,0.02761164514471509,0.015993863344192505,0.016370824541164897
Q5DRF7,3.076700210571289,7.439675807952881,0.557793353046012,0.4305523931980133,0.5721776179819754,2.721177,6.4707003,0.53106487,0.41243583,0.59880453,IDP-ESM2-8M,93,288,0.35552310943603516,0.9689755439758301,0.026728485072684327,0.01811656355857849,0.026626915499622483
Q5EM22,2.684523344039917,5.610521793365479,0.4132749621703045,0.3232689797878265,0.7500373299498605,3.9172034,9.06719,0.52347857,0.4162149,0.66238433,IDP-ESM2-8M,93,288,1.232680082321167,3.4566683769226065,0.11020360542994573,0.09294593334198004,0.08765299872351162
Q5EWN0,2.374598264694214,5.599063873291016,0.517064436008847,0.3992294371128082,0.6143726764149922,2.3534417,5.5567226,0.5270073,0.41282323,0.59472364,IDP-ESM2-8M,93,288,0.02115654945373535,0.04234123229980469,0.009942845771395925,0.013593792915344238,0.019649034542586152
Q5EWN1,2.362752914428711,5.402267932891846,0.5109017208811979,0.417553037405014,0.6187765766437717,2.2602637,5.3184304,0.5241851,0.41213873,0.59523296,IDP-ESM2-8M,93,288,0.10248923301696777,0.08383750915527344,0.013283400178219829,0.005414307117462103,0.023543613081760006
Q5FXX2,2.0861401557922363,4.7807464599609375,0.5094780659430886,0.4063389897346496,0.6179045118092872,2.0935044,4.9095383,0.52716917,0.41708726,0.59139013,IDP-ESM2-8M,93,288,0.0073642730712890625,0.12879180908203125,0.017691102052364238,0.010748267173767145,0.026514378905234448
Q5G246,1.882405400276184,4.52691650390625,0.5494626574034231,0.4297519028186798,0.5487939108771245,1.9322729,4.619525,0.54195225,0.42335328,0.5548384,IDP-ESM2-8M,93,288,0.04986751079559326,0.09260845184326172,0.007510405015422661,0.006398618221282959,0.006044508083446809
Q5G5L6,1.9499279260635376,4.693095207214356,0.5609519621811987,0.4395295977592468,0.556758495448631,1.8425643,4.411252,0.5519226,0.43536597,0.55932355,IDP-ESM2-8M,93,288,0.10736358165740967,0.2818431854248056,0.009029342838394738,0.004163622856140137,0.002565053821998897
Q5G5M1,1.8794512748718264,4.47142505645752,0.5268920679176078,0.4299846589565277,0.5934299308064778,1.8334978,4.3625097,0.5486961,0.43560964,0.56517106,IDP-ESM2-8M,93,288,0.04595351219177268,0.10891532897949308,0.021804032794214723,0.005624979734420776,0.028258867860158188
Q5G5N5,1.8894003629684448,4.635485649108887,0.5612692725788075,0.43549644947052,0.5454438073774469,1.8164016,4.3041635,0.54250026,0.4323795,0.5733525,IDP-ESM2-8M,93,288,0.0729987621307373,0.33132219314575195,0.018769015086742113,0.0031169354915618896,0.027908708320032338
Q5G5P3,1.9669383764266968,4.784369468688965,0.569670801646763,0.4542483985424042,0.5464158698098756,1.8955263,4.5162797,0.54858834,0.43460408,0.56305104,IDP-ESM2-8M,93,288,0.0714120864868164,0.26808977127075195,0.021082466132694377,0.019644320011138916,0.016635175131072932
Q5G5R6,1.921505570411682,4.609035968780518,0.5638714178238533,0.4456008970737457,0.5496177513886793,1.8074167,4.326696,0.554604,0.43943447,0.55585474,IDP-ESM2-8M,93,288,0.11408889293670632,0.28234004974365234,0.009267423931183627,0.006166428327560425,0.006236986369957176
Q5G5T2,1.9132506847381592,4.498199939727783,0.5560350917649853,0.452099084854126,0.5603823592326177,1.8518273,4.4151115,0.54775524,0.43298584,0.5600952,IDP-ESM2-8M,93,288,0.061423420906066895,0.08308839797973633,0.008279850370942365,0.019113242626190186,0.0002871682307256096
Q5GQU4,2.033834457397461,5.104779243469238,0.6021747710305749,0.4716444313526153,0.519307095685486,1.9688797,4.8406353,0.58047765,0.45470285,0.5300833,IDP-ESM2-8M,93,288,0.06495475769042969,0.2641439437866211,0.021697116096645486,0.01694157719612116,0.01077620299768045
Q5I4I5,2.291156530380249,5.389146327972412,0.564638052005897,0.4420172572135925,0.5479899170428395,2.2138124,5.295437,0.56509346,0.4466315,0.5505339,IDP-ESM2-8M,93,288,0.07734417915344238,0.09370946884155273,0.000455405692925015,0.004614233970642145,0.002543973681342626
Q5J596,1.65376079082489,4.07420539855957,0.5837582672734937,0.4606442153453827,0.514411072764436,1.571081,3.7747414,0.545201,0.4323494,0.5602805,IDP-ESM2-8M,93,288,0.08267974853515603,0.29946398735046387,0.038557263722010515,0.028294801712036133,0.045869429078062796
Q5J5A1,1.584458351135254,3.887744426727295,0.5612658233019812,0.4431024491786957,0.5320739886843151,1.694037,4.1346054,0.5710105,0.4505371,0.51939327,IDP-ESM2-8M,93,288,0.10957860946655273,0.24686098098754883,0.009744647088338665,0.007434636354446411,0.012680723436970132
Q5J5A3,1.6017367839813232,3.8926496505737305,0.5537794151436485,0.4361048638820648,0.5495451856386196,1.7750413,4.266356,0.5497795,0.43394083,0.5556211,IDP-ESM2-8M,93,288,0.17330455780029297,0.3737063407897949,0.003999940408388469,0.0021640360355377197,0.006075901912497295
Q5J5A8,1.6094598770141602,3.9093847274780273,0.567642834286361,0.4526602923870086,0.531795546320443,1.6868145,4.08757,0.5582971,0.43960357,0.5377194,IDP-ESM2-8M,93,288,0.07735466957092285,0.17818546295166016,0.009345736603408095,0.013056725263595526,0.00592388221883311
Q5L446,3.0442686080932617,7.277668476104736,0.5468267931123518,0.4203929901123047,0.5834569070662117,3.1874194,7.482754,0.52364,0.4125719,0.6358417,IDP-ESM2-8M,93,288,0.14315080642700195,0.20508575439453125,0.023186816134049826,0.007821083068847656,0.05238482019056323
Q5MIE7,1.6435028314590454,3.8831627368927,0.5870121445272306,0.5011969804763794,0.5325395313296067,1.651289,4.002145,0.56596607,0.4552321,0.53114444,IDP-ESM2-8M,93,288,0.007786154747009277,0.11898207664489746,0.021046074828896866,0.04596486687660217,0.001395091155503958
Q5QF78,2.631577491760254,6.178955078125,0.5966530097253679,0.4940981268882751,0.5451461924853405,2.3495202,5.621637,0.5657223,0.45665458,0.5813645,IDP-ESM2-8M,93,288,0.2820572853088379,0.5573182106018066,0.030930723024165552,0.03744354844093317,0.03621831995820202
Q5UNW3,4.311804294586182,9.602710723876951,0.414782955284823,0.3290220201015472,0.852028985706699,4.100629,9.470645,0.47979975,0.37891054,0.69094056,IDP-ESM2-8M,93,288,0.21117544174194336,0.13206577301025213,0.06501679218221801,0.04988852143287664,0.16108842679632918
Q5UQA4,4.212326049804688,9.72321891784668,0.4143320200403111,0.3433122336864471,0.8707023028805091,4.769103,10.808363,0.4432728,0.36977074,0.8377272,IDP-ESM2-8M,93,288,0.5567770004272452,1.08514404296875,0.028940779213152634,0.026458501815795954,0.032975113816483215
Q5UTC0,2.0729782581329346,4.965688705444336,0.5707784623345191,0.4571698904037475,0.5412948970015075,1.9768928,4.719059,0.5539851,0.43493754,0.5477726,IDP-ESM2-8M,93,288,0.09608542919158936,0.2466297149658203,0.016793343468552324,0.02223235368728632,0.0064776893441651495
Q5UTC9,1.8950999975204468,4.4206366539001465,0.5323557524833081,0.4201928079128265,0.5824324660817561,1.9589515,4.6597767,0.5440513,0.42753816,0.56065047,IDP-ESM2-8M,93,288,0.06385147571563721,0.23914003372192383,0.011695537075102513,0.0073453485965729315,0.02178199820913651
Q5UTE2,1.9701052904129028,4.445380210876465,0.5077958758054008,0.4085776209831238,0.6333797053821805,1.9208257,4.557703,0.5430621,0.42801076,0.57281494,IDP-ESM2-8M,93,288,0.04927957057952881,0.11232280731201172,0.03526621506831751,0.019433140754699707,0.06056476397593047
Q5UTE6,2.02629017829895,4.931582450866699,0.5726169412141431,0.4495616853237152,0.538812692472448,1.963772,4.657067,0.5434588,0.4312436,0.5742108,IDP-ESM2-8M,93,288,0.06251811981201172,0.27451562881469727,0.02915812182479982,0.018318086862564087,0.035398130109796866
Q5Y0N1,2.978156089782715,6.9281744956970215,0.5010263274868477,0.4061085879802704,0.6485101093490651,3.019646,7.1026154,0.5296831,0.41570035,0.61196095,IDP-ESM2-8M,93,288,0.04148983955383301,0.17444086074829102,0.02865678561129681,0.009591758251190186,0.036549161835484734
Q5YA80,1.7925066947937012,4.636887073516846,0.6199883442656541,0.4939155578613281,0.4946357404502821,1.8326118,4.6309557,0.6162506,0.48086408,0.48503354,IDP-ESM2-8M,93,288,0.04010510444641113,0.005931377410888672,0.003737769676878444,0.013051480054855347,0.009602198532481176
Q5YF20,2.0086584091186523,4.829397678375244,0.5306308623054288,0.4010698795318603,0.5719889399639683,2.0059762,4.797988,0.5393642,0.4205985,0.56624186,IDP-ESM2-8M,93,288,0.002682209014892578,0.03140974044799805,0.008733356406424253,0.01952862739562994,0.0057470795742587955
Q5YFF2,3.998335599899292,9.456369400024414,0.5004703897324119,0.3858807981014251,0.6170754799501856,3.2514856,7.6665916,0.5184395,0.40282,0.5996265,IDP-ESM2-8M,93,288,0.7468500137329102,1.7897777557373047,0.0179690819892373,0.016939193010330256,0.017448998417135098
Q5ZQY2,1.4544910192489624,3.456735610961914,0.5427397400400185,0.4358442723751068,0.5489649291679705,1.4852481,3.5771365,0.5512532,0.43549362,0.5424979,IDP-ESM2-8M,93,288,0.03075706958770752,0.12040090560913086,0.008513459537313084,0.00035065412521362305,0.006467055861696047
Q64921,2.721278190612793,6.51984453201294,0.5761227851114861,0.4643282294273376,0.5464105059089015,2.6885397,6.4661202,0.55575454,0.4351345,0.55886585,IDP-ESM2-8M,93,288,0.032738447189331055,0.053724288940430576,0.020368242760717026,0.02919372916221613,0.012455339294498158
Q64989,1.6552700996398926,3.837820529937744,0.5262213943544736,0.4167562127113342,0.5704533809203716,1.6327646,3.9444358,0.5541787,0.4370072,0.54234606,IDP-ESM2-8M,93,288,0.022505521774291992,0.10661530494689941,0.027957320397723695,0.020250976085662897,0.028107320644340072
Q65048,1.6639560461044312,3.947634220123291,0.5506810353781234,0.4381477832794189,0.5582615181159338,1.7652159,4.215869,0.5484381,0.4343574,0.5598328,IDP-ESM2-8M,93,288,0.10125982761383057,0.2682347297668457,0.002242963173533563,0.003790378570556585,0.00157129323965699
Q65541,2.0185751914978027,4.854928970336914,0.5581267835319248,0.4517140090465545,0.5474869940775022,1.8409494,4.432638,0.55736804,0.43549252,0.5439958,IDP-ESM2-8M,93,288,0.17762577533721924,0.4222908020019531,0.00075874344708593,0.016221493482589666,0.0034911964433774756
Q65548,2.2520880699157715,5.023036003112793,0.2368227076889183,0.2295069545507431,1.3090697641591802,2.3764272,4.5525045,0.2891329,0.30169702,1.0955389,IDP-ESM2-8M,93,288,0.12433910369873047,0.4705314636230469,0.05231018539656143,0.072190061211586,0.21353090956018117
Q66544,1.532097578048706,3.755449771881104,0.5777695419508301,0.4496573209762573,0.5088814913336637,1.4939829,3.645196,0.56393415,0.4390166,0.5077394,IDP-ESM2-8M,93,288,0.03811466693878174,0.1102538108825688,0.013835394592889405,0.010640710592269897,0.0011420666281583003
Q66546,1.6657354831695557,4.050241470336914,0.5449105553056065,0.427048772573471,0.5597956687000054,1.6849725,4.0901637,0.5673453,0.4491816,0.52597356,IDP-ESM2-8M,93,288,0.019237041473388672,0.039922237396240234,0.022434765872829776,0.02213281393051153,0.03382211027410209
Q66550,3.3319387435913086,7.936725616455078,0.5654881338489295,0.4343681633472442,0.5607169041869989,3.0105674,7.1222386,0.5385415,0.42394128,0.60642374,IDP-ESM2-8M,93,288,0.32137131690979004,0.8144869804382324,0.026946638048911176,0.010426878929138128,0.045706831431592376
Q66741,1.497490644454956,3.556314468383789,0.5421452189988245,0.4366674423217773,0.5895518536975456,1.4928678,3.567255,0.5444888,0.43789825,0.5726625,IDP-ESM2-8M,93,288,0.004622817039489746,0.0109405517578125,0.0023435686522375043,0.0012308061122894842,0.01688938097263104
Q67285,1.9764577150344849,4.661618232727051,0.5208536180729475,0.4044969081878662,0.5856114506211437,1.8979182,4.4819803,0.5219571,0.40918377,0.5951733,IDP-ESM2-8M,93,288,0.07853949069976807,0.17963790893554688,0.0011034813647661235,0.004686862230300903,0.009561848691447827
Q68556,1.7577142715454102,4.114188194274902,0.558750140267279,0.4589743018150329,0.5771290015827807,1.628339,3.8825817,0.5377438,0.42784363,0.58096546,IDP-ESM2-8M,93,288,0.12937521934509277,0.23160648345947266,0.021006333428289725,0.031130671501159612,0.003836457763990553
Q68628,2.946610450744629,6.914920806884766,0.4725447502680235,0.3479688763618469,0.7138632172179613,3.3051732,7.6608,0.51478994,0.40967306,0.6494485,IDP-ESM2-8M,93,288,0.358562707901001,0.7458791732788086,0.04224518865867327,0.06170418858528137,0.06441470323328113
Q68967,2.943380117416382,7.189985275268555,0.5790463555628337,0.4430299401283264,0.5573885785675154,3.06787,7.4406915,0.5862305,0.45852923,0.5418809,IDP-ESM2-8M,93,288,0.12448978424072266,0.25070619583129883,0.007184160870882139,0.015499293804168701,0.015507672939311101
Q68UW8,1.482883334159851,3.593266248703003,0.5761078807673596,0.4652809500694275,0.5336096271490469,1.4778289,3.541046,0.55320036,0.44013372,0.53986454,IDP-ESM2-8M,93,288,0.005054473876953125,0.05222034454345703,0.022907516654505633,0.025147229433059692,0.0062549129510507395
Q69018,2.4138550758361816,5.564433574676514,0.5650807363233658,0.4726381301879883,0.5709985821270022,2.5262299,5.858833,0.5346684,0.43783197,0.62921077,IDP-ESM2-8M,93,288,0.11237478256225586,0.2943992614746094,0.030412350340852323,0.03480616211891174,0.05821218800315531
Q69073,1.924831509590149,4.656740188598633,0.5502471846986237,0.4262430667877197,0.554211990217595,1.9805534,4.7442975,0.54767597,0.43021333,0.5529353,IDP-ESM2-8M,93,288,0.05572187900543213,0.08755731582641602,0.00257121748213196,0.0039702653884887695,0.001276687960057199
Q69092,1.8212453126907349,3.9832956790924072,0.447801384786439,0.3951309323310852,0.6930728746160842,1.6891875,3.628379,0.43809366,0.37350598,0.75841886,IDP-ESM2-8M,93,288,0.132057785987854,0.3549165725708008,0.009707722524476103,0.02162495255470276,0.0653459834352158
Q69144,2.3015124797821045,5.433731555938721,0.4904087541627114,0.3735054135322571,0.619492928671545,2.5250273,5.955367,0.5198739,0.40876865,0.59260136,IDP-ESM2-8M,93,288,0.22351479530334473,0.5216355323791504,0.02946516294010232,0.035263240337371826,0.026891569781011593
Q69192,1.7695568799972534,3.897217750549317,0.4729556563879973,0.4138109683990478,0.6842790021375231,1.9286063,4.539248,0.5614463,0.46562377,0.5790224,IDP-ESM2-8M,93,288,0.159049391746521,0.6420302391052242,0.08849065270166334,0.05181279778480535,0.10525659460578485
Q69220,2.0835678577423096,4.82351016998291,0.5240968154685017,0.4029995799064636,0.6002292115661706,2.2247076,5.30001,0.54466885,0.4242965,0.5688876,IDP-ESM2-8M,93,288,0.14113974571228027,0.4765000343322754,0.020572037814426736,0.021296918392181396,0.03134162020417108
Q69CH6,5.045987606048584,11.953591346740724,0.5695694103703244,0.4562172591686249,0.5877369227092495,4.6439967,11.137102,0.5875525,0.4579221,0.56194353,IDP-ESM2-8M,93,288,0.4019908905029297,0.8164892196655291,0.01798307747986483,0.0017048418521881104,0.025793391672872534
Q69CK3,1.7623889446258545,4.175652027130127,0.5415932654643855,0.4357801079750061,0.5812377981509774,1.6356302,3.914328,0.5416748,0.42891315,0.5673506,IDP-ESM2-8M,93,288,0.12675869464874268,0.2613239288330078,8.152730218558002e-05,0.006866961717605591,0.013887172159156136
Q69CL1,1.7611870765686035,4.199831485748291,0.5453601451943059,0.4469010233879089,0.5747633014335147,1.8474334,4.4392676,0.5520668,0.43506357,0.5592655,IDP-ESM2-8M,93,288,0.08624637126922607,0.23943614959716797,0.0067066577842097574,0.011837452650070135,0.015497807086896076
Q6DN18,2.2022202014923096,5.136129856109619,0.5485746130624536,0.425222247838974,0.5653471122023079,2.333709,5.5818577,0.54852724,0.42620468,0.56835103,IDP-ESM2-8M,93,288,0.13148880004882812,0.4457278251647949,4.737230927975844e-05,0.000982433557510376,0.003003918147423512
Q6GZR0,1.974941849708557,4.70507287979126,0.5523648215536051,0.423797607421875,0.541220968347037,1.7280245,4.218733,0.5617816,0.43935004,0.5237613,IDP-ESM2-8M,93,288,0.24691736698150613,0.4863400459289551,0.009416763662917105,0.015552431344985962,0.017459695916617113
Q6I8V7,1.7741509675979614,4.215088367462158,0.5348071292927167,0.4128416180610657,0.5741065337916793,2.0428407,4.848917,0.5330646,0.41867274,0.5841169,IDP-ESM2-8M,93,288,0.26868975162506104,0.6338286399841309,0.0017425254871746843,0.005831122398376465,0.010010342333656386
Q6IWY9,2.5217905044555664,6.211987495422363,0.570301658699334,0.4228795766830444,0.536613210176399,2.3946466,5.7734036,0.5859097,0.45850024,0.5042646,IDP-ESM2-8M,93,288,0.12714385986328125,0.4385838508605957,0.015608065536200644,0.03562065958976751,0.03234861705200931
Q6J7X0,1.8016784191131592,4.306604385375977,0.5576264407227011,0.4539653062820434,0.5684606758206677,1.7471459,4.1383,0.53140783,0.42542,0.6132144,IDP-ESM2-8M,93,288,0.054532527923583984,0.168304443359375,0.026218607623335832,0.028545320034027044,0.044753697767894285
Q6JIB3,2.71882700920105,6.35574197769165,0.518872235015009,0.3997743129730224,0.5959089679587009,2.7833347,6.5378423,0.51792246,0.40406302,0.61036724,IDP-ESM2-8M,93,288,0.06450772285461426,0.1821002960205078,0.0009497739821415774,0.0042887032032013495,0.014458270562875075
Q6JKC4,3.1350464820861816,7.277046680450439,0.6022895761171414,0.5018131136894226,0.5532685323957398,3.2290628,7.8396053,0.61076105,0.47714242,0.51742506,IDP-ESM2-8M,93,288,0.09401631355285645,0.5625586509704599,0.008471470292465533,0.024670690298080444,0.03584347212352301
Q6JPE0,3.429619073867798,8.087538719177246,0.5897131909296235,0.4794129133224487,0.5725517414650693,3.5371914,8.491515,0.593026,0.46514276,0.54809326,IDP-ESM2-8M,93,288,0.10757231712341309,0.4039764404296875,0.0033127914502898426,0.014270156621932928,0.024458482130505055
Q6L620,2.7586705684661865,6.467967987060547,0.5296071346648131,0.4021210372447967,0.5887522976430174,2.6609726,6.228842,0.5156889,0.4040143,0.6149446,IDP-ESM2-8M,93,288,0.09769797325134277,0.23912620544433594,0.01391823848561391,0.0018932521343231756,0.026192279574084654
Q6L8S9,2.8857195377349854,6.822199821472168,0.530337313121706,0.4179742336273193,0.5998359848610542,2.713106,6.387626,0.5471034,0.43000945,0.5802676,IDP-ESM2-8M,93,288,0.17261362075805664,0.4345736503601074,0.01676609187707334,0.012035220861434992,0.019568376695313194
Q6LAM5,2.735472679138184,6.329776763916016,0.500352818684556,0.4006263613700866,0.6413062765804386,2.6452856,6.1947827,0.5130292,0.40198728,0.6158203,IDP-ESM2-8M,93,288,0.0901870727539067,0.1349940299987793,0.012676399035475683,0.001360923051834162,0.025485987922296505
Q6PL42,2.9648478031158447,6.736685752868652,0.5250279272037119,0.4166795611381531,0.6538042384779562,3.0384836,7.1977234,0.54604805,0.4356213,0.62405473,IDP-ESM2-8M,93,288,0.07363581657409668,0.46103763580322266,0.02102011795467429,0.018941730260849,0.029749508539449132
Q6PNN9,3.3715264797210693,8.122313499450684,0.5458943747341826,0.4287697970867157,0.5791326974781555,3.5052922,8.165295,0.5302968,0.41832304,0.6182793,IDP-ESM2-8M,93,288,0.13376569747924805,0.04298114776611328,0.01559757221343061,0.010446757078170776,0.039146580800195285
Q6PNP1,3.2244951725006104,7.397436141967773,0.5007980896668349,0.4128736853599548,0.6604714001170341,3.3976412,7.868991,0.51930636,0.41325775,0.63751596,IDP-ESM2-8M,93,288,0.17314600944519043,0.4715547561645508,0.01850827200842753,0.000384062528610285,0.02295543799316324
Q6Q435,1.5923476219177246,3.678548574447632,0.5337595416051507,0.4345449209213257,0.5968183120686377,1.4998242,3.6347022,0.5646859,0.44958076,0.5423203,IDP-ESM2-8M,93,288,0.09252345561981201,0.04384636878967285,0.03092633953269719,0.015035837888717651,0.05449800099914914
Q6QDP2,2.554704666137696,6.2132439613342285,0.5260931718651363,0.4033297598361969,0.584129543795906,2.4857254,5.838733,0.5178704,0.4043741,0.6057736,IDP-ESM2-8M,93,288,0.06897926330566495,0.3745107650756836,0.008222745687157751,0.0010443329811096191,0.021644083962120142
Q6QDP3,2.469371795654297,5.796480655670166,0.504197896349668,0.3823313117027282,0.6109355247271044,2.5389218,6.0048704,0.52708036,0.40993586,0.5867979,IDP-ESM2-8M,93,288,0.0695500373840332,0.2083897590637207,0.022882460725069498,0.027604550123214777,0.024137631679771676
Q6QK79,2.3386306762695312,5.418101787567139,0.5053266430460752,0.4009521007537842,0.6431781955925935,2.2741678,5.3634186,0.5372806,0.42414868,0.5838314,IDP-ESM2-8M,93,288,0.06446290016174316,0.05468320846557617,0.03195397609836448,0.02319657802581787,0.059346766111087135
Q6QPN2,1.5393062829971311,3.687211275100708,0.5477612294978118,0.4449065327644348,0.5440511316180008,1.5662864,3.7433746,0.5473569,0.43317932,0.54694706,IDP-ESM2-8M,93,288,0.02698016166687034,0.05616331100463867,0.00040432594480277473,0.011727213859558105,0.0028959303975326645
Q6QQZ8,2.580897808074951,6.219671249389648,0.5551981639619814,0.4309503436088562,0.5314630594765714,2.5529218,6.036755,0.52484155,0.4078269,0.58794194,IDP-ESM2-8M,93,288,0.027976036071777344,0.18291616439819336,0.030356616949652304,0.023123443126678467,0.05647888512258026
Q6QX44,2.5571274757385254,6.504353046417236,0.6350170734645972,0.4943828880786896,0.5116153586814234,2.5168037,6.3141704,0.6390766,0.49934864,0.4818906,IDP-ESM2-8M,93,288,0.040323734283447266,0.19018268585205078,0.004059517073427665,0.004965752363204956,0.029724769682628827
Q6QX45,2.572512149810791,6.508735179901123,0.6331599560995833,0.4983611702919006,0.5064286359211715,2.5281036,6.3343134,0.6403065,0.49934644,0.4721545,IDP-ESM2-8M,93,288,0.044408559799194336,0.1744217872619629,0.007146516678737003,0.0009852647781372625,0.03427413782089073
Q6QXN6,2.367586135864258,5.618709564208984,0.581913093811028,0.4521792531013489,0.5495220767802669,2.354277,5.974247,0.65750295,0.5126376,0.41910574,IDP-ESM2-8M,93,288,0.013309240341186523,0.35553741455078125,0.07558985542679553,0.060458362102508545,0.1304163383788539
Q6RJI1,2.164913892745972,5.06606388092041,0.507932667058118,0.4099828600883484,0.6066406506637038,2.4731045,5.8304954,0.5253488,0.4113129,0.60023624,IDP-ESM2-8M,93,288,0.3081905841827388,0.7644314765930176,0.01741611548124966,0.001330047845840454,0.006404413614600979
Q6SL65,2.161513328552246,5.58795166015625,0.6273728483982928,0.4682694375514984,0.4987930518851867,2.0454042,5.0631895,0.5984645,0.47749308,0.54262435,IDP-ESM2-8M,93,288,0.11610913276672363,0.5247621536254883,0.028908359415138474,0.009223639965057373,0.043831302477301104
Q6SPV7,2.19763445854187,5.1984734535217285,0.5384215703884132,0.4212076067924499,0.5881631952334274,2.1381843,5.025714,0.5310055,0.4197596,0.5923452,IDP-ESM2-8M,93,288,0.05945014953613281,0.1727595329284668,0.007416068641281859,0.0014480054378508966,0.004181982893861402
Q6SPW0,2.055255174636841,4.969564914703369,0.5456537772900191,0.4339564442634582,0.5747552447264905,2.0291436,4.8050747,0.53964555,0.425521,0.57239294,IDP-ESM2-8M,93,288,0.026111602783203125,0.1644902229309082,0.0060082246548262,0.00843545794486994,0.0023623042052502985
Q6SPW6,2.1450161933898926,5.0379638671875,0.550439624490544,0.4310363531112671,0.5735961890270416,2.0425386,4.830542,0.53976417,0.42693585,0.57478106,IDP-ESM2-8M,93,288,0.1024775505065918,0.20742177963256836,0.010675458612248057,0.004100501537322998,0.0011848711917694654
Q6TNN1,1.7742036581039429,4.230389595031738,0.546821753984131,0.4289165437221527,0.5542496823219178,1.6513867,3.9869514,0.55738616,0.43904895,0.5315397,IDP-ESM2-8M,93,288,0.12281692028045654,0.2434382438659668,0.010564405912719566,0.010132402181625366,0.02271000374830945
Q6TVK4,4.712969779968262,11.346480369567873,0.55748028934228,0.42815101146698,0.5987409731460644,4.3065023,10.247295,0.55176204,0.42645428,0.6147965,IDP-ESM2-8M,93,288,0.4064674377441406,1.099184989929201,0.005718244912500947,0.0016967356204986572,0.016055546133415532
Q6TVY4,5.14002799987793,12.416936874389648,0.5610203616537888,0.4413512349128723,0.597259967601435,4.9397554,11.719234,0.5501111,0.42386547,0.6242769,IDP-ESM2-8M,93,288,0.2002725601196289,0.6977024078369141,0.010909246674998485,0.017485767602920532,0.02701690884815
Q6U9S1,2.17130184173584,5.221794605255127,0.5221571682588936,0.4035719931125641,0.596446315708735,2.1019793,5.021574,0.54759663,0.42829832,0.5649771,IDP-ESM2-8M,93,288,0.06932258605957031,0.20022058486938477,0.025439465175402076,0.02472633123397827,0.031469206276514505
Q6UDH5,1.8142189979553225,4.3163652420043945,0.512674610782679,0.3966047763824463,0.604498091969246,1.7343357,3.9423833,0.49031547,0.40097427,0.66237175,IDP-ESM2-8M,93,288,0.07988333702087425,0.37398195266723633,0.022359143663462033,0.004369497299194336,0.05787366267705529
Q6UGK8,1.845523834228516,4.41352128982544,0.5750490982930008,0.4724903106689453,0.5445670788896487,1.8654958,4.507264,0.5580065,0.44083458,0.55314326,IDP-ESM2-8M,93,288,0.019971966743468794,0.09374284744262606,0.01704257325332792,0.031655728816986084,0.008576183973510454
Q6VB58,1.8550479412078853,4.407886505126953,0.5308224736683997,0.4276774525642395,0.5721426470006873,1.8738289,4.442004,0.52597696,0.40853217,0.56629854,IDP-ESM2-8M,93,288,0.018780946731567827,0.034117698669433594,0.004845517777744224,0.019145280122756958,0.005844102593796419
Q6VB60,2.4176602363586426,5.629108905792236,0.5123571473101256,0.4045636057853699,0.6056500071875316,2.6612532,6.25925,0.54016113,0.4202614,0.56258047,IDP-ESM2-8M,93,288,0.2435929775238037,0.6301412582397461,0.027803985502374395,0.01569780707359314,0.043069540917084814
Q6VB61,2.8100476264953613,6.665946006774902,0.5358198852749938,0.4117551743984222,0.5727646747079517,2.7918684,6.6032853,0.52882093,0.40769824,0.5871875,IDP-ESM2-8M,93,288,0.01817917823791504,0.06266069412231445,0.006998953363525295,0.004056930541992132,0.014422853902277821
Q6VB71,1.8810659646987915,4.47946834564209,0.5475026227691935,0.4247125685214996,0.5529100906346814,1.8625814,4.550522,0.57076395,0.44157904,0.5070702,IDP-ESM2-8M,93,288,0.01848459243774414,0.07105350494384766,0.023261322810335328,0.01686647534370428,0.045839906880714154
Q6VTP7,2.505278348922729,6.4012064933776855,0.6558744524682508,0.5213404893875122,0.5027661178055288,2.759302,7.107104,0.7131916,0.55729336,0.3794334,IDP-ESM2-8M,93,288,0.2540235519409184,0.705897331237793,0.0573171759878649,0.035952866077423096,0.12333272432713527
Q6VV29,1.4795007705688477,3.6253175735473633,0.5516941636524128,0.4262625575065613,0.5269569699240065,1.4257299,3.4303138,0.5536724,0.4379849,0.51764506,IDP-ESM2-8M,93,288,0.05377089977264404,0.19500374794006348,0.001978209642417572,0.011722356081008911,0.009311908907923772
Q6VV44,1.475824236869812,3.564107656478882,0.549250963617155,0.4231118857860565,0.5291716790103334,1.4287876,3.4712574,0.5669754,0.44857585,0.50978756,IDP-ESM2-8M,93,288,0.04703664779663086,0.0928502082824707,0.01772445113580523,0.025463968515396118,0.019384119501056007
Q6VXF3,1.476813554763794,3.502723455429077,0.5420013198614605,0.4424268007278442,0.5697035671017737,1.5228567,3.691775,0.56197697,0.44467926,0.5327155,IDP-ESM2-8M,93,288,0.04604315757751465,0.18905162811279297,0.019975649380635452,0.0022524595260620672,0.03698806770068119
Q6VY62,2.337672233581543,5.863138198852539,0.6465155046680235,0.5153680443763733,0.4764080338044001,2.2331796,5.07629,0.527428,0.4472019,0.67337215,IDP-ESM2-8M,93,288,0.1044926643371582,0.7868480682373047,0.11908753330495592,0.06816613674163818,0.19696411566306815
Q6VZE3,2.272423505783081,5.51564884185791,0.5612855869617575,0.4402637481689453,0.5648862473667099,2.373045,5.739317,0.56594634,0.43837,0.5496612,IDP-ESM2-8M,93,288,0.10062146186828613,0.22366809844970703,0.0046607535991556315,0.001893758773803711,0.015225028246684258
Q6VZT0,2.18497371673584,5.311223983764648,0.5746672838414504,0.4529153704643249,0.5411373551083771,2.0409446,4.952883,0.5659214,0.4430664,0.55430984,IDP-ESM2-8M,93,288,0.1440291404724121,0.3583412170410156,0.00874585802205341,0.009848982095718328,0.013172489862325998
Q6WHL7,2.097550392150879,4.9373955726623535,0.5692539296165863,0.4562895894050598,0.5566984418762982,2.009227,4.78051,0.5409217,0.43508866,0.60939837,IDP-ESM2-8M,93,288,0.08832335472106934,0.15688562393188477,0.02833224153675229,0.02120092511177063,0.05269992314445371
Q6WY30,2.5215368270874023,5.955776214599609,0.5007125951944876,0.3960498571395874,0.6297660605583649,2.5223172,5.9588704,0.5289443,0.41263846,0.59487987,IDP-ESM2-8M,93,288,0.0007803440093994141,0.003094196319580078,0.028231718331665934,0.016588598489761353,0.03488619491200262
Q6YH51,7.320462226867676,17.39740753173828,0.609914166868617,0.4946008920669555,0.6178418402805358,5.262347,12.82394,0.64028025,0.4987802,0.56549025,IDP-ESM2-8M,93,288,2.058115005493164,4.573467254638672,0.03036607986600215,0.00417929887771612,0.052351594461443995
Q6YH62,2.564833641052246,6.061092376708984,0.5204733171082784,0.4135684669017792,0.5951349721612065,2.579909,6.084519,0.53102916,0.4163368,0.58699113,IDP-ESM2-8M,93,288,0.015075445175170898,0.023426532745361328,0.0105558476828288,0.0027683377265930176,0.008143840855511897
Q70EH9,2.256706714630127,5.211214542388916,0.5072849390236005,0.392616868019104,0.6034322194406926,2.3660831,5.5641866,0.5238762,0.41114932,0.59696394,IDP-ESM2-8M,93,288,0.10937643051147461,0.35297203063964844,0.016591251161946374,0.01853245496749878,0.0064682773897587476
Q70EI1,2.3307747840881348,5.506917953491211,0.5445982164411342,0.4274991750717163,0.5483368621989864,2.4010541,5.6324434,0.5213397,0.4090079,0.5985133,IDP-ESM2-8M,93,288,0.07027935981750488,0.12552547454833984,0.023258501914004026,0.018491268157958984,0.05017644298823898
Q70EI2,2.305631637573242,5.477755069732666,0.5351632270578719,0.4209823608398437,0.5600726971176747,2.4654953,5.794314,0.5229207,0.4099552,0.5970553,IDP-ESM2-8M,93,288,0.15986371040344238,0.316558837890625,0.01224249932807453,0.011027157306671087,0.0369826188536998
Q70EI3,2.598297119140625,6.090439319610596,0.5087941321096333,0.394977331161499,0.6139290050957842,2.8206186,6.6063566,0.5259488,0.4103898,0.6064022,IDP-ESM2-8M,93,288,0.2223215103149414,0.5159173011779785,0.01715469038868822,0.015412479639053345,0.007526786753956793
Q70EI6,2.776308536529541,6.74744987487793,0.5476065868975486,0.4286254048347473,0.5628084581960094,2.7724464,6.5465817,0.52938104,0.4128264,0.5929292,IDP-ESM2-8M,93,288,0.003862142562866211,0.2008681297302246,0.018225550139125746,0.015799015760421753,0.030120726240788653
Q70EI7,2.3223912715911865,5.569392204284668,0.5460101811350452,0.4251411557197571,0.5434543485325699,2.3601415,5.591689,0.5292611,0.41155896,0.57858765,IDP-ESM2-8M,93,288,0.037750244140625,0.022296905517578125,0.016749068921910415,0.013582199811935425,0.03513330272017667
Q70EJ0,3.058694362640381,7.146986484527588,0.5469933496119954,0.4375001788139343,0.5763024628161825,2.9866986,7.1488276,0.55466455,0.4304064,0.5514612,IDP-ESM2-8M,93,288,0.07199573516845703,0.0018410682678222656,0.007671202599766058,0.00709378719329834,0.024841243028584814
Q70GQ7,1.8627036809921265,4.368287086486816,0.5042677771392344,0.3981814086437225,0.6091124181382181,1.8904812,4.4281254,0.51765054,0.40718147,0.5913593,IDP-ESM2-8M,93,288,0.027777552604675293,0.059838294982910156,0.01338276750416767,0.009000062942504938,0.01775310083551429
Q70VJ7,2.332477331161499,5.564907073974609,0.51925048278472,0.4096395969390869,0.6113203024028487,2.2726157,5.3608584,0.53496563,0.4196133,0.5792298,IDP-ESM2-8M,93,288,0.05986166000366211,0.20404863357543945,0.015715151561288332,0.009973704814910889,0.03209053031193687
Q70VK5,2.279634475708008,5.247781753540039,0.4889645832183667,0.3966677486896515,0.6615306433229603,2.3542933,5.5121593,0.52343255,0.41352403,0.6037573,IDP-ESM2-8M,93,288,0.07465887069702148,0.2643775939941406,0.03446796959611692,0.016856282949447632,0.05777332148839609
Q70VN3,2.429715633392334,5.672295570373535,0.5134105526553528,0.4074264466762543,0.6145530409953894,2.3950014,5.6344523,0.5330455,0.4188095,0.58515424,IDP-ESM2-8M,93,288,0.0347142219543457,0.03784322738647461,0.019634918059216244,0.011383056640625,0.02939880563238284
Q70VN5,2.355597734451294,5.523637771606445,0.4908131701507134,0.3821170926094055,0.6488239142803198,2.3887901,5.595886,0.518162,0.40764573,0.6104042,IDP-ESM2-8M,93,288,0.03319239616394043,0.07224845886230469,0.02734884194950632,0.025528639554977417,0.038419720878983155
Q70VQ5,2.406754493713379,5.399946689605713,0.4978472185897253,0.4117988348007202,0.6457000426944283,2.3780403,5.583055,0.52867657,0.41558227,0.5947821,IDP-ESM2-8M,93,288,0.02871417999267578,0.18310832977294922,0.030829350872097205,0.0037834346294403076,0.0509179286654976
Q70VR9,2.106546401977539,5.104905605316162,0.5335297758984839,0.4077145457267761,0.5623564171617322,2.1988761,5.196557,0.5360336,0.42051873,0.57307315,IDP-ESM2-8M,93,288,0.09232974052429199,0.09165143966674805,0.002503794867965037,0.012804180383682251,0.010716731565684756
Q70VT5,2.3853189945220947,5.704394340515137,0.5015119280054693,0.3954074084758758,0.6320264225041515,2.3562605,5.5279555,0.5277558,0.4157784,0.5922075,IDP-ESM2-8M,93,288,0.029058456420898438,0.1764388084411621,0.026243868903862988,0.020370990037918146,0.039818931106293864
Q70VT7,2.25594449043274,5.127158164978027,0.4836446458796844,0.3822836279869079,0.6671574694446282,2.2541003,5.3024254,0.5306137,0.41807795,0.5906815,IDP-ESM2-8M,93,288,0.0018441677093514741,0.17526721954345703,0.046969074537338285,0.03579431772232061,0.07647597616231006
Q716F8,1.85551118850708,4.438958644866943,0.5462828390183625,0.4083129465579986,0.5671900014809929,1.8751204,4.5502815,0.57588834,0.4550594,0.53214705,IDP-ESM2-8M,93,288,0.01960921287536621,0.11132287979125977,0.02960549668644097,0.046746462583541926,0.03504295157712323
Q719M9,2.2157201766967773,5.143022060394287,0.4481599436921195,0.4092940390110016,0.779343455454892,2.6648166,6.034922,0.52640676,0.4484011,0.6872455,IDP-ESM2-8M,93,288,0.4490964412689209,0.8919000625610352,0.07824682129201138,0.039107054471969604,0.09209796728808295
Q71BY2,2.8214311599731445,6.344538688659668,0.5306795038701809,0.424539715051651,0.6026084276784897,2.9294727,6.9683576,0.54680586,0.42424393,0.5688883,IDP-ESM2-8M,93,288,0.10804152488708496,0.6238188743591309,0.016126354741879623,0.000295788049697876,0.03372012106075284
Q73233,1.5254905223846436,3.6985039710998535,0.5807880147604654,0.471746414899826,0.531221512660088,1.4916761,3.6072094,0.55706644,0.44657955,0.55037993,IDP-ESM2-8M,93,288,0.033814430236816406,0.09129452705383301,0.023721574178189986,0.025166869163513128,0.019158419266639304
Q75QS2,2.624948740005493,6.316055774688721,0.5377659545878488,0.425811767578125,0.597384831836224,2.730585,6.4785028,0.53656775,0.4195601,0.60097873,IDP-ESM2-8M,93,288,0.1056363582611084,0.1624469757080078,0.0011982069949227903,0.006251662969589233,0.0035939002728457847
Q75QS3,2.5275821685791016,6.224846363067627,0.5580438003868672,0.4284420907497406,0.5557143991380561,2.7009337,6.484071,0.55344445,0.428951,0.5710468,IDP-ESM2-8M,93,288,0.17335152626037598,0.25922441482543945,0.004599355253657955,0.0005089044570922852,0.01533243008557672
Q75QT5,2.429696559906006,5.749466419219971,0.5224370656115581,0.3921277523040771,0.6188184114796829,2.4663599,5.8880377,0.5443066,0.4231289,0.5783787,IDP-ESM2-8M,93,288,0.03666329383850098,0.13857126235961914,0.021869510640425527,0.0310011506080628,0.0404397341115188
Q75QT6,2.704485416412353,6.507486343383789,0.5595770875445147,0.4376252889633178,0.5706413942737804,2.8661442,6.8431334,0.54590404,0.42285672,0.5858838,IDP-ESM2-8M,93,288,0.1616587638854985,0.3356471061706543,0.013673047207905853,0.014768570661544744,0.015242401941277017
Q75R01,2.2098069190979004,5.199785709381104,0.5398651084094575,0.4098648428916931,0.5840859886248904,2.3865871,5.634015,0.5344026,0.4209261,0.5925239,IDP-ESM2-8M,93,288,0.17678022384643555,0.4342293739318839,0.0054624995379974894,0.011061251163482666,0.008437884227435077
Q75ZR8,2.4300730228424072,5.565831184387207,0.50027875599508,0.3742142617702484,0.6288565640928921,2.467371,5.8245735,0.5244095,0.40797788,0.59135973,IDP-ESM2-8M,93,288,0.037297964096069336,0.2587423324584961,0.024130716947272313,0.033763617277145386,0.03749682955767486
Q75ZS3,2.4403738975524902,5.643614292144775,0.5038751062231163,0.4041329324245453,0.6172009478371864,2.4300559,5.776067,0.52915585,0.409998,0.57489747,IDP-ESM2-8M,93,288,0.01031804084777832,0.13245248794555664,0.02528074418734516,0.00586506724357605,0.042303479747129
Q75ZS7,2.4154257774353027,5.609750270843506,0.4982203585921658,0.3819852769374847,0.6294691313755901,2.4292173,5.7350283,0.5234197,0.40801233,0.5942822,IDP-ESM2-8M,93,288,0.013791561126708984,0.12527799606323242,0.025199319619046368,0.02602705359458929,0.03518692150239067
Q76745,1.6197668313980105,4.083465576171875,0.5671609058460524,0.4411065280437469,0.5451906792214589,1.8254305,4.4546375,0.5832681,0.45882666,0.5139943,IDP-ESM2-8M,93,288,0.20566368103027322,0.3711719512939453,0.016107200137681743,0.017720133066177424,0.03119640269786883
Q77369,1.9440592527389529,4.746858596801758,0.5403707700022311,0.4138834476470947,0.5638217623022344,1.9455786,4.5589643,0.5183436,0.41391972,0.6050748,IDP-ESM2-8M,93,288,0.001519322395324485,0.18789434432983398,0.022027142549380763,3.6269426345825195e-05,0.04125306060044509
Q778N1,2.499972581863404,5.774899959564209,0.5104073166113389,0.3991115689277649,0.6231563915571252,2.4522893,5.7757416,0.5302951,0.41541767,0.5903447,IDP-ESM2-8M,93,288,0.047683238983155185,0.0008416175842285156,0.0198877573747146,0.01630610227584839,0.03281166451778805
Q77F13,3.321436882019043,8.371323585510254,0.6471326115862842,0.505106508731842,0.5247048288668835,3.1296172,7.954237,0.6656875,0.51971525,0.4680857,IDP-ESM2-8M,93,288,0.1918196678161621,0.4170866012573242,0.018554889844227263,0.01460874080657959,0.05661912263290525
Q77IW3,3.715964317321777,9.1942777633667,0.649436248938466,0.5244867205619812,0.4745223584745893,3.5255518,8.67046,0.61584914,0.48241523,0.5188298,IDP-ESM2-8M,93,288,0.19041252136230424,0.5238180160522461,0.033587111632252586,0.04207149147987366,0.04430746406569391
Q77MY7,3.0509839057922363,7.320374965667725,0.5377580044460517,0.430095374584198,0.5865928829409264,3.2114635,7.635778,0.5551239,0.4329998,0.57164454,IDP-ESM2-8M,93,288,0.16047954559326172,0.3154029846191406,0.017365920762993703,0.0029044151306152344,0.014948338339485945
Q78226,1.740126371383667,4.147510528564453,0.548712385065547,0.444865345954895,0.5622153503832164,1.8069184,4.2415247,0.5203241,0.41522256,0.5957605,IDP-ESM2-8M,93,288,0.06679201126098633,0.09401416778564453,0.028388274080744735,0.02964279055595398,0.03354517388970235
Q78501,1.4404035806655884,3.4157140254974365,0.5279631551519135,0.4262422919273376,0.575778475533812,1.5419066,3.6946282,0.56388307,0.45032465,0.5445835,IDP-ESM2-8M,93,288,0.10150301456451416,0.278914213180542,0.035919911025454665,0.024082362651825007,0.0311949761022019
Q78643,2.1109724044799805,4.895960807800293,0.5107781486462863,0.4039984941482544,0.6275850694964933,2.1208184,4.9853477,0.5267154,0.41670763,0.59709436,IDP-ESM2-8M,93,288,0.009845972061157227,0.0893869400024414,0.015937249188491487,0.01270914077758789,0.030490712482790894
Q78646,2.087161064147949,4.726436138153076,0.5038146937871881,0.40785813331604,0.6286454842541241,2.1538875,5.0960174,0.5400476,0.42459047,0.57046366,IDP-ESM2-8M,93,288,0.0667264461517334,0.3695812225341797,0.03623289217701475,0.016732335090637263,0.05818182687497375
Q78648,2.0587680339813232,4.931785583496094,0.5159857622114852,0.4088473618030548,0.6019198121907052,2.1821141,5.147548,0.534147,0.4210554,0.5819804,IDP-ESM2-8M,93,288,0.12334609031677246,0.21576261520385742,0.01816126194317791,0.012208044528961182,0.019939404952698636
Q78649,2.068198204040528,4.783517837524414,0.4925050154845913,0.408644437789917,0.6457404986001979,2.211284,5.2008715,0.5290511,0.4181311,0.59583217,IDP-ESM2-8M,93,288,0.14308571815490678,0.41735363006591797,0.03654610956499976,0.009486675262451172,0.04990832954425917
Q78652,2.156191825866699,4.989538669586182,0.5117084112420426,0.4012297689914703,0.628542503006386,2.2393823,5.3157873,0.54118776,0.42523947,0.5720158,IDP-ESM2-8M,93,288,0.0831904411315918,0.3262486457824707,0.029479351972068746,0.024009704589843806,0.056526681072639695
Q78653,2.13857364654541,4.991508483886719,0.5275372376140944,0.425722986459732,0.5963660149377846,2.2157576,5.2063055,0.52956414,0.41830763,0.59335005,IDP-ESM2-8M,93,288,0.07718396186828613,0.2147970199584961,0.0020269046130784174,0.007415354251861517,0.0030159621042274987
Q79401,2.4664597511291504,5.163742065429688,0.452170464666185,0.373496413230896,0.7532921948633912,2.5093474,5.7908683,0.49682173,0.3982563,0.65664417,IDP-ESM2-8M,93,288,0.04288768768310547,0.6271262168884268,0.04465126666277924,0.024759888648986816,0.0966480293474915
Q7LZ01,1.5135626792907717,3.5976362228393555,0.5467123001017221,0.4530716836452484,0.5660223478366646,1.4799151,3.5897748,0.5719403,0.45833898,0.51760745,IDP-ESM2-8M,93,288,0.033647537231445535,0.00786137580871582,0.025228002747093803,0.005267292261123657,0.048414897351435116
Q7LZT9,1.5984091758728027,3.951191902160645,0.6223475156926175,0.4914660155773163,0.4998499959345853,1.6290877,3.9655354,0.58066523,0.4714423,0.5305632,IDP-ESM2-8M,93,288,0.030678510665893555,0.014343500137328657,0.041682284941579884,0.020023703575134277,0.030713179743667884
Q7SPR3,1.9051367044448853,4.5100860595703125,0.5152535675061333,0.400879830121994,0.6038743880552203,1.9386547,4.572359,0.5273429,0.41570693,0.5830757,IDP-ESM2-8M,93,288,0.03351795673370361,0.06227302551269531,0.012089348028839875,0.014827102422714233,0.020798685864821143
Q7SPR5,1.957728266716004,4.7753448486328125,0.514595962544064,0.3997653126716614,0.596469188211926,2.0328097,4.7903466,0.5292074,0.4154159,0.5797584,IDP-ESM2-8M,93,288,0.07508146762847834,0.015001773834228516,0.014611445884128105,0.01565060019493103,0.016710782526501156
Q7SPR7,1.8933377265930176,4.502748966217041,0.5257335076768325,0.4262837469577789,0.5860275862277552,1.8551109,4.407243,0.537938,0.42296597,0.5618537,IDP-ESM2-8M,93,288,0.03822684288024902,0.09550619125366211,0.012204491094835013,0.003317773342132513,0.024173879391054753
Q7SPR8,2.020904302597046,4.765145778656006,0.5323856805282502,0.4065092504024505,0.5842771085510386,2.0228279,4.7944117,0.5438629,0.4299641,0.56869483,IDP-ESM2-8M,93,288,0.0019235610961914062,0.029265880584716797,0.011477198748025441,0.023454844951629694,0.01558227861024275
Q7SPR9,1.926642179489136,4.581130027770996,0.5441528138014878,0.4267033338546753,0.5588445436576669,2.0022292,4.7252307,0.53228617,0.42052433,0.5762036,IDP-ESM2-8M,93,288,0.07558703422546365,0.14410066604614258,0.011866646656712443,0.006179004907608032,0.017359041013353615
Q7SPS1,1.9871258735656736,4.740675449371338,0.5244791043115118,0.4003946781158447,0.5936662042569139,1.9659233,4.645462,0.5319064,0.41854125,0.57280785,IDP-ESM2-8M,93,288,0.02120256423950173,0.09521341323852539,0.007427321641399587,0.0181465744972229,0.020858355803392126
Q7SPW1,2.39235258102417,5.486040115356445,0.5479722228075635,0.4541974663734436,0.6023188128577251,2.2265728,5.239192,0.5353952,0.43583182,0.6294393,IDP-ESM2-8M,93,288,0.16577982902526855,0.24684810638427734,0.012577017786658984,0.01836565136909485,0.02712048148050117
Q7T5C0,3.639978647232056,8.500556945800781,0.5375933745758025,0.417969673871994,0.6035993798158995,3.571795,8.324731,0.50927544,0.4099049,0.68587846,IDP-ESM2-8M,93,288,0.06818366050720259,0.1758260726928711,0.028317938174435286,0.00806477665901184,0.08227907582298599
Q7T5F8,3.044257164001465,7.474794864654541,0.6285607398490918,0.4797837436199188,0.5170693903624917,3.0519314,7.7550573,0.70139563,0.54112744,0.38644093,IDP-ESM2-8M,93,288,0.007674217224121094,0.28026247024536133,0.07283489098739504,0.06134369969367981,0.13062845761178976
Q7T5M5,2.505409479141236,5.648788928985596,0.3935882450310543,0.3163866400718689,0.8100274797688324,3.1558447,7.3004017,0.5052468,0.39630666,0.64529914,IDP-ESM2-8M,93,288,0.6504352092742915,1.6516127586364746,0.11165857303458904,0.07992002367973328,0.16472834313019102
Q7T9U3,2.444546937942505,5.884575366973877,0.6175505834492511,0.4908782839775085,0.5403717507817154,2.7035875,6.8491244,0.6820351,0.5312646,0.4009045,IDP-ESM2-8M,93,288,0.25904059410095215,0.9645490646362305,0.06448450508987247,0.04038631916046148,0.13946724433678437
Q7TB66,2.3560173511505127,5.61701774597168,0.5476094169423478,0.4413383603096008,0.5701410166646399,2.3114448,5.513565,0.5446099,0.42688566,0.5777523,IDP-ESM2-8M,93,288,0.04457259178161621,0.10345268249511719,0.0029995126531021654,0.014452695846557562,0.007611275491579583
Q7TDE5,1.736161231994629,4.295766353607178,0.6051789063483808,0.4877026081085205,0.5265146392487701,1.7052295,4.145955,0.5636769,0.45531672,0.57446384,IDP-ESM2-8M,93,288,0.030931711196899414,0.1498112678527832,0.0415020126372907,0.03238588571548462,0.04794920505054634
Q7TDG1,2.440160751342773,5.8543009757995605,0.5350867671307836,0.4025765359401703,0.576500019500567,2.4305599,5.697663,0.5149332,0.40390438,0.6162014,IDP-ESM2-8M,93,288,0.009600877761840376,0.15663814544677734,0.02015353863804681,0.0013278424739837646,0.039701381256268986
Q7TDL0,1.9476944208145144,4.947673320770264,0.6270965097071125,0.4903401136398315,0.4882782434674815,1.9271425,4.7212815,0.5936415,0.46998262,0.506084,IDP-ESM2-8M,93,288,0.02055191993713401,0.22639179229736328,0.033454990160603715,0.02035748958587641,0.01780578143867695
Q7TDN1,1.6310847997665403,3.783821821212769,0.5362090620867189,0.4448954463005066,0.5594744919989248,1.5649816,3.5106494,0.47698095,0.39416972,0.6827103,IDP-ESM2-8M,93,288,0.06610321998596169,0.2731723785400395,0.059228107678073294,0.050725728273391724,0.12323579795621431
Q7TFN9,4.70388650894165,10.966371536254885,0.5477181362885862,0.4296449422836303,0.5825025577732966,4.5968266,10.902526,0.55265456,0.42960316,0.5903032,IDP-ESM2-8M,93,288,0.10705995559692383,0.063845634460451,0.004936428092059519,4.178285598749332e-05,0.007800624828632086
Q7TG50,1.6727336645126345,4.05918025970459,0.5373028835099152,0.404906302690506,0.5510167275731448,1.6198788,3.8861094,0.54298097,0.42643234,0.5517966,IDP-ESM2-8M,93,288,0.05285489559173606,0.17307090759277344,0.0056780854422637805,0.021526038646697998,0.000779887550603986
Q7THH5,1.4211658239364624,3.33998966217041,0.5160034988700417,0.4174630343914032,0.5970530805351559,1.5483596,3.7427673,0.5584404,0.44170192,0.53684986,IDP-ESM2-8M,93,288,0.12719380855560303,0.40277767181396484,0.04243688837895121,0.024238884449005127,0.060203224158507984
Q7THI5,1.4548815488815308,3.5231409072875977,0.5577216560280321,0.437257319688797,0.5484708920035845,1.5693113,3.7843757,0.55413467,0.4367777,0.5424906,IDP-ESM2-8M,93,288,0.11442971229553223,0.26123476028442383,0.0035869891083238903,0.00047960877418518066,0.005980290463972637
Q7ZGU1,1.4353564977645874,3.4391205310821533,0.5552556024640459,0.439260333776474,0.5339789284697621,1.3595003,3.2437463,0.54409003,0.43366155,0.5561058,IDP-ESM2-8M,93,288,0.07585620880126953,0.1953742504119873,0.011165569886531279,0.005598783493041992,0.022126864052668282
Q7ZGU2,1.5741353034973145,3.8390109539031982,0.5830821282720191,0.4589061737060547,0.52542760414044,1.5367032,3.7706604,0.5898982,0.46790686,0.5023256,IDP-ESM2-8M,93,288,0.037432074546813965,0.06835055351257324,0.0068161003733056,0.009000688791275024,0.02310200971523857
Q7ZPK4,2.324878215789795,5.442756175994873,0.5075886927150849,0.3935213983058929,0.621188768227875,2.302448,5.4259624,0.53151083,0.41723618,0.58526075,IDP-ESM2-8M,93,288,0.0224301815032959,0.01679372787475586,0.02392213721045222,0.023714780807495173,0.03592801936465484
Q80553,1.682769775390625,4.231700897216797,0.5925675669328285,0.4680991470813751,0.5182174822179207,1.864814,4.561255,0.58872485,0.4636099,0.50947905,IDP-ESM2-8M,93,288,0.18204426765441895,0.32955408096313477,0.0038427153245521595,0.004489243030548096,0.008738436350000822
Q80889,3.3339672088623047,7.982330322265625,0.5979262733461974,0.4747088253498077,0.5569547463767531,3.3976984,7.8269496,0.529,0.437724,0.6759688,IDP-ESM2-8M,93,288,0.06373119354248047,0.1553807258605957,0.06892628908182363,0.036984831094741766,0.11901407944035503
Q80893,1.8107208013534544,3.393764019012451,0.2000000000002205,0.2752513587474823,1.3634329391896662,1.6645434,3.3140967,0.38529822,0.3518403,0.8761288,IDP-ESM2-8M,93,288,0.14617741107940652,0.07966732978820801,0.18529822230317,0.07658892869949341,0.4873041464269099
Q80GM7,2.500362157821656,5.597243785858154,0.4566323091802274,0.3874469101428985,0.7459782407564389,2.6729126,6.0576606,0.48913124,0.40119866,0.69126505,IDP-ESM2-8M,93,288,0.17255043983459384,0.4604167938232422,0.032498932856592055,0.013751745223999079,0.05471319415991183
Q80LM0,3.3044629096984863,8.419278144836426,0.6518961420355791,0.521593451499939,0.5121876124270168,3.2826726,8.301378,0.69377196,0.5423891,0.43238112,IDP-ESM2-8M,93,288,0.021790266036987305,0.11789989471435547,0.04187581631555615,0.02079564332962036,0.07980648912264976
Q80RB4,2.6691505908966064,6.128409385681152,0.5134591337274356,0.4009764194488525,0.6428456254607301,2.6365807,6.207349,0.52692974,0.41541597,0.62308323,IDP-ESM2-8M,93,288,0.03256988525390625,0.07893943786621094,0.013470602409954568,0.014439553022384699,0.01976239162741711
Q81837,2.6471753120422363,6.180966377258301,0.5034759836771676,0.3854084014892578,0.6081664220654313,2.763929,6.5115724,0.5238988,0.40656695,0.5940621,IDP-ESM2-8M,93,288,0.11675357818603516,0.33060598373413086,0.020422796668749132,0.021158546209335327,0.01410433214538731
Q81839,2.413398504257202,5.414122104644775,0.4990025784069559,0.3971904516220093,0.6259949237350965,2.2797847,5.384075,0.5251513,0.40967262,0.58898574,IDP-ESM2-8M,93,288,0.13361382484436035,0.030046939849853516,0.02614873394427092,0.012482166290283203,0.03700918259663821
Q81846,2.556515455245972,5.7213287353515625,0.4870753979333606,0.3889623880386352,0.6462815696651949,2.6054127,6.1492176,0.52327263,0.40762946,0.5965819,IDP-ESM2-8M,93,288,0.04889726638793901,0.4278888702392578,0.03619723561919069,0.018667072057724055,0.049699693387271315
Q81859,1.941206336021424,4.498297214508057,0.5348134554922812,0.4296631217002868,0.5606735800448691,1.7345889,4.145378,0.5417303,0.42477015,0.54983664,IDP-ESM2-8M,93,288,0.2066174745559699,0.3529191017150879,0.006916829198575725,0.004892975091934149,0.010836944455269504
Q82401,1.9273498058319087,4.674860000610352,0.5687852294593284,0.4544095993041992,0.5497769957619273,1.8216125,4.3336773,0.5531306,0.4434071,0.56057894,IDP-ESM2-8M,93,288,0.10573732852935747,0.3411827087402344,0.015654602780861615,0.011002510786056519,0.01080194653696187
Q82615,2.1967031955718994,5.270341396331787,0.5750315987238108,0.4661600589752197,0.5313029239190686,2.3500476,5.672537,0.5615526,0.43790472,0.5472645,IDP-ESM2-8M,93,288,0.15334439277648926,0.40219545364379883,0.013479014552515656,0.028255343437194824,0.01596159243453854
Q83112,2.4273691177368164,5.401426315307617,0.3818648948486203,0.3419457972049713,0.9003110327203596,2.8286788,6.2979417,0.45606366,0.38360694,0.74859804,IDP-ESM2-8M,93,288,0.4013097286224365,0.8965153694152832,0.0741987631504184,0.04166114330291748,0.15171299357012158
Q83190,1.8162955045700075,4.151134014129639,0.5059440045009317,0.4226828515529632,0.609434945832656,1.7639463,4.0826483,0.51051986,0.41106278,0.625259,IDP-ESM2-8M,93,288,0.05234920978546165,0.06848573684692383,0.004575857674056105,0.011620074510574285,0.015824036348893067
Q83502,2.333153486251831,5.465939521789551,0.5168786375838141,0.3942832052707672,0.6042234056290628,2.484774,5.9072003,0.5374584,0.41599035,0.57544076,IDP-ESM2-8M,93,288,0.15162062644958496,0.44126081466674805,0.02057978221599055,0.021707147359848022,0.02878264120187779
Q83508,2.303960084915161,5.635577201843262,0.5290576110699122,0.3944763839244842,0.5712804859637138,2.4813612,5.872724,0.52645093,0.40801504,0.5905374,IDP-ESM2-8M,93,288,0.17740106582641602,0.23714685440063477,0.002606679044002802,0.013538658618927057,0.01925694289218216
Q84108,1.4701887369155884,3.490061044692993,0.5436250052218201,0.4464656710624695,0.5641989588671907,1.5492231,3.7068968,0.54425764,0.43197763,0.5644192,IDP-ESM2-8M,93,288,0.07903432846069336,0.21683573722839355,0.0006326356168029346,0.014488041400909424,0.00022025108993206644
Q84187,3.2755730152130127,7.403826713562012,0.5188040795488492,0.4047897756099701,0.6398778671160399,3.4674976,8.265932,0.5467119,0.4217948,0.5871728,IDP-ESM2-8M,93,288,0.1919245719909668,0.8621053695678711,0.027907842143045314,0.01700502634048462,0.05270506085306992
Q84188,3.317211866378784,7.906732559204102,0.527663443712427,0.4072441160678863,0.619589440882841,3.556603,8.413255,0.53643346,0.4172491,0.60001725,IDP-ESM2-8M,93,288,0.23939108848571777,0.5065221786499023,0.008770014615820054,0.010004997253418024,0.01957219129864296
Q84265,1.7091381549835205,4.461712837219238,0.6572675346279118,0.5127397775650024,0.4768532976576388,1.7769735,4.6498365,0.6743008,0.53575176,0.41602916,IDP-ESM2-8M,93,288,0.06783533096313477,0.1881237030029297,0.017033255205157083,0.023011982440948486,0.06082414240327477
Q84494,2.5668625831604004,6.2721099853515625,0.5909897303970834,0.4734230041503906,0.5568359328909019,2.3715413,5.7509694,0.5865925,0.46541038,0.54942197,IDP-ESM2-8M,93,288,0.19532132148742676,0.5211405754089355,0.0043972349556465895,0.008012622594833374,0.007413966815004724
Q84648,2.4181182384490967,5.291885852813721,0.4541854033429404,0.3771840929985046,0.7743444050978334,2.4833162,5.7311563,0.520813,0.4324285,0.67302555,IDP-ESM2-8M,93,288,0.06519794464111328,0.4392704963684082,0.06662758493830961,0.05524441599845892,0.10131885663973406
Q85298,2.231123685836792,5.264142990112305,0.5318580304580882,0.4236052632331848,0.5602595103451423,2.184874,5.203144,0.5260533,0.40915906,0.56822264,IDP-ESM2-8M,93,288,0.0462496280670166,0.06099891662597656,0.005804721017475423,0.0144461989402771,0.007963131599742934
Q85305,3.5165631771087646,8.396141052246094,0.5150491284927229,0.4005700647830963,0.6198556385010322,3.3560934,7.8401127,0.51809084,0.40607205,0.64032054,IDP-ESM2-8M,93,288,0.16046977043151855,0.5560283660888672,0.003041715661635025,0.005501985549926758,0.020464900973455102
Q85470,2.344582319259644,5.621095180511475,0.5596028068600463,0.4444097876548767,0.5695881601999319,2.3878956,5.704553,0.5582757,0.4424782,0.569089,IDP-ESM2-8M,93,288,0.043313264846801314,0.08345794677734375,0.001327107244567749,0.0019315779209136963,0.0004991647432363022
Q85513,1.8949766159057613,4.419712543487549,0.5067199996568114,0.3896359503269195,0.5979269381620702,1.8109074,4.3501463,0.5488912,0.4331914,0.542485,IDP-ESM2-8M,93,288,0.08406925201415971,0.06956624984741211,0.042171187057361004,0.043555438518524225,0.05544193945906728
Q85653,2.4609503746032715,5.957133769989014,0.545082719316416,0.410690039396286,0.5662023760763216,2.5652003,6.1110954,0.55013186,0.43072838,0.57088876,IDP-ESM2-8M,93,288,0.10424995422363281,0.1539616584777832,0.005049138078756066,0.020038336515426636,0.004686381629366854
Q856E0,2.435454607009888,5.6183671951293945,0.5305887221506275,0.4171556532382965,0.5806959110898052,2.4531496,5.8091574,0.5244589,0.40748146,0.5919153,IDP-ESM2-8M,93,288,0.01769495010375932,0.19079017639160156,0.006129836957756374,0.00967419147491455,0.011219398339363473
Q856H1,2.8331897258758545,6.36356258392334,0.4702870814017852,0.3522939682006836,0.6935978143900166,2.7956688,6.5490394,0.5122113,0.40081206,0.6273962,IDP-ESM2-8M,93,288,0.0375208854675293,0.18547677993774414,0.041924241382638616,0.048518091440200806,0.0662015884607563
Q857F1,1.9089175462722776,4.624036312103272,0.561308883866015,0.4420055150985718,0.5577346976328741,2.0537035,4.904766,0.5342071,0.4263876,0.60233116,IDP-ESM2-8M,93,288,0.14478600025177024,0.2807297706603995,0.027101778229418283,0.015617907047271729,0.04459646386614935
Q858H2,2.2714977264404297,5.358869552612305,0.5342302510248212,0.4173140227794647,0.5801727786191603,2.2429013,5.3251486,0.5349924,0.41759482,0.5771942,IDP-ESM2-8M,93,288,0.02859640121459961,0.033720970153808594,0.0007621458066912057,0.00028079748153686523,0.0029785647519727787
Q858N3,1.8922052383422847,4.47996711730957,0.5791652984593342,0.4680044054985046,0.5447027148653096,1.8838099,4.5600877,0.56972855,0.45279568,0.5558075,IDP-ESM2-8M,93,288,0.008395314216613325,0.08012056350708008,0.009436745164198679,0.015208721160888616,0.011104756410019956
Q859F3,2.734153985977173,6.318538665771484,0.5233399169290743,0.4209075570106506,0.6239964012100694,2.5996625,6.144376,0.5376482,0.42248094,0.59822506,IDP-ESM2-8M,93,288,0.1344914436340332,0.1741628646850586,0.014308284059695198,0.0015733838081360418,0.025771344084977832
Q859H4,1.7651139497756958,3.9370038509368896,0.5174478976452815,0.4167422354221344,0.5930447487749337,1.8586471,4.401148,0.52407295,0.4187577,0.60166687,IDP-ESM2-8M,93,288,0.09353315830230713,0.4641439914703369,0.006625047472668899,0.0020154714584350586,0.00862211895806797
Q859K4,2.1587185859680176,5.097195625305176,0.5346513340258904,0.426057904958725,0.588895845737231,2.0396233,4.8531637,0.53552073,0.4206955,0.58328027,IDP-ESM2-8M,93,288,0.1190953254699707,0.2440319061279297,0.0008693983769111346,0.005362391471862793,0.005615580405962661
Q86596,1.882698655128479,4.648428440093994,0.5873258983020551,0.467346727848053,0.5371975945706325,1.852715,4.466166,0.57958686,0.46387485,0.53449345,IDP-ESM2-8M,93,288,0.02998363971710205,0.18226242065429688,0.00773903478429383,0.003471881151199341,0.0027041482205348855
Q86686,3.3214545249938965,8.03752326965332,0.5645053835189233,0.4517839848995209,0.5568790641605972,3.4963484,8.364189,0.5576633,0.43621206,0.57598025,IDP-ESM2-8M,93,288,0.17489385604858398,0.32666587829589844,0.006842062023867168,0.015571922063827515,0.019101181906449938
Q86818,1.4876006841659546,3.572122573852539,0.5692326195295089,0.4518249630928039,0.5451275872917117,1.6384296,4.0129175,0.5734376,0.45089012,0.51925296,IDP-ESM2-8M,93,288,0.15082895755767822,0.4407949447631836,0.004204951996064854,0.000934839248657171,0.025874631378168034
Q86965,2.3783392906188965,5.751488208770752,0.5976112481722505,0.482634425163269,0.5364590287377736,2.3531785,5.698508,0.5744378,0.45044383,0.5537555,IDP-ESM2-8M,93,288,0.025160789489746094,0.05298042297363281,0.02317345110270097,0.032190591096877996,0.017296493036518368
Q87071,1.948654770851136,4.759888648986816,0.5635627598269471,0.4400036334991455,0.5518850962980043,2.0795193,5.0608234,0.5689781,0.44215405,0.52812916,IDP-ESM2-8M,93,288,0.13086450099945002,0.3009347915649414,0.005415311385821409,0.002150416374206543,0.023755935893798985
Q87072,2.4061946868896484,5.804715633392334,0.5394152214944695,0.4211857616901397,0.5565024738010351,2.3891098,5.6776757,0.5391209,0.41835278,0.5570339,IDP-ESM2-8M,93,288,0.017084836959838867,0.12703990936279297,0.00029430894258963836,0.002832978963851873,0.0005314226451929027
Q87076,3.753006219863892,8.945398330688477,0.649548686790597,0.5891907215118408,0.5308010439188987,4.070539,9.412128,0.60597813,0.5172332,0.65083456,IDP-ESM2-8M,93,288,0.31753277778625444,0.46673011779785156,0.043570555496346475,0.071957528591156,0.1200335164753884
Q87171,1.7494467496871948,4.258360385894775,0.5334888366730726,0.4159649610519409,0.5612692466431053,1.8142806,4.3031907,0.53836316,0.42606938,0.558336,IDP-ESM2-8M,93,288,0.0648338794708252,0.044830322265625,0.004874322029777778,0.01010441780090332,0.0029332271271140797
Q87172,1.890057682991028,4.359037399291992,0.5302610410284494,0.4273333847522735,0.5916420989134623,1.9078759,4.5819464,0.54923177,0.43038908,0.5486984,IDP-ESM2-8M,93,288,0.01781821250915505,0.22290897369384766,0.018970726625969547,0.0030556917190552313,0.04294367362049356
Q87175,1.8407248258590696,4.288876533508301,0.5256045417096474,0.4159977436065674,0.5911310572184396,1.9557928,4.73746,0.5522876,0.427816,0.5389928,IDP-ESM2-8M,93,288,0.11506795883178733,0.44858360290527344,0.02668303687311624,0.011818259954452515,0.05213823504818205
Q87177,1.9158358573913568,4.481898784637451,0.5518306513848277,0.4471443891525268,0.5680301467157227,1.9075553,4.5859365,0.5438898,0.4247035,0.55803704,IDP-ESM2-8M,93,288,0.008280515670775701,0.10403776168823242,0.007940830809113564,0.022440880537033026,0.009993104097924865
Q87184,1.900517582893372,4.497279167175293,0.5291359039539847,0.4247347116470337,0.5889386206947803,2.0011218,4.780045,0.5453051,0.42727175,0.5595034,IDP-ESM2-8M,93,288,0.10060417652130083,0.28276586532592773,0.0161691693072763,0.0025370419025421143,0.029435244210863076
Q87189,1.9887704849243164,4.6917219161987305,0.5344175109716705,0.4248858392238617,0.5937061656736464,1.958368,4.73453,0.5535409,0.429884,0.54628116,IDP-ESM2-8M,93,288,0.030402541160583496,0.04280805587768555,0.01912337447678536,0.004998147487640381,0.04742500674954364
Q87190,1.9445347785949707,4.694295406341553,0.553933149292858,0.4353905916213989,0.5539390726152577,1.9844233,4.7859774,0.5503694,0.4282595,0.55160403,IDP-ESM2-8M,93,288,0.03988850116729736,0.09168195724487305,0.003563767388255923,0.007131099700927734,0.0023350400987781628
Q87209,1.883392333984375,4.4453558921813965,0.5465096491508042,0.4372758567333221,0.5672730921857321,1.7914507,4.3448925,0.55963284,0.43762666,0.5341699,IDP-ESM2-8M,93,288,0.09194159507751465,0.1004633903503418,0.01312318862156514,0.00035080313682561703,0.03310317984747524
Q87272,1.8023443222045896,4.1998209953308105,0.5405051997787704,0.4354568123817444,0.5811455637831328,1.7850122,4.326704,0.55588245,0.43394285,0.5435339,IDP-ESM2-8M,93,288,0.017332077026366965,0.12688302993774414,0.015377254139686602,0.0015139579772949219,0.0376116425413725
Q87273,1.910977125167847,4.721356391906738,0.5415328087945649,0.4067498445510864,0.5653223686203145,1.9942017,4.8474793,0.5576264,0.4315761,0.53804165,IDP-ESM2-8M,93,288,0.0832245349884031,0.12612295150756836,0.016093617425375295,0.024826258420944214,0.0272807173713826
Q87596,1.5309635400772097,3.609955549240112,0.5462609251144986,0.4321434795856476,0.5638420134149029,1.5324557,3.7098396,0.55697834,0.44161677,0.54770947,IDP-ESM2-8M,93,288,0.0014921426773069069,0.09988403320312544,0.010717419802798722,0.009473294019699097,0.016132548388047452
Q89267,1.7680599689483645,4.277081489562988,0.5743777185003984,0.4566713571548462,0.5394190344364743,1.6034496,3.8571122,0.55257297,0.43927416,0.55818,IDP-ESM2-8M,93,288,0.1646103858947756,0.4199693202972412,0.021804752878450184,0.017397195100784302,0.018760940119494918
Q8AEV4,2.1481375694274902,4.912395000457764,0.5174260460672568,0.4151901304721832,0.6045366812370412,2.0964513,4.9496303,0.5346624,0.421305,0.5809899,IDP-ESM2-8M,93,288,0.05168628692626953,0.037235260009765625,0.01723637945077905,0.006114870309829712,0.023546783985912034
Q8AEV6,2.150338649749756,4.8571295738220215,0.5164563523246277,0.4163385331630707,0.6169753997666524,2.0940442,4.9507184,0.53546876,0.42098603,0.5800906,IDP-ESM2-8M,93,288,0.05629444122314453,0.09358882904052734,0.019012404827929652,0.004647493362426758,0.03688481739589433
Q8AEV8,2.188788414001465,5.043856620788574,0.5309638238212355,0.4405152201652527,0.5880627819902898,2.1054153,4.945859,0.52746093,0.41687182,0.5936199,IDP-ESM2-8M,93,288,0.0833730697631836,0.09799766540527344,0.0035028910896071075,0.023643404245376587,0.005557101070165493
Q8AM83,1.9252958297729488,4.68759298324585,0.5717770132053521,0.4607213735580444,0.5595193778371615,1.9868807,4.8218503,0.5853515,0.46717852,0.5128809,IDP-ESM2-8M,93,288,0.061584830284119096,0.13425731658935547,0.01357451353186101,0.006457149982452448,0.04663845647333098
Q8ATK1,1.510115146636963,3.6488771438598633,0.529168035765292,0.3978473544120788,0.5635689819017229,1.4758847,3.5603666,0.5610118,0.44553104,0.5324918,IDP-ESM2-8M,93,288,0.03423047065734863,0.08851051330566406,0.031843755463956014,0.04768368601799017,0.0310771787324724
Q8B5D2,2.948056697845459,6.392031192779541,0.4200383422976778,0.3590063452720642,0.8713689999373455,2.9414556,6.8336244,0.5019874,0.40163216,0.68451077,IDP-ESM2-8M,93,288,0.006601095199584961,0.4415931701660156,0.08194905537306807,0.04262581467628479,0.18685823247747613
Q8B5E1,3.154872417449951,7.609166145324707,0.524475898246269,0.4016056060791015,0.6322068969892819,2.999895,7.07323,0.52470136,0.41181666,0.62994623,IDP-ESM2-8M,93,288,0.15497732162475586,0.5359363555908203,0.0002254586415484372,0.01021105051040655,0.002260665147240881
Q8B6B2,3.737600088119507,8.77453899383545,0.5270346408122388,0.4015873670578003,0.5944841450558007,4.2810893,10.123545,0.5296663,0.40763527,0.60543245,IDP-ESM2-8M,93,288,0.5434892177581787,1.3490056991577148,0.0026316637760790407,0.0060479044914245605,0.01094830571553107
Q8BCG5,2.756294012069702,6.295297622680664,0.5090769568102451,0.4077019095420837,0.6329442110314706,2.6720786,6.268827,0.51896167,0.4071694,0.61625236,IDP-ESM2-8M,93,288,0.08421540260314941,0.026470661163330078,0.009884711204281249,0.0005325078964232843,0.016691848303351686
Q8BEN1,4.573805332183838,10.128045082092283,0.514067023861418,0.4043739140033722,0.6301421437000531,4.546225,10.733473,0.54023755,0.424344,0.61546165,IDP-ESM2-8M,93,288,0.02758026123046875,0.6054277420043963,0.026170522105684046,0.019970089197158813,0.014680496189524495
Q8J4J0,1.9325717687606807,4.593986988067627,0.55837083010165,0.4444997012615204,0.562425373169328,1.7892618,4.336299,0.5600209,0.4396691,0.5491581,IDP-ESM2-8M,93,288,0.1433099508285518,0.257688045501709,0.0016500935128519467,0.004830598831176758,0.013267276855851384
Q8JKR9,3.447957754135132,8.349820137023926,0.5999740900751517,0.4640620946884155,0.561510353540078,3.4290388,8.259896,0.5867135,0.47140437,0.61703324,IDP-ESM2-8M,93,288,0.018918991088867188,0.08992385864257812,0.013260597204820868,0.007342278957366943,0.055522889639243234
Q8JL45,3.383532762527466,7.941946983337402,0.6081667359726798,0.4837362170219421,0.5373094268223522,3.262574,8.007124,0.60503054,0.472426,0.5216486,IDP-ESM2-8M,93,288,0.12095880508422852,0.06517696380615234,0.0031361993210684558,0.011310219764709417,0.015660841025995964
Q8JLL5,2.602977991104126,6.146408557891846,0.5008143550156455,0.3950321674346924,0.6223136323362939,2.757484,6.471274,0.52181494,0.40734893,0.60193914,IDP-ESM2-8M,93,288,0.15450596809387207,0.32486534118652344,0.021000587344278787,0.012316763401031494,0.020374490585958194
Q8JM67,3.121939182281494,7.706883430480957,0.6499895127907154,0.5369358658790588,0.499516021293055,3.0801377,7.8467374,0.6964091,0.53979665,0.39484003,IDP-ESM2-8M,93,288,0.04180145263671875,0.13985395431518555,0.04641959346386226,0.0028607845306396484,0.10467598943079609
Q8JQG9,2.792051076889038,6.6367292404174805,0.5155678778507654,0.4021358489990234,0.640732871836789,3.275507,7.6674404,0.5342115,0.42346126,0.6111797,IDP-ESM2-8M,93,288,0.4834558963775635,1.0307111740112305,0.01864363852954465,0.02132540941238409,0.029553162402279676
Q8JQR2,2.7597250938415527,6.218890190124512,0.4971451227475224,0.3942276835441589,0.6730705924684004,3.134032,7.3514524,0.5298418,0.4172116,0.6154578,IDP-ESM2-8M,93,288,0.37430691719055176,1.1325621604919434,0.03269665791501419,0.022983908653259333,0.05761281925978223
Q8JQS3,2.839595317840576,6.606118202209473,0.5295437065792523,0.4056571125984192,0.612291843524395,3.155757,7.4211836,0.5395813,0.42426786,0.5974205,IDP-ESM2-8M,93,288,0.3161616325378418,0.8150653839111328,0.010037592248872684,0.018610745668411255,0.0148713298944817
Q8JRY1,2.2093045711517334,5.170777797698975,0.5785286450215075,0.477550208568573,0.5561692442489885,2.269226,5.8648734,0.68459934,0.53134036,0.37884963,IDP-ESM2-8M,93,288,0.0599215030670166,0.6940956115722656,0.10607069494049814,0.053790152072906494,0.17731961866152512
Q8JXK6,1.599881649017334,3.7541327476501465,0.5220188844757185,0.4047066569328308,0.5908567807065639,1.5764606,3.7813878,0.54579496,0.43352783,0.55304426,IDP-ESM2-8M,93,288,0.023421049118041992,0.02725505828857422,0.023776079360951385,0.028821170330047607,0.03781252115837663
Q8JYS1,2.771571636199951,6.861899375915527,0.6034834813180062,0.4509390890598297,0.5169193605370639,2.91283,7.0131984,0.573502,0.45546755,0.5695028,IDP-ESM2-8M,93,288,0.14125847816467285,0.15129899978637695,0.029981477171430293,0.004528462886810303,0.05258341036366243
Q8LT64,2.154839277267456,4.9559102058410645,0.5129868036452448,0.4041436910629272,0.6316339162810163,1.9187193,4.5666184,0.5290018,0.4154439,0.5870238,IDP-ESM2-8M,93,288,0.23611998558044434,0.38929176330566406,0.016014968758472192,0.011300206184387263,0.04461012162998479
Q8QLE8,3.005034208297729,7.457358837127685,0.6375197782754326,0.5165477991104126,0.5062460641976594,3.16125,7.9949055,0.6809117,0.52712387,0.4164315,IDP-ESM2-8M,93,288,0.15621590614318892,0.5375466346740732,0.043391941523609145,0.010576069355010986,0.08981457759106148
Q8QN60,2.434586763381958,5.82832145690918,0.5338164569059423,0.4166022837162018,0.5864952170802546,2.4794714,5.888363,0.5357325,0.4193912,0.58050287,IDP-ESM2-8M,93,288,0.044884681701660156,0.06004142761230469,0.0019160507997462162,0.002788931131362915,0.005992349381585216
Q8QNS2,2.0031955242156982,5.033370971679688,0.616963294876384,0.4711450636386871,0.5169226798540885,2.2528694,5.631761,0.62898374,0.49404526,0.48235688,IDP-ESM2-8M,93,288,0.24967384338378906,0.5983901023864737,0.012020441161823991,0.022900193929672297,0.034565803719216026
Q8QNS5,1.947186589241028,4.501284599304199,0.5057230523962324,0.4038415551185608,0.6213099008311741,1.8809025,4.4298153,0.5171023,0.41011268,0.6125511,IDP-ESM2-8M,93,288,0.06628406047821067,0.07146930694580078,0.01137924872452567,0.0062711238861083984,0.008758807729672635
Q8QPP9,1.9234176874160769,4.854743480682373,0.5638765394334347,0.4303420782089233,0.5435224159030392,1.9753561,4.7717876,0.56021434,0.44047183,0.5445045,IDP-ESM2-8M,93,288,0.05193841457366921,0.08295583724975586,0.003662198746636647,0.010129749774932917,0.000982107374243535
Q8QPS6,1.9743536710739136,4.852754592895508,0.5815733225380246,0.4482566714286804,0.5290976135453958,2.052348,4.983122,0.5729313,0.4508005,0.5343252,IDP-ESM2-8M,93,288,0.07799422740936279,0.13036727905273438,0.008642032865173066,0.002543836832046509,0.005227568892500978
Q8QPU8,1.977611064910889,4.85371208190918,0.5582803964923749,0.4311583042144775,0.5555637765679781,2.0947328,5.035703,0.55986065,0.43967578,0.5524599,IDP-ESM2-8M,93,288,0.11712169647216775,0.1819911003112793,0.001580250232325997,0.008517473936080988,0.0031038809571687365
Q8QRI8,3.174679756164551,7.366204738616943,0.5267336728407764,0.3904328942298889,0.6082309493842382,3.419263,8.11401,0.5407427,0.4258303,0.5978486,IDP-ESM2-8M,93,288,0.2445831298828125,0.747805118560791,0.014009022490797052,0.03539741039276123,0.010382355195547976
Q8QRK4,3.138322830200196,7.414752006530762,0.5167909484802967,0.4031241238117218,0.6268273429932794,3.363741,8.014935,0.55308956,0.43236303,0.57361627,IDP-ESM2-8M,93,288,0.2254180908203116,0.6001825332641602,0.036298610597919834,0.029238909482955933,0.053211076742669006
Q8QUL3,1.7046411037445068,4.059848308563232,0.5304932365894973,0.4373002648353576,0.5800296216301103,1.7468427,4.2080584,0.55476934,0.43513888,0.543169,IDP-ESM2-8M,93,288,0.04220163822174072,0.1482100486755371,0.024276100587779292,0.0021613836288451593,0.03686060002366498
Q8QUU2,2.8506433963775635,7.297249317169189,0.6551992215088784,0.534177839756012,0.5104525482176612,3.2086267,7.923161,0.6482229,0.51687944,0.5331461,IDP-ESM2-8M,93,288,0.3579833507537842,0.6259117126464853,0.006976298230069844,0.017298400402069092,0.02269353513728878
Q8QUW5,2.4320273399353027,5.876352310180664,0.5462673796075698,0.4163845777511596,0.5613852759812457,2.4843936,5.928946,0.54526186,0.42346883,0.5688356,IDP-ESM2-8M,93,288,0.05236625671386719,0.05259370803833008,0.0010055197137709415,0.007084250450134333,0.007450340130509714
Q8QVQ9,2.63485050201416,6.026561737060547,0.4952932180325662,0.3775209188461303,0.6308584932163025,2.824872,6.6458406,0.5160383,0.4020192,0.6081723,IDP-ESM2-8M,93,288,0.19002151489257812,0.6192789077758789,0.02074508057430635,0.024498283863067682,0.022686195738580328
Q8QYT4,1.434879183769226,3.239114999771118,0.5236702770514757,0.4328108131885528,0.5693005743230282,1.5441595,3.7047381,0.54266196,0.4280473,0.5498234,IDP-ESM2-8M,93,288,0.10928034782409668,0.465623140335083,0.018991687841865335,0.004763513803482,0.01947717096456869
Q8QYT7,1.4327932596206665,3.4575486183166504,0.5222335990770353,0.4034828543663025,0.5719415788547738,1.4497466,3.4470384,0.5336392,0.4252964,0.56287104,IDP-ESM2-8M,93,288,0.016953349113464355,0.01051020622253418,0.011405593504141498,0.021813541650772095,0.009070539941047007
Q8UU17,2.2879912853240967,5.466794490814209,0.5126764410404888,0.4029106497764587,0.6038047467698446,2.4166987,5.7416277,0.53641564,0.418321,0.5744553,IDP-ESM2-8M,93,288,0.1287074089050293,0.27483320236206055,0.02373919549897041,0.015410363674163874,0.02934942593473111
Q8UZB3,3.555074453353882,8.5419282913208,0.5360271883980693,0.413186639547348,0.5733980258392459,3.6270063,8.613305,0.5374867,0.41304457,0.5798028,IDP-ESM2-8M,93,288,0.07193183898925781,0.07137680053710938,0.0014594840033589351,0.00014206767082214355,0.006404785306536542
Q8UZG8,3.07501220703125,5.462040901184082,0.2001741214856529,0.2573854327201843,1.7463611578402851,4.255291,9.447213,0.40685093,0.34838626,0.8878075,IDP-ESM2-8M,93,288,1.1802787780761719,3.9851722717285156,0.2066768125429726,0.09100082516670227,0.8585536693988178
Q8V337,3.856855392456055,9.308316230773926,0.6003941452028888,0.4800785779953003,0.5233488055597612,3.3530838,7.9368944,0.5417766,0.42469868,0.5950924,IDP-ESM2-8M,93,288,0.5037715435028081,1.3714218139648438,0.058617547703041395,0.055379897356033325,0.0717436102498702
Q8V339,3.701465368270874,8.605045318603516,0.5492102612714823,0.4285610914230346,0.6162182026717549,3.4950202,8.310932,0.55583864,0.43338722,0.5720519,IDP-ESM2-8M,93,288,0.20644521713256836,0.2941131591796875,0.006628383233064805,0.004826128482818659,0.04416631992791942
Q8V364,3.920478820800781,9.18545627593994,0.6030217305557433,0.487221360206604,0.5432634533842173,3.5397794,8.473098,0.5732252,0.4468701,0.5543222,IDP-ESM2-8M,93,288,0.3806993961334224,0.7123584747314435,0.02979653037950425,0.040351271629333496,0.011058729747954299
Q8V367,4.015772342681885,9.670677185058594,0.6219443856111905,0.5075842142105103,0.500631597070092,3.5981421,8.622615,0.57909924,0.4509929,0.5424913,IDP-ESM2-8M,93,288,0.4176301956176758,1.0480623245239258,0.042845147692336716,0.056591302156448364,0.04185971972525715
Q8V371,3.969528198242188,9.381158828735352,0.6011884708763794,0.4854299128055572,0.5358187746697379,3.6386614,8.69685,0.5759164,0.44913128,0.55239654,IDP-ESM2-8M,93,288,0.3308668136596684,0.6843090057373047,0.025272061383886713,0.03629863262176508,0.016577761203675156
Q8V5H6,2.6432275772094727,6.176392078399658,0.5507988528702362,0.4434957206249237,0.571960400271244,2.7287042,6.5149417,0.5555312,0.43308514,0.5701644,IDP-ESM2-8M,93,288,0.08547663688659668,0.3385496139526367,0.004732350876559432,0.010410577058792114,0.0017960178135107974
Q8V5I4,2.691331148147583,6.4172682762146,0.5357774855394194,0.4160692989826202,0.5979881164106272,2.7648726,6.5561576,0.5351506,0.41645667,0.6000319,IDP-ESM2-8M,93,288,0.07354140281677246,0.13888931274414062,0.0006268979806730579,0.0003873705863953192,0.0020437959161855312
Q8V636,2.71357536315918,6.390915393829346,0.5443825059449006,0.4459574222564697,0.572550764899569,2.875083,6.598963,0.4852028,0.3954659,0.705102,IDP-ESM2-8M,93,288,0.1615076065063472,0.20804738998413086,0.05917971663825994,0.050491511821746826,0.1325512615629859
Q8V650,1.7523815631866455,4.269736289978027,0.5658147805638999,0.4410756826400757,0.5394186733431509,1.5743091,3.7906182,0.55153704,0.4371697,0.553875,IDP-ESM2-8M,93,288,0.17807245254516602,0.47911810874938965,0.014277743668147935,0.0039059817790985107,0.014456355743915794
Q8V652,1.703863263130188,3.998828172683716,0.5186743997876722,0.4171747863292694,0.6002744330446044,1.7327092,4.140993,0.5413624,0.42751452,0.5665317,IDP-ESM2-8M,93,288,0.028845906257629395,0.142164945602417,0.022688005035631065,0.010339736938476562,0.033742715267352175
Q8V654,1.737727403640747,4.16911506652832,0.5522888604652915,0.4327672123908996,0.5562895476725508,1.6832073,4.0546947,0.55265534,0.43650517,0.55190015,IDP-ESM2-8M,93,288,0.0545201301574707,0.11442041397094727,0.00036647877573636745,0.00373795628547674,0.004389399280827155
Q8V660,1.7756600379943848,4.416518688201904,0.5616748402426454,0.4425028264522552,0.5523557687210152,1.796188,4.285889,0.54049444,0.4283604,0.5733664,IDP-ESM2-8M,93,288,0.020527958869934082,0.1306295394897461,0.021180398256561372,0.014142423868179266,0.021010634858696697
Q8V6V1,1.9892088174819944,4.696263313293457,0.5807899422829736,0.4666244387626648,0.5558689338245504,1.7497159,4.162092,0.5527234,0.4491671,0.59717506,IDP-ESM2-8M,93,288,0.23949289321899392,0.5341711044311523,0.02806653453761232,0.01745733618736267,0.04130612787817789
Q8W6W3,3.3309218883514404,8.497138977050781,0.6253448307655541,0.4877522587776184,0.5191239087180367,3.1865077,7.8555274,0.6147406,0.47601414,0.51610434,IDP-ESM2-8M,93,288,0.14441418647766113,0.6416115760803223,0.010604220642873474,0.011738121509552002,0.003019568164753017
Q8W6Y8,2.7941370010375977,6.759954929351807,0.5563694306279362,0.4303816258907318,0.5532086210200301,2.7509606,6.5756817,0.5496488,0.42324886,0.56482387,IDP-ESM2-8M,93,288,0.04317641258239746,0.18427324295043945,0.006720609274023848,0.007132768630981445,0.01161524487047283
Q90060,1.8251632452011108,4.446454048156738,0.5830472467248652,0.4541393518447876,0.528179039666466,1.7294446,4.223398,0.57596225,0.45421875,0.52639353,IDP-ESM2-8M,93,288,0.0957186222076416,0.22305583953857422,0.007085001260540236,7.939338684082031e-05,0.0017855069134752322
Q902W3,1.4889745712280271,3.4983103275299072,0.4826523422186125,0.393117606639862,0.6485752286373986,1.4591936,3.3631775,0.5041153,0.4109711,0.6270669,IDP-ESM2-8M,93,288,0.0297809839248655,0.1351327896118164,0.02146294127061482,0.01785349845886236,0.02150831837052236
Q90CH1,2.5078065395355225,5.915487289428711,0.5036701327394952,0.3987602591514587,0.6354346854885469,2.6880462,6.298726,0.5257496,0.4184099,0.61256486,IDP-ESM2-8M,93,288,0.18023967742919922,0.3832387924194336,0.022079491035986942,0.01964965462684637,0.02286982371410229
Q90QE2,2.352693796157837,5.612348556518555,0.5063485419723209,0.3893942534923553,0.6226275623679033,2.259847,5.3162265,0.5281119,0.41543815,0.5932912,IDP-ESM2-8M,93,288,0.09284687042236328,0.29612207412719727,0.021763333084899528,0.026043891906738337,0.02933633931873947
Q90QF6,2.382713079452514,5.444692611694336,0.5000577428879452,0.4060013592243194,0.6438100351998726,2.3380446,5.502714,0.53051513,0.4166145,0.5847434,IDP-ESM2-8M,93,288,0.044668436050414595,0.05802154541015625,0.030457391446618964,0.010613143444061335,0.05906665465330274
Q90SM4,1.7479063272476196,4.284599781036377,0.5604958148190221,0.4420609772205353,0.5459118575851571,1.8135626,4.3369236,0.54612195,0.4322759,0.5605158,IDP-ESM2-8M,93,288,0.06565630435943604,0.05232381820678711,0.014373859901114394,0.009785085916519165,0.014603963394914876
Q90VH2,2.589816093444824,5.9305572509765625,0.4787197424800388,0.3827978372573852,0.6967195169755079,2.711786,6.356401,0.5245961,0.41478798,0.6129746,IDP-ESM2-8M,93,288,0.12196993827819824,0.4258437156677246,0.04587635260510525,0.03199014067649847,0.08374493287287732
Q912E2,2.417923927307129,5.640085220336914,0.5332725291440004,0.4010796248912811,0.5756165597789419,2.3797805,5.6519446,0.53128904,0.4123428,0.5753106,IDP-ESM2-8M,93,288,0.03814339637756348,0.011859416961669922,0.0019834881016724815,0.011263161897659357,0.0003059718959462776
Q912E3,2.7283153533935547,6.458243370056152,0.5174258083632203,0.3975807428359985,0.5956940912552574,2.8035944,6.5506105,0.5143182,0.4007726,0.6191479,IDP-ESM2-8M,93,288,0.07527899742126465,0.09236717224121094,0.0031075805952759383,0.003191858530044611,0.02345380551140519
Q912E6,2.436033010482788,5.601041316986084,0.515564127877964,0.4102964103221893,0.599575181008363,2.519411,5.93347,0.52362883,0.40785992,0.593369,IDP-ESM2-8M,93,288,0.08337807655334473,0.3324284553527832,0.008064703031764986,0.0024364888668059748,0.006206173897767342
Q914M9,1.5420461893081665,3.74367618560791,0.5891885168281381,0.4737049341201782,0.5256389851532404,1.5177205,3.6755419,0.56549776,0.45261386,0.5594371,IDP-ESM2-8M,93,288,0.02432572841644287,0.06813430786132812,0.023690760823804613,0.021091073751449585,0.033798110965686634
Q917U3,2.701866388320923,6.266878604888916,0.4918978337386126,0.3702560365200043,0.6585859749988671,2.640083,6.0226727,0.47481087,0.38374695,0.69003457,IDP-ESM2-8M,93,288,0.0617833137512207,0.24420595169067383,0.017086965236949414,0.013490915298461914,0.03144859331091687
Q919P6,2.886072397232056,7.365871429443359,0.6665611078345541,0.5219743251800537,0.4886616076615487,2.9600854,7.558602,0.691273,0.54234886,0.42411155,IDP-ESM2-8M,93,288,0.07401299476623491,0.19273042678833008,0.024711866179728093,0.020374536514282227,0.06455006257564172
Q91BD7,3.0209875106811523,7.229867935180664,0.6051070761510063,0.4811283946037292,0.5358426031341159,2.8445172,7.1417675,0.6375698,0.49313128,0.46480554,IDP-ESM2-8M,93,288,0.17647027969360352,0.08810043334960938,0.03246270896709669,0.012002885341644343,0.07103705971141694
Q91DT1,1.4921464920043943,3.645920515060425,0.5627783482903156,0.4523327648639679,0.5349678170087734,1.6031644,3.9451115,0.58105296,0.4564294,0.49753016,IDP-ESM2-8M,93,288,0.11101794242858909,0.2991909980773926,0.018274610674985925,0.004096627235412598,0.037437654674331244
Q91EW9,2.1456902027130127,5.104515552520752,0.5821228936154093,0.4959256649017334,0.5645250842719272,2.2961936,5.931807,0.6840158,0.53007984,0.39104906,IDP-ESM2-8M,93,288,0.15050339698791504,0.8272914886474609,0.10189291687424529,0.03415417671203613,0.17347602702667264
Q91EY8,2.2798213958740234,5.068883895874023,0.4281297187446744,0.3483848869800567,0.7395262137203537,2.5814416,5.7831087,0.4643298,0.38385567,0.7327973,IDP-ESM2-8M,93,288,0.3016202449798584,0.7142248153686523,0.03620009020574977,0.03547078371047979,0.006728889062913468
Q91FZ1,1.9481512308120728,4.758131504058838,0.5534961827866137,0.4333553314208984,0.5614338837051915,2.0431828,4.906692,0.5479848,0.43011966,0.56880647,IDP-ESM2-8M,93,288,0.09503161907196045,0.1485605239868164,0.005511403905540724,0.0032356679439544123,0.007372585735268666
Q91HB7,1.3957096338272097,3.339897394180298,0.5467777632178743,0.4302185177803039,0.5418405772005691,1.4621814,3.5513997,0.55747914,0.44212452,0.53682584,IDP-ESM2-8M,93,288,0.06647181510925271,0.2115023136138916,0.010701379924825893,0.011905997991561945,0.00501474149576564
Q91HB9,1.4705297946929932,3.628468990325928,0.5835031307144537,0.4630553424358368,0.518864704883938,1.4730653,3.5826535,0.5631218,0.4477456,0.5385781,IDP-ESM2-8M,93,288,0.0025354623794555664,0.0458154678344731,0.020381335060156824,0.015309751033782959,0.019713388167972412
Q91HC5,1.4270929098129272,3.4447991847991943,0.5582654703945238,0.4508726000785827,0.5371448814089227,1.4478235,3.5381408,0.559714,0.44503114,0.5346977,IDP-ESM2-8M,93,288,0.02073061466217041,0.09334158897399902,0.0014485489040296784,0.00584146380424494,0.002447169941179772
Q91HC6,1.441189169883728,3.512533187866211,0.5826620463230062,0.476786732673645,0.5088557292743896,1.486298,3.6045086,0.5554428,0.4420844,0.5432724,IDP-ESM2-8M,93,288,0.045108795166015625,0.09197545051574707,0.027219236264412472,0.03470233082771301,0.03441664678609624
Q91HD2,1.403245449066162,3.4252517223358154,0.5631551132559705,0.433503657579422,0.5211689791574714,1.4197873,3.4376419,0.5533214,0.44018942,0.5368096,IDP-ESM2-8M,93,288,0.01654183864593506,0.01239013671875,0.00983369210957763,0.006685763597488403,0.01564064408395316
Q91IB8,1.9164152145385744,4.536133766174316,0.5397400559399174,0.4186068475246429,0.5563729248727667,1.8125453,4.3357596,0.5482327,0.42896882,0.5510746,IDP-ESM2-8M,93,288,0.10386991500854514,0.20037412643432617,0.008492618658776485,0.010361969470977839,0.0052983008111822105
Q91IC2,1.9687762260437007,4.575587749481201,0.5069119576402291,0.398295521736145,0.6031686686194476,1.9253576,4.579468,0.53659517,0.41938528,0.5622342,IDP-ESM2-8M,93,288,0.043418645858764204,0.003880023956298828,0.02968320808929359,0.021089762449264526,0.04093444573050109
Q91IC3,1.8307876586914065,4.315728664398193,0.536394453948631,0.4299128651618957,0.5550004741198812,1.7778013,4.265688,0.5491845,0.4314355,0.5509014,IDP-ESM2-8M,93,288,0.052986383438110574,0.05004072189331055,0.012790047222481116,0.0015226304531097967,0.0040990611560139945
Q91J04,1.498690485954285,3.579329252243042,0.5409275972601223,0.4268697500228882,0.5594048079220425,1.5161895,3.6073132,0.5389979,0.42929426,0.5645172,IDP-ESM2-8M,93,288,0.01749897003173806,0.027983903884887695,0.0019297086950588183,0.0024245083332061768,0.005112392071091043
Q91J05,1.467923283576965,3.4409964084625244,0.5121931610300567,0.4080934524536133,0.592206774753412,1.5001881,3.594004,0.5488223,0.43488696,0.54727215,IDP-ESM2-8M,93,288,0.03226482868194602,0.15300750732421875,0.03662912271475527,0.02679350972175598,0.04493462900527356
Q91J06,1.4956494569778442,3.589371919631958,0.545996969358381,0.4384521842002868,0.5500625409904294,1.5203266,3.6290786,0.5446465,0.43337616,0.55176365,IDP-ESM2-8M,93,288,0.024677157402038574,0.03970670700073242,0.0013504678172433504,0.005076020956039373,0.0017011127647585944
Q91J12,1.488661289215088,3.5175621509552,0.5379345606959208,0.4276150166988373,0.5600129796665497,1.5052693,3.6239567,0.545771,0.4314404,0.543304,IDP-ESM2-8M,93,288,0.016607999801635742,0.10639452934265137,0.007836442073549388,0.0038253962993621826,0.016708953539688154
Q91J15,1.5292308330535889,3.6829004287719727,0.5561410207256244,0.4410905838012695,0.5481066790884938,1.4721949,3.5294616,0.5485494,0.43620872,0.54663867,IDP-ESM2-8M,93,288,0.05703592300415039,0.15343880653381348,0.007591607044594162,0.004881858825683538,0.0014680115050281772
Q91KJ0,2.52376127243042,5.642313957214356,0.4956063696750313,0.4158108830451965,0.6530891879659247,2.6753247,6.2725987,0.5091847,0.4029902,0.62656885,IDP-ESM2-8M,93,288,0.15156340599060059,0.6302847862243643,0.013578348456987743,0.012820690870284979,0.026520334110791688
Q91N87,2.1862685680389404,5.326135635375977,0.5730909165138942,0.4405888617038727,0.5378301882954697,2.0685732,4.8928494,0.53556675,0.42209047,0.58009714,IDP-ESM2-8M,93,288,0.11769533157348633,0.433286190032959,0.037524169325326096,0.018498390913009644,0.04226695058621366
Q91PE4,1.5832889080047607,3.828235149383545,0.5868541223932404,0.4768784344196319,0.5222624451869371,1.4728689,3.55202,0.5512537,0.43580696,0.5437431,IDP-ESM2-8M,93,288,0.11041998863220215,0.2762150764465332,0.03560044597875067,0.041071474552154486,0.021480628753340003
Q91PF9,1.708423733711243,4.009804725646973,0.5237452591471707,0.411992609500885,0.5855869160114061,1.7605793,4.2150126,0.5375259,0.4211911,0.56598324,IDP-ESM2-8M,93,288,0.052155613899230735,0.20520782470703125,0.013780633110519691,0.009198486804962158,0.01960368017537706
Q91PG3,1.6775833368301392,4.05040979385376,0.5227884648894972,0.4107648432254791,0.5761200635508904,1.6061003,3.8545113,0.54458714,0.42882085,0.5517847,IDP-ESM2-8M,93,288,0.07148301601409912,0.19589853286743164,0.021798670425444255,0.018056005239486694,0.024335369356096703
Q91PI7,1.6295028924942017,3.755120038986206,0.5308984233573912,0.3991474211215973,0.5709914743666629,1.6702104,4.0006847,0.53718215,0.4210037,0.5638769,IDP-ESM2-8M,93,288,0.04070746898651123,0.24556469917297363,0.006283728913879516,0.02185627818107605,0.007114547467706567
Q91QS1,2.175609827041626,5.019096374511719,0.5241551844733796,0.4139510989189148,0.5740601555110981,1.9675854,4.5647244,0.5049598,0.4007138,0.6180294,IDP-ESM2-8M,93,288,0.20802438259124756,0.45437192916870117,0.019195362772329805,0.013237297534942627,0.04396926009635427
Q91QS3,2.181024074554444,5.005103588104248,0.5138717578372034,0.4098919928073883,0.5869034542752384,2.101126,4.9450703,0.5174156,0.40511808,0.5944743,IDP-ESM2-8M,93,288,0.07989811897277876,0.060033321380615234,0.0035438252964941075,0.004773914813995361,0.007570861368072168
Q91QU6,2.156642198562622,5.1153178215026855,0.5181462538408379,0.4083280265331268,0.5900262261609089,1.9976337,4.5728006,0.4842383,0.390014,0.66904765,IDP-ESM2-8M,93,288,0.15900850296020508,0.5425171852111816,0.03390795709363026,0.018314033746719305,0.0790214275141704
Q91QZ4,2.0544512271881104,4.787442684173584,0.4996030695354302,0.384196937084198,0.5979544031737636,1.9916469,4.642133,0.4993709,0.39433423,0.6263474,IDP-ESM2-8M,93,288,0.06280434131622314,0.1453094482421875,0.00023216675871207126,0.010137289762496948,0.028393019426028898
Q91QZ5,2.1090662479400635,5.040611743927002,0.5254195204668987,0.4161820113658905,0.5673522072006767,2.0236733,4.7935534,0.5230279,0.40554613,0.5756708,IDP-ESM2-8M,93,288,0.08539295196533203,0.24705839157104492,0.002391623585795144,0.01063588261604309,0.008318571550696596
Q91R07,2.16670036315918,4.875428676605225,0.4915348723704601,0.3970865607261657,0.674097606469869,2.1332636,5.018758,0.5277838,0.4204355,0.6139529,IDP-ESM2-8M,93,288,0.033436775207519975,0.14332914352416992,0.03624893872191659,0.023348927497863825,0.06014473133253995
Q91S26,6.816432476043701,16.601736068725586,0.6252688928616341,0.4908829033374786,0.5879919270622175,5.0744925,12.406551,0.64648885,0.503165,0.54968107,IDP-ESM2-8M,93,288,1.7419400215148926,4.195184707641602,0.021219952486724036,0.01228210330009466,0.03831085959548164
Q91TH0,2.0291147232055664,4.8000969886779785,0.5229081679806091,0.4093762338161468,0.5909639368762225,2.1121442,5.0099835,0.5313685,0.4153454,0.5786638,IDP-ESM2-8M,93,288,0.08302950859069824,0.2098865509033203,0.008460326053204348,0.005969166755676325,0.012300110887452975
Q91TH1,2.1391584873199463,5.165140151977539,0.542742736002209,0.4222047030925751,0.5538664588393248,2.1518457,5.112695,0.5331172,0.41335145,0.5638784,IDP-ESM2-8M,93,288,0.012687206268310547,0.0524449348449707,0.009625560899975127,0.008853256702423096,0.010011958175750846
Q91TK2,3.2973742485046387,7.907477855682373,0.5901963401305075,0.4587273299694061,0.527185991284539,3.4465487,8.268175,0.5683954,0.44791666,0.57269615,IDP-ESM2-8M,93,288,0.14917445182800293,0.36069726943969727,0.021800963925063144,0.010810673236846868,0.04551015806467362
Q91TN0,2.405524492263794,5.678000450134277,0.5235568740461994,0.4141999185085296,0.5868460852980082,2.6206303,6.1166096,0.50864,0.39820513,0.61428684,IDP-ESM2-8M,93,288,0.21510577201843262,0.43860912322998047,0.01491688276278269,0.015994787216186468,0.027440754663997424
Q91TN2,3.592869758605957,8.435810089111328,0.4961662810579901,0.3791849613189697,0.6471975347315373,3.8196504,9.094683,0.5483951,0.42539185,0.59560883,IDP-ESM2-8M,93,288,0.22678065299987793,0.6588726043701172,0.05222881619771669,0.046206891536712646,0.05158870427957196
Q94MN5,2.176739454269409,5.294732570648193,0.5671636200677171,0.4425916671752929,0.551422845971653,2.2373679,5.4138064,0.57006323,0.45000705,0.5337959,IDP-ESM2-8M,93,288,0.060628414154052734,0.11907386779785156,0.0028996133078321717,0.0074153840541840155,0.01762695277936177
Q96677,2.170951128005981,5.254989147186279,0.5348906775855502,0.4100337326526642,0.566332316014782,2.2170062,4.9194603,0.46066597,0.381317,0.7183559,IDP-ESM2-8M,93,288,0.04605507850647017,0.3355288505554199,0.07422470654482449,0.028716742992401123,0.15202357807396316
Q96799,1.555556297302246,3.669537305831909,0.5286035049732087,0.4199643731117248,0.5906273841682385,1.63343,3.9336398,0.55415505,0.43847284,0.54203284,IDP-ESM2-8M,93,288,0.07787370681762695,0.2641024589538574,0.025551546735012698,0.01850846409797674,0.04859454630050164
Q98001,2.565275192260742,5.7763352394104,0.5181906196306489,0.4364849030971527,0.6207804803500433,2.691721,6.3970027,0.5409113,0.4284841,0.5932068,IDP-ESM2-8M,93,288,0.12644577026367188,0.6206674575805664,0.022720697240994125,0.008000791072845459,0.02757365747788143
Q98476,2.775557279586792,6.958582878112793,0.5116822866031984,0.3816170394420624,0.5955917636631815,3.1868362,7.537733,0.5261127,0.41315734,0.62080085,IDP-ESM2-8M,93,288,0.41127896308898926,0.5791501998901367,0.014430389063610716,0.03154030442237854,0.02520908911239228
Q98487,2.398437261581421,6.0521416664123535,0.5997965744587064,0.4623624384403229,0.515202807061505,2.3607464,5.723299,0.57752264,0.45677078,0.5491799,IDP-ESM2-8M,93,288,0.03769087791442871,0.3288426399230957,0.022273938998806475,0.005591660737991333,0.03397710455195935
Q991N9,1.629084825515747,3.7599518299102783,0.5211915049064176,0.424693614244461,0.5850299304229877,1.4312724,3.4234197,0.5472396,0.4344999,0.5485894,IDP-ESM2-8M,93,288,0.19781243801116943,0.3365321159362793,0.02604809670567343,0.009806275367736872,0.036440522025313116
Q991P5,1.398473620414734,3.308290481567383,0.520871027130837,0.4207556247711181,0.5790989634999198,1.3150973,3.2406182,0.57792,0.46032435,0.5126258,IDP-ESM2-8M,93,288,0.08337628841400169,0.0676722526550293,0.05704899249578044,0.03956872224807745,0.06647315001572796
Q991P6,1.415321707725525,3.3314990997314453,0.5262038700152869,0.4376565515995025,0.5780672309065843,1.2873383,3.1682413,0.5750776,0.4593016,0.518529,IDP-ESM2-8M,93,288,0.1279834508895874,0.16325783729553223,0.0488737233112817,0.02164503931999212,0.05953823300848249
Q991P7,1.4193427562713623,3.455162286758423,0.532010167540366,0.4337842464447021,0.5712922382889107,1.3355414,3.3247774,0.59373206,0.471872,0.48646075,IDP-ESM2-8M,93,288,0.08380138874053955,0.1303849220275879,0.0617218914615566,0.038087755441665705,0.08483149295428549
Q993H4,3.087693452835083,5.898580551147461,0.3127486993447992,0.2974962592124939,1.159749078478039,3.5580301,7.891946,0.41203132,0.3518583,0.8493032,IDP-ESM2-8M,93,288,0.4703366756439209,1.9933652877807617,0.09928262337286742,0.05436202883720398,0.3104458925382503
Q993Q8,2.0447707176208496,4.8013916015625,0.5588386480548491,0.4518353641033172,0.5608641941503532,1.9372699,4.605384,0.5446446,0.43082735,0.56743646,IDP-ESM2-8M,93,288,0.10750079154968262,0.19600772857666016,0.01419405386234418,0.021008014678955023,0.006572262529944695
Q994F3,2.2137610912323,5.191986083984375,0.5233196268112137,0.4039135873317718,0.5904684807978329,2.2258193,5.0068655,0.47182786,0.38805774,0.7022816,IDP-ESM2-8M,93,288,0.012058258056640625,0.1851205825805664,0.05149176216430207,0.015855848789215032,0.11181311347859535
Q99CW6,3.9450292587280273,9.234350204467772,0.5341026905626132,0.4124388098716736,0.6153044062174517,3.63248,8.557041,0.5326124,0.4182413,0.6217562,IDP-ESM2-8M,93,288,0.312549352645874,0.677309036254881,0.0014903071969820658,0.00580248236656189,0.006451789804581942
Q9DSX3,2.242037773132324,5.328271389007568,0.4807926327652732,0.3792286813259125,0.6589619552948545,2.1726587,4.9388814,0.4623761,0.37503088,0.69197536,IDP-ESM2-8M,93,288,0.06937909126281738,0.3893899917602539,0.018416544861296735,0.004197806119918823,0.03301339985346097
Q9DUB6,3.2990217208862305,7.898221492767334,0.4960021980222178,0.4015458822250366,0.6381285243556606,3.1513484,7.2270265,0.47357243,0.38487116,0.71232116,IDP-ESM2-8M,93,288,0.1476733684539795,0.6711950302124023,0.02242976502737526,0.016674727201461792,0.07419263786815533
Q9DUC0,3.376082181930542,8.238306999206543,0.4633757199733214,0.387803316116333,0.7268198084029363,3.6640928,8.246411,0.43671656,0.36906916,0.80778354,IDP-ESM2-8M,93,288,0.2880105972290039,0.008104324340820312,0.02665916342424912,0.0187341570854187,0.08096373566063186
Q9DUC3,2.717280387878418,6.051025390625,0.5222564743170948,0.4534649550914764,0.6357404472954277,2.5794845,6.0520573,0.5197891,0.42106742,0.66151685,IDP-ESM2-8M,93,288,0.13779592514038086,0.0010318756103515625,0.0024673746237964256,0.03239753842353815,0.025776397930860173
Q9DUC6,2.6131069660186768,6.0143866539001465,0.50752781400406,0.4227094650268554,0.6416573429622734,2.376614,5.309988,0.45624232,0.3859935,0.75704604,IDP-ESM2-8M,93,288,0.23649287223815918,0.7043986320495605,0.051285491082307066,0.03671595454215998,0.11538870091055986
Q9DVW6,2.541959285736084,6.328849315643311,0.6317028119695746,0.5048204064369202,0.5302748753194103,2.7035713,6.9199934,0.69487286,0.5434285,0.41800833,IDP-ESM2-8M,93,288,0.16161203384399414,0.591144084930419,0.06317004417056216,0.03860807418823242,0.11226654783527945
Q9DW22,3.868044376373291,9.053299903869627,0.4611062399349284,0.3739968240261078,0.7215304001198597,3.7598448,8.602983,0.45614612,0.3682591,0.74315953,IDP-ESM2-8M,93,288,0.1081995964050293,0.4503164291381818,0.004960118909842937,0.005737721920013428,0.021629132427137376
Q9DW68,1.6000823974609375,3.951344966888428,0.561236889570935,0.4403247535228729,0.5563476524271137,1.6592655,4.0434732,0.5676305,0.4444298,0.5269706,IDP-ESM2-8M,93,288,0.05918312072753906,0.09212827682495073,0.006393639832751541,0.004105061292648315,0.02937702750340765
Q9DWD6,4.6955180168151855,10.924694061279297,0.5071447643924963,0.3905933499336242,0.6256662762319206,4.26828,9.930199,0.4985001,0.38916874,0.65870184,IDP-ESM2-8M,93,288,0.42723798751831055,0.9944953918457031,0.008644655673624269,0.0014246106147765558,0.03303556083091508
Q9DWG9,4.779312610626221,11.107279777526855,0.5038281456342966,0.3841271996498108,0.6919582438240218,4.5927215,10.829596,0.5340249,0.41967678,0.6404358,IDP-ESM2-8M,93,288,0.18659114837646484,0.27768421173095703,0.030196748603221746,0.0355495810508728,0.05152242896653891
Q9DWH1,3.609585523605346,8.219359397888184,0.5413765262751872,0.4259637594223022,0.6088705141926924,3.702208,8.738911,0.5337713,0.42514187,0.63448787,IDP-ESM2-8M,93,288,0.0926225185394296,0.5195512771606445,0.007605249801188152,0.0008218884468078058,0.025617353162654233
Q9DWH9,3.386984348297119,7.169269561767578,0.306615232636624,0.2646591365337372,1.2484747211864482,3.9741578,9.164093,0.47276258,0.38430798,0.72370166,IDP-ESM2-8M,93,288,0.5871734619140625,1.9948234558105469,0.1661473520496553,0.11964884400367737,0.5247730653217326
Q9DYK3,2.200921535491944,5.104821681976318,0.5076664512243727,0.3999537229537964,0.6183279237852021,2.2737455,5.3476725,0.5283165,0.41651523,0.59323704,IDP-ESM2-8M,93,288,0.07282400131225542,0.24285078048706055,0.02065004657836167,0.016561508178710938,0.025090881358139083
Q9DYK6,2.229522943496704,5.1750006675720215,0.5076361596273604,0.4110752940177917,0.6213016520790188,2.2765894,5.362964,0.5300706,0.4174867,0.585693,IDP-ESM2-8M,93,288,0.047066450119018555,0.18796348571777344,0.02243444326646893,0.006411403417587336,0.035608650331887426
Q9DYY2,2.2649171352386475,5.266618251800537,0.4829512402533099,0.3767447769641876,0.6576735513814095,2.310175,5.4188013,0.52369905,0.4133265,0.6013576,IDP-ESM2-8M,93,288,0.0452578067779541,0.15218305587768555,0.04074780492796454,0.036581724882125854,0.056315972150147275
Q9DZ98,1.5808584690093994,3.9442782402038574,0.565806930740451,0.4432532489299774,0.5515790231781705,1.6238639,3.9725316,0.5767604,0.45885757,0.52945554,IDP-ESM2-8M,93,288,0.04300546646118164,0.02825331687927246,0.010953480522061243,0.01560431718826294,0.022123480613778446
Q9G051,1.8284605741500848,4.589011669158936,0.6132595447576819,0.4787460565567016,0.5153646740639496,1.7640638,4.358783,0.59960103,0.4761417,0.52216107,IDP-ESM2-8M,93,288,0.06439673900604181,0.23022890090942472,0.013658514407950406,0.0026043653488158625,0.006796392468185419
Q9G054,2.2590231895446777,5.6777424812316895,0.6307904269704973,0.492512971162796,0.5023225968252795,2.3745995,5.9702344,0.64016634,0.50433415,0.4796509,IDP-ESM2-8M,93,288,0.11557626724243164,0.2924919128417969,0.009375915287956116,0.011821180582046509,0.0226716821562426
Q9HBF8,2.2475473880767822,5.267479419708252,0.5238669742449731,0.4231783151626587,0.6086202863288308,2.257852,5.338375,0.53299564,0.42241675,0.59411705,IDP-ESM2-8M,93,288,0.010304689407348633,0.07089567184448242,0.009128666986563783,0.000761568546295166,0.01450324092630395
Q9IF13,2.324437141418457,5.332759380340576,0.499677732313189,0.4014951288700104,0.6373322819574628,2.381898,5.5993195,0.52719384,0.41522482,0.5950583,IDP-ESM2-8M,93,288,0.057460784912109375,0.26656007766723633,0.027516112005200877,0.013729691505432129,0.04227396000464301
Q9IF25,2.3105998039245605,5.293320178985596,0.5241452649121082,0.4373740255832672,0.6097345543640812,2.2250783,5.234473,0.52911997,0.41749212,0.5886683,IDP-ESM2-8M,93,288,0.08552145957946777,0.05884695053100586,0.004974703502198419,0.019881904125213623,0.021066267563696672
Q9IGT7,3.590585231781006,8.382528305053711,0.5108506852795512,0.3770790994167328,0.6316622633141724,3.6688151,8.700889,0.5417601,0.4189158,0.59033287,IDP-ESM2-8M,93,288,0.07822990417480469,0.3183603286743164,0.030909401733693387,0.041836708784103394,0.041329397599145556
Q9IMR4,2.032389640808105,4.667079925537109,0.5313171182852218,0.4555827975273132,0.6050374525590831,1.8674462,4.4808426,0.5592301,0.444395,0.56482124,IDP-ESM2-8M,93,288,0.16494345664977983,0.18623733520507812,0.027912970902400303,0.011187791824340765,0.04021620927295033
Q9IMY1,1.4666955471038818,3.653840303421021,0.5907449173958962,0.4573211669921875,0.4968831797723289,1.4673629,3.5502648,0.55481994,0.43982637,0.53399575,IDP-ESM2-8M,93,288,0.0006673336029052734,0.10357546806335494,0.03592497587520527,0.017494797706604004,0.03711256779389427
Q9INB5,1.5511163473129272,3.693209171295166,0.5452214376956974,0.4557469189167022,0.561400372666778,1.4822855,3.5400257,0.5413577,0.432709,0.56572396,IDP-ESM2-8M,93,288,0.06883084774017334,0.1531834602355957,0.0038637416393314528,0.023037910461425726,0.004323582964478101
Q9IUC3,3.287097692489624,7.584784984588623,0.4956746581585969,0.3906393349170685,0.7196459703204128,3.207227,7.576742,0.5260789,0.4109035,0.63077164,IDP-ESM2-8M,93,288,0.07987070083618164,0.00804281234741211,0.030404221674624532,0.02026417851448059,0.08887433335752215
Q9IUD3,3.1325812339782715,7.366000175476074,0.4578589413537688,0.3701393008232116,0.7904027659112424,3.0482035,7.1192546,0.50907433,0.404393,0.66647905,IDP-ESM2-8M,93,288,0.08437776565551758,0.24674558639526367,0.05121538897612621,0.0342536866664887,0.1239237147981137
Q9IWB2,2.538389205932617,5.879939079284668,0.4756210355843696,0.3723309338092804,0.6718767870687005,2.4686308,5.7792935,0.5115565,0.4012196,0.6153198,IDP-ESM2-8M,93,288,0.06975841522216797,0.10064554214477539,0.03593547057255181,0.028888672590255737,0.05655699861273733
Q9J050,2.483672618865967,5.663978099822998,0.4946614087436699,0.3850985467433929,0.6396283801379542,2.6311464,6.175037,0.51543885,0.40160316,0.6058176,IDP-ESM2-8M,93,288,0.14747381210327148,0.5110588073730469,0.020777445950696583,0.016504615545272883,0.03381076415208384
Q9J1C9,1.986754298210144,4.799141883850098,0.5592289289158667,0.4387366473674774,0.5702667723447771,2.1307106,5.0877533,0.55542064,0.43673337,0.5640245,IDP-ESM2-8M,93,288,0.14395630359649658,0.28861141204833984,0.003808291785129425,0.002003282308578491,0.006242264345356907
Q9J2I4,2.700218439102173,6.684958934783936,0.5992548346337859,0.4749918282032013,0.5145513442280719,2.5810137,6.136403,0.54447603,0.42558864,0.58515,IDP-ESM2-8M,93,288,0.11920475959777832,0.5485558509826669,0.05477880237670585,0.04940319061279297,0.07059865920515562
Q9J3S0,1.4972097873687744,3.647212028503418,0.5195967040336662,0.4052510857582092,0.5812597743255332,1.6215639,3.862041,0.54011315,0.42539188,0.5493383,IDP-ESM2-8M,93,288,0.12435412406921387,0.2148289680480957,0.02051644703978961,0.020140796899795588,0.03192149317090065
Q9J4U3,3.147139310836792,7.471718788146973,0.5138119031519014,0.3793353736400604,0.6265456098821706,3.3111916,7.6547427,0.49887252,0.3976128,0.6709097,IDP-ESM2-8M,93,288,0.16405224800109863,0.18302392959594727,0.014939384612472684,0.01827743649482727,0.04436409289569199
Q9J870,3.03067684173584,7.489724159240723,0.6340807140502804,0.4958850741386413,0.5219912576498981,3.2377458,8.234336,0.6982046,0.5403684,0.407227,IDP-ESM2-8M,93,288,0.20706892013549805,0.7446117401123047,0.06412386291886629,0.04448330402374273,0.11476424811506225
Q9JG27,1.4441094398498535,3.4677648544311523,0.5497754246894868,0.4208014011383056,0.5361674189066162,1.5557218,3.717027,0.5411212,0.4288733,0.556653,IDP-ESM2-8M,93,288,0.11161231994628906,0.24926209449768066,0.008654239863589597,0.008071899414062556,0.020485603859497048
Q9JG66,2.8821728229522705,6.685403823852539,0.450503728060951,0.3966049253940582,0.7594464698116618,2.8502684,6.344462,0.43318215,0.3668399,0.80012333,IDP-ESM2-8M,93,288,0.03190445899963379,0.3409419059753418,0.017321577935447474,0.029765039682388306,0.04067686411930749
Q9JGA4,2.270308017730713,5.45127010345459,0.589767129878875,0.4726641178131103,0.5141036443014787,2.2597678,5.485726,0.5844027,0.4559455,0.50291127,IDP-ESM2-8M,93,288,0.010540246963500977,0.03445577621459961,0.005364449481841338,0.01671862602233881,0.011192374636714297
Q9JGA7,2.248884439468384,5.423765659332275,0.5765904262359425,0.4604406356811523,0.5315675220058806,2.217921,5.3355064,0.5595173,0.43631315,0.5421531,IDP-ESM2-8M,93,288,0.030963420867919922,0.08825922012329102,0.0170731022651478,0.024127483367919866,0.01058559803501291
Q9JGB0,2.245989799499512,5.423483371734619,0.5782832506811947,0.4606142938137054,0.5271325679630339,2.0378766,4.9398518,0.56460696,0.4387503,0.5402389,IDP-ESM2-8M,93,288,0.20811319351196333,0.48363161087036133,0.0136762860930294,0.021863996982574407,0.013106348910898014
Q9JGB2,2.2503719329833984,5.364117622375488,0.5691694046102193,0.4422478377819061,0.5455195731482857,2.1461446,5.158479,0.5544243,0.4330994,0.5508846,IDP-ESM2-8M,93,288,0.10422730445861816,0.20563840866088867,0.014745118721547379,0.009148448705673162,0.0053650313057548304
Q9JGB3,2.227877855300904,5.2605414390563965,0.5637170288291338,0.4483293890953064,0.5490401198833939,2.1450152,5.17776,0.5606278,0.43672743,0.54303217,IDP-ESM2-8M,93,288,0.08286261558532804,0.08278131484985352,0.00308921072152879,0.011601954698562622,0.006007950541352836
Q9JGS4,1.8315374851226809,4.238565444946289,0.5298771539787388,0.424387663602829,0.5658265564477503,1.8237293,4.3109655,0.5239312,0.4110281,0.5802694,IDP-ESM2-8M,93,288,0.007808208465576394,0.07240009307861328,0.005945948706064241,0.01335957646369934,0.014442839857333967
Q9JGT0,1.7893383502960205,4.138028621673584,0.4963832788193653,0.3912335634231567,0.6129342393358482,1.8562616,4.4298115,0.53428924,0.42096555,0.57318944,IDP-ESM2-8M,93,288,0.06692326068878174,0.29178285598754883,0.03790596201773189,0.029731988906860407,0.03974480194647445
Q9JGT3,1.8676507472991943,4.589589595794678,0.5664943029908068,0.4422765374183655,0.5168578568507745,1.8258936,4.3372297,0.53096026,0.41666967,0.5705441,IDP-ESM2-8M,93,288,0.04175710678100586,0.25235986709594727,0.035534041169060004,0.025606870651245117,0.05368626679882271
Q9KX95,2.0869648456573486,5.071150302886963,0.5548973993524192,0.435413509607315,0.5488801438851098,2.10378,5.033121,0.54688853,0.42923808,0.5715257,IDP-ESM2-8M,93,288,0.016815185546875,0.03802919387817383,0.008008869098055205,0.006175428628921453,0.02264554905464855
Q9MBM5,1.7672572135925293,4.344849109649658,0.6048530897007879,0.4808849990367889,0.5371196490847614,1.886756,4.7156067,0.6261957,0.5010893,0.50428987,IDP-ESM2-8M,93,288,0.11949872970581055,0.3707575798034668,0.02134263907805123,0.02020427584648138,0.03282978359098698
Q9PX71,2.651008367538452,6.812824726104736,0.5924871570751287,0.4443878829479217,0.5094852527491134,2.7452562,6.5339937,0.5509962,0.43860698,0.6007875,IDP-ESM2-8M,93,288,0.09424781799316406,0.27883100509643555,0.04149097272606861,0.005780905485153143,0.09130226765951699
Q9PYU9,2.622268915176392,6.24864673614502,0.6323088895949334,0.5287034511566162,0.5222101790355833,2.6597388,6.728075,0.67635113,0.5311568,0.42134568,IDP-ESM2-8M,93,288,0.03746986389160112,0.4794282913207999,0.044042240413764144,0.002453327178955078,0.10086449808351117
Q9Q0D0,2.263617992401123,5.231933116912842,0.5058413112515803,0.4071912467479706,0.6260465157077978,2.3287733,5.47649,0.52897173,0.41876522,0.59838104,IDP-ESM2-8M,93,288,0.0651552677154541,0.24455690383911133,0.023130420411169972,0.011573970317840576,0.02766547322732904
Q9Q0D1,2.2757010459899902,5.225474834442139,0.5030712501058182,0.4005528390407562,0.63548426808517,2.3532052,5.608023,0.5480651,0.42910466,0.5621555,IDP-ESM2-8M,93,288,0.07750415802001953,0.38254833221435547,0.04499387583641201,0.028551816940307617,0.07332878293197176
Q9Q5K3,2.069778680801392,5.0084004402160645,0.5151475173929467,0.3885332345962524,0.5770330125235049,1.8728656,4.375168,0.5067878,0.39904514,0.60638875,IDP-ESM2-8M,93,288,0.19691312313079878,0.633232593536377,0.008359740445925246,0.010511904954910334,0.029355735168603236
Q9Q5K9,8.208727836608887,18.97997093200684,0.5502271212899148,0.4312934577465057,0.591840780106417,4.758502,11.239431,0.5438109,0.42347807,0.6130099,IDP-ESM2-8M,93,288,3.450225830078125,7.7405395507812536,0.006416217263883306,0.007815390825271551,0.02116914955056537
Q9Q9G2,2.179537773132324,5.28469705581665,0.5419624288741688,0.4205802977085113,0.5660205711860626,1.9825981,4.7528462,0.5460108,0.42700177,0.5542716,IDP-ESM2-8M,93,288,0.19693970680236816,0.5318508148193359,0.004048363381232822,0.006421476602554377,0.011748992397305313
Q9QAM5,2.051337957382202,4.975330352783203,0.5726671454814838,0.4446200430393219,0.5272234356280907,1.9577534,4.7091656,0.55953676,0.43896297,0.52996874,IDP-ESM2-8M,93,288,0.09358453750610352,0.26616477966308594,0.01313039039649233,0.005657076835632324,0.0027453029278174945
Q9QAN0,2.0043060779571533,4.722566604614258,0.5405905847609671,0.4290530383586883,0.5696651077534459,2.0877705,4.965728,0.5432497,0.4293676,0.55908614,IDP-ESM2-8M,93,288,0.08346438407897949,0.24316120147705078,0.0026591415345040836,0.00031456351280217953,0.010578963782956419
Q9QAN3,2.710864782333374,6.685522079467773,0.596224656983002,0.4575136303901672,0.5074257733996234,2.567473,6.237056,0.5927203,0.4606784,0.503689,IDP-ESM2-8M,93,288,0.14339184761047363,0.44846630096435547,0.00350432722149685,0.003164768218994196,0.0037367823298296576
Q9QAN7,2.4573442935943604,5.90974235534668,0.5823507650492149,0.4468125104904175,0.5219449628930058,2.3617373,5.7555656,0.60024923,0.46602985,0.48173678,IDP-ESM2-8M,93,288,0.09560704231262207,0.1541767120361328,0.017898465812448916,0.019217342138290405,0.04020818368005419
Q9QCK1,1.7089107036590576,4.070949554443359,0.4734790702797812,0.3653880059719085,0.639100685806551,1.6166389,3.6675315,0.49164551,0.4001038,0.6417005,IDP-ESM2-8M,93,288,0.09227180480957031,0.40341806411743164,0.018166444685276173,0.034715801477432306,0.002599820403776154
Q9QEJ2,3.266940832138061,7.605573654174805,0.5509137548570577,0.437004804611206,0.5916526770100501,2.9000823,6.7993765,0.54027903,0.42707488,0.5983825,IDP-ESM2-8M,93,288,0.3668584823608394,0.8061971664428711,0.010634724057192013,0.009929925203323309,0.006729795981893272
Q9QGE5,1.8458874225616453,4.234132766723633,0.4688614194558993,0.3756045401096344,0.673525532000255,2.009828,4.7219906,0.52302593,0.41589907,0.5946513,IDP-ESM2-8M,93,288,0.16394066810607932,0.4878578186035156,0.05416451047192661,0.040294528007507324,0.07887425016660632
Q9T127,1.6034504175186155,3.9571433067321777,0.570787871994754,0.4503111243247986,0.5332722899658667,1.6452543,3.9191294,0.53601307,0.4229862,0.56317616,IDP-ESM2-8M,93,288,0.04180383682250999,0.03801393508911133,0.03477480522610776,0.027324914932250977,0.0299038651244653
Q9WIE5,1.6935549974441528,4.2000932693481445,0.56696642549652,0.43872931599617,0.5348545941872667,1.7240362,4.2004523,0.56820077,0.4478541,0.54479355,IDP-ESM2-8M,93,288,0.03048121929168701,0.0003590583801269531,0.0012343415437326977,0.009124785661697443,0.00993895201253192
Q9WMX5,1.461230754852295,3.503325223922729,0.5393768415050422,0.4192978739738464,0.5681406787658441,1.530089,3.6929784,0.55563897,0.4395532,0.5504451,IDP-ESM2-8M,93,288,0.06885826587677002,0.18965315818786666,0.01626212743950739,0.0202553272247315,0.017695598962377268
Q9WS24,1.763866901397705,4.255963802337647,0.5433053753646945,0.4283626973628998,0.579658968923175,1.6324198,3.9028018,0.54258233,0.4300055,0.57046086,IDP-ESM2-8M,93,288,0.13144707679748535,0.35316205024719327,0.0007230422767733335,0.0016427934169769287,0.009198112962329086
Q9WS26,1.718677639961243,4.223274230957031,0.5508973307603438,0.4275482594966888,0.5524643604374475,1.7470047,4.1906667,0.54619116,0.4310624,0.55888575,IDP-ESM2-8M,93,288,0.028327107429504172,0.0326075553894043,0.0047061748498518075,0.0035141408443451483,0.006421392717307128
Q9WS27,1.697078824043274,4.062335014343262,0.5419950000099872,0.4312187135219574,0.5590375317444104,1.7684047,4.2386937,0.5366323,0.41949034,0.56799906,IDP-ESM2-8M,93,288,0.07132589817047119,0.17635869979858398,0.005362700586769464,0.011728376150131226,0.008961533177922365
Q9WSW3,2.0507287979125977,4.815845489501953,0.5734306728165321,0.4584277868270874,0.5312518362703895,1.8738463,4.492178,0.54873276,0.4331649,0.56283617,IDP-ESM2-8M,93,288,0.17688250541687012,0.3236675262451172,0.024697915248172775,0.025262892246246338,0.03158433392614368
Q9YM30,1.6598469018936155,4.071847438812256,0.5773531164189126,0.4534980654716491,0.5432334968759324,1.5650958,3.7871225,0.57086986,0.45495164,0.5394675,IDP-ESM2-8M,93,288,0.09475111961364724,0.2847249507904053,0.006483253385617949,0.0014535784721375067,0.0037659833146835853
Q9YM71,1.6136523485183716,3.921229600906372,0.5664412905489271,0.4363954663276672,0.544766730668606,1.5696222,3.75852,0.5497834,0.43761182,0.5594495,IDP-ESM2-8M,93,288,0.044030189514160156,0.16270971298217773,0.016657881907111927,0.001216351985931452,0.014682763216434247
Q9YMA2,1.6018109321594238,3.916316509246826,0.5467170982521533,0.433192104101181,0.5688215911168372,1.5558343,3.703249,0.54322624,0.432464,0.56374276,IDP-ESM2-8M,93,288,0.04597663879394531,0.21306753158569336,0.003490856186723623,0.0007281005382537287,0.005078834273270272
Q9YMA3,1.6199047565460205,4.003717422485352,0.5770022079591485,0.4483984112739563,0.5299140754565819,1.5361276,3.6798894,0.5531086,0.4417153,0.5559241,IDP-ESM2-8M,93,288,0.08377718925476074,0.32382798194885254,0.02389363499924857,0.0066831111907958984,0.02601004210857316
Q9YMA4,1.6094287633895874,3.9906859397888175,0.5811655866725507,0.4470786154270172,0.5205125103979206,1.524337,3.6662862,0.5585033,0.4447131,0.54994786,IDP-ESM2-8M,93,288,0.08509171009063721,0.3243997097015372,0.02266225691867496,0.0023655295372009277,0.02943534745882992
Q9YMM6,3.3824338912963867,8.409976959228516,0.6147527657727276,0.4689493477344513,0.5241323599394471,3.3868387,8.449006,0.66078913,0.511541,0.42846984,IDP-ESM2-8M,93,288,0.004404783248901367,0.03902912139892578,0.04603636634549746,0.04259166121482849,0.09566252322756352
Q9YMQ8,2.01111388206482,4.934526443481445,0.564250976853862,0.4402024149894714,0.5534852309920345,2.0090387,4.777254,0.5399655,0.43315965,0.58714217,IDP-ESM2-8M,93,288,0.002075195312500444,0.1572723388671875,0.024285466485514884,0.00704276561737055,0.033656938483520915
Q9YNX5,1.8144832849502563,4.470627307891846,0.5458313345003265,0.4200812876224518,0.5536538016671705,1.6961353,4.061394,0.5477452,0.43408662,0.5566327,IDP-ESM2-8M,93,288,0.11834800243377686,0.40923309326171875,0.0019138933133941993,0.014005333185195923,0.0029788959150743866
Q9YNX6,1.9171605110168457,4.681933403015137,0.5671188117126525,0.4498337507247925,0.5428644469799135,1.7744434,4.2260256,0.5506593,0.4379359,0.5715634,IDP-ESM2-8M,93,288,0.1427171230316162,0.45590782165527344,0.016459512815862998,0.011897861957550049,0.028698975699987583
Q9YNX8,1.791841983795166,4.252749443054199,0.5490302161015589,0.4421260952949524,0.5634118157636545,1.6631246,3.9908066,0.5509375,0.4364019,0.56023896,IDP-ESM2-8M,93,288,0.12871742248535156,0.26194286346435547,0.001907257672397411,0.005724191665649414,0.003172858358564179
Q9YPA9,4.586367607116699,6.660677433013916,0.2000000000000677,0.2443804889917373,2.322377718888085,4.065556,9.514416,0.5172335,0.40018985,0.6328766,IDP-ESM2-8M,93,288,0.5208115577697754,2.853738307952881,0.317233490943841,0.1558093577623368,1.6895011438949514
Q9YPD8,1.535165548324585,3.846963167190552,0.6006157394323535,0.4814591109752655,0.4975441440861732,1.6565521,4.014138,0.56238306,0.44532192,0.531916,IDP-ESM2-8M,93,288,0.12138652801513672,0.16717505455017045,0.038232683745402785,0.03613719344139099,0.034371878214547014
Q9YPG8,1.6223547458648682,3.772454023361206,0.5369374384766431,0.4198368191719055,0.5503444150386717,1.6368147,3.892204,0.53416765,0.4162652,0.55487895,IDP-ESM2-8M,93,288,0.014459967613220215,0.1197500228881836,0.002769791114887732,0.003571629524230957,0.0045345350803468465
Q9YR10,1.4216866493225098,3.37296199798584,0.5476262311856532,0.4463849663734436,0.5503723579037716,1.3160169,3.1452465,0.5486051,0.4407325,0.5458694,IDP-ESM2-8M,93,288,0.10566973686218262,0.22771549224853516,0.0009788532335972544,0.0056524574756622314,0.004502947865777207
Q9ZWY9,2.2743353843688965,5.371128559112549,0.5811008695324562,0.4628655612468719,0.5585636739795925,2.2232714,5.3468513,0.56916165,0.45936313,0.57671726,IDP-ESM2-8M,93,288,0.05106401443481445,0.024277210235595703,0.011939216013779452,0.003502428531646673,0.018153583520102323
