protein_name,rg_true,ree_true,nu_true,delta_true,a0_true,rg_pred,ree_pred,nu_pred,delta_pred,a0_pred,model,seed,temperature_K,rg_abs_error,ree_abs_error,nu_abs_error,delta_abs_error,a0_abs_error
A0A060BGV2,1.890916466712952,4.825084686279297,0.6752282524596316,0.5618585348129272,0.5041881097628255,2.5559473,7.0108056,0.70863074,0.55236995,0.42084312,IDP-ESM2-8M,42,310,0.6650308370590206,2.185720920562744,0.033402488182916024,0.009488582611083984,0.08334498537317703
A0A068LKJ5,3.201686382293701,7.65225076675415,0.6370275870794099,0.5204764604568481,0.5232346026347426,3.2046013,8.193879,0.67361724,0.51669836,0.4069665,IDP-ESM2-8M,42,310,0.002914905548095703,0.541628360748291,0.036589656687374794,0.00377810001373291,0.11626809519989767
A0A068QKP9,3.724610328674317,9.522433280944824,0.6618761782543986,0.5243116021156311,0.5199578075445604,4.370668,10.87587,0.69760406,0.5436525,0.50282806,IDP-ESM2-8M,42,310,0.6460576057434078,1.3534364700317383,0.03572788191863607,0.019340872764587402,0.017129745963902487
A0A075FGF0,3.293736696243286,6.742756843566895,0.2937537768740079,0.2957008779048919,1.2819141701443062,3.384572,7.4479065,0.41420922,0.3537109,0.85075676,IDP-ESM2-8M,42,310,0.0908353328704834,0.7051496505737296,0.12045543995910674,0.05801001191139227,0.43115740573237993
A0A088MZV7,1.7907397747039795,3.589179992675781,0.3078846035932239,0.3008909523487091,1.0055288411120895,2.0060458,4.554577,0.46308482,0.38101152,0.696267,IDP-ESM2-8M,42,310,0.21530604362487793,0.9653968811035161,0.15520021333945433,0.08012056350708008,0.3092618323306564
A0A088N936,1.8190891742706297,3.62239146232605,0.3162190919331585,0.3021836876869201,0.995975597420926,2.0230722,4.6252394,0.4707641,0.385487,0.68327576,IDP-ESM2-8M,42,310,0.20398306846618675,1.0028479099273682,0.15454500861844672,0.08330330252647405,0.3126998382008027
A0A0A0RNI5,1.8315424919128416,4.573933124542236,0.6092503748053556,0.4790033996105194,0.5220224337336228,1.6356561,4.1170874,0.60119426,0.4857922,0.5359777,IDP-ESM2-8M,42,310,0.19588637351989724,0.456845760345459,0.008056112300777962,0.006788790225982666,0.013955287480671652
A0A0A0UYW6,1.4875445365905762,3.575994968414306,0.5711674697532733,0.4598262906074524,0.5426762750219603,1.5367169,3.7904205,0.57634974,0.46238604,0.53342515,IDP-ESM2-8M,42,310,0.049172401428222656,0.2144255638122563,0.005182265506736505,0.002559751272201538,0.009251122720171923
A0A0A7KTD7,3.327702283859253,8.400986671447754,0.6522918141789302,0.5242195129394531,0.4866843209336677,3.1518292,8.108488,0.68607247,0.52508545,0.3921284,IDP-ESM2-8M,42,310,0.1758730411529541,0.2924985885620117,0.033780654578699165,0.000865936279296875,0.09455591297849802
A0A0B4VGH4,3.443821907043457,8.2440767288208,0.6298180245406775,0.5045728087425232,0.5645886472501052,4.105848,10.423063,0.68270814,0.5219265,0.45469898,IDP-ESM2-8M,42,310,0.6620259284973145,2.1789865493774414,0.05289011964724977,0.017353713512420654,0.10988966739552142
A0A0B4ZUM6,3.5112106800079346,8.767241477966309,0.6536974089107834,0.5134082436561584,0.50123283428527,3.6236854,9.214195,0.67599905,0.5183373,0.41015103,IDP-ESM2-8M,42,310,0.11247467994689941,0.44695377349853516,0.02230163646122585,0.004929065704345703,0.09108179969168784
A0A0B5JAX3,3.688171625137329,9.235520362854004,0.3627463912521962,0.3227609992027282,1.0681777070795506,3.8589969,8.4538555,0.39295858,0.35300067,0.97070557,IDP-ESM2-8M,42,310,0.17082524299621582,0.7816648483276367,0.03021219019540511,0.030239671468734797,0.09747213828911483
A0A0C5B347,2.5910027027130127,6.192173480987549,0.633613217726539,0.5241333246231079,0.5255752066436409,2.3932815,6.244485,0.6839953,0.53573465,0.40462098,IDP-ESM2-8M,42,310,0.19772124290466309,0.05231142044067383,0.050382088765312805,0.01160132884979248,0.1209542313876747
A0A0C7TJV6,3.3625338077545166,7.320404052734375,0.3081671039254279,0.2986740469932556,1.2269957526734467,3.4040565,7.482602,0.41110712,0.35210353,0.8586985,IDP-ESM2-8M,42,310,0.04152274131774902,0.16219806671142578,0.10294001897267391,0.053429484367370605,0.3682972653916474
A0A0C7TQD0,3.2957632541656494,6.7548441886901855,0.280520118757418,0.2909507155418396,1.354769846835071,3.3465624,7.351451,0.410913,0.35176697,0.8562032,IDP-ESM2-8M,42,310,0.05079913139343262,0.5966067314147949,0.13039287181265036,0.06081625819206238,0.4985666484021487
A0A0C7TTX4,3.221597671508789,6.832540988922119,0.2883304342602436,0.276322454214096,1.2823434798378366,3.3853207,7.436016,0.4100005,0.35140496,0.8611337,IDP-ESM2-8M,42,310,0.16372299194335938,0.6034750938415527,0.12167006880295833,0.07508251070976263,0.4212097851890939
A0A0C7TY93,3.325690746307373,6.952322959899902,0.2901672450082447,0.2992207705974579,1.3126197773987132,3.388731,7.4450417,0.40915394,0.35045356,0.86093795,IDP-ESM2-8M,42,310,0.06304025650024414,0.4927186965942383,0.11898669328521233,0.05123278498649597,0.45168182440341287
A0A0E3FC10,2.0430798530578613,4.4778733253479,0.4525969020916895,0.3713097274303436,0.6928749860654239,1.9412197,4.4501185,0.45859298,0.3680812,0.67439973,IDP-ESM2-8M,42,310,0.1018601655960083,0.027754783630371094,0.005996079008392885,0.0032285153865813654,0.018475252522027863
A0A0E3FG91,2.01806116104126,4.970001697540283,0.577077686228797,0.4583736360073089,0.5415353223263809,1.9972346,4.823392,0.55121154,0.4536573,0.5988485,IDP-ESM2-8M,42,310,0.020826578140259233,0.14660978317260742,0.025866150298163415,0.0047163367271422785,0.05731319938306123
A0A0E3GI14,3.8144397735595694,9.408454895019531,0.6290451780717478,0.4908272624015808,0.5071401752400815,3.6881695,9.167345,0.62889415,0.485526,0.48295516,IDP-ESM2-8M,42,310,0.12627029418945224,0.24110984802246094,0.0001510278146371613,0.00530126690864563,0.02418501748327606
A0A0E3HAY2,2.0615055561065674,4.973058223724365,0.5872797776009606,0.4567224979400635,0.5369984319648815,2.005408,4.8617945,0.5551899,0.45850417,0.59888154,IDP-ESM2-8M,42,310,0.05609750747680664,0.11126375198364258,0.03208987005014885,0.0017816722393035889,0.0618831107177662
A0A0E3HBF5,2.0464000701904297,5.191257476806641,0.6472567789911389,0.5056495070457458,0.4833223339762961,1.8935082,4.7320337,0.5961636,0.4808544,0.5316432,IDP-ESM2-8M,42,310,0.1528918743133545,0.45922374725341797,0.05109320811024898,0.024795114994049072,0.04832087786528716
A0A0E3IAD2,1.9376931190490725,4.829224109649658,0.5956258629446077,0.4575452506542206,0.5330971026838386,1.8553392,4.5928884,0.58515394,0.47206473,0.54182255,IDP-ESM2-8M,42,310,0.08235394954681419,0.23633575439453125,0.010471925604825016,0.014519482851028442,0.008725449997130652
A0A0E3Z619,4.695130825042725,11.564785957336426,0.6416337815279186,0.4950894117355346,0.5399307781970203,4.2304697,10.357956,0.65213525,0.5111691,0.5046044,IDP-ESM2-8M,42,310,0.4646611213684082,1.2068300247192383,0.010501471424657072,0.016079664230346735,0.03532637899276614
A0A0F6YQQ5,2.5174639225006104,6.388430595397949,0.6206342330933063,0.4881987869739532,0.5111129126772102,2.6360743,6.661285,0.6285947,0.4918225,0.49574667,IDP-ESM2-8M,42,310,0.11861038208007812,0.2728543281555176,0.007960463428452691,0.003623723983764704,0.015366240523737251
A0A0F7L2H1,2.109525203704834,4.987625598907471,0.5196004143247246,0.4020496010780334,0.5886832360483358,2.0298505,5.117156,0.6123625,0.48656967,0.47611493,IDP-ESM2-8M,42,310,0.07967472076416016,0.1295304298400879,0.09276208968070754,0.08452007174491888,0.11256830732595424
A0A0F7L948,2.948438167572021,7.511587142944336,0.6165663057554354,0.4522362649440765,0.5142997034956229,2.8465295,7.168416,0.6332073,0.49110958,0.4800346,IDP-ESM2-8M,42,310,0.10190868377685502,0.3431711196899414,0.016641015411556825,0.038873314857482966,0.034265113728166874
A0A0H4SM67,2.1300508975982666,4.709894180297852,0.3466546237927689,0.3027079701423645,0.9458864929927272,2.1543097,4.665053,0.412574,0.35705137,0.79066426,IDP-ESM2-8M,42,310,0.024258852005004883,0.04484128952026367,0.06591936941325527,0.05434340238571167,0.15522223737367813
A0A0H4XWL8,4.473628520965576,10.350598335266112,0.5169912048114644,0.4023514091968536,0.6401760258178701,3.692244,8.614126,0.5290726,0.41266602,0.61905754,IDP-ESM2-8M,42,310,0.7813844680786133,1.7364721298217756,0.012081377910245772,0.01031461358070379,0.021118489692687037
A0A0K0KVV5,1.9126718044281008,4.823394775390625,0.6262814903046655,0.4964229166507721,0.520460829828745,1.8700509,4.7618103,0.6327584,0.50838953,0.48843694,IDP-ESM2-8M,42,310,0.04262089729309104,0.06158447265625,0.006476888677878434,0.011966615915298462,0.032023892496591655
A0A0K0UUV8,1.4831476211547852,3.530945539474488,0.5552720761080412,0.4315833151340484,0.5654121141847988,1.4965001,3.6729062,0.58288777,0.46903488,0.531291,IDP-ESM2-8M,42,310,0.013352513313293457,0.14196062088012606,0.027615692637381173,0.03745156526565557,0.034121106189193284
A0A0M4RBN9,1.801224708557129,3.7610769271850586,0.3496527328075799,0.3318477571010589,0.8915272157878492,2.0192103,4.4188333,0.42357036,0.36402318,0.7933683,IDP-ESM2-8M,42,310,0.2179856300354004,0.6577563285827637,0.07391763190608891,0.03217542171478277,0.09815893585391977
A0A0N9R406,2.6657042503356934,6.516427993774414,0.6085390228684354,0.4712896347045898,0.5470067813748493,2.6225667,6.6209173,0.6310959,0.5079355,0.5193424,IDP-ESM2-8M,42,310,0.043137550354003906,0.10448932647705078,0.02255686336203333,0.03664588928222662,0.027664358889497698
A0A0R7EYS2,2.754265069961548,6.922198295593262,0.657850993343833,0.5248908400535583,0.4995557396567184,2.7246926,7.046512,0.68168557,0.5314029,0.42811656,IDP-ESM2-8M,42,310,0.029572486877441406,0.1243138313293457,0.023834573558327632,0.006512045860290527,0.0714391796744186
A0A0S0BY46,3.1265435218811035,5.889411449432373,0.2171854086816891,0.2625575065612793,1.6478295612053375,3.8778806,8.431671,0.3813118,0.33586973,0.9453989,IDP-ESM2-8M,42,310,0.7513370513916016,2.542259693145752,0.1641263953744785,0.07331222295761108,0.7024306344704132
A0A0U3U0D7,3.396634101867676,6.715075969696045,0.3005057475151682,0.2977325618267059,1.2841921839010837,3.4414048,7.5842113,0.4148805,0.35371557,0.851711,IDP-ESM2-8M,42,310,0.04477071762084961,0.8691353797912598,0.11437476662972929,0.05598300695419317,0.4324812087309482
A0A0X9FL12,2.5226078033447266,6.124638557434082,0.6334287107192338,0.5105522274971008,0.5174349466836187,2.2311006,5.776103,0.6517267,0.5066112,0.4380147,IDP-ESM2-8M,42,310,0.2915072441101074,0.34853553771972656,0.018298011998051367,0.003940999507904053,0.07942026057598317
A0A127KLB1,2.071032762527466,5.145662784576416,0.6028349169221092,0.4536195993423462,0.515019287759055,2.007548,5.006358,0.59803367,0.47958845,0.52845764,IDP-ESM2-8M,42,310,0.06348466873168945,0.13930463790893555,0.004801250311391447,0.025968849658966064,0.013438353842507467
A0A127KLJ5,1.9658143520355225,4.191742420196533,0.4161159152399342,0.3395844995975494,0.7505832129998813,2.036407,4.7184153,0.48288763,0.3861203,0.6408298,IDP-ESM2-8M,42,310,0.07059264183044434,0.5266728401184082,0.06677171045434072,0.04653578996658331,0.10975341144043305
A0A140F9E7,2.791699171066284,6.305559158325195,0.5021219638408703,0.3960903882980346,0.6419070877303595,2.7249694,6.3704133,0.5188256,0.40725145,0.60222644,IDP-ESM2-8M,42,310,0.06672978401184082,0.06485414505004883,0.016703626769633884,0.011161059141159113,0.03968065159220646
A0A140HQX3,3.579965591430664,9.004738807678223,0.6195316334493641,0.466924250125885,0.5291427206543236,3.5018077,8.739771,0.65628976,0.5051671,0.43200526,IDP-ESM2-8M,42,310,0.07815790176391602,0.2649679183959961,0.03675812284870106,0.038242876529693604,0.0971374642399101
A0A142KCK0,2.050968170166016,4.751323699951172,0.5122493669296646,0.4073982536792755,0.6068036314127505,2.109284,4.929311,0.50708306,0.40603736,0.6230178,IDP-ESM2-8M,42,310,0.058315753936767134,0.17798709869384766,0.005166308572425837,0.0013608932495117188,0.0162141565205991
A0A192GNU8,5.987818717956543,14.581865310668944,0.6398101089340285,0.523834764957428,0.5694352343410043,4.7866354,11.550763,0.61565137,0.48798272,0.6130613,IDP-ESM2-8M,42,310,1.2011833190917969,3.0311021804809553,0.02415873983917982,0.03585204482078552,0.043626074519774516
A0A1B1MQX9,3.7859179973602295,9.340727806091309,0.6404908434925272,0.5149634480476379,0.5090671111698764,3.7355764,9.229174,0.64297116,0.5023092,0.4877507,IDP-ESM2-8M,42,310,0.05034160614013672,0.11155414581298828,0.0024803145351217637,0.012654244899749756,0.021316402113022104
A0A1B1SEH4,1.5803412199020386,3.982339382171631,0.5996079757237097,0.4684278964996338,0.5255005925230519,1.7213266,4.445355,0.6209157,0.48373187,0.46421978,IDP-ESM2-8M,42,310,0.140985369682312,0.4630155563354492,0.02130773520234619,0.015303969383239746,0.0612808137468831
A0A1B2CSH8,2.5782601833343506,6.398425102233887,0.6513316604319859,0.5276219844818115,0.5049293519500863,2.5183039,6.6264467,0.70937586,0.5549085,0.4044372,IDP-ESM2-8M,42,310,0.05995631217956543,0.22802162170410156,0.058044197874898895,0.027286529541015625,0.1004921378139626
A0A1C9EI46,2.489945411682129,6.195528030395508,0.6269772396327874,0.4757145941257477,0.5357081755708515,2.4929676,6.3398337,0.64886206,0.52202123,0.50870365,IDP-ESM2-8M,42,310,0.0030221939086914062,0.14430570602416992,0.02188482425194771,0.04630663990974426,0.02700452652681462
A0A1D7RB72,1.9689459800720213,4.266139507293701,0.4513915286894133,0.3737775683403015,0.684309003964057,1.9928546,4.607867,0.47582242,0.381746,0.6537834,IDP-ESM2-8M,42,310,0.02390861511230491,0.34172725677490234,0.024430890238733072,0.007968425750732422,0.030525622978797018
A0A1D7RFJ1,2.204392671585083,5.50743579864502,0.6346817055378772,0.5000706315040588,0.4970203318711387,2.065014,5.1812477,0.6063641,0.48278946,0.5258645,IDP-ESM2-8M,42,310,0.13937878608703613,0.3261880874633798,0.02831763416870603,0.017281174659729004,0.028844150054825657
A0A1D7RII7,2.044349670410156,4.5980329513549805,0.4734368901302269,0.3813219368457794,0.6570558955308754,2.0107665,4.6679735,0.48317412,0.3861397,0.640877,IDP-ESM2-8M,42,310,0.03358316421508745,0.06994056701660156,0.009737225289160933,0.004817754030227661,0.01617888709276505
A0A1D7S6P1,2.00423002243042,4.515280246734619,0.463345311655874,0.3635380566120147,0.6713449975448006,2.0112982,4.6657357,0.48177665,0.38580573,0.6449059,IDP-ESM2-8M,42,310,0.007068157196044922,0.15045547485351562,0.018431343064432393,0.02226766943931585,0.026439072747742487
A0A1D7SND7,2.1113455295562744,5.314593315124512,0.6166155454336859,0.4700080156326294,0.509848143465673,2.0383024,5.0676856,0.5974506,0.47657263,0.527995,IDP-ESM2-8M,42,310,0.0730431079864502,0.24690771102905273,0.019164931458161005,0.006564617156982422,0.018146846883142942
A0A1D8KSZ5,2.179481267929077,5.340997695922852,0.6200727899466539,0.4766835868358612,0.5210722105049811,2.0621243,5.213578,0.6212368,0.4963475,0.5144102,IDP-ESM2-8M,42,310,0.11735701560974121,0.12741947174072266,0.0011640112008070025,0.019663900136947632,0.006662012770148329
A0A1S5YE66,2.509702444076538,5.940449237823486,0.6009339585550981,0.4720349013805389,0.5542984021627527,2.392402,6.1920004,0.6652694,0.52029026,0.42194277,IDP-ESM2-8M,42,310,0.11730051040649414,0.25155115127563477,0.06433541629231398,0.04825535416603094,0.1323556316816431
A0A1V0EDG6,1.6132383346557615,3.438559055328369,0.3152920629862634,0.3153857290744781,0.9494192382778732,1.5239345,3.0697682,0.3749643,0.34029973,0.911901,IDP-ESM2-8M,42,310,0.08930385112762429,0.368790864944458,0.05967223383151615,0.024913996458053644,0.03751824111600799
A0A1V0SDB7,4.489760875701904,11.568591117858888,0.6573779861450181,0.507214367389679,0.5060329530051567,4.0325513,10.053626,0.65216815,0.5102696,0.4749144,IDP-ESM2-8M,42,310,0.45720958709716797,1.5149650573730487,0.005209831428526379,0.0030552148818969727,0.031118551235518654
A0A1V0SEI4,1.8049743175506592,4.313685417175293,0.5931744901858961,0.4863773584365845,0.5769133024404413,1.8291681,4.53319,0.60260284,0.49895057,0.5432209,IDP-ESM2-8M,42,310,0.024193763732910156,0.21950435638427734,0.009428349284013593,0.012573212385177612,0.03369242479304135
A0A1V0SIV1,4.092967033386231,10.263998985290527,0.6616554293564167,0.5182355642318726,0.5371780134485428,4.017291,10.232363,0.70549786,0.5465438,0.39591837,IDP-ESM2-8M,42,310,0.07567596435546964,0.03163623809814453,0.043842431552091554,0.028308212757110596,0.14125964415532988
A0A1Z1LW78,1.971238732337952,4.193475246429443,0.4217051400281547,0.3493303656578064,0.7390094703350831,2.0038376,4.621548,0.47595102,0.38420445,0.65523386,IDP-ESM2-8M,42,310,0.032598853111266646,0.4280729293823242,0.05424587592109459,0.0348740816116333,0.08377561031921399
A0A218MKB4,2.4305977821350098,6.414882659912109,0.664427247066988,0.503869891166687,0.4626680262691808,2.6067023,6.4522977,0.6193711,0.4993505,0.56847495,IDP-ESM2-8M,42,310,0.17610454559326172,0.0374150276184082,0.045056130905641534,0.004519402980804443,0.10580692213703868
A0A218MLX2,2.2404134273529053,5.581320762634277,0.6197461003681595,0.4783703684806824,0.5157592547026453,2.1580505,5.465878,0.6295866,0.5013673,0.5073698,IDP-ESM2-8M,42,310,0.08236289024353027,0.11544275283813477,0.00984047704730684,0.022996902465820312,0.008389438399392102
A0A218MLZ4,2.0229969024658203,5.101109027862549,0.6566728231049523,0.5108522176742554,0.4970506182991432,2.0558581,5.4509964,0.68928665,0.5506669,0.44938916,IDP-ESM2-8M,42,310,0.03286123275756836,0.3498873710632324,0.03261382612218999,0.03981471061706543,0.04766145861973037
A0A218MM47,3.1168549060821533,7.986937999725342,0.6447501281368233,0.4965139627456665,0.4954749121331038,2.9265132,7.2359753,0.6133313,0.48552394,0.55497897,IDP-ESM2-8M,42,310,0.19034171104431152,0.7509627342224121,0.03141881023521198,0.010990023612976074,0.059504054579847865
A0A218MM62,4.081226825714111,10.062661170959473,0.6246471831716158,0.4865365922451019,0.5488440474785344,4.0143657,10.035194,0.66815054,0.51641166,0.48638362,IDP-ESM2-8M,42,310,0.06686115264892578,0.027466773986816406,0.043503360994949114,0.029875069856643732,0.06246043055424855
A0A218MME3,2.288226127624512,6.068570613861084,0.6653610907555472,0.5181605815887451,0.4758832465658302,2.1816723,5.3280854,0.5994101,0.49324635,0.6231056,IDP-ESM2-8M,42,310,0.10655379295349166,0.7404851913452148,0.0659509740830313,0.02491423487663269,0.14722233900927356
A0A218MMI9,2.0292177200317383,5.185769081115723,0.6451522628358277,0.5019322037696838,0.4984181402727931,2.1154947,5.5113173,0.6786201,0.5371742,0.45773345,IDP-ESM2-8M,42,310,0.08627700805664062,0.3255481719970703,0.03346783718553459,0.03524202108383179,0.0406846879526942
A0A222ZRZ9,1.94344699382782,4.277808666229248,0.4051126389034917,0.3642769753932953,0.8110007899873909,2.0846236,4.6445913,0.45186293,0.38219777,0.7369643,IDP-ESM2-8M,42,310,0.14117658138275124,0.36678266525268555,0.046750292348034184,0.01792079210281372,0.07403650461370315
A0A249XMM6,1.6557856798171997,4.130429267883301,0.6309601030046016,0.5186854004859924,0.5061356267906943,1.6328444,4.1914034,0.6379994,0.5120725,0.48287082,IDP-ESM2-8M,42,310,0.022941231727600098,0.06097412109375,0.007039312393042452,0.006612896919250488,0.023264809606246106
A0A290GQ28,1.6348572969436646,4.083806037902832,0.6187177918281845,0.4939922392368316,0.5169491376540912,1.6053987,4.1670256,0.6334232,0.51414955,0.4932528,IDP-ESM2-8M,42,310,0.02945864200592041,0.08321952819824219,0.014705417362184114,0.02015730738639837,0.023696323838020672
A0A2D1GNS7,1.8512448072433472,4.60044002532959,0.6035361502716443,0.4949381351470947,0.545356650185253,1.977092,4.908075,0.5857313,0.4826545,0.60665977,IDP-ESM2-8M,42,310,0.1258472204208374,0.3076348304748535,0.017804822737922388,0.012283623218536377,0.06130311982664882
A0A2D1M0A0,3.298692226409912,6.922819137573242,0.2985573743730573,0.2918419241905212,1.2573749289252132,3.3775535,7.421951,0.4129757,0.35342574,0.8538865,IDP-ESM2-8M,42,310,0.07886123657226562,0.4991316795349121,0.11441832433643062,0.061583817005157526,0.4034884438254207
A0A2D3I5T4,3.451622009277344,8.706274032592773,0.6295244426607188,0.4894634187221527,0.546063700050671,3.148832,8.017712,0.6723832,0.5267689,0.47538152,IDP-ESM2-8M,42,310,0.3027899265289311,0.6885623931884766,0.04285874654063615,0.03730550408363342,0.07068217667992815
A0A2I6SBY4,2.594749212265014,6.508121490478516,0.6986696982329124,0.5682637691497803,0.4881013377851256,2.9560084,7.729683,0.7227684,0.56950355,0.39166957,IDP-ESM2-8M,42,310,0.3612592220306401,1.2215614318847656,0.024098727708554923,0.001239776611328125,0.09643176638543688
A0A2I6SCK6,2.622429132461548,6.629944324493408,0.6690171733462428,0.5365170240402222,0.5056712455598064,2.595576,6.3682866,0.63834083,0.52013034,0.5612678,IDP-ESM2-8M,42,310,0.026853084564208984,0.26165771484375,0.030676342543325297,0.016386687755584717,0.05559654761875199
A0A2K9VSC6,3.427680969238281,8.356828689575195,0.6318270424446829,0.503365695476532,0.5410531962453318,3.3260994,8.412386,0.6731248,0.52331173,0.43418428,IDP-ESM2-8M,42,310,0.10158157348632768,0.0555572509765625,0.041297747746967484,0.019946038722991943,0.10686891322721959
A0A2P1GNK0,3.414996862411499,7.886669158935547,0.5373644190203403,0.4228023290634155,0.6172256564296388,3.1083636,7.2519584,0.51089257,0.4054787,0.6507842,IDP-ESM2-8M,42,310,0.30663323402404785,0.6347107887268066,0.026471849001571957,0.01732364296913147,0.033558538039813124
A0A2R3UAC7,1.9004806280136108,4.757969379425049,0.6162382695188977,0.4949345886707306,0.5143414017940166,1.8300502,4.6027684,0.6147418,0.49340945,0.5039003,IDP-ESM2-8M,42,310,0.07043039798736572,0.15520095825195312,0.0014964673033215359,0.0015251338481903076,0.01044111225849409
A0A2R8FEN2,2.33327579498291,5.175539970397949,0.405441907441057,0.3217991888523102,0.7588114810748304,2.7419057,6.162988,0.42731324,0.34530407,0.7537284,IDP-ESM2-8M,42,310,0.4086298942565918,0.9874482154846191,0.021871330941282463,0.02350488305091858,0.005083091334840195
A0A2S1MMK3,3.2598886489868164,6.600038528442383,0.2841809138183052,0.2845881879329681,1.3218299414137151,3.3934312,7.459469,0.41219378,0.35285795,0.8574217,IDP-ESM2-8M,42,310,0.13354253768920898,0.8594303131103516,0.12801286135869677,0.06826975941658026,0.46440824522764945
A0A2S1MQZ2,3.3505961894989014,7.139304637908936,0.296965963842941,0.3050320148468017,1.282592490148828,3.4025068,7.4810886,0.4116516,0.35239065,0.8579009,IDP-ESM2-8M,42,310,0.0519106388092041,0.3417840003967276,0.114685647485184,0.047358632087707575,0.4246915726187681
A0A2S1MU58,3.2810263633728027,6.657950401306152,0.2883860612688559,0.285024881362915,1.3062884956447942,3.4451494,7.5724406,0.40948978,0.35016608,0.8627647,IDP-ESM2-8M,42,310,0.1641230583190918,0.9144902229309082,0.12110371939558806,0.06514120101928716,0.44352377949641775
A0A2S1N1Y6,3.342329740524292,6.765670299530029,0.2874389073734367,0.2914789021015167,1.3338580585629798,3.4052718,7.4714956,0.40717533,0.35006976,0.86788183,IDP-ESM2-8M,42,310,0.0629420280456543,0.7058253288269043,0.11973642493437886,0.058590859174728394,0.46597622405599126
A0A2S1N210,3.4059529304504395,6.964351177215576,0.3059835642194527,0.3099592328071594,1.2536796663144492,3.4128232,7.5182257,0.4149243,0.35398355,0.8497753,IDP-ESM2-8M,42,310,0.006870269775390625,0.5538744926452637,0.10894072953703227,0.04402431845664978,0.40390435198339447
A0A2U7U7R7,3.315234661102295,7.333038330078125,0.4868864726504657,0.4146440029144287,0.6949552644751833,3.4105403,7.846083,0.48015773,0.3827527,0.70872504,IDP-ESM2-8M,42,310,0.0953056812286377,0.5130448341369629,0.006728739686903684,0.031891316175460815,0.013769770715398977
A0A2Z4HI38,3.0442774295806885,7.3843278884887695,0.6407171756642565,0.5174529552459717,0.5074633767314188,2.9993324,7.6189084,0.66026944,0.5069444,0.43557233,IDP-ESM2-8M,42,310,0.04494500160217285,0.23458051681518555,0.01955226355617201,0.010508537292480469,0.07189105054809974
A0A2Z4Q913,2.1502459049224854,4.378789901733398,0.4162290149393213,0.3759308755397796,0.7699699543583965,1.979225,4.119783,0.35461354,0.3299717,0.91622484,IDP-ESM2-8M,42,310,0.17102086544036865,0.25900697708129883,0.0616154723825586,0.04595917463302607,0.14625488294476507
A0A2Z6E9I5,2.319731950759888,5.522351264953613,0.5299537244349943,0.4051851630210876,0.5823514736343476,2.1418953,4.9585547,0.50262797,0.40609258,0.6360849,IDP-ESM2-8M,42,310,0.17783665657043501,0.5637965202331543,0.02732575564684736,0.0009074211120606024,0.05373344057311091
A0A345L4V0,2.696937799453736,6.949807167053223,0.6572730233412479,0.5058786273002625,0.4907672098782911,2.6462564,6.8143682,0.6825566,0.5367341,0.44048232,IDP-ESM2-8M,42,310,0.05068135261535689,0.1354389190673828,0.025283605839660273,0.03085547685623169,0.05028489147695442
A0A345M6E7,2.606120586395264,6.809617519378662,0.6532757384826534,0.4931562840938568,0.4965874643095387,2.6786113,6.936038,0.6773943,0.53052163,0.45162654,IDP-ESM2-8M,42,310,0.07249069213867143,0.1264204978942871,0.02411853241425821,0.037365347146987915,0.04496092507919203
A0A346RNU7,3.3227643966674805,8.175378799438477,0.6503182953790471,0.5193268060684204,0.5187851243328505,3.3669953,8.4683695,0.66178334,0.5167912,0.47864383,IDP-ESM2-8M,42,310,0.04423093795776367,0.29299068450927734,0.011465042214031551,0.002535581588745117,0.040141289741938646
A0A346TPN1,4.408052444458008,10.907059669494627,0.6506273635960257,0.5229142904281616,0.5183094987792928,4.228394,10.393597,0.64819694,0.50713325,0.50060296,IDP-ESM2-8M,42,310,0.1796584129333496,0.5134630203247053,0.002430427942339164,0.015781044960021973,0.017706538192744925
A0A346TQ06,3.217326164245605,8.23790168762207,0.6495941875294857,0.5112987756729126,0.5071637375637287,3.04521,7.8544617,0.7029184,0.54499686,0.39335436,IDP-ESM2-8M,42,310,0.17211627960205034,0.3834400177001953,0.053324222771722773,0.033698081970214844,0.11380938127481877
A0A385DYQ6,1.966551780700684,4.539400100708008,0.4863956058733037,0.3951714336872101,0.6418411259078547,1.792235,4.2092857,0.482244,0.38948688,0.6628716,IDP-ESM2-8M,42,310,0.1743167638778691,0.33011436462402344,0.004151591133313481,0.005684554576873779,0.021030473289533003
A0A385UFY3,2.3994150161743164,6.275096416473389,0.6631745958934495,0.5130667090415955,0.4829527925997378,2.365636,6.0711265,0.6613663,0.52304596,0.4730835,IDP-ESM2-8M,42,310,0.03377890586853027,0.20396995544433594,0.0018083119998643093,0.009979248046875,0.009869296505987779
A0A386QVQ8,2.734660387039185,6.101107120513916,0.4878709977594571,0.3813973367214203,0.6561646022380477,2.7132187,6.3359194,0.51104134,0.40130362,0.606586,IDP-ESM2-8M,42,310,0.021441698074341264,0.23481225967407227,0.023170345452670604,0.019906282424926758,0.04957862277637781
A0A3G1T4F7,3.258296489715576,6.167337417602539,0.2310427642400523,0.2841757237911224,1.616462166352992,3.938757,8.6444,0.40203327,0.34608635,0.9011279,IDP-ESM2-8M,42,310,0.6804604530334473,2.477062225341797,0.1709905051653127,0.06191062927246099,0.7153342915017651
A0A3G2JTZ9,3.233388900756836,8.25230598449707,0.6480873790630018,0.5095521211624146,0.4910970974253947,3.3331645,8.522599,0.68127304,0.5263343,0.40778542,IDP-ESM2-8M,42,310,0.09977555274963379,0.2702932357788086,0.03318566409266832,0.016782164573669434,0.08331168177598064
A0A3G3M5R8,2.0614547729492188,4.553867340087891,0.4499045259041163,0.3544094860553741,0.7010494661642505,1.9954445,4.572618,0.46535608,0.3763263,0.6792941,IDP-ESM2-8M,42,310,0.0660102367401123,0.018750667572021484,0.015451555820050589,0.021916806697845514,0.021755356819768035
A0A3G4S8X8,3.1464829444885254,7.753713607788086,0.6118280000556596,0.4950523376464844,0.5244472376899807,2.9611752,7.460177,0.65536135,0.50789016,0.4361897,IDP-ESM2-8M,42,310,0.18530774116516113,0.2935366630554199,0.043533354295384075,0.012837827205657959,0.0882575265960781
A0A3G4ZTT1,1.9531021118164065,4.016551017761231,0.2761185934638017,0.2841943800449371,1.1004211432548214,2.5488565,5.7411427,0.440326,0.38472533,0.8240232,IDP-ESM2-8M,42,310,0.5957543849945066,1.7245917320251456,0.16420741175661152,0.10053095221519476,0.2763979560943295
A0A3G4ZXU7,4.654218673706055,11.763751983642578,0.6540346769797389,0.5049728155136108,0.5695889438662011,4.7348213,11.93763,0.7056987,0.5491434,0.42738926,IDP-ESM2-8M,42,310,0.08060264587402344,0.17387771606445312,0.05166405158166243,0.0441705584526062,0.14219967975945058
A0A3G5A3I8,1.6288326978683472,3.911943435668945,0.5385162037107016,0.4266685545444488,0.5339059868051762,2.0307503,4.8250775,0.5200376,0.40386924,0.5679734,IDP-ESM2-8M,42,310,0.40191757678985596,0.913134098052979,0.018478612253334692,0.022799313068389837,0.03406738851525837
A0A3G5A3J2,3.186368703842163,7.91688346862793,0.6282266454315327,0.5006775856018066,0.5502917273074657,3.230034,8.1587925,0.64905494,0.5120632,0.51258826,IDP-ESM2-8M,42,310,0.043665409088134766,0.24190902709960938,0.020828299083695545,0.011385619640350342,0.037703464749482274
A0A3G5AHA4,1.6944257020950315,4.232326030731201,0.6134958172688473,0.4780369997024536,0.5324287627920643,1.6459448,4.1459794,0.60577565,0.49370965,0.5461955,IDP-ESM2-8M,42,310,0.04848086833953835,0.08634662628173828,0.00772016295289879,0.015672653913497925,0.013766744257496244
A0A3G5AK89,2.089275598526001,5.272712230682373,0.662225819805352,0.5435607433319092,0.5139726945294923,1.7428151,4.7151175,0.6731482,0.54312575,0.45218927,IDP-ESM2-8M,42,310,0.3464604616165161,0.5575947761535645,0.010922395011695119,0.0004349946975708008,0.061783427847821204
A0A3G5Q4F5,1.5226686000823977,3.490796089172364,0.5356812364712318,0.4351945221424103,0.5875884618735578,1.5958729,3.7420816,0.5196423,0.42921886,0.61455095,IDP-ESM2-8M,42,310,0.07320427894592263,0.25128555297851474,0.016038943018015228,0.005975663661956787,0.026962486269447528
A0A3Q8Q9R0,2.382720470428467,5.565806865692139,0.5304003378180376,0.4050022959709167,0.5985429552382495,2.3911033,5.6594286,0.52873087,0.41711,0.60279286,IDP-ESM2-8M,42,310,0.008382797241210938,0.09362173080444336,0.0016694685248247465,0.012107700109481867,0.004249903839204094
A0A3R5WKS6,3.475796937942505,6.998587608337402,0.327529153868032,0.3119975626468658,1.1714991142261717,3.4436848,7.5898404,0.41488153,0.35331148,0.84899664,IDP-ESM2-8M,42,310,0.03211212158203125,0.5912528038024902,0.08735237355582665,0.0413139164447785,0.3225024749744627
A0A401IPA0,3.0342819690704346,7.858088493347168,0.6610119290582607,0.5111739635467529,0.4984099034686999,2.973909,7.5716043,0.6689626,0.5252848,0.47603604,IDP-ESM2-8M,42,310,0.06037306785583496,0.2864842414855957,0.007950668788724191,0.014110863208770752,0.022373861493678537
A0A410I670,3.478311061859131,7.134609699249268,0.3288050018337878,0.3083187639713287,1.163378104835931,3.442317,7.585271,0.4145877,0.3535441,0.85190356,IDP-ESM2-8M,42,310,0.03599405288696289,0.45066118240356445,0.08578270449365055,0.04522532224655157,0.3114745470585263
A0A410S812,3.205979585647583,7.93245792388916,0.6396956373448753,0.4871696829795837,0.5245685472363526,3.2565832,8.33756,0.6792518,0.5250428,0.42479366,IDP-ESM2-8M,42,310,0.050603628158569336,0.4051017761230469,0.03955615270181656,0.037873089313507136,0.09977488659563605
A0A411HB56,3.111156702041626,8.04489517211914,0.6798142434149211,0.5326961874961853,0.483698905456363,2.8715384,7.242236,0.6545565,0.5143566,0.48546776,IDP-ESM2-8M,42,310,0.23961830139160156,0.8026590347290039,0.025257730582279536,0.018339574337005615,0.0017688562986266088
A0A481TD43,1.5093594789505005,3.771547794342041,0.5988172055763196,0.462121844291687,0.5121423949521163,1.5386329,3.860708,0.5964741,0.47921088,0.52312803,IDP-ESM2-8M,42,310,0.029273390769958496,0.08916020393371582,0.002343094496149889,0.017089039087295532,0.01098563773220984
A0A481V8U6,3.613347053527832,8.910064697265625,0.6233454770084543,0.4738404750823974,0.5297260452897192,3.6538153,9.102522,0.64148706,0.49264452,0.45989615,IDP-ESM2-8M,42,310,0.04046821594238281,0.1924571990966797,0.018141584968932145,0.018804043531417902,0.06982989803859008
A0A481Z0P8,2.308867931365967,5.467979907989502,0.6609540366426158,0.5794170498847961,0.5504505061625644,2.4034355,6.215791,0.6973024,0.57880926,0.46319318,IDP-ESM2-8M,42,310,0.09456753730773926,0.7478113174438477,0.036348364423210655,0.0006077885627746582,0.08725732798568453
A0A481Z6X1,5.9017333984375,14.364033699035645,0.6235590933322076,0.4683912396430969,0.5603760197262019,5.074022,12.343985,0.65617925,0.49828,0.47360307,IDP-ESM2-8M,42,310,0.8277115821838379,2.0200490951538086,0.03262015595444401,0.02988874912261963,0.0867729499439448
A0A482JE07,1.87541139125824,4.148603916168213,0.3878611644865016,0.3481480479240417,0.8314970801389924,1.9994864,4.328953,0.40640888,0.35242116,0.81438905,IDP-ESM2-8M,42,310,0.12407505512237527,0.18034887313842773,0.018547711694147206,0.004273116588592585,0.017108030132125918
A0A4D5XEU4,1.545340895652771,3.438317060470581,0.38480349901181,0.4000270068645477,0.7695534447533046,1.6914835,3.4479637,0.40323514,0.35229474,0.8525066,IDP-ESM2-8M,42,310,0.1461426019668579,0.00964665412902832,0.018431638450805976,0.047732263803482,0.08295313321529285
A0A4D5XFS9,5.300223350524902,13.23559856414795,0.6615023904789435,0.5317230224609375,0.5790803403520359,4.6821604,11.972782,0.7706481,0.6072477,0.40600953,IDP-ESM2-8M,42,310,0.6180629730224609,1.2628164291381836,0.10914573135485772,0.07552468776702881,0.17307081529138224
A0A4D5XFZ8,2.8461170196533203,7.294411659240723,0.6537219918718151,0.5198452472686768,0.549476576333427,2.8524642,6.836841,0.6125491,0.5145663,0.6437185,IDP-ESM2-8M,42,310,0.006347179412841797,0.45757055282592773,0.041172865723591245,0.005278944969177246,0.09424190473041583
A0A4P1QFK2,1.5440804958343506,3.8368444442749023,0.5997612129952982,0.4710297286510467,0.5116576521559767,1.5093571,3.7900019,0.5998391,0.48390344,0.5136428,IDP-ESM2-8M,42,310,0.03472340106964111,0.04684257507324219,7.787830566619025e-05,0.0128737092018128,0.001985135777372915
A0A4Y1NU38,2.108681917190552,5.383891105651856,0.6552031329004492,0.5205898880958557,0.4864360887710729,2.15446,5.543036,0.6484537,0.5120469,0.4751585,IDP-ESM2-8M,42,310,0.04577803611755327,0.15914487838745028,0.006749420437070275,0.008543014526367188,0.011277576178757243
A0A4Y5NGG5,1.488053798675537,3.569210767745972,0.5733947739540645,0.4659273624420166,0.5396113494323788,1.5310661,3.7295039,0.5759017,0.4655144,0.5433708,IDP-ESM2-8M,42,310,0.043012261390686035,0.16029310226440385,0.0025069131911686915,0.00041297078132629395,0.003759433896631248
A0A4Y6EML4,1.6471744775772097,4.050157070159912,0.6108443575846848,0.5019797682762146,0.5432856390183561,1.6393325,4.273817,0.65034294,0.520071,0.4714075,IDP-ESM2-8M,42,310,0.007841944694519265,0.22365999221801758,0.03949858369949488,0.018091261386871338,0.07187813612872296
A0A515J3G6,3.117716789245605,7.200139045715332,0.5008762452511145,0.3895580172538757,0.6422368703528318,3.1631455,7.3492002,0.51057786,0.40046248,0.6176513,IDP-ESM2-8M,42,310,0.045428752899170366,0.1490612030029297,0.009701612243239732,0.010904461145401056,0.02458558661183452
A0A5B8IIW6,1.917479395866394,5.0556511878967285,0.6623207656927411,0.5235470533370972,0.4884845146228058,1.98241,5.0805902,0.656211,0.52108026,0.48284173,IDP-ESM2-8M,42,310,0.06493055820465088,0.02493906021118164,0.006109747130424226,0.0024667978286743164,0.005642784505007936
A0A5C0PG83,1.4857935905456543,3.5393993854522705,0.5680808352993678,0.4534246921539306,0.5351266062828508,1.4387879,3.4772298,0.55449265,0.44810426,0.55540234,IDP-ESM2-8M,42,310,0.047005653381347656,0.062169551849365234,0.013588182883138566,0.0053204298019408625,0.020275732221940457
A0A5C0ZRE4,2.8044092655181885,6.816354751586914,0.5144153319640788,0.3894449174404144,0.6267162441386578,2.6860163,6.250055,0.49305442,0.40288314,0.6769644,IDP-ESM2-8M,42,310,0.1183929443359375,0.5662999153137207,0.02136091220814318,0.013438224792480524,0.05024815806013372
A0A5C0ZSQ4,2.68814754486084,6.258180618286133,0.4670037821722773,0.3669959604740143,0.7155613297768408,2.6072488,5.9735484,0.47085774,0.3866676,0.7088025,IDP-ESM2-8M,42,310,0.08089876174926758,0.28463220596313477,0.0038539572762700813,0.019671648740768433,0.006758808548050554
A0A5C0ZTE6,2.791921377182007,6.571520805358887,0.5006899999490548,0.4019567966461181,0.6568653877083379,2.6906927,6.2857895,0.49957758,0.40742064,0.66578144,IDP-ESM2-8M,42,310,0.10122871398925781,0.28573131561279297,0.0011124180665780248,0.005463838577270563,0.008916050642339579
A0A5C0ZTP4,2.818032741546631,6.756260871887207,0.504431404473144,0.3768692314624786,0.6548996445190449,2.6768556,6.208299,0.48803446,0.40037566,0.6883037,IDP-ESM2-8M,42,310,0.14117717742919922,0.5479617118835449,0.016396947504836556,0.023506432771682795,0.033404064511106446
A0A5C0ZTQ7,2.703681230545044,6.382188320159912,0.4822366511716982,0.3797498345375061,0.6812217606498217,2.6943643,6.2362695,0.4869669,0.39835197,0.68489033,IDP-ESM2-8M,42,310,0.00931692123413086,0.1459188461303711,0.004730256806359634,0.01860213279724121,0.003668569187977422
A0A5J6VNB5,4.484430313110352,10.918362617492676,0.6127364937226248,0.4858478307723999,0.5449001940031335,3.9216537,9.448462,0.5832212,0.4713457,0.6119683,IDP-ESM2-8M,42,310,0.5627765655517578,1.4699010848999023,0.029515296594328944,0.014502137899398804,0.0670680848817542
A0A5K0U8Q2,3.3283960819244385,7.48097038269043,0.2973982524726141,0.3133182227611542,1.3511336541985206,4.147617,9.523007,0.49185523,0.40215984,0.7616853,IDP-ESM2-8M,42,310,0.819220781326294,2.042037010192871,0.1944569814350855,0.08884161710739136,0.5894483424042396
A0A5K0UBH9,4.41580057144165,10.8336820602417,0.6033854417359976,0.4876871407032013,0.5956970284262433,3.8377786,9.516012,0.62966496,0.48883355,0.5351807,IDP-ESM2-8M,42,310,0.5780220031738281,1.3176698684692383,0.02627951578734833,0.0011464059352874756,0.06051634052188537
A0A5P9UM97,2.065516948699951,5.137476921081543,0.5833253924386199,0.436070442199707,0.5448611787909484,2.0318403,4.819059,0.5451428,0.4460051,0.6141823,IDP-ESM2-8M,42,310,0.0336766242980957,0.318418025970459,0.03818256302043754,0.009934663772583063,0.06932111462412116
A0A646QWB4,1.9488755464553835,4.932109832763672,0.6355374472555494,0.4985212385654449,0.4907935967422912,1.8955035,4.810964,0.60728467,0.4831712,0.5246303,IDP-ESM2-8M,42,310,0.05337202548980735,0.12114572525024414,0.028252782147822342,0.015350043773651068,0.03383671140895389
A0A646QWN2,1.7561979293823242,4.680685997009277,0.6547537543648454,0.5016769170761108,0.4840261979142593,1.9077643,4.9284525,0.6568503,0.5301886,0.49062777,IDP-ESM2-8M,42,310,0.15156638622283936,0.24776649475097656,0.0020965240126875617,0.02851170301437378,0.006601567741258252
A0A649VCB5,1.489443063735962,3.4602081775665283,0.4791856208831008,0.3966796994209289,0.6660032636183943,1.5314324,3.7923844,0.53933305,0.43278775,0.5800887,IDP-ESM2-8M,42,310,0.04198932647705078,0.33217620849609375,0.060147424599534705,0.03610804677009588,0.0859145885962691
A0A6B9LZ63,1.531480312347412,3.6910247802734375,0.5768459392952645,0.4677620828151703,0.538924811597111,1.490557,3.6785834,0.5746286,0.46521014,0.5563387,IDP-ESM2-8M,42,310,0.040923357009887695,0.012441396713256836,0.0022173477577889233,0.002551943063735962,0.017413915877101616
A0A6C0RTL1,1.9406390190124512,4.92101001739502,0.6644913384345152,0.5365849137306213,0.491906412353955,1.8581669,5.0126705,0.68686956,0.54175377,0.4338407,IDP-ESM2-8M,42,310,0.08247208595275879,0.09166049957275302,0.02237822323769545,0.0051688551902771,0.05806572031065055
A0A6F9F3M6,1.7083008289337158,4.1363677978515625,0.5576078512723884,0.432770311832428,0.546211847698499,1.7442026,4.179374,0.5610754,0.44309294,0.54533947,IDP-ESM2-8M,42,310,0.035901784896850586,0.04300642013549805,0.003467538112834956,0.010322630405426025,0.0008723825572025667
A0A6G7AB66,2.324307441711426,5.5086517333984375,0.4961955633034676,0.3767195641994476,0.6282475404508202,2.3659072,5.588851,0.5227224,0.4120323,0.59248364,IDP-ESM2-8M,42,310,0.04159975051879883,0.0801992416381836,0.026526859773162048,0.035312741994857844,0.03576390073371816
A0A6G7AB88,2.5048677921295166,5.772026538848877,0.4918560589762943,0.3944780826568603,0.6388969106982498,2.5309272,5.942658,0.5189119,0.4085602,0.6037062,IDP-ESM2-8M,42,310,0.026059389114379883,0.17063140869140625,0.027055839159844608,0.014082103967666681,0.03519072964890291
A0A6G8MYF8,3.109171867370605,6.8888936042785645,0.4605919818735983,0.3835797905921936,0.7155786473468506,3.304252,7.560169,0.48324695,0.37992674,0.6558102,IDP-ESM2-8M,42,310,0.19508004188537642,0.6712756156921387,0.022654970421705056,0.0036530494689941406,0.05976847002064822
A0A6H0YEW0,1.4530494213104248,3.4959332942962646,0.5659099838319519,0.4593116044998169,0.536463108539515,1.3662435,3.276188,0.5569886,0.45339406,0.5620411,IDP-ESM2-8M,42,310,0.08680593967437744,0.21974539756774902,0.008921386915753171,0.005917549133300781,0.025577995300359313
A0A6J5KPB0,1.940262794494629,4.997756004333496,0.635347432533523,0.5010284185409546,0.5059515879379463,1.8888693,4.7517056,0.6099909,0.49159014,0.52119267,IDP-ESM2-8M,42,310,0.05139350891113281,0.24605035781860352,0.025356537739058882,0.009438276290893555,0.015241081930522982
A0A6J5KRS4,1.841600060462952,4.71331787109375,0.6411823746501298,0.5143892765045166,0.4789484365746742,1.8421575,4.6333766,0.61516714,0.4918049,0.5193081,IDP-ESM2-8M,42,310,0.000557422637939009,0.0799412727355957,0.02601523368943648,0.022584378719329834,0.04035965363528676
A0A6J5KVQ0,2.048476219177246,5.10019063949585,0.6315246384900698,0.507749080657959,0.498998861871596,1.9698012,5.0153956,0.6248394,0.4952652,0.5140785,IDP-ESM2-8M,42,310,0.0786750316619873,0.08479499816894531,0.006685213403094692,0.01248389482498169,0.015079636015061737
A0A6J5L216,1.6491427421569824,4.148125648498535,0.6250542587252779,0.497600108385086,0.5238787492864336,1.7459702,4.6746693,0.6488694,0.506662,0.45511678,IDP-ESM2-8M,42,310,0.09682750701904297,0.5265436172485352,0.023815136530764613,0.009061902761459406,0.06876197067429679
A0A6J5L2N6,2.3885140419006348,5.283689022064209,0.4652319396106885,0.3669088780879974,0.705653872243753,2.374533,5.460171,0.48256576,0.38879752,0.66424644,IDP-ESM2-8M,42,310,0.013981103897094727,0.1764822006225586,0.01733382100179931,0.021888643503189142,0.04140743230997612
A0A6J5L2W6,2.7410271167755127,6.884716987609863,0.648243484136246,0.5112985372543335,0.5146690957538637,3.2383895,8.087686,0.68782353,0.54924864,0.47039628,IDP-ESM2-8M,42,310,0.4973623752593994,1.2029685974121094,0.039580049875594825,0.037950098514556885,0.04427281546516737
A0A6J5L549,2.5194334983825684,6.607528209686279,0.7087084739686093,0.5727629065513611,0.4739008834361188,2.8754957,7.402158,0.72163165,0.5650653,0.4654699,IDP-ESM2-8M,42,310,0.3560621738433838,0.7946295738220215,0.012923172187701781,0.007697582244873047,0.008430986642753324
A0A6J5L8Y0,1.7133444547653198,4.003317356109619,0.5161254590211748,0.4125443398952484,0.5848645612650725,1.763043,4.212022,0.50297874,0.39508682,0.6103601,IDP-ESM2-8M,42,310,0.049698591232299805,0.20870447158813477,0.013146716898524646,0.017457515001296997,0.025495524699130412
A0A6J5LE62,1.9103301763534544,4.991016864776611,0.6278430242682339,0.475281149148941,0.5004230229907931,1.9347972,4.812432,0.59078485,0.48316523,0.58345324,IDP-ESM2-8M,42,310,0.02446699142456077,0.17858505249023438,0.037058176531875264,0.0078840851783753,0.08303021501961338
A0A6J5LH85,2.0374104976654053,5.074304580688477,0.6139548801280195,0.4775563180446625,0.5233787845221934,2.1110406,5.4077477,0.61858034,0.4838988,0.4879526,IDP-ESM2-8M,42,310,0.07363009452819824,0.33344316482543945,0.004625461211091864,0.006342470645904541,0.035426194533484945
A0A6J5LWJ3,2.128741502761841,5.335798263549805,0.6250663478941537,0.4979139566421509,0.5217617868710505,2.090992,5.207819,0.601248,0.48892125,0.5408484,IDP-ESM2-8M,42,310,0.037749528884887695,0.12797927856445312,0.02381832199998868,0.008992701768875122,0.019086587495709795
A0A6J5LYG1,2.3131866455078125,5.926712512969971,0.6098650547512311,0.4626297056674957,0.5238549737141168,2.2764103,5.677526,0.6040534,0.47337204,0.53379995,IDP-ESM2-8M,42,310,0.03677630424499512,0.24918651580810547,0.005811676646067521,0.010742336511611938,0.009944972594019164
A0A6J5M0M6,1.7717705965042114,4.504781246185303,0.6271893587424907,0.4977670311927795,0.488440116744676,1.7932112,4.48167,0.60311216,0.48366463,0.5278567,IDP-ESM2-8M,42,310,0.021440625190734863,0.023111343383789062,0.02407719758297533,0.014102399349212591,0.03941659082826099
A0A6J5M1A9,1.84265685081482,4.538144111633301,0.6127705506787194,0.4674545228481293,0.51226935419039,1.6276132,4.1222243,0.5946617,0.47725505,0.53861487,IDP-ESM2-8M,42,310,0.21504366397857733,0.41591978073120117,0.018108838032235064,0.009800523519515991,0.026345514927346825
A0A6J5M383,1.5285961627960205,3.78413462638855,0.6077885099965489,0.4805246591567993,0.5070767163617835,1.6484776,4.0593185,0.58798593,0.4650554,0.5136339,IDP-ESM2-8M,42,310,0.11988139152526855,0.27518391609191895,0.019802577169553026,0.015469253063201904,0.006557190479494546
A0A6J5M440,1.5276983976364136,3.39880919456482,0.2913856917253634,0.3303119540214538,0.990110617048704,1.1303312,1.9674067,0.34647578,0.3389059,0.97724736,IDP-ESM2-8M,42,310,0.3973672389984131,1.431402444839478,0.055090088284860006,0.008593946695327814,0.012863259680234718
A0A6J5M597,2.643709659576416,5.997252941131592,0.4318120742886074,0.3301052749156952,0.698448324163709,2.4739828,5.750096,0.4826062,0.37128878,0.6159056,IDP-ESM2-8M,42,310,0.16972684860229492,0.24715709686279297,0.05079412807536049,0.04118350148200989,0.08254274125889327
A0A6J5M692,1.822493076324463,4.669379711151123,0.6390697700093021,0.4939144849777221,0.4863950839330118,1.9043417,4.8672843,0.62638175,0.5069922,0.524052,IDP-ESM2-8M,42,310,0.0818486213684082,0.1979045867919922,0.01268801513411899,0.013077735900878962,0.03765693995462249
A0A6J5MAS8,2.1650893688201904,5.263805389404297,0.6158747393641191,0.4940444231033325,0.5384956622425232,2.1009247,5.3024483,0.6172358,0.49317226,0.52285534,IDP-ESM2-8M,42,310,0.06416463851928711,0.03864288330078125,0.0013610403981489938,0.0008721649646759033,0.01564032080804445
A0A6J5MC63,2.8016586303710938,6.961949348449707,0.6031288759295002,0.466383695602417,0.5278455168192582,2.8694298,7.0962563,0.6128482,0.47926873,0.5067879,IDP-ESM2-8M,42,310,0.06777119636535645,0.1343069076538086,0.009719346326206635,0.012885034084320068,0.02105762066294714
A0A6J5MCB3,1.8703848123550413,4.5616655349731445,0.6154428403147328,0.4941737353801727,0.553393290145209,1.9009893,4.8984,0.6539771,0.5237031,0.49016365,IDP-ESM2-8M,42,310,0.03060448169708274,0.3367342948913574,0.03853425576604719,0.029529362916946467,0.063229636056235
A0A6J5MEY7,1.8915536403656008,4.902362823486328,0.6421824886603738,0.5013214349746704,0.491231142549303,1.8080215,4.4320555,0.5882213,0.4928787,0.5924538,IDP-ESM2-8M,42,310,0.08353209495544456,0.4703073501586914,0.053961177091159884,0.008442729711532593,0.10122263524076658
A0A6J5MKW9,2.030050039291382,5.019076347351074,0.6103785776773494,0.4662524461746216,0.5356390128241294,1.930756,4.805744,0.5942903,0.48563012,0.5500631,IDP-ESM2-8M,42,310,0.09929406642913818,0.2133321762084961,0.01608826157246046,0.019377678632736206,0.014424060810971917
A0A6J5MMF3,2.902116775512696,7.015099048614502,0.5996799283274696,0.4610233306884765,0.5500109801533026,3.0039208,7.4769316,0.6277414,0.49123138,0.49906877,IDP-ESM2-8M,42,310,0.101804018020629,0.46183252334594727,0.028061468099684905,0.030208051204681452,0.050942213320950946
A0A6J5MV94,2.015759229660034,5.115356922149658,0.6570144500192278,0.5194626450538635,0.4945914656703048,2.002717,5.136924,0.65003425,0.51710427,0.4820417,IDP-ESM2-8M,42,310,0.013042211532592773,0.02156686782836914,0.006980201190339819,0.002358376979827881,0.012549778897004649
A0A6J5N0T2,1.5212795734405518,3.808112859725952,0.6044258722958645,0.4800914525985718,0.5084191952789022,1.4860497,3.5718987,0.547478,0.44996497,0.58722466,IDP-ESM2-8M,42,310,0.03522992134094238,0.23621416091918945,0.0569478521046719,0.030126482248306274,0.07880546702502234
A0A6J5NF31,2.119502782821656,5.466895580291748,0.6200844703845975,0.4755373299121856,0.5128135252089381,2.116075,5.3429213,0.597444,0.47158867,0.5349117,IDP-ESM2-8M,42,310,0.0034277439117440522,0.12397432327270508,0.02264047252464263,0.003948658704757635,0.02209816693354849
A0A6J5P529,2.162848949432373,5.6091718673706055,0.691572898064149,0.5486497282981873,0.4898559805596602,2.7057822,7.2513103,0.7265593,0.5695848,0.4169181,IDP-ESM2-8M,42,310,0.5429332256317139,1.6421384811401367,0.03498638328503312,0.02093505859375,0.07293788163311599
A0A6J5PE78,1.9875787496566768,5.034602165222168,0.6338978360730717,0.5016485452651978,0.4957889682477281,1.9303719,4.9633093,0.63294274,0.4936473,0.48800963,IDP-ESM2-8M,42,310,0.05720686912536577,0.07129287719726562,0.0009550999242374791,0.008001238107681274,0.0077793366139695674
A0A6J5PLB7,2.020073175430298,5.047544956207275,0.6143111537242621,0.476663589477539,0.5344777803761304,2.1423695,5.1279335,0.53467995,0.45302865,0.697661,IDP-ESM2-8M,42,310,0.12229633331298828,0.08038854598999023,0.0796312044406623,0.023634940385818426,0.1631832022326648
A0A6J5PPF9,1.7061916589736938,4.279221057891846,0.6547860485859764,0.5330156683921814,0.4899557079776512,1.816426,4.649335,0.63039315,0.5054843,0.48758197,IDP-ESM2-8M,42,310,0.11023437976837158,0.3701138496398926,0.02439290111740955,0.02753138542175293,0.002373739670156083
A0A6J5PZI4,1.6224883794784546,3.997868061065674,0.6030021251897356,0.4779668152332306,0.5340823026706396,1.514396,3.9046204,0.57119364,0.45784283,0.58156747,IDP-ESM2-8M,42,310,0.10809242725372314,0.09324765205383301,0.031808489726021016,0.020123988389968872,0.04748516358836308
A0A6J5SKE0,2.8966424465179443,7.138761043548584,0.6119392833104131,0.4701460003852844,0.5387540573442203,2.7746034,6.9462705,0.62790805,0.49262738,0.49131176,IDP-ESM2-8M,42,310,0.1220390796661377,0.1924905776977539,0.015968767703533393,0.02248138189315796,0.047442298587582754
A0A6J5SLP1,2.0461244583129883,4.970026969909668,0.6218597098562564,0.5136079788208008,0.5282991370210679,1.914103,4.8456745,0.60889876,0.48982725,0.5410971,IDP-ESM2-8M,42,310,0.13202142715454102,0.12435245513916016,0.012960950968011753,0.023780733346939087,0.01279796752834006
A0A6J7W7Z1,1.6932185888290403,4.09584379196167,0.5726955954085333,0.4482506811618805,0.5527525881049505,1.7278202,4.190107,0.56152946,0.4512148,0.573915,IDP-ESM2-8M,42,310,0.03460156917572044,0.09426307678222656,0.011166137839411006,0.002964109182357788,0.021162416625274072
A0A6J7WAM5,2.019427299499512,5.049814224243164,0.6014484866892835,0.4771013557910919,0.538404319072899,1.9927716,4.9210033,0.58326805,0.4755027,0.5715843,IDP-ESM2-8M,42,310,0.026655673980713335,0.12881088256835938,0.018180440310194168,0.001598656177520752,0.033179965232673525
A0A6J7WD77,1.9971611499786377,4.934780597686768,0.5901598982433598,0.4573147296905517,0.5507199982628057,2.1634219,5.4227977,0.5950322,0.46972284,0.551681,IDP-ESM2-8M,42,310,0.1662607192993164,0.48801708221435547,0.00487231687504841,0.012408107519149836,0.0009609838500788115
A0A6J7WRV8,1.9616855382919312,4.895794868469238,0.6283178327646388,0.4944463968276977,0.5054861465005982,1.9729784,4.9971795,0.62283194,0.49503648,0.49656576,IDP-ESM2-8M,42,310,0.011292815208435059,0.10138463973999023,0.005485892113698876,0.0005900859832764227,0.00892038731862188
A0A6J7WTJ4,1.7079490423202517,4.325766563415527,0.6287895850929492,0.4943699538707733,0.504946151151628,1.79831,4.5302277,0.6124228,0.4872529,0.5203773,IDP-ESM2-8M,42,310,0.09036099910736062,0.20446109771728516,0.01636676118700442,0.00711706280708313,0.015431127176313897
A0A6J7WZ48,3.788250684738159,9.425588607788086,0.6375199120893881,0.498330682516098,0.5364660153564856,3.468657,8.687863,0.6536167,0.5142063,0.5049846,IDP-ESM2-8M,42,310,0.3195936679840088,0.7377252578735352,0.016096814309079943,0.01587560772895813,0.03148139812320927
A0A6J7WZH5,1.966899275779724,4.836903095245361,0.6237053169456142,0.4940366446971893,0.5223177910688358,1.9687672,5.0650396,0.63864446,0.5048759,0.48790327,IDP-ESM2-8M,42,310,0.0018678903579714135,0.22813653945922852,0.014939139917789168,0.01083925366401678,0.03441452392367894
A0A6J7X3M2,1.7714638710021973,4.478275299072266,0.6250413474301046,0.4981969594955444,0.508437284613557,1.7416425,4.4704714,0.6309848,0.5122703,0.5112062,IDP-ESM2-8M,42,310,0.029821395874023438,0.007803916931152344,0.005943435742502778,0.014073312282562311,0.0027689250460194437
A0A6J7X4W8,2.1873183250427246,5.613360404968262,0.6508275771580236,0.5190792679786682,0.4893629363103153,2.0501559,5.362776,0.6583878,0.5165094,0.47253957,IDP-ESM2-8M,42,310,0.137162446975708,0.25058460235595703,0.00756020303149052,0.002569854259490967,0.016823362402463127
A0A6J7XE11,2.942026376724243,7.165003776550293,0.5908499771444945,0.4390562176704407,0.5539566671291283,2.8352866,7.0295777,0.614157,0.4823364,0.51299906,IDP-ESM2-8M,42,310,0.10673975944519043,0.13542604446411133,0.023307043901190316,0.043280184268951416,0.04095760935935289
A0A6M2ZHS1,2.128337144851685,5.256349563598633,0.6073585253787999,0.4875721633434295,0.5208188538842814,1.9846854,5.0254264,0.61889267,0.49226844,0.50354123,IDP-ESM2-8M,42,310,0.14365172386169478,0.23092317581176758,0.011534144298934512,0.0046962797641754706,0.01727762272888589
A0A6M3TA11,1.4948583841323853,3.699122905731201,0.5815959889869131,0.4546993374824524,0.5303457064431648,1.5223025,3.8251052,0.5932348,0.477946,0.52216786,IDP-ESM2-8M,42,310,0.027444124221801758,0.12598228454589844,0.011638788463648408,0.023246675729751587,0.008177844981525406
A0A6S4P8D4,2.9929144382476807,7.407697200775146,0.5943412471390286,0.4433763921260834,0.545024552587769,3.1447644,7.889862,0.64146036,0.49377325,0.46720076,IDP-ESM2-8M,42,310,0.15184998512268066,0.4821648597717294,0.047119111957498516,0.050396859645843506,0.077823796514771
A0A6S4P9N8,2.0385830402374268,5.153059005737305,0.6359434889647566,0.4999077916145324,0.4904776380081284,2.0371606,5.126279,0.6116134,0.4863183,0.5222069,IDP-ESM2-8M,42,310,0.0014224052429199219,0.026780128479003906,0.02433009613486159,0.013589501380920355,0.031729264495838905
A0A6S4PA87,3.1965973377227783,8.497895240783691,0.6476650008895227,0.4855209290981293,0.4872370823331978,3.1200705,7.8851833,0.65850633,0.5146191,0.486541,IDP-ESM2-8M,42,310,0.07652688026428223,0.6127119064331055,0.010841332938449688,0.029098182916641235,0.0006960793443824831
A0A6S4PGH2,2.025459051132202,5.075601100921631,0.6537960402589499,0.5327250957489014,0.5010359359080803,1.986676,5.0759645,0.6322719,0.51239383,0.52586323,IDP-ESM2-8M,42,310,0.03878307342529297,0.00036334991455078125,0.021524154387062677,0.020331263542175293,0.024827294320343807
A0A7D3USN0,4.542440891265869,10.77010726928711,0.6390184040106387,0.5048065781593323,0.5604886379774676,4.1504803,10.222569,0.6349657,0.4945122,0.49410567,IDP-ESM2-8M,42,310,0.39196062088012695,0.5475378036499023,0.00405268621812771,0.01029437780380249,0.06638297110162839
A0A7D5FH32,3.048115491867065,7.244829177856445,0.5283545225199422,0.4075994491577148,0.5874348983490154,3.0248456,7.0603786,0.51622546,0.40516815,0.61317706,IDP-ESM2-8M,42,310,0.023269891738891157,0.18445062637329102,0.012129065328474908,0.0024313032627105158,0.025742162731917206
A0A7I6MYG1,1.7122671604156494,3.868784904479981,0.4678834573078638,0.3887883126735687,0.6579925296126948,1.7903497,4.161798,0.49754637,0.40229404,0.62178475,IDP-ESM2-8M,42,310,0.07808256149291992,0.29301309585571245,0.029662917489957252,0.013505727052688599,0.03620778296581373
A0A7M1CLG8,2.535005569458008,6.690586090087891,0.639170294676622,0.4826786816120147,0.5175234475940067,2.6187754,6.6886983,0.64531165,0.52568024,0.52378994,IDP-ESM2-8M,42,310,0.0837697982788086,0.0018877983093261719,0.006141358937422181,0.04300156235694891,0.006266494670550182
A0A7M1RZ47,1.7416952848434448,4.505906581878662,0.6486272595017147,0.5162646770477295,0.4779409049832805,1.8737068,4.848536,0.6416067,0.51447403,0.4864164,IDP-ESM2-8M,42,310,0.1320115327835083,0.34262943267822266,0.007020571002264053,0.0017906427383422852,0.008475494495631841
A0A7S5RCY4,1.7682477235794067,4.191977024078369,0.4857089012317013,0.378863513469696,0.6379036389294076,1.7810488,4.145518,0.4935141,0.40026256,0.64125675,IDP-ESM2-8M,42,310,0.012801051139831543,0.046459197998046875,0.007805189544742186,0.021399050951004084,0.0033531107005667637
A0A7S5UT98,1.778666853904724,4.239955902099609,0.4824962892444299,0.382173627614975,0.6478458862988754,1.7273705,3.9833431,0.4775309,0.39000636,0.662493,IDP-ESM2-8M,42,310,0.051296353340148704,0.25661277770996094,0.004965392580764116,0.007832735776901245,0.014647104194899008
A0A7S9SUD3,3.282820463180542,8.40090274810791,0.6417579082453827,0.4831784963607788,0.5042510513203461,2.982458,7.4045057,0.6161491,0.49007595,0.55030805,IDP-ESM2-8M,42,310,0.30036234855651855,0.9963970184326172,0.025608780762014782,0.006897449493408203,0.046056997404782085
A0A7S9XGD0,2.4575083255767822,6.167535305023193,0.6878485547044775,0.5608773231506348,0.4925327182061075,3.3242462,8.499413,0.7420887,0.5765857,0.38904884,IDP-ESM2-8M,42,310,0.8667378425598145,2.3318772315979004,0.054240120794484925,0.01570838689804077,0.10348387363022554
A0A7U3WA13,3.312040328979492,7.860169887542725,0.5386499819588466,0.4126134216785431,0.6012330171587885,4.1614904,9.740061,0.5572365,0.43221346,0.59343296,IDP-ESM2-8M,42,310,0.8494501113891602,1.8798909187316895,0.018586510674972967,0.0196000337600708,0.007800054264348821
A0A811BMM7,3.1070127487182617,7.55966854095459,0.6453828603877835,0.5360123515129089,0.5181866079777447,3.0858932,7.6425543,0.6119872,0.49253917,0.54557174,IDP-ESM2-8M,42,310,0.02111959457397461,0.0828857421875,0.03339568683050198,0.04347318410873413,0.027385136464241344
A0A858MR12,1.8592047691345213,4.1498308181762695,0.4055345373732325,0.3374395072460174,0.7696999491571298,1.7488768,3.8833613,0.42613584,0.36179918,0.7720098,IDP-ESM2-8M,42,310,0.11032795906066872,0.26646947860717773,0.020601300658536326,0.02435967326164251,0.002309840786565265
A0A8A4VK22,1.9432090520858765,4.907573223114014,0.6300450998790222,0.4998845756053924,0.5229752236147497,2.071589,5.476372,0.6800685,0.54112905,0.44559956,IDP-ESM2-8M,42,310,0.1283799409866333,0.5687985420227051,0.050023393010382056,0.04124447703361517,0.0773756676455114
A0A8D9CCF9,1.8936651945114136,4.854350090026856,0.6734784878268495,0.5423930287361145,0.4864349329024752,1.8766198,4.8885956,0.67083395,0.54047334,0.45442593,IDP-ESM2-8M,42,310,0.01704537868499756,0.03424549102783114,0.002644542552496465,0.0019196867942810059,0.032009001925607516
A0A8E5KAT9,2.132596969604492,5.142199516296387,0.6116969585626366,0.5118205547332764,0.5437685064394361,2.0068104,5.006334,0.60631967,0.48917207,0.55022967,IDP-ESM2-8M,42,310,0.12578654289245605,0.1358656883239746,0.00537729265382314,0.022648483514785767,0.006461162177812452
A0A8F2E6U0,1.5949078798294067,2.895049333572388,0.3681295103062038,0.352189153432846,0.8427707730350098,1.9103116,4.4073358,0.49109438,0.41357076,0.69055724,IDP-ESM2-8M,42,310,0.31540369987487793,1.5122864246368404,0.12296487031093795,0.061381608247757014,0.15221353159519047
A0A8S5LF95,1.9319517612457275,4.757199287414551,0.6006585263798637,0.4741803705692291,0.5301617069577876,1.899815,4.6901965,0.5759507,0.464829,0.5566859,IDP-ESM2-8M,42,310,0.03213679790496826,0.06700277328491211,0.024707844216625197,0.009351372718811035,0.02652421757224166
A0A8S5LN82,1.4528896808624268,3.595461368560791,0.5720364307924491,0.4510329961776733,0.5176236187460806,1.458387,3.5256896,0.560466,0.4523233,0.55309415,IDP-ESM2-8M,42,310,0.005497336387634277,0.06977176666259766,0.011570439295409352,0.001290291547775324,0.03547052988978361
A0A8S5M1Q5,1.6224850416183472,3.9980335235595694,0.6185162416432978,0.4928246438503265,0.5031121777226791,1.8130033,4.408707,0.5815154,0.46472847,0.54980236,IDP-ESM2-8M,42,310,0.19051826000213623,0.4106736183166513,0.037000869843828776,0.028096169233322088,0.04669018519617463
A0A8S5M989,1.5899041891098022,4.158450126647949,0.6685246426560615,0.527912974357605,0.4393451627506227,1.5558544,4.0289774,0.6238137,0.4979012,0.48080298,IDP-ESM2-8M,42,310,0.03404974937438965,0.1294727325439453,0.044710953901026085,0.030011773109436035,0.041457820294955317
A0A8S5MGS1,1.929514765739441,4.970736026763916,0.6433950997240373,0.5064929127693176,0.4825211048540552,2.0632448,5.2864814,0.61861545,0.4890982,0.5149222,IDP-ESM2-8M,42,310,0.13373005390167236,0.31574535369873047,0.024779651249153267,0.017394721508026123,0.032401096779398175
A0A8S5N1K7,1.5410645008087158,3.71420693397522,0.5309891457663651,0.4290585219860077,0.5803345502127267,1.4306816,3.4258518,0.5200296,0.42081842,0.60142,IDP-ESM2-8M,42,310,0.11038291454315186,0.2883551120758061,0.010959541331398093,0.008240103721618652,0.02108543508161531
A0A8S5N469,1.541072964668274,3.841866254806519,0.6019365020107631,0.4722701013088226,0.5189418504299111,1.413658,3.5048342,0.5856434,0.47385848,0.5376094,IDP-ESM2-8M,42,310,0.12741494178771973,0.3370320796966557,0.016293091328084874,0.0015883743762970526,0.018667547935109607
A0A8S5NE69,2.0179810523986816,5.021127700805664,0.6155796345238598,0.4783177673816681,0.5235021762300544,1.9230207,4.814858,0.6065717,0.48266685,0.5349343,IDP-ESM2-8M,42,310,0.09496033191680908,0.2062697410583496,0.009007960176935947,0.004349082708358765,0.011432106072802095
A0A8S5NNF7,2.0234720706939697,5.172054290771484,0.6787651558094923,0.567383885383606,0.4918094162756223,1.9676414,5.224354,0.6980511,0.55936986,0.43357506,IDP-ESM2-8M,42,310,0.05583071708679199,0.05229949951171875,0.019285939199357838,0.008014023303985596,0.05823435233175939
A0A8S5NWD3,1.4823206663131714,3.654681921005249,0.5732833523114604,0.4508731365203857,0.5267795552273132,1.4659564,3.5962255,0.57653743,0.4617722,0.5365444,IDP-ESM2-8M,42,310,0.016364216804504395,0.0584564208984375,0.003254077974947034,0.010899066925048884,0.009764827344860838
A0A8S5NWX7,1.534160614013672,3.913499116897583,0.6066140439826901,0.4712214171886444,0.4992151739386935,1.5017973,3.7826734,0.6065429,0.47998667,0.5110292,IDP-ESM2-8M,42,310,0.03236329555511497,0.13082575798034668,7.11586791928287e-05,0.008765250444412231,0.011814009925899982
A0A8S5PA77,1.6550630331039429,3.957556962966919,0.5678249000940907,0.4659899175167084,0.5766882617862826,1.637279,4.000925,0.56858236,0.4644915,0.5894444,IDP-ESM2-8M,42,310,0.0177839994430542,0.04336810111999512,0.0007574558820140354,0.0014984309673309326,0.012756137093722253
A0A8S5PGG1,2.048213243484497,5.278601169586182,0.6774781605961858,0.554512083530426,0.4816393286116127,2.215706,5.6943383,0.6662873,0.5310746,0.48360065,IDP-ESM2-8M,42,310,0.16749286651611328,0.4157371520996094,0.011190857625299588,0.0234375,0.00196131764578783
A0A8S5PHX0,2.0361557006835938,5.030857086181641,0.6446665694565727,0.536162257194519,0.5162781651658338,1.9287443,4.81977,0.61443275,0.5048961,0.5496671,IDP-ESM2-8M,42,310,0.10741138458251953,0.21108722686767578,0.030233817324156975,0.03126615285873413,0.033388954814024596
A0A8S5PIQ8,2.429856777191162,6.147756576538086,0.6224030456637739,0.4771081805229187,0.5234640337150761,2.5415215,6.521649,0.6485485,0.50891066,0.49197593,IDP-ESM2-8M,42,310,0.1116647720336914,0.37389230728149414,0.026145438184797865,0.031802475452423096,0.031488100401706354
A0A8S5Q7R0,1.6117476224899292,4.156447887420654,0.6177209785183562,0.4685973227024078,0.4905861492317358,1.6409724,4.104001,0.5944886,0.47493857,0.51381814,IDP-ESM2-8M,42,310,0.029224753379821777,0.052446842193603516,0.023232357760299527,0.006341248750686701,0.023231995566542984
A0A8S5RD61,1.59621262550354,3.990708351135254,0.607982873524127,0.4820874035358429,0.5178085166476503,1.7127814,4.261316,0.5866884,0.46714061,0.5265043,IDP-ESM2-8M,42,310,0.11656880378723145,0.27060747146606445,0.021294474209246683,0.014946788549423218,0.008695761535333135
A0A8S5RFF7,1.91406512260437,4.918657779693604,0.6790284803261569,0.5510339140892029,0.474279257771688,2.1588142,5.583536,0.6528133,0.52212906,0.48453465,IDP-ESM2-8M,42,310,0.2447490692138674,0.6648783683776847,0.026215164934616397,0.028904855251312256,0.010255393269342883
A0A8S5RGG2,1.6821813583374023,4.223555088043213,0.6401839424508474,0.5148881673812866,0.5131552744329346,1.5827335,3.8810444,0.58772326,0.49272722,0.57896274,IDP-ESM2-8M,42,310,0.09944784641265869,0.3425107002258301,0.05246068729337672,0.02216094732284546,0.06580746884938349
A0A8S5S9N0,1.6078425645828247,4.041693210601807,0.6339818402232169,0.5019444823265076,0.4875560726805244,1.7754626,4.576991,0.6326491,0.51943,0.50854075,IDP-ESM2-8M,42,310,0.16762006282806396,0.5352978706359863,0.0013327165545462538,0.017485499382019043,0.0209846768693413
A0A8S5SDG1,1.549340844154358,3.758479595184326,0.5703583902031886,0.460305392742157,0.5547198632192077,1.5684458,3.8364918,0.56689906,0.4558223,0.54846245,IDP-ESM2-8M,42,310,0.019104957580566406,0.07801222801208496,0.0034593290001856403,0.0044831037521362305,0.006257412714904764
A0A8S5SII4,2.2042181491851807,5.491868495941162,0.5918405133103211,0.4309579730033874,0.5540945159096362,1.9761214,4.9280815,0.59864235,0.4761553,0.54460955,IDP-ESM2-8M,42,310,0.22809672355651855,0.5637869834899902,0.006801835932843003,0.04519733786582952,0.009484969248259256
A0A8S5SVB6,1.7331936359405518,4.510082721710205,0.6396405662000701,0.4918795824050903,0.4877943328536107,1.7560761,4.445689,0.6103858,0.493097,0.5249441,IDP-ESM2-8M,42,310,0.022882461547851562,0.06439352035522461,0.029254790633969074,0.001217424869537409,0.03714979375237687
A0A8S5TCW6,1.5691431760787964,3.7104883193969727,0.5663469228194942,0.4540293216705322,0.5582488320333352,1.6000252,3.8650188,0.55440253,0.4526636,0.58550215,IDP-ESM2-8M,42,310,0.03088200092315674,0.15453052520751953,0.011944392626165312,0.0013657212257385254,0.02725331564122535
A0A8S5TKF0,1.7594430446624756,4.475069522857666,0.6152758404567598,0.4843858480453491,0.5199260805982792,1.7759428,4.6682215,0.66720533,0.5300656,0.4282365,IDP-ESM2-8M,42,310,0.016499757766723633,0.19315195083618164,0.05192949325295704,0.04567974805831909,0.09168956626836888
A0A8S5U5H8,1.673812985420227,4.280613899230957,0.6217652135293522,0.4904260635375976,0.5138379053059745,1.8840709,4.8102756,0.6248948,0.49728316,0.48832348,IDP-ESM2-8M,42,310,0.210257887840271,0.5296616554260254,0.0031295842726192236,0.006857097148895319,0.025514425415151143
A0A8S5UDW9,1.531213879585266,3.656667470932007,0.5717585194806091,0.462588757276535,0.5361020676025509,1.4498346,3.5439126,0.5687341,0.455096,0.5432527,IDP-ESM2-8M,42,310,0.08137929439544656,0.11275482177734375,0.0030244100789061923,0.0074927508831023615,0.007150638925159103
A0A8S5UG11,3.555567741394043,8.643813133239746,0.6632112140261573,0.5919117331504822,0.5854584151242964,3.853119,9.535954,0.6688544,0.588045,0.6672581,IDP-ESM2-8M,42,310,0.29755115509033203,0.8921413421630859,0.005643201390560182,0.003866732120513916,0.0817996686960466
A0A8S5UGG4,2.073775291442871,5.222021579742432,0.681108447111699,0.5889421105384827,0.4911635971211936,1.984102,5.1508126,0.6656438,0.54662675,0.5129379,IDP-ESM2-8M,42,310,0.08967328071594238,0.07120895385742188,0.015464635885807931,0.04231536388397217,0.021774306283042222
A0A8S5UXR4,1.5099437236785889,3.638897180557251,0.563634790464184,0.4566200673580169,0.5499431480625193,1.566262,3.782895,0.5533902,0.44190457,0.5774279,IDP-ESM2-8M,42,310,0.05631828308105469,0.1439979076385498,0.010244585557720343,0.014715492725372259,0.02748477561683249
A0A8S5UYA7,1.524403691291809,3.680885076522827,0.552555807952073,0.4300805628299713,0.5522573094829637,1.5730097,3.797465,0.5540668,0.4447426,0.5606665,IDP-ESM2-8M,42,310,0.048606038093566895,0.11658000946044922,0.0015109692772360406,0.014662027359008789,0.00840919203910051
A0A8S5V197,1.9999170303344729,4.977944850921631,0.639076720715706,0.5152786374092102,0.5162446494088747,1.7112257,4.308147,0.618336,0.5166054,0.5398569,IDP-ESM2-8M,42,310,0.2886912822723391,0.6697978973388672,0.02074069881552898,0.00132673978805542,0.023612261296691694
A0A8S5V2I6,1.4968163967132568,3.617697715759277,0.5650945206969153,0.4445023834705353,0.5437121560811662,1.6347654,3.9609928,0.56615055,0.45218816,0.55448645,IDP-ESM2-8M,42,310,0.13794898986816406,0.34329509735107466,0.0010560253769982264,0.0076857805252075195,0.01077429745200642
A0A8S5VTX0,1.8778859376907349,4.608424663543701,0.6222715747963131,0.5052375793457031,0.5352471328209375,1.614825,4.1076894,0.60899943,0.5055755,0.56098247,IDP-ESM2-8M,42,310,0.26306092739105225,0.5007352828979492,0.013272143663042857,0.00033789873123168945,0.025735332923081056
A0A976N2M2,1.7324421405792236,4.382628440856934,0.6453929826342459,0.5403292775154114,0.5210508732152325,1.9675529,5.1970224,0.69388115,0.5559165,0.43531522,IDP-ESM2-8M,42,310,0.23511075973510742,0.8143939971923828,0.04848817142611783,0.015587210655212402,0.08573565166715202
A0A976N2T1,1.8128474950790403,4.847801208496094,0.6961162080623562,0.5624563097953796,0.4662934472472081,1.7194114,4.459831,0.64108825,0.5218933,0.52239484,IDP-ESM2-8M,42,310,0.09343612194061257,0.387969970703125,0.055027960763161854,0.040562987327575684,0.05610138870173598
A0A977TP41,2.506516456604004,5.826696395874023,0.585786178067061,0.4682919979095459,0.5819296880551613,2.4610956,6.3643866,0.6783234,0.5272056,0.40945518,IDP-ESM2-8M,42,310,0.04542088508605957,0.5376901626586914,0.0925372100326094,0.058913588523864746,0.17247450788700947
A0A9C7EYP6,2.1155059337615967,4.297788619995117,0.4405926197728887,0.4196968078613281,0.7313419557640047,2.209885,4.8691077,0.45311064,0.38816807,0.764611,IDP-ESM2-8M,42,310,0.09437894821166992,0.5713191032409668,0.012518015507720415,0.031528741121292114,0.03326905001907632
A0A9E7E114,2.7921173572540283,6.546628475189209,0.5208807488694408,0.4054904580116272,0.5895696929951239,2.8595853,6.7017574,0.5159197,0.39759347,0.5861827,IDP-ESM2-8M,42,310,0.06746792793273926,0.15512895584106445,0.00496106350567127,0.007896989583969116,0.0033869794865178937
A0A9E7MTP4,1.7660900354385376,4.370624542236328,0.612677103692184,0.4872829020023346,0.5161140492471272,1.771209,4.639907,0.6450992,0.51383924,0.4514593,IDP-ESM2-8M,42,310,0.005118966102600098,0.26928234100341797,0.03242211896788072,0.026556342840194702,0.0646547606500203
A0A9E7NGQ3,2.006643295288086,4.838527679443359,0.6149918771082781,0.5071783661842346,0.5367110125556994,1.7832403,4.465748,0.5971379,0.48711193,0.5470231,IDP-ESM2-8M,42,310,0.2234029769897461,0.37277984619140625,0.01785394909924487,0.020066440105438232,0.010312104986567427
A0A9E7PRV1,4.8981523513793945,11.90243434906006,0.6378248603683823,0.510895311832428,0.5689196290941748,4.180912,10.201189,0.61782634,0.4903084,0.58027667,IDP-ESM2-8M,42,310,0.7172403335571289,1.701245307922365,0.019998517785679626,0.020586907863616943,0.01135703897757201
A0A9E7QSB8,3.563633918762207,8.654488563537598,0.615355620492387,0.4747810661792755,0.547865811269873,3.4538832,8.568411,0.6402591,0.50155973,0.49746558,IDP-ESM2-8M,42,310,0.10975074768066406,0.08607769012451172,0.024903466593336865,0.02677866816520691,0.05040023056804499
A0A9E7YC22,2.4639458656311035,6.180108547210693,0.6409128311536593,0.5040103793144226,0.5187614647575257,2.517022,6.662036,0.6980776,0.5443263,0.3801844,IDP-ESM2-8M,42,310,0.05307602882385254,0.48192739486694336,0.05716478792211588,0.04031592607498169,0.13857705275496224
A0A9E8JWV9,2.182565927505493,5.310370922088623,0.6338329647957579,0.5300927758216858,0.5449798741429296,2.1500545,5.6070213,0.6672355,0.5419736,0.47578853,IDP-ESM2-8M,42,310,0.03251147270202637,0.29665040969848633,0.03340252886421524,0.011880815029144287,0.06919134045533804
A0AA49BTX9,1.6178812980651855,3.529081344604492,0.4799357759922527,0.3889984488487243,0.6617350004928013,1.59589,3.7618823,0.5133402,0.4200931,0.6287187,IDP-ESM2-8M,42,310,0.021991252899169922,0.23280096054077148,0.03340439915957227,0.031094640493393,0.03301632630990947
A0AA95EHV2,7.845857620239258,18.6426944732666,0.6561177886813853,0.5430791974067688,0.6140997661368093,7.973008,18.916481,0.70853055,0.5748806,0.61571044,IDP-ESM2-8M,42,310,0.1271505355834961,0.2737865447998047,0.052412756553294915,0.03180140256881714,0.0016106711610117674
A0AAE6H393,2.4131205081939697,6.154160022735596,0.6503587380961374,0.503432035446167,0.4930089191754869,2.668516,7.063954,0.71209484,0.55180025,0.3510369,IDP-ESM2-8M,42,310,0.25539541244506836,0.9097938537597656,0.06173610529146634,0.048368215560913086,0.1419720129331163
A0AAE6M5R2,3.618755578994751,8.9513578414917,0.6390811459250759,0.4896215796470642,0.5131652544370915,3.4486022,8.56344,0.63104904,0.48700812,0.48531562,IDP-ESM2-8M,42,310,0.17015337944030762,0.38791751861572266,0.008032108945400629,0.002613455057144165,0.02784963353789105
A0AAE6R6D0,2.9459922313690186,7.35609245300293,0.6398467739542045,0.506645143032074,0.5293674399770892,3.079504,7.782285,0.68313885,0.5321564,0.4501257,IDP-ESM2-8M,42,310,0.13351178169250488,0.4261927604675293,0.04329207339686969,0.02551126480102539,0.0792417457021869
A0AAE7RVV2,1.5509799718856812,3.892199039459229,0.618568545599398,0.490367591381073,0.4791831739003854,1.7657717,4.4203115,0.6047743,0.47989255,0.51595443,IDP-ESM2-8M,42,310,0.21479177474975586,0.528112411499023,0.013794249315676077,0.0104750394821167,0.03677126097128819
A0AAE7RZ51,1.6888433694839478,4.309470653533936,0.6570875898956317,0.5257035493850708,0.4716595144946786,1.8557732,4.847402,0.65093815,0.5254485,0.4697656,IDP-ESM2-8M,42,310,0.16692984104156494,0.5379314422607413,0.006149436628724914,0.0002550482749938965,0.001893910952350697
A0AAE7V272,1.87896192073822,4.592178821563721,0.6081602346001335,0.4906425476074219,0.5287293073923289,1.8852091,4.704977,0.59645,0.47923043,0.5391527,IDP-ESM2-8M,42,310,0.0062471628189089135,0.11279821395874023,0.01171026340109782,0.011412113904953003,0.010423374435216237
A0AAE8XJ71,2.824808359146118,7.223210334777832,0.5906695288934505,0.4501203298568725,0.5467582194846388,2.7419512,6.6954107,0.5960785,0.4729051,0.54954165,IDP-ESM2-8M,42,310,0.08285713195800781,0.5277996063232422,0.005408986159344931,0.022784769535064753,0.002783432717967438
A0AAE8XN63,1.632155418395996,3.6411194801330566,0.5690827373586745,0.4982393383979797,0.5754657453104118,1.5457906,3.6842573,0.5298385,0.44469285,0.63823074,IDP-ESM2-8M,42,310,0.08636486530303955,0.04313778877258301,0.039244234951600565,0.05354648828506464,0.0627649957136055
A0AAE8Y2B1,2.854280471801758,7.204225063323975,0.6521040860510418,0.5133270025253296,0.5175582064506765,2.899485,7.241233,0.6418201,0.5030962,0.48181742,IDP-ESM2-8M,42,310,0.04520463943481445,0.037007808685302734,0.010284012923295172,0.010230779647827148,0.03574078215334375
A0AAE8Y3C7,3.175634860992432,8.191123962402344,0.6668844096608101,0.5278741717338562,0.4918623981546386,3.1220856,7.962852,0.6860421,0.5332377,0.44474596,IDP-ESM2-8M,42,310,0.053549289703369585,0.2282719612121582,0.01915766072798386,0.005363523960113525,0.0471164403032287
A0AAE8YWI4,1.6414865255355835,4.188414573669434,0.619360823765862,0.4809139370918274,0.5068112723885893,1.5969998,3.8807042,0.56845134,0.460558,0.56939304,IDP-ESM2-8M,42,310,0.04448676109313965,0.3077104091644287,0.05090947879897356,0.020355939865112305,0.06258176636110557
A0AAE9BPG4,2.1045117378234863,5.45993709564209,0.6429358050228785,0.4972870647907257,0.5040046994520476,2.0912132,5.324294,0.63668966,0.5162333,0.5250046,IDP-ESM2-8M,42,310,0.013298511505126953,0.13564300537109375,0.006246142089528894,0.01894626021385193,0.02099992586838695
A0AAE9BPT7,1.9075901508331297,4.771249294281006,0.6234833244337531,0.4799263775348663,0.5067572480503526,1.8016117,4.5670176,0.61976486,0.5035631,0.5109096,IDP-ESM2-8M,42,310,0.10597848892211892,0.20423173904418945,0.0037184599890204284,0.0236367285251618,0.004152368896821468
A0EXV0,3.055405378341675,7.350734710693359,0.5131230835352409,0.4050171673297882,0.6419010163196932,3.255276,7.6481,0.524119,0.4208213,0.6263993,IDP-ESM2-8M,42,310,0.19987058639526367,0.2973651885986328,0.010995935973120874,0.015804141759872437,0.015501737678946137
A0EYY2,2.92343807220459,7.265526294708252,0.6373669942344864,0.4999637305736542,0.5157488784869944,2.966914,7.6880884,0.71508646,0.5554297,0.38307065,IDP-ESM2-8M,42,310,0.04347586631774902,0.4225621223449707,0.077719465879039,0.05546596646308899,0.13267823077047214
A1YJ55,3.017038583755493,7.556786060333252,0.6337727502170534,0.4951027631759643,0.5294141938149568,2.9768882,7.6436405,0.685056,0.53129274,0.4144392,IDP-ESM2-8M,42,310,0.04015040397644043,0.08685445785522461,0.05128322092857651,0.036189973354339655,0.11497499245997633
A1YMK7,1.6120907068252563,3.974031448364258,0.5611706565847853,0.4376019239425659,0.5413797934720864,1.5368756,3.7051933,0.53886664,0.43628737,0.5756989,IDP-ESM2-8M,42,310,0.07521510124206543,0.26883816719055176,0.0223040174475172,0.0013145506381988525,0.03431911867162085
A4FTA6,2.420058250427246,5.664880275726318,0.5232893905629268,0.4148299396038055,0.5949506396205555,2.3858743,5.5672827,0.5288753,0.4236304,0.58734214,IDP-ESM2-8M,42,310,0.03418397903442383,0.09759759902954102,0.0055859007845768804,0.008800446987152155,0.007608496561778644
A4L236,3.5427258014678955,8.795016288757324,0.6606610796858946,0.5277855396270752,0.5080969561632411,2.4641259,6.3399224,0.66797304,0.52653277,0.45939478,IDP-ESM2-8M,42,310,1.0785999298095703,2.4550938606262207,0.007311961848529225,0.0012527704238891602,0.04870217338164018
A4ZRA0,1.964766025543213,4.982684135437012,0.631989242019646,0.5077157616615295,0.4923039399414748,1.9613948,5.0249825,0.63464165,0.50486875,0.47177583,IDP-ESM2-8M,42,310,0.0033712387084960938,0.042298316955566406,0.002652405319221174,0.002847015857696533,0.020528110149452106
A4ZRD1,3.3163583278656006,8.427645683288574,0.632514219801024,0.4871850907802582,0.5034605260457358,3.319405,8.201961,0.62832314,0.48384985,0.4957252,IDP-ESM2-8M,42,310,0.003046751022338867,0.22568511962890625,0.0041910820408616045,0.003335237503051758,0.007735311564382008
A7IUH2,3.017006158828736,7.146060943603516,0.4849265399144257,0.3760955333709717,0.6830534989935584,2.8078725,6.522569,0.52059567,0.41645813,0.6205978,IDP-ESM2-8M,42,310,0.20913362503051802,0.6234917640686035,0.035669129831973234,0.04036259651184082,0.06245571924273441
A7IXA4,2.532747268676758,6.290736198425293,0.5382881155777183,0.4011980295181274,0.5676027888332996,2.7189457,6.385611,0.53613883,0.4300966,0.60912424,IDP-ESM2-8M,42,310,0.18619847297668457,0.09487485885620117,0.002149283008595959,0.028898566961288508,0.04152145442613031
A7J7F5,2.83267879486084,6.827368259429932,0.4853266894999847,0.3670454323291778,0.6812850056871417,2.709365,6.339017,0.5284744,0.42196304,0.61477983,IDP-ESM2-8M,42,310,0.12331390380859375,0.48835134506225586,0.04314770100675969,0.05491760373115545,0.0665051757081988
A7K957,3.524306058883667,8.48984146118164,0.4940495934983542,0.3774135112762451,0.684680646778009,3.2279177,7.349482,0.49781942,0.41128963,0.7051049,IDP-ESM2-8M,42,310,0.2963883876800537,1.1403594017028809,0.003769830177182909,0.033876121044158936,0.020424240707495156
A8UP82,2.8756585121154785,6.510969638824463,0.5046322109899597,0.3956651389598846,0.6248906329972069,2.897848,6.74651,0.5134856,0.4039662,0.609203,IDP-ESM2-8M,42,310,0.02218937873840332,0.23554039001464844,0.008853399495117209,0.008301049470901545,0.015687652002028707
A8UP87,2.855557441711426,6.6889729499816895,0.5036322634420687,0.3918814063072204,0.6225892450502667,2.8816743,6.6901946,0.5095798,0.40209964,0.6160721,IDP-ESM2-8M,42,310,0.02611684799194336,0.0012216567993164062,0.005947514275521648,0.010218232870101984,0.006517126767948578
A8UP89,2.9204964637756348,6.776888847351074,0.5201383807164748,0.4042362868785858,0.5977689978625593,2.8986228,6.7487135,0.51297164,0.4035525,0.6098001,IDP-ESM2-8M,42,310,0.02187371253967285,0.02817535400390625,0.007166741083296069,0.0006837844848632812,0.01203110246397876
A8UP92,2.82452392578125,6.590475559234619,0.5024415637370151,0.3845814168453216,0.6186837756698327,2.8806772,6.6854296,0.50789016,0.40125397,0.61815774,IDP-ESM2-8M,42,310,0.056153297424316406,0.09495401382446289,0.0054486011151272384,0.016672551631927546,0.0005260312621788721
A8UPA2,2.958805799484253,7.078580379486084,0.5298541357056882,0.4141744673252105,0.5830626776823951,2.8979409,6.753674,0.5149875,0.404646,0.60673666,IDP-ESM2-8M,42,310,0.060864925384521484,0.3249063491821289,0.014866607381560981,0.009528458118438665,0.02367398232126705
A9YTD9,1.5260974168777466,3.705004930496216,0.5719899873523813,0.4758664071559906,0.5552406127117608,1.4618899,3.67246,0.57353795,0.46455967,0.5380627,IDP-ESM2-8M,42,310,0.06420755386352539,0.032544851303100586,0.00154795839499422,0.011306732892990112,0.01717792102322324
N0DQS9,1.873224377632141,4.89392614364624,0.6325734136235831,0.483437031507492,0.4764083868434809,2.1460054,5.348709,0.59151775,0.4652397,0.5234235,IDP-ESM2-8M,42,310,0.27278101444244407,0.45478296279907227,0.04105566717506626,0.01819732785224909,0.04701510606499687
O11373,1.9523614645004272,4.602472305297852,0.5446797159239518,0.4255274534225464,0.5587971586036976,1.9697454,4.6746583,0.5367724,0.4276511,0.5710185,IDP-ESM2-8M,42,310,0.017383933067321777,0.07218599319458008,0.007907345585511871,0.0021236538887023926,0.012221358413666894
O11385,3.371612548828125,8.001538276672363,0.5342987003255468,0.4070851802825928,0.596701552967995,3.277332,7.57306,0.49959737,0.394521,0.6575358,IDP-ESM2-8M,42,310,0.09428048133850098,0.4284782409667969,0.03470132970100459,0.01256418228149414,0.06083423842909974
O11680,3.165435791015625,7.507970809936523,0.5115572816893112,0.391882985830307,0.6299097773607111,3.1062188,7.2358837,0.5152473,0.4056453,0.6289977,IDP-ESM2-8M,42,310,0.059216976165771484,0.27208709716796875,0.0036900036767471,0.013762325048446655,0.000912093835625627
O11889,2.387336015701294,5.6218085289001465,0.5371128416866996,0.4300666153430938,0.5809842311888498,2.3433363,5.5674777,0.5345876,0.42140222,0.57564265,IDP-ESM2-8M,42,310,0.043999671936035156,0.05433082580566406,0.00252521999785682,0.008664399385452215,0.00534158582981048
O12700,1.852125644683838,4.563100814819336,0.5795231240678516,0.444026917219162,0.5485119742633597,1.9417084,4.831951,0.57949185,0.4614289,0.5397705,IDP-ESM2-8M,42,310,0.08958280086517334,0.26885032653808594,3.127035386230048e-05,0.01740199327468872,0.008741490292717646
O22002,2.488417863845825,5.825448036193848,0.5188748085259246,0.4125559329986572,0.6223654157918406,2.5234852,5.9421897,0.5258675,0.4114968,0.600892,IDP-ESM2-8M,42,310,0.03506731986999512,0.11674165725708008,0.006992713236923298,0.0010591447353363037,0.02147340844091894
O36059,2.812652826309204,6.9138288497924805,0.5500295503677881,0.4310407340526581,0.5425627065410935,2.8575413,6.6870794,0.51298803,0.39985767,0.61966044,IDP-ESM2-8M,42,310,0.04488849639892578,0.22674942016601562,0.03704151945729617,0.031183063983917236,0.07709773056599267
O36067,2.70743465423584,6.316740036010742,0.5056547744539822,0.3820780217647552,0.6178116840861979,2.796198,6.5596104,0.5136068,0.4003098,0.61952597,IDP-ESM2-8M,42,310,0.08876323699951172,0.24287033081054688,0.00795201227392306,0.018231779336929377,0.0017142849422749906
O36078,2.834160089492798,6.830985069274902,0.5413537403175852,0.4157826900482178,0.5657308691287768,2.7293923,6.4006658,0.51544046,0.40302002,0.613884,IDP-ESM2-8M,42,310,0.1047677993774414,0.43031930923461914,0.025913276297809817,0.012762665748596191,0.04815310303919196
O36100,2.760161161422729,6.424567699432373,0.5081555252090052,0.3910920619964599,0.6236539707659754,2.803382,6.534172,0.5085314,0.3992003,0.6270814,IDP-ESM2-8M,42,310,0.043220758438110796,0.1096043586730957,0.0003758664116307875,0.008108228445053156,0.0034274234295812445
O36115,2.81536865234375,6.51746940612793,0.53732958650409,0.4161814749240875,0.5701511176583796,2.8195307,6.6105494,0.5203013,0.4055753,0.613905,IDP-ESM2-8M,42,310,0.0041620731353759766,0.09308004379272461,0.017028304098236746,0.010606169700622559,0.043753894949194905
O36117,2.8725857734680176,6.728526592254639,0.534869213750651,0.4203099906444549,0.5871726221964304,2.8945374,6.781933,0.514024,0.40148637,0.62492603,IDP-ESM2-8M,42,310,0.021951675415039062,0.0534062385559082,0.020845194509317988,0.018823623657226507,0.037753408439403335
O36118,2.793066501617432,6.582108020782471,0.5190427927725684,0.3939059376716614,0.6066934747711228,2.8271594,6.612993,0.51559985,0.40257803,0.61666185,IDP-ESM2-8M,42,310,0.03409290313720659,0.030884742736816406,0.003442945932663588,0.008672088384628296,0.009968371866603043
O36119,2.834005355834961,6.546103000640869,0.5315221300762789,0.415882259607315,0.586172278986434,2.8738744,6.714665,0.50776476,0.39687857,0.626812,IDP-ESM2-8M,42,310,0.039869070053100586,0.1685619354248047,0.023757373396743997,0.019003689289092962,0.040639702214737894
O36121,2.840036392211914,6.7999587059021,0.5400382277465172,0.4199589490890503,0.5695580443022688,2.9117472,6.8160634,0.51898426,0.40421435,0.6155864,IDP-ESM2-8M,42,310,0.07171082496643066,0.016104698181152344,0.02105396957162098,0.01574459671974182,0.046028355729774706
O36157,2.890951633453369,6.864930629730225,0.5429338149910833,0.4315434992313385,0.5728698595353547,2.8867486,6.7735825,0.51862824,0.40411556,0.6174022,IDP-ESM2-8M,42,310,0.004203081130981445,0.09134817123413086,0.024305575359430454,0.02742794156074524,0.044532336395126215
O38492,2.242219924926758,5.4530792236328125,0.5187026073302218,0.3942996561527252,0.603070969134708,2.0763497,4.8630004,0.5177975,0.4155718,0.6214547,IDP-ESM2-8M,42,310,0.16587018966674805,0.5900788307189941,0.0009050776328035637,0.02127215266227722,0.01838374659405173
O39165,1.848509669303894,4.784056186676025,0.6285339287086784,0.4657771289348602,0.4917266041486045,1.6122825,4.1178827,0.62896645,0.51354456,0.49558523,IDP-ESM2-8M,42,310,0.2362271547317505,0.6661734580993652,0.0004325219825447313,0.04776743054389959,0.0038586288244942812
O39372,2.37341856956482,5.8049421310424805,0.5595533424524246,0.4355531334877014,0.5570648228400014,2.3835235,5.6283793,0.5343959,0.42608026,0.59746516,IDP-ESM2-8M,42,310,0.01010489463806108,0.17656278610229492,0.025157468905824265,0.009472876787185669,0.040400334668848736
O39937,2.71311616897583,6.251028537750244,0.5051088813801888,0.3951966166496277,0.6198330845476159,2.8556547,6.6944733,0.5170995,0.40313464,0.6137086,IDP-ESM2-8M,42,310,0.14253854751586914,0.44344472885131836,0.011990618322264779,0.007938027381896973,0.006124469244576325
O39943,2.8058927059173584,6.636574745178223,0.5278663918152294,0.4241132438182831,0.5880433552768155,2.8810158,6.7395797,0.5167975,0.40437236,0.6143923,IDP-ESM2-8M,42,310,0.07512307167053223,0.10300493240356445,0.011068908847852721,0.01974087953567505,0.026348925301797776
O41014,3.5433483123779297,8.380522727966309,0.5752086461209652,0.4655830264091491,0.5885947407873987,3.2192662,7.5564823,0.5433519,0.43286029,0.6429656,IDP-ESM2-8M,42,310,0.3240821361541748,0.824040412902832,0.03185675746434902,0.032722741365432684,0.05437087400828611
O41972,7.8023681640625,18.276103973388672,0.5195802561718027,0.4113165140151977,0.6140492731890723,4.829826,11.119343,0.49858057,0.3867785,0.6879777,IDP-ESM2-8M,42,310,2.9725422859191895,7.156761169433594,0.020999681182483854,0.02453801035881037,0.07392839843415766
O41981,2.895461082458496,6.898716926574707,0.543511701535748,0.4366728961467743,0.5611709863512828,3.0998394,7.2807007,0.5336546,0.4104465,0.5764971,IDP-ESM2-8M,42,310,0.20437836647033691,0.38198375701904297,0.009857130956219207,0.026226401329040527,0.015326091590611712
O55723,2.575209379196167,6.364683628082275,0.6250772878059851,0.4961472451686859,0.5440268393430954,2.329709,6.0449243,0.6635442,0.52074313,0.47096202,IDP-ESM2-8M,42,310,0.2455003261566162,0.3197593688964844,0.038466890203048054,0.02459588646888733,0.07306482156851346
O55724,2.8395464420318604,7.334559917449951,0.6927499790048558,0.5566543340682983,0.4825646192352508,2.7005365,7.042419,0.7138063,0.57031214,0.482425,IDP-ESM2-8M,42,310,0.13900995254516602,0.2921409606933594,0.021056292548183753,0.013657808303833008,0.00013961499140008327
O70793,2.394474744796753,5.625723361968994,0.4722345813048079,0.3633589148521423,0.6944209793933057,2.3951814,5.3568273,0.46072266,0.39708665,0.7384056,IDP-ESM2-8M,42,310,0.0007066726684570312,0.26889610290527344,0.011511926246900783,0.033727735280990656,0.04398460589569575
O70797,2.463515281677246,5.859258651733398,0.5214894846157895,0.4068188369274139,0.6021406697165835,2.6043162,6.079955,0.5245588,0.42249975,0.60795987,IDP-ESM2-8M,42,310,0.14080095291137695,0.22069644927978516,0.0030692979617251703,0.015680909156799372,0.005819196807159144
O73497,2.7265214920043945,6.581775665283203,0.5104531710889723,0.3931682705879211,0.6168901432666604,2.736309,6.417294,0.52355796,0.41074815,0.6018994,IDP-ESM2-8M,42,310,0.009787559509277344,0.16448163986206055,0.013104789898118807,0.01757988333702093,0.014990757814389855
O90676,2.1570212841033936,5.18251895904541,0.5585863009576315,0.4273791015148163,0.5513710733554458,2.0965962,5.2695055,0.6067591,0.4671023,0.45689088,IDP-ESM2-8M,42,310,0.0604250431060791,0.08698654174804688,0.04817277039246615,0.03972318768501282,0.09448019229389182
O90681,2.366060733795166,5.720424652099609,0.564367228841092,0.438241571187973,0.542459688339891,2.3127239,5.7217402,0.59487,0.45754078,0.48285538,IDP-ESM2-8M,42,310,0.05333685874938965,0.0013155937194824219,0.030502742434237562,0.019299209117889404,0.059604308758439584
O90688,2.400987148284912,5.7282233238220215,0.5723638672311945,0.440521627664566,0.5362068563252814,2.3093176,5.7054157,0.5936873,0.46010134,0.49450284,IDP-ESM2-8M,42,310,0.09166955947875977,0.022807598114013672,0.02132342868250181,0.019579708576202448,0.041704013898981374
O90711,2.180558681488037,5.216214656829834,0.5411068122539394,0.4177879393100738,0.5785489677693763,2.2661808,5.353255,0.53347176,0.4232303,0.59101385,IDP-ESM2-8M,42,310,0.08562207221984863,0.1370401382446289,0.007635049119936732,0.005442351102829035,0.012464881012209439
O92312,1.9854719638824463,4.663715362548828,0.5421964327268396,0.4255783557891845,0.5731436887799842,2.0163028,4.803998,0.5334514,0.42175803,0.5866959,IDP-ESM2-8M,42,310,0.030830860137939453,0.14028263092041016,0.008745054381350092,0.003820329904556219,0.013552220720137842
O92587,1.7719788551330566,4.158807277679443,0.5560348788740475,0.4359306395053863,0.5537463050866205,1.7808608,4.25261,0.54006165,0.43175918,0.5749838,IDP-ESM2-8M,42,310,0.008881926536560059,0.09380292892456055,0.015973226213677583,0.004171460866928045,0.021237470529071656
O92588,1.9926483631134035,4.748791694641113,0.5541925359961618,0.4261344969272613,0.5613231986436482,1.9659989,4.7064314,0.5542626,0.4428937,0.5583636,IDP-ESM2-8M,42,310,0.026649475097656472,0.04236030578613281,7.00424912344344e-05,0.016759216785430964,0.0029595821771259967
P03181,8.164522171020508,18.85894012451172,0.5324082311612552,0.4174166023731231,0.6210680406948269,4.2974443,9.893156,0.5093519,0.40121478,0.642161,IDP-ESM2-8M,42,310,3.8670778274536133,8.965784072875977,0.023056322000641227,0.016201823949813787,0.02109297100103491
P03290,3.2528862953186035,7.624989032745361,0.5710779005902046,0.4721397757530212,0.5417462306803988,2.900385,6.920911,0.55806965,0.4384085,0.5536748,IDP-ESM2-8M,42,310,0.35250139236450195,0.704078197479248,0.013008254231714589,0.03373128175735468,0.01192858640486727
P03779,1.8886913061141968,4.492373466491699,0.5823196800620396,0.4682115316390991,0.5465054975039699,1.8650625,4.644704,0.5945914,0.4763693,0.5342012,IDP-ESM2-8M,42,310,0.023628830909729004,0.1523303985595703,0.012271699103609812,0.00815775990486145,0.012304292727206012
P04487,3.9183578491210938,9.43664836883545,0.5394792815303757,0.4133343398571014,0.6146497364665897,3.5155246,8.200699,0.5321804,0.41957834,0.6157509,IDP-ESM2-8M,42,310,0.4028332233428955,1.2359495162963867,0.007298853025431873,0.006244003772735651,0.0011011723850338218
P06923,2.353132486343384,5.369301795959473,0.4578217611214362,0.3715989291667938,0.7031360591571997,2.2606094,5.1082463,0.4610479,0.37923044,0.7134205,IDP-ESM2-8M,42,310,0.09252309799194336,0.26105546951293945,0.0032261266806878353,0.007631510496139526,0.010284451134853545
P08804,1.891374468803405,4.31513786315918,0.5295890384235872,0.4395977854728699,0.6138385502638096,1.9373381,4.612978,0.52191454,0.42627874,0.63625175,IDP-ESM2-8M,42,310,0.045963644981384943,0.2978401184082031,0.007674496702243183,0.013319045305252075,0.02241319734437519
P08807,1.7901686429977417,4.330331802368164,0.6066899161913809,0.4982738494873047,0.5226351351838346,2.0310597,5.1660547,0.5980487,0.4723338,0.5095438,IDP-ESM2-8M,42,310,0.24089109897613525,0.8357229232788086,0.008641229210179735,0.02594006061553955,0.013091358671688647
P09702,3.712560653686523,8.663591384887695,0.5248867671670038,0.4264200925827026,0.6280476122186398,3.7079434,8.659128,0.52941835,0.4160462,0.6119417,IDP-ESM2-8M,42,310,0.004617214202880415,0.00446319580078125,0.00453158209904847,0.010373890399932806,0.016105917005321935
P0C724,3.1794259548187256,6.481119155883789,0.2799907387437355,0.2724382877349853,1.3116496793703118,3.3968601,7.460299,0.4094603,0.3511486,0.8624884,IDP-ESM2-8M,42,310,0.21743416786193848,0.979179859161377,0.12946956742386706,0.07871031761169439,0.4491612903551141
P0DJX3,2.526313304901123,5.893367290496826,0.5315603502742715,0.4129241108894348,0.6008519929213851,2.4564776,5.8177686,0.53273135,0.419603,0.6006259,IDP-ESM2-8M,42,310,0.06983566284179688,0.07559871673583984,0.001171003962331274,0.006678879261016846,0.00022612030938562455
P0DTC0,4.110300540924072,9.407273292541504,0.515689185970611,0.3876893818378448,0.6453998712921691,3.8169894,8.9185705,0.5103059,0.3975078,0.64610183,IDP-ESM2-8M,42,310,0.29331111907958984,0.48870277404785156,0.005383304470366834,0.009818404912948664,0.0007019610976624069
P10428,1.6823686361312866,4.01671028137207,0.547033764138304,0.4435166418552398,0.5795547916345862,1.7109318,4.164721,0.5691172,0.45924804,0.5598622,IDP-ESM2-8M,42,310,0.02856314182281494,0.1480107307434082,0.02208342431537036,0.015731394290924128,0.019692595189121143
P12507,1.8671088218688965,4.563386917114258,0.5945930565391113,0.4578837454319,0.5074675296516604,1.9120716,4.624078,0.5653792,0.44734618,0.5457298,IDP-ESM2-8M,42,310,0.04496276378631592,0.060690879821777344,0.029213854173236076,0.010537564754486084,0.03826228630827
P12508,1.986391544342041,4.701643466949463,0.5479646231035922,0.4146865904331207,0.5703923789362867,2.0809283,4.9587827,0.546955,0.43572685,0.58227074,IDP-ESM2-8M,42,310,0.09453678131103516,0.2571392059326172,0.0010096336703036002,0.021040260791778564,0.011878362526420827
P12512,1.4350225925445557,3.391493320465088,0.5275007389545537,0.4270765781402588,0.5859633038646523,1.469521,3.5261812,0.56035095,0.4568095,0.5562498,IDP-ESM2-8M,42,310,0.03449845314025879,0.1346879005432129,0.03285021557806955,0.02973291277885437,0.029713506520444577
P17356,2.0239458084106445,4.763585090637207,0.5252388740351736,0.4020008742809295,0.57005885170159,1.8739808,4.4893274,0.5556198,0.4402986,0.5405381,IDP-ESM2-8M,42,310,0.1499650478363037,0.2742576599121094,0.030380902213758332,0.03829771280288702,0.029520779115530416
P19127,3.397458553314209,7.702045917510986,0.5209090420182081,0.4342580437660217,0.6139841939787577,3.401774,7.877051,0.5116384,0.4048962,0.6289001,IDP-ESM2-8M,42,310,0.004315376281738281,0.1750049591064453,0.009270639079365317,0.02936184406280512,0.014915916742830437
P20833,1.8922317028045648,4.478635787963867,0.5395653073126954,0.4240144491195678,0.5888478904696166,1.8056952,4.2926683,0.52631044,0.42968804,0.62465465,IDP-ESM2-8M,42,310,0.08653652667999201,0.18596744537353516,0.013254863434521535,0.005673587322235163,0.03580676021855478
P24649,2.708207368850708,6.656832695007324,0.6230556373258069,0.497455358505249,0.5296760621497446,2.7937844,7.0624695,0.6440684,0.504242,0.4737242,IDP-ESM2-8M,42,310,0.08557701110839844,0.4056367874145508,0.02101278260751216,0.006786644458770752,0.055951875729303935
P41726,2.453864336013794,5.90708065032959,0.5968516512507468,0.473498523235321,0.5608020870796225,2.319423,5.8569493,0.6370132,0.49705973,0.45712188,IDP-ESM2-8M,42,310,0.13444137573242188,0.05013132095336914,0.040161545694443634,0.02356120944023138,0.10368020821724155
P57017,2.2822654247283936,5.650935173034668,0.5968534433672966,0.4557331204414367,0.5159917728276471,2.1699686,5.1899104,0.54708934,0.4314199,0.5817068,IDP-ESM2-8M,42,310,0.11229681968688965,0.46102476119995117,0.049764105064684316,0.024313211441039984,0.06571504909084047
P68828,3.117252826690674,7.489168167114258,0.5742440609741291,0.4376536607742309,0.5522626894798124,3.2766497,7.8577666,0.5738518,0.4491588,0.54276323,IDP-ESM2-8M,42,310,0.15939688682556152,0.36859846115112305,0.0003922371673663605,0.011505126953125056,0.009499456294997932
P69592,1.7534576654434204,4.172454833984375,0.5677881979176632,0.4709204733371734,0.5608289260111363,1.8016804,4.4373045,0.5806652,0.48039174,0.54564434,IDP-ESM2-8M,42,310,0.04822278022766113,0.2648496627807617,0.012876973228729605,0.009471267461776789,0.01518458311181381
P87543,4.0119829177856445,9.301324844360352,0.5219281070923516,0.4203724563121795,0.641145704455929,4.015361,9.320029,0.5190747,0.40678647,0.64636046,IDP-ESM2-8M,42,310,0.0033779144287109375,0.01870441436767578,0.002853428671331093,0.013585984706878607,0.005214752487582963
P87914,2.511108636856079,5.836424350738525,0.492390945518703,0.3795684576034546,0.6409363672806878,2.6656854,6.245936,0.5187473,0.40687582,0.60180765,IDP-ESM2-8M,42,310,0.15457677841186523,0.4095115661621094,0.02635638419321107,0.027307361364364624,0.03912871337672663
P89479,3.64768123626709,8.824663162231445,0.5310538335882342,0.4134991466999054,0.6120697211807914,3.3923745,7.83613,0.51228565,0.4089514,0.6542399,IDP-ESM2-8M,42,310,0.2553067207336426,0.9885330200195312,0.018768183811775474,0.004547744989395142,0.042170171778803334
P89827,2.0150179862976074,4.412641525268555,0.4279090463325782,0.3533831834793091,0.7791148788082576,1.994741,4.5691953,0.48086512,0.39837465,0.685817,IDP-ESM2-8M,42,310,0.020277023315429688,0.1565537452697754,0.052956074555178145,0.04499146342277527,0.09329787555813551
P89833,2.041285514831543,4.753728866577148,0.471833471272895,0.3834561109542846,0.6869662180598202,2.003303,4.5938473,0.4818451,0.3964815,0.6811798,IDP-ESM2-8M,42,310,0.03798246383666992,0.159881591796875,0.010011639381935944,0.013025403022766169,0.005786396568578711
P89841,2.31826114654541,5.404996871948242,0.5360687060503592,0.4234638512134552,0.5840082776260801,2.312444,5.394206,0.51761216,0.41136917,0.6140094,IDP-ESM2-8M,42,310,0.0058171749114990234,0.010790824890136719,0.01845654679819242,0.012094676494598389,0.030001102714496075
P89878,1.4692926406860352,3.643304347991944,0.5836216443241443,0.4671739935874939,0.5179747085917226,1.5995717,3.8481512,0.5650015,0.45443565,0.5475499,IDP-ESM2-8M,42,310,0.1302790641784668,0.20484685897827104,0.018620156592210724,0.012738347053527832,0.029575194801069182
Q00DY4,1.969093441963196,4.511010646820068,0.4863973645248305,0.3786731660366058,0.6442650061304336,2.1287162,4.976559,0.5159266,0.41521707,0.612277,IDP-ESM2-8M,42,310,0.15962278842926003,0.4655485153198242,0.029529234977732965,0.036543905735015925,0.03198803479025414
Q03873,2.805802822113037,6.496067047119141,0.6066396074183493,0.504456639289856,0.5481406466907064,2.7326322,6.727636,0.5664863,0.4606892,0.6057543,IDP-ESM2-8M,42,310,0.07317066192626953,0.2315688133239746,0.040153308380415975,0.043767452239990234,0.057613669162412506
Q04247,1.4275426864624023,3.3727402687072754,0.5423484361156724,0.4460843801498413,0.5604514587534546,1.3863521,3.3281407,0.5406606,0.43661314,0.5719771,IDP-ESM2-8M,42,310,0.04119062423706055,0.04459953308105469,0.001687816379954632,0.009471237659454346,0.011525620161187744
Q04259,1.7224528789520264,4.139754772186279,0.5686946855066017,0.4629057049751282,0.5401790262265856,1.7305231,4.152588,0.53913385,0.4280273,0.5657114,IDP-ESM2-8M,42,310,0.008070230484008789,0.012833118438720703,0.029560838746805596,0.03487840294837952,0.02553235282462285
Q04397,5.961803436279297,14.085654258728027,0.53215471538419,0.4303963482379913,0.6057864550270876,4.2574873,9.797108,0.51431936,0.4038053,0.6448768,IDP-ESM2-8M,42,310,1.7043161392211914,4.288546562194824,0.017835355127994945,0.02659106254577631,0.03909032309867533
Q04405,1.9513792991638184,4.690713882446289,0.5532768482796879,0.4387100636959076,0.563014321802964,1.8030419,4.2952414,0.5429379,0.43595472,0.5846006,IDP-ESM2-8M,42,310,0.14833736419677734,0.39547252655029297,0.01033897348568158,0.0027553439140319824,0.021586305619368806
Q04420,1.7930487394332886,4.225100517272949,0.5278868768211131,0.4101204574108124,0.593168288209549,1.7413172,4.190362,0.5457375,0.4341043,0.5705327,IDP-ESM2-8M,42,310,0.05173158645629883,0.03473854064941406,0.01785062813799332,0.02398383617401123,0.02263560865174874
Q05293,2.0307416915893555,4.881020545959473,0.59940467717372,0.4745745360851288,0.5374576494302498,1.792151,4.3389683,0.5635713,0.46580857,0.58931106,IDP-ESM2-8M,42,310,0.23859071731567383,0.5420522689819336,0.03583340289317194,0.008765965700149536,0.05185341385939257
Q06E77,1.9092912673950195,4.5236101150512695,0.6139038039622636,0.5110706090927124,0.5283586137889412,1.699888,4.2064285,0.593205,0.47825235,0.55910903,IDP-ESM2-8M,42,310,0.20940327644348145,0.3171815872192383,0.0206988288340898,0.0328182578086853,0.03075041836514203
Q06IZ2,1.49660062789917,3.588153600692749,0.5660683874794827,0.4511531591415405,0.531653719218878,1.532889,3.6739857,0.5429265,0.4349881,0.56524956,IDP-ESM2-8M,42,310,0.03628838062286377,0.08583211898803711,0.02314189717262849,0.016165047883987427,0.03359584304461072
Q08IT9,1.4946043491363523,3.566518545150757,0.5383306039683455,0.4228792190551758,0.5722444336482003,1.5068786,3.5774317,0.53556836,0.43037403,0.5831742,IDP-ESM2-8M,42,310,0.012274265289306863,0.01091313362121582,0.0027622474543684827,0.007494807243347168,0.010929795020012567
Q08IU0,1.4734405279159546,3.58923888206482,0.5712525936498509,0.4492001235485077,0.5156858817258763,1.4248321,3.3818238,0.5348988,0.43264395,0.5678208,IDP-ESM2-8M,42,310,0.04860842227935791,0.20741510391235396,0.03635377611063584,0.01655617356300354,0.05213490570393331
Q08IU3,1.512858271598816,3.7490038871765137,0.5725133624989117,0.448632538318634,0.5281049649924568,1.5082115,3.6048932,0.5405676,0.43475008,0.5788875,IDP-ESM2-8M,42,310,0.004646778106689453,0.14411067962646484,0.03194578561368833,0.0138824582099914,0.05078255722815472
Q08IW3,1.4909405708312988,3.5337915420532227,0.5444506668526673,0.4392534494400024,0.5606923738104342,1.5295448,3.6412795,0.5427698,0.43653342,0.57392377,IDP-ESM2-8M,42,310,0.0386042594909668,0.10748791694641113,0.0016808771569275516,0.002720028162002508,0.01323139280257235
Q08IW4,1.470182180404663,3.518273115158081,0.5347413654851269,0.4259773194789886,0.5676599623926931,1.4100631,3.3787189,0.5418505,0.43507147,0.560223,IDP-ESM2-8M,42,310,0.060119032859802246,0.13955426216125488,0.007109141774242045,0.009094148874282892,0.007436979032402591
Q08IW8,1.4630016088485718,3.3940677642822266,0.5546824775771078,0.4475643932819366,0.5348679376956885,1.4647284,3.5057645,0.54091364,0.43351012,0.5617419,IDP-ESM2-8M,42,310,0.0017267465591430664,0.11169672012329102,0.013768836124318451,0.014054268598556463,0.026873950827413284
Q08IX5,1.4865765571594238,3.5790841579437256,0.5604182963199154,0.4455153942108154,0.5355609512632371,1.5029659,3.5964417,0.5442034,0.4372258,0.57077605,IDP-ESM2-8M,42,310,0.01638936996459961,0.017357587814331055,0.016214895708037913,0.008289605379104559,0.03521509405918111
Q08J01,1.4684501886367798,3.3893628120422363,0.5236528067923735,0.4308197796344757,0.5834515825012296,1.4951372,3.5624306,0.5406608,0.4353051,0.5717615,IDP-ESM2-8M,42,310,0.026687026023864746,0.17306780815124512,0.01700799175727863,0.00448530912399292,0.011690093586739891
Q08J02,1.4490728378295898,3.552019119262696,0.5413348326175282,0.4264488518238067,0.549283051920786,1.509422,3.5928612,0.5434849,0.43731928,0.5580718,IDP-ESM2-8M,42,310,0.060349106788635254,0.040842056274413174,0.002150093606226644,0.010870426893234308,0.008788740204915935
Q0GGW6,4.246213436126709,9.515416145324709,0.507190607020282,0.4148387312889099,0.6750828804795495,3.7451286,8.752555,0.538465,0.42116705,0.6143362,IDP-ESM2-8M,42,310,0.5010848045349121,0.7628612518310565,0.031274416020489526,0.006328314542770386,0.06074668787166981
Q0GYC4,2.3937106132507324,5.923280239105225,0.618659914212266,0.4870284795761108,0.5277343726507969,2.333729,5.914278,0.60468537,0.48361814,0.5231389,IDP-ESM2-8M,42,310,0.059981584548950195,0.009002208709716797,0.013974548058548919,0.0034103393554686945,0.0045954919211216305
Q0IL14,4.134277820587158,10.14175796508789,0.642508996271763,0.5135773420333862,0.5304743429401519,4.1551666,10.222923,0.63960004,0.5016182,0.52530164,IDP-ESM2-8M,42,310,0.020888805389404297,0.08116531372070312,0.0029089577433206726,0.01195913553237915,0.005172707674801602
Q0IL90,2.6961510181427,6.426341533660889,0.5501661038738574,0.4312974512577057,0.5761608555471622,2.5943732,6.0853276,0.527177,0.4167331,0.6093348,IDP-ESM2-8M,42,310,0.10177779197692871,0.34101390838623047,0.02298912766993899,0.014564365148544312,0.033173970922259155
Q0NQ56,2.1023452281951904,4.950217723846436,0.5190839697380512,0.4115495383739471,0.5782828210194894,1.9914365,4.7668667,0.55271554,0.43561253,0.5387139,IDP-ESM2-8M,42,310,0.11090874671936035,0.1833510398864755,0.03363157019419982,0.024062991142273005,0.03956894858678062
Q0PEK1,2.524608850479126,5.918203830718994,0.5264393922802605,0.4068881869316101,0.606438009941452,2.162046,5.0060287,0.5049707,0.40506873,0.62926054,IDP-ESM2-8M,42,310,0.362562894821167,0.912175178527832,0.021468662929216786,0.0018194615840911865,0.022822530067092894
Q0PF77,2.5542514324188232,6.065057277679443,0.5239193362107067,0.3999340832233429,0.6034444263184789,2.5222595,5.8851113,0.5138762,0.4065069,0.6162319,IDP-ESM2-8M,42,310,0.03199195861816406,0.1799459457397461,0.010043136488416704,0.006572812795639038,0.012787492016481994
Q0PF82,2.559495687484741,5.902616024017334,0.5175786129754588,0.3993057310581207,0.6184365664514759,2.6039581,6.1353745,0.52676755,0.41305664,0.59973514,IDP-ESM2-8M,42,310,0.04446244239807129,0.2327585220336914,0.00918893892349748,0.013750910758972168,0.01870142565099986
Q0PF92,2.533196449279785,6.093900203704834,0.5215504356497213,0.3934313058853149,0.6037939014009186,2.4991047,5.8260727,0.5109098,0.40550172,0.6208968,IDP-ESM2-8M,42,310,0.03409171104431152,0.26782751083374023,0.010640639888612857,0.01207041740417486,0.01710291485274351
Q0PFA4,2.5440783500671387,6.210549831390381,0.5356107997106777,0.3995899260044098,0.5764300357144364,2.5052025,5.848223,0.51187074,0.40605292,0.6236373,IDP-ESM2-8M,42,310,0.03887581825256348,0.36232662200927734,0.023740057866500464,0.006462991237640381,0.04720728289670861
Q0PFA9,2.6260666847229004,6.123032093048096,0.5380308019053236,0.4009446799755096,0.5911469473677936,2.4366724,5.7348437,0.5196639,0.40739805,0.60258,IDP-ESM2-8M,42,310,0.18939423561096191,0.38818836212158203,0.018366931570698353,0.006453365087509211,0.011433063523167086
Q0QZD2,2.0776827335357666,5.097110748291016,0.6015571175821984,0.4639869332313537,0.5254246945006606,1.9577937,4.9609175,0.61576736,0.48657167,0.505737,IDP-ESM2-8M,42,310,0.1198890209197998,0.13619327545166016,0.014210242151383112,0.022584736347198542,0.019687687836384526
Q0QZH2,2.01521372795105,4.520552158355713,0.4722881189637405,0.377888023853302,0.6608434629900098,1.9887061,4.617188,0.47156006,0.3812723,0.6730529,IDP-ESM2-8M,42,310,0.02650761604309082,0.09663581848144531,0.0007280579858047198,0.0033842623233795166,0.012209444000041425
Q0WY62,1.583643674850464,3.796311616897583,0.5681448066884481,0.454935759305954,0.5407180806293341,1.6517129,4.0115585,0.56328607,0.45008373,0.55241925,IDP-ESM2-8M,42,310,0.06806921958923318,0.21524691581726074,0.0048587406331502825,0.004852026700973511,0.01170116461373838
Q102Z0,1.5264338254928589,3.535468101501465,0.5425249914050603,0.438608705997467,0.5677957770234316,1.5807642,3.7513795,0.5419617,0.43554989,0.5804258,IDP-ESM2-8M,42,310,0.05433034896850586,0.2159113883972168,0.0005632618785404997,0.0030588209629058283,0.012630021869543206
Q102Z1,1.5627317428588867,3.752499103546143,0.5658753043742479,0.4530649483203888,0.5461718744116663,1.5803725,3.77941,0.54516107,0.43817565,0.58046794,IDP-ESM2-8M,42,310,0.01764070987701416,0.02691078186035112,0.02071423593476429,0.014889299869537354,0.034296064965164796
Q102Z2,1.5260303020477295,3.679841279983521,0.5509455290094699,0.4326828122138977,0.5552962829185091,1.5034689,3.6141384,0.5461943,0.43973857,0.5722827,IDP-ESM2-8M,42,310,0.02256143093109131,0.06570291519165083,0.004751214052804875,0.007055759429931641,0.016986389009896685
Q102Z3,1.5389286279678345,3.694434881210327,0.5399186429722581,0.4232986867427826,0.5770555524614331,1.7035699,4.0220833,0.5358393,0.4289985,0.5893156,IDP-ESM2-8M,42,310,0.16464126110076904,0.327648401260376,0.004079323743132135,0.005699813365936279,0.012260040781212123
Q102Z5,1.56300151348114,3.839358568191528,0.5644034346269647,0.4465832114219665,0.5475506959596723,1.5776081,3.792404,0.55976564,0.44842532,0.55112416,IDP-ESM2-8M,42,310,0.014606595039367898,0.04695463180541948,0.0046377977060357845,0.0018421113491058905,0.0035734595617205045
Q102Z6,1.558843970298767,3.7468645572662354,0.5673616802091164,0.4505439102649688,0.5420287615713157,1.7367113,4.074154,0.53249574,0.4296089,0.5941798,IDP-ESM2-8M,42,310,0.17786729335784912,0.327289342880249,0.034865943133310706,0.02093499898910517,0.0521510475221596
Q102Z7,1.5640738010406494,3.776497840881348,0.5798247022062354,0.4620537459850311,0.526505304692224,1.5828876,3.7893488,0.5482872,0.43938333,0.56568164,IDP-ESM2-8M,42,310,0.0188138484954834,0.012850999832152876,0.03153748935757206,0.022670418024063055,0.03917633164124157
Q102Z8,1.5482416152954102,3.731268405914306,0.5637487035642732,0.4468946754932403,0.5442272161962655,1.6444777,3.9342532,0.5477109,0.43576366,0.5655802,IDP-ESM2-8M,42,310,0.09623610973358154,0.20298480987548873,0.016037808025943123,0.011131018400192205,0.0213529730317924
Q102Z9,1.5323196649551392,3.73967719078064,0.5722869605911137,0.4663804769515991,0.52553426774174,1.5287614,3.628431,0.53663105,0.43334723,0.57855463,IDP-ESM2-8M,42,310,0.0035582780838012695,0.1112461090087895,0.035655912865436235,0.03303325176239014,0.05302036253780107
Q103A0,1.4946423768997192,3.6296658515930176,0.5531974460240353,0.4405220150947571,0.5398507831587086,1.5333248,3.6506658,0.53641725,0.43003806,0.5820143,IDP-ESM2-8M,42,310,0.03868246078491211,0.020999908447265625,0.016780200159167147,0.01048395037651062,0.042163539122175187
Q103A1,1.538124680519104,3.718873977661133,0.5843005670279658,0.4782843887805938,0.5107895746198051,1.5437975,3.74704,0.56001186,0.44642097,0.5394433,IDP-ESM2-8M,42,310,0.005672812461853027,0.02816605567932129,0.02428870331946975,0.03186342120170588,0.02865373945566485
Q103A2,1.5653905868530271,3.8407812118530273,0.5867194827794993,0.4572076499462127,0.5171756339280824,1.6141942,3.8559773,0.5443413,0.43512052,0.56987906,IDP-ESM2-8M,42,310,0.04880356788635276,0.015196084976196289,0.04237815701961156,0.022087126970291082,0.05270342109511095
Q103A3,1.5026859045028689,3.740789175033569,0.5765756785739606,0.4582104086875915,0.5289017267253655,1.5053376,3.5878837,0.5460844,0.4405546,0.5701242,IDP-ESM2-8M,42,310,0.002651691436767356,0.15290546417236284,0.03049127458226142,0.017655819654464666,0.041222482201789035
Q103A4,1.509580135345459,3.709859609603882,0.5951766363983398,0.4716668725013733,0.5059623640273944,1.3898265,3.4020698,0.5616576,0.4484998,0.5414585,IDP-ESM2-8M,42,310,0.11975359916687012,0.30778980255126953,0.03351902884295044,0.023167073726654053,0.03549612348328679
Q103A5,1.4706743955612185,3.6151061058044434,0.5552761457204696,0.4367510974407196,0.5476863288197614,1.4958137,3.5931854,0.54006153,0.4325348,0.57137597,IDP-ESM2-8M,42,310,0.02513933181762673,0.02192068099975586,0.01521461226938925,0.004216283559799194,0.023689637252321094
Q103A6,1.4472562074661257,3.657702445983887,0.6025959109392942,0.4718280136585235,0.4848739671036193,1.4376419,3.453219,0.547453,0.43704742,0.5583849,IDP-ESM2-8M,42,310,0.00961434841156028,0.20448350906372115,0.05514292469890725,0.034780591726303045,0.07351092822108773
Q103A7,1.4861767292022705,3.669062614440918,0.56097763573601,0.4309644997119903,0.5457976722460072,1.372233,3.3587914,0.56210244,0.45136723,0.55519325,IDP-ESM2-8M,42,310,0.11394369602203369,0.3102712631225586,0.0011248012833381393,0.020402729511261042,0.009395573164912019
Q103A8,1.447481393814087,3.426358699798584,0.5410486038493951,0.4221350848674774,0.5597594438096685,1.4958338,3.5501118,0.5404471,0.43507993,0.575963,IDP-ESM2-8M,42,310,0.04835236072540283,0.12375307083129883,0.0006014879512628024,0.012944847345352173,0.016203576515038565
Q103A9,1.4570873975753784,3.450800895690918,0.5490579265296065,0.450244128704071,0.5616914649315569,1.454736,3.4659486,0.53991175,0.4358693,0.5779585,IDP-ESM2-8M,42,310,0.00235140323638916,0.015147686004638672,0.009146179550846734,0.014374822378158514,0.016267059295585473
Q107X9,2.80799412727356,6.488764762878418,0.5130437659144593,0.3940306901931762,0.6106053430899142,2.7322586,6.1482882,0.4492712,0.3736907,0.7548672,IDP-ESM2-8M,42,310,0.07573556900024458,0.34047651290893555,0.06377256382705698,0.020339995622634832,0.14426185299315464
Q14UX9,1.8630846738815308,4.552669525146484,0.5844110232477137,0.4659469127655029,0.5358860147340566,1.7860819,4.339761,0.5438075,0.43661278,0.5761558,IDP-ESM2-8M,42,310,0.07700276374816895,0.21290874481201172,0.04060351668643436,0.029334127902984564,0.04026976701185403
Q14UY3,1.898222804069519,4.693295955657959,0.5957448860467704,0.483496218919754,0.5200671056318318,1.787261,4.329773,0.53464305,0.43062344,0.5861007,IDP-ESM2-8M,42,310,0.11096179485321045,0.363523006439209,0.06110183203828656,0.0528727769851684,0.06603359188556324
Q152W2,1.3960894346237185,2.9132158756256104,0.3709439138873314,0.3665268719196319,0.8047838481439029,1.5881138,3.7506456,0.50931823,0.4104619,0.60952705,IDP-ESM2-8M,42,310,0.19202435016632058,0.8374297618865967,0.13837431864898453,0.0439350306987763,0.1952567966950809
Q159G2,1.862705111503601,4.510460376739502,0.5355296311643535,0.4163558483123779,0.5482713168791121,1.8542595,4.532819,0.56507176,0.43630198,0.51102364,IDP-ESM2-8M,42,310,0.0084456205368042,0.022358417510986328,0.029542130443770298,0.019946128129959162,0.03724767624648273
Q159G5,2.3072855472564697,5.367988109588623,0.5302629042503726,0.4109596908092499,0.5666230990175788,2.2679007,5.405923,0.5444475,0.42413422,0.5511355,IDP-ESM2-8M,42,310,0.03938484191894531,0.03793478012084961,0.014184577381860075,0.01317453384399414,0.015487618613678644
Q159M3,1.579951286315918,3.774785041809082,0.5333723503253851,0.4153158962726593,0.5475891384653464,1.6238048,3.9224613,0.53719485,0.42300418,0.54842204,IDP-ESM2-8M,42,310,0.0438535213470459,0.1476762294769287,0.0038224977352228073,0.007688283920288086,0.0008329000897988603
Q19B12,2.2440643310546875,5.475481033325195,0.5714031446423263,0.4491946697235107,0.5547238819988454,2.1214678,5.0935717,0.5379802,0.43548658,0.61261153,IDP-ESM2-8M,42,310,0.12259650230407715,0.3819093704223633,0.033422945782157876,0.013708084821700994,0.05788765021245834
Q19B37,1.7307177782058716,4.224379062652588,0.5969816230489038,0.4685884416103363,0.5187828596159181,1.7211646,4.2914505,0.5882296,0.47673804,0.5397335,IDP-ESM2-8M,42,310,0.009553194046020508,0.06707143783569336,0.00875202643406614,0.008149594068527222,0.020950669474963268
Q19CE6,1.8292982578277588,4.247595310211182,0.5651964185863267,0.4677370190620422,0.5726799644550528,1.7981551,4.3673196,0.55997574,0.45324567,0.5862478,IDP-ESM2-8M,42,310,0.0311431884765625,0.11972427368164062,0.005220675292564536,0.014491349458694402,0.013567837325647925
Q19CW0,1.5869520902633667,3.9253432750701904,0.5449473623377896,0.4395098090171814,0.5861127220701438,1.6712298,4.0558276,0.55617326,0.4494586,0.56592137,IDP-ESM2-8M,42,310,0.08427774906158447,0.13048434257507324,0.011225902642526542,0.009948790073394775,0.020191355855391557
Q19D16,1.609241604804993,4.104137420654297,0.6271915396636818,0.5056334137916565,0.4965862597697601,1.5912257,3.951559,0.58770907,0.4723149,0.53536403,IDP-ESM2-8M,42,310,0.01801586151123069,0.15257835388183594,0.039482470411667636,0.033318519592285156,0.03877777202192689
Q19NX3,2.321439504623413,5.079095363616943,0.4399017940174413,0.3707223236560821,0.7166487365041961,2.0507767,4.608231,0.43853617,0.36021227,0.7216169,IDP-ESM2-8M,42,310,0.270662784576416,0.47086429595947266,0.0013656268726658927,0.010510057210922186,0.004968187304855376
Q19UQ1,2.178329467773437,5.276423454284668,0.5920761206075342,0.4612559378147125,0.5402801906853764,2.381387,6.0601273,0.62540543,0.49363223,0.5155672,IDP-ESM2-8M,42,310,0.2030575275421147,0.7837038040161133,0.03332931018622798,0.03237628936767578,0.02471300719080849
Q19XC2,2.072807788848877,5.057569980621338,0.5921323164761212,0.4735101759433746,0.5457524631920455,1.899112,4.719737,0.5952465,0.47409147,0.5251585,IDP-ESM2-8M,42,310,0.17369580268859863,0.3378329277038574,0.0031141773402545425,0.0005812942981720526,0.020593938678800883
Q19XF8,1.7514724731445312,4.308929920196533,0.5657490001093233,0.4511358737945556,0.5552736514381182,1.8630055,4.5807323,0.5772087,0.46208006,0.54054,IDP-ESM2-8M,42,310,0.11153304576873779,0.2718024253845215,0.011459697686544645,0.010944187641143854,0.01473367150342586
Q19XJ8,1.4631043672561646,3.555136442184448,0.5701363979310915,0.4581097364425659,0.5341363939168355,1.4814137,3.487967,0.51295155,0.4159942,0.6082567,IDP-ESM2-8M,42,310,0.018309354782104492,0.06716942787170366,0.057184845063202094,0.04211553931236267,0.07412030373788858
Q19XN7,1.660650610923767,4.021685123443604,0.594056549261126,0.4741404354572296,0.5184560760935016,1.6814904,4.0358143,0.5412179,0.44102523,0.5905597,IDP-ESM2-8M,42,310,0.020839810371398926,0.014129161834715909,0.05283862609675838,0.0331152081489563,0.07210364489954035
Q19XV8,2.244357109069824,5.288377285003662,0.5617980152653586,0.4544282853603363,0.5786611872384213,2.1587515,5.1631665,0.54663634,0.43160522,0.60246825,IDP-ESM2-8M,42,310,0.08560562133789062,0.12521076202392578,0.015161672263039216,0.022823065519332886,0.023807064943585532
Q19XW1,2.4841301441192627,6.451755523681641,0.6500494013145749,0.5093032717704773,0.5009065994810956,2.7736022,7.1931844,0.67748386,0.53440285,0.4543637,IDP-ESM2-8M,42,310,0.2894721031188965,0.7414288520812988,0.02743445536343414,0.025099575519561768,0.04654289575337345
Q19YI2,1.425392746925354,3.39473819732666,0.5484425386633732,0.4401802718639374,0.5507910814493132,1.5943364,3.9349906,0.5715563,0.45127785,0.52879906,IDP-ESM2-8M,42,310,0.1689436435699463,0.5402524471282959,0.023113791063799627,0.011097580194473267,0.021992024442477276
Q19YS5,2.582314968109131,6.549942493438721,0.6224937941854274,0.4872753024101257,0.5209721076914988,2.5114634,6.269426,0.6234062,0.4998213,0.54423386,IDP-ESM2-8M,42,310,0.07085156440734863,0.2805166244506836,0.0009123776132786698,0.012546002864837702,0.023261750893858846
Q19YU1,1.9348753690719604,4.702529430389404,0.5682839759057561,0.4376396536827087,0.5267733665674295,1.8067131,4.332568,0.5394214,0.42700475,0.5774837,IDP-ESM2-8M,42,310,0.12816226482391357,0.3699612617492676,0.02886259633956345,0.010634899139404241,0.050710347059432115
Q19Z22,3.7317090034484863,9.281399726867676,0.61341608628973,0.4695468842983246,0.5136085070165781,3.4718437,8.498316,0.61950487,0.4785443,0.501791,IDP-ESM2-8M,42,310,0.25986528396606445,0.7830839157104492,0.006088782694492423,0.008997410535812378,0.011817506650367182
Q19ZG3,2.1193225383758545,5.200678825378418,0.5644554160846095,0.4450451731681824,0.5589526049422424,2.089941,4.9042788,0.5195916,0.4195466,0.62163866,IDP-ESM2-8M,42,310,0.029381513595581055,0.2964000701904297,0.044863786579452,0.025498569011688232,0.0626860507202942
Q1A0D0,2.0224950313568115,4.918007373809815,0.5956056394711798,0.4784068167209625,0.5407660684359,1.9093752,4.6674566,0.5816492,0.46222475,0.5256737,IDP-ESM2-8M,42,310,0.11311984062194824,0.2505507469177255,0.013956455244190091,0.0161820650100708,0.015092380977861697
Q1A4M9,2.45168399810791,5.758217811584473,0.6034417624243827,0.4779607057571411,0.5546894066301913,2.284999,5.8444996,0.6518531,0.50858265,0.43732703,IDP-ESM2-8M,42,310,0.1666851043701172,0.08628177642822266,0.04841132213982624,0.03062194585800171,0.11736237930932947
Q1A4P9,2.6617980003356934,5.645875453948975,0.4003834036213328,0.3363877832889557,0.8328134204371653,3.217464,7.3782125,0.48522693,0.38530707,0.69775075,IDP-ESM2-8M,42,310,0.5556659698486328,1.7323369979858398,0.08484352556644187,0.04891929030418396,0.13506267323333843
Q1EGY8,3.295926570892334,7.768068790435791,0.6022507531684067,0.47369185090065,0.5258451005112948,3.1562238,7.6760254,0.6007707,0.46542266,0.50243086,IDP-ESM2-8M,42,310,0.13970279693603516,0.09204339981079102,0.001480041269602994,0.008269190788269043,0.023414244283420094
Q1EGZ1,3.521714448928833,8.512552261352539,0.612903765446632,0.4927096664905548,0.522919221308588,3.3472784,8.149238,0.60469073,0.468212,0.50861204,IDP-ESM2-8M,42,310,0.17443609237670898,0.3633146286010742,0.008213034874885228,0.024497658014297485,0.014307184603570944
Q1EGZ2,3.5945634841918945,8.452336311340332,0.5826930446459146,0.4522896707057953,0.5669053954271718,3.2796123,7.9211707,0.584332,0.45267865,0.53443736,IDP-ESM2-8M,42,310,0.31495118141174316,0.531165599822998,0.0016389446424154297,0.0003889799118041992,0.03246803704780776
Q1EH05,4.274602890014648,9.969808578491213,0.6049517896969822,0.4974344670772552,0.5556294737984008,3.8200567,9.160124,0.59095824,0.4598827,0.5474689,IDP-ESM2-8M,42,310,0.4545462131500244,0.8096847534179705,0.013993552048971902,0.037551760673522894,0.008160573117858783
Q1EH28,3.3626437187194824,8.010565757751465,0.5956544497834614,0.4795834422111511,0.5330649701460161,3.15707,7.6713247,0.59706324,0.46278158,0.5102207,IDP-ESM2-8M,42,310,0.20557379722595215,0.33924102783203125,0.001408793605668257,0.0168018639087677,0.022844263683155952
Q1EH30,3.4096574783325195,7.8783135414123535,0.599178377609126,0.4864710569381714,0.5335857205508661,3.2167563,7.8474836,0.5995344,0.4645437,0.516933,IDP-ESM2-8M,42,310,0.1929011344909668,0.030829906463623047,0.00035601474774660247,0.021927356719970703,0.016652696621270113
Q1EH36,3.4856793880462646,8.384860038757324,0.6027651680910061,0.4693197607994079,0.5387521367480379,3.287693,8.019576,0.6098478,0.47125918,0.49986935,IDP-ESM2-8M,42,310,0.19798636436462402,0.3652839660644531,0.007082615951352289,0.0019394159317017157,0.03888279012938556
Q1EH45,4.208730697631836,10.27480697631836,0.6338811670406332,0.506172239780426,0.5124249856587628,3.831948,9.285066,0.61005795,0.47229943,0.5170786,IDP-ESM2-8M,42,310,0.3767826557159424,0.989741325378418,0.023823217020796816,0.0338728129863739,0.00465359281337463
Q1EH47,4.704014301300049,11.130596160888672,0.6130627413813228,0.4897034466266632,0.56367836258182,3.9843264,9.637271,0.61118734,0.47031677,0.512182,IDP-ESM2-8M,42,310,0.7196879386901855,1.4933252334594727,0.001875402552282246,0.01938667893409729,0.05149636528262569
Q1EH77,3.790067195892334,8.998767852783203,0.6022257840103399,0.4814599752426147,0.5501066026476011,3.512164,8.493388,0.59618366,0.46065667,0.52902746,IDP-ESM2-8M,42,310,0.27790307998657227,0.5053796768188477,0.006042126364160683,0.020803302526473944,0.021079140641985905
Q1KWA0,2.329812526702881,5.434887886047363,0.5169317475517831,0.4146731495857239,0.6258294377670979,2.3003316,5.3599057,0.519269,0.41688243,0.61423475,IDP-ESM2-8M,42,310,0.029480934143066406,0.0749821662902832,0.0023372420112052206,0.002209275960922241,0.01159469226462595
Q1MWN9,3.8329460620880127,9.075664520263672,0.5596740135915395,0.4320222437381744,0.5812591116833139,3.3743002,7.897395,0.53588945,0.43026528,0.61237514,IDP-ESM2-8M,42,310,0.4586458206176758,1.178269386291504,0.023784566856157374,0.001756966114044134,0.03111602850681061
Q1WIU5,2.5448813438415527,6.210842132568359,0.5404643134988731,0.4280964136123657,0.5901047156420977,2.4254038,5.6933565,0.52884746,0.42233637,0.61781293,IDP-ESM2-8M,42,310,0.11947751045227051,0.5174856185913086,0.011616857520479584,0.0057600438594818115,0.02770821589553052
Q1WIU7,2.5449488162994385,5.991891860961914,0.5328514330414892,0.4194750189781189,0.6017386166933049,2.41897,5.646667,0.5164768,0.41406283,0.6356705,IDP-ESM2-8M,42,310,0.12597870826721191,0.34522485733032227,0.01637462306300408,0.005412191152572632,0.03393186641903034
Q1XDV1,1.4390199184417725,3.416501522064209,0.563394143776547,0.4496183693408966,0.5348573597522929,1.4984411,3.6666458,0.5612623,0.4454475,0.5361121,IDP-ESM2-8M,42,310,0.05942118167877197,0.25014424324035645,0.002131834225307938,0.004170864820480347,0.0012547699359700681
Q1ZYP5,1.9281294345855715,4.438208103179932,0.536236591782784,0.4210100173950195,0.5795526530177317,1.908143,4.6234727,0.5549543,0.44124693,0.5666128,IDP-ESM2-8M,42,310,0.019986391067505105,0.18526458740234375,0.018717698607230604,0.020236909389495905,0.012939872923585005
Q20BU0,1.7003350257873535,4.136878490447998,0.5639209096922865,0.4431666433811188,0.5339262051101162,1.6125783,3.9017138,0.5488984,0.4340397,0.54909515,IDP-ESM2-8M,42,310,0.08775675296783447,0.23516464233398438,0.01502251081609629,0.009126931428909302,0.015168948698477513
Q20BW6,1.868373155593872,4.337709426879883,0.4942193882859804,0.3939456045627594,0.6246759637945928,1.8352921,4.409535,0.54494053,0.42984954,0.56256795,IDP-ESM2-8M,42,310,0.0330810546875,0.07182550430297852,0.05072114296783431,0.0359039306640625,0.062108014499548836
Q20HY6,3.653904438018799,8.634744644165039,0.5449937451465162,0.431265652179718,0.5825213142937554,3.1987114,7.440863,0.5221797,0.4150493,0.62798303,IDP-ESM2-8M,42,310,0.45519304275512695,1.1938815116882324,0.02281402236056651,0.01621633768081665,0.04546171936331855
Q27Q61,1.9780032634735107,4.46989631652832,0.5507854388398422,0.4371532797813415,0.5620229366263119,1.9549255,4.6489,0.5364124,0.4298789,0.59465605,IDP-ESM2-8M,42,310,0.023077726364135742,0.17900371551513672,0.014373020951200854,0.007274389266967718,0.03263311357891885
Q27Q66,1.830897331237793,3.5715155601501465,0.452851915592437,0.3787749409675598,0.7018176329459231,1.8186026,4.240787,0.5058297,0.41077018,0.6340638,IDP-ESM2-8M,42,310,0.012294769287109375,0.6692714691162109,0.05297777629446487,0.03199523687362671,0.06775385263815337
Q27Q71,1.9729509353637693,4.544708728790283,0.5566190819313676,0.4375507831573486,0.557246627735866,1.963686,4.699639,0.5465294,0.4354981,0.58001274,IDP-ESM2-8M,42,310,0.009264945983886497,0.15493011474609375,0.010089669661775269,0.0020526945590972345,0.022766110968815423
Q27Q76,1.91081178188324,4.2866950035095215,0.5118536150851574,0.4183390736579895,0.617654506034796,1.8679227,4.423076,0.5311771,0.42677614,0.6008267,IDP-ESM2-8M,42,310,0.0428891181945803,0.1363811492919922,0.019323488434282332,0.00843706727027893,0.01682782537454819
Q27Q84,1.5412836074829102,3.823588371276856,0.571069391117349,0.4481203556060791,0.530981987646832,1.7224185,4.2007785,0.55477667,0.43796626,0.54821956,IDP-ESM2-8M,42,310,0.18113493919372559,0.3771901130676265,0.016292722568765017,0.010154098272323608,0.01723757393001124
Q287B2,2.26259708404541,5.386659145355225,0.5447592223875889,0.4170198142528534,0.5586713929655757,2.3128023,5.40944,0.515687,0.41131756,0.61858726,IDP-ESM2-8M,42,310,0.050205230712890625,0.022780895233154297,0.029072233557022487,0.00570225715637207,0.05991586251232961
Q287K0,3.239856481552124,8.033544540405273,0.6422718074663714,0.5171895027160645,0.519737352859289,3.2619123,8.470374,0.7087893,0.5476173,0.37182963,IDP-ESM2-8M,42,310,0.022055864334106445,0.4368295669555664,0.06651748153127879,0.03042781352996826,0.14790772391489204
Q2EQ07,1.803499698638916,4.197310924530029,0.5058855888191699,0.4134945273399353,0.6058267277506696,1.861006,4.2415466,0.47908887,0.392608,0.65619636,IDP-ESM2-8M,42,310,0.05750632286071777,0.0442357063293457,0.026796716148042576,0.020886540412902832,0.05036962806903256
Q2EQJ4,2.297208786010742,5.389327526092529,0.5171436223767302,0.4003026485443115,0.6223606261760961,2.1781929,5.12778,0.5367698,0.43086264,0.602633,IDP-ESM2-8M,42,310,0.11901593208312988,0.2615475654602051,0.019626184961984428,0.03055998682975769,0.019727626755930094
Q2EX97,2.726416110992432,6.320390701293945,0.5163343118088486,0.415488600730896,0.6118342661371714,2.6080647,6.120796,0.52862066,0.41623968,0.5846989,IDP-ESM2-8M,42,310,0.11835145950317427,0.19959449768066406,0.012286348496174604,0.0007510781288146973,0.027135350655604018
Q2EXS5,3.426549434661865,8.207439422607422,0.5082992260007408,0.3940737843513489,0.6176215961071905,3.416774,7.9099855,0.506249,0.39634517,0.6213115,IDP-ESM2-8M,42,310,0.00977540016174272,0.2974538803100586,0.002050215437844116,0.0022713840007781982,0.0036898896601740283
Q2I7C2,2.909256219863892,6.969042778015137,0.549351830270756,0.4456551373004913,0.5620466662593858,2.8561716,6.7219105,0.5260021,0.4090117,0.6024513,IDP-ESM2-8M,42,310,0.05308461189270064,0.2471323013305664,0.023349721220005226,0.036643445491790716,0.040404658203504806
Q2I7C9,2.771064758300781,6.347957611083984,0.5140829789818657,0.3920114040374756,0.6130837287728651,2.8383534,6.639832,0.51324517,0.4010989,0.62173873,IDP-ESM2-8M,42,310,0.06728863716125533,0.29187440872192383,0.0008378136338127451,0.00908750295639038,0.008655003088249402
Q2I7D5,2.75937557220459,6.268843173980713,0.4963187572759648,0.3780087530612945,0.6523863202379446,2.8103487,6.608535,0.52173567,0.40553883,0.6055106,IDP-ESM2-8M,42,310,0.05097317695617676,0.3396916389465332,0.02541691090640824,0.027530074119567927,0.046875727777312304
Q2I7D8,2.728187322616577,6.365826606750488,0.5179567383153232,0.4036733210086822,0.5946693488292122,2.9010975,6.781812,0.5136058,0.4009716,0.6198397,IDP-ESM2-8M,42,310,0.17291021347045898,0.4159855842590332,0.004350964866379092,0.002701729536056463,0.02517037904935837
Q2I7D9,2.877480745315552,6.7767653465271,0.5332333119287698,0.4189158976078033,0.5918262926504011,3.022982,7.0667424,0.52209294,0.40848735,0.6174645,IDP-ESM2-8M,42,310,0.1455011367797847,0.2899770736694336,0.011140373505613033,0.010428547859191839,0.025638190133870142
Q2KRX9,3.2031466960906982,7.503121376037598,0.5375595703927668,0.4145285487174988,0.6117342282167654,2.9436204,6.9548573,0.5344937,0.4264282,0.6100201,IDP-ESM2-8M,42,310,0.25952625274658203,0.5482640266418457,0.003065885624090048,0.01189965009689331,0.0017141271463613217
Q2LGY8,3.799244165420532,9.026793479919434,0.5106952942882074,0.4085971713066101,0.6572164209256665,3.942267,9.223073,0.53830993,0.41722128,0.6015246,IDP-ESM2-8M,42,310,0.14302277565002486,0.19627952575683594,0.02761463746685855,0.008624106645584106,0.055691829479743604
Q2NNY0,2.635316133499145,6.612315654754639,0.6456062025447736,0.5031752586364746,0.5157738638827554,2.8339999,7.410191,0.70718086,0.5481118,0.37972784,IDP-ESM2-8M,42,310,0.19868373870849654,0.7978754043579102,0.0615746551136126,0.044936537742614746,0.13604602345917138
Q2PDL2,2.6513826847076416,6.32809591293335,0.5023123994174363,0.3713691830635071,0.6319569987158866,2.6916258,6.2595186,0.50588846,0.39908955,0.6238802,IDP-ESM2-8M,42,310,0.04024314880371094,0.06857728958129883,0.0035760626492140624,0.027720361948013306,0.008076791177281883
Q2PZ57,2.63270115852356,6.25827169418335,0.5223377060358383,0.403551697731018,0.6179877452219057,2.5976923,6.083207,0.525462,0.41852716,0.62428254,IDP-ESM2-8M,42,310,0.03500890731811568,0.1750645637512207,0.003124265723957853,0.014975458383560236,0.00629479366893293
Q2PZ59,2.725127458572388,6.582545280456543,0.5468175565292951,0.4270278513431549,0.5856750794900661,2.4844296,5.8251762,0.5240622,0.4196252,0.625993,IDP-ESM2-8M,42,310,0.24069786071777388,0.7573690414428711,0.02275534024740422,0.007402658462524414,0.040317933891891866
Q2PZ62,2.6204662322998047,6.341001987457275,0.5048196946513361,0.3883367776870727,0.6541576384567752,2.513646,5.859433,0.5154148,0.41346574,0.6389202,IDP-ESM2-8M,42,310,0.10682034492492676,0.4815688133239746,0.01059507976654106,0.02512896060943609,0.015237450506640937
Q2PZ64,2.72036075592041,6.704376697540283,0.5418075192152485,0.4275480508804321,0.5918351967601511,2.4940023,5.8615294,0.5285613,0.42079276,0.6166662,IDP-ESM2-8M,42,310,0.22635841369628906,0.8428473472595215,0.013246225136421597,0.006755292415618841,0.024831001016643373
Q2PZ75,2.7612271308898926,6.6596856117248535,0.547329473619939,0.4203754067420959,0.5888664982452768,2.6140642,6.117216,0.5249076,0.4183073,0.62401617,IDP-ESM2-8M,42,310,0.14716291427612305,0.5424695014953613,0.022421884661198765,0.002068102359771673,0.03514966748806059
Q2TVL9,2.5339555740356445,6.137641429901123,0.5886520772353797,0.4529864192008972,0.5454483044092722,2.6022995,6.2583003,0.5635634,0.45243904,0.57483274,IDP-ESM2-8M,42,310,0.0683438777923584,0.12065887451171875,0.025088670767941967,0.0005473792552947998,0.029384433036559132
Q2VAE1,2.04752779006958,4.690088272094727,0.5014953087961709,0.3882296085357666,0.6339265724312286,2.07779,4.8737717,0.51930016,0.41440505,0.614483,IDP-ESM2-8M,42,310,0.030262231826782227,0.1836833953857422,0.01780485399603493,0.02617543935775757,0.019443573583267204
Q2VF21,1.55743408203125,3.670363664627075,0.5349345515418781,0.4270355701446533,0.5813243654435998,1.6423681,4.011789,0.5625174,0.4486571,0.55116355,IDP-ESM2-8M,42,310,0.08493399620056152,0.34142518043518066,0.027582853014396336,0.021621525287628174,0.030160811252010422
Q2WC16,1.6622265577316284,3.9985175132751465,0.5808101966310709,0.4684866964817047,0.5387055658498693,1.6836071,4.7862406,0.66445035,0.49080816,0.35878223,IDP-ESM2-8M,42,310,0.02138054370880127,0.7877230644226074,0.08364015079248255,0.022321462631225586,0.17992333404216054
Q2WC23,1.8534034490585327,4.394892692565918,0.5711479567555796,0.4638168811798095,0.5537437311687449,1.8271677,4.4805703,0.56881607,0.4562338,0.55769444,IDP-ESM2-8M,42,310,0.02623569965362549,0.0856776237487793,0.002331890967310568,0.007583081722259466,0.003950703950884038
Q2XT86,1.8485183715820312,4.414977550506592,0.5351102144168849,0.4232984781265259,0.5762128964107867,1.8636719,4.4574714,0.53952897,0.42992783,0.5747193,IDP-ESM2-8M,42,310,0.01515352725982666,0.04249382019042969,0.004418751533127319,0.006629347801208496,0.0014935866039629264
Q2Z0R7,2.308271884918213,5.392824649810791,0.5336318058201349,0.427615761756897,0.5998224053387609,2.2982771,5.447536,0.5307568,0.41962972,0.5912733,IDP-ESM2-8M,42,310,0.009994745254516602,0.054711341857910156,0.0028750342556512765,0.00798603892326355,0.008549097538467887
Q30BN4,5.188531398773193,12.964834213256836,0.5586410518911467,0.4249902963638305,0.5645398775379699,4.574486,10.811278,0.5532493,0.42436644,0.58958447,IDP-ESM2-8M,42,310,0.6140456199645996,2.1535558700561523,0.0053917523649320565,0.0006238520145415705,0.025044592257257192
Q33CR5,2.842214345932007,6.721206665039063,0.5343582693040909,0.4182931780815124,0.5811760532952452,2.90185,6.785107,0.5162557,0.40267843,0.61712915,IDP-ESM2-8M,42,310,0.05963563919067383,0.06390047073364169,0.018102592557722508,0.015614748001098577,0.03595309375751965
Q33CS0,2.7922840118408203,6.689250469207764,0.5388448102162067,0.4086418449878692,0.5626912441653728,2.8608513,6.7141867,0.5183888,0.4029679,0.6124353,IDP-ESM2-8M,42,310,0.06856727600097656,0.024936199188232422,0.020456002442616583,0.005673944950103704,0.04974403711133013
Q33CS7,2.819076538085937,6.521511077880859,0.5362808524465216,0.4242874085903168,0.5724307617508002,2.9089594,6.769636,0.51126456,0.40202573,0.62729853,IDP-ESM2-8M,42,310,0.0898828506469731,0.2481250762939453,0.02501628983971005,0.02226167917251587,0.05486777216567318
Q33CU7,2.4815328121185303,5.758415699005127,0.525126493988801,0.4112064242362976,0.5876695858772191,2.438629,5.7859225,0.52274513,0.4056754,0.5910783,IDP-ESM2-8M,42,310,0.042903900146484375,0.02750682830810547,0.002381361542511895,0.005531013011932373,0.003408695525368821
Q33CV3,2.5215156078338623,6.042768478393555,0.5348888717337157,0.4092934429645538,0.5770432486065242,2.464894,5.837942,0.5243806,0.40687224,0.59361905,IDP-ESM2-8M,42,310,0.056621551513671875,0.20482635498046875,0.010508247439434681,0.002421200275421087,0.01657579998890424
Q33CV7,2.434470891952514,5.669444561004639,0.5132824725487591,0.3993055820465088,0.6008233737406887,2.5110512,5.9479923,0.52226955,0.40573797,0.59432703,IDP-ESM2-8M,42,310,0.07658028602600142,0.2785477638244629,0.008987074436867082,0.006432384252548218,0.00649634117461817
Q33CW2,2.563660860061645,5.935413837432861,0.5424450755278026,0.4218400120735168,0.5710855664431488,2.5368872,5.983678,0.5238909,0.40807357,0.5967758,IDP-ESM2-8M,42,310,0.02677369117736772,0.0482640266418457,0.018554162994996237,0.013766437768936102,0.02569026334887392
Q33CX7,2.726118564605713,6.305020809173584,0.5039917460297046,0.3902336061000824,0.6256133417955679,2.8033304,6.565074,0.5168752,0.40269932,0.6040564,IDP-ESM2-8M,42,310,0.07721185684204102,0.2600531578063965,0.012883461394459172,0.012465715408325195,0.021556923853520815
Q33CX8,2.490636348724365,5.785171508789063,0.5289265577992638,0.4186762869358063,0.5806452765482941,2.4513772,5.82482,0.52863246,0.41092157,0.58457476,IDP-ESM2-8M,42,310,0.039259195327758345,0.03964853286743075,0.00029409577457506497,0.007754713296890259,0.003929482458206124
Q33CZ4,2.4961965084075928,5.860508918762207,0.5232478847269486,0.3943646550178528,0.595587068025605,2.4764743,5.838476,0.5169923,0.40324053,0.599779,IDP-ESM2-8M,42,310,0.01972222328186035,0.022032737731933594,0.006255613780445923,0.008875876665115356,0.004191941793425746
Q33D00,2.5042660236358643,5.881519317626953,0.5259652723863895,0.4060133397579193,0.5910270115584749,2.5218613,5.9673047,0.5203243,0.40443602,0.60027725,IDP-ESM2-8M,42,310,0.017595291137695312,0.0857853889465332,0.005640982587652887,0.0015773177146911621,0.009250233486233328
Q33D03,2.7177610397338867,6.213830947875977,0.5037662836608434,0.3932824432849884,0.6241727257399146,2.8445592,6.650141,0.5135226,0.40079185,0.6248858,IDP-ESM2-8M,42,310,0.12679815292358398,0.436309814453125,0.009756341308639005,0.007509410381317139,0.0007130717606957937
Q33D07,2.5099008083343506,5.878197193145752,0.52978165243962,0.4124375283718109,0.5849230078351475,2.4866962,5.8754487,0.5217033,0.40571445,0.5942454,IDP-ESM2-8M,42,310,0.023204565048217773,0.0027484893798828125,0.008078349579360045,0.006723076105117798,0.00932236636758077
Q33D14,2.759350776672364,6.568222522735596,0.5270750464211567,0.3996683061122894,0.5809571647796563,2.8079088,6.5839806,0.52031255,0.4051897,0.60893637,IDP-ESM2-8M,42,310,0.04855799674987704,0.015758037567138672,0.006762498737440836,0.005521386861801203,0.02797920463944159
Q33D20,2.5674164295196533,6.109703540802002,0.5516147437184384,0.4354508221149444,0.5537220531517988,2.613442,6.1638923,0.527738,0.41176468,0.59932256,IDP-ESM2-8M,42,310,0.04602551460266113,0.05418872833251953,0.023876768597894005,0.023686140775680486,0.04560050429754203
Q38506,1.64033842086792,3.879478693008423,0.5591180584519143,0.4519509077072143,0.5456186948373363,1.6133765,3.9023418,0.56199974,0.44519565,0.5357342,IDP-ESM2-8M,42,310,0.026961922645568848,0.022863149642944336,0.002881679764485834,0.006755262613296453,0.009884518201594084
Q38583,2.3174071311950684,5.596180438995361,0.5679016410733122,0.4349576830863952,0.5816125546113902,2.3859944,5.8208294,0.5701949,0.44843128,0.5701281,IDP-ESM2-8M,42,310,0.0685873031616211,0.22464895248413086,0.002293258962545952,0.013473600149154719,0.011484471382325223
Q38HE4,2.315213203430176,5.873088359832764,0.5576059614609695,0.4299439489841461,0.5867283429612739,2.5046039,6.019605,0.5571983,0.45001772,0.60304356,IDP-ESM2-8M,42,310,0.1893906593322754,0.1465167999267578,0.00040767540445096895,0.020073771476745605,0.016315213252105054
Q38I94,2.7038400173187256,6.354191780090332,0.5240944821740221,0.3986773788928985,0.608912124744787,2.9813373,7.027274,0.5434958,0.4247675,0.59668326,IDP-ESM2-8M,42,310,0.2774972915649414,0.6730823516845703,0.0194012920950819,0.026090115308761652,0.01222886096610043
Q38I97,2.783862829208374,6.512917518615723,0.538055112812006,0.4248154759407043,0.5954403389150564,2.7955258,6.620989,0.5475899,0.42715093,0.58310235,IDP-ESM2-8M,42,310,0.011662960052490234,0.10807132720947266,0.009534785297430015,0.0023354589939117987,0.012337993448442663
Q38IM8,2.6556992530822754,6.478208541870117,0.555491440511415,0.4247250258922577,0.5935929323566661,2.5282135,6.013727,0.5475497,0.4401636,0.6102291,IDP-ESM2-8M,42,310,0.1274857521057129,0.4644813537597656,0.007941715932557547,0.015438586473464966,0.01663614259832047
Q38IP7,2.6160364151000977,6.314549446105957,0.5313053739687542,0.4201443493366241,0.6356944482156893,2.494814,5.9512277,0.560916,0.45005003,0.5875509,IDP-ESM2-8M,42,310,0.12122249603271484,0.36332178115844727,0.02961063259633978,0.029905676841735895,0.04814356969090905
Q3C1Z8,1.5489071607589722,3.737790107727051,0.5752053395881571,0.4599210321903229,0.5485368120199718,1.6807177,4.187763,0.5650696,0.45935267,0.57583565,IDP-ESM2-8M,42,310,0.13181054592132568,0.44997310638427734,0.010135723747245251,0.0005683600902557373,0.02729883317885018
Q3C203,2.965519905090332,6.896722793579102,0.5122124321992579,0.3932014405727386,0.6294759656342676,3.0523977,7.1581473,0.5368323,0.41741794,0.58385295,IDP-ESM2-8M,42,310,0.08687782287597656,0.26142454147338867,0.02461984080718127,0.024216502904892023,0.04562301887599729
Q3HNZ7,2.253575086593628,5.150715827941895,0.5205471424243342,0.4241325259208679,0.6020845919534108,2.2259612,5.2244563,0.5234689,0.4170958,0.6053855,IDP-ESM2-8M,42,310,0.02761387825012207,0.07374048233032138,0.0029217692234624337,0.007036715745925903,0.0033008903578379822
Q3HP08,2.3872547149658203,5.704742431640625,0.5533609610051153,0.454143226146698,0.5709981091895391,2.2644458,5.300275,0.5231172,0.41747996,0.6088033,IDP-ESM2-8M,42,310,0.12280893325805664,0.4044675827026367,0.030243776366138286,0.03666326403617859,0.03780516305777537
Q3HP10,2.369090795516968,5.573545455932617,0.530706605520972,0.4277097582817077,0.6076717857412735,2.226225,5.205744,0.51993775,0.4167315,0.6133495,IDP-ESM2-8M,42,310,0.14286589622497603,0.3678016662597656,0.010768851843603877,0.010978251695632879,0.005677711576994371
Q3HP12,2.277672052383423,5.463841438293457,0.5484222321817306,0.4401075839996338,0.5544341394244618,2.2685385,5.305297,0.5213028,0.41482562,0.60349566,IDP-ESM2-8M,42,310,0.009133577346801758,0.15854454040527344,0.027119412929716424,0.025281965732574463,0.0490615180195384
Q3HWX5,2.6939961910247803,6.224817276000977,0.528998125256102,0.4212939739227295,0.5887525881476166,2.687462,6.261291,0.51350784,0.40425268,0.6149666,IDP-ESM2-8M,42,310,0.006534099578857422,0.036473751068115234,0.01549028223852389,0.017041295766830444,0.02621398318340762
Q3HWX7,2.636512517929077,6.248574256896973,0.5435633830156484,0.4244741201400757,0.563060603795459,2.4131851,5.644268,0.5161074,0.40418085,0.59143955,IDP-ESM2-8M,42,310,0.2233273983001709,0.6043062210083008,0.027456002625481202,0.02029326558113098,0.028378941359112564
Q3HWY0,2.7557218074798584,6.474865913391113,0.5359721785041821,0.4243189990520477,0.5865940488225854,2.6341536,6.158144,0.5163388,0.40568653,0.61404634,IDP-ESM2-8M,42,310,0.12156820297241211,0.31672191619873047,0.019633353278352028,0.01863247156143183,0.027452286397751546
Q3HWY5,2.924962043762207,6.842121124267578,0.5499919540834064,0.4378347396850586,0.5920688038255267,2.8644996,6.778175,0.544622,0.43154693,0.58425534,IDP-ESM2-8M,42,310,0.06046247482299805,0.06394624710083008,0.005369950051271388,0.006287813186645508,0.00781346611037781
Q3HWY6,2.69209623336792,6.424272060394287,0.5229693438649432,0.3995980024337768,0.6007930804014103,2.6652288,6.193962,0.5098281,0.4026743,0.6223173,IDP-ESM2-8M,42,310,0.026867389678955078,0.23030996322631836,0.013141253197218594,0.0030762851238251288,0.02152423374653889
Q3KSP3,3.092864751815796,7.410776138305664,0.5802499370750241,0.4503308832645416,0.5320276525175212,3.2443557,7.8102293,0.5765656,0.45137858,0.5217491,IDP-ESM2-8M,42,310,0.1514909267425537,0.39945316314697266,0.0036843137916379165,0.0010477006435394287,0.010278573290073645
Q3LUB4,2.8321540355682373,6.852625846862793,0.5542958760016855,0.4236774742603302,0.5637685816867816,2.646413,6.206472,0.52135044,0.41048026,0.607825,IDP-ESM2-8M,42,310,0.18574094772338867,0.6461539268493652,0.03294543263849581,0.013197213411331177,0.0440563995258344
Q3LUB6,2.898892879486084,6.818630218505859,0.5564358290950282,0.4437603056430816,0.5728218785480071,2.9739742,6.9901724,0.5367141,0.42424363,0.5955704,IDP-ESM2-8M,42,310,0.07508134841918945,0.17154216766357422,0.01972175209917859,0.01951667666435236,0.02274850690807806
Q3LWP3,3.291009426116944,7.718217372894287,0.5057570923521906,0.3890343904495239,0.6426087521990572,3.2170494,7.504277,0.5184138,0.40476537,0.62887996,IDP-ESM2-8M,42,310,0.07396006584167525,0.21394014358520508,0.012656689767560403,0.015730977058410645,0.013728787847403168
Q3S669,2.926644325256348,6.7000041007995605,0.5056257545559816,0.4037747979164123,0.644447002556822,2.8864658,6.7449117,0.5188412,0.40844208,0.62548465,IDP-ESM2-8M,42,310,0.04017853736877486,0.044907569885253906,0.013215452471453726,0.004667282104492243,0.018962357190153267
Q3T244,2.1477315425872803,5.366142272949219,0.6332322503707922,0.5245952010154724,0.505464004014229,1.9181335,4.50971,0.52546465,0.42280945,0.6024645,IDP-ESM2-8M,42,310,0.2295980453491211,0.8564324378967285,0.10776759640198119,0.10178574919700623,0.09700049307515701
Q3T364,1.9882673025131223,5.024046897888184,0.5915388704201038,0.456082671880722,0.4992868566788497,1.8303926,4.2403336,0.5129786,0.42097694,0.61929405,IDP-ESM2-8M,42,310,0.15787470340728738,0.7837133407592773,0.07856025704348635,0.0351057350635528,0.12000719067680216
Q3T393,1.828523755073548,3.540015459060669,0.4121340431344334,0.3729677498340606,0.7923927177071772,1.9255675,4.4537606,0.50538194,0.41386354,0.6325389,IDP-ESM2-8M,42,310,0.09704375267028742,0.9137451648712158,0.0932478986609157,0.04089578986167913,0.15985380302669627
Q3T5T1,2.4976789951324463,6.275598049163818,0.6945989794982913,0.5932931303977966,0.4292754752889779,2.0107214,4.7580037,0.5426572,0.43570417,0.581876,IDP-ESM2-8M,42,310,0.4869575500488281,1.517594337463379,0.15194178297653227,0.15758895874023438,0.1526005046113822
Q3T5T2,2.254765510559082,5.279572486877441,0.5598978077689043,0.4067041575908661,0.569176479086255,2.1169574,4.974839,0.53472596,0.43000358,0.5988743,IDP-ESM2-8M,42,310,0.13780808448791504,0.3047332763671875,0.025171843699537844,0.023299425840377808,0.02969779182973009
Q3T5T4,1.988508224487305,4.747402667999268,0.4836630195820589,0.3222126364707947,0.6751638529470997,1.9907979,4.7343197,0.5505203,0.44092366,0.57600135,IDP-ESM2-8M,42,310,0.0022896528244016334,0.01308298110961914,0.06685728128311447,0.11871102452278137,0.09916250683580208
Q3T5T7,2.147625207901001,5.117151737213135,0.5708265203589168,0.4452891647815704,0.5496266877257724,2.095584,4.933449,0.53354335,0.4289281,0.5961225,IDP-ESM2-8M,42,310,0.05204129219055176,0.18370294570922852,0.03728317204653886,0.016361057758331243,0.04649581555486726
Q3T5U3,2.0672078132629395,4.843061923980713,0.5478678722966508,0.4367803931236267,0.586719824381463,1.9739027,4.6599293,0.5358601,0.43029976,0.5925889,IDP-ESM2-8M,42,310,0.09330511093139648,0.18313264846801758,0.012007751046498205,0.0064806342124938965,0.005869077138312417
Q3T5U9,2.000345230102539,4.702556610107422,0.5464646239318555,0.4432204365730285,0.58268728919968,1.9461854,4.58208,0.53980017,0.43560582,0.5935767,IDP-ESM2-8M,42,310,0.05415987968444824,0.12047672271728516,0.00666445684811523,0.007614612579345648,0.010889440097957892
Q3T5V2,1.976707100868225,4.710358142852783,0.5624422472272718,0.4428675770759582,0.5614142245141348,1.7975887,4.254578,0.5433587,0.44002393,0.5888934,IDP-ESM2-8M,42,310,0.17911839485168457,0.455780029296875,0.019083563641151158,0.002843648195266668,0.027479189029566364
Q3T5V7,1.980308175086975,4.825592994689941,0.572253825732643,0.4510398209095001,0.5457897490182031,1.8359905,4.332636,0.5377851,0.4351284,0.5915486,IDP-ESM2-8M,42,310,0.144317626953125,0.49295711517333984,0.03446871287482445,0.01591143012046814,0.0457588726363074
Q3V5E4,1.8973180055618288,4.685516834259033,0.5929562426628153,0.4631414711475372,0.5253457013688063,1.9493613,4.868264,0.6076315,0.47513732,0.4861833,IDP-ESM2-8M,42,310,0.0520433187484739,0.18274736404418945,0.014675261872859724,0.011995851993560847,0.039162415655610516
Q3YB07,1.5744837522506714,3.683671474456787,0.5245935123383709,0.427328884601593,0.5942550224575842,1.5542355,3.678515,0.5208332,0.42075226,0.6064767,IDP-ESM2-8M,42,310,0.02024829387664795,0.005156517028808594,0.003760318082542069,0.006576627492904663,0.012221701690212416
Q3YJX6,2.505139112472534,5.622124195098877,0.5421328100273503,0.4350731670856476,0.5951255932113544,2.2573812,5.244895,0.50421,0.4076409,0.67269665,IDP-ESM2-8M,42,310,0.2477579116821289,0.3772292137145996,0.03792281475757486,0.027432262897491455,0.07757105681687437
Q3YJY1,1.9430480003356927,4.622169017791748,0.5450968762922981,0.4350227415561676,0.5680049934067589,1.8910801,4.5326376,0.534932,0.4261639,0.59107774,IDP-ESM2-8M,42,310,0.05196785926818781,0.08953142166137695,0.010164858965943102,0.008858829736709595,0.023072751554025994
Q3YPN7,2.127946853637696,4.952478408813477,0.5275118928699791,0.4196607172489166,0.6117795232950942,2.0522194,4.887271,0.5354439,0.42442453,0.5977318,IDP-ESM2-8M,42,310,0.07572746276855558,0.06520748138427734,0.007932009145706909,0.004763811826705933,0.014047694605519023
Q45KG1,2.766964197158813,6.6851582527160645,0.5535559544119016,0.4259888827800751,0.5461095820827138,2.887222,6.7483997,0.5200096,0.40614402,0.60929257,IDP-ESM2-8M,42,310,0.12025785446167037,0.06324148178100586,0.03354637713757913,0.019844859838485718,0.06318298469356187
Q461X8,3.631381273269653,8.983125686645508,0.6227331153368899,0.4749475121498108,0.5368991877627917,3.6460326,9.084059,0.6421466,0.49333552,0.45988762,IDP-ESM2-8M,42,310,0.014651298522949663,0.10093307495117188,0.019413472034936263,0.01838800311088562,0.0770115639758654
Q4A2Y9,3.704180240631104,8.548277854919434,0.5693208586581474,0.452962577342987,0.6059591355630346,3.6940641,8.8911,0.5829007,0.45318136,0.566284,IDP-ESM2-8M,42,310,0.010116100311279741,0.3428220748901367,0.013579844295191212,0.0002187788486481268,0.03967513468946893
Q4GZW3,1.6829309463500977,3.8790221214294434,0.5103590615120673,0.416727066040039,0.6241229833247534,1.8064387,4.3044457,0.5321474,0.42798313,0.5811379,IDP-ESM2-8M,42,310,0.12350773811340332,0.42542362213134766,0.021788346019670946,0.011256068944931086,0.04298508774064691
Q4KPD1,2.3899662494659424,5.709902763366699,0.5540427908980422,0.4171841442584991,0.5628646263044919,2.2520006,5.3134394,0.53240514,0.4299325,0.60459244,IDP-ESM2-8M,42,310,0.13796567916870117,0.39646339416503906,0.021637652882295133,0.012748360633850153,0.04172781620802035
Q4KPE0,2.0389978885650635,4.838982582092285,0.5217921490151856,0.415973424911499,0.5899052271658851,1.8774316,4.5051446,0.530752,0.4196667,0.57365286,IDP-ESM2-8M,42,310,0.16156625747680664,0.33383798599243164,0.008959854177716053,0.0036932826042175293,0.016252363663382674
Q4KPI4,2.611701011657715,6.092313289642334,0.5041122868692475,0.3931532204151153,0.631018101416726,2.5662646,6.001023,0.51103,0.40485325,0.6149654,IDP-ESM2-8M,42,310,0.04543638229370117,0.09129047393798828,0.006917731460372889,0.011700034141540583,0.016052722178597323
Q4KPI5,1.9196524620056152,4.512378692626953,0.534427939563903,0.4208391904830932,0.5728706471402313,2.08567,4.961038,0.52095747,0.416691,0.5959866,IDP-ESM2-8M,42,310,0.1660175323486328,0.44865942001342773,0.013470469623717451,0.004148185253143255,0.023115957550320476
Q4KS53,1.66680908203125,3.4171154499053955,0.43683670971079,0.3711273968219757,0.7102383387240614,1.7877876,4.1929307,0.5078083,0.407648,0.6080598,IDP-ESM2-8M,42,310,0.1209784746170044,0.7758152484893799,0.0709716179640757,0.03652060031890869,0.10217851521103039
Q4KSY7,3.468942880630493,8.786966323852539,0.6407921463550609,0.4894512295722961,0.5196228779531722,3.5521338,8.981787,0.6655525,0.5116001,0.43049246,IDP-ESM2-8M,42,310,0.08319091796875,0.19482040405273438,0.02476035055503434,0.02214884757995611,0.08913041722548054
Q4PKB7,2.6682558059692383,6.478139877319336,0.5727703793953427,0.4563716948032379,0.5572222831845041,2.7250404,6.399305,0.5335032,0.42384705,0.606928,IDP-ESM2-8M,42,310,0.056784629821777344,0.07883501052856445,0.03926720461354338,0.03252464532852173,0.04970570772888705
Q4PRW0,1.5687822103500366,3.9484939575195312,0.5853458564797526,0.4495293498039245,0.5103735444881708,1.60977,3.8515193,0.55111045,0.4424063,0.5694593,IDP-ESM2-8M,42,310,0.04098784923553467,0.09697461128234863,0.034235410026658086,0.007123053073883001,0.05908577462651421
Q4QTS8,1.5822422504425049,3.972146034240722,0.6094321598765268,0.4847536087036133,0.5119986790722417,1.9636602,5.159761,0.6396344,0.49716824,0.41798332,IDP-ESM2-8M,42,310,0.38141798973083496,1.1876149177551274,0.03020221092730624,0.012414634227752686,0.09401535573659414
Q4QVU0,1.907810091972351,4.511394500732422,0.5546749423638908,0.4327261447906494,0.5550436070683682,1.9582556,4.608864,0.52636385,0.42384103,0.59505534,IDP-ESM2-8M,42,310,0.050445556640625,0.09746932983398438,0.028311092723998232,0.008885115385055542,0.04001173465221286
Q4QW70,1.8419607877731323,4.3280558586120605,0.5363135258409968,0.4272885918617248,0.5860561097521163,1.8223462,4.298888,0.5209696,0.4181078,0.6043612,IDP-ESM2-8M,42,310,0.019614577293395996,0.029167652130126953,0.015343896553277059,0.009180784225463812,0.018305066738667386
Q4QW80,1.796077013015747,4.269088745117188,0.5427779692000664,0.4153984785079956,0.5610128772907876,1.7825007,4.2299395,0.5285144,0.42245343,0.58945376,IDP-ESM2-8M,42,310,0.013576269149780273,0.03914928436279386,0.014263583976677707,0.007054954767227173,0.028440879518446982
Q4U2B4,1.801355004310608,4.178857803344727,0.5404422992082752,0.4373418390750885,0.5810348248109153,1.7469825,4.1491847,0.53599447,0.43452072,0.60105705,IDP-ESM2-8M,42,310,0.054372549057006836,0.029673099517822266,0.004447829088798927,0.002821117639541626,0.020022227801389403
Q4W600,3.581817865371704,8.481317520141602,0.5153812197550156,0.4065305292606354,0.6140929341286595,3.5159478,8.159196,0.5180813,0.40549985,0.606988,IDP-ESM2-8M,42,310,0.06587004661560059,0.32212162017822266,0.0027000876561782405,0.0010306835174560547,0.007104921337979575
Q4Z9E7,2.2208800315856934,5.487044811248779,0.595333592342994,0.4796536266803741,0.5435069504193282,2.094334,5.0433965,0.55118537,0.449993,0.6147098,IDP-ESM2-8M,42,310,0.12654614448547363,0.4436483383178711,0.04414822285141684,0.029660612344741766,0.07120284410200362
Q4ZA14,2.1356492042541504,5.146971225738525,0.618643483403222,0.5118792057037354,0.5249551241214087,1.9930077,4.8836207,0.5775554,0.46560797,0.56674254,IDP-ESM2-8M,42,310,0.14264154434204102,0.2633504867553711,0.04108806538869558,0.04627123475074768,0.0417874152844141
Q507B8,1.7234092950820925,3.954232692718506,0.4837673940005495,0.3842982351779938,0.6467958210812942,1.8144093,4.16929,0.49590677,0.4061426,0.64038473,IDP-ESM2-8M,42,310,0.0909999608993528,0.215057373046875,0.012139376228790077,0.02184435725212097,0.006411087404383786
Q507D5,1.8109012842178345,4.364328384399414,0.5354661672781611,0.4284839630126953,0.5843488767754477,1.93596,4.5759935,0.52886504,0.42501613,0.597414,IDP-ESM2-8M,42,310,0.12505877017974854,0.21166515350341797,0.006601127929558803,0.0034678280353546143,0.013065139948185145
Q50G65,3.453242301940918,8.254773139953613,0.5557778510434055,0.4415037930011749,0.601163656592946,3.192181,7.5568614,0.544678,0.4302432,0.60588044,IDP-ESM2-8M,42,310,0.2610611915588379,0.6979117393493652,0.01109987824982639,0.01126059889793396,0.004716782688517607
Q50GB0,3.2293059825897217,7.520544528961182,0.4897230378668102,0.3882990181446075,0.7350631587693991,2.7955425,6.456328,0.5030776,0.41074142,0.6838506,IDP-ESM2-8M,42,310,0.4337635040283203,1.0642166137695312,0.013354588361522313,0.02244240045547491,0.051212572355061936
Q50GB8,3.275805711746216,7.594839572906494,0.5070463992613655,0.4168539345264435,0.6971658345281055,2.9873214,6.9072905,0.5049712,0.40875277,0.6749166,IDP-ESM2-8M,42,310,0.2884843349456787,0.6875491142272949,0.002075193073163617,0.008101165294647217,0.02224920950521736
Q50GC3,3.2926836013793945,7.9916534423828125,0.5377924664639043,0.4013435244560241,0.6247230485731943,2.956524,6.880396,0.5163452,0.41414976,0.6504331,IDP-ESM2-8M,42,310,0.33615970611572266,1.111257553100586,0.021447263541083283,0.012806236743927057,0.02571007453853058
Q50GD5,3.309344530105591,7.74949836730957,0.5319807953975265,0.4188196063041687,0.6401995923284561,2.9507103,6.849179,0.51020473,0.41306713,0.6698714,IDP-ESM2-8M,42,310,0.35863423347473145,0.9003195762634277,0.021776062979466215,0.005752474069595337,0.02967179753741911
Q52PR2,1.5469794273376465,3.789348125457764,0.5800870026754342,0.4668243527412414,0.5204528881889308,1.5131246,3.6894102,0.5587974,0.44431058,0.54527617,IDP-ESM2-8M,42,310,0.03385484218597412,0.0999379158020024,0.021289583604236717,0.02251377701759333,0.02482327681961416
Q52PS8,1.7098687887191772,4.096066474914551,0.5713266373845804,0.4683867394924164,0.5330623518456293,1.7193561,4.2318363,0.5774001,0.45863187,0.5195237,IDP-ESM2-8M,42,310,0.009487271308898926,0.13576984405517578,0.00607345092566125,0.009754866361618042,0.013538671635515809
Q52RQ4,1.905121803283692,4.512605667114258,0.5606876776823555,0.4556738138198852,0.5500757612071665,1.9076025,4.6239624,0.56352186,0.44164592,0.5369173,IDP-ESM2-8M,42,310,0.0024807453155510917,0.11135673522949219,0.002834184347673796,0.014027893543243353,0.013158432372632811
Q52RR1,1.940093994140625,4.74264669418335,0.5817592936427288,0.462034523487091,0.5194843915710308,1.8790681,4.5207973,0.5559533,0.4390856,0.54857445,IDP-ESM2-8M,42,310,0.06102585792541504,0.2218494415283203,0.025805969801633855,0.022948920726776068,0.02909005606080517
Q52RR8,1.9287289381027224,4.490622520446777,0.5555553920940546,0.4499053955078125,0.5590089252391492,1.789585,4.2742147,0.546675,0.4355123,0.565076,IDP-ESM2-8M,42,310,0.13914394378662132,0.21640777587890625,0.008880365677276014,0.014393091201782227,0.006067068298753586
Q52RS0,1.8760631084442136,4.504097938537598,0.541588809725339,0.4261755347251892,0.5674459042960974,1.8313277,4.3784924,0.54861635,0.43668085,0.55855495,IDP-ESM2-8M,42,310,0.044735431671142356,0.12560558319091797,0.007027539971774077,0.010505318641662598,0.008890956919846205
Q52RS2,1.9218735694885247,4.575347900390625,0.5586386911895866,0.4342288970947265,0.552746945298301,1.8823664,4.5258417,0.5545076,0.43752605,0.54908586,IDP-ESM2-8M,42,310,0.03950715065002375,0.049506187438964844,0.004131078007518774,0.0032971501350403387,0.003661089814292251
Q52RT5,1.8527013063430784,4.502525806427002,0.5723815973247159,0.4505567252635956,0.5302205563094088,1.7939656,4.3361063,0.5675324,0.4498054,0.5385072,IDP-ESM2-8M,42,310,0.05873572826385476,0.16641950607299805,0.00484917716632971,0.0007513165473937988,0.008286666819863675
Q52RT9,1.8985599279403689,4.452606201171875,0.5332160001534548,0.4198782444000244,0.5967306800842979,1.8932896,4.552394,0.56027377,0.44342405,0.54829675,IDP-ESM2-8M,42,310,0.005270361900329812,0.09978771209716797,0.027057766364184332,0.023545801639556885,0.04843393049247047
Q52RW0,1.827682614326477,4.4570183753967285,0.5724726101632317,0.4632942974567413,0.5288963855587134,1.7093931,4.039196,0.5398187,0.43746874,0.58515286,IDP-ESM2-8M,42,310,0.11828947067260742,0.41782236099243164,0.03265390603496632,0.02582556009292597,0.056256478897463325
Q52S07,1.8549383878707888,4.395399570465088,0.55078703634772,0.4484374225139618,0.5729436729000676,1.8496959,4.458808,0.5656718,0.44878474,0.54205287,IDP-ESM2-8M,42,310,0.005242466926574929,0.06340837478637695,0.014884765219357665,0.00034731626510620117,0.0308908078716863
Q53AF0,1.7138702869415283,4.1993584632873535,0.5521019074115917,0.4239159524440765,0.5484911809552274,1.5927869,3.8631558,0.5459445,0.43520752,0.5669925,IDP-ESM2-8M,42,310,0.12108337879180908,0.33620262145996094,0.006157395521180331,0.011291563510894831,0.018501340330783322
Q53AG3,1.7310787439346311,4.151309967041016,0.5471253834145517,0.4396389126777649,0.5622961193062092,1.8240889,4.4102736,0.5513961,0.4365706,0.5659388,IDP-ESM2-8M,42,310,0.09301018714904807,0.25896358489990234,0.004270688496306407,0.003068298101425171,0.003642651464817459
Q53CQ0,3.668829917907715,8.91865348815918,0.5828825321849115,0.4364367723464966,0.5135297616826177,3.6246543,8.553099,0.54225177,0.42897588,0.58779913,IDP-ESM2-8M,42,310,0.04417562484741211,0.3655548095703125,0.04063076645691466,0.007460892200469971,0.07426937018765212
Q53Z31,2.3848536014556885,5.591485500335693,0.5466856785203161,0.4399119615554809,0.5790754596466887,2.3927982,5.6555195,0.5194116,0.41781506,0.6256123,IDP-ESM2-8M,42,310,0.007944583892822266,0.06403398513793945,0.02727405504238034,0.022096902132034246,0.04653685886908887
Q56BB1,1.8748835325241089,4.37516975402832,0.5453519341677264,0.4467525780200958,0.5884572146235034,1.8452442,4.423966,0.54719925,0.44228917,0.6023185,IDP-ESM2-8M,42,310,0.029639363288879395,0.04879617691040039,0.0018473150998516985,0.004463404417037964,0.013861310690827633
Q56EV1,1.5474544763565063,3.873971462249756,0.5537594668463562,0.4310492575168609,0.5694341626696193,1.5204803,3.7196019,0.5767509,0.46560976,0.5428181,IDP-ESM2-8M,42,310,0.026974201202392578,0.15436959266662598,0.022991407672991904,0.034560501575470026,0.026616033606966738
Q56II6,3.5158581733703613,8.575678825378418,0.5017306542859468,0.3905438184738159,0.6882094498052013,3.6751652,8.509466,0.50531197,0.40379104,0.7000248,IDP-ESM2-8M,42,310,0.15930700302124023,0.06621265411376953,0.003581311656436048,0.01324722170829773,0.01181533380609634
Q58I31,1.942933797836304,4.756231784820557,0.541327791389136,0.4000176191329956,0.539186557617548,2.1475167,5.0762486,0.5242755,0.4105468,0.58125615,IDP-ESM2-8M,42,310,0.20458292961120583,0.32001686096191406,0.017052309688238787,0.010529190301895142,0.04206959358179285
Q58LM3,2.003825426101685,4.995086669921875,0.6008067800978835,0.4807681143283844,0.5269639143574717,1.8347619,4.5432982,0.5806147,0.46630186,0.5542224,IDP-ESM2-8M,42,310,0.16906356811523482,0.45178842544555664,0.020192094085615397,0.014466255903244019,0.02725849059934593
Q58MF1,2.781571626663208,6.622232437133789,0.5138265113241147,0.3949557542800903,0.6208739515065465,2.4962804,5.823255,0.51563,0.41127548,0.62022865,IDP-ESM2-8M,42,310,0.2852911949157715,0.7989773750305176,0.001803495466046412,0.01631972193717962,0.0006453033208164705
Q58N36,2.894122838973999,6.893455982208252,0.56776875121282,0.4513593316078186,0.5521147656451972,2.7153516,6.4396214,0.5417901,0.42527363,0.6023783,IDP-ESM2-8M,42,310,0.1787712574005127,0.45383453369140625,0.025978623458608574,0.026085704565048218,0.050263543127843535
Q58NB9,1.6679028272628784,4.1289238929748535,0.5627905025934039,0.4417657852172851,0.5405158227073894,1.543269,3.6736486,0.536384,0.4362179,0.59398293,IDP-ESM2-8M,42,310,0.1246337890625,0.455275297164917,0.02640651612032041,0.005547881126403753,0.05346711224439282
Q58P45,3.094067335128784,7.321577072143555,0.5463889803006095,0.4215303659439087,0.5913273041718516,2.9517808,6.9250755,0.531516,0.41754922,0.6090696,IDP-ESM2-8M,42,310,0.1422865390777588,0.3965015411376953,0.014872964770976882,0.003981143236160278,0.017742281628319256
Q58P48,2.705466985702514,6.398143768310547,0.5462251743369431,0.412267655134201,0.5949976281345506,2.6967022,6.395022,0.5423118,0.42757466,0.59506786,IDP-ESM2-8M,42,310,0.008764743804931197,0.0031218528747558594,0.00391338673165742,0.015307009220123347,7.02305614332932e-05
Q596I4,3.4326767921447754,8.223749160766602,0.5383376135039891,0.4209061563014984,0.6368214236046434,3.061492,7.2303863,0.53585017,0.42362186,0.61414295,IDP-ESM2-8M,42,310,0.3711848258972168,0.9933629035949707,0.002487446229514023,0.0027157068252563477,0.02267846925512562
Q596I6,3.1991631984710693,7.620969295501709,0.5194647077721272,0.3976307809352875,0.6673072196672513,2.97753,7.095386,0.54913753,0.4324693,0.59370136,IDP-ESM2-8M,42,310,0.2216331958770752,0.5255832672119141,0.029672824938901887,0.03483852744102478,0.07360585705738798
Q5BND6,2.7287871837615967,6.607275009155273,0.533816851024904,0.4021184146404266,0.6113366973237178,2.5447743,5.9697537,0.52996385,0.42275906,0.6193045,IDP-ESM2-8M,42,310,0.18401288986206055,0.6375212669372559,0.003853000049867328,0.020640641450882014,0.00796778084476979
Q5DKQ8,3.493247032165528,7.966042995452881,0.5079927060125706,0.3900030553340912,0.6325274756729546,3.7645426,8.773828,0.5255459,0.4109619,0.6144844,IDP-ESM2-8M,42,310,0.2712955474853511,0.8077845573425293,0.017553189087069265,0.02095884084701538,0.018043046313518607
Q5DRF7,3.063352584838867,7.167706489562988,0.5537359467403381,0.4290894567966461,0.5788564377305246,2.6250837,6.215694,0.5405796,0.4173959,0.5676792,IDP-ESM2-8M,42,310,0.43826889991760254,0.9520125389099121,0.013156329716870085,0.011693567037582397,0.011177211332056625
Q5EM22,2.797626256942749,5.808216571807861,0.4303795347038435,0.3596270084381103,0.7293238071796376,3.5387986,8.14779,0.49608773,0.39914948,0.70683277,IDP-ESM2-8M,42,310,0.7411723136901855,2.339573383331299,0.0657081952270342,0.039522469043731745,0.02249104064673968
Q5EWN0,2.3487589359283447,5.484464168548584,0.5014882981511158,0.3902769088745117,0.6405847333499695,2.3497643,5.5316577,0.52968836,0.41943136,0.5948206,IDP-ESM2-8M,42,310,0.001005411148071289,0.04719352722167969,0.028200060155768925,0.029154449701309204,0.04576411472051389
Q5EWN1,2.373787641525269,5.456686496734619,0.515572823711546,0.4088899195194244,0.6132126120595665,2.280996,5.355351,0.5238807,0.41616306,0.5997838,IDP-ESM2-8M,42,310,0.09279155731201216,0.10133552551269531,0.008307896427003802,0.007273137569427546,0.01342883386895366
Q5FXX2,2.167774438858032,5.218364238739014,0.549238807447881,0.4332103729248047,0.5644611430418753,2.1803,5.103698,0.5239439,0.41917965,0.6022831,IDP-ESM2-8M,42,310,0.012525558471680132,0.11466646194458008,0.025294906385869287,0.01403072476387024,0.03782197711345914
Q5G246,1.942671298980713,4.737127780914307,0.567347611509015,0.4560316503047943,0.5363823874428194,2.046907,4.873825,0.543568,0.428349,0.55943465,IDP-ESM2-8M,42,310,0.10423564910888672,0.13669729232788086,0.02377959641044325,0.02768266201019287,0.023052264885671803
Q5G5L6,1.979783058166504,4.801609039306641,0.5790521881345184,0.4558716118335724,0.534403066354576,1.8441522,4.4038725,0.5450316,0.43580094,0.58146614,IDP-ESM2-8M,42,310,0.13563084602355957,0.3977365493774414,0.034020580983486925,0.020070672035217285,0.047063072008308504
Q5G5M1,1.9066064357757568,4.532220840454102,0.5372636719506162,0.4267811477184295,0.5848757415462782,1.8844929,4.4819655,0.53924996,0.43250036,0.5927396,IDP-ESM2-8M,42,310,0.022113561630249023,0.05025529861450195,0.0019862846572024084,0.0057192146778107245,0.007863840515489384
Q5G5N5,1.9173699617385864,4.667495250701904,0.5666360089940011,0.4422127604484558,0.5445828038786935,1.8730354,4.4477854,0.5322925,0.42853883,0.6001948,IDP-ESM2-8M,42,310,0.0443345308303833,0.2197098731994629,0.034343523756879546,0.013673931360244751,0.055612007942290376
Q5G5P3,1.9971919059753416,4.7377800941467285,0.5799337468694582,0.4741716682910919,0.5371762091782839,1.9197007,4.563757,0.5388775,0.4308483,0.58892256,IDP-ESM2-8M,42,310,0.07749116420745827,0.17402315139770508,0.04105625968684101,0.043323367834091187,0.051746351036712435
Q5G5R6,1.9701128005981443,4.749823093414307,0.576036003256798,0.4605284631252289,0.543614024764787,1.8883548,4.5166616,0.5477255,0.43615714,0.5752719,IDP-ESM2-8M,42,310,0.08175802230834939,0.23316144943237305,0.028310504580497997,0.024371325969696045,0.031657879703749336
Q5G5T2,1.9021509885787964,4.541926383972168,0.559676193093464,0.4476387798786163,0.5512097724974071,1.8898356,4.4929314,0.5424406,0.4338767,0.5790231,IDP-ESM2-8M,42,310,0.01231539249420166,0.048995018005371094,0.017235599850818684,0.013762086629867498,0.027813350290068484
Q5GQU4,2.029103994369507,4.963160037994385,0.6036339775142601,0.4741549789905548,0.5157364589574774,2.0123792,4.9287004,0.5776281,0.4585346,0.54982436,IDP-ESM2-8M,42,310,0.016724824905395508,0.034459590911865234,0.0260059014377525,0.015620380640029907,0.03408789807529844
Q5I4I5,2.295598268508911,5.586085319519043,0.5704763520341143,0.4293748140335083,0.5391442811187052,2.2896113,5.519112,0.55915034,0.44117185,0.5709862,IDP-ESM2-8M,42,310,0.005986928939819336,0.06697320938110352,0.01132601386120169,0.011797040700912476,0.03184193018119108
Q5J596,1.608479619026184,3.867163181304932,0.5574457755636549,0.4498604536056518,0.5372917130192666,1.5101238,3.654873,0.54662114,0.436072,0.56233764,IDP-ESM2-8M,42,310,0.09835577011108398,0.2122902870178227,0.010824631745753321,0.013788461685180609,0.025045923928365244
Q5J5A1,1.614284634590149,3.9850878715515137,0.5734407135417332,0.4465291500091553,0.5248125421169729,1.6520532,3.9837103,0.55138195,0.44014314,0.55993783,IDP-ESM2-8M,42,310,0.03776860237121582,0.0013775825500488281,0.022058767931686818,0.006386011838912964,0.035125292622712134
Q5J5A3,1.6357944011688232,4.00540828704834,0.5760601004367721,0.4550037384033203,0.5283577008719766,1.6159747,3.8859289,0.5358945,0.42411876,0.5814574,IDP-ESM2-8M,42,310,0.01981973648071289,0.11947941780090332,0.04016558730658415,0.030884981155395508,0.053099675608125896
Q5J5A8,1.6492102146148682,4.098843574523926,0.5973402036652352,0.4676291346549988,0.5019558644917695,1.5894433,3.8269591,0.5427702,0.4312066,0.5671675,IDP-ESM2-8M,42,310,0.05976688861846924,0.2718844413757324,0.05456999673698204,0.036422520875930786,0.06521165603130175
Q5L446,3.1260101795196533,7.496747016906738,0.5634731530938709,0.4392088949680328,0.5626368563075338,3.185846,7.445009,0.5385819,0.42571726,0.6196751,IDP-ESM2-8M,42,310,0.05983591079711914,0.05173778533935547,0.02489124534469489,0.013491630554199163,0.05703824354216713
Q5MIE7,1.6357946395874023,3.870149850845337,0.5797919221630405,0.488182932138443,0.540674985994679,1.6252228,3.9758518,0.5647965,0.46292558,0.53968245,IDP-ESM2-8M,42,310,0.010571837425231934,0.10570192337036133,0.014995414804489515,0.025257349014282227,0.0009925380843701648
Q5QF78,2.643112897872925,5.929675102233887,0.574688007682531,0.4749919176101684,0.5906071422351541,2.3366761,5.600243,0.5611991,0.45245624,0.5818939,IDP-ESM2-8M,42,310,0.30643677711486816,0.32943201065063477,0.013488879054753933,0.022535681724548284,0.008713221336716592
Q5UNW3,4.672813892364502,10.547954559326172,0.4519269747244023,0.3525804877281189,0.7751382057331558,4.0775666,9.331918,0.4795872,0.37868404,0.6881615,IDP-ESM2-8M,42,310,0.5952472686767578,1.2160367965698242,0.027660222579369675,0.026103556156158447,0.08697671338543855
Q5UQA4,4.283139705657959,9.483956336975098,0.4258903074798932,0.3320448398590088,0.84077116974268,4.1529446,9.181184,0.4385118,0.3688308,0.8552029,IDP-ESM2-8M,42,310,0.13019514083862305,0.30277252197265625,0.012621481365169052,0.03678596019744873,0.0144317435416218
Q5UTC0,2.101679563522339,5.049070835113525,0.571661339063453,0.4556185007095337,0.5477766319042481,1.942256,4.616265,0.53717965,0.42885938,0.5876438,IDP-ESM2-8M,42,310,0.1594235897064209,0.43280601501464844,0.03448169018726277,0.02675911784172058,0.03986717026173703
Q5UTC9,1.958929419517517,4.743646621704102,0.5714750004738165,0.4518818259239197,0.5344705386775728,1.9397684,4.605678,0.5338104,0.4237841,0.5853035,IDP-ESM2-8M,42,310,0.019160985946655273,0.1379685401916504,0.03766462335284482,0.028097718954086304,0.0508329467159514
Q5UTE2,2.072910785675049,4.937786102294922,0.5666840200216202,0.4632159471511841,0.5534705120316037,1.9375422,4.6066523,0.53864264,0.43012738,0.58925617,IDP-ESM2-8M,42,310,0.13536858558654785,0.3311338424682617,0.028041375139418068,0.0330885648727417,0.03578565538020051
Q5UTE6,2.069744825363159,4.969842910766602,0.5707026650509989,0.4498937726020813,0.5536504079655621,2.0505924,4.8285813,0.53091353,0.42564353,0.60319793,IDP-ESM2-8M,42,310,0.019152402877807617,0.14126157760620117,0.03978913327075595,0.02425023913383484,0.04954752427778508
Q5Y0N1,3.040448904037476,7.222254753112793,0.5169566127409668,0.4006147682666778,0.6230251174430288,2.950286,6.847698,0.5141213,0.41262597,0.6323905,IDP-ESM2-8M,42,310,0.09016299247741744,0.3745565414428711,0.00283531871936038,0.01201120018959051,0.009365381671961437
Q5YA80,1.719699740409851,4.242063999176025,0.5713959379392651,0.4486306309700012,0.545624168843429,1.7786317,4.521996,0.6112444,0.48192134,0.5116638,IDP-ESM2-8M,42,310,0.058931946754455566,0.27993202209472656,0.039848442534825446,0.033290714025497437,0.033960374325911924
Q5YF20,2.1082024574279785,5.145120620727539,0.5573057848212778,0.4278714060783386,0.5516564810433084,2.1050413,5.0290318,0.5386958,0.42318168,0.57373023,IDP-ESM2-8M,42,310,0.003161191940307617,0.1160888671875,0.018609972595935997,0.004689723253250122,0.022073749288112454
Q5YFF2,4.247636795043945,10.077153205871582,0.516050136151909,0.4017551243305206,0.6112286875121031,3.3945515,7.876479,0.5129308,0.40333351,0.6040887,IDP-ESM2-8M,42,310,0.8530852794647217,2.200674057006836,0.0031193257004014097,0.0015783905982971747,0.00713996385258775
Q5ZQY2,1.4942727088928225,3.461477756500244,0.540286334817545,0.4488935470581054,0.568809745944336,1.4829266,3.5823188,0.5480905,0.4387436,0.5566186,IDP-ESM2-8M,42,310,0.01134610176086448,0.12084102630615234,0.007804182703359586,0.010149955749511663,0.01219117466290287
Q64921,2.806779146194458,6.80160665512085,0.588867888739622,0.4683604538440704,0.5391627791474268,2.6374974,6.3110437,0.5522909,0.43126544,0.56228405,IDP-ESM2-8M,42,310,0.1692817211151123,0.49056291580200195,0.03657697229675094,0.037095010280609075,0.02312127322455193
Q64989,1.6598854064941406,4.038412570953369,0.5329148138597135,0.4138160049915313,0.5612368526596766,1.6684451,4.0122924,0.55152386,0.44077846,0.5530283,IDP-ESM2-8M,42,310,0.008559703826904297,0.02612018585205078,0.018609050409543082,0.02696245908737188,0.008208567156289148
Q65048,1.7067614793777466,4.008356094360352,0.5538568327090898,0.4296968579292297,0.5693120641870125,1.7370739,4.123031,0.5415483,0.4341731,0.58608747,IDP-ESM2-8M,42,310,0.030312418937683105,0.11467504501342773,0.012308520998732142,0.004476249217987116,0.01677540109924236
Q65541,2.005898952484131,4.8334479331970215,0.5497394459560139,0.4253469407558441,0.5600196017863197,1.8835795,4.601656,0.56824315,0.4438432,0.5257341,IDP-ESM2-8M,42,310,0.12231945991516113,0.23179197311401367,0.018503699986674116,0.01849624514579773,0.03428547521847913
Q65548,2.292227268218994,4.942983627319336,0.2539383611473618,0.2293348759412765,1.2514616165927317,2.199571,4.278796,0.2878955,0.2993831,1.080482,IDP-ESM2-8M,42,310,0.09265637397766113,0.6641874313354492,0.033957139512580836,0.07004822790622717,0.17097961051973365
Q66544,1.521177053451538,3.577183246612549,0.5610195606420075,0.4380517303943634,0.5292481545718278,1.4389364,3.489753,0.5500084,0.43871537,0.54157454,IDP-ESM2-8M,42,310,0.08224070072174072,0.08743023872375488,0.011011144466165246,0.0006636381149291992,0.012326383182231004
Q66546,1.710316181182861,4.060292720794678,0.541909936267039,0.4428242743015289,0.5795928882343093,1.6258807,3.942541,0.5660118,0.45824236,0.54277945,IDP-ESM2-8M,42,310,0.08443546295165993,0.1177518367767334,0.024101850193837482,0.015418082475662287,0.03681344258611596
Q66550,3.2825543880462646,7.699764251708984,0.5519621769235612,0.4393477737903595,0.581622294580389,3.0349631,7.270233,0.54812855,0.43092573,0.61199546,IDP-ESM2-8M,42,310,0.24759125709533691,0.4295310974121094,0.0038336316392899583,0.008422046899795532,0.03037316402251622
Q66741,1.5293338298797607,3.733440160751343,0.5698811469907599,0.4821401238441467,0.5585920101622325,1.4467378,3.4620633,0.55118215,0.4515404,0.5841519,IDP-ESM2-8M,42,310,0.0825960636138916,0.27137684822082564,0.01869899615000059,0.030599713325500433,0.025559913494231146
Q67285,2.0256173610687256,4.953667163848877,0.5506787704236469,0.4390895068645477,0.5453350720296618,1.9375458,4.654383,0.53228873,0.4170469,0.5718567,IDP-ESM2-8M,42,310,0.08807158470153809,0.2992839813232422,0.018390040279146147,0.022042602300643865,0.02652160550253424
Q68556,1.7316550016403198,4.044599533081055,0.5515794339390946,0.4481644034385681,0.580630624154532,1.5813016,3.7948673,0.5326384,0.430342,0.5938034,IDP-ESM2-8M,42,310,0.15035343170166016,0.24973225593566895,0.018941062948341414,0.01782241463661194,0.013172781607186712
Q68628,3.0170066356658936,7.106032848358154,0.5034032967471839,0.3670820593833923,0.649696916395888,3.19129,7.427771,0.51940274,0.41143045,0.6426332,IDP-ESM2-8M,42,310,0.17428326606750488,0.32173824310302734,0.015999445638680387,0.044348388910293635,0.007063716704115541
Q68967,3.015026569366455,7.452392101287842,0.6014535977778247,0.4676653146743774,0.5259548246331828,2.9848528,7.2632933,0.59000874,0.46677533,0.5370696,IDP-ESM2-8M,42,310,0.030173778533935547,0.18909883499145508,0.011444862121086419,0.0008899867534636896,0.011114794068752043
Q68UW8,1.437333345413208,3.4264960289001465,0.5464165802288528,0.4307882785797119,0.5586784870876217,1.5119812,3.6343217,0.54881746,0.4401326,0.55549973,IDP-ESM2-8M,42,310,0.07464790344238281,0.2078256607055664,0.00240087553973245,0.009344309568405151,0.003178754593267441
Q69018,2.4167497158050537,5.491379261016846,0.5568476619364912,0.4528838992118835,0.588314935029339,2.5036955,5.976835,0.5135867,0.41936433,0.67445505,IDP-ESM2-8M,42,310,0.08694577217102051,0.4854555130004883,0.04326096197387519,0.03351956605911249,0.0861401116244086
Q69073,1.9803683757781985,4.618441104888916,0.545508833528901,0.4310428202152252,0.5788461821440949,2.0550382,4.9099646,0.5458157,0.4313284,0.5677768,IDP-ESM2-8M,42,310,0.07466983795165993,0.29152345657348633,0.00030687272415075295,0.0002855658531188965,0.011069382942129558
Q69092,1.814449667930603,3.945181846618652,0.4443566974967541,0.405325174331665,0.697017096238157,1.7073057,3.8292327,0.45184878,0.3778656,0.724177,IDP-ESM2-8M,42,310,0.10714399814605713,0.11594915390014604,0.007492077651637619,0.02745956182479853,0.02715990666864232
Q69144,2.419299364089966,5.761609077453613,0.5190105697766841,0.4031465649604797,0.5881855492459521,2.4537308,5.7452793,0.5102253,0.40491843,0.6106663,IDP-ESM2-8M,42,310,0.03443145751953125,0.01632976531982422,0.008785273756176326,0.0017718672752380926,0.02248072577846194
Q69192,1.7884827852249146,3.998852491378784,0.4845628000498783,0.4003623127937317,0.6696154521237223,2.1246521,5.2786536,0.5849538,0.46741563,0.52484924,IDP-ESM2-8M,42,310,0.33616936206817627,1.2798011302947998,0.10039098489274867,0.06705331802368164,0.14476621611221718
Q69220,2.14074182510376,5.202857494354248,0.54471073684474,0.432231605052948,0.5762652448540265,2.1820886,5.209279,0.5454019,0.42844817,0.5720391,IDP-ESM2-8M,42,310,0.041346788406371626,0.006421566009521484,0.0006911343596361919,0.0037834346294403076,0.00422611750417301
Q69CH6,5.233378410339356,12.858263969421388,0.6038407598282506,0.4838461279869079,0.5226136014656905,4.611815,10.934952,0.5792528,0.45560905,0.5762902,IDP-ESM2-8M,42,310,0.621563434600831,1.923312187194826,0.024587980344455418,0.02823707461357111,0.05367658875418868
Q69CK3,1.7656141519546509,4.261602878570557,0.5555172966292463,0.4423261880874634,0.5596442045962599,1.6247838,3.9159558,0.54392165,0.43752787,0.57743937,IDP-ESM2-8M,42,310,0.140830397605896,0.34564709663391113,0.011595647173222146,0.004798322916030884,0.01779516317488883
Q69CL1,1.7657333612442017,4.249601364135742,0.5446727394786889,0.4325141012668609,0.5772213808844379,1.8302457,4.4157634,0.5537402,0.44273674,0.5732744,IDP-ESM2-8M,42,310,0.06451237201690674,0.16616201400756836,0.009067463901895834,0.010222643613815363,0.0039470068762591515
Q6DN18,2.258826732635498,5.367724418640137,0.5662983152846209,0.4422025978565216,0.5476912379840875,2.3712246,5.668043,0.5474894,0.4279165,0.5764236,IDP-ESM2-8M,42,310,0.11239790916442871,0.30031871795654297,0.018808910606276208,0.0142861008644104,0.028732347430799
Q6GZR0,1.95028042793274,4.529425144195557,0.5362936461419795,0.4207500219345093,0.5618201381363777,1.9542973,4.7143826,0.5655897,0.44625187,0.5290655,IDP-ESM2-8M,42,310,0.004016876220702459,0.18495750427246094,0.029296079829242427,0.02550184726715088,0.03275464836739572
Q6I8V7,1.8308334350585933,4.247934341430664,0.539076531936402,0.4268877506256103,0.5861175246348126,2.0346344,4.8326325,0.53550625,0.42479584,0.5808523,IDP-ESM2-8M,42,310,0.20380091667175337,0.5846982002258301,0.003570283462280943,0.0020919144153594416,0.005265194903825043
Q6IWY9,2.521025896072388,6.042622089385986,0.5650120376461611,0.4336689710617065,0.5452373561777847,2.5073795,6.2052684,0.6036843,0.46389028,0.47989324,IDP-ESM2-8M,42,310,0.013646364212036577,0.16264629364013672,0.03867226849855321,0.030221313238143976,0.06534411882541347
Q6J7X0,1.8122520446777344,4.316026210784912,0.5673756705386591,0.4436545670032501,0.556549046968168,1.807193,4.257564,0.5269288,0.43129474,0.6386527,IDP-ESM2-8M,42,310,0.005059003829956055,0.05846214294433594,0.040446888075585385,0.012359827756881714,0.08210363533621434
Q6JIB3,2.827608108520508,6.885195732116699,0.5374917296557155,0.4227199852466583,0.5788270210146959,2.8094316,6.575851,0.5144088,0.40441442,0.6178067,IDP-ESM2-8M,42,310,0.018176555633544922,0.3093447685241699,0.023082902827712526,0.018305569887161255,0.038979652035230905
Q6JKC4,3.1039602756500244,7.312143325805664,0.5890451916006528,0.4746047854423523,0.5756015123000476,2.9526055,7.204287,0.6048028,0.4753533,0.5249159,IDP-ESM2-8M,42,310,0.15135478973388672,0.10785627365112305,0.015757595703271732,0.0007485151290893555,0.05068563829568362
Q6JPE0,3.470323085784912,8.140002250671387,0.6087033747303322,0.5094534158706665,0.5389416119583499,3.2401452,7.772153,0.5817917,0.4587196,0.5631177,IDP-ESM2-8M,42,310,0.2301778793334961,0.36784934997558594,0.026911675797684498,0.05073380470275879,0.024176070975457487
Q6L620,2.8041679859161377,6.672624588012695,0.5279428641186856,0.399205595254898,0.6020661490685708,2.7050745,6.308259,0.515182,0.4067834,0.6205568,IDP-ESM2-8M,42,310,0.09909343719482422,0.3643655776977539,0.012760845838656332,0.007577806711196955,0.018490622686647695
Q6L8S9,2.975425958633423,6.809509754180908,0.5360966913064342,0.433521956205368,0.605384889583159,2.7055383,6.3842793,0.5419919,0.426921,0.5891323,IDP-ESM2-8M,42,310,0.26988768577575684,0.4252305030822754,0.005895198170341898,0.006600946187972967,0.01625258062319801
Q6LAM5,2.732017517089844,6.318007946014404,0.495890200699578,0.3891720175743103,0.651833519338293,2.6419587,6.1405554,0.4993785,0.39490914,0.6386207,IDP-ESM2-8M,42,310,0.09005880355835005,0.17745256423950195,0.003488301669348992,0.005737125873565674,0.013212844728155093
Q6PL42,3.0257863998413086,7.069854259490967,0.5363261519710476,0.4198644161224365,0.6412328882065679,2.9556885,6.922756,0.5327119,0.42793426,0.65720123,IDP-ESM2-8M,42,310,0.0700979232788086,0.14709806442260742,0.0036142288486415985,0.008069843053817749,0.015968342319402584
Q6PNN9,3.345025062561035,7.808444976806641,0.5340615815791492,0.4217486679553985,0.6024194389523828,3.417271,8.019566,0.5401024,0.4248083,0.6049331,IDP-ESM2-8M,42,310,0.07224583625793457,0.21112060546875,0.00604084065824706,0.003059625625610407,0.0025136441050207514
Q6PNP1,3.3073651790618896,7.623542308807373,0.529017024707495,0.4359638094902038,0.6065180806538997,3.3171654,7.759864,0.5207468,0.4121292,0.6312092,IDP-ESM2-8M,42,310,0.009800195693969727,0.1363215446472168,0.008270197581945693,0.023834615945815985,0.024691114006287096
Q6Q435,1.5503348112106323,3.633028984069824,0.5388531651961387,0.4266756772994995,0.5733855397983206,1.5571268,3.7784603,0.55909747,0.45221683,0.56075305,IDP-ESM2-8M,42,310,0.006791949272155762,0.1454312801361084,0.020244303656858142,0.02554115653038025,0.012632492332042555
Q6QDP2,2.58213472366333,6.140219688415527,0.5319404301218876,0.4124763011932373,0.5778982863034757,2.5516548,5.987808,0.51060194,0.4005311,0.6175709,IDP-ESM2-8M,42,310,0.030479907989501953,0.15241146087646484,0.021338492351044125,0.011945188045501709,0.039672590771719585
Q6QDP3,2.601580619812012,6.223345756530762,0.5413751737814956,0.4150583744049072,0.5631163262449026,2.630259,6.2193513,0.5258317,0.40922818,0.595098,IDP-ESM2-8M,42,310,0.028678417205810103,0.003994464874267578,0.015543474410157687,0.005830198526382446,0.031981692401337636
Q6QK79,2.425006151199341,5.687307357788086,0.5303342323718473,0.4068193733692169,0.6138284182593712,2.2006307,5.158135,0.527335,0.42487517,0.617308,IDP-ESM2-8M,42,310,0.22437548637390137,0.529172420501709,0.002999244254629274,0.01805579662322998,0.003479602332364662
Q6QPN2,1.5561350584030151,3.7050564289093018,0.5375786588190689,0.425851434469223,0.5663959127590106,1.4782614,3.5346553,0.5441492,0.43618807,0.5669655,IDP-ESM2-8M,42,310,0.07787370681762695,0.17040109634399414,0.006570561170707756,0.010336637496948242,0.0005696076229169122
Q6QQZ8,2.5632107257843018,6.149562835693359,0.5302064863283773,0.4075183868408203,0.5775074228130981,2.6591408,6.2973228,0.5238344,0.40659505,0.5959418,IDP-ESM2-8M,42,310,0.09593009948730469,0.14775991439819336,0.006372078998817976,0.0009233355522155762,0.018434359184582583
Q6QX44,2.55551815032959,6.549127578735352,0.6351046381904938,0.4867376387119293,0.5112194697544734,2.3843062,5.968539,0.63258827,0.4981786,0.5075332,IDP-ESM2-8M,42,310,0.17121195793151855,0.5805883407592773,0.002516370864138806,0.011440962553024292,0.0036862771198908906
Q6QX45,2.5783262252807617,6.739005088806152,0.6396127983296689,0.4901527762413025,0.4969582253186813,2.3479457,5.8881617,0.6295302,0.4955783,0.5040947,IDP-ESM2-8M,42,310,0.23038053512573242,0.8508434295654297,0.010082606908160097,0.005425512790679932,0.007136494568098506
Q6QXN6,2.422296524047852,5.882402420043945,0.6008134208525573,0.472488671541214,0.5291604315012887,2.230319,5.6890135,0.6374104,0.4991446,0.45202696,IDP-ESM2-8M,42,310,0.1919775009155278,0.1933889389038086,0.03659698144541634,0.02665594220161438,0.07713346826734091
Q6RJI1,2.1782686710357666,5.145363807678223,0.493691708221773,0.3845535218715668,0.6408052424731085,2.4273133,5.705487,0.5265127,0.41538292,0.5985715,IDP-ESM2-8M,42,310,0.24904465675354004,0.5601229667663574,0.03282097421612373,0.030829399824142456,0.042233763152582426
Q6SL65,2.175992488861084,5.501881122589111,0.6258122586856142,0.487608790397644,0.503988982759829,2.0465777,5.1842933,0.61997604,0.49282232,0.51648825,IDP-ESM2-8M,42,310,0.12941479682922363,0.31758785247802734,0.005836214984442312,0.00521352887153631,0.01249927131045303
Q6SPV7,2.252345323562622,5.448596000671387,0.5680055557495675,0.4519215524196625,0.5470359521313616,2.078101,4.885055,0.5276769,0.42348778,0.6014493,IDP-ESM2-8M,42,310,0.17424440383911133,0.5635409355163574,0.0403286753899178,0.028433769941329956,0.05441335864820995
Q6SPW0,2.0518698692321777,4.929081439971924,0.5423810116998351,0.4248725175857544,0.5803351946530272,1.970008,4.6193323,0.5263893,0.42280647,0.6028652,IDP-ESM2-8M,42,310,0.08186185359954834,0.30974912643432617,0.015991710876623433,0.0020660459995269775,0.02253002446318375
Q6SPW6,2.1143627166748047,4.988950252532959,0.5469951318750965,0.4290983080863952,0.5715558555539656,1.9669151,4.616168,0.52736354,0.42472327,0.60452664,IDP-ESM2-8M,42,310,0.1474475860595703,0.37278223037719727,0.01963159313303109,0.004375040531158392,0.03297078343071458
Q6TNN1,1.794748067855835,4.345584869384766,0.5734318280657069,0.4480010867118835,0.5181156321868359,1.7656773,4.235386,0.5454876,0.43193692,0.55624056,IDP-ESM2-8M,42,310,0.029070734977722168,0.110198974609375,0.027944245382143684,0.016064167022705023,0.038124926437431705
Q6TVK4,4.845543384552002,11.33475399017334,0.5624931415058976,0.4476158916950226,0.6011375300761835,4.144997,9.755819,0.554713,0.43370628,0.61375695,IDP-ESM2-8M,42,310,0.7005462646484375,1.578934669494629,0.007780130717933709,0.013909608125686646,0.012619424593768858
Q6TVY4,5.11331844329834,12.36378288269043,0.5554612938039126,0.4310661256313324,0.6103413417702263,4.698702,11.021179,0.55648816,0.43389335,0.61790955,IDP-ESM2-8M,42,310,0.41461658477783203,1.3426036834716797,0.001026862514751925,0.0028272271156311035,0.007568208896582829
Q6U9S1,2.185985326766968,5.03986930847168,0.5233941899169764,0.4134532809257507,0.5976464128692557,2.2223396,5.3088183,0.54578096,0.4285418,0.5769459,IDP-ESM2-8M,42,310,0.03635430335998491,0.268949031829834,0.02238676682817131,0.015088528394699152,0.02070051195220246
Q6UDH5,1.834127306938172,4.350251197814941,0.5185816512284042,0.4031111896038055,0.6006629792743973,1.7640953,4.06503,0.48063797,0.39582345,0.67922133,IDP-ESM2-8M,42,310,0.07003200054168768,0.2852210998535156,0.03794368364188683,0.007287740707397405,0.0785583527988144
Q6UGK8,1.7978596687316897,4.106568813323975,0.5482617361991368,0.4429457783699035,0.5734960721810559,1.8750192,4.5720425,0.5605887,0.4468897,0.563123,IDP-ESM2-8M,42,310,0.077159523963928,0.46547365188598633,0.012326981261495562,0.003943920135498102,0.010373084433863533
Q6VB58,1.890486121177673,4.5461626052856445,0.5462252010130425,0.4333922266960144,0.5564041068990562,1.878737,4.4438396,0.5207664,0.4129137,0.5842287,IDP-ESM2-8M,42,310,0.011749148368835005,0.10232305526733398,0.02545882356400686,0.020478516817092896,0.027824587539878154
Q6VB60,2.501949071884156,6.043276786804199,0.5464763942996188,0.41814985871315,0.5568230096883334,2.6032302,6.0831046,0.5312424,0.4201599,0.58786005,IDP-ESM2-8M,42,310,0.10128116607665927,0.039827823638916016,0.015234023694150056,0.002010047435760498,0.0310370381288968
Q6VB61,2.847935438156128,6.729080677032471,0.5398799407996234,0.4168194532394409,0.5725950917558547,2.8537743,6.684599,0.5252007,0.4088954,0.59891176,IDP-ESM2-8M,42,310,0.005838871002197266,0.044481754302978516,0.01467921619787782,0.007924050092697144,0.02631667048169417
Q6VB71,1.900467872619629,4.7323317527771,0.5762898169023419,0.4473887681961059,0.5109888817605815,1.9094658,4.664263,0.5681562,0.445579,0.5210629,IDP-ESM2-8M,42,310,0.008997917175292969,0.0680689811706543,0.00813363413638124,0.00180977582931513,0.010074028796211665
Q6VTP7,2.541661024093628,6.611649036407471,0.670804216599727,0.5374685525894165,0.4860437090438744,2.6850991,7.0865455,0.7186649,0.5628927,0.36686885,IDP-ESM2-8M,42,310,0.14343810081481934,0.4748964309692383,0.04786066796753374,0.02542412281036377,0.11917485547484363
Q6VV29,1.4705947637557983,3.493406295776367,0.5418390104371477,0.4215213656425476,0.5380893981412386,1.5728701,3.8773198,0.5617612,0.44021273,0.5077167,IDP-ESM2-8M,42,310,0.10227537155151367,0.383913516998291,0.019922189990861372,0.01869136095046997,0.030372682805392626
Q6VV44,1.5050692558288574,3.660787582397461,0.5528553027437721,0.4375622570514679,0.53492796241401,1.6326308,4.0499153,0.5794229,0.45324814,0.49100012,IDP-ESM2-8M,42,310,0.1275615692138672,0.3891277313232422,0.026567588396211983,0.01568588614463806,0.04392784654258053
Q6VXF3,1.4780939817428589,3.647855281829834,0.5549186172315471,0.4398469626903534,0.5513561570956796,1.4821564,3.6240287,0.5596267,0.44926304,0.54818076,IDP-ESM2-8M,42,310,0.0040624141693115234,0.02382659912109375,0.004708081262410402,0.009416073560714722,0.003175398142585162
Q6VY62,2.327982187271118,5.725722789764404,0.616583492414788,0.486254870891571,0.5218687485516006,2.4078407,5.9043407,0.5723969,0.45537856,0.61018616,IDP-ESM2-8M,42,310,0.07985854148864746,0.1786179542541504,0.04418661798699264,0.030876308679580633,0.0883174110591477
Q6VZE3,2.2824318408966064,5.506062030792236,0.5681026853832046,0.4478164315223694,0.5550956384109181,2.3864377,5.762634,0.56535125,0.44093382,0.5659722,IDP-ESM2-8M,42,310,0.10400581359863281,0.25657176971435547,0.002751437595729045,0.006882607936859131,0.01087657056582747
Q6VZT0,2.160801887512207,5.256180286407471,0.5621949168413524,0.4312299489974975,0.5573658319786721,2.136307,5.1706414,0.5706591,0.4482474,0.5606281,IDP-ESM2-8M,42,310,0.02449488639831543,0.08553886413574219,0.00846418416801653,0.017017453908920344,0.0032622841521567914
Q6WHL7,2.138214349746704,5.030882358551025,0.5857868101008864,0.4717533588409424,0.5386161033167841,2.0870073,5.0559864,0.55259216,0.4487252,0.599259,IDP-ESM2-8M,42,310,0.05120706558227539,0.025104045867919922,0.033194651783320483,0.023028165102005005,0.06064291558122614
Q6WY30,2.565937757492065,5.899004459381104,0.5013812076997166,0.4129256308078766,0.6393128987356881,2.5262198,6.011875,0.53084075,0.41506192,0.60201794,IDP-ESM2-8M,42,310,0.03971791267394975,0.11287069320678622,0.029459546809255555,0.0021362900733947754,0.037294959644959325
Q6YH51,7.263287544250488,17.136486053466797,0.5974358744346551,0.469103991985321,0.651408711306082,5.182832,12.484947,0.6182173,0.4839727,0.59578097,IDP-ESM2-8M,42,310,2.080455780029297,4.651538848876953,0.020781415013129356,0.014868706464767512,0.05562774264000536
Q6YH62,2.482777833938598,5.755821704864502,0.491183252573225,0.3939310312271118,0.6391087067785045,2.5308547,5.9298067,0.53197926,0.42048973,0.58468544,IDP-ESM2-8M,42,310,0.04807686805725142,0.17398500442504883,0.04079601025560192,0.02655869722366333,0.054423261946656365
Q70EH9,2.3409695625305176,5.396367073059082,0.5204493081626056,0.3969189524650574,0.5992570160076324,2.422125,5.6948223,0.51808894,0.40769726,0.6098253,IDP-ESM2-8M,42,310,0.08115553855895996,0.29845523834228516,0.0023603713568804974,0.010778307914733887,0.010568297083645706
Q70EI1,2.30078649520874,5.456545829772949,0.5276957597749586,0.4107412695884704,0.5735005230723575,2.4916956,5.8506746,0.5173471,0.40588126,0.60599965,IDP-ESM2-8M,42,310,0.1909091472625737,0.39412879943847656,0.010348662378108053,0.004860013723373358,0.032499125498656856
Q70EI2,2.338541507720948,5.725013256072998,0.5332055807108333,0.4099194407463074,0.5720486183466799,2.5141988,5.8989787,0.5154462,0.40567195,0.6131127,IDP-ESM2-8M,42,310,0.1756572723388663,0.1739654541015625,0.01775939464515952,0.004247486591339111,0.041064069717895335
Q70EI3,2.6700801849365234,6.575609683990479,0.5397824440167894,0.4114303290843963,0.5643038482219068,2.8072364,6.57257,0.52154094,0.4088215,0.61136657,IDP-ESM2-8M,42,310,0.13715624809265137,0.00303983688354581,0.018241504208897585,0.0026088356971740168,0.047062721773973304
Q70EI6,2.784644842147827,6.563518047332764,0.5545753816141471,0.4258294701576233,0.5510457428656682,2.7564511,6.489209,0.5332768,0.4200677,0.5946857,IDP-ESM2-8M,42,310,0.02819371223449707,0.07430887222290039,0.021298585273204718,0.005761772394180298,0.04363993084801587
Q70EI7,2.3130571842193604,5.402797698974609,0.5199126449410808,0.3983619809150696,0.593495685066011,2.4206579,5.762523,0.52506125,0.40757525,0.5916586,IDP-ESM2-8M,42,310,0.10760068893432617,0.3597254753112793,0.005148604791890388,0.009213268756866455,0.0018370928418899313
Q70EJ0,3.074826002120972,7.293477058410644,0.53547865441242,0.4135814607143402,0.6056441956263341,3.0913467,7.289851,0.54307055,0.42773536,0.58562285,IDP-ESM2-8M,42,310,0.016520738601684126,0.0036258697509756743,0.007591900320856326,0.014153897762298584,0.02002134854610338
Q70GQ7,1.8981752395629885,4.530753135681152,0.5189096201708012,0.4101203083992004,0.5944002292629857,1.9398795,4.59777,0.52131295,0.41384706,0.5924956,IDP-ESM2-8M,42,310,0.04170429706573464,0.0670170783996582,0.002403331870824754,0.0037267506122589666,0.0019046090122838422
Q70VJ7,2.306292772293091,5.451937675476074,0.5056498070186614,0.3814608752727508,0.6348620772574982,2.2006197,5.1529207,0.522249,0.4163817,0.6116292,IDP-ESM2-8M,42,310,0.10567307472229004,0.29901695251464844,0.016599176364517354,0.03492081165313726,0.023232889196737716
Q70VK5,2.366846799850464,5.545907974243164,0.5171069193380435,0.3990431129932403,0.6258734150219355,2.2159255,5.147703,0.50810677,0.40984818,0.63134164,IDP-ESM2-8M,42,310,0.15092134475708008,0.3982048034667969,0.009000151206787432,0.010805070400238093,0.005468221158942188
Q70VN3,2.483742475509644,6.086499214172363,0.5258147445477701,0.3891274631023407,0.6032398825673909,2.3077333,5.383945,0.5216346,0.4167835,0.6145279,IDP-ESM2-8M,42,310,0.17600917816162154,0.7025542259216309,0.004180165842936123,0.02765604853630066,0.011287998578086378
Q70VN5,2.5203092098236084,6.071933746337891,0.5416418736842473,0.4239595532417297,0.5815374506023225,2.2566874,5.2243967,0.49932432,0.400444,0.6371397,IDP-ESM2-8M,42,310,0.26362180709838867,0.8475370407104492,0.04231755193742115,0.02351555228233332,0.05560222739908127
Q70VQ5,2.4766411781311035,5.929468154907227,0.5283036814578764,0.4285694062709808,0.59771005919725,2.2857578,5.335791,0.52187324,0.41697466,0.60748047,IDP-ESM2-8M,42,310,0.19088339805603027,0.5936770439147949,0.00643044575536178,0.011594742536544744,0.009770407168564255
Q70VR9,2.111721992492676,4.980467319488525,0.5110433153732103,0.4041039645671844,0.6057990864602403,2.2259793,5.215806,0.52115357,0.41416392,0.60416466,IDP-ESM2-8M,42,310,0.1142573356628418,0.23533868789672852,0.010110253848286233,0.010059952735900934,0.0016344264832810484
Q70VT5,2.3326361179351807,5.356659412384033,0.4783514631330787,0.384378433227539,0.6700592886318298,2.2880592,5.3295827,0.51721567,0.4138003,0.6150603,IDP-ESM2-8M,42,310,0.04457688331604004,0.02707672119140625,0.03886420602204216,0.02942186594009405,0.05499895919457398
Q70VT7,2.3154544830322266,5.422728061676025,0.5157595999360958,0.4021152555942535,0.6148741790904635,2.1620936,5.0464735,0.5182415,0.41459286,0.61855805,IDP-ESM2-8M,42,310,0.15336084365844727,0.3762545585632324,0.002481924760254328,0.012477606534957941,0.0036838701115018413
Q716F8,1.890788555145264,4.713382720947266,0.5790202348913798,0.4435887634754181,0.523359491891047,1.8199956,4.4391623,0.5755468,0.45984843,0.5475257,IDP-ESM2-8M,42,310,0.07079291343688987,0.27422046661376953,0.003473433801139292,0.01625967025756836,0.024166212015965916
Q719M9,2.221550703048706,5.12326717376709,0.4396204117703249,0.39960777759552,0.8051244309350288,2.8427496,6.6399107,0.5516201,0.46073782,0.64674693,IDP-ESM2-8M,42,310,0.6211988925933838,1.5166435241699219,0.11199971400024394,0.06113004684448242,0.15837749747479324
Q71BY2,2.8670685291290283,6.956532001495361,0.555512599017717,0.4328218102455139,0.5585654856607561,3.0367293,7.1586714,0.5401221,0.4190007,0.5831634,IDP-ESM2-8M,42,310,0.1696608066558838,0.20213937759399414,0.015390507247544871,0.013821125030517578,0.024597894962107625
Q73233,1.5464661121368408,3.601569175720215,0.565109635826593,0.4628099203109741,0.5624074584200736,1.490483,3.6215167,0.55636734,0.44823796,0.55553496,IDP-ESM2-8M,42,310,0.05598306655883789,0.019947528839111328,0.008742298122888181,0.014571964740753174,0.006872499580657054
Q75QS2,2.718085289001465,6.584777355194092,0.5592991544079078,0.437384158372879,0.5738581193384125,2.6159222,6.174918,0.53361124,0.42256233,0.60801595,IDP-ESM2-8M,42,310,0.10216307640075684,0.40985918045043945,0.025687916405130684,0.014821827411651556,0.034157835156063854
Q75QS3,2.559312343597412,6.161259651184082,0.5550775822274954,0.4252170324325561,0.5688816286961949,2.581821,6.1426864,0.54819566,0.42997658,0.58078045,IDP-ESM2-8M,42,310,0.022508621215820312,0.018573284149169922,0.00688192211320704,0.004759550094604548,0.011898817833193576
Q75QT5,2.474217176437378,5.729228019714356,0.5329766826311452,0.4248742163181305,0.6057171988523832,2.3610287,5.646212,0.5458373,0.42859682,0.57187355,IDP-ESM2-8M,42,310,0.11318850517272949,0.08301591873169034,0.012860600503315278,0.0037226080894470215,0.033843653205715696
Q75QT6,2.678507804870605,6.485173225402832,0.5459777372980164,0.4228428602218628,0.593645928606895,2.6925697,6.3968186,0.54378146,0.42538157,0.58564174,IDP-ESM2-8M,42,310,0.0140619277954106,0.08835458755493164,0.002196277966503901,0.002538710832595825,0.008004186854270512
Q75R01,2.197074174880981,5.230693340301514,0.5430584379413683,0.4264280200004577,0.5738001380254273,2.1923637,5.1577487,0.52518076,0.4165517,0.60706955,IDP-ESM2-8M,42,310,0.004710435867309126,0.07294464111328125,0.017877680895622472,0.009876310825347845,0.03326941391930538
Q75ZR8,2.514803171157837,5.945297718048096,0.5288734325396239,0.4185945391654968,0.586945932470916,2.5768325,6.0935764,0.52528703,0.40796664,0.59084094,IDP-ESM2-8M,42,310,0.062029361724853516,0.14827871322631836,0.003586400412243562,0.010627895593643188,0.0038950032361763087
Q75ZS3,2.528671979904175,5.822525501251221,0.5249158325399661,0.4008948802947998,0.5952384100376977,2.5144975,5.9667773,0.52584875,0.40835357,0.58081776,IDP-ESM2-8M,42,310,0.014174461364746094,0.14425182342529297,0.0009329137597775539,0.007458686828613281,0.014420651000679907
Q75ZS7,2.5185089111328125,5.851362228393555,0.5241372436923099,0.4023982286453247,0.5978752907235775,2.4886975,5.8814445,0.5209516,0.40614608,0.59909356,IDP-ESM2-8M,42,310,0.029811382293701172,0.030082225799560547,0.0031856150073122924,0.0037478506565093994,0.0012182656805362901
Q76745,1.6862435340881348,4.146582126617432,0.5889717046674642,0.4828281700611114,0.5341129026891426,1.7640059,4.304532,0.5818514,0.46317092,0.534805,IDP-ESM2-8M,42,310,0.07776236534118652,0.15794992446899414,0.007120281880751533,0.01965725421905512,0.0006920971391960462
Q77369,1.909146070480347,4.532270431518555,0.516399481288511,0.400697112083435,0.5966060322391364,1.9933287,4.6216083,0.50380635,0.41212517,0.634396,IDP-ESM2-8M,42,310,0.08418262004852273,0.08933782577514648,0.012593128673154541,0.011428058147430475,0.03778998435861136
Q778N1,2.548545837402344,6.078155517578125,0.5235439514410309,0.4114598929882049,0.6061387579761504,2.447596,5.7835293,0.5277712,0.41548547,0.6016751,IDP-ESM2-8M,42,310,0.10094976425170943,0.29462623596191406,0.004227223466653385,0.0040255784988403875,0.004463664802169642
Q77F13,3.301082134246826,8.288076400756836,0.6479234754077412,0.4938320219516754,0.520401017338893,3.0729022,7.8755636,0.678847,0.5325614,0.46593922,IDP-ESM2-8M,42,310,0.228179931640625,0.41251277923583984,0.030923539496281016,0.03872939944267273,0.054461793572566086
Q77IW3,3.6197218894958496,8.80662727355957,0.6249976432087548,0.4838098287582397,0.5086501526373314,3.5568652,8.861375,0.63040257,0.48625633,0.47742105,IDP-ESM2-8M,42,310,0.06285667419433594,0.054747581481933594,0.005404921793686568,0.0024465024471283514,0.03122910733398665
Q77MY7,3.0799267292022705,7.367725849151611,0.5421785704215706,0.4206465780735016,0.5826723972741995,3.0527022,7.1883345,0.54333484,0.42693868,0.5904737,IDP-ESM2-8M,42,310,0.02722454071044922,0.17939138412475586,0.0011562713066398667,0.006292104721069336,0.0078013142164315985
Q78226,1.6867589950561523,3.902502059936523,0.5086398648321783,0.3918678164482116,0.6130573104003241,1.7563429,4.0483427,0.49736232,0.4093361,0.6347632,IDP-ESM2-8M,42,310,0.06958389282226562,0.14584064483642623,0.01127754917742363,0.01746827363967901,0.021705870809240135
Q78501,1.4808255434036257,3.5534937381744385,0.5663827788351196,0.461040049791336,0.535338371967033,1.4619759,3.642528,0.5830028,0.46166444,0.49996576,IDP-ESM2-8M,42,310,0.018849611282348855,0.0890343189239502,0.016620026874719307,0.00062438845634466,0.035372614835456506
Q78643,2.147893190383911,5.223362922668457,0.5390433643849116,0.4208886623382568,0.583994507750363,2.0550566,4.8020363,0.5128905,0.4121334,0.6242317,IDP-ESM2-8M,42,310,0.09283661842346191,0.4213266372680664,0.026152846673272223,0.008755266666412298,0.040237188378482225
Q78646,2.1870813369750977,5.421651840209961,0.5502856857565891,0.4145195484161377,0.568389733323931,2.0719616,4.8800097,0.5259081,0.42034057,0.6079419,IDP-ESM2-8M,42,310,0.11511969566345215,0.5416421890258789,0.024377573230649152,0.005821019411087036,0.03955219220173434
Q78648,2.0783257484436035,5.048666954040527,0.5249393535854522,0.4123967289924621,0.5902616314687303,2.1413012,5.010405,0.52121997,0.41813564,0.6121713,IDP-ESM2-8M,42,310,0.06297540664672852,0.03826189041137695,0.003719384789675817,0.005738914012908991,0.021909660836262335
Q78649,2.150982618331909,5.008342742919922,0.5227294688915959,0.4201452732086181,0.6101529120274809,2.1106157,4.9272265,0.5154537,0.4151277,0.6223277,IDP-ESM2-8M,42,310,0.04036688804626465,0.0811161994934082,0.007275772640680356,0.005017578601837103,0.012174773328659239
Q78652,2.125462532043457,4.939906120300293,0.5141629696105596,0.3905706405639648,0.615079177319877,2.1905077,5.1601267,0.52935386,0.42308763,0.60548925,IDP-ESM2-8M,42,310,0.06504511833190918,0.22022056579589844,0.015190887429845645,0.032516986131668146,0.009589923322074312
Q78653,2.1836626529693604,5.0986857414245605,0.525769427297488,0.4297862350940704,0.6127840323383702,2.105562,4.912103,0.51490825,0.41476738,0.6230771,IDP-ESM2-8M,42,310,0.07810068130493164,0.1865825653076172,0.010861173150912062,0.01501885056495661,0.010293062216530924
Q79401,2.5769708156585693,5.979436874389648,0.5098609530817261,0.4153710901737213,0.6422057059664942,2.6017902,5.9683943,0.49188465,0.39883322,0.6709422,IDP-ESM2-8M,42,310,0.024819374084472656,0.011042594909667969,0.017976304281829836,0.016537874937057495,0.02873648134277096
Q7LZ01,1.5071834325790403,3.580984592437744,0.5450486484398942,0.4624802470207214,0.5655658775632415,1.4932842,3.5803304,0.54423857,0.44026408,0.56058866,IDP-ESM2-8M,42,310,0.013899207115173118,0.0006542205810546875,0.0008100810875992792,0.022216171026229803,0.004977219707253955
Q7LZT9,1.6028155088424685,4.032206058502197,0.6336550376524721,0.5071741342544556,0.4858678878272744,1.548111,3.8492544,0.58866143,0.4841047,0.5267255,IDP-ESM2-8M,42,310,0.054704546928405984,0.1829516887664795,0.04499360538623676,0.023069441318511963,0.04085758319247046
Q7SPR3,1.933842182159424,4.475385665893555,0.5184372314794939,0.4123210906982422,0.6064772921412007,1.9373803,4.5646315,0.5213393,0.4161408,0.59803206,IDP-ESM2-8M,42,310,0.0035381317138669655,0.08924579620361328,0.0029020658151227563,0.003819704055786133,0.008445234855891881
Q7SPR5,2.017610549926758,4.830348968505859,0.5378311855730569,0.4095549285411834,0.5724319094180902,2.0824795,4.9033422,0.5220276,0.41438895,0.5973148,IDP-ESM2-8M,42,310,0.06486892700195312,0.07299327850341797,0.01580357384057396,0.004834026098251398,0.024882865571991597
Q7SPR7,1.900384783744812,4.429835796356201,0.5252584129818885,0.4011749625205993,0.5912248869031784,1.9183899,4.5269494,0.52436304,0.41715598,0.59182686,IDP-ESM2-8M,42,310,0.0180051326751709,0.09711360931396484,0.0008953720578162017,0.015981018543243464,0.0006019692331435955
Q7SPR8,2.106167793273926,4.764862060546875,0.5397041032243759,0.4437752068042755,0.5943438102841636,1.9679606,4.6161723,0.5299057,0.42592594,0.6003108,IDP-ESM2-8M,42,310,0.13820719718933105,0.14868974685668945,0.009798426382640057,0.017849266529083252,0.005966992175553187
Q7SPR9,1.9593466520309448,4.580612659454346,0.540130993075549,0.4175087809562683,0.576088833907112,1.998965,4.7028666,0.5251098,0.41828123,0.5943629,IDP-ESM2-8M,42,310,0.03961837291717529,0.1222538948059082,0.01502116555708588,0.0007724463939666748,0.01827408065511338
Q7SPS1,1.976803421974182,4.585023403167725,0.5013343821981806,0.3967857360839844,0.6346451652220686,2.0281262,4.793144,0.52634925,0.41768965,0.58726877,IDP-ESM2-8M,42,310,0.05132281780242942,0.20812082290649414,0.025014864303742,0.02090391516685486,0.04737639548101025
Q7SPW1,2.4899041652679443,5.869239330291748,0.5810872421377301,0.4734791815280914,0.5629048080376419,2.245393,5.3414364,0.5396174,0.44656476,0.63456005,IDP-ESM2-8M,42,310,0.24451112747192383,0.5278029441833496,0.04146982289487122,0.026914417743682806,0.07165524054252781
Q7T5C0,3.8372843265533447,9.258732795715332,0.5799164378255721,0.4654600620269775,0.5348509087960129,3.487482,8.034821,0.50040466,0.4100286,0.68950695,IDP-ESM2-8M,42,310,0.34980225563049316,1.223912239074707,0.07951178189219199,0.05543145537376398,0.15465603919821924
Q7T5F8,3.1076180934906006,7.855236053466797,0.6365807130850056,0.4950244128704071,0.5128686940657727,2.9598107,7.698391,0.70204854,0.53640455,0.3585168,IDP-ESM2-8M,42,310,0.14780735969543457,0.1568450927734375,0.06546782703035081,0.0413801372051239,0.1543518817412488
Q7T5M5,2.6357483863830566,6.004586219787598,0.4278678648531742,0.3579449355602264,0.746792157030451,3.0891495,7.2401175,0.5202558,0.40256065,0.60035574,IDP-ESM2-8M,42,310,0.4534010887145996,1.2355313301086426,0.09238793920871546,0.04461571574211126,0.14643641266857355
Q7T9U3,2.5170865058898926,6.231752872467041,0.6506086268228235,0.5297015905380249,0.5001690106705422,2.456413,6.2795005,0.6554998,0.5110469,0.4436097,IDP-ESM2-8M,42,310,0.06067347526550293,0.04774761199951172,0.004891189118033434,0.018654704093933105,0.05655929616248556
Q7TB66,2.388280868530273,5.786229133605957,0.5583621769344246,0.4302465319633484,0.5584652163464453,2.4149985,5.7282386,0.54283035,0.42861703,0.58115804,IDP-ESM2-8M,42,310,0.02671766281127974,0.05799055099487305,0.015531828919593038,0.0016295015811920166,0.022692825607595224
Q7TDE5,1.7327096462249756,4.204363822937012,0.5795948158583132,0.4765125215053558,0.5638790157688817,1.8077096,4.40754,0.56774116,0.45633838,0.567383,IDP-ESM2-8M,42,310,0.07499992847442627,0.20317602157592773,0.011853660233923535,0.020174145698547308,0.003503975545052662
Q7TDG1,2.490117311477661,5.805055141448975,0.5386403469483882,0.4287756085395813,0.5805635605910878,2.523902,5.929033,0.5161875,0.40485123,0.6140858,IDP-ESM2-8M,42,310,0.03378462791442871,0.1239776611328125,0.022452857915642888,0.02392438054084778,0.0335222329040904
Q7TDL0,1.8884413242340088,4.7142181396484375,0.5979073791505418,0.464028000831604,0.5161268442607513,2.0519512,5.089374,0.59237236,0.46479863,0.5090364,IDP-ESM2-8M,42,310,0.16350984573364258,0.3751559257507324,0.005535021305235421,0.0007706284523010254,0.007090422484933412
Q7TDN1,1.627246975898743,3.610844135284424,0.5066982889403502,0.4331098198890686,0.6066444493794406,1.6727493,3.9014895,0.49035886,0.39564085,0.658017,IDP-ESM2-8M,42,310,0.04550230503082253,0.2906453609466553,0.01633942963973678,0.03746896982192993,0.051372530314925835
Q7TFN9,4.809350490570068,11.326508522033691,0.5502404637713013,0.431827574968338,0.5886450924694411,4.7936325,11.21171,0.54322696,0.4268262,0.6045886,IDP-ESM2-8M,42,310,0.01571798324584961,0.11479854583740234,0.007013506450134321,0.005001366138458252,0.015943535345805504
Q7TG50,1.6741212606430054,3.925894737243652,0.5112703201005089,0.408839613199234,0.5942082604489444,1.6990525,4.084334,0.5371587,0.4245401,0.56551105,IDP-ESM2-8M,42,310,0.02493119239807129,0.158439159393311,0.025888407545365144,0.015700489282608032,0.02869721260882596
Q7THH5,1.4805859327316284,3.5995447635650635,0.5748434435146096,0.4640343487262726,0.5338098601886665,1.4861813,3.573343,0.55201274,0.44472316,0.56116897,IDP-ESM2-8M,42,310,0.0055953264236450195,0.026201725006103516,0.02283070194890524,0.019311189651489258,0.027359108488854256
Q7THI5,1.4908099174499512,3.680530786514282,0.5856059832048719,0.4660952091217041,0.5222624204087364,1.5010282,3.6093981,0.5457615,0.4385793,0.56932807,IDP-ESM2-8M,42,310,0.010218262672424316,0.07113265991210893,0.039844457573920966,0.027515918016433716,0.047065649278153265
Q7ZGU1,1.459875226020813,3.512011766433716,0.5620519442547338,0.4572725594043731,0.5331019357861957,1.3817751,3.3013906,0.53572047,0.42846596,0.56982386,IDP-ESM2-8M,42,310,0.07810008525848389,0.21062111854553223,0.026331476687289967,0.02880659699439997,0.03672192533593566
Q7ZGU2,1.5534588098526,3.704934597015381,0.5591998202932726,0.4461364448070526,0.5530105529773196,1.5770127,3.957923,0.59906054,0.47271147,0.4940487,IDP-ESM2-8M,42,310,0.023553848266601562,0.252988338470459,0.03986071513763556,0.026575028896331787,0.058961838339563255
Q7ZPK4,2.3864073753356934,5.5650811195373535,0.5156515856253662,0.4046715497970581,0.6200709244936515,2.2215688,5.179861,0.51553077,0.41115564,0.6159281,IDP-ESM2-8M,42,310,0.16483855247497559,0.3852200508117676,0.00012082056875606373,0.006484091281890869,0.00414281103311076
Q80553,1.7017829418182373,4.29582405090332,0.5963093890216741,0.479846179485321,0.5189677773325435,1.775321,4.3259954,0.5810207,0.46414834,0.5342866,IDP-ESM2-8M,42,310,0.07353806495666504,0.03017139434814453,0.015288676169196047,0.015697836875915472,0.015318840900183539
Q80889,3.40116810798645,8.152029991149902,0.6199681764885606,0.5033925771713257,0.5231723889099441,3.454147,8.125177,0.5156546,0.42140457,0.6918992,IDP-ESM2-8M,42,310,0.0529789924621582,0.02685260772705078,0.10431355298010725,0.08198800683021545,0.16872679150234837
Q80893,1.8569839000701904,3.396172523498535,0.2311215794355287,0.2926353514194488,1.2649263128911512,1.8634591,4.1200037,0.40229613,0.34809783,0.81461215,IDP-ESM2-8M,42,310,0.006475210189819336,0.7238311767578125,0.17117454645329577,0.055462479591369684,0.45031416269889046
Q80GM7,2.553338527679444,5.920792102813721,0.4806813072825801,0.3916524648666382,0.7017012661962947,2.6220653,5.9905276,0.4860855,0.39915434,0.69455016,IDP-ESM2-8M,42,310,0.06872677803039506,0.06973552703857422,0.0054041970108617,0.007501870393753052,0.007151109602971939
Q80LM0,3.363256454467773,8.619884490966797,0.6662086425777796,0.5348446369171143,0.4958077142552526,3.1272376,8.135311,0.71364033,0.5590587,0.3999079,IDP-ESM2-8M,42,310,0.23601889610290483,0.4845733642578125,0.0474316896442053,0.024214088916778564,0.0958998272732885
Q80RB4,2.7400684356689453,6.60451602935791,0.5395437613849422,0.4249629974365234,0.6005819375698327,2.46929,5.800044,0.5288917,0.4217453,0.61746246,IDP-ESM2-8M,42,310,0.2707784175872803,0.8044719696044922,0.010652078760125305,0.003217697143554632,0.016880518656516186
Q81837,2.7749319076538086,6.627445220947266,0.5359063714570144,0.4194350838661194,0.5647146628444655,2.8077264,6.570834,0.51649934,0.4032092,0.6106188,IDP-ESM2-8M,42,310,0.03279447555541992,0.056611061096191406,0.019407030922804158,0.016225874423980713,0.045904166882707376
Q81839,2.498880624771118,5.656501293182373,0.5178213248951719,0.4031377136707306,0.6076870836625148,2.3551974,5.591672,0.52286285,0.4073481,0.5947626,IDP-ESM2-8M,42,310,0.14368319511413574,0.06482934951782227,0.005041526724548606,0.004210382699966431,0.01292446035242567
Q81846,2.708412408828736,6.190937519073486,0.5220178697631761,0.4181114435195923,0.6027986621445156,2.6868064,6.331412,0.52047217,0.40598896,0.60632116,IDP-ESM2-8M,42,310,0.02160596847534224,0.1404743194580078,0.0015457008407517847,0.012122482061386108,0.0035224938804172545
Q81859,1.93219804763794,4.442722320556641,0.5283917397353077,0.4156481921672821,0.5698670754670302,1.8369917,4.412793,0.5409622,0.42648038,0.55631375,IDP-ESM2-8M,42,310,0.09520637989044234,0.029929161071777344,0.01257047950297352,0.01083219051361084,0.013553322338978435
Q82401,1.896571040153504,4.5851640701293945,0.5571746359933037,0.4291745722293854,0.5613598141023878,1.8522699,4.404079,0.5449506,0.44048667,0.57946944,IDP-ESM2-8M,42,310,0.04430115222930975,0.18108510971069336,0.012224031554522008,0.011312097311019897,0.018109628265165933
Q82615,2.1708734035491943,5.134160041809082,0.5490502374716704,0.4313355386257171,0.5721800748490306,2.3545399,5.6268096,0.55012155,0.43560982,0.57944643,IDP-ESM2-8M,42,310,0.18366646766662598,0.49264955520629883,0.0010713083199556106,0.004274278879165705,0.007266360125639859
Q83112,2.41190505027771,5.164118766784668,0.3579090330668357,0.3439160287380218,0.9729690842107984,2.8862984,6.5478315,0.4673812,0.38598806,0.71996605,IDP-ESM2-8M,42,310,0.474393367767334,1.3837127685546875,0.10947217606821985,0.04207202792167669,0.2530030302480909
Q83190,1.8836880922317505,4.400813579559326,0.5260448386484439,0.4264549911022186,0.5959532905051558,1.8371792,4.280558,0.50930893,0.41172898,0.6285979,IDP-ESM2-8M,42,310,0.04650890827178955,0.1202554702758789,0.01673590443671291,0.014726012945175115,0.03264462466742113
Q83502,2.2941713333129883,5.310041427612305,0.5037432051124425,0.3745355904102325,0.6215559272118281,2.4298599,5.755438,0.53612554,0.41793168,0.5843922,IDP-ESM2-8M,42,310,0.13568854331970215,0.44539642333984375,0.032382335620894875,0.04339608550071722,0.03716373723227484
Q83508,2.377563238143921,5.536876201629639,0.5321698180352915,0.4230669438838959,0.5828507670533861,2.4048347,5.6837225,0.5297309,0.4129817,0.58998114,IDP-ESM2-8M,42,310,0.027271509170532227,0.14684629440307617,0.002438902012037114,0.010085254907608032,0.007130371652821155
Q84108,1.4589022397994995,3.4060921669006348,0.5352848589056226,0.4366827309131622,0.571752774219122,1.495281,3.5952888,0.5327199,0.43098322,0.5900543,IDP-ESM2-8M,42,310,0.03637874126434326,0.18919658660888672,0.0025649487608166988,0.005699515342712347,0.018301499386224718
Q84187,3.3706753253936768,7.924954414367676,0.5487601205780593,0.4367975294589996,0.5847488703565769,3.4147322,8.073337,0.55180454,0.42963627,0.57181096,IDP-ESM2-8M,42,310,0.04405689239501953,0.14838218688964844,0.0030444219634445657,0.0071612596511840265,0.012937909586923535
Q84188,3.3498449325561523,8.206217765808105,0.5453710853424537,0.4217911660671234,0.5829563793047416,3.430017,8.040617,0.5336624,0.41867685,0.5978687,IDP-ESM2-8M,42,310,0.08017206192016602,0.16560077667236328,0.011708706554459325,0.0031143128871917725,0.014912301649237847
Q84265,1.7284702062606812,4.44248104095459,0.6613243684337272,0.5258669853210449,0.4773213668374543,1.6119609,4.3190007,0.6743588,0.5428892,0.43079677,IDP-ESM2-8M,42,310,0.1165093183517456,0.12348031997680664,0.013034416718708086,0.01702219247817993,0.04652459459586189
Q84494,2.552734136581421,6.3842878341674805,0.5917065308164913,0.4586173295974731,0.5530748178482502,2.3393943,5.744026,0.59779674,0.4788382,0.53717095,IDP-ESM2-8M,42,310,0.21333980560302734,0.6402616500854492,0.006090207331244324,0.020220875740051325,0.01590387125019721
Q84648,2.521754741668701,5.554079532623291,0.4927278858411089,0.4166622459888458,0.7081384738377339,2.5591192,5.999882,0.53768235,0.43636146,0.63768137,IDP-ESM2-8M,42,310,0.03736448287963867,0.4458026885986328,0.04495446860911695,0.01969921588897705,0.07045710882461131
Q85298,2.279718399047852,5.395394325256348,0.5325898131596705,0.4208833277225494,0.5718015694514089,2.239526,5.3009295,0.52376485,0.41021392,0.57726306,IDP-ESM2-8M,42,310,0.04019236564636275,0.09446477890014648,0.008824964450564021,0.010669410228729193,0.005461487780494156
Q85305,3.579531192779541,8.211382865905762,0.5203653644409608,0.4118862152099609,0.6189179360148165,3.2485821,7.5951557,0.5394647,0.42370364,0.5965616,IDP-ESM2-8M,42,310,0.330949068069458,0.6162271499633789,0.019099347701983516,0.011817425489425715,0.022356325316116532
Q85470,2.2920143604278564,5.446559429168701,0.5327047768731603,0.4169777631759643,0.6087104146603998,2.399955,5.675698,0.5490778,0.4403252,0.5985945,IDP-ESM2-8M,42,310,0.107940673828125,0.22913837432861328,0.0163730319838038,0.02334743738174444,0.010115927946990344
Q85513,1.9576280117034912,4.725622653961182,0.5239052400086113,0.4113883078098297,0.5851947112310396,1.8629129,4.4223204,0.5332716,0.4228193,0.5768971,IDP-ESM2-8M,42,310,0.09471511840820312,0.3033022880554199,0.009366370728235651,0.011430978775024414,0.008297626518057433
Q85653,2.376068115234375,5.417388916015625,0.5016500349884363,0.3889819681644439,0.634856464474716,2.4341946,5.795272,0.5441664,0.4310802,0.5767635,IDP-ESM2-8M,42,310,0.05812644958496094,0.3778829574584961,0.042516351139035624,0.042098224163055475,0.05809295377067547
Q856E0,2.466195583343506,5.6900177001953125,0.5181813486849122,0.3989454507827759,0.614833289702578,2.537634,6.005683,0.5298963,0.41400272,0.5927203,IDP-ESM2-8M,42,310,0.07143831253051758,0.31566524505615234,0.011714970227593935,0.015057265758514404,0.022112959941072874
Q856H1,2.9787638187408447,6.904770374298096,0.5036225758459518,0.3979147672653198,0.6407523990866708,2.8435466,6.6405153,0.508458,0.39983687,0.63330346,IDP-ESM2-8M,42,310,0.13521718978881836,0.2642550468444824,0.004835442456965655,0.0019221007823944092,0.007448935627655917
Q857F1,1.9641215801239007,4.7520270347595215,0.5812534908514281,0.4474373757839203,0.540902322963004,2.081512,5.037502,0.5513699,0.44460768,0.57534575,IDP-ESM2-8M,42,310,0.1173903942108161,0.2854747772216797,0.02988358537962632,0.0028297007083892822,0.034443431660409085
Q858H2,2.2670469284057617,5.336639404296875,0.5392917442964523,0.4077807366847992,0.5698406982947399,2.2858524,5.393958,0.52925026,0.41763347,0.59355754,IDP-ESM2-8M,42,310,0.018805503845214844,0.057318687438964844,0.01004148012866668,0.009852737188339233,0.02371683830728033
Q858N3,1.927005290985108,4.566664218902588,0.5808561131799694,0.4685754776000976,0.5528038656646656,1.8547586,4.5383024,0.5742565,0.46165872,0.56349784,IDP-ESM2-8M,42,310,0.07224667072296209,0.028361797332763672,0.006599633439826613,0.006916761398315374,0.010693975693519264
Q859F3,2.6343207359313965,6.0198974609375,0.5073106917352911,0.4078228771686554,0.6368856517355966,2.6444418,6.2548423,0.53774273,0.42486143,0.6067214,IDP-ESM2-8M,42,310,0.01012110710144043,0.23494482040405273,0.030432042220092215,0.017038553953170776,0.030164250520997027
Q859H4,1.7760928869247437,3.896996259689331,0.5186384652849547,0.4274115860462188,0.5948459608399084,1.8591876,4.417102,0.5222732,0.4227376,0.6154751,IDP-ESM2-8M,42,310,0.08309471607208252,0.5201056003570557,0.0036347175840028,0.0046739876270293634,0.02062915732033943
Q859K4,2.129390478134156,5.0706868171691895,0.5328967809933792,0.4149425625801086,0.5855965737739375,2.0894306,5.0349097,0.53675437,0.42023975,0.5760162,IDP-ESM2-8M,42,310,0.03995990753173917,0.03577709197998047,0.003857588742338547,0.005297183990478571,0.009580386106090799
Q86596,1.894747495651245,4.689831733703613,0.6001272242126647,0.4821423292160034,0.5202157789259023,1.8831694,4.69267,0.57257247,0.45633543,0.53969526,IDP-ESM2-8M,42,310,0.011578083038329856,0.002838134765625,0.027554754501361023,0.025806903839111328,0.01947948398303323
Q86686,3.440208673477173,8.322357177734375,0.5664734565159629,0.4563029408454895,0.5718947265295324,3.5637312,8.436751,0.5571712,0.44064218,0.5776986,IDP-ESM2-8M,42,310,0.12352252006530762,0.1143941879272461,0.009302230968172398,0.015660762786865234,0.005803861841744418
Q86818,1.460961937904358,3.500816583633423,0.5522634133666189,0.4420870244503021,0.5593399411578714,1.6280937,4.0214114,0.5744668,0.4554142,0.5271126,IDP-ESM2-8M,42,310,0.16713178157806396,0.5205948352813721,0.022203411164936293,0.013327181339263916,0.03222733797031041
Q86965,2.3598008155822754,5.689849853515625,0.5848229669224884,0.4847496151924133,0.553603337412101,2.4420216,5.809863,0.56369287,0.44594055,0.5899342,IDP-ESM2-8M,42,310,0.08222079277038574,0.12001323699951172,0.02113009916659847,0.038809061050414984,0.036330832834023274
Q87071,1.9543282985687256,4.568828582763672,0.5569509246168368,0.4691648781299591,0.5634483041985254,2.0279207,4.932049,0.5652476,0.446045,0.5444211,IDP-ESM2-8M,42,310,0.0735924243927002,0.36322021484375,0.008296670693374364,0.023119866847991943,0.01902722742392826
Q87072,2.4248392581939697,5.7215256690979,0.5575377990991252,0.4460115730762481,0.525723379610173,2.4953518,5.86305,0.52783763,0.41428852,0.5815929,IDP-ESM2-8M,42,310,0.07051253318786621,0.1415243148803711,0.029700165012516266,0.03172305226325983,0.05586953783214876
Q87076,3.703100919723511,8.742889404296875,0.6341339350195351,0.5753036737442017,0.5545472586075183,4.36402,10.351679,0.60485005,0.5085602,0.66653675,IDP-ESM2-8M,42,310,0.6609189510345455,1.6087894439697266,0.029283881232303632,0.06674349308013916,0.11198948980175294
Q87171,1.7826610803604126,4.332564830780029,0.5479362015260358,0.4273037612438202,0.5481836900057231,1.8070045,4.263567,0.53196174,0.42514873,0.57751226,IDP-ESM2-8M,42,310,0.024343371391296387,0.06899785995483398,0.015974462462772898,0.0021550357341766357,0.029328574245985894
Q87172,1.91124165058136,4.591419219970703,0.5625241277805296,0.4588437676429748,0.5417650764829557,1.9716442,4.6948957,0.5439278,0.43147233,0.56575155,IDP-ESM2-8M,42,310,0.06040251255035378,0.10347652435302734,0.01859633904609359,0.027371436357498113,0.023986476098831422
Q87175,1.9088680744171145,4.502878189086914,0.5568800406190714,0.4520748853683471,0.5575944896014519,2.0563383,4.92637,0.5494467,0.43089196,0.5507181,IDP-ESM2-8M,42,310,0.14747023582458474,0.4234919548034668,0.007433338615592366,0.021182924509048406,0.006876360920268998
Q87177,1.887590289115905,4.649468421936035,0.5547439167462481,0.4282277822494507,0.5554367352405654,1.9683149,4.667204,0.5393795,0.43037906,0.57842225,IDP-ESM2-8M,42,310,0.08072459697723455,0.01773548126220703,0.015364439245332595,0.002151280641555786,0.022985513122929513
Q87184,1.9450256824493408,4.571385383605957,0.5478966697800436,0.4360198974609375,0.5703280496091094,2.0099318,4.7529883,0.54174465,0.43339723,0.57457423,IDP-ESM2-8M,42,310,0.06490612030029297,0.18160295486450195,0.006152020369795785,0.002622663974761963,0.0042461824923309965
Q87189,1.968051791191101,4.565345764160156,0.5176435335974485,0.4032074809074402,0.6203319012174806,2.062397,4.9229155,0.5499101,0.43325022,0.55622536,IDP-ESM2-8M,42,310,0.09434521198272705,0.35756969451904297,0.03226659451915914,0.03004273772239685,0.06410654177763075
Q87190,1.9034150838851929,4.558351039886475,0.5359669028216014,0.4121782183647156,0.5727507557050745,2.037922,4.862004,0.54612446,0.4297806,0.5596118,IDP-ESM2-8M,42,310,0.13450682163238525,0.3036527633666992,0.01015755549138686,0.017602384090423584,0.013138958372310827
Q87209,1.862782001495361,4.4295830726623535,0.5375627990445788,0.4277502298355102,0.5767103260927396,1.8547306,4.46546,0.55410373,0.43765685,0.5492261,IDP-ESM2-8M,42,310,0.008051395416259544,0.03587675094604492,0.016540933064491004,0.009906619787216242,0.02748422087957436
Q87272,1.771573185920715,4.140113353729248,0.5326915264429924,0.4273720681667328,0.5847705077946502,1.8562601,4.435067,0.549381,0.4340989,0.5546314,IDP-ESM2-8M,42,310,0.08468687534332298,0.2949538230895996,0.016689491241944077,0.0067268311977386475,0.030139095765383872
Q87273,1.939037799835205,4.618935108184815,0.5466744031043405,0.4304466545581817,0.5647701644829984,2.062241,4.937561,0.5511934,0.4320548,0.5514801,IDP-ESM2-8M,42,310,0.12320327758789062,0.31862592697143466,0.00451901301428137,0.0016081333160400946,0.013290050023006983
Q87596,1.533286452293396,3.61783504486084,0.5345110658450549,0.4314935207366943,0.5828321177032882,1.5273836,3.667671,0.5546551,0.44823363,0.56675947,IDP-ESM2-8M,42,310,0.005902886390686035,0.049835920333862305,0.020144009228187265,0.01674011349678045,0.01607265057834928
Q89267,1.7420724630355835,4.086272239685059,0.5560926285241087,0.4499751627445221,0.559322391018633,1.5991385,3.8735049,0.5540498,0.44696584,0.57171404,IDP-ESM2-8M,42,310,0.14293396472930908,0.2127673625946045,0.002042838618560583,0.003009319305419922,0.012391652598615521
Q8AEV4,2.233668565750122,5.239813804626465,0.5372849422933033,0.4231429994106293,0.5890506457655373,2.072063,4.8639846,0.520686,0.4170835,0.61002207,IDP-ESM2-8M,42,310,0.1616055965423584,0.37582921981811523,0.016598971510069616,0.006059497594833374,0.0209714222581443
Q8AEV6,2.1465060710906982,5.094841957092285,0.5314559730344499,0.4258464872837066,0.5870264308689069,2.0394065,4.7902403,0.52208257,0.41828346,0.6078879,IDP-ESM2-8M,42,310,0.10709953308105469,0.30460166931152344,0.009373405819484093,0.007563024759292547,0.020861492848591845
Q8AEV8,2.1814987659454346,4.826488494873047,0.5101294160331912,0.415207028388977,0.6281491703112636,2.1007764,4.9101963,0.51571643,0.41416746,0.61837614,IDP-ESM2-8M,42,310,0.08072233200073242,0.08370780944824219,0.005587017491894275,0.0010395646095275324,0.009773034485152765
Q8AM83,1.9343886375427248,4.660233497619629,0.5703303920126992,0.4620877802371979,0.5641559007525383,2.0359468,4.9379926,0.56900203,0.45775467,0.5515946,IDP-ESM2-8M,42,310,0.10155820846557595,0.2777590751647949,0.0013283597327309327,0.00433310866355896,0.012561285769933317
Q8ATK1,1.5496996641159058,3.707332134246826,0.5407623957385782,0.4253777265548706,0.5597329103797722,1.4303674,3.4328032,0.55339456,0.44673124,0.5595527,IDP-ESM2-8M,42,310,0.11933231353759766,0.27452898025512695,0.012632160306954021,0.02135351300239563,0.00018018124998098184
Q8B5D2,3.114976167678833,7.238278865814209,0.4673215978048058,0.374603807926178,0.771171879287734,2.7945626,6.3977823,0.48902902,0.40210554,0.708596,IDP-ESM2-8M,42,310,0.32041358947753906,0.8404965400695801,0.021707422266223853,0.027501732110977173,0.06257588815309045
Q8B5E1,3.1651766300201416,7.589272499084473,0.5198325087145177,0.3958207070827484,0.6458569455503155,2.8369718,6.6628666,0.5251282,0.41898623,0.62524307,IDP-ESM2-8M,42,310,0.328204870223999,0.9264059066772461,0.005295677034536261,0.023165524005889893,0.020613877808921433
Q8B6B2,3.904013156890869,9.261208534240724,0.5421892785501781,0.4431942701339721,0.5808373305979415,4.3028865,10.049995,0.53531194,0.41489458,0.59974486,IDP-ESM2-8M,42,310,0.39887332916259766,0.7887868881225568,0.006877341218024746,0.02829968929290766,0.018907525759632948
Q8BCG5,2.794872760772705,6.565496921539307,0.5209792822640622,0.393306016921997,0.6156210843121569,2.6896985,6.2695856,0.5172213,0.40998098,0.6159283,IDP-ESM2-8M,42,310,0.10517430305480957,0.2959113121032715,0.003758010272332468,0.01667496562004095,0.00030720796231820113
Q8BEN1,4.84898567199707,11.072235107421877,0.534068213624413,0.4120315909385681,0.6100232484299682,4.230932,9.953131,0.54272753,0.42018893,0.5785928,IDP-ESM2-8M,42,310,0.6180534362792969,1.1191043853759783,0.008659316378180959,0.008157342672348022,0.03143047117777098
Q8J4J0,1.93458104133606,4.5694193840026855,0.5485265184237392,0.4339759945869446,0.5808037639458111,1.8435581,4.4015603,0.55142456,0.44157934,0.5733027,IDP-ESM2-8M,42,310,0.09102296829223677,0.16785907745361328,0.002898044507321562,0.007603347301483154,0.007501077731364103
Q8JKR9,3.5010788440704346,8.286328315734863,0.5902761424730141,0.4594037532806396,0.5914931939172233,3.1194441,7.299888,0.5317496,0.44038844,0.7408612,IDP-ESM2-8M,42,310,0.3816347122192383,0.9864401817321777,0.05852653634050675,0.019015312194824163,0.14936798352723468
Q8JL45,3.369366407394409,8.059619903564453,0.6001068034617327,0.4680803716182709,0.551919752385175,3.1198468,7.6461883,0.61326426,0.48607543,0.51248544,IDP-ESM2-8M,42,310,0.24951958656311035,0.41343164443969727,0.013157459214506284,0.017995059490203857,0.03943430783942914
Q8JLL5,2.7201294898986816,6.272313117980957,0.5192149212728,0.403579443693161,0.608753096543756,2.737023,6.3727746,0.5107772,0.40264434,0.62044114,IDP-ESM2-8M,42,310,0.016893625259399414,0.10046148300170898,0.008437745846316846,0.0009351074695587158,0.01168804220059827
Q8JM67,3.150487899780273,7.981373310089111,0.6487314908180501,0.516574501991272,0.5063853073211126,3.0310025,7.873396,0.7048725,0.5428259,0.37828213,IDP-ESM2-8M,42,310,0.11948537826538042,0.10797739028930664,0.05614099815747475,0.026251375675201416,0.12810317755655576
Q8JQG9,2.8502228260040283,6.632250308990479,0.5204807332766028,0.4026755094528198,0.6422443544407744,3.232599,7.5678663,0.5320803,0.42177647,0.6175912,IDP-ESM2-8M,42,310,0.38237619400024414,0.9356160163879386,0.011599559425118366,0.019100964069366455,0.024653152181710714
Q8JQR2,2.828100204467773,6.647688388824463,0.525901319272927,0.3970339298248291,0.6217038264960181,3.087893,7.2254725,0.5309623,0.4194126,0.61797243,IDP-ESM2-8M,42,310,0.259792804718018,0.5777840614318848,0.005060969106742141,0.02237868309020996,0.0037313929289709558
Q8JQS3,2.8051764965057373,6.420955181121826,0.5043594328722965,0.3834341764450073,0.6631131747576222,3.1048195,7.272053,0.5380096,0.42492983,0.61016995,IDP-ESM2-8M,42,310,0.29964303970336914,0.851097583770752,0.03365015107774627,0.04149565100669861,0.05294322761025283
Q8JRY1,2.237876415252685,5.156761646270752,0.5791077265222572,0.4804548025131225,0.5626782142087493,2.142845,5.5611143,0.6496298,0.5054368,0.43200377,IDP-ESM2-8M,42,310,0.09503149986267045,0.40435266494750977,0.07052204518718497,0.024981975555419977,0.13067444791045524
Q8JXK6,1.609717607498169,3.893414974212648,0.5532133118553517,0.4351184964179992,0.5448650987062458,1.5869151,3.7805135,0.54224044,0.43532413,0.56964195,IDP-ESM2-8M,42,310,0.02280247211456299,0.11290144920349254,0.010972871009862217,0.00020563602447515317,0.02477684904003108
Q8JYS1,2.7924163341522217,6.880420684814453,0.6044912684424182,0.4753866493701935,0.5183874527888837,2.8667266,6.9051676,0.5763545,0.46317485,0.5624115,IDP-ESM2-8M,42,310,0.074310302734375,0.02474689483642578,0.028136764810826387,0.012211799621582031,0.044024034313624893
Q8LT64,2.229637861251831,5.414578914642334,0.5425681410507404,0.4362027049064636,0.5928049150464597,2.044879,4.93219,0.5424279,0.42533275,0.5711403,IDP-ESM2-8M,42,310,0.18475890159606934,0.482388973236084,0.00014024359743225467,0.01086995005607605,0.021664625739819088
Q8QLE8,3.0696325302124023,7.653069496154785,0.6429047792322337,0.4967659115791321,0.5084593019263909,3.0136857,7.7209063,0.6893913,0.5334432,0.40823704,IDP-ESM2-8M,42,310,0.05594682693481445,0.06783676147460938,0.04648653575113426,0.03667730093002319,0.10022226188351369
Q8QN60,2.4813127517700195,5.858016490936279,0.5364172738429442,0.4232704937458038,0.5919319075977278,2.5326934,5.9933615,0.53299665,0.42315933,0.5932602,IDP-ESM2-8M,42,310,0.05138063430786133,0.1353449821472168,0.0034206193324461953,0.000111162662506048,0.0013283210361527686
Q8QNS2,2.0243351459503174,5.368850231170654,0.6404035347595567,0.4869264960289001,0.4871492806458748,2.2005515,5.5466013,0.6386283,0.5067924,0.48859838,IDP-ESM2-8M,42,310,0.17621636390686035,0.1777510643005371,0.0017752307548875024,0.019865930080413874,0.0014490958666526499
Q8QNS5,2.0122530460357666,4.819905281066895,0.5267655432190959,0.4066877067089081,0.6024524131860647,1.947871,4.5847116,0.51742697,0.41466793,0.61427534,IDP-ESM2-8M,42,310,0.06438207626342773,0.23519372940063565,0.009338575598246246,0.00798022747039795,0.011822923079499281
Q8QPP9,2.004200935363769,5.049680709838867,0.596008156541598,0.469756931066513,0.5132344658180402,1.9531595,4.7478323,0.56222886,0.44835955,0.55252266,IDP-ESM2-8M,42,310,0.05104148387908891,0.3018484115600586,0.03377929807068125,0.021397382020950262,0.03928819348371759
Q8QPS6,2.0392065048217773,5.080159187316895,0.5980366815801025,0.4779594838619232,0.5186543376005972,2.0024722,4.91841,0.57583445,0.45814794,0.53557396,IDP-ESM2-8M,42,310,0.03673434257507324,0.16174936294555753,0.022202228474175967,0.019811540842056274,0.016919621749988734
Q8QPU8,1.992329835891724,4.841644763946533,0.553420779636074,0.4297118484973907,0.5681697546584008,2.0794172,5.0392046,0.5625591,0.4472639,0.55991876,IDP-ESM2-8M,42,310,0.08708739280700639,0.19755983352661133,0.009138348171543242,0.017552047967910822,0.008250993405043872
Q8QRI8,3.2885308265686035,7.884644985198975,0.5394460107965866,0.4168720245361328,0.5985504047754322,3.4116707,8.052229,0.5378353,0.42848718,0.60046685,IDP-ESM2-8M,42,310,0.12313985824584961,0.16758394241333008,0.0016107108278671234,0.011615157127380371,0.0019164426443065707
Q8QRK4,3.2491135597229004,7.4641432762146,0.5219276058805111,0.3972975015640259,0.6382716999313947,3.3871975,7.9898386,0.5457909,0.43166867,0.5850783,IDP-ESM2-8M,42,310,0.13808393478393555,0.5256953239440918,0.02386330484031407,0.03437116742134094,0.05319340088583191
Q8QUL3,1.7242542505264282,4.03079891204834,0.5426836428280866,0.4232289791107178,0.5680221160378448,1.8073254,4.3705025,0.549043,0.43308204,0.5527585,IDP-ESM2-8M,42,310,0.08307111263275146,0.3397035598754883,0.006359356916328718,0.009853065013885498,0.015263601156710771
Q8QUU2,2.879369735717773,7.175443172454834,0.6583002758665918,0.5438154339790344,0.5109921341830502,3.133004,7.750207,0.6372906,0.5132725,0.5546885,IDP-ESM2-8M,42,310,0.25363421440124556,0.5747637748718262,0.02100967890461669,0.03054291009902954,0.04369637909591095
Q8QUW5,2.473679304122925,6.102424144744873,0.5677498235805429,0.4263489544391632,0.5299952208418734,2.591173,6.1677265,0.5526809,0.42980352,0.56621444,IDP-ESM2-8M,42,310,0.1174936294555664,0.06530237197875977,0.01506891394690646,0.00345456600189209,0.036219221411239344
Q8QVQ9,2.74479603767395,6.466947078704834,0.5257972896848262,0.4130697250366211,0.5867434374446052,2.809533,6.557928,0.5109419,0.4022844,0.61446506,IDP-ESM2-8M,42,310,0.06473708152770996,0.09098100662231445,0.014855367020183863,0.010785311460494995,0.027721620405278813
Q8QYT4,1.4096920490264893,3.249927282333374,0.5066360158528246,0.3994123339653015,0.586539729877169,1.5877044,3.8072133,0.5370252,0.42869288,0.5697942,IDP-ESM2-8M,42,310,0.17801237106323242,0.5572860240936279,0.030389197388752565,0.029280543327331543,0.016745551868135755
Q8QYT7,1.4440841674804688,3.4709529876708984,0.5293222166202323,0.4241757988929748,0.5652379997879254,1.5146195,3.605315,0.5318721,0.4257058,0.5738235,IDP-ESM2-8M,42,310,0.07053530216217041,0.13436198234558105,0.0025498770572884855,0.0015299916267395575,0.008585511812568947
Q8UU17,2.313895463943481,5.481729507446289,0.5086688800916747,0.3953643143177032,0.6199199592607127,2.2947311,5.3666472,0.5262772,0.41825438,0.5942858,IDP-ESM2-8M,42,310,0.01916432380676225,0.1150822639465332,0.017608304394714502,0.02289006114006048,0.025634173108826763
Q8UZB3,3.613649606704712,8.246795654296875,0.5198546696189686,0.4080694615840912,0.6234334250481187,3.8964715,9.102318,0.52576315,0.40744585,0.59879434,IDP-ESM2-8M,42,310,0.2828218936920166,0.8555221557617188,0.005908484410877546,0.0006236135959625244,0.024639083960777408
Q8UZG8,3.217067241668701,6.078385829925537,0.2189930016478408,0.2740261256694793,1.6827581211154865,4.0625896,8.957601,0.40998197,0.34879965,0.884673,IDP-ESM2-8M,42,310,0.845522403717041,2.8792147636413574,0.19098896437083596,0.074773520231247,0.7980851217334675
Q8V337,3.886082649230957,9.328152656555176,0.5905300375409568,0.4777798354625702,0.5482420025099546,3.4643297,8.207421,0.55858797,0.43750864,0.58179426,IDP-ESM2-8M,42,310,0.4217529296875,1.1207313537597656,0.0319420691915,0.04027119278907776,0.03355225942241846
Q8V339,3.786497116088867,8.88757610321045,0.5762838707503203,0.4546506106853485,0.5654042858448295,3.6351676,8.687912,0.58491725,0.45378092,0.53801256,IDP-ESM2-8M,42,310,0.15132951736450195,0.19966411590576172,0.008633376545059357,0.0008696913719177246,0.027391721662547996
Q8V364,3.912223100662232,9.348082542419434,0.601570497912836,0.4770938456058502,0.545058177358706,3.6384797,8.778114,0.5941682,0.45870626,0.53066266,IDP-ESM2-8M,42,310,0.27374339103698775,0.5699682235717773,0.00740231172509187,0.018387585878372192,0.014395521528322686
Q8V367,3.944301128387451,9.254372596740724,0.5867672997210619,0.4566084146499634,0.5679896629866961,3.6388958,8.749152,0.5924749,0.45866728,0.52932984,IDP-ESM2-8M,42,310,0.3054053783416748,0.5052204132080096,0.0057075781132581715,0.002058863639831543,0.03865982661813527
Q8V371,3.9839489459991455,9.449542045593262,0.590055095290832,0.4735912084579468,0.5628522590679889,3.658127,8.80872,0.5921155,0.45859936,0.5316613,IDP-ESM2-8M,42,310,0.3258218765258789,0.6408224105834961,0.0020604261401372392,0.014991849660873413,0.031190987019038663
Q8V5H6,2.6994757652282715,6.327394008636475,0.547568237259962,0.4326514005661011,0.5912608532638286,2.591017,6.142772,0.55233616,0.43501043,0.57616645,IDP-ESM2-8M,42,310,0.1084587574005127,0.18462181091308594,0.004767919108293661,0.00235903263092041,0.015094402286503161
Q8V5I4,2.798769950866699,6.823889255523682,0.5623695667984523,0.4327329993247986,0.5658254455311369,2.6210175,6.182064,0.5344454,0.42188147,0.599412,IDP-ESM2-8M,42,310,0.17775249481201172,0.6418251991271973,0.0279241617920436,0.010851532220840454,0.03358657849001179
Q8V636,2.7227251529693604,6.398381233215332,0.523753379735439,0.4207936823368072,0.6194874455467733,2.7228098,6.2670836,0.47907773,0.396111,0.7169042,IDP-ESM2-8M,42,310,8.463859558105469e-05,0.13129758834838867,0.044675653132884685,0.024682670831680242,0.09741677741846722
Q8V650,1.7484822273254397,4.248335361480713,0.5512496915493762,0.4306551814079284,0.5614470414260874,1.5874207,3.8457937,0.5505625,0.4417651,0.56835866,IDP-ESM2-8M,42,310,0.16106152534484885,0.4025416374206543,0.0006871905957018809,0.011109918355941828,0.006911618318175328
Q8V652,1.7762876749038696,4.281712532043457,0.5649038797211395,0.446625143289566,0.5481063982489301,1.728754,4.1478224,0.5439016,0.43432415,0.5767539,IDP-ESM2-8M,42,310,0.047533631324768066,0.13389015197753906,0.021002257425759896,0.012300997972488348,0.02864751610730154
Q8V654,1.7396667003631592,4.143488883972168,0.5568649742576249,0.4473403990268707,0.5491676013399845,1.6618167,4.0302796,0.55322134,0.44262114,0.5636922,IDP-ESM2-8M,42,310,0.07784998416900635,0.11320924758911133,0.0036436293098099926,0.004719257354736328,0.014524610764812818
Q8V660,1.778408765792847,4.3373122215271,0.5601584295108005,0.452660471200943,0.5559287503504652,1.7951007,4.277254,0.54113513,0.43494558,0.58887684,IDP-ESM2-8M,42,310,0.01669192314147927,0.0600581169128418,0.019023297198025868,0.017714887857437134,0.03294809310198843
Q8V6V1,2.014815092086792,4.692778587341309,0.5861234581713537,0.4829019904136657,0.5543333621804922,1.9677315,4.963567,0.56658113,0.4477601,0.5698292,IDP-ESM2-8M,42,310,0.04708361625671387,0.27078819274902344,0.0195423281435827,0.035141885280609075,0.015495863359668904
Q8W6W3,3.360015869140625,8.269926071166992,0.6151337437459882,0.4732465445995331,0.5439771930738794,3.2138968,7.907914,0.6171269,0.47852004,0.51817554,IDP-ESM2-8M,42,310,0.1461191177368164,0.3620119094848633,0.001993138330275257,0.005273491144180298,0.025801650719295632
Q8W6Y8,2.8260037899017334,6.718082904815674,0.5452845572731668,0.4335459768772125,0.5820682377682176,2.7499232,6.5201735,0.54327756,0.42348734,0.5827476,IDP-ESM2-8M,42,310,0.0760805606842041,0.19790935516357422,0.0020069956085855267,0.01005864143371582,0.0006793408526930556
Q90060,1.8543094396591189,4.4882588386535645,0.5912203805632968,0.4749405980110168,0.5235202376849433,1.8215828,4.3897977,0.57154274,0.45556372,0.5454181,IDP-ESM2-8M,42,310,0.03272664546966575,0.09846115112304688,0.01967764069513278,0.019376873970031683,0.02189784598281186
Q902W3,1.505954027175903,3.613804817199707,0.506508478484001,0.4056162238121032,0.6155378952564207,1.4799349,3.4087005,0.4880039,0.40357414,0.6564577,IDP-ESM2-8M,42,310,0.026019096374511497,0.20510435104370117,0.018504568896140938,0.002042084932327215,0.04091982693062157
Q90CH1,2.639803409576416,6.403824329376221,0.540096169849669,0.4201094806194305,0.5889187204854677,2.6012602,6.1102366,0.5281369,0.42294523,0.6116051,IDP-ESM2-8M,42,310,0.0385432243347168,0.29358768463134766,0.011959260841642894,0.00283575057983404,0.022686387298803568
Q90QE2,2.452218532562256,5.68131160736084,0.519639491260239,0.4046163856983185,0.6196873079163202,2.192639,5.107778,0.5147518,0.41186684,0.6183076,IDP-ESM2-8M,42,310,0.2595794200897217,0.5735335350036621,0.004887699306198479,0.007250458002090454,0.0013797174317010663
Q90QF6,2.4978458881378174,6.059094429016113,0.5492546754959446,0.439052939414978,0.5687765971121069,2.280082,5.31828,0.51639783,0.41237518,0.61298585,IDP-ESM2-8M,42,310,0.21776390075683594,0.740814208984375,0.03285684167178693,0.026677757501602173,0.044209252268386234
Q90SM4,1.7996176481246948,4.35275411605835,0.5733241195626391,0.4612533152103424,0.5425245357850312,1.7992423,4.248666,0.52994186,0.42974505,0.5967983,IDP-ESM2-8M,42,310,0.00037539005279541016,0.10408830642700195,0.043382262701524565,0.03150826692581177,0.05427376495807179
Q90VH2,2.6350884437561035,6.201977729797363,0.5156249101380957,0.3947184383869171,0.6222456652955403,2.7488112,6.3845344,0.51973647,0.41373423,0.6281453,IDP-ESM2-8M,42,310,0.1137228012084961,0.1825566291809082,0.004111558653865921,0.019015789031982422,0.005899612204612326
Q912E2,2.421146869659424,5.759311676025391,0.5373297331553548,0.4232628643512726,0.5668684767104724,2.4677148,5.881639,0.5311589,0.41212827,0.5825415,IDP-ESM2-8M,42,310,0.04656791687011719,0.12232732772827148,0.006170809052571613,0.011134594678878784,0.01567304865344976
Q912E3,2.804725408554077,6.491694450378418,0.529254006261235,0.4168480932712555,0.5849334247199536,2.805497,6.5539703,0.51646936,0.40327963,0.61177665,IDP-ESM2-8M,42,310,0.0007715225219726562,0.06227588653564453,0.012784646863346794,0.013568460941314697,0.026843225231981238
Q912E6,2.547224521636963,6.186237812042236,0.5480489151923416,0.4255909621715545,0.5594950758939933,2.5640793,6.048167,0.5197734,0.4052617,0.6022912,IDP-ESM2-8M,42,310,0.01685476303100586,0.13807058334350586,0.028275491520619145,0.020329266786575262,0.04279615049303065
Q914M9,1.5367087125778198,3.750143527984619,0.5766374271737147,0.4505093693733215,0.5419222513434133,1.518455,3.7507894,0.5711685,0.46555495,0.57085794,IDP-ESM2-8M,42,310,0.018253684043884277,0.0006458759307861328,0.005468944870095305,0.015045583248138483,0.02893569076092628
Q917U3,2.680417776107788,6.042800426483154,0.4721735432609095,0.375804454088211,0.7011521074138709,2.6551006,6.0298114,0.46420458,0.37637132,0.70242465,IDP-ESM2-8M,42,310,0.02531719207763672,0.012989044189453125,0.007968963669158391,0.000566869974136408,0.0012725380100182537
Q919P6,2.910983800888061,7.236898899078369,0.6591852611106481,0.5211746096611023,0.5054187492830189,2.7993844,7.3138084,0.70179784,0.5522481,0.4042452,IDP-ESM2-8M,42,310,0.11159944534301713,0.07690954208374023,0.04261258186878303,0.03107351064682007,0.10117355151003915
Q91BD7,3.101076126098633,7.538238525390625,0.6070898316503096,0.4878226518630981,0.5457115251413027,2.8462014,7.2553196,0.6552366,0.5059018,0.42744264,IDP-ESM2-8M,42,310,0.25487470626831055,0.28291893005371094,0.0481467701792192,0.01807916164398199,0.11826888507515587
Q91DT1,1.5396798849105835,3.769207715988159,0.597482770480503,0.4866533577442169,0.5029732208003087,1.5897844,3.847303,0.5589421,0.44982812,0.5450206,IDP-ESM2-8M,42,310,0.050104498863220215,0.0780951976776123,0.03854069093643564,0.03682523965835571,0.04204735949143934
Q91EW9,2.299491167068481,5.701616764068604,0.6388370788731453,0.5328084826469421,0.5095142170126956,2.0397835,5.29327,0.6553819,0.5121917,0.44240087,IDP-ESM2-8M,42,310,0.2597076892852779,0.40834665298462003,0.016544839080345874,0.020616769790649414,0.06711334430532867
Q91EY8,2.4662489891052246,5.855875015258789,0.4894365173775363,0.3834887742996216,0.6439533478618209,2.3334482,5.303546,0.4686447,0.37938964,0.71656877,IDP-ESM2-8M,42,310,0.13280081748962402,0.5523290634155273,0.020791808982532023,0.004099130630493164,0.07261542016262368
Q91FZ1,1.969024538993836,4.733137607574463,0.56402921598147,0.439716637134552,0.5493903811438388,1.8915905,4.5981703,0.5559385,0.4370897,0.5624138,IDP-ESM2-8M,42,310,0.07743406295776412,0.13496732711791992,0.008090733696924146,0.0026269257068634033,0.013023430539816028
Q91HB7,1.427343726158142,3.431262254714966,0.5591323602166676,0.4494577646255493,0.5362164616813301,1.4998188,3.599143,0.5490686,0.4423067,0.55920714,IDP-ESM2-8M,42,310,0.07247507572174072,0.16788077354431152,0.010063730474998867,0.00715106725692749,0.022990679718053464
Q91HB9,1.4982736110687256,3.6432580947875977,0.5909060630424884,0.4688487350940704,0.5187748270773694,1.4426949,3.4718957,0.5570284,0.45144424,0.5657308,IDP-ESM2-8M,42,310,0.05557870864868164,0.17136240005493164,0.03387765022357969,0.01740449666976923,0.046955983088035835
Q91HC5,1.4482494592666626,3.5546135902404785,0.5796518159598052,0.4559148550033569,0.5162500096344692,1.5166637,3.6241436,0.54501444,0.4396255,0.5636443,IDP-ESM2-8M,42,310,0.06841421127319336,0.06953001022338867,0.03463737494646901,0.01628935337066645,0.04739428033592874
Q91HC6,1.450789451599121,3.515621423721313,0.562380161376735,0.4586933851242065,0.5406947890635837,1.4961789,3.5755522,0.5464564,0.4421578,0.5660548,IDP-ESM2-8M,42,310,0.045389413833618164,0.05993080139160201,0.015923764796992534,0.016535580158233587,0.025360031950820594
Q91HD2,1.450556993484497,3.493206262588501,0.574626466039653,0.4699845910072326,0.523202361879812,1.435019,3.4825234,0.5455161,0.43536198,0.5468758,IDP-ESM2-8M,42,310,0.01553797721862793,0.010682821273803711,0.02911039233588708,0.03462260961532587,0.02367341298057013
Q91IB8,1.9263617992401123,4.695132255554199,0.5359288390897771,0.421881228685379,0.5664893056075573,1.8839682,4.4991503,0.53894496,0.42479172,0.56569934,IDP-ESM2-8M,42,310,0.04239356517791748,0.1959819793701172,0.003016120550725865,0.0029104948043823797,0.0007899666945934136
Q91IC2,1.9794471263885496,4.653407573699951,0.5219182055499836,0.3850213885307312,0.5795467300475488,2.0090113,4.7509823,0.52412194,0.4131877,0.58263206,IDP-ESM2-8M,42,310,0.029564142227173074,0.09757471084594727,0.002203734585972228,0.02816632390022278,0.003085334771787185
Q91IC3,1.8549907207489007,4.482663631439209,0.5357331484861603,0.4277023077011108,0.5633997544538089,1.8628954,4.431488,0.5332204,0.42240933,0.5737097,IDP-ESM2-8M,42,310,0.00790464878082342,0.051175594329833984,0.0025127381391754078,0.005292981863021795,0.01030997187980931
Q91J04,1.5486477613449097,3.6501715183258057,0.5552986882620721,0.4565981328487396,0.5558799303600613,1.3746884,3.2308314,0.5217128,0.43105334,0.5949666,IDP-ESM2-8M,42,310,0.1739593744277954,0.4193401336669922,0.033585908263292774,0.025544792413711548,0.03908666004444916
Q91J05,1.5107216835021973,3.5511865615844727,0.5424431559378566,0.4456840455532074,0.5614949430744315,1.4598811,3.4828038,0.5361792,0.43266064,0.57879233,IDP-ESM2-8M,42,310,0.05084061622619629,0.06838274002075195,0.006263971024221382,0.013023406267166138,0.01729739052847379
Q91J06,1.5234843492507937,3.619260787963867,0.5632267517983324,0.4655254483222961,0.5347843614073038,1.4268264,3.3641493,0.5277736,0.43168938,0.5899487,IDP-ESM2-8M,42,310,0.09665799140930198,0.2551114559173584,0.03545313310021225,0.03383606672286982,0.055164352372145675
Q91J12,1.5075979232788086,3.615457773208618,0.5535636971117539,0.4624858796596527,0.5427927495197775,1.3446182,3.213805,0.52758837,0.42825896,0.57813144,IDP-ESM2-8M,42,310,0.16297972202301025,0.40165281295776367,0.025975329649595702,0.0342269241809845,0.035338687781858225
Q91J15,1.514955759048462,3.605947971343994,0.5424818129949177,0.4363704323768616,0.563469419723581,1.393978,3.3062527,0.53484917,0.43631867,0.57827425,IDP-ESM2-8M,42,310,0.12097775936126709,0.2996952533721924,0.007632646124800524,5.176663398742676e-05,0.014804830306936578
Q91KJ0,2.56765079498291,5.752108573913574,0.493714456898268,0.4144620895385742,0.6698332026975488,2.70475,6.309162,0.50465304,0.40426314,0.63601357,IDP-ESM2-8M,42,310,0.1370992660522461,0.5570535659790039,0.010938579696122885,0.01019895076751709,0.033819635249886404
Q91N87,2.164740800857544,5.279501914978027,0.5618957653053946,0.4384524226188659,0.5528074812444517,2.0476825,4.9162817,0.5392419,0.4261241,0.57960594,IDP-ESM2-8M,42,310,0.11705827713012695,0.36322021484375,0.02265385532462072,0.012328326702117864,0.026798455759637685
Q91PE4,1.5256893634796145,3.638439893722534,0.5553345359054669,0.4327917397022247,0.5487490754661252,1.4692111,3.569744,0.5485164,0.4399527,0.56338096,IDP-ESM2-8M,42,310,0.05647826194763206,0.0686957836151123,0.006818143197642179,0.007160961627960261,0.014631881183655104
Q91PF9,1.7320042848587036,4.034717559814453,0.5350817807084023,0.4295055270195007,0.5747341833566618,1.7241433,4.1697297,0.5415508,0.4286104,0.56875753,IDP-ESM2-8M,42,310,0.007861018180847168,0.13501214981079102,0.006469034397035944,0.0008951127529143732,0.005976649329562211
Q91PG3,1.7559078931808472,4.307758331298828,0.5692315890720399,0.4448763728141784,0.5273567366931611,1.6526566,3.9709532,0.5394803,0.4296625,0.57163703,IDP-ESM2-8M,42,310,0.10325133800506592,0.3368051052093506,0.029751260512164368,0.015213876962661688,0.044280297723037654
Q91PI7,1.618232250213623,3.83168363571167,0.5315058984902705,0.4219319522380829,0.5647674224226871,1.6484699,4.001857,0.5437012,0.42969725,0.5628125,IDP-ESM2-8M,42,310,0.030237674713134766,0.17017316818237305,0.012195273384729477,0.007765293121337891,0.001954915270129698
Q91QS1,2.207204580307007,4.965100288391113,0.5199545320635849,0.4187126159667969,0.591146294125117,1.8401673,4.264588,0.4813055,0.38763025,0.6497102,IDP-ESM2-8M,42,310,0.367037296295166,0.7005124092102051,0.03864902225790556,0.031082361936569214,0.05856388425012715
Q91QS3,2.209652900695801,5.254217147827148,0.5287399994383212,0.402176022529602,0.5660498819009769,1.9760629,4.6563187,0.50001556,0.39504427,0.62041354,IDP-ESM2-8M,42,310,0.2335900068283081,0.5978984832763672,0.028724442626034796,0.007131755352020208,0.054363659892846306
Q91QU6,2.194436550140381,5.1115498542785645,0.5286296062541973,0.4235827326774597,0.5798077780792135,1.9038742,4.3716683,0.47106868,0.38384286,0.68020445,IDP-ESM2-8M,42,310,0.29056239128112793,0.7398815155029297,0.05756092596778983,0.03973987698554993,0.1003966730049235
Q91QZ4,2.173182964324951,5.200811862945557,0.537799255500361,0.4254764318466186,0.5570881676133094,1.9302197,4.4933114,0.48193923,0.38516232,0.6465379,IDP-ESM2-8M,42,310,0.24296331405639648,0.7075004577636719,0.05586002911142973,0.040314108133315985,0.08944973235769893
Q91QZ5,2.1324965953826904,5.064534187316895,0.5331485770645408,0.412474513053894,0.5604056924595722,1.946998,4.6583138,0.5154351,0.40073097,0.5831558,IDP-ESM2-8M,42,310,0.18549859523773193,0.4062204360961923,0.01771347746279517,0.011743545532226507,0.022750118373405126
Q91R07,2.228123426437378,5.132337093353272,0.5214713120685202,0.4208366274833679,0.6295110199760974,2.1784842,5.1990795,0.52938795,0.42358378,0.6134589,IDP-ESM2-8M,42,310,0.049639225006103516,0.06674242019653231,0.007916638828696643,0.002747148275375366,0.01605214813466671
Q91S26,6.694061279296875,15.476078987121582,0.5891117006182185,0.454111099243164,0.6826602807630973,5.025547,12.179789,0.6295234,0.49265754,0.57229555,IDP-ESM2-8M,42,310,1.6685142517089844,3.296290397644043,0.0404116958737859,0.038546442985534723,0.11036473423142001
Q91TH0,2.1090340614318848,5.183506965637207,0.5531784134692708,0.4257791936397552,0.5589928639497735,2.1463964,5.0947046,0.52615035,0.41577575,0.58922654,IDP-ESM2-8M,42,310,0.03736233711242676,0.08880233764648438,0.02702806766696364,0.010003447532653753,0.030233679953577286
Q91TH1,2.1427602767944336,5.131382465362549,0.5294025838001972,0.4007250070571899,0.5802228872143737,2.2953796,5.4397984,0.5322097,0.4150769,0.5739669,IDP-ESM2-8M,42,310,0.1526193618774414,0.30841588973999023,0.0028071105853313405,0.014351904392242487,0.006255966838549676
Q91TK2,3.303439855575561,7.897712230682373,0.5797559116763135,0.4553083777427673,0.5500898833856144,3.4351058,8.3040695,0.5762059,0.45981994,0.5517618,IDP-ESM2-8M,42,310,0.13166594505310103,0.4063572883605957,0.0035500024241467143,0.004511564970016535,0.0016719226255855757
Q91TN0,2.3986928462982178,5.724856376647949,0.5109860936976134,0.397245705127716,0.6120479444394972,2.6997948,6.260767,0.50800115,0.40193808,0.6229619,IDP-ESM2-8M,42,310,0.3011019229888916,0.5359106063842773,0.0029849449968992747,0.0046923756599426825,0.010913934337053122
Q91TN2,3.885263681411743,9.0169038772583,0.5311021786869577,0.4152352809906006,0.6028653809398226,3.71379,8.689837,0.5362806,0.4185846,0.60777485,IDP-ESM2-8M,42,310,0.17147374153137207,0.32706642150878906,0.005178393727440445,0.00334930419921875,0.004909472766537304
Q94MN5,2.220292091369629,5.4848952293396,0.5874475559168084,0.4478969573974609,0.5276287299085922,2.1168787,5.1631866,0.5800509,0.46575725,0.5287709,IDP-ESM2-8M,42,310,0.10341334342956543,0.32170867919921875,0.007396670239470771,0.017860293388366755,0.0011421937059097331
Q96677,2.1653618812561035,5.168238639831543,0.5289850669190435,0.4168648421764374,0.575732507087905,2.162549,4.9801273,0.48211065,0.38758504,0.67011625,IDP-ESM2-8M,42,310,0.0028128623962402344,0.1881113052368164,0.04687441757173816,0.02927979826927185,0.09438373865870753
Q96799,1.6065691709518433,3.908614158630371,0.5665672924433923,0.4476588368415832,0.5505294669691101,1.5687739,3.75073,0.54588825,0.44043407,0.5722471,IDP-ESM2-8M,42,310,0.037795305252075195,0.1578841209411621,0.020679047337648915,0.007224768400192205,0.02171762098636476
Q98001,2.678955078125,6.201470375061035,0.5408162300526411,0.44789719581604,0.5992056568354326,2.617473,6.187101,0.53516513,0.43066597,0.60570097,IDP-ESM2-8M,42,310,0.06148219108581543,0.014369487762451172,0.005651098960569589,0.01723122596740717,0.0064953128606123345
Q98476,2.8559839725494385,7.128647327423096,0.5146483790202353,0.3907263875007629,0.6063219977265988,2.9219742,6.7812896,0.5171451,0.4138631,0.6297979,IDP-ESM2-8M,42,310,0.06599020957946777,0.34735774993896484,0.0024967182354714845,0.023136705160141047,0.023475878154596286
Q98487,2.457147121429444,6.183006763458252,0.6132227193073565,0.480448842048645,0.5051442344333934,2.2741861,5.641424,0.5990538,0.47425294,0.5262482,IDP-ESM2-8M,42,310,0.1829609870910649,0.5415825843811035,0.014168919201307917,0.0061959028244018555,0.02110398219563492
Q991N9,1.5853314399719238,3.700655221939087,0.5091656627797047,0.4063855707645416,0.5891939558907596,1.3427485,3.2494643,0.5444566,0.43541214,0.55201656,IDP-ESM2-8M,42,310,0.24258291721343994,0.4511909484863281,0.03529093836317865,0.029026567935943604,0.03717739962778965
Q991P5,1.4299131631851196,3.397221326828003,0.5241853183185202,0.4398201704025268,0.5871881536490585,1.2793913,3.1737616,0.5706194,0.4539051,0.520026,IDP-ESM2-8M,42,310,0.1505218744277954,0.22345972061157227,0.046434085997428265,0.014084935188293513,0.067162125492778
Q991P6,1.4139083623886108,3.4044506549835205,0.5298885761586698,0.4246003031730652,0.5721481356801555,1.3030092,3.2009745,0.5633413,0.450978,0.5345059,IDP-ESM2-8M,42,310,0.11089920997619629,0.2034761905670166,0.03345274340233484,0.026377707719802856,0.03764223195929983
Q991P7,1.4273693561553955,3.3978283405303955,0.5171793052719271,0.4209290444850921,0.5977532766984802,1.3108227,3.2718992,0.5793281,0.46133876,0.5078622,IDP-ESM2-8M,42,310,0.116546630859375,0.1259291172027588,0.062148814482864134,0.04040971398353582,0.08989106642473754
Q993H4,3.385322570800781,6.845131874084473,0.3629166939850539,0.3413522243499756,1.0279454913481332,3.558383,7.898381,0.39787462,0.33791763,0.8800787,IDP-ESM2-8M,42,310,0.1730604171752934,1.0532493591308594,0.034957929552009714,0.003434598445892334,0.14786681798540124
Q993Q8,2.060518741607666,4.821378231048584,0.5588832903051119,0.4381115734577179,0.5656889387762005,1.9059767,4.5068483,0.53370714,0.42814165,0.5934545,IDP-ESM2-8M,42,310,0.15454208850860596,0.3145298957824707,0.025176148428891154,0.009969919919967651,0.02776554139500309
Q994F3,2.2950258255004883,5.563050746917725,0.5484804397967173,0.4210767447948456,0.5634100512106417,2.1475258,4.866153,0.46128953,0.37970084,0.72171026,IDP-ESM2-8M,42,310,0.14750003814697266,0.6968979835510254,0.08719091476467389,0.04137590527534485,0.15830021347212808
Q99CW6,4.011652946472168,9.49884033203125,0.5437834992402701,0.4174507558345794,0.6009918237240138,3.5669672,8.426029,0.53691936,0.41959128,0.62513274,IDP-ESM2-8M,42,310,0.444685697555542,1.0728111267089844,0.006864143847814086,0.0021405220031738836,0.024140915819900965
Q9DSX3,2.2357606887817383,5.385723114013672,0.4872581944807698,0.3800103068351745,0.6432755179704737,2.219231,5.005354,0.44630897,0.36798543,0.71856976,IDP-ESM2-8M,42,310,0.01652979850769043,0.3803691864013672,0.04094922402941481,0.01202487945556635,0.07529423758372555
Q9DUB6,3.4536852836608887,7.943978786468506,0.4932197984855349,0.403501808643341,0.6768880468992027,3.0193386,6.8834124,0.4664207,0.384641,0.73150474,IDP-ESM2-8M,42,310,0.43434667587280273,1.0605664253234863,0.026799088398712367,0.01886081695556635,0.05461669143163839
Q9DUC0,3.400535345077514,7.816674709320068,0.4583677369864593,0.3778490722179413,0.7480948432853244,3.5269313,7.9479966,0.43588775,0.37307903,0.8159652,IDP-ESM2-8M,42,310,0.1263959407806401,0.13132190704345703,0.022479983022988814,0.004770040512084961,0.06787033234333772
Q9DUC3,2.729132652282715,5.905247688293457,0.5167824760595061,0.4540768563747406,0.6509705408658739,2.4743872,5.8864713,0.51882434,0.42861214,0.67322195,IDP-ESM2-8M,42,310,0.2547454833984375,0.018776416778564453,0.0020418628534577543,0.02546471357345581,0.022251404896760363
Q9DUC6,2.787198781967163,6.455974102020264,0.5424253377371365,0.4531078338623047,0.6040294861388927,2.299774,5.119465,0.4335666,0.37720123,0.80622137,IDP-ESM2-8M,42,310,0.4874248504638672,1.3365092277526855,0.10885873765283172,0.07590660452842712,0.20219187978975717
Q9DVW6,2.5521457195281982,6.125584602355957,0.6163389080304422,0.4960024356842041,0.5598207787637935,2.5534134,6.6766925,0.70149034,0.5490761,0.41874155,IDP-ESM2-8M,42,310,0.0012676715850830078,0.5511078834533691,0.08515143458659269,0.05307364463806152,0.14107922474195822
Q9DW22,3.8814890384674072,9.259647369384766,0.4620419819338889,0.3537305295467376,0.7221584419380572,3.8224897,8.678068,0.47389284,0.3813741,0.7182219,IDP-ESM2-8M,42,310,0.05899930000305176,0.5815792083740234,0.01185085582894374,0.02764356136322027,0.003936539090767188
Q9DW68,1.5482497215270996,3.7303638458251953,0.5387827441642996,0.4232267439365387,0.5720323717508234,1.61666,4.0022697,0.5636192,0.44499266,0.5428246,IDP-ESM2-8M,42,310,0.06841027736663818,0.27190589904785156,0.0248364522506479,0.021765917539596558,0.029207745781890337
Q9DWD6,5.204805850982666,12.267339706420898,0.5490876987180536,0.4104238450527191,0.5697676070664752,4.2930818,9.941851,0.5045196,0.39281112,0.6454531,IDP-ESM2-8M,42,310,0.9117240905761719,2.325489044189453,0.04456811692331486,0.017612725496292114,0.07568548836962097
Q9DWG9,5.118499755859375,12.728228569030762,0.5656872044689087,0.4391106367111206,0.5571267019901986,4.677313,10.989097,0.5450076,0.42972088,0.6072671,IDP-ESM2-8M,42,310,0.44118690490722656,1.7391319274902344,0.020679617989721732,0.009389758110046387,0.05014037974731966
Q9DWH1,3.712016105651856,8.688617706298828,0.5663097555614539,0.4519474804401397,0.5658825731965235,3.8546174,9.110988,0.5432205,0.43370283,0.6170871,IDP-ESM2-8M,42,310,0.1426012516021724,0.42236995697021484,0.02308923554192266,0.01824465394020075,0.05120455258167478
Q9DWH9,3.697237014770508,7.939100742340088,0.3492363836313136,0.2908816039562225,1.133194555143502,3.981944,9.083729,0.46423858,0.37971514,0.7453033,IDP-ESM2-8M,42,310,0.28470706939697266,1.1446280479431152,0.11500220041028186,0.08883354067802435,0.3878912819425133
Q9DYK3,2.2704403400421143,5.170229911804199,0.5180416357977468,0.4135850667953491,0.6172453661213039,2.1803951,5.0803866,0.5133053,0.41180775,0.6214443,IDP-ESM2-8M,42,310,0.09004521369934082,0.0898432731628418,0.00473632936311541,0.0017773211002349854,0.004198918794620199
Q9DYK6,2.2880005836486816,5.2338547706604,0.5236682711760782,0.4201667010784149,0.6051293858602943,2.1755157,5.061472,0.5109219,0.4093243,0.62135714,IDP-ESM2-8M,42,310,0.11248493194580078,0.17238283157348633,0.012746375672080368,0.01084241271018982,0.01622775706496815
Q9DYY2,2.3226306438446045,5.430191040039063,0.5039388883616025,0.3911145329475403,0.6281574128159534,2.2468119,5.2210603,0.5070141,0.40688926,0.6292169,IDP-ESM2-8M,42,310,0.07581877708435059,0.20913076400756925,0.003075207421631143,0.01577472686767578,0.0010594965926159494
Q9DZ98,1.639309048652649,4.182571887969971,0.6063841719199566,0.4708073139190674,0.51357095139744,1.5363054,3.7449923,0.56718874,0.45934075,0.55497366,IDP-ESM2-8M,42,310,0.1030036211013794,0.4375796318054199,0.03919543214334531,0.011466562747955322,0.04140271050212663
Q9G051,1.854498267173767,4.541839599609375,0.5996538482889747,0.4825354814529419,0.5437251746898537,1.7237909,4.307312,0.6068078,0.48857647,0.52542984,IDP-ESM2-8M,42,310,0.13070738315582275,0.234527587890625,0.007153979660549203,0.006040990352630615,0.0182953298335915
Q9G054,2.3170735836029053,5.85481071472168,0.6609995550335361,0.5279167294502258,0.4685669221160747,2.1529613,5.577544,0.6593004,0.5217138,0.4564454,IDP-ESM2-8M,42,310,0.16411232948303223,0.2772665023803711,0.0016991681278659687,0.0062029361724853516,0.012121526169572017
Q9HBF8,2.3022029399871826,5.451180458068848,0.5410233586010338,0.4288848042488098,0.589679482485885,2.2588785,5.291614,0.53050095,0.4262928,0.6021578,IDP-ESM2-8M,42,310,0.04332447052001953,0.15956640243530273,0.010522410171926122,0.0025919973850250244,0.01247828910148685
Q9IF13,2.44704008102417,5.822362899780273,0.5383524609318606,0.4304640293121338,0.5884801275026047,2.3088517,5.38099,0.5153585,0.41267297,0.6185861,IDP-ESM2-8M,42,310,0.13818836212158203,0.4413728713989258,0.022993953298651393,0.017791062593460083,0.03010599548704984
Q9IF25,2.3178048133850098,5.325736045837402,0.5179123286378229,0.4288137853145599,0.6234685697702828,2.1856546,5.0845556,0.5114343,0.4106393,0.6239203,IDP-ESM2-8M,42,310,0.13215017318725586,0.241180419921875,0.006478012002691047,0.018174499273300115,0.00045175169425581974
Q9IGT7,3.703341007232666,8.614900588989258,0.5350185997838759,0.4193772971630096,0.5886314517268896,3.5779545,8.355414,0.5266226,0.4148537,0.6142851,IDP-ESM2-8M,42,310,0.12538647651672363,0.25948619842529297,0.008396006381013343,0.004523605108261053,0.025653659700417553
Q9IMR4,2.058349370956421,4.96516227722168,0.5558016890992592,0.4497787356376648,0.5690035747434644,1.9072349,4.5463896,0.5565855,0.4469625,0.580233,IDP-ESM2-8M,42,310,0.15111446380615234,0.41877269744873047,0.000783801604323564,0.002816230058670044,0.011229403123662052
Q9IMY1,1.440822720527649,3.4310662746429443,0.5465228705781604,0.4399511218070984,0.5490375661998234,1.4927909,3.5841901,0.54192567,0.4354694,0.56018865,IDP-ESM2-8M,42,310,0.05196821689605713,0.1531238555908203,0.004597201861729738,0.0044817328453063965,0.011151084885076545
Q9INB5,1.5816371440887451,3.818080186843872,0.5523641794138557,0.4523345232009887,0.5626952271774533,1.5009221,3.5982866,0.53821975,0.43218923,0.5743979,IDP-ESM2-8M,42,310,0.08071506023406982,0.21979355812072754,0.014144429486334986,0.02014529705047602,0.011702694384741474
Q9IUC3,3.3319168090820312,7.835258960723877,0.5145301701395867,0.412153959274292,0.6778616390587688,3.0273137,7.1095605,0.53094345,0.42194906,0.6215377,IDP-ESM2-8M,42,310,0.30460309982299805,0.7256984710693359,0.01641328317233348,0.00979509949684143,0.05632395366448173
Q9IUD3,3.201737403869629,7.321566104888916,0.4700747199992619,0.3981832861900329,0.7702281874722894,2.8927023,6.6791935,0.5019019,0.40769133,0.6790348,IDP-ESM2-8M,42,310,0.309035062789917,0.6423726081848145,0.031827204610876014,0.009508043527603205,0.09119335833257991
Q9IWB2,2.615633964538574,6.155440807342529,0.4970356408186718,0.3752208948135376,0.6421610679876154,2.507752,5.8520956,0.5029775,0.39712158,0.6292206,IDP-ESM2-8M,42,310,0.10788202285766602,0.3033452033996582,0.0059418496064380655,0.021900683641433716,0.012940463091069998
Q9J050,2.5685853958129883,6.2456560134887695,0.5237645774425042,0.4029120504856109,0.595310431587792,2.6282065,6.1306763,0.5087449,0.40093145,0.6201955,IDP-ESM2-8M,42,310,0.05962109565734863,0.11497974395751953,0.015019681984282718,0.0019806027412413996,0.02488507641544291
Q9J1C9,2.0162150859832764,4.867647171020508,0.5700244347813748,0.4553690254688263,0.5595978318603472,2.100134,4.9949374,0.5571526,0.44539878,0.5761548,IDP-ESM2-8M,42,310,0.08391880989074707,0.1272902488708496,0.012871805882754161,0.009970247745513916,0.016556996211247066
Q9J2I4,2.706825256347656,6.749063491821289,0.5941874453207696,0.4590085744857788,0.5256205244686735,2.6335518,6.291173,0.55248594,0.43603912,0.5810637,IDP-ESM2-8M,42,310,0.07327342033386186,0.45789051055908203,0.04170150248019344,0.022969454526901245,0.05544316333268762
Q9J3S0,1.5137207508087158,3.643181085586548,0.5270327959970973,0.4141585826873779,0.5762804202123781,1.5547718,3.7081442,0.5337929,0.4268148,0.57409596,IDP-ESM2-8M,42,310,0.04105103015899658,0.06496310234069824,0.006760116962955198,0.0126562118530274,0.002184455780615435
Q9J4U3,3.1092617511749268,7.216726779937744,0.4894567978938329,0.3756111562252044,0.6806739496089605,3.3462226,7.7649693,0.50785047,0.40254113,0.654122,IDP-ESM2-8M,42,310,0.23696088790893555,0.5482425689697266,0.018393670264889028,0.026929974555969294,0.026551954636731545
Q9J870,3.152559757232666,8.1841459274292,0.6603407253602831,0.5112841129302979,0.4953897945973899,3.1287193,8.128719,0.7174043,0.5545199,0.3770488,IDP-ESM2-8M,42,310,0.02384042739868164,0.055426597595214844,0.05706358057462291,0.04323577880859375,0.11834100414252541
Q9JG27,1.455602765083313,3.4386146068573,0.5405128530187105,0.4323574900627136,0.553546707042626,1.5601101,3.6934762,0.52838844,0.4257674,0.5829874,IDP-ESM2-8M,42,310,0.10450732707977295,0.25486159324645996,0.012124412409732277,0.006590098142623901,0.02944072066886083
Q9JG66,2.8612866401672363,6.331416130065918,0.418737234641065,0.3984275758266449,0.8489128615334838,2.717062,6.0231423,0.41679943,0.3626852,0.83029675,IDP-ESM2-8M,42,310,0.1442246437072754,0.3082737922668457,0.0019378085622686059,0.035742372274398804,0.018616106696447643
Q9JGA4,2.1983189582824707,5.150478363037109,0.5530330820017921,0.4312485158443451,0.561884973369022,2.3029506,5.526388,0.58673316,0.4596097,0.511813,IDP-ESM2-8M,42,310,0.10463166236877441,0.37590980529785156,0.03370008040131456,0.02836117148399353,0.0500719884256321
Q9JGA7,2.2419235706329346,5.234377384185791,0.5673028472733992,0.4462043344974518,0.547109673649353,2.2507076,5.421529,0.57355,0.44649354,0.5273976,IDP-ESM2-8M,42,310,0.008784055709838867,0.18715143203735352,0.006247138612220926,0.0002892017364501953,0.019712100655120857
Q9JGB0,2.253002405166626,5.453467845916748,0.5781049975692789,0.4516642689704895,0.5305795976591708,2.1515744,5.2417955,0.5807826,0.45006332,0.5156115,IDP-ESM2-8M,42,310,0.10142803192138672,0.21167230606079102,0.0026775947273214307,0.0016009509563446045,0.014968068308890081
Q9JGB2,2.1467645168304443,5.083734512329102,0.5567752942034833,0.4288070797920227,0.5421656562978837,2.2155352,5.3383274,0.5730704,0.44736817,0.5312672,IDP-ESM2-8M,42,310,0.0687706470489502,0.2545928955078125,0.016295112710274062,0.018561094999313354,0.010898430555543626
Q9JGB3,2.15768837928772,4.925963878631592,0.5351494059096786,0.4198318421840668,0.584065026219648,2.2108252,5.333835,0.57891816,0.45097557,0.5211547,IDP-ESM2-8M,42,310,0.05313682556152299,0.4078712463378906,0.04376875309834749,0.03114372491836548,0.06291032450990064
Q9JGS4,1.870715618133545,4.55258846282959,0.5477932067087207,0.4246914684772491,0.5482503218957615,1.9387608,4.5671487,0.5147347,0.40867817,0.6014043,IDP-ESM2-8M,42,310,0.06804513931274414,0.014560222625732422,0.03305852128773068,0.016013294458389227,0.05315398737700461
Q9JGT0,1.907031297683716,4.55479907989502,0.549430004589958,0.4224320352077484,0.5568206507363038,1.8969955,4.485092,0.52307254,0.41769806,0.5965955,IDP-ESM2-8M,42,310,0.010035753250122292,0.06970691680908292,0.02635746382991777,0.00473397970199585,0.039774875005273325
Q9JGT3,1.8674129247665403,4.492846488952637,0.5634954874565955,0.4424038231372833,0.5218059284477138,1.908155,4.5059648,0.5203659,0.41291323,0.5915792,IDP-ESM2-8M,42,310,0.04074203968048118,0.013118267059326172,0.043129593615805706,0.02949059009552002,0.06977327038956649
Q9KX95,2.091196060180664,5.088304996490479,0.5557918189592356,0.4289537072181701,0.5490682016543913,2.206755,5.2778425,0.54516643,0.43439275,0.5856852,IDP-ESM2-8M,42,310,0.11555886268615723,0.18953752517700106,0.010625386101722145,0.005439043045044001,0.036616991884274475
Q9MBM5,1.7576769590377808,4.382968902587891,0.6124459731302566,0.4845675528049469,0.5227161983979945,1.8409297,4.6747303,0.6233768,0.50317806,0.51423717,IDP-ESM2-8M,42,310,0.08325278759002686,0.2917613983154297,0.010930813578575171,0.018610507249832153,0.008479032946944742
Q9PX71,2.70955753326416,6.677926063537598,0.5870578327751135,0.4408608376979828,0.531066731793077,2.626614,6.301175,0.550552,0.4402407,0.60088193,IDP-ESM2-8M,42,310,0.08294343948364258,0.3767509460449219,0.03650582223891963,0.0006201267242431641,0.06981520237287764
Q9PYU9,2.635134220123291,6.2618937492370605,0.6372074532395341,0.5335159301757812,0.5166170080725798,2.4405932,6.284209,0.6649945,0.52467465,0.44218022,IDP-ESM2-8M,42,310,0.19454097747802734,0.022315025329589844,0.027787024986173914,0.008841276168823242,0.07443679176017137
Q9Q0D0,2.327392578125,5.5399346351623535,0.5247490765892129,0.4061500430107116,0.604200355964975,2.3520026,5.52907,0.52208745,0.41868013,0.61155516,IDP-ESM2-8M,42,310,0.024610042572021484,0.010864734649658203,0.0026616217933754793,0.012530088424682673,0.007354803126974452
Q9Q0D1,2.38167667388916,5.665928840637207,0.541337546314261,0.4279966652393341,0.5846467466770309,2.4239097,5.7766805,0.5487231,0.43250465,0.5655103,IDP-ESM2-8M,42,310,0.04223299026489258,0.11075162887573242,0.007385555301644753,0.004507988691329956,0.019136473697294543
Q9Q5K3,2.071991443634033,4.860166072845459,0.4961116347142,0.3944456577301025,0.6136865390859022,1.8350713,4.289006,0.49131373,0.39152098,0.6243719,IDP-ESM2-8M,42,310,0.23692011833190918,0.571159839630127,0.004797909004284839,0.0029246807098388117,0.010685347167454728
Q9Q5K9,8.33426284790039,19.134296417236328,0.5469387227155106,0.4189404249191284,0.6130406419260985,4.670564,10.994671,0.54894644,0.4269191,0.5809305,IDP-ESM2-8M,42,310,3.663698673248291,8.139625549316406,0.002007717504368567,0.007978677749633789,0.03211017050581044
Q9Q9G2,2.2283313274383545,5.241761684417725,0.5372679323355742,0.423006147146225,0.5878093782415508,2.0330186,4.857782,0.5406492,0.42616105,0.5761223,IDP-ESM2-8M,42,310,0.1953127384185791,0.38397979736328125,0.0033812433083466598,0.0031549036502838135,0.011687094306003898
Q9QAM5,2.0142569541931152,4.843023300170898,0.5509990743428852,0.4229150712490082,0.5541326149915191,2.0688832,5.058653,0.5781354,0.44843048,0.5060985,IDP-ESM2-8M,42,310,0.0546262264251709,0.21562957763671875,0.02713629686530572,0.02551540732383728,0.048034106156680245
Q9QAN0,2.078080654144287,4.996118068695068,0.5677755990317226,0.4577563405036926,0.541871751624488,2.196253,5.3231707,0.5640023,0.44000039,0.52754366,IDP-ESM2-8M,42,310,0.11817240715026855,0.32705259323120117,0.0037733235648036434,0.017755955457687378,0.014328087645911314
Q9QAN3,2.773308038711548,6.77640438079834,0.5924893120215359,0.4555574059486389,0.5267715518913857,2.672567,6.605168,0.60920393,0.46810868,0.48652998,IDP-ESM2-8M,42,310,0.10074114799499512,0.17123651504516602,0.016714622647958755,0.012551277875900269,0.04024157576185383
Q9QAN7,2.512501716613769,6.244462490081787,0.5885019857633141,0.4579826295375824,0.5218697058839032,2.4057832,5.9905605,0.6140326,0.47112057,0.46212283,IDP-ESM2-8M,42,310,0.10671854019164995,0.25390195846557617,0.025530640388724435,0.01313793659210205,0.05974687811557744
Q9QCK1,1.777008056640625,4.161622524261475,0.4926160909302993,0.393131822347641,0.6274447540473527,1.6768812,3.907514,0.49183995,0.3966639,0.6375039,IDP-ESM2-8M,42,310,0.10012686252593994,0.2541084289550781,0.0007761456139845913,0.0035320818424224854,0.01005916793827355
Q9QEJ2,3.251641273498535,7.605485916137695,0.5482901495871724,0.4259122908115387,0.5953340624089105,2.876813,6.7544885,0.53190964,0.42415482,0.61560154,IDP-ESM2-8M,42,310,0.3748283386230469,0.8509974479675293,0.016380504983443123,0.0017574727535247803,0.020267477202905892
Q9QGE5,1.908125042915344,4.461005210876465,0.5010688838890115,0.4123993217945099,0.6300254522766185,2.0262573,4.674486,0.50314873,0.41049862,0.6298688,IDP-ESM2-8M,42,310,0.11813223361969016,0.21348094940185547,0.0020798506805380645,0.001900702714920044,0.000156646868140764
Q9T127,1.5689644813537598,3.709550857543945,0.5549303712393607,0.4444164633750915,0.5452622067987581,1.6145992,3.8597438,0.5331759,0.4272435,0.57645935,IDP-ESM2-8M,42,310,0.04563474655151367,0.15019297599792525,0.021754485562023085,0.017172962427139227,0.031197141402993567
Q9WIE5,1.7004512548446655,4.25147008895874,0.5545300596003485,0.4321787357330322,0.5566831203456658,1.819226,4.390742,0.5630818,0.4481998,0.5628342,IDP-ESM2-8M,42,310,0.11877477169036865,0.13927173614501953,0.008551741337304075,0.01602107286453247,0.00615108289758981
Q9WMX5,1.4868741035461426,3.6308343410491934,0.5640615956643183,0.4521521329879761,0.541149603121893,1.5480965,3.7722788,0.5637334,0.45041877,0.54366225,IDP-ESM2-8M,42,310,0.06122243404388428,0.14144444465637296,0.0003281967499811911,0.0017333626747131348,0.002512646920068695
Q9WS24,1.756610870361328,4.1786956787109375,0.5429971975271527,0.4256218671798706,0.5781680236853322,1.6217726,3.9196117,0.5475112,0.44129497,0.57685155,IDP-ESM2-8M,42,310,0.1348382234573362,0.25908398628234863,0.004514022451179822,0.01567310094833374,0.001316476920958376
Q9WS26,1.721370816230774,4.076889991760254,0.5438025829313937,0.4261800050735473,0.5648553349565822,1.7508733,4.2210293,0.5489281,0.43755555,0.56817955,IDP-ESM2-8M,42,310,0.029502511024475098,0.14413928985595703,0.005125499057894611,0.011375546455383356,0.003324212830130402
Q9WS27,1.6987240314483645,4.0185723304748535,0.5408752103063116,0.4303228855133056,0.5617627888038986,1.6994735,4.117604,0.54391855,0.43178388,0.56861234,IDP-ESM2-8M,42,310,0.0007494688034055397,0.09903144836425781,0.0030433397081842672,0.0014609992504120428,0.006849548308528131
Q9WSW3,2.0544533729553223,4.8961501121521,0.5604726817461463,0.4396901726722717,0.5549500812076168,1.9131069,4.555116,0.52772343,0.421536,0.6134596,IDP-ESM2-8M,42,310,0.14134645462036133,0.341033935546875,0.032749250158927046,0.018154174089431707,0.05850950588955117
Q9YM30,1.7018508911132812,4.264592170715332,0.593316738765553,0.4730868637561798,0.5330872940384408,1.5516313,3.801607,0.5754781,0.46145982,0.55268645,IDP-ESM2-8M,42,310,0.15021955966949463,0.4629852771759033,0.017838661830738567,0.011627048254013062,0.01959915882715979
Q9YM71,1.6055160760879517,3.912515878677368,0.570276347027032,0.4479717910289764,0.5354128837970424,1.6246128,3.9228077,0.5504417,0.4362249,0.56710297,IDP-ESM2-8M,42,310,0.019096732139587402,0.010291814804077148,0.019834664688317405,0.011746883392333929,0.0316900848957371
Q9YMA2,1.6040067672729492,3.8747689723968506,0.5532738515361562,0.4475694596767425,0.5595152030776955,1.5647372,3.7605479,0.5405469,0.43278825,0.57604164,IDP-ESM2-8M,42,310,0.03926956653594971,0.11422109603881836,0.01272695746266983,0.014781206846237127,0.01652643577347024
Q9YMA3,1.6415551900863647,4.000497341156006,0.560380062332199,0.4360929131507873,0.562751418705301,1.5141839,3.661446,0.5524576,0.4445869,0.56991184,IDP-ESM2-8M,42,310,0.12737131118774414,0.3390512466430664,0.007922491302535861,0.008493989706039484,0.007160418872518837
Q9YMA4,1.6932001113891602,4.334711074829102,0.6150476693668228,0.4824574291706085,0.4988901230086305,1.5387233,3.7551184,0.56214094,0.4488531,0.55782026,IDP-ESM2-8M,42,310,0.15447676181793213,0.5795927047729492,0.05290672774694971,0.033604323863983154,0.05893013751611925
Q9YMM6,3.456336736679077,8.540550231933594,0.6205547967467603,0.4802236258983612,0.5241815000204457,3.3770335,8.503086,0.6660159,0.51135916,0.4074495,IDP-ESM2-8M,42,310,0.07930326461791992,0.037464141845703125,0.04546112627646359,0.031135529279708862,0.11673198634666337
Q9YMQ8,2.024868488311768,4.833315372467041,0.5600206954856666,0.4365648031234741,0.5656684176786275,2.083744,5.008786,0.54618573,0.44042438,0.5865173,IDP-ESM2-8M,42,310,0.0588755607604976,0.17547082901000977,0.013834963597849192,0.003859579563140869,0.020848856701102703
Q9YNX5,1.802973985671997,4.2717390060424805,0.5263624604578397,0.4101420640945434,0.5839214422979028,1.7111529,4.1042833,0.5390042,0.42897373,0.5733377,IDP-ESM2-8M,42,310,0.09182107448577881,0.16745567321777344,0.012641746199569925,0.018831670284271296,0.010583768156972595
Q9YNX6,1.9106594324111936,4.529300689697266,0.548250630690652,0.4414620101451874,0.5723730958542435,1.8397291,4.4919257,0.5625186,0.44727552,0.5449346,IDP-ESM2-8M,42,310,0.07093036174774148,0.03737497329711914,0.01426796595851787,0.005813509225845337,0.027438525064906294
Q9YNX8,1.815327882766724,4.476320266723633,0.5613603073707598,0.4491125345230102,0.5504085981698428,1.7110705,4.117205,0.5408814,0.43006963,0.5797534,IDP-ESM2-8M,42,310,0.1042573451995854,0.3591151237487793,0.020478912030793994,0.01904290914535517,0.029344800725420894
Q9YPA9,4.56606912612915,6.871322154998779,0.2000000000000037,0.2346197515726089,2.314960205516553,3.9586644,9.146948,0.5151272,0.40194488,0.6366093,IDP-ESM2-8M,42,310,0.6074047088623047,2.275625705718994,0.3151271820068322,0.1673251241445542,1.6783508896443604
Q9YPD8,1.5415093898773191,3.754426956176758,0.5926921304293343,0.4698842167854309,0.5109639930828105,1.744998,4.219654,0.55805075,0.44777194,0.5570599,IDP-ESM2-8M,42,310,0.2034885883331301,0.4652271270751953,0.03464137874323814,0.022112280130386353,0.04609589098853961
Q9YPG8,1.6216031312942505,3.874464750289917,0.5327459117599133,0.4297172427177429,0.5551049487940762,1.7026318,4.111534,0.5345567,0.41959488,0.5521858,IDP-ESM2-8M,42,310,0.08102869987487793,0.23706936836242676,0.0018107751182910858,0.010122358798980713,0.0029191749445889315
Q9YR10,1.4379830360412598,3.409766912460327,0.5496982537605978,0.4396508336067199,0.5539928591100982,1.3394877,3.195456,0.5412731,0.4411667,0.5644147,IDP-ESM2-8M,42,310,0.09849536418914795,0.214310884475708,0.00842513669516809,0.0015158653259277899,0.01042182089402166
Q9ZWY9,2.2611517906188965,5.238714694976807,0.5778542601020258,0.4753800630569458,0.5599840755145938,2.1964402,5.192447,0.55805665,0.45751333,0.61506253,IDP-ESM2-8M,42,310,0.0647115707397461,0.04626750946044922,0.01979760755609683,0.01786673069000244,0.05507845929451871
A0A060BGV2,1.890916466712952,4.825084686279297,0.6752282524596316,0.5618585348129272,0.5041881097628255,1.4262636,3.6188438,0.6248615,0.5176625,0.545977,IDP-ESM2-8M,67,310,0.46465289592742964,1.2062408924102783,0.05036677365408959,0.04419600963592529,0.0417888866589885
A0A068LKJ5,3.201686382293701,7.65225076675415,0.6370275870794099,0.5204764604568481,0.5232346026347426,3.0247848,7.3100595,0.5971277,0.46660507,0.5123217,IDP-ESM2-8M,67,310,0.17690157890319824,0.342191219329834,0.03989991106927804,0.05387139320373535,0.010912892048194789
A0A068QKP9,3.724610328674317,9.522433280944824,0.6618761782543986,0.5243116021156311,0.5199578075445604,4.6721735,11.619467,0.7019786,0.545525,0.5021714,IDP-ESM2-8M,67,310,0.9475631713867183,2.0970335006713867,0.04010244561263632,0.021213412284851074,0.017786410335392966
A0A075FGF0,3.293736696243286,6.742756843566895,0.2937537768740079,0.2957008779048919,1.2819141701443062,3.5180426,7.5278535,0.37499297,0.3344904,0.94022715,IDP-ESM2-8M,67,310,0.2243058681488037,0.7850966453552237,0.08123918977790862,0.038789510726928766,0.341687019227253
A0A088MZV7,1.7907397747039795,3.589179992675781,0.3078846035932239,0.3008909523487091,1.0055288411120895,1.9777249,4.3678317,0.44597885,0.3734496,0.7310085,IDP-ESM2-8M,67,310,0.18698513507843018,0.7786517143249516,0.1380942465330426,0.07255864143371582,0.2745203114490036
A0A088N936,1.8190891742706297,3.62239146232605,0.3162190919331585,0.3021836876869201,0.995975597420926,1.98518,4.4370947,0.46055803,0.38238373,0.70382166,IDP-ESM2-8M,67,310,0.16609084606170677,0.8147032260894775,0.14433893509587897,0.08020004630088812,0.29215393833279124
A0A0A0RNI5,1.8315424919128416,4.573933124542236,0.6092503748053556,0.4790033996105194,0.5220224337336228,1.7814167,4.4603357,0.61910534,0.49610594,0.50957894,IDP-ESM2-8M,67,310,0.05012583732604958,0.11359739303588867,0.00985496424493737,0.017102539539337158,0.012443490481059305
A0A0A0UYW6,1.4875445365905762,3.575994968414306,0.5711674697532733,0.4598262906074524,0.5426762750219603,1.4746746,3.6598713,0.59252656,0.471682,0.5022014,IDP-ESM2-8M,67,310,0.012869954109191895,0.08387637138366744,0.02135908530806707,0.011855721473693848,0.04047489667647075
A0A0A7KTD7,3.327702283859253,8.400986671447754,0.6522918141789302,0.5242195129394531,0.4866843209336677,3.093545,7.555604,0.6326288,0.4929186,0.4587802,IDP-ESM2-8M,67,310,0.23415732383728027,0.8453826904296875,0.019663015694127983,0.031300902366638184,0.027904121644345803
A0A0B4VGH4,3.443821907043457,8.2440767288208,0.6298180245406775,0.5045728087425232,0.5645886472501052,3.476923,8.17012,0.60558987,0.50186825,0.59993726,IDP-ESM2-8M,67,310,0.03310108184814453,0.07395648956298828,0.024228157902493885,0.0027045607566833496,0.035348612900804266
A0A0B4ZUM6,3.5112106800079346,8.767241477966309,0.6536974089107834,0.5134082436561584,0.50123283428527,3.5390701,8.713671,0.6358539,0.48957503,0.44741452,IDP-ESM2-8M,67,310,0.02785944938659668,0.05357074737548828,0.017843522306474346,0.02383321523666382,0.053818316882621065
A0A0B5JAX3,3.688171625137329,9.235520362854004,0.3627463912521962,0.3227609992027282,1.0681777070795506,3.508399,7.418987,0.36241174,0.35236013,1.0408559,IDP-ESM2-8M,67,310,0.17977261543273926,1.8165335655212402,0.00033465381017960816,0.02959913015365606,0.027321822527548667
A0A0C5B347,2.5910027027130127,6.192173480987549,0.633613217726539,0.5241333246231079,0.5255752066436409,2.675325,6.6292105,0.6398269,0.50514454,0.4911371,IDP-ESM2-8M,67,310,0.08432221412658691,0.43703699111938477,0.0062136760799185176,0.01898878812789917,0.03443811929851759
A0A0C7TJV6,3.3625338077545166,7.320404052734375,0.3081671039254279,0.2986740469932556,1.2269957526734467,3.5477424,7.5868425,0.37468213,0.33472097,0.943426,IDP-ESM2-8M,67,310,0.18520855903625488,0.26643848419189453,0.06651502450398494,0.03604692220687866,0.28356973968058785
A0A0C7TQD0,3.2957632541656494,6.7548441886901855,0.280520118757418,0.2909507155418396,1.354769846835071,3.4918604,7.4668474,0.375021,0.33490542,0.9401643,IDP-ESM2-8M,67,310,0.19609713554382324,0.712003231048584,0.09450089187986532,0.043954700231552124,0.4146055192136111
A0A0C7TTX4,3.221597671508789,6.832540988922119,0.2883304342602436,0.276322454214096,1.2823434798378366,3.5279784,7.526457,0.37062833,0.3329463,0.9529813,IDP-ESM2-8M,67,310,0.3063807487487793,0.693915843963623,0.08229789287102779,0.05662384629249578,0.32936218663639005
A0A0C7TY93,3.325690746307373,6.952322959899902,0.2901672450082447,0.2992207705974579,1.3126197773987132,3.5362256,7.5613174,0.37332946,0.333892,0.94478697,IDP-ESM2-8M,67,310,0.21053481101989746,0.6089944839477539,0.08316221561263543,0.03467121720314026,0.3678328115516978
A0A0E3FC10,2.0430798530578613,4.4778733253479,0.4525969020916895,0.3713097274303436,0.6928749860654239,1.9635742,4.3768573,0.44532278,0.35669664,0.69982505,IDP-ESM2-8M,67,310,0.07950568199157715,0.10101604461669922,0.007274120290465758,0.014613091945648138,0.006950062381231414
A0A0E3FG91,2.01806116104126,4.970001697540283,0.577077686228797,0.4583736360073089,0.5415353223263809,1.9451478,4.6043873,0.5587237,0.45826054,0.5773915,IDP-ESM2-8M,67,310,0.07291340827941939,0.3656144142150879,0.01835399810318661,0.0001130998134612482,0.035856182915013135
A0A0E3GI14,3.8144397735595694,9.408454895019531,0.6290451780717478,0.4908272624015808,0.5071401752400815,3.755024,9.037802,0.5657223,0.4365775,0.56275165,IDP-ESM2-8M,67,310,0.0594158172607413,0.3706531524658203,0.06332289137054536,0.05424976348876953,0.05561147557016022
A0A0E3HAY2,2.0615055561065674,4.973058223724365,0.5872797776009606,0.4567224979400635,0.5369984319648815,2.007535,4.75834,0.5674462,0.467024,0.56924707,IDP-ESM2-8M,67,310,0.0539705753326416,0.21471834182739258,0.019833605363564377,0.01030150055885315,0.032248635009758386
A0A0E3HBF5,2.0464000701904297,5.191257476806641,0.6472567789911389,0.5056495070457458,0.4833223339762961,1.9132226,4.6439643,0.58184326,0.46787006,0.5584639,IDP-ESM2-8M,67,310,0.1331775188446045,0.5472931861877441,0.06541352204076045,0.03777945041656494,0.07514153750273833
A0A0E3IAD2,1.9376931190490725,4.829224109649658,0.5956258629446077,0.4575452506542206,0.5330971026838386,1.8607405,4.540205,0.5838902,0.46822533,0.54875726,IDP-ESM2-8M,67,310,0.07695257663726829,0.2890191078186035,0.011735663283352848,0.010680079460144043,0.015660152393523474
A0A0E3Z619,4.695130825042725,11.564785957336426,0.6416337815279186,0.4950894117355346,0.5399307781970203,4.549521,11.06955,0.6174275,0.4856745,0.5640117,IDP-ESM2-8M,67,310,0.14560985565185547,0.4952363967895508,0.024206253623408114,0.009414911270141546,0.024080914803773168
A0A0F6YQQ5,2.5174639225006104,6.388430595397949,0.6206342330933063,0.4881987869739532,0.5111129126772102,2.7659848,6.741449,0.60052377,0.47076797,0.53339034,IDP-ESM2-8M,67,310,0.2485208511352539,0.35301828384399414,0.020110463237807075,0.017430812120437567,0.02227743051202935
A0A0F7L2H1,2.109525203704834,4.987625598907471,0.5196004143247246,0.4020496010780334,0.5886832360483358,2.3126628,5.628635,0.5900516,0.478564,0.52098507,IDP-ESM2-8M,67,310,0.20313763618469238,0.6410093307495117,0.0704511770716072,0.07651439309120184,0.06769816915761928
A0A0F7L948,2.948438167572021,7.511587142944336,0.6165663057554354,0.4522362649440765,0.5142997034956229,2.7557492,6.8084254,0.6159787,0.47906625,0.50059044,IDP-ESM2-8M,67,310,0.19268894195556596,0.7031617164611816,0.000587587951480284,0.026829987764358576,0.013709259884477909
A0A0H4SM67,2.1300508975982666,4.709894180297852,0.3466546237927689,0.3027079701423645,0.9458864929927272,2.1774101,4.571193,0.39061418,0.34275195,0.8321378,IDP-ESM2-8M,67,310,0.04735922813415527,0.1387009620666504,0.043959557964204365,0.04004397988319397,0.1137486698878688
A0A0H4XWL8,4.473628520965576,10.350598335266112,0.5169912048114644,0.4023514091968536,0.6401760258178701,3.980548,9.451759,0.533392,0.41372013,0.62031543,IDP-ESM2-8M,67,310,0.49308061599731445,0.8988389968872053,0.01640080730782878,0.011368721723556574,0.019860593269347193
A0A0K0KVV5,1.9126718044281008,4.823394775390625,0.6262814903046655,0.4964229166507721,0.520460829828745,1.9832846,4.9529147,0.6320995,0.50122577,0.47329572,IDP-ESM2-8M,67,310,0.0706127882003782,0.12951993942260742,0.005818018934531266,0.0048028528690338135,0.0471651113972722
A0A0K0UUV8,1.4831476211547852,3.530945539474488,0.5552720761080412,0.4315833151340484,0.5654121141847988,1.4376289,3.5654645,0.5984808,0.47828048,0.49496865,IDP-ESM2-8M,67,310,0.04551875591278076,0.034518957138060635,0.043208744547781563,0.04669716954231268,0.07044346145957903
A0A0M4RBN9,1.801224708557129,3.7610769271850586,0.3496527328075799,0.3318477571010589,0.8915272157878492,1.9434909,4.20374,0.42282352,0.36504146,0.78634375,IDP-ESM2-8M,67,310,0.1422661542892456,0.44266319274902344,0.07317078570705327,0.033193707466125544,0.1051834624499891
A0A0N9R406,2.6657042503356934,6.516427993774414,0.6085390228684354,0.4712896347045898,0.5470067813748493,2.6958606,6.574153,0.61542,0.49885836,0.54598397,IDP-ESM2-8M,67,310,0.030156373977661133,0.057724952697753906,0.006880960995395147,0.027568727731704767,0.0010228112095965747
A0A0R7EYS2,2.754265069961548,6.922198295593262,0.657850993343833,0.5248908400535583,0.4995557396567184,2.9504592,7.250808,0.63861436,0.50030005,0.5169314,IDP-ESM2-8M,67,310,0.19619417190551758,0.3286094665527344,0.019236636826041265,0.024590790271759033,0.01737567494746861
A0A0S0BY46,3.1265435218811035,5.889411449432373,0.2171854086816891,0.2625575065612793,1.6478295612053375,3.9499984,8.3819685,0.3449927,0.3187702,1.02759,IDP-ESM2-8M,67,310,0.8234548568725586,2.4925570487976074,0.12780728855723303,0.05621269345283508,0.6202395248131256
A0A0U3U0D7,3.396634101867676,6.715075969696045,0.3005057475151682,0.2977325618267059,1.2841921839010837,3.5899487,7.7112575,0.3786734,0.33624512,0.9356253,IDP-ESM2-8M,67,310,0.1933145523071289,0.9961814880371094,0.07816765694001676,0.038512557744979914,0.3485668691885593
A0A0X9FL12,2.5226078033447266,6.124638557434082,0.6334287107192338,0.5105522274971008,0.5174349466836187,2.3444092,5.708713,0.60402435,0.47842187,0.5488759,IDP-ESM2-8M,67,310,0.17819857597351074,0.4159255027770996,0.02940436007607583,0.03213036060333252,0.031440981241491195
A0A127KLB1,2.071032762527466,5.145662784576416,0.6028349169221092,0.4536195993423462,0.515019287759055,2.050851,5.053135,0.6053015,0.48215058,0.51834637,IDP-ESM2-8M,67,310,0.020181655883789062,0.09252786636352539,0.002466582444651033,0.028530985116958618,0.0033270815074549764
A0A127KLJ5,1.9658143520355225,4.191742420196533,0.4161159152399342,0.3395844995975494,0.7505832129998813,1.9651096,4.4304304,0.4625904,0.37224978,0.67658794,IDP-ESM2-8M,67,310,0.0007047653198242188,0.23868799209594727,0.04647448116433217,0.03266528248786932,0.07399527373749115
A0A140F9E7,2.791699171066284,6.305559158325195,0.5021219638408703,0.3960903882980346,0.6419070877303595,2.7646186,6.47972,0.5205264,0.40808013,0.5955812,IDP-ESM2-8M,67,310,0.027080535888671875,0.17416095733642578,0.018404445308299655,0.011989742517471369,0.04632591383356999
A0A140HQX3,3.579965591430664,9.004738807678223,0.6195316334493641,0.466924250125885,0.5291427206543236,3.5756383,8.547354,0.5668997,0.44218048,0.56958824,IDP-ESM2-8M,67,310,0.004327297210693359,0.4573850631713867,0.05263191659526867,0.024743765592575073,0.04044552330701068
A0A142KCK0,2.050968170166016,4.751323699951172,0.5122493669296646,0.4073982536792755,0.6068036314127505,2.0916467,4.846268,0.5032943,0.40093148,0.6305579,IDP-ESM2-8M,67,310,0.04067850112914995,0.09494447708129883,0.008955077817573542,0.006466776132583618,0.023754263293975564
A0A192GNU8,5.987818717956543,14.581865310668944,0.6398101089340285,0.523834764957428,0.5694352343410043,4.990912,11.864967,0.56750554,0.46579075,0.7300653,IDP-ESM2-8M,67,310,0.9969067573547363,2.7168979644775373,0.07230457047043592,0.05804401636123657,0.1606300518185111
A0A1B1MQX9,3.7859179973602295,9.340727806091309,0.6404908434925272,0.5149634480476379,0.5090671111698764,3.7158148,8.817553,0.5666985,0.45294264,0.6019468,IDP-ESM2-8M,67,310,0.07010316848754883,0.5231752395629883,0.07379235191919342,0.06202080845832825,0.09287965997499059
A0A1B1SEH4,1.5803412199020386,3.982339382171631,0.5996079757237097,0.4684278964996338,0.5255005925230519,1.6203859,4.1309752,0.62248856,0.4899518,0.48076117,IDP-ESM2-8M,67,310,0.04004466533660889,0.1486358642578125,0.022880582568679197,0.021523892879486084,0.04473942213578386
A0A1B2CSH8,2.5782601833343506,6.398425102233887,0.6513316604319859,0.5276219844818115,0.5049293519500863,2.8670022,7.213582,0.67360747,0.5277965,0.46521783,IDP-ESM2-8M,67,310,0.2887420654296875,0.8151569366455078,0.022275808173055633,0.00017452239990234375,0.03971152319947591
A0A1C9EI46,2.489945411682129,6.195528030395508,0.6269772396327874,0.4757145941257477,0.5357081755708515,2.4589262,6.087241,0.62470174,0.502502,0.5485112,IDP-ESM2-8M,67,310,0.031019210815429688,0.10828685760498047,0.0022755012752434522,0.02678743004798889,0.012803031532877762
A0A1D7RB72,1.9689459800720213,4.266139507293701,0.4513915286894133,0.3737775683403015,0.684309003964057,2.000505,4.5309277,0.46573967,0.37304363,0.6782364,IDP-ESM2-8M,67,310,0.03155899047851585,0.2647881507873535,0.014348138726205606,0.0007339417934417725,0.0060725790411139124
A0A1D7RFJ1,2.204392671585083,5.50743579864502,0.6346817055378772,0.5000706315040588,0.4970203318711387,2.0528736,5.1188846,0.616339,0.48647606,0.50587463,IDP-ESM2-8M,67,310,0.1515190601348877,0.3885512351989755,0.018342677656254858,0.013594567775726318,0.008854301917923801
A0A1D7RII7,2.044349670410156,4.5980329513549805,0.4734368901302269,0.3813219368457794,0.6570558955308754,2.0169392,4.6013975,0.4747497,0.3785923,0.66236556,IDP-ESM2-8M,67,310,0.027410507202147993,0.00336456298828125,0.0013128240058967733,0.0027296245098114014,0.005309660232369229
A0A1D7S6P1,2.00423002243042,4.515280246734619,0.463345311655874,0.3635380566120147,0.6713449975448006,2.0197906,4.594123,0.47253233,0.3780186,0.66794217,IDP-ESM2-8M,67,310,0.015560626983642578,0.0788426399230957,0.00918702028763796,0.01448053121566778,0.0034028312163704166
A0A1D7SND7,2.1113455295562744,5.314593315124512,0.6166155454336859,0.4700080156326294,0.509848143465673,2.0536923,5.039837,0.5964303,0.47219378,0.5213076,IDP-ESM2-8M,67,310,0.057653188705444336,0.27475643157958984,0.020185243767426142,0.0021857619285583496,0.011459444157923215
A0A1D8KSZ5,2.179481267929077,5.340997695922852,0.6200727899466539,0.4766835868358612,0.5210722105049811,2.0407329,5.082332,0.6238908,0.4958864,0.504037,IDP-ESM2-8M,67,310,0.1387484073638916,0.2586655616760254,0.003818027218720821,0.01920279860496521,0.017035187914343886
A0A1S5YE66,2.509702444076538,5.940449237823486,0.6009339585550981,0.4720349013805389,0.5542984021627527,2.5761945,6.346357,0.62526524,0.49494323,0.50860137,IDP-ESM2-8M,67,310,0.06649208068847656,0.40590763092041016,0.024331282114152364,0.022908329963684138,0.04569703468915043
A0A1V0EDG6,1.6132383346557615,3.438559055328369,0.3152920629862634,0.3153857290744781,0.9494192382778732,1.6231053,3.195352,0.39099944,0.3623078,0.85483754,IDP-ESM2-8M,67,310,0.009866952896118386,0.24320697784423828,0.07570737339221562,0.046922057867050226,0.09458170146604461
A0A1V0SDB7,4.489760875701904,11.568591117858888,0.6573779861450181,0.507214367389679,0.5060329530051567,4.158612,10.144695,0.6023921,0.47570175,0.57050174,IDP-ESM2-8M,67,310,0.3311491012573242,1.4238958358764666,0.05498590869903419,0.03151261806488037,0.06446879174200515
A0A1V0SEI4,1.8049743175506592,4.313685417175293,0.5931744901858961,0.4863773584365845,0.5769133024404413,1.7851299,4.267638,0.5864662,0.48437694,0.5839045,IDP-ESM2-8M,67,310,0.019844412803649902,0.046047210693359375,0.00670829698673836,0.0020004212856292725,0.006991202335559721
A0A1V0SIV1,4.092967033386231,10.263998985290527,0.6616554293564167,0.5182355642318726,0.5371780134485428,4.01245,10.149969,0.6774976,0.5235297,0.46534532,IDP-ESM2-8M,67,310,0.08051681518554776,0.1140298843383789,0.015842195994535402,0.005294144153594971,0.07183269036275786
A0A1Z1LW78,1.971238732337952,4.193475246429443,0.4217051400281547,0.3493303656578064,0.7390094703350831,1.9783399,4.392191,0.45259,0.37142694,0.7096827,IDP-ESM2-8M,67,310,0.007101178169250044,0.1987156867980957,0.030884848680341415,0.022096574306488037,0.029326767316894653
A0A218MKB4,2.4305977821350098,6.414882659912109,0.664427247066988,0.503869891166687,0.4626680262691808,2.764318,6.80527,0.6195382,0.49239776,0.5643748,IDP-ESM2-8M,67,310,0.33372020721435547,0.39038753509521484,0.044889059086336114,0.011472135782241821,0.10170677822758434
A0A218MLX2,2.2404134273529053,5.581320762634277,0.6197461003681595,0.4783703684806824,0.5157592547026453,2.1220903,5.239327,0.6041702,0.48167908,0.54399914,IDP-ESM2-8M,67,310,0.11832308769226074,0.3419938087463379,0.01557589715923613,0.003308713436126709,0.028239880791586902
A0A218MLZ4,2.0229969024658203,5.101109027862549,0.6566728231049523,0.5108522176742554,0.4970506182991432,2.0767438,5.3511815,0.6704185,0.53437674,0.47536692,IDP-ESM2-8M,67,310,0.053746938705444336,0.2500724792480469,0.013745677795316213,0.02352452278137207,0.021683698066370383
A0A218MM47,3.1168549060821533,7.986937999725342,0.6447501281368233,0.4965139627456665,0.4954749121331038,2.971105,7.29482,0.61103344,0.47978795,0.5538441,IDP-ESM2-8M,67,310,0.14574980735778809,0.6921181678771973,0.03371668850059284,0.016726016998291016,0.05836918214332443
A0A218MM62,4.081226825714111,10.062661170959473,0.6246471831716158,0.4865365922451019,0.5488440474785344,4.153472,10.309305,0.66286623,0.51054996,0.4966165,IDP-ESM2-8M,67,310,0.07224512100219727,0.2466440200805664,0.03821905160774208,0.024013370275497492,0.05222753494153187
A0A218MME3,2.288226127624512,6.068570613861084,0.6653610907555472,0.5181605815887451,0.4758832465658302,2.3116753,5.6318083,0.60062593,0.48643047,0.57993746,IDP-ESM2-8M,67,310,0.023449182510375532,0.43676233291625977,0.06473515853890288,0.03173011541366577,0.10405421147249988
A0A218MMI9,2.0292177200317383,5.185769081115723,0.6451522628358277,0.5019322037696838,0.4984181402727931,2.1449847,5.4455967,0.6581948,0.52337694,0.47868493,IDP-ESM2-8M,67,310,0.11576700210571289,0.2598276138305664,0.013042517513903729,0.021444737911224365,0.01973320827930858
A0A222ZRZ9,1.94344699382782,4.277808666229248,0.4051126389034917,0.3642769753932953,0.8110007899873909,2.0934577,4.675108,0.45767522,0.38178468,0.71969694,IDP-ESM2-8M,67,310,0.15001070499420144,0.39729928970336914,0.052562579678661625,0.017507702112197876,0.09130385099584426
A0A249XMM6,1.6557856798171997,4.130429267883301,0.6309601030046016,0.5186854004859924,0.5061356267906943,1.751621,4.427385,0.6260239,0.49687523,0.49753323,IDP-ESM2-8M,67,310,0.09583532810211182,0.29695558547973633,0.004936214416649931,0.021810173988342285,0.008602394817046277
A0A290GQ28,1.6348572969436646,4.083806037902832,0.6187177918281845,0.4939922392368316,0.5169491376540912,1.5291656,3.8143647,0.62003493,0.5031489,0.51300997,IDP-ESM2-8M,67,310,0.10569167137145996,0.2694413661956787,0.001317141262025423,0.009156674146652277,0.0039391722343219415
A0A2D1GNS7,1.8512448072433472,4.60044002532959,0.6035361502716443,0.4949381351470947,0.545356650185253,1.6173003,3.878188,0.57063913,0.4850238,0.6016855,IDP-ESM2-8M,67,310,0.23394453525543213,0.7222521305084229,0.03289701681827517,0.0099143385887146,0.05632887380156337
A0A2D1M0A0,3.298692226409912,6.922819137573242,0.2985573743730573,0.2918419241905212,1.2573749289252132,3.5170922,7.5122404,0.37261045,0.33372077,0.947318,IDP-ESM2-8M,67,310,0.2184000015258789,0.589421272277832,0.0740530754178973,0.04187884926795965,0.3100569114424556
A0A2D3I5T4,3.451622009277344,8.706274032592773,0.6295244426607188,0.4894634187221527,0.546063700050671,3.3505304,8.341478,0.6399248,0.50550485,0.5473093,IDP-ESM2-8M,67,310,0.10109162330627486,0.3647956848144531,0.010400381577104656,0.016041427850723267,0.0012455793911625435
A0A2I6SBY4,2.594749212265014,6.508121490478516,0.6986696982329124,0.5682637691497803,0.4881013377851256,2.4217465,6.3239183,0.73726314,0.5835761,0.33548743,IDP-ESM2-8M,67,310,0.17300271987914995,0.1842031478881836,0.03859344482967919,0.0153123140335083,0.15261391245782457
A0A2I6SCK6,2.622429132461548,6.629944324493408,0.6690171733462428,0.5365170240402222,0.5056712455598064,2.3131106,5.538161,0.602648,0.49985972,0.5941323,IDP-ESM2-8M,67,310,0.30931854248046875,1.0917835235595703,0.06636915355559336,0.03665730357170105,0.088461058631783
A0A2K9VSC6,3.427680969238281,8.356828689575195,0.6318270424446829,0.503365695476532,0.5410531962453318,3.3903563,8.181206,0.6089522,0.48422223,0.53851,IDP-ESM2-8M,67,310,0.03732466697692827,0.17562294006347656,0.022874818190074753,0.01914346218109131,0.0025431716977548646
A0A2P1GNK0,3.414996862411499,7.886669158935547,0.5373644190203403,0.4228023290634155,0.6172256564296388,3.3280785,7.7877026,0.5076413,0.3990841,0.6490313,IDP-ESM2-8M,67,310,0.08691835403442383,0.09896659851074219,0.02972310356013519,0.02371823787689209,0.03180562504161366
A0A2R3UAC7,1.9004806280136108,4.757969379425049,0.6162382695188977,0.4949345886707306,0.5143414017940166,1.8018262,4.4249387,0.59882635,0.47719237,0.52589995,IDP-ESM2-8M,67,310,0.09865438938140869,0.33303070068359375,0.017411920737312014,0.01774221658706665,0.011558544895589162
A0A2R8FEN2,2.33327579498291,5.175539970397949,0.405441907441057,0.3217991888523102,0.7588114810748304,2.6611094,5.8609953,0.41124767,0.33376515,0.7869235,IDP-ESM2-8M,67,310,0.3278336524963379,0.685455322265625,0.005805763209425163,0.011965960264205933,0.028112046642759903
A0A2S1MMK3,3.2598886489868164,6.600038528442383,0.2841809138183052,0.2845881879329681,1.3218299414137151,3.5447295,7.5764503,0.37454647,0.33526072,0.94499016,IDP-ESM2-8M,67,310,0.28484082221984863,0.9764118194580078,0.09036555443959887,0.05067253112792974,0.37683978333266044
A0A2S1MQZ2,3.3505961894989014,7.139304637908936,0.296965963842941,0.3050320148468017,1.282592490148828,3.5509706,7.59334,0.3745493,0.33483234,0.94486177,IDP-ESM2-8M,67,310,0.20037436485290527,0.4540352821350089,0.07758333563558989,0.029800325632095392,0.33773072047261943
A0A2S1MU58,3.2810263633728027,6.657950401306152,0.2883860612688559,0.285024881362915,1.3062884956447942,3.599924,7.712298,0.3735981,0.3338386,0.94495785,IDP-ESM2-8M,67,310,0.31889772415161133,1.0543475151062012,0.0852120374860269,0.0488137304782868,0.3613306432812078
A0A2S1N1Y6,3.342329740524292,6.765670299530029,0.2874389073734367,0.2914789021015167,1.3338580585629798,3.5505323,7.5737915,0.36933574,0.33227307,0.9566958,IDP-ESM2-8M,67,310,0.20820260047912598,0.8081212043762207,0.08189683343123555,0.040794163942337036,0.3771622635037757
A0A2S1N210,3.4059529304504395,6.964351177215576,0.3059835642194527,0.3099592328071594,1.2536796663144492,3.5523705,7.598014,0.3757138,0.3352216,0.9402844,IDP-ESM2-8M,67,310,0.14641761779785156,0.6336627006530762,0.06973023120405497,0.02526235580444336,0.31339529493841156
A0A2U7U7R7,3.315234661102295,7.333038330078125,0.4868864726504657,0.4146440029144287,0.6949552644751833,3.2216177,7.32819,0.47973034,0.38746792,0.6857865,IDP-ESM2-8M,67,310,0.09361696243286133,0.004848480224609375,0.007156134792265623,0.027176082134246826,0.009168778803186228
A0A2Z4HI38,3.0442774295806885,7.3843278884887695,0.6407171756642565,0.5174529552459717,0.5074633767314188,3.2159352,7.8219347,0.60024583,0.46152735,0.5079263,IDP-ESM2-8M,67,310,0.17165780067443848,0.4376068115234375,0.040471342267344834,0.055925607681274414,0.00046290853545738475
A0A2Z4Q913,2.1502459049224854,4.378789901733398,0.4162290149393213,0.3759308755397796,0.7699699543583965,1.9286038,3.861669,0.34672993,0.32114092,0.9340936,IDP-ESM2-8M,67,310,0.2216421365737915,0.5171208381652832,0.06949908072377564,0.05478996038436884,0.16412364019268988
A0A2Z6E9I5,2.319731950759888,5.522351264953613,0.5299537244349943,0.4051851630210876,0.5823514736343476,2.1956642,5.119997,0.5176082,0.41172898,0.6122426,IDP-ESM2-8M,67,310,0.12406778335571333,0.40235424041748047,0.012345499089382761,0.006543815135955866,0.02989110582579646
A0A345L4V0,2.696937799453736,6.949807167053223,0.6572730233412479,0.5058786273002625,0.4907672098782911,2.637471,6.568283,0.63563704,0.50133175,0.5203597,IDP-ESM2-8M,67,310,0.059466838836670366,0.38152408599853516,0.02163597843463172,0.0045468807220458984,0.029592485079442066
A0A345M6E7,2.606120586395264,6.809617519378662,0.6532757384826534,0.4931562840938568,0.4965874643095387,2.6332884,6.587009,0.64013076,0.503241,0.50943583,IDP-ESM2-8M,67,310,0.027167797088622603,0.2226085662841797,0.013144980197130951,0.010084718465805054,0.012848368190919057
A0A346RNU7,3.3227643966674805,8.175378799438477,0.6503182953790471,0.5193268060684204,0.5187851243328505,3.5831428,8.54669,0.5842599,0.46898508,0.60002345,IDP-ESM2-8M,67,310,0.260378360748291,0.3713111877441406,0.06605836810625043,0.05034172534942627,0.08123832413440413
A0A346TPN1,4.408052444458008,10.907059669494627,0.6506273635960257,0.5229142904281616,0.5183094987792928,4.4014387,10.58268,0.5932582,0.47298867,0.5762756,IDP-ESM2-8M,67,310,0.006613731384277344,0.3243799209594709,0.057369161520067435,0.04992562532424927,0.0579660883026164
A0A346TQ06,3.217326164245605,8.23790168762207,0.6495941875294857,0.5112987756729126,0.5071637375637287,3.0108094,7.404298,0.6370316,0.49919784,0.4826788,IDP-ESM2-8M,67,310,0.20651674270629838,0.8336038589477539,0.012562572749059697,0.012100934982299805,0.024484936742424357
A0A385DYQ6,1.966551780700684,4.539400100708008,0.4863956058733037,0.3951714336872101,0.6418411259078547,1.7124019,3.77321,0.46006927,0.37559298,0.694008,IDP-ESM2-8M,67,310,0.25414991378784224,0.7661900520324707,0.026326336931424443,0.01957845687866211,0.05216686683659111
A0A385UFY3,2.3994150161743164,6.275096416473389,0.6631745958934495,0.5130667090415955,0.4829527925997378,2.3965771,5.938019,0.62718594,0.4966323,0.52376646,IDP-ESM2-8M,67,310,0.0028378963470458984,0.33707761764526367,0.03598865515095684,0.016434401273727417,0.0408136654347776
A0A386QVQ8,2.734660387039185,6.101107120513916,0.4878709977594571,0.3813973367214203,0.6561646022380477,2.7494042,6.430091,0.5171984,0.40499768,0.593866,IDP-ESM2-8M,67,310,0.014743804931640181,0.32898378372192383,0.029327386048678905,0.023600339889526367,0.062298611599314824
A0A3G1T4F7,3.258296489715576,6.167337417602539,0.2310427642400523,0.2841757237911224,1.616462166352992,4.049209,8.692419,0.3623223,0.32636148,0.98850054,IDP-ESM2-8M,67,310,0.7909126281738281,2.5250816345214844,0.13127953643247883,0.04218575358390814,0.6279616308648632
A0A3G2JTZ9,3.233388900756836,8.25230598449707,0.6480873790630018,0.5095521211624146,0.4910970974253947,3.3075867,8.008066,0.61825025,0.4884182,0.49451077,IDP-ESM2-8M,67,310,0.07419776916503906,0.24423980712890625,0.02983712824665663,0.02113392949104309,0.003413672418660474
A0A3G3M5R8,2.0614547729492188,4.553867340087891,0.4499045259041163,0.3544094860553741,0.7010494661642505,2.051397,4.607661,0.45848086,0.3716519,0.7000393,IDP-ESM2-8M,67,310,0.010057687759399414,0.05379343032836914,0.008576338859143606,0.017242401838302668,0.0010101390196276538
A0A3G4S8X8,3.1464829444885254,7.753713607788086,0.6118280000556596,0.4950523376464844,0.5244472376899807,2.9884243,7.1477547,0.582583,0.4591694,0.54477894,IDP-ESM2-8M,67,310,0.15805864334106445,0.6059589385986328,0.029244989858973836,0.03588294982910156,0.02033170537184792
A0A3G4ZTT1,1.9531021118164065,4.016551017761231,0.2761185934638017,0.2841943800449371,1.1004211432548214,2.68395,6.06897,0.4463273,0.37039858,0.75362664,IDP-ESM2-8M,67,310,0.7308478355407713,2.052419185638427,0.17020870541582173,0.08620420098304754,0.3467944986434628
A0A3G4ZXU7,4.654218673706055,11.763751983642578,0.6540346769797389,0.5049728155136108,0.5695889438662011,4.7964964,11.983117,0.6671932,0.51835054,0.49606305,IDP-ESM2-8M,67,310,0.14227771759033203,0.21936511993408203,0.013158497382443679,0.013377726078033447,0.0735258902582604
A0A3G5A3I8,1.6288326978683472,3.911943435668945,0.5385162037107016,0.4266685545444488,0.5339059868051762,1.5858251,3.8050146,0.5246289,0.402884,0.5314044,IDP-ESM2-8M,67,310,0.043007612228393555,0.10692882537841752,0.013887326070931127,0.023784548044204656,0.002501610775207941
A0A3G5A3J2,3.186368703842163,7.91688346862793,0.6282266454315327,0.5006775856018066,0.5502917273074657,3.3741007,8.4880295,0.63306767,0.49965075,0.51747537,IDP-ESM2-8M,67,310,0.18773198127746582,0.5711460113525391,0.004841022052750721,0.001026839017868042,0.032816360715058446
A0A3G5AHA4,1.6944257020950315,4.232326030731201,0.6134958172688473,0.4780369997024536,0.5324287627920643,1.6854889,4.0723743,0.59165955,0.48004782,0.56060344,IDP-ESM2-8M,67,310,0.008936762809753196,0.15995168685913086,0.021836271370409777,0.002010822296142578,0.028174677015827543
A0A3G5AK89,2.089275598526001,5.272712230682373,0.662225819805352,0.5435607433319092,0.5139726945294923,2.0609834,5.146713,0.658479,0.53435683,0.5048518,IDP-ESM2-8M,67,310,0.028292179107666016,0.12599945068359375,0.003746844509331493,0.009203910827636719,0.00912087644477555
A0A3G5Q4F5,1.5226686000823977,3.490796089172364,0.5356812364712318,0.4351945221424103,0.5875884618735578,1.6884099,3.9657714,0.53369236,0.43587902,0.5866716,IDP-ESM2-8M,67,310,0.16574132442474343,0.47497534751892,0.0019888765469153746,0.0006844997406005859,0.0009168710685041326
A0A3Q8Q9R0,2.382720470428467,5.565806865692139,0.5304003378180376,0.4050022959709167,0.5985429552382495,2.471119,5.8587403,0.53408504,0.42167732,0.6030393,IDP-ESM2-8M,67,310,0.08839845657348633,0.29293346405029297,0.0036846975060590426,0.016675025224685724,0.004496369045350335
A0A3R5WKS6,3.475796937942505,6.998587608337402,0.327529153868032,0.3119975626468658,1.1714991142261717,3.5869846,7.7014637,0.37807882,0.3354976,0.9342791,IDP-ESM2-8M,67,310,0.11118769645690918,0.702876091003418,0.05054966445319603,0.02350002527236944,0.23722003002054426
A0A401IPA0,3.0342819690704346,7.858088493347168,0.6610119290582607,0.5111739635467529,0.4984099034686999,3.1564097,7.886985,0.6460977,0.5062645,0.53459597,IDP-ESM2-8M,67,310,0.12212777137756348,0.028896331787109375,0.014914209388918631,0.0049094557762146,0.03618606287041143
A0A410I670,3.478311061859131,7.134609699249268,0.3288050018337878,0.3083187639713287,1.163378104835931,3.586068,7.7050934,0.37919843,0.33630702,0.9332471,IDP-ESM2-8M,67,310,0.1077568531036377,0.5704836845397949,0.05039343013490116,0.027988255023956354,0.23013101544994474
A0A410S812,3.205979585647583,7.93245792388916,0.6396956373448753,0.4871696829795837,0.5245685472363526,3.2389147,7.835867,0.61928713,0.49180645,0.51246566,IDP-ESM2-8M,67,310,0.032935142517089844,0.09659099578857422,0.020408504128017424,0.004636764526367243,0.01210289143267218
A0A411HB56,3.111156702041626,8.04489517211914,0.6798142434149211,0.5326961874961853,0.483698905456363,3.0170288,7.302469,0.589653,0.46925524,0.6077379,IDP-ESM2-8M,67,310,0.09412789344787598,0.7424263954162598,0.09016122827820239,0.0634409487247467,0.1240389933702361
A0A481TD43,1.5093594789505005,3.771547794342041,0.5988172055763196,0.462121844291687,0.5121423949521163,1.5332357,3.8370528,0.59924424,0.47913647,0.51355106,IDP-ESM2-8M,67,310,0.023876190185546875,0.0655050277709961,0.00042703136978639034,0.017014622688293457,0.0014086614329239522
A0A481V8U6,3.613347053527832,8.910064697265625,0.6233454770084543,0.4738404750823974,0.5297260452897192,3.565234,8.576801,0.59077895,0.45920256,0.522983,IDP-ESM2-8M,67,310,0.048113107681274414,0.3332633972167969,0.03256653013192845,0.014637917280197088,0.006743030706131581
A0A481Z0P8,2.308867931365967,5.467979907989502,0.6609540366426158,0.5794170498847961,0.5504505061625644,2.0388489,4.988805,0.654296,0.55866027,0.55741715,IDP-ESM2-8M,67,310,0.2700190544128418,0.4791750907897949,0.006658055712287392,0.020756781101226807,0.006966648149569377
A0A481Z6X1,5.9017333984375,14.364033699035645,0.6235590933322076,0.4683912396430969,0.5603760197262019,5.062772,12.286975,0.6337037,0.4850132,0.47965777,IDP-ESM2-8M,67,310,0.8389616012573242,2.077058792114258,0.010144615316474037,0.016621947288513184,0.08071825052301584
A0A482JE07,1.87541139125824,4.148603916168213,0.3878611644865016,0.3481480479240417,0.8314970801389924,1.9342737,4.1430273,0.4144328,0.35821927,0.7882265,IDP-ESM2-8M,67,310,0.05886232852935769,0.005576610565185547,0.026571629369165517,0.010071218013763483,0.043270594886612
A0A4D5XEU4,1.545340895652771,3.438317060470581,0.38480349901181,0.4000270068645477,0.7695534447533046,1.4304773,2.936976,0.3725111,0.31640866,0.85525155,IDP-ESM2-8M,67,310,0.11486363410949707,0.5013411045074463,0.012292410163695977,0.08361834287643427,0.08569810592113392
A0A4D5XFS9,5.300223350524902,13.23559856414795,0.6615023904789435,0.5317230224609375,0.5790803403520359,4.9099665,12.329462,0.6998029,0.56963027,0.5360742,IDP-ESM2-8M,67,310,0.3902568817138672,0.9061365127563477,0.03830048503985528,0.03790724277496338,0.043006119217850136
A0A4D5XFZ8,2.8461170196533203,7.294411659240723,0.6537219918718151,0.5198452472686768,0.549476576333427,2.9743803,6.9990406,0.5610831,0.48618636,0.6956221,IDP-ESM2-8M,67,310,0.12826323509216309,0.29537105560302734,0.09263891348741571,0.033658891916275024,0.14614551019153643
A0A4P1QFK2,1.5440804958343506,3.8368444442749023,0.5997612129952982,0.4710297286510467,0.5116576521559767,1.544419,3.801127,0.5934149,0.4780478,0.5217153,IDP-ESM2-8M,67,310,0.00033855438232421875,0.03571748733520508,0.006346310308225411,0.0070180594921112616,0.010057631237883169
A0A4Y1NU38,2.108681917190552,5.383891105651856,0.6552031329004492,0.5205898880958557,0.4864360887710729,2.0463116,5.1375294,0.6297842,0.50068146,0.51110214,IDP-ESM2-8M,67,310,0.062370300292969194,0.24636173248291104,0.025418906482907677,0.019908428192138672,0.024666051178725668
A0A4Y5NGG5,1.488053798675537,3.569210767745972,0.5733947739540645,0.4659273624420166,0.5396113494323788,1.5261965,3.7629673,0.58575344,0.47074363,0.51710886,IDP-ESM2-8M,67,310,0.03814268112182617,0.19375658035278276,0.012358666902869131,0.004816263914108276,0.022502491800695412
A0A4Y6EML4,1.6471744775772097,4.050157070159912,0.6108443575846848,0.5019797682762146,0.5432856390183561,1.7184956,4.3852787,0.6331662,0.50490165,0.4969651,IDP-ESM2-8M,67,310,0.07132112979888894,0.33512163162231445,0.022321836377412363,0.002921879291534424,0.0463205287163847
A0A515J3G6,3.117716789245605,7.200139045715332,0.5008762452511145,0.3895580172538757,0.6422368703528318,3.1773715,7.4004073,0.50802803,0.39789855,0.62038475,IDP-ESM2-8M,67,310,0.0596547126770024,0.20026826858520508,0.007151785144393297,0.008340537548065241,0.021852117602435106
A0A5B8IIW6,1.917479395866394,5.0556511878967285,0.6623207656927411,0.5235470533370972,0.4884845146228058,1.8882749,4.85867,0.6701233,0.5251567,0.44682264,IDP-ESM2-8M,67,310,0.029204487800598145,0.19698095321655273,0.007802513401954925,0.0016096234321594238,0.04166187134277649
A0A5C0PG83,1.4857935905456543,3.5393993854522705,0.5680808352993678,0.4534246921539306,0.5351266062828508,1.389552,3.4122565,0.5758372,0.4629939,0.51913613,IDP-ESM2-8M,67,310,0.09624159336090088,0.12714290618896484,0.007756359620218367,0.009569197893142756,0.015990475473066867
A0A5C0ZRE4,2.8044092655181885,6.816354751586914,0.5144153319640788,0.3894449174404144,0.6267162441386578,2.8595507,6.6809263,0.51745486,0.41625294,0.62220967,IDP-ESM2-8M,67,310,0.055141448974609375,0.13542842864990234,0.003039530630525644,0.026808023452758845,0.004506575979172922
A0A5C0ZSQ4,2.68814754486084,6.258180618286133,0.4670037821722773,0.3669959604740143,0.7155613297768408,2.7224815,6.2474747,0.48687738,0.3940086,0.67232984,IDP-ESM2-8M,67,310,0.03433394432067871,0.010705947875976562,0.019873599629327943,0.027012646198272705,0.04323148673255983
A0A5C0ZTE6,2.791921377182007,6.571520805358887,0.5006899999490548,0.4019567966461181,0.6568653877083379,2.8674645,6.728025,0.5251133,0.4216064,0.6104771,IDP-ESM2-8M,67,310,0.07554316520690918,0.15650415420532227,0.024423284638805276,0.019649595022201594,0.04638829782644094
A0A5C0ZTP4,2.818032741546631,6.756260871887207,0.504431404473144,0.3768692314624786,0.6548996445190449,2.8404517,6.623115,0.5142515,0.4138155,0.6266528,IDP-ESM2-8M,67,310,0.022418975830078125,0.13314580917358398,0.009820066092651847,0.0369462668895722,0.028246867324068115
A0A5C0ZTQ7,2.703681230545044,6.382188320159912,0.4822366511716982,0.3797498345375061,0.6812217606498217,2.8585424,6.638203,0.50971764,0.4102641,0.6394658,IDP-ESM2-8M,67,310,0.1548612117767334,0.2560148239135742,0.027480992089257583,0.030514270067214966,0.04175595178141345
A0A5J6VNB5,4.484430313110352,10.918362617492676,0.6127364937226248,0.4858478307723999,0.5449001940031335,4.3115373,10.289152,0.56891334,0.45677665,0.6482136,IDP-ESM2-8M,67,310,0.17289304733276367,0.6292104721069336,0.04382315315408236,0.029071182012557983,0.10331343095109013
A0A5K0U8Q2,3.3283960819244385,7.48097038269043,0.2973982524726141,0.3133182227611542,1.3511336541985206,4.6316233,10.684225,0.4842107,0.40236893,0.7840445,IDP-ESM2-8M,67,310,1.303227186203003,3.2032546997070312,0.18681244732406255,0.08905071020126343,0.5670891500328712
A0A5K0UBH9,4.41580057144165,10.8336820602417,0.6033854417359976,0.4876871407032013,0.5956970284262433,4.1086493,10.176573,0.6268795,0.4884497,0.54416007,IDP-ESM2-8M,67,310,0.30715131759643555,0.657109260559082,0.023494071527704774,0.00076255202293396,0.05153696039111755
A0A5P9UM97,2.065516948699951,5.137476921081543,0.5833253924386199,0.436070442199707,0.5448611787909484,1.980785,4.6114745,0.5207807,0.4308344,0.6589436,IDP-ESM2-8M,67,310,0.08473193645477295,0.5260024070739746,0.06254470987483818,0.005236029624938909,0.11408241471109626
A0A646QWB4,1.9488755464553835,4.932109832763672,0.6355374472555494,0.4985212385654449,0.4907935967422912,1.9063106,4.711751,0.60768765,0.48351046,0.51287305,IDP-ESM2-8M,67,310,0.042564988136291726,0.22035884857177734,0.027849795144495926,0.015010774135589544,0.022079456808428988
A0A646QWN2,1.7561979293823242,4.680685997009277,0.6547537543648454,0.5016769170761108,0.4840261979142593,1.8862402,4.7381616,0.6515608,0.52949023,0.5006243,IDP-ESM2-8M,67,310,0.13004231452941895,0.05747556686401367,0.0031929709786149285,0.027813315391540527,0.016598101135118115
A0A649VCB5,1.489443063735962,3.4602081775665283,0.4791856208831008,0.3966796994209289,0.6660032636183943,1.321146,3.03729,0.5069398,0.42136303,0.63952374,IDP-ESM2-8M,67,310,0.16829705238342285,0.42291808128356934,0.027754207512742712,0.024683326482772883,0.026479519035264465
A0A6B9LZ63,1.531480312347412,3.6910247802734375,0.5768459392952645,0.4677620828151703,0.538924811597111,1.5535241,3.7529032,0.5777064,0.4671421,0.54152596,IDP-ESM2-8M,67,310,0.022043824195861816,0.06187844276428223,0.0008604572844779224,0.0006199777126312256,0.0026011483714558636
A0A6C0RTL1,1.9406390190124512,4.92101001739502,0.6644913384345152,0.5365849137306213,0.491906412353955,1.8482366,4.8075385,0.6733959,0.5331967,0.4558885,IDP-ESM2-8M,67,310,0.09240245819091797,0.11347150802612394,0.008904533681573623,0.00338822603225708,0.03601790260358878
A0A6F9F3M6,1.7083008289337158,4.1363677978515625,0.5576078512723884,0.432770311832428,0.546211847698499,1.823369,4.466887,0.57716846,0.45512146,0.50717634,IDP-ESM2-8M,67,310,0.11506819725036621,0.3305191993713379,0.0195606133882561,0.02235114574432373,0.0390355080721867
A0A6G7AB66,2.324307441711426,5.5086517333984375,0.4961955633034676,0.3767195641994476,0.6282475404508202,2.3254075,5.4377584,0.5137836,0.40033215,0.6106155,IDP-ESM2-8M,67,310,0.0011000633239746094,0.0708932876586914,0.01758801080084149,0.023612588644027765,0.017632048583754778
A0A6G7AB88,2.5048677921295166,5.772026538848877,0.4918560589762943,0.3944780826568603,0.6388969106982498,2.513353,5.831481,0.50097513,0.3913585,0.6338387,IDP-ESM2-8M,67,310,0.00848531723022461,0.05945444107055664,0.009119073012231083,0.003119587898254339,0.005058197529151931
A0A6G8MYF8,3.109171867370605,6.8888936042785645,0.4605919818735983,0.3835797905921936,0.7155786473468506,3.1994548,7.0862837,0.41853482,0.3372534,0.7686653,IDP-ESM2-8M,67,310,0.09028291702270552,0.19739007949829102,0.042057166562166404,0.046326398849487305,0.05308666637385251
A0A6H0YEW0,1.4530494213104248,3.4959332942962646,0.5659099838319519,0.4593116044998169,0.536463108539515,1.3521824,3.265774,0.5669683,0.45807412,0.54927003,IDP-ESM2-8M,67,310,0.10086703300476074,0.23015928268432617,0.001058337968280032,0.0012374818325042725,0.012806925296849792
A0A6J5KPB0,1.940262794494629,4.997756004333496,0.635347432533523,0.5010284185409546,0.5059515879379463,1.8455943,4.536935,0.5991309,0.4821785,0.531655,IDP-ESM2-8M,67,310,0.09466850757598877,0.46082115173339844,0.036216504017135054,0.01884990930557251,0.025703425623302523
A0A6J5KRS4,1.841600060462952,4.71331787109375,0.6411823746501298,0.5143892765045166,0.4789484365746742,1.7811662,4.4447846,0.6203501,0.4951093,0.49293682,IDP-ESM2-8M,67,310,0.0604338645935063,0.26853322982788086,0.02083225219834761,0.01927998661994934,0.013988383217119649
A0A6J5KVQ0,2.048476219177246,5.10019063949585,0.6315246384900698,0.507749080657959,0.498998861871596,1.9645908,4.981989,0.6370861,0.5037866,0.49730477,IDP-ESM2-8M,67,310,0.08388543128967285,0.11820173263549805,0.005561454935680943,0.003962457180023193,0.0016940945013719788
A0A6J5L216,1.6491427421569824,4.148125648498535,0.6250542587252779,0.497600108385086,0.5238787492864336,1.9205782,4.8971806,0.6390366,0.5016543,0.44190574,IDP-ESM2-8M,67,310,0.2714354991912842,0.7490549087524414,0.013982337096102748,0.004054218530654963,0.08197301236321586
A0A6J5L2N6,2.3885140419006348,5.283689022064209,0.4652319396106885,0.3669088780879974,0.705653872243753,2.409479,5.55649,0.4886387,0.3897961,0.64621747,IDP-ESM2-8M,67,310,0.020964860916137695,0.27280092239379883,0.023406759444029535,0.02288722991943365,0.05943640684305718
A0A6J5L2W6,2.7410271167755127,6.884716987609863,0.648243484136246,0.5112985372543335,0.5146690957538637,2.95911,7.293748,0.68829143,0.54893047,0.4390413,IDP-ESM2-8M,67,310,0.21808290481567383,0.4090309143066406,0.04004794633708164,0.03763192892074585,0.07562780904693922
A0A6J5L549,2.5194334983825684,6.607528209686279,0.7087084739686093,0.5727629065513611,0.4739008834361188,2.5440881,6.5760183,0.70488894,0.56271,0.40984213,IDP-ESM2-8M,67,310,0.024654626846313477,0.0315098762512207,0.0038195341111263437,0.010052919387817383,0.06405874991408511
A0A6J5L8Y0,1.7133444547653198,4.003317356109619,0.5161254590211748,0.4125443398952484,0.5848645612650725,1.7639289,4.0662117,0.49686405,0.38906893,0.62047714,IDP-ESM2-8M,67,310,0.05058443546295166,0.06289434432983398,0.019261408394420032,0.02347540855407715,0.035612578684726115
A0A6J5LE62,1.9103301763534544,4.991016864776611,0.6278430242682339,0.475281149148941,0.5004230229907931,2.1410112,5.2074666,0.6029573,0.49001262,0.5507818,IDP-ESM2-8M,67,310,0.23068106174469016,0.21644973754882812,0.02488571597584499,0.014731466770172175,0.05035876345100987
A0A6J5LH85,2.0374104976654053,5.074304580688477,0.6139548801280195,0.4775563180446625,0.5233787845221934,2.1156669,5.229158,0.61079806,0.48470315,0.49815467,IDP-ESM2-8M,67,310,0.07825636863708496,0.15485334396362305,0.0031568192340070134,0.0071468353271484375,0.025224114522117147
A0A6J5LWJ3,2.128741502761841,5.335798263549805,0.6250663478941537,0.4979139566421509,0.5217617868710505,2.2492764,5.3554616,0.58099395,0.47620475,0.56563216,IDP-ESM2-8M,67,310,0.12053489685058594,0.019663333892822266,0.04407239752717984,0.021709203720092773,0.04387037760725154
A0A6J5LYG1,2.3131866455078125,5.926712512969971,0.6098650547512311,0.4626297056674957,0.5238549737141168,2.3036525,5.6793275,0.6050263,0.47726366,0.5300022,IDP-ESM2-8M,67,310,0.009534120559692383,0.24738502502441406,0.0048387500293988195,0.01463395357131958,0.0061472030475103745
A0A6J5M0M6,1.7717705965042114,4.504781246185303,0.6271893587424907,0.4977670311927795,0.488440116744676,1.7941442,4.4128184,0.6008365,0.48044062,0.5282383,IDP-ESM2-8M,67,310,0.022373557090759277,0.09196281433105469,0.026352843315854968,0.01732641458511347,0.03979817976411304
A0A6J5M1A9,1.84265685081482,4.538144111633301,0.6127705506787194,0.4674545228481293,0.51226935419039,1.6445626,4.119602,0.6095999,0.48798808,0.51746017,IDP-ESM2-8M,67,310,0.19809424877166815,0.41854190826416016,0.00317066235398189,0.02053356170654297,0.00519081321759951
A0A6J5M383,1.5285961627960205,3.78413462638855,0.6077885099965489,0.4805246591567993,0.5070767163617835,1.4989146,3.6861734,0.6034622,0.48123226,0.49580535,IDP-ESM2-8M,67,310,0.02968156337738037,0.0979611873626709,0.004326290758267626,0.0007075965404510498,0.011271363435529258
A0A6J5M440,1.5276983976364136,3.39880919456482,0.2913856917253634,0.3303119540214538,0.990110617048704,1.2261256,2.3602052,0.39565882,0.360528,0.8528126,IDP-ESM2-8M,67,310,0.3015727996826172,1.0386040210723881,0.10427312914217507,0.030216038227081354,0.1372980288338297
A0A6J5M597,2.643709659576416,5.997252941131592,0.4318120742886074,0.3301052749156952,0.698448324163709,2.365581,5.4677963,0.45625493,0.3467402,0.65423596,IDP-ESM2-8M,67,310,0.27812862396240234,0.529456615447998,0.02444285501551552,0.01663491129875183,0.044212365110669394
A0A6J5M692,1.822493076324463,4.669379711151123,0.6390697700093021,0.4939144849777221,0.4863950839330118,1.8785346,4.668416,0.6358722,0.5156397,0.5048751,IDP-ESM2-8M,67,310,0.05604147911071777,0.0009636878967285156,0.003197584779046969,0.02172523736953741,0.01848003956781219
A0A6J5MAS8,2.1650893688201904,5.263805389404297,0.6158747393641191,0.4940444231033325,0.5384956622425232,2.1637418,5.400133,0.63025177,0.5007198,0.51144475,IDP-ESM2-8M,67,310,0.0013475418090820312,0.13632774353027344,0.014377025887040595,0.006675362586975098,0.02705091479455568
A0A6J5MC63,2.8016586303710938,6.961949348449707,0.6031288759295002,0.466383695602417,0.5278455168192582,2.7353024,6.7330093,0.6106153,0.4782294,0.510567,IDP-ESM2-8M,67,310,0.06635618209838867,0.22894001007080078,0.007486437123630951,0.011845707893371582,0.01727850737025305
A0A6J5MCB3,1.8703848123550413,4.5616655349731445,0.6154428403147328,0.4941737353801727,0.553393290145209,1.8440413,4.6969175,0.65380865,0.5174749,0.4948574,IDP-ESM2-8M,67,310,0.026343464851379172,0.1352519989013672,0.038365813039911933,0.02330115437507635,0.058535889489462534
A0A6J5MEY7,1.8915536403656008,4.902362823486328,0.6421824886603738,0.5013214349746704,0.491231142549303,1.9465837,4.720054,0.6054638,0.49520925,0.5391816,IDP-ESM2-8M,67,310,0.05503010749816872,0.18230867385864258,0.03671868584589011,0.006112188100814819,0.04795044753095823
A0A6J5MKW9,2.030050039291382,5.019076347351074,0.6103785776773494,0.4662524461746216,0.5356390128241294,1.9682888,4.62232,0.55907255,0.46234256,0.5986795,IDP-ESM2-8M,67,310,0.06176126003265381,0.3967561721801758,0.051306023565868664,0.003909885883331299,0.06304047011272973
A0A6J5MMF3,2.902116775512696,7.015099048614502,0.5996799283274696,0.4610233306884765,0.5500109801533026,2.9422207,7.301499,0.6209227,0.48316035,0.50995076,IDP-ESM2-8M,67,310,0.04010391235351474,0.28639984130859375,0.021242756342024993,0.022137016057968195,0.04006022312663027
A0A6J5MV94,2.015759229660034,5.115356922149658,0.6570144500192278,0.5194626450538635,0.4945914656703048,2.0039418,5.068648,0.6364032,0.5014069,0.49896842,IDP-ESM2-8M,67,310,0.011817455291748047,0.04670906066894531,0.020611247008668676,0.018055737018585205,0.004376956742567495
A0A6J5N0T2,1.5212795734405518,3.808112859725952,0.6044258722958645,0.4800914525985718,0.5084191952789022,1.6480012,3.9050298,0.557112,0.45395702,0.5650237,IDP-ESM2-8M,67,310,0.12672162055969238,0.09691691398620605,0.04731389376498074,0.0261344313621521,0.05660452498553259
A0A6J5NF31,2.119502782821656,5.466895580291748,0.6200844703845975,0.4755373299121856,0.5128135252089381,2.220442,5.4118667,0.59682703,0.47500733,0.5180172,IDP-ESM2-8M,67,310,0.10093927383422763,0.05502891540527344,0.023257440202712698,0.0005300045013427179,0.005203647604477446
A0A6J5P529,2.162848949432373,5.6091718673706055,0.691572898064149,0.5486497282981873,0.4898559805596602,2.025717,5.0302806,0.6226847,0.5330838,0.5814751,IDP-ESM2-8M,67,310,0.137131929397583,0.5788912773132324,0.06888818088580428,0.015565931797027588,0.09161909849994065
A0A6J5PE78,1.9875787496566768,5.034602165222168,0.6338978360730717,0.5016485452651978,0.4957889682477281,1.8544829,4.802471,0.64629614,0.49583006,0.4561233,IDP-ESM2-8M,67,310,0.13309586048126176,0.2321310043334961,0.012398307458727609,0.005818486213684082,0.03966567580159164
A0A6J5PLB7,2.020073175430298,5.047544956207275,0.6143111537242621,0.476663589477539,0.5344777803761304,2.3781383,5.5494823,0.55634946,0.46485302,0.62533516,IDP-ESM2-8M,67,310,0.358065128326416,0.5019373893737793,0.05796169741398993,0.011810570955276434,0.09085737654144166
A0A6J5PPF9,1.7061916589736938,4.279221057891846,0.6547860485859764,0.5330156683921814,0.4899557079776512,1.7298043,4.2820573,0.6168007,0.50872934,0.50082225,IDP-ESM2-8M,67,310,0.023612618446350098,0.0028362274169921875,0.03798532312592395,0.024286329746246338,0.010866538097025313
A0A6J5PZI4,1.6224883794784546,3.997868061065674,0.6030021251897356,0.4779668152332306,0.5340823026706396,1.4569519,3.4459593,0.5644836,0.46692425,0.59226483,IDP-ESM2-8M,67,310,0.1655365228652954,0.5519087314605713,0.03851854221625539,0.011042565107345581,0.058182528395491984
A0A6J5SKE0,2.8966424465179443,7.138761043548584,0.6119392833104131,0.4701460003852844,0.5387540573442203,2.6621735,6.5764728,0.6168791,0.48569298,0.5083874,IDP-ESM2-8M,67,310,0.23446893692016602,0.5622882843017578,0.004939822257518989,0.015546977519989014,0.030366670545361685
A0A6J5SLP1,2.0461244583129883,4.970026969909668,0.6218597098562564,0.5136079788208008,0.5282991370210679,1.9243095,4.793598,0.6129473,0.49358237,0.53300446,IDP-ESM2-8M,67,310,0.12181496620178223,0.17642879486083984,0.008912424680932896,0.02002561092376709,0.004705325697895724
A0A6J7W7Z1,1.6932185888290403,4.09584379196167,0.5726955954085333,0.4482506811618805,0.5527525881049505,1.6659814,3.987466,0.5702935,0.4624365,0.56307214,IDP-ESM2-8M,67,310,0.02723717689514138,0.10837769508361816,0.0024021092902166696,0.014185816049575806,0.010319556880248437
A0A6J7WAM5,2.019427299499512,5.049814224243164,0.6014484866892835,0.4771013557910919,0.538404319072899,2.109777,5.0783877,0.58891237,0.48020142,0.5442611,IDP-ESM2-8M,67,310,0.09034967422485307,0.02857351303100586,0.012536118868543777,0.003100067377090454,0.005856778835121035
A0A6J7WD77,1.9971611499786377,4.934780597686768,0.5901598982433598,0.4573147296905517,0.5507199982628057,2.1887982,5.3575425,0.59210956,0.46730164,0.5372784,IDP-ESM2-8M,67,310,0.1916370391845703,0.4227619171142578,0.0019496627231319064,0.009986907243728693,0.013441584490222702
A0A6J7WRV8,1.9616855382919312,4.895794868469238,0.6283178327646388,0.4944463968276977,0.5054861465005982,1.9876409,4.941719,0.614247,0.48436505,0.50729674,IDP-ESM2-8M,67,310,0.02595531940460205,0.04592418670654297,0.014070808705343163,0.010081350803375189,0.0018105945081603458
A0A6J7WTJ4,1.7079490423202517,4.325766563415527,0.6287895850929492,0.4943699538707733,0.504946151151628,1.9406025,4.810403,0.61347497,0.48764232,0.50553423,IDP-ESM2-8M,67,310,0.23265349864959695,0.4846363067626953,0.015314619997429224,0.006727635860443115,0.0005880805111222465
A0A6J7WZ48,3.788250684738159,9.425588607788086,0.6375199120893881,0.498330682516098,0.5364660153564856,3.7500715,9.350225,0.6454883,0.50183123,0.5180704,IDP-ESM2-8M,67,310,0.03817915916442871,0.0753631591796875,0.007968409691770373,0.0035005509853363037,0.018395615595285686
A0A6J7WZH5,1.966899275779724,4.836903095245361,0.6237053169456142,0.4940366446971893,0.5223177910688358,1.9976563,5.039686,0.6245924,0.49102265,0.50079215,IDP-ESM2-8M,67,310,0.03075706958770774,0.20278310775756836,0.0008871064934117268,0.0030139982700347345,0.02152564533977086
A0A6J7X3M2,1.7714638710021973,4.478275299072266,0.6250413474301046,0.4981969594955444,0.508437284613557,1.8091862,4.3601665,0.59405124,0.48918325,0.5732648,IDP-ESM2-8M,67,310,0.03772234916687012,0.11810874938964844,0.03099010555540982,0.009013712406158392,0.0648274930468129
A0A6J7X4W8,2.1873183250427246,5.613360404968262,0.6508275771580236,0.5190792679786682,0.4893629363103153,2.0330603,5.2347784,0.6561478,0.5126857,0.47527105,IDP-ESM2-8M,67,310,0.15425801277160645,0.3785820007324219,0.005320200876186565,0.006393551826477051,0.014091890148663688
A0A6J7XE11,2.942026376724243,7.165003776550293,0.5908499771444945,0.4390562176704407,0.5539566671291283,2.7820098,6.8490505,0.6074193,0.47596958,0.5245027,IDP-ESM2-8M,67,310,0.16001653671264648,0.31595325469970703,0.01656933485578016,0.03691336512565613,0.02945397252234727
A0A6M2ZHS1,2.128337144851685,5.256349563598633,0.6073585253787999,0.4875721633434295,0.5208188538842814,1.9469793,4.8519793,0.61168194,0.48418236,0.51312697,IDP-ESM2-8M,67,310,0.181357860565186,0.4043703079223633,0.004323412792586856,0.0033898055553435724,0.0076918845468180175
A0A6M3TA11,1.4948583841323853,3.699122905731201,0.5815959889869131,0.4546993374824524,0.5303457064431648,1.5156217,3.7801554,0.6007841,0.48271388,0.5133861,IDP-ESM2-8M,67,310,0.020763278007507324,0.08103251457214355,0.01918813395696506,0.028014540672302246,0.01695963571486281
A0A6S4P8D4,2.9929144382476807,7.407697200775146,0.5943412471390286,0.4433763921260834,0.545024552587769,3.1691632,7.8396454,0.62830126,0.4859486,0.48560384,IDP-ESM2-8M,67,310,0.17624878883361816,0.4319481849670419,0.0339600157165012,0.042572200298309326,0.05942071342875721
A0A6S4P9N8,2.0385830402374268,5.153059005737305,0.6359434889647566,0.4999077916145324,0.4904776380081284,2.049787,5.0425987,0.6038809,0.47964182,0.53552294,IDP-ESM2-8M,67,310,0.011204004287719727,0.11046028137207031,0.032062606701573015,0.020265966653823797,0.04504529976652982
A0A6S4PA87,3.1965973377227783,8.497895240783691,0.6476650008895227,0.4855209290981293,0.4872370823331978,3.2143407,7.966952,0.64023685,0.50132054,0.51080424,IDP-ESM2-8M,67,310,0.017743349075317383,0.5309433937072754,0.007428146336300068,0.015799611806869507,0.02356715360201339
A0A6S4PGH2,2.025459051132202,5.075601100921631,0.6537960402589499,0.5327250957489014,0.5010359359080803,1.9035912,4.776525,0.6363138,0.51517874,0.50721,IDP-ESM2-8M,67,310,0.12186789512634277,0.2990760803222656,0.017482244215553888,0.017546355724334717,0.006174080342530086
A0A7D3USN0,4.542440891265869,10.77010726928711,0.6390184040106387,0.5048065781593323,0.5604886379774676,4.1765203,10.199076,0.5983699,0.4673025,0.56459785,IDP-ESM2-8M,67,310,0.3659205436706543,0.5710315704345703,0.040648507598742945,0.03750407695770264,0.00410920710004703
A0A7D5FH32,3.048115491867065,7.244829177856445,0.5283545225199422,0.4075994491577148,0.5874348983490154,2.972656,6.9446545,0.50825244,0.39772555,0.62218827,IDP-ESM2-8M,67,310,0.07545948028564409,0.3001747131347656,0.020102080636855035,0.009873896837234442,0.03475337174299509
A0A7I6MYG1,1.7122671604156494,3.868784904479981,0.4678834573078638,0.3887883126735687,0.6579925296126948,1.8208027,4.2057977,0.50857747,0.40930727,0.5969349,IDP-ESM2-8M,67,310,0.1085355281829834,0.3370127677917476,0.04069400870318357,0.020518958568572998,0.06105761502376661
A0A7M1CLG8,2.535005569458008,6.690586090087891,0.639170294676622,0.4826786816120147,0.5175234475940067,2.4977324,6.2088833,0.61133164,0.49112454,0.55681837,IDP-ESM2-8M,67,310,0.03727316856384277,0.4817028045654297,0.02783865300258026,0.008445858955383356,0.03929491845671351
A0A7M1RZ47,1.7416952848434448,4.505906581878662,0.6486272595017147,0.5162646770477295,0.4779409049832805,1.8528688,4.702466,0.6414621,0.5135875,0.4880107,IDP-ESM2-8M,67,310,0.11117351055145264,0.19655942916870117,0.007165171870489151,0.0026772022247314453,0.01006979953408399
A0A7S5RCY4,1.7682477235794067,4.191977024078369,0.4857089012317013,0.378863513469696,0.6379036389294076,1.7554083,3.9916878,0.49147898,0.40066925,0.63632005,IDP-ESM2-8M,67,310,0.012839436531066895,0.20028924942016602,0.005770078355853636,0.021805733442306574,0.0015835843983101894
A0A7S5UT98,1.778666853904724,4.239955902099609,0.4824962892444299,0.382173627614975,0.6478458862988754,1.6808054,3.763006,0.47419006,0.3896327,0.6600777,IDP-ESM2-8M,67,310,0.09786140918731667,0.47694993019104004,0.008306232920424761,0.007459074258804321,0.012231804779310629
A0A7S9SUD3,3.282820463180542,8.40090274810791,0.6417579082453827,0.4831784963607788,0.5042510513203461,3.0912037,7.702499,0.64017934,0.49916348,0.50403905,IDP-ESM2-8M,67,310,0.19161677360534668,0.6984038352966309,0.0015785721743682979,0.01598498225212097,0.00021200217178651837
A0A7S9XGD0,2.4575083255767822,6.167535305023193,0.6878485547044775,0.5608773231506348,0.4925327182061075,2.2992866,5.619848,0.65174115,0.5513558,0.5338044,IDP-ESM2-8M,67,310,0.15822172164916992,0.5476875305175781,0.036107407663156676,0.009521543979644775,0.04127169845038664
A0A7U3WA13,3.312040328979492,7.860169887542725,0.5386499819588466,0.4126134216785431,0.6012330171587885,4.2624235,10.214899,0.5568305,0.42473292,0.5689128,IDP-ESM2-8M,67,310,0.950383186340332,2.354729175567627,0.01818054343940778,0.012119501829147339,0.03232021303204902
A0A811BMM7,3.1070127487182617,7.55966854095459,0.6453828603877835,0.5360123515129089,0.5181866079777447,3.0805519,7.454665,0.58164954,0.4671365,0.6102011,IDP-ESM2-8M,67,310,0.026460886001586914,0.10500335693359375,0.06373331853292508,0.06887584924697876,0.09201451239884217
A0A858MR12,1.8592047691345213,4.1498308181762695,0.4055345373732325,0.3374395072460174,0.7696999491571298,1.7756729,3.7325811,0.40826327,0.34682256,0.8015407,IDP-ESM2-8M,67,310,0.08353185653686501,0.4172496795654297,0.002728728713345896,0.00938305258750921,0.03184072362195345
A0A8A4VK22,1.9432090520858765,4.907573223114014,0.6300450998790222,0.4998845756053924,0.5229752236147497,1.9744668,5.058647,0.6652624,0.5295949,0.48798814,IDP-ESM2-8M,67,310,0.0312577486038208,0.15107393264770508,0.03521730122495115,0.029710322618484553,0.03498707945543267
A0A8D9CCF9,1.8936651945114136,4.854350090026856,0.6734784878268495,0.5423930287361145,0.4864349329024752,1.9115846,4.8960567,0.65861183,0.52105767,0.45069933,IDP-ESM2-8M,67,310,0.017919421195983887,0.04170656204223544,0.014866653777624639,0.021335363388061523,0.03573560352625449
A0A8E5KAT9,2.132596969604492,5.142199516296387,0.6116969585626366,0.5118205547332764,0.5437685064394361,2.003653,4.9453354,0.6113418,0.4908743,0.5391056,IDP-ESM2-8M,67,310,0.12894392013549805,0.19686412811279297,0.00035518409898305237,0.020946264266967773,0.004662912281263476
A0A8F2E6U0,1.5949078798294067,2.895049333572388,0.3681295103062038,0.352189153432846,0.8427707730350098,1.6184244,3.3355055,0.4192264,0.38493648,0.83259004,IDP-ESM2-8M,67,310,0.023516535758972168,0.44045615196227983,0.051096897698556965,0.03274732828140264,0.010180729490240514
A0A8S5LF95,1.9319517612457275,4.757199287414551,0.6006585263798637,0.4741803705692291,0.5301617069577876,1.969439,4.81312,0.57944584,0.46460798,0.56033766,IDP-ESM2-8M,67,310,0.03748726844787598,0.05592060089111328,0.021212687451641066,0.009572386741638184,0.03017595573905074
A0A8S5LN82,1.4528896808624268,3.595461368560791,0.5720364307924491,0.4510329961776733,0.5176236187460806,1.4529454,3.522953,0.5688794,0.45302182,0.5301422,IDP-ESM2-8M,67,310,5.5670738220214844e-05,0.07250833511352539,0.0031570052667838633,0.0019888281822205145,0.01251856932612394
A0A8S5M1Q5,1.6224850416183472,3.9980335235595694,0.6185162416432978,0.4928246438503265,0.5031121777226791,1.6130273,3.8636463,0.57855797,0.4691323,0.54525405,IDP-ESM2-8M,67,310,0.009457707405090332,0.13438725471496493,0.03995827350364933,0.023692339658737127,0.04214187396265412
A0A8S5M989,1.5899041891098022,4.158450126647949,0.6685246426560615,0.527912974357605,0.4393451627506227,1.5181243,3.8734312,0.6206744,0.49463323,0.49584547,IDP-ESM2-8M,67,310,0.07177984714508057,0.2850189208984375,0.047850270936701134,0.033279746770858765,0.056500304101565424
A0A8S5MGS1,1.929514765739441,4.970736026763916,0.6433950997240373,0.5064929127693176,0.4825211048540552,2.0202088,4.9607,0.5980017,0.4768759,0.5380715,IDP-ESM2-8M,67,310,0.09069406986236572,0.010035991668701172,0.045393381202919136,0.029617011547088623,0.05555040832190916
A0A8S5N1K7,1.5410645008087158,3.71420693397522,0.5309891457663651,0.4290585219860077,0.5803345502127267,1.4678963,3.4400144,0.52798426,0.42471805,0.585168,IDP-ESM2-8M,67,310,0.07316815853118896,0.2741925716400151,0.003004884253608786,0.004340469837188721,0.004833453823222977
A0A8S5N469,1.541072964668274,3.841866254806519,0.6019365020107631,0.4722701013088226,0.5189418504299111,1.49226,3.7234478,0.6045753,0.48439452,0.50523126,IDP-ESM2-8M,67,310,0.04881298542022705,0.11841845512390181,0.0026387743640537975,0.012124419212341364,0.013710589176554211
A0A8S5NE69,2.0179810523986816,5.021127700805664,0.6155796345238598,0.4783177673816681,0.5235021762300544,1.932241,4.803678,0.5991098,0.47275272,0.53229475,IDP-ESM2-8M,67,310,0.0857400894165039,0.21744966506958008,0.016469806051722324,0.005565047264099121,0.008792573983568697
A0A8S5NNF7,2.0234720706939697,5.172054290771484,0.6787651558094923,0.567383885383606,0.4918094162756223,1.8338543,4.703962,0.67028075,0.54001355,0.48163292,IDP-ESM2-8M,67,310,0.18961775302886963,0.4680924415588379,0.008484401243299633,0.027370333671569824,0.01017649815619176
A0A8S5NWD3,1.4823206663131714,3.654681921005249,0.5732833523114604,0.4508731365203857,0.5267795552273132,1.4786946,3.5769062,0.57290936,0.45802554,0.53356016,IDP-ESM2-8M,67,310,0.003626108169555664,0.07777571678161621,0.0003739971478862181,0.007152408361434992,0.006780601594891356
A0A8S5NWX7,1.534160614013672,3.913499116897583,0.6066140439826901,0.4712214171886444,0.4992151739386935,1.5347493,3.9112926,0.62189305,0.48541847,0.47383216,IDP-ESM2-8M,67,310,0.0005886554718015358,0.002206563949584961,0.015279004303747845,0.014197051525115967,0.02538301370424223
A0A8S5PA77,1.6550630331039429,3.957556962966919,0.5678249000940907,0.4659899175167084,0.5766882617862826,1.7043309,4.0873957,0.57665604,0.46804532,0.56840163,IDP-ESM2-8M,67,310,0.04926788806915283,0.1298387050628662,0.008831143435419797,0.0020554065704345703,0.008286627093136878
A0A8S5PGG1,2.048213243484497,5.278601169586182,0.6774781605961858,0.554512083530426,0.4816393286116127,2.1815233,5.4804487,0.65166634,0.51871294,0.51137394,IDP-ESM2-8M,67,310,0.13331007957458496,0.20184755325317383,0.025811817384058133,0.03579914569854736,0.029734608518361683
A0A8S5PHX0,2.0361557006835938,5.030857086181641,0.6446665694565727,0.536162257194519,0.5162781651658338,1.9201959,4.716809,0.6129125,0.5019546,0.556625,IDP-ESM2-8M,67,310,0.1159597635269165,0.31404829025268555,0.03175409339379809,0.03420764207839966,0.040346843417235045
A0A8S5PIQ8,2.429856777191162,6.147756576538086,0.6224030456637739,0.4771081805229187,0.5234640337150761,2.3286414,5.970907,0.6430377,0.5010548,0.4898649,IDP-ESM2-8M,67,310,0.10121536254882812,0.176849365234375,0.02063463114744435,0.023946642875671387,0.03359914790803875
A0A8S5Q7R0,1.6117476224899292,4.156447887420654,0.6177209785183562,0.4685973227024078,0.4905861492317358,1.6487169,4.0978327,0.6007869,0.47821563,0.5002582,IDP-ESM2-8M,67,310,0.03696930408477783,0.05861520767211914,0.01693405415617355,0.009618312120437678,0.009672058089431168
A0A8S5RD61,1.59621262550354,3.990708351135254,0.607982873524127,0.4820874035358429,0.5178085166476503,1.683748,4.1151133,0.58585405,0.46453497,0.52793217,IDP-ESM2-8M,67,310,0.08753538131713867,0.1244049072265625,0.0221288200268126,0.017552435398101807,0.010123650405572393
A0A8S5RFF7,1.91406512260437,4.918657779693604,0.6790284803261569,0.5510339140892029,0.474279257771688,2.298715,6.0056143,0.6736427,0.52708054,0.4420418,IDP-ESM2-8M,67,310,0.38464999198913596,1.0869565010070792,0.005385785376053165,0.023953378200531006,0.03223744344444801
A0A8S5RGG2,1.6821813583374023,4.223555088043213,0.6401839424508474,0.5148881673812866,0.5131552744329346,1.5223957,3.5928516,0.57819355,0.4886546,0.6001227,IDP-ESM2-8M,67,310,0.15978562831878662,0.6307034492492676,0.06199039710935572,0.026233553886413574,0.08696741576787104
A0A8S5S9N0,1.6078425645828247,4.041693210601807,0.6339818402232169,0.5019444823265076,0.4875560726805244,1.6312523,3.9801335,0.6103841,0.50504524,0.5543326,IDP-ESM2-8M,67,310,0.023409724235534668,0.06155967712402344,0.023597733587169545,0.003100752830505371,0.0667765412644829
A0A8S5SDG1,1.549340844154358,3.758479595184326,0.5703583902031886,0.460305392742157,0.5547198632192077,1.6379676,3.9514923,0.57542896,0.4597369,0.53928655,IDP-ESM2-8M,67,310,0.08862674236297607,0.19301271438598633,0.005070572504330961,0.0005684792995452881,0.01543330935949705
A0A8S5SII4,2.2042181491851807,5.491868495941162,0.5918405133103211,0.4309579730033874,0.5540945159096362,1.9545629,4.7925024,0.5909687,0.4684139,0.55133325,IDP-ESM2-8M,67,310,0.24965524673461914,0.6993660926818848,0.0008717852448303365,0.03745591640472418,0.002761267294371317
A0A8S5SVB6,1.7331936359405518,4.510082721710205,0.6396405662000701,0.4918795824050903,0.4877943328536107,1.8359234,4.57024,0.61662036,0.49157202,0.5147588,IDP-ESM2-8M,67,310,0.10272979736328125,0.06015729904174805,0.02302020439510799,0.0003075599670409601,0.026964492448513344
A0A8S5TCW6,1.5691431760787964,3.7104883193969727,0.5663469228194942,0.4540293216705322,0.5582488320333352,1.6546638,3.9964418,0.57031536,0.45967704,0.5619674,IDP-ESM2-8M,67,310,0.08552062511444092,0.2859535217285156,0.003968438203455049,0.005647718906402588,0.0037185408609519133
A0A8S5TKF0,1.7594430446624756,4.475069522857666,0.6152758404567598,0.4843858480453491,0.5199260805982792,1.8167803,4.5550632,0.6195007,0.49582875,0.49418798,IDP-ESM2-8M,67,310,0.057337284088134766,0.07999372482299805,0.004224856202328375,0.011442899703979492,0.025738099708005113
A0A8S5U5H8,1.673812985420227,4.280613899230957,0.6217652135293522,0.4904260635375976,0.5138379053059745,1.9459443,4.9238234,0.6481565,0.5087543,0.46350706,IDP-ESM2-8M,67,310,0.2721313238143921,0.6432094573974609,0.026391310175176597,0.018328249454498347,0.05033084906970742
A0A8S5UDW9,1.531213879585266,3.656667470932007,0.5717585194806091,0.462588757276535,0.5361020676025509,1.4699552,3.6195583,0.5842452,0.46344507,0.5146331,IDP-ESM2-8M,67,310,0.06125867366790749,0.0371091365814209,0.012486685444928036,0.0008563101291657049,0.021468948496258133
A0A8S5UG11,3.555567741394043,8.643813133239746,0.6632112140261573,0.5919117331504822,0.5854584151242964,3.476036,8.408208,0.62038505,0.5725887,0.7735275,IDP-ESM2-8M,67,310,0.07953166961669922,0.23560523986816406,0.04282616325253674,0.01932305097579956,0.18806908788931442
A0A8S5UGG4,2.073775291442871,5.222021579742432,0.681108447111699,0.5889421105384827,0.4911635971211936,1.9537644,4.9544806,0.6593554,0.54043746,0.5098476,IDP-ESM2-8M,67,310,0.1200108528137207,0.26754093170166016,0.021753045118901193,0.048504650592803955,0.018683984265372544
A0A8S5UXR4,1.5099437236785889,3.638897180557251,0.563634790464184,0.4566200673580169,0.5499431480625193,1.4764898,3.582434,0.55588394,0.43939114,0.5628365,IDP-ESM2-8M,67,310,0.033453941345214844,0.05646324157714844,0.00775084642960755,0.01722893118858332,0.01289337976188254
A0A8S5UYA7,1.524403691291809,3.680885076522827,0.552555807952073,0.4300805628299713,0.5522573094829637,1.5294828,3.6978586,0.5631653,0.4467688,0.5412792,IDP-ESM2-8M,67,310,0.005079150199890137,0.016973495483398438,0.010609499092909869,0.016688227653503418,0.010978112743766921
A0A8S5V197,1.9999170303344729,4.977944850921631,0.639076720715706,0.5152786374092102,0.5162446494088747,1.6019373,3.8525996,0.5952607,0.49156305,0.5637674,IDP-ESM2-8M,67,310,0.3979797363281252,1.125345230102539,0.043816040993873706,0.023715585470199585,0.04752272415298442
A0A8S5V2I6,1.4968163967132568,3.617697715759277,0.5650945206969153,0.4445023834705353,0.5437121560811662,1.6431351,4.010479,0.57972383,0.45731413,0.53328794,IDP-ESM2-8M,67,310,0.14631867408752441,0.392781257629395,0.01462931429453973,0.012811750173568726,0.010424213671650806
A0A8S5VTX0,1.8778859376907349,4.608424663543701,0.6222715747963131,0.5052375793457031,0.5352471328209375,1.6532247,4.0827475,0.61882466,0.5041153,0.53157467,IDP-ESM2-8M,67,310,0.2246612310409546,0.5256772041320801,0.0034469140182674662,0.00112229585647583,0.0036724663208459463
A0A976N2M2,1.7324421405792236,4.382628440856934,0.6453929826342459,0.5403292775154114,0.5210508732152325,1.6928401,4.3351316,0.6668671,0.53905123,0.48481172,IDP-ESM2-8M,67,310,0.039602041244506836,0.047496795654296875,0.021474094716370518,0.0012780427932739258,0.03623914998296318
A0A976N2T1,1.8128474950790403,4.847801208496094,0.6961162080623562,0.5624563097953796,0.4662934472472081,1.6365621,3.9732978,0.6058668,0.49252447,0.5477394,IDP-ESM2-8M,67,310,0.17628538608551003,0.8745033740997314,0.09024941824454613,0.06993183493614197,0.0814459393113246
A0A977TP41,2.506516456604004,5.826696395874023,0.585786178067061,0.4682919979095459,0.5819296880551613,2.7296126,6.8889146,0.6648302,0.5181725,0.46083224,IDP-ESM2-8M,67,310,0.22309613227844238,1.062218189239502,0.07904402975764602,0.0498805046081543,0.12109744985783466
A0A9C7EYP6,2.1155059337615967,4.297788619995117,0.4405926197728887,0.4196968078613281,0.7313419557640047,1.9850925,4.2359886,0.41317663,0.36670706,0.8172386,IDP-ESM2-8M,67,310,0.13041341304779053,0.06180000305175781,0.02741599380586296,0.05298975110054016,0.0858966731002836
A0A9E7E114,2.7921173572540283,6.546628475189209,0.5208807488694408,0.4054904580116272,0.5895696929951239,2.8880172,6.786129,0.5161853,0.3990284,0.5861074,IDP-ESM2-8M,67,310,0.09589982032775879,0.2395005226135254,0.00469546520855213,0.006462067365646362,0.0034623197575139875
A0A9E7MTP4,1.7660900354385376,4.370624542236328,0.612677103692184,0.4872829020023346,0.5161140492471272,1.7505083,4.4379134,0.6384308,0.5070914,0.46159777,IDP-ESM2-8M,67,310,0.015581727027893066,0.06728887557983398,0.025753670519699567,0.01980850100517273,0.05451627879462784
A0A9E7NGQ3,2.006643295288086,4.838527679443359,0.6149918771082781,0.5071783661842346,0.5367110125556994,1.7372353,4.2539654,0.59625506,0.4808045,0.5464866,IDP-ESM2-8M,67,310,0.2694079875946045,0.5845623016357422,0.018736813097657956,0.026373863220214844,0.009775603578944136
A0A9E7PRV1,4.8981523513793945,11.90243434906006,0.6378248603683823,0.510895311832428,0.5689196290941748,4.314183,10.323273,0.5825478,0.47467282,0.67045623,IDP-ESM2-8M,67,310,0.5839691162109375,1.5791616439819354,0.05527707651675873,0.036222487688064575,0.10153660154623656
A0A9E7QSB8,3.563633918762207,8.654488563537598,0.615355620492387,0.4747810661792755,0.547865811269873,3.6179876,8.820652,0.61427164,0.47868854,0.5373001,IDP-ESM2-8M,67,310,0.05435371398925781,0.16616344451904297,0.0010839797147991215,0.0039074718952178955,0.010565701406591743
A0A9E7YC22,2.4639458656311035,6.180108547210693,0.6409128311536593,0.5040103793144226,0.5187614647575257,2.6898885,6.7144985,0.65234804,0.51453364,0.47031504,IDP-ESM2-8M,67,310,0.22594261169433594,0.5343899726867676,0.01143521038076456,0.01052325963973999,0.04844642559965828
A0A9E8JWV9,2.182565927505493,5.310370922088623,0.6338329647957579,0.5300927758216858,0.5449798741429296,2.1464243,5.378637,0.6524862,0.5266451,0.50198627,IDP-ESM2-8M,67,310,0.03614163398742676,0.06826591491699219,0.01865324030525528,0.0034476518630981445,0.04299360896043447
A0AA49BTX9,1.6178812980651855,3.529081344604492,0.4799357759922527,0.3889984488487243,0.6617350004928013,1.6981151,4.0143194,0.51445836,0.4121528,0.6177983,IDP-ESM2-8M,67,310,0.08023381233215332,0.48523807525634766,0.0345225822955586,0.023154348134994562,0.043936672093143114
A0AA95EHV2,7.845857620239258,18.6426944732666,0.6561177886813853,0.5430791974067688,0.6140997661368093,6.815507,16.099218,0.64602816,0.5593433,0.7275233,IDP-ESM2-8M,67,310,1.030350685119629,2.543476104736328,0.010089627632496101,0.01626408100128174,0.11342356073697002
A0AAE6H393,2.4131205081939697,6.154160022735596,0.6503587380961374,0.503432035446167,0.4930089191754869,2.6558294,6.5463133,0.64407885,0.5084266,0.4769149,IDP-ESM2-8M,67,310,0.24270892143249512,0.392153263092041,0.006279887349982638,0.004994571208953857,0.016094006713252396
A0AAE6M5R2,3.618755578994751,8.9513578414917,0.6390811459250759,0.4896215796470642,0.5131652544370915,3.557365,8.582124,0.58760536,0.4544798,0.539113,IDP-ESM2-8M,67,310,0.06139063835144043,0.3692340850830078,0.05147578875497094,0.03514176607131958,0.025947730697033267
A0AAE6R6D0,2.9459922313690186,7.35609245300293,0.6398467739542045,0.506645143032074,0.5293674399770892,3.1804774,7.820652,0.63740516,0.507789,0.53100026,IDP-ESM2-8M,67,310,0.23448514938354492,0.46455955505371094,0.00244161686497113,0.0011438727378845215,0.0016328165613018752
A0AAE7RVV2,1.5509799718856812,3.892199039459229,0.618568545599398,0.490367591381073,0.4791831739003854,1.6781979,4.224943,0.6147183,0.48552173,0.48780173,IDP-ESM2-8M,67,310,0.12721788883209229,0.33274412155151323,0.003850227613863333,0.004845857620239258,0.008618556732396587
A0AAE7RZ51,1.6888433694839478,4.309470653533936,0.6570875898956317,0.5257035493850708,0.4716595144946786,1.8898009,4.769332,0.64525384,0.5159552,0.4854732,IDP-ESM2-8M,67,310,0.2009575366973877,0.45986127853393466,0.011833752787019591,0.009748339653015137,0.013813671282985607
A0AAE7V272,1.87896192073822,4.592178821563721,0.6081602346001335,0.4906425476074219,0.5287293073923289,1.9497072,4.803892,0.60372925,0.48388448,0.5226501,IDP-ESM2-8M,67,310,0.07074522972106956,0.21171331405639648,0.004430986553258465,0.006758064031600952,0.006079184749811839
A0AAE8XJ71,2.824808359146118,7.223210334777832,0.5906695288934505,0.4501203298568725,0.5467582194846388,2.8070688,6.759976,0.58547276,0.46406487,0.5678934,IDP-ESM2-8M,67,310,0.017739534378051758,0.46323442459106445,0.0051967663087642,0.01394453644752508,0.021135166402507233
A0AAE8XN63,1.632155418395996,3.6411194801330566,0.5690827373586745,0.4982393383979797,0.5754657453104118,1.6518987,3.858776,0.5345219,0.4473916,0.63674736,IDP-ESM2-8M,67,310,0.01974332332611084,0.21765661239624023,0.03456085959301902,0.05084773898124689,0.06128161491908035
A0AAE8Y2B1,2.854280471801758,7.204225063323975,0.6521040860510418,0.5133270025253296,0.5175582064506765,3.0791538,7.530418,0.6267575,0.49514997,0.5253211,IDP-ESM2-8M,67,310,0.22487330436706543,0.32619285583496094,0.025346583495194586,0.018177032470703125,0.007762919533515378
A0AAE8Y3C7,3.175634860992432,8.191123962402344,0.6668844096608101,0.5278741717338562,0.4918623981546386,3.4214847,8.341743,0.6205794,0.48710293,0.58102894,IDP-ESM2-8M,67,310,0.24584984779357866,0.1506195068359375,0.04630498814057693,0.0407712459564209,0.08916654013881842
A0AAE8YWI4,1.6414865255355835,4.188414573669434,0.619360823765862,0.4809139370918274,0.5068112723885893,1.7079399,4.1339197,0.5766155,0.46242994,0.55449164,IDP-ESM2-8M,67,310,0.06645333766937256,0.05449485778808594,0.04274531139479876,0.018483996391296387,0.047680366748678815
A0AAE9BPG4,2.1045117378234863,5.45993709564209,0.6429358050228785,0.4972870647907257,0.5040046994520476,2.0444465,5.020113,0.615947,0.5023723,0.56121695,IDP-ESM2-8M,67,310,0.060065269470214844,0.43982410430908203,0.026988796889943933,0.005085259675979614,0.05721225096451732
A0AAE9BPT7,1.9075901508331297,4.771249294281006,0.6234833244337531,0.4799263775348663,0.5067572480503526,1.8161623,4.4644275,0.61153144,0.498791,0.53183496,IDP-ESM2-8M,67,310,0.09142780303955056,0.3068218231201172,0.011951887990424237,0.018864631652832087,0.02507771193347308
A0EXV0,3.055405378341675,7.350734710693359,0.5131230835352409,0.4050171673297882,0.6419010163196932,3.137642,7.3618984,0.51612663,0.4106835,0.63677245,IDP-ESM2-8M,67,310,0.08223652839660645,0.011163711547851562,0.003003549155188745,0.0056663453578948975,0.00512856253475058
A0EYY2,2.92343807220459,7.265526294708252,0.6373669942344864,0.4999637305736542,0.5157488784869944,3.0130737,7.4879055,0.6489848,0.5125013,0.47981146,IDP-ESM2-8M,67,310,0.08963561058044434,0.22237920761108398,0.011617795613841242,0.012537568807601929,0.035937418707254976
A1YJ55,3.017038583755493,7.556786060333252,0.6337727502170534,0.4951027631759643,0.5294141938149568,2.9111218,7.13113,0.6235032,0.48973098,0.49872527,IDP-ESM2-8M,67,310,0.10591673851013184,0.4256558418273926,0.01026954205665298,0.0053717792034148615,0.030688928550445693
A1YMK7,1.6120907068252563,3.974031448364258,0.5611706565847853,0.4376019239425659,0.5413797934720864,1.5274514,3.6108391,0.5395706,0.4373535,0.5829242,IDP-ESM2-8M,67,310,0.08463931083679199,0.3631923198699951,0.02160002698807506,0.0002484321594238281,0.0415443937112937
A4FTA6,2.420058250427246,5.664880275726318,0.5232893905629268,0.4148299396038055,0.5949506396205555,2.4295044,5.710196,0.5433563,0.43169472,0.5599557,IDP-ESM2-8M,67,310,0.009446144104003906,0.04531574249267578,0.020066908837402808,0.01686477661132818,0.03499492348743782
A4L236,3.5427258014678955,8.795016288757324,0.6606610796858946,0.5277855396270752,0.5080969561632411,2.8065112,7.0866375,0.6617198,0.5294998,0.4910245,IDP-ESM2-8M,67,310,0.7362146377563477,1.708378791809082,0.0010587193558534436,0.0017142891883850098,0.017072461992098553
A4ZRA0,1.964766025543213,4.982684135437012,0.631989242019646,0.5077157616615295,0.4923039399414748,1.9751545,4.8414664,0.6117559,0.4923154,0.5151783,IDP-ESM2-8M,67,310,0.010388493537902832,0.14121770858764648,0.020233334484093035,0.015400350093841553,0.022874382850578412
A4ZRD1,3.3163583278656006,8.427645683288574,0.632514219801024,0.4871850907802582,0.5034605260457358,3.3376768,8.10822,0.59575146,0.4569865,0.5480862,IDP-ESM2-8M,67,310,0.021318435668945312,0.3194255828857422,0.036762755434111116,0.030198603868484497,0.044625699940744945
A7IUH2,3.017006158828736,7.146060943603516,0.4849265399144257,0.3760955333709717,0.6830534989935584,3.011618,7.0003896,0.5011101,0.40281156,0.6590859,IDP-ESM2-8M,67,310,0.005388259887695757,0.14567136764526367,0.016183536989871183,0.026716023683547974,0.023967569599790073
A7IXA4,2.532747268676758,6.290736198425293,0.5382881155777183,0.4011980295181274,0.5676027888332996,2.535732,5.7979393,0.49402136,0.40617824,0.6897864,IDP-ESM2-8M,67,310,0.002984762191772461,0.4927968978881836,0.04426675947191383,0.004980206489563044,0.12218358573563959
A7J7F5,2.83267879486084,6.827368259429932,0.4853266894999847,0.3670454323291778,0.6812850056871417,2.846825,6.6351504,0.5093519,0.40920296,0.6400845,IDP-ESM2-8M,67,310,0.014146089553833008,0.19221782684326172,0.024025219660629316,0.04215753078460699,0.04120050060596492
A7K957,3.524306058883667,8.48984146118164,0.4940495934983542,0.3774135112762451,0.684680646778009,3.3506968,7.816397,0.5216968,0.41476658,0.6602064,IDP-ESM2-8M,67,310,0.17360925674438477,0.6734442710876465,0.027647212455625292,0.037353068590164185,0.02447426927175289
A8UP82,2.8756585121154785,6.510969638824463,0.5046322109899597,0.3956651389598846,0.6248906329972069,2.9199455,6.843057,0.52111375,0.40763867,0.5919381,IDP-ESM2-8M,67,310,0.04428696632385254,0.33208751678466797,0.016481542328826926,0.011973530054092463,0.03295255459373403
A8UP87,2.855557441711426,6.6889729499816895,0.5036322634420687,0.3918814063072204,0.6225892450502667,2.894861,6.778529,0.5195396,0.40588447,0.59657896,IDP-ESM2-8M,67,310,0.03930354118347168,0.08955621719360352,0.01590733120819987,0.014003068208694514,0.026010289399937103
A8UP89,2.9204964637756348,6.776888847351074,0.5201383807164748,0.4042362868785858,0.5977689978625593,2.918938,6.8389063,0.5199691,0.40643486,0.5939935,IDP-ESM2-8M,67,310,0.001558542251586914,0.06201744079589844,0.00016927499595476014,0.0021985769271850586,0.003775512888651855
A8UP92,2.82452392578125,6.590475559234619,0.5024415637370151,0.3845814168453216,0.6186837756698327,2.8836071,6.74365,0.51735055,0.4044799,0.59847593,IDP-ESM2-8M,67,310,0.05908322334289551,0.15317440032958984,0.014908990729232463,0.019898474216461237,0.02020784259488151
A8UPA2,2.958805799484253,7.078580379486084,0.5298541357056882,0.4141744673252105,0.5830626776823951,2.933644,6.881479,0.5223451,0.40805778,0.5909846,IDP-ESM2-8M,67,310,0.0251617431640625,0.19710159301757812,0.007509010030486762,0.006116688251495306,0.007921905218605918
A9YTD9,1.5260974168777466,3.705004930496216,0.5719899873523813,0.4758664071559906,0.5552406127117608,1.2869055,3.08413,0.57314557,0.47157457,0.5394493,IDP-ESM2-8M,67,310,0.23919188976287842,0.6208748817443848,0.0011555810184378235,0.004291832447052002,0.01579133817181333
N0DQS9,1.873224377632141,4.89392614364624,0.6325734136235831,0.483437031507492,0.4764083868434809,1.9688417,4.72764,0.55270535,0.4347433,0.5969148,IDP-ESM2-8M,67,310,0.09561729431152366,0.16628599166870117,0.07986806608558872,0.048693746328353826,0.120506440980158
O11373,1.9523614645004272,4.602472305297852,0.5446797159239518,0.4255274534225464,0.5587971586036976,1.9238769,4.4935746,0.5279404,0.42419338,0.59610736,IDP-ESM2-8M,67,310,0.028484582901000977,0.10889768600463867,0.016739323429750153,0.001334071159362793,0.03731020509716909
O11385,3.371612548828125,8.001538276672363,0.5342987003255468,0.4070851802825928,0.596701552967995,3.167138,7.328576,0.49410972,0.39026916,0.6637315,IDP-ESM2-8M,67,310,0.20447444915771484,0.6729621887207031,0.04018898033386287,0.016816020011901855,0.06702996243956727
O11680,3.165435791015625,7.507970809936523,0.5115572816893112,0.391882985830307,0.6299097773607111,3.0098095,7.001202,0.5027215,0.39522883,0.6437776,IDP-ESM2-8M,67,310,0.1556262969970703,0.5067687034606934,0.008835793213511689,0.0033458471298217773,0.013867831510748885
O11889,2.387336015701294,5.6218085289001465,0.5371128416866996,0.4300666153430938,0.5809842311888498,2.2558079,5.3373103,0.5380203,0.423672,0.57353204,IDP-ESM2-8M,67,310,0.13152813911437988,0.2844982147216797,0.0009074710994027013,0.006394624710082952,0.007452186301307062
O12700,1.852125644683838,4.563100814819336,0.5795231240678516,0.444026917219162,0.5485119742633597,2.0509026,4.963697,0.579072,0.46209416,0.53406656,IDP-ESM2-8M,67,310,0.1987769603729248,0.40059614181518555,0.00045112547166015204,0.018067240715026855,0.014445416379143428
O22002,2.488417863845825,5.825448036193848,0.5188748085259246,0.4125559329986572,0.6223654157918406,2.451037,5.8357344,0.52755845,0.4116455,0.5976056,IDP-ESM2-8M,67,310,0.03738093376159668,0.010286331176757812,0.008683637404556355,0.0009104311466217041,0.024759829739899653
O36059,2.812652826309204,6.9138288497924805,0.5500295503677881,0.4310407340526581,0.5425627065410935,2.8055706,6.5519876,0.500903,0.38786224,0.63091546,IDP-ESM2-8M,67,310,0.007082223892211914,0.36184120178222656,0.049126539999440944,0.0431784987449646,0.08835275642964013
O36067,2.70743465423584,6.316740036010742,0.5056547744539822,0.3820780217647552,0.6178116840861979,2.73907,6.386037,0.5002936,0.38636482,0.6347073,IDP-ESM2-8M,67,310,0.031635284423828125,0.06929683685302734,0.00536116197381864,0.004286795854568537,0.016895587966566983
O36078,2.834160089492798,6.830985069274902,0.5413537403175852,0.4157826900482178,0.5657308691287768,2.690693,6.281621,0.50477535,0.39159295,0.6251941,IDP-ESM2-8M,67,310,0.14346718788146973,0.5493640899658203,0.03657839499211524,0.024189740419387817,0.05946320359461188
O36100,2.760161161422729,6.424567699432373,0.5081555252090052,0.3910920619964599,0.6236539707659754,2.7400677,6.366483,0.49816322,0.38829684,0.63850594,IDP-ESM2-8M,67,310,0.02009344100952104,0.05808448791503906,0.009992301942403636,0.0027952194213866632,0.014851964902969916
O36115,2.81536865234375,6.51746940612793,0.53732958650409,0.4161814749240875,0.5701511176583796,2.7658544,6.4523716,0.5038317,0.392422,0.6339154,IDP-ESM2-8M,67,310,0.0495142936706543,0.06509780883789062,0.03349790191470403,0.02375948429107666,0.06376430668854427
O36117,2.8725857734680176,6.728526592254639,0.534869213750651,0.4203099906444549,0.5871726221964304,2.8596632,6.610689,0.48707992,0.37969545,0.66528624,IDP-ESM2-8M,67,310,0.012922525405883789,0.11783742904663086,0.047789295366098994,0.04061454534530634,0.07811362076545314
O36118,2.793066501617432,6.582108020782471,0.5190427927725684,0.3939059376716614,0.6066934747711228,2.767091,6.452506,0.50378174,0.39239413,0.6326755,IDP-ESM2-8M,67,310,0.025975465774536577,0.12960195541381836,0.015261056875504164,0.0015118122100830078,0.025982053755183365
O36119,2.834005355834961,6.546103000640869,0.5315221300762789,0.415882259607315,0.586172278986434,2.879708,6.7087307,0.49672642,0.38345167,0.63772774,IDP-ESM2-8M,67,310,0.04570269584655762,0.1626276969909668,0.034795706574310525,0.03243058919906611,0.05155545844032383
O36121,2.840036392211914,6.7999587059021,0.5400382277465172,0.4199589490890503,0.5695580443022688,2.858861,6.675281,0.50159293,0.3905336,0.6365332,IDP-ESM2-8M,67,310,0.01882457733154297,0.12467765808105469,0.038445293614894904,0.029425352811813354,0.06697515643854546
O36157,2.890951633453369,6.864930629730225,0.5429338149910833,0.4315434992313385,0.5728698595353547,2.8303714,6.610853,0.49982518,0.38731807,0.6391586,IDP-ESM2-8M,67,310,0.06058025360107422,0.2540774345397949,0.043108635414209506,0.04422542452812195,0.0662887469938811
O38492,2.242219924926758,5.4530792236328125,0.5187026073302218,0.3942996561527252,0.603070969134708,2.1698174,5.0850782,0.522409,0.41702285,0.6117809,IDP-ESM2-8M,67,310,0.0724024772644043,0.36800098419189453,0.003706414524178858,0.02272319793701172,0.008709912747005832
O39165,1.848509669303894,4.784056186676025,0.6285339287086784,0.4657771289348602,0.4917266041486045,1.6951444,4.198216,0.61131513,0.49887568,0.53803194,IDP-ESM2-8M,67,310,0.15336525440216064,0.5858402252197266,0.01721879752123945,0.03309854865074163,0.04630533154322902
O39372,2.37341856956482,5.8049421310424805,0.5595533424524246,0.4355531334877014,0.5570648228400014,2.4044938,5.7217603,0.5365892,0.4238419,0.5995763,IDP-ESM2-8M,67,310,0.03107523918151811,0.08318185806274414,0.02296413718737944,0.0117112398147583,0.0425114715821483
O39937,2.71311616897583,6.251028537750244,0.5051088813801888,0.3951966166496277,0.6198330845476159,2.7899725,6.525116,0.50555134,0.39172623,0.62557846,IDP-ESM2-8M,67,310,0.07685637474060059,0.27408742904663086,0.00044245681561194683,0.003470391035079956,0.00574537852992929
O39943,2.8058927059173584,6.636574745178223,0.5278663918152294,0.4241132438182831,0.5880433552768155,2.8300893,6.600203,0.5011588,0.38947493,0.633867,IDP-ESM2-8M,67,310,0.024196624755859375,0.036371707916259766,0.02670761791615106,0.03463831543922424,0.045823670098550706
O41014,3.5433483123779297,8.380522727966309,0.5752086461209652,0.4655830264091491,0.5885947407873987,3.3384275,7.874572,0.54437834,0.43766978,0.6342794,IDP-ESM2-8M,67,310,0.20492076873779297,0.505950927734375,0.030830305876672015,0.027913242578506414,0.045684629520523656
O41972,7.8023681640625,18.276103973388672,0.5195802561718027,0.4113165140151977,0.6140492731890723,4.7525616,10.89798,0.44692716,0.3458575,0.74116975,IDP-ESM2-8M,67,310,3.049806594848633,7.378124237060547,0.07265309614715976,0.06545901298522944,0.12712047750138789
O41981,2.895461082458496,6.898716926574707,0.543511701535748,0.4366728961467743,0.5611709863512828,3.141145,7.4215727,0.52132463,0.40213215,0.60408807,IDP-ESM2-8M,67,310,0.24568390846252441,0.5228557586669922,0.022187066983746062,0.03454074263572693,0.04291708165714003
O55723,2.575209379196167,6.364683628082275,0.6250772878059851,0.4961472451686859,0.5440268393430954,2.5452707,6.355793,0.6457708,0.51390284,0.51780164,IDP-ESM2-8M,67,310,0.029938697814941406,0.008890628814697266,0.020693500386763874,0.017755597829818726,0.026225196925187655
O55724,2.8395464420318604,7.334559917449951,0.6927499790048558,0.5566543340682983,0.4825646192352508,2.953789,7.4087887,0.6726067,0.53634155,0.56609017,IDP-ESM2-8M,67,310,0.1142425537109375,0.07422876358032227,0.020143272385593103,0.020312786102294922,0.08352554733350531
O70793,2.394474744796753,5.625723361968994,0.4722345813048079,0.3633589148521423,0.6944209793933057,2.2958217,5.108278,0.46909505,0.3960638,0.70966357,IDP-ESM2-8M,67,310,0.09865307807922363,0.5174455642700195,0.0031395300162031514,0.032704889774322565,0.015242590533909861
O70797,2.463515281677246,5.859258651733398,0.5214894846157895,0.4068188369274139,0.6021406697165835,2.5306132,6.027021,0.5512611,0.4387102,0.54460067,IDP-ESM2-8M,67,310,0.06709790229797363,0.16776227951049805,0.029771642379297192,0.031891375780105646,0.05754000414727811
O73497,2.7265214920043945,6.581775665283203,0.5104531710889723,0.3931682705879211,0.6168901432666604,2.7122273,6.386735,0.5275779,0.41483417,0.5989783,IDP-ESM2-8M,67,310,0.014294147491455078,0.19504070281982422,0.017124705955705477,0.021665900945663508,0.0179118622455422
O90676,2.1570212841033936,5.18251895904541,0.5585863009576315,0.4273791015148163,0.5513710733554458,2.087652,5.101166,0.59112406,0.4603181,0.49175546,IDP-ESM2-8M,67,310,0.06936931610107422,0.08135318756103516,0.03253775681214388,0.032938987016677856,0.05961561762310019
O90681,2.366060733795166,5.720424652099609,0.564367228841092,0.438241571187973,0.542459688339891,2.3794787,5.8378115,0.5972019,0.45961547,0.47705913,IDP-ESM2-8M,67,310,0.013417959213256836,0.1173868179321289,0.03283465495178517,0.021373897790908813,0.06540056243962244
O90688,2.400987148284912,5.7282233238220215,0.5723638672311945,0.440521627664566,0.5362068563252814,2.3646944,5.7267075,0.5908692,0.46147442,0.50043625,IDP-ESM2-8M,67,310,0.03629279136657715,0.0015158653259277344,0.01850532107752134,0.020952790975570734,0.03577060993017034
O90711,2.180558681488037,5.216214656829834,0.5411068122539394,0.4177879393100738,0.5785489677693763,2.19532,5.2196097,0.5377947,0.4227843,0.57862824,IDP-ESM2-8M,67,310,0.014761209487915039,0.00339508056640625,0.003312103048311976,0.004996359348297175,7.927424646236858e-05
O92312,1.9854719638824463,4.663715362548828,0.5421964327268396,0.4255783557891845,0.5731436887799842,1.945405,4.6736183,0.54768467,0.4273993,0.5540442,IDP-ESM2-8M,67,310,0.04006695747375488,0.0099029541015625,0.005488236767789312,0.0018209517002106268,0.01909950171104502
O92587,1.7719788551330566,4.158807277679443,0.5560348788740475,0.4359306395053863,0.5537463050866205,1.7633438,4.188134,0.547446,0.4353194,0.5601877,IDP-ESM2-8M,67,310,0.00863504409790039,0.029326915740966797,0.008588866377099214,0.0006112456321715753,0.006441392323963013
O92588,1.9926483631134035,4.748791694641113,0.5541925359961618,0.4261344969272613,0.5613231986436482,1.9917305,4.7280803,0.54981035,0.43969527,0.56458896,IDP-ESM2-8M,67,310,0.0009179115295412377,0.020711421966552734,0.004382186054908144,0.013560771942138727,0.0032657653417949017
P03181,8.164522171020508,18.85894012451172,0.5324082311612552,0.4174166023731231,0.6210680406948269,4.3958282,10.267544,0.51114845,0.4029717,0.6378754,IDP-ESM2-8M,67,310,3.7686939239501953,8.59139633178711,0.02125977840246618,0.014444887638091986,0.01680733743703955
P03290,3.2528862953186035,7.624989032745361,0.5710779005902046,0.4721397757530212,0.5417462306803988,2.8411503,6.8358006,0.55835855,0.43823227,0.5614811,IDP-ESM2-8M,67,310,0.41173601150512695,0.7891883850097656,0.01271935051848827,0.03390750288963312,0.01973488752181063
P03779,1.8886913061141968,4.492373466491699,0.5823196800620396,0.4682115316390991,0.5465054975039699,1.8348355,4.519448,0.5912825,0.4720048,0.5279606,IDP-ESM2-8M,67,310,0.0538557767868042,0.027074337005615234,0.008962806853548777,0.003793269395828247,0.01854489903518941
P04487,3.9183578491210938,9.43664836883545,0.5394792815303757,0.4133343398571014,0.6146497364665897,3.6618228,8.635226,0.5249211,0.41293684,0.63308793,IDP-ESM2-8M,67,310,0.25653505325317383,0.801422119140625,0.014558162317271472,0.00039750337600702457,0.018438196596917367
P06923,2.353132486343384,5.369301795959473,0.4578217611214362,0.3715989291667938,0.7031360591571997,2.2357862,4.9835806,0.45448726,0.37339082,0.7252998,IDP-ESM2-8M,67,310,0.11734628677368164,0.38572120666503906,0.0033344969650946354,0.0017918944358825684,0.022163716443233672
P08804,1.891374468803405,4.31513786315918,0.5295890384235872,0.4395977854728699,0.6138385502638096,1.8448462,4.2836514,0.5304058,0.43800348,0.61607754,IDP-ESM2-8M,67,310,0.04652822017669611,0.03148651123046875,0.0008167809924589653,0.0015943050384521484,0.002238992041183052
P08807,1.7901686429977417,4.330331802368164,0.6066899161913809,0.4982738494873047,0.5226351351838346,1.7919257,4.4432673,0.60558254,0.49438477,0.51065606,IDP-ESM2-8M,67,310,0.0017570257186889648,0.11293554306030273,0.0011073809245046862,0.0038890838623046875,0.011979076395535082
P09702,3.712560653686523,8.663591384887695,0.5248867671670038,0.4264200925827026,0.6280476122186398,3.809577,9.047794,0.5453753,0.4220051,0.57023984,IDP-ESM2-8M,67,310,0.09701633453369185,0.3842029571533203,0.02048852036580262,0.004415005445480291,0.05780777028062101
P0C724,3.1794259548187256,6.481119155883789,0.2799907387437355,0.2724382877349853,1.3116496793703118,3.5416431,7.5601654,0.37103012,0.33295432,0.9521198,IDP-ESM2-8M,67,310,0.3622171878814697,1.0790462493896484,0.09103938329796679,0.06051602959632879,0.35952985209980404
P0DJX3,2.526313304901123,5.893367290496826,0.5315603502742715,0.4129241108894348,0.6008519929213851,2.492228,5.9704146,0.54737365,0.4261297,0.5724403,IDP-ESM2-8M,67,310,0.03408527374267578,0.07704734802246094,0.01581330218391941,0.01320558786392212,0.028411666707548466
P0DTC0,4.110300540924072,9.407273292541504,0.515689185970611,0.3876893818378448,0.6453998712921691,3.9306564,9.244245,0.5181246,0.3975676,0.6371452,IDP-ESM2-8M,67,310,0.17964410781860352,0.16302871704101562,0.0024353944126898064,0.009878218173980768,0.008254650058801216
P10428,1.6823686361312866,4.01671028137207,0.547033764138304,0.4435166418552398,0.5795547916345862,1.7033935,4.147314,0.57020754,0.45173225,0.55358297,IDP-ESM2-8M,67,310,0.02102482318878174,0.13060379028320312,0.02317377208224658,0.008215606212616022,0.025971825306918994
P12507,1.8671088218688965,4.563386917114258,0.5945930565391113,0.4578837454319,0.5074675296516604,1.8595653,4.5286803,0.5647888,0.44370306,0.5391164,IDP-ESM2-8M,67,310,0.0075435638427734375,0.03470659255981445,0.02980423817973632,0.014180690050125122,0.03164885294721653
P12508,1.986391544342041,4.701643466949463,0.5479646231035922,0.4146865904331207,0.5703923789362867,2.0044403,4.8302855,0.54930407,0.43205193,0.56846845,IDP-ESM2-8M,67,310,0.018048763275146484,0.12864208221435547,0.0013394449849393197,0.017365336418151855,0.0019239274363477277
P12512,1.4350225925445557,3.391493320465088,0.5275007389545537,0.4270765781402588,0.5859633038646523,1.4193804,3.410328,0.5638351,0.45703396,0.54263407,IDP-ESM2-8M,67,310,0.015642166137695312,0.018834590911865234,0.036334345483770236,0.02995738387107849,0.04332923394506616
P17356,2.0239458084106445,4.763585090637207,0.5252388740351736,0.4020008742809295,0.57005885170159,1.757863,4.193103,0.5451992,0.42095986,0.53202903,IDP-ESM2-8M,67,310,0.266082763671875,0.5704822540283203,0.01996034137696634,0.01895898580551153,0.03802981899437563
P19127,3.397458553314209,7.702045917510986,0.5209090420182081,0.4342580437660217,0.6139841939787577,3.4570353,8.075862,0.5072056,0.39593965,0.63400334,IDP-ESM2-8M,67,310,0.05957674980163574,0.37381601333618164,0.013703436511311118,0.03831839561462397,0.020019147219209832
P20833,1.8922317028045648,4.478635787963867,0.5395653073126954,0.4240144491195678,0.5888478904696166,1.9132161,4.5644093,0.5435802,0.4358589,0.5936917,IDP-ESM2-8M,67,310,0.02098441123962469,0.08577346801757812,0.004014867133410593,0.011844456195831354,0.00484381618779306
P24649,2.708207368850708,6.656832695007324,0.6230556373258069,0.497455358505249,0.5296760621497446,2.7171905,6.4663982,0.5753353,0.46571255,0.5911952,IDP-ESM2-8M,67,310,0.008983135223388672,0.19043445587158203,0.04772031351522954,0.03174281120300293,0.0615191635658926
P41726,2.453864336013794,5.90708065032959,0.5968516512507468,0.473498523235321,0.5608020870796225,2.523378,6.2304316,0.62205756,0.48946252,0.4962452,IDP-ESM2-8M,67,310,0.06951355934143066,0.3233509063720703,0.02520590585527127,0.01596400141716009,0.06455688167724827
P57017,2.2822654247283936,5.650935173034668,0.5968534433672966,0.4557331204414367,0.5159917728276471,2.2215433,5.3129554,0.54827654,0.42992103,0.56960714,IDP-ESM2-8M,67,310,0.06072211265563965,0.337979793548584,0.048576899750048086,0.02581208944320673,0.05361536580608095
P68828,3.117252826690674,7.489168167114258,0.5742440609741291,0.4376536607742309,0.5522626894798124,3.3818333,8.150974,0.5828943,0.453462,0.5425426,IDP-ESM2-8M,67,310,0.26458048820495605,0.6618061065673828,0.0086502642822186,0.015808343887329157,0.009720112689956428
P69592,1.7534576654434204,4.172454833984375,0.5677881979176632,0.4709204733371734,0.5608289260111363,1.7811388,4.2095475,0.5717476,0.47265428,0.57534605,IDP-ESM2-8M,67,310,0.02768111228942871,0.03709268569946289,0.003959403114593862,0.0017338097095490057,0.014517126635500643
P87543,4.0119829177856445,9.301324844360352,0.5219281070923516,0.4203724563121795,0.641145704455929,4.0823708,9.562036,0.5137333,0.4026022,0.65917283,IDP-ESM2-8M,67,310,0.0703878402709961,0.2607107162475586,0.008194779703588173,0.017770260572433416,0.01802712850992183
P87914,2.511108636856079,5.836424350738525,0.492390945518703,0.3795684576034546,0.6409363672806878,2.5887897,6.001926,0.5011738,0.396311,0.63071036,IDP-ESM2-8M,67,310,0.07768106460571289,0.16550159454345703,0.008782848750858774,0.016742557287216187,0.01022600389262629
P89479,3.64768123626709,8.824663162231445,0.5310538335882342,0.4134991466999054,0.6120697211807914,3.4598184,8.136264,0.52096057,0.40936673,0.6342795,IDP-ESM2-8M,67,310,0.18786287307739258,0.6883993148803711,0.010093264206520347,0.00413241982460022,0.02220976833642052
P89827,2.0150179862976074,4.412641525268555,0.4279090463325782,0.3533831834793091,0.7791148788082576,1.9964606,4.5053434,0.47777095,0.3967616,0.7049498,IDP-ESM2-8M,67,310,0.018557429313659668,0.09270191192626953,0.049861908037920455,0.04337841272354126,0.074165082608459
P89833,2.041285514831543,4.753728866577148,0.471833471272895,0.3834561109542846,0.6869662180598202,2.0033789,4.5437694,0.477641,0.39453384,0.6948397,IDP-ESM2-8M,67,310,0.037906646728515625,0.2099595069885254,0.005807515169670929,0.011077731847763117,0.007873497897821435
P89841,2.31826114654541,5.404996871948242,0.5360687060503592,0.4234638512134552,0.5840082776260801,2.2159858,5.186769,0.5253945,0.4169691,0.5961126,IDP-ESM2-8M,67,310,0.10227537155151367,0.21822786331176758,0.010674206748448767,0.006494760513305664,0.012104331283526837
P89878,1.4692926406860352,3.643304347991944,0.5836216443241443,0.4671739935874939,0.5179747085917226,1.4890528,3.5923996,0.5701682,0.45801073,0.52930385,IDP-ESM2-8M,67,310,0.0197601318359375,0.05090475082397505,0.013453447169145538,0.009163260459899902,0.011329140151716155
Q00DY4,1.969093441963196,4.511010646820068,0.4863973645248305,0.3786731660366058,0.6442650061304336,2.179999,5.043706,0.513309,0.4143431,0.6113475,IDP-ESM2-8M,67,310,0.21090567111968972,0.5326952934265137,0.02691163739777691,0.03566992282867437,0.03291750962088158
Q03873,2.805802822113037,6.496067047119141,0.6066396074183493,0.504456639289856,0.5481406466907064,2.413199,5.703784,0.57067406,0.47310352,0.5829553,IDP-ESM2-8M,67,310,0.39260387420654297,0.7922830581665039,0.035965545643141805,0.031353116035461426,0.03481465411724649
Q04247,1.4275426864624023,3.3727402687072754,0.5423484361156724,0.4460843801498413,0.5604514587534546,1.3729227,3.323968,0.5601239,0.4453395,0.52605546,IDP-ESM2-8M,67,310,0.05462002754211426,0.048772335052490234,0.017775484325001423,0.0007448792457580566,0.03439600354562988
Q04259,1.7224528789520264,4.139754772186279,0.5686946855066017,0.4629057049751282,0.5401790262265856,1.7853155,4.250065,0.5426549,0.43143573,0.5597095,IDP-ESM2-8M,67,310,0.06286263465881348,0.11031007766723633,0.026039813565988945,0.03146997094154358,0.01953046311896489
Q04397,5.961803436279297,14.085654258728027,0.53215471538419,0.4303963482379913,0.6057864550270876,4.3158484,10.009293,0.49862912,0.39405376,0.6612531,IDP-ESM2-8M,67,310,1.6459550857543945,4.076361656188965,0.03352559241170161,0.03634259104728693,0.05546663964606913
Q04405,1.9513792991638184,4.690713882446289,0.5532768482796879,0.4387100636959076,0.563014321802964,1.8837276,4.6259937,0.5744821,0.44805855,0.5360518,IDP-ESM2-8M,67,310,0.06765174865722656,0.06472015380859375,0.02120523504092975,0.009348481893539429,0.026962512015213713
Q04420,1.7930487394332886,4.225100517272949,0.5278868768211131,0.4101204574108124,0.593168288209549,1.8057128,4.4713745,0.5801925,0.44909483,0.5203015,IDP-ESM2-8M,67,310,0.012664079666137695,0.24627399444580078,0.05230562949221085,0.038974374532699585,0.07286676738511666
Q05293,2.0307416915893555,4.881020545959473,0.59940467717372,0.4745745360851288,0.5374576494302498,1.8567355,4.415397,0.57221705,0.46599323,0.56000435,IDP-ESM2-8M,67,310,0.17400622367858887,0.4656233787536621,0.02718762995921198,0.008581310510635376,0.022546704093004633
Q06E77,1.9092912673950195,4.5236101150512695,0.6139038039622636,0.5110706090927124,0.5283586137889412,1.7881231,4.3360214,0.58390087,0.47284457,0.5706665,IDP-ESM2-8M,67,310,0.12116813659667969,0.18758869171142578,0.03000293506959395,0.038226038217544556,0.04230787819637982
Q06IZ2,1.49660062789917,3.588153600692749,0.5660683874794827,0.4511531591415405,0.531653719218878,1.5423123,3.7044785,0.5523208,0.4416729,0.5438555,IDP-ESM2-8M,67,310,0.045711636543273926,0.11632490158081055,0.013747609109579173,0.009480267763137817,0.012201769081445435
Q08IT9,1.4946043491363523,3.566518545150757,0.5383306039683455,0.4228792190551758,0.5722444336482003,1.4605466,3.443161,0.53704923,0.42804343,0.56281185,IDP-ESM2-8M,67,310,0.03405773639678933,0.12335753440856934,0.0012813700549239027,0.005164206027984619,0.00943258214673548
Q08IU0,1.4734405279159546,3.58923888206482,0.5712525936498509,0.4492001235485077,0.5156858817258763,1.3512623,3.187042,0.54917896,0.443688,0.5387783,IDP-ESM2-8M,67,310,0.12217819690704346,0.4021968841552739,0.022073635710702977,0.005512118339538574,0.023092423327834677
Q08IU3,1.512858271598816,3.7490038871765137,0.5725133624989117,0.448632538318634,0.5281049649924568,1.4448073,3.4275682,0.53831536,0.42876014,0.5596512,IDP-ESM2-8M,67,310,0.06805098056793213,0.32143568992614746,0.03419800672117124,0.019872397184371893,0.031546231010503356
Q08IW3,1.4909405708312988,3.5337915420532227,0.5444506668526673,0.4392534494400024,0.5606923738104342,1.5330862,3.6353319,0.54599303,0.43669704,0.5558759,IDP-ESM2-8M,67,310,0.042145609855651855,0.10154032707214355,0.0015423632185912473,0.0025564134120940607,0.004816476402902503
Q08IW4,1.470182180404663,3.518273115158081,0.5347413654851269,0.4259773194789886,0.5676599623926931,1.3609041,3.2323406,0.5467304,0.43774572,0.547569,IDP-ESM2-8M,67,310,0.10927808284759521,0.2859325408935547,0.01198903364664805,0.011768400669097956,0.020090985513573245
Q08IW8,1.4630016088485718,3.3940677642822266,0.5546824775771078,0.4475643932819366,0.5348679376956885,1.3947623,3.304097,0.54459953,0.43705663,0.5529253,IDP-ESM2-8M,67,310,0.06823933124542236,0.08997082710266113,0.01008294449605307,0.010507762432098333,0.018057350981527054
Q08IX5,1.4865765571594238,3.5790841579437256,0.5604182963199154,0.4455153942108154,0.5355609512632371,1.4954671,3.5711126,0.5501345,0.437789,0.54642653,IDP-ESM2-8M,67,310,0.008890509605407715,0.007971525192260742,0.010283816320373118,0.007726401090621893,0.010865583389472855
Q08J01,1.4684501886367798,3.3893628120422363,0.5236528067923735,0.4308197796344757,0.5834515825012296,1.4561785,3.4689221,0.54782236,0.437033,0.5440667,IDP-ESM2-8M,67,310,0.012271642684936523,0.079559326171875,0.024169549431686588,0.0062132179737091064,0.03938485533982217
Q08J02,1.4490728378295898,3.552019119262696,0.5413348326175282,0.4264488518238067,0.549283051920786,1.4004793,3.3319697,0.5554601,0.44571212,0.535812,IDP-ESM2-8M,67,310,0.04859352111816406,0.2200493812561044,0.014125262788050374,0.0192632675170899,0.013471031618967122
Q0GGW6,4.246213436126709,9.515416145324709,0.507190607020282,0.4148387312889099,0.6750828804795495,3.9449065,9.330134,0.5383353,0.41631675,0.60273623,IDP-ESM2-8M,67,310,0.30130696296691895,0.18528175354004084,0.031144716313458276,0.0014780163764953613,0.07234664581463246
Q0GYC4,2.3937106132507324,5.923280239105225,0.618659914212266,0.4870284795761108,0.5277343726507969,2.4261768,5.69911,0.548044,0.4511511,0.63267434,IDP-ESM2-8M,67,310,0.03246617317199707,0.22417020797729492,0.07061588831428622,0.03587737679481501,0.10493996378261372
Q0IL14,4.134277820587158,10.14175796508789,0.642508996271763,0.5135773420333862,0.5304743429401519,4.1970243,10.059553,0.57586133,0.46074912,0.61757606,IDP-ESM2-8M,67,310,0.06274652481079102,0.08220481872558594,0.06664766147104284,0.05282822251319885,0.08710171973913883
Q0IL90,2.6961510181427,6.426341533660889,0.5501661038738574,0.4312974512577057,0.5761608555471622,2.5636468,6.0720363,0.5354797,0.42058942,0.5948576,IDP-ESM2-8M,67,310,0.13250422477722168,0.3543052673339844,0.014686379466661403,0.010708034038543701,0.018696717962054077
Q0NQ56,2.1023452281951904,4.950217723846436,0.5190839697380512,0.4115495383739471,0.5782828210194894,1.9101833,4.5340157,0.53816557,0.4161358,0.54115903,IDP-ESM2-8M,67,310,0.1921619176864624,0.4162020683288583,0.019081599567368768,0.0045862495899200995,0.03712378724415977
Q0PEK1,2.524608850479126,5.918203830718994,0.5264393922802605,0.4068881869316101,0.606438009941452,2.3150008,5.2402263,0.48434266,0.3900452,0.69150937,IDP-ESM2-8M,67,310,0.2096080780029297,0.6779775619506836,0.04209672780005114,0.01684299111366272,0.0850713560940094
Q0PF77,2.5542514324188232,6.065057277679443,0.5239193362107067,0.3999340832233429,0.6034444263184789,2.505291,5.8900337,0.51785105,0.40605697,0.6107989,IDP-ESM2-8M,67,310,0.04896044731140137,0.17502355575561523,0.006068281542280229,0.006122887134552002,0.007354469040560363
Q0PF82,2.559495687484741,5.902616024017334,0.5175786129754588,0.3993057310581207,0.6184365664514759,2.5671182,6.1133156,0.534765,0.41439545,0.58637154,IDP-ESM2-8M,67,310,0.007622480392456055,0.21069955825805664,0.017186392136235518,0.015089720487594604,0.03206502542822154
Q0PF92,2.533196449279785,6.093900203704834,0.5215504356497213,0.3934313058853149,0.6037939014009186,2.5115538,5.8769684,0.51119787,0.4034596,0.62069243,IDP-ESM2-8M,67,310,0.021642684936523438,0.21693181991577148,0.010352570640413394,0.010028302669525202,0.016898530525808697
Q0PFA4,2.5440783500671387,6.210549831390381,0.5356107997106777,0.3995899260044098,0.5764300357144364,2.5449417,6.0010934,0.51897734,0.40623525,0.60913175,IDP-ESM2-8M,67,310,0.0008633136749267578,0.2094564437866211,0.016633455674575415,0.006645321846008301,0.032701717730235225
Q0PFA9,2.6260666847229004,6.123032093048096,0.5380308019053236,0.4009446799755096,0.5911469473677936,2.4043176,5.6852617,0.5231877,0.40642118,0.5961671,IDP-ESM2-8M,67,310,0.22174906730651855,0.43777036666870117,0.014843104971577259,0.005476504564285334,0.0050201401871380336
Q0QZD2,2.0776827335357666,5.097110748291016,0.6015571175821984,0.4639869332313537,0.5254246945006606,1.9882438,4.9667172,0.613976,0.48161915,0.5027634,IDP-ESM2-8M,67,310,0.08943891525268555,0.13039350509643555,0.012418884157303522,0.017632216215133723,0.02266130395958399
Q0QZH2,2.01521372795105,4.520552158355713,0.4722881189637405,0.377888023853302,0.6608434629900098,2.0270824,4.5460835,0.46150923,0.3768557,0.70093405,IDP-ESM2-8M,67,310,0.011868715286254883,0.025531291961669922,0.010778891211054964,0.001032322645187378,0.04009058947733635
Q0WY62,1.583643674850464,3.796311616897583,0.5681448066884481,0.454935759305954,0.5407180806293341,1.6308856,3.9208913,0.56096417,0.44817525,0.54638964,IDP-ESM2-8M,67,310,0.04724192619323708,0.12457966804504395,0.007180639570375624,0.006760507822036743,0.005671558748259864
Q102Z0,1.5264338254928589,3.535468101501465,0.5425249914050603,0.438608705997467,0.5677957770234316,1.4834496,3.4540431,0.538697,0.43678656,0.5805335,IDP-ESM2-8M,67,310,0.0429842472076416,0.08142495155334473,0.0038279870868229704,0.0018221437931060236,0.012737727462652337
Q102Z1,1.5627317428588867,3.752499103546143,0.5658753043742479,0.4530649483203888,0.5461718744116663,1.5422564,3.654273,0.55486244,0.44649202,0.5648503,IDP-ESM2-8M,67,310,0.020475387573242188,0.09822607040405318,0.011012864741832162,0.006572932004928589,0.01867839633647217
Q102Z2,1.5260303020477295,3.679841279983521,0.5509455290094699,0.4326828122138977,0.5552962829185091,1.5063081,3.5948496,0.5578419,0.4512767,0.55201614,IDP-ESM2-8M,67,310,0.01972222328186035,0.08499169349670455,0.006896368001333308,0.01859387755393982,0.0032801438880525335
Q102Z3,1.5389286279678345,3.694434881210327,0.5399186429722581,0.4232986867427826,0.5770555524614331,1.6336896,3.788307,0.5274299,0.42402813,0.59085536,IDP-ESM2-8M,67,310,0.09476101398468018,0.0938720703125,0.012488764260557672,0.0007294416427612305,0.013799807569694789
Q102Z5,1.56300151348114,3.839358568191528,0.5644034346269647,0.4465832114219665,0.5475506959596723,1.7157125,4.160471,0.57148266,0.45838377,0.5372071,IDP-ESM2-8M,67,310,0.15271103382110618,0.3211123943328862,0.007079223759265729,0.01180055737495428,0.010343569342240677
Q102Z6,1.558843970298767,3.7468645572662354,0.5673616802091164,0.4505439102649688,0.5420287615713157,1.624905,3.7310104,0.52071214,0.4230005,0.6072235,IDP-ESM2-8M,67,310,0.06606101989746094,0.0158541202545166,0.04664954298682633,0.027543395757675115,0.06519474917087176
Q102Z7,1.5640738010406494,3.776497840881348,0.5798247022062354,0.4620537459850311,0.526505304692224,1.5136522,3.5702126,0.5434549,0.436196,0.5595432,IDP-ESM2-8M,67,310,0.05042159557342529,0.20628523826599166,0.0363698167234473,0.02585774660110468,0.03303788769440319
Q102Z8,1.5482416152954102,3.731268405914306,0.5637487035642732,0.4468946754932403,0.5442272161962655,1.5692663,3.700867,0.5435542,0.43521327,0.567524,IDP-ESM2-8M,67,310,0.021024703979492188,0.030401468276977095,0.020194516743289315,0.011681407690048162,0.02329679970720744
Q102Z9,1.5323196649551392,3.73967719078064,0.5722869605911137,0.4663804769515991,0.52553426774174,1.4701222,3.4331462,0.5362212,0.43285272,0.5711048,IDP-ESM2-8M,67,310,0.06219744682312012,0.3065309524536137,0.03606575440291182,0.033527761697769165,0.04557055680125932
Q103A0,1.4946423768997192,3.6296658515930176,0.5531974460240353,0.4405220150947571,0.5398507831587086,1.4877068,3.4749966,0.5357803,0.43020552,0.5780931,IDP-ESM2-8M,67,310,0.006935596466064453,0.15466928482055664,0.01741713539323697,0.01031649112701416,0.03824232835633656
Q103A1,1.538124680519104,3.718873977661133,0.5843005670279658,0.4782843887805938,0.5107895746198051,1.6383668,3.9190278,0.55753505,0.44682637,0.55001885,IDP-ESM2-8M,67,310,0.10024213790893555,0.20015382766723633,0.026765514728466333,0.03145802021026606,0.03922927236887286
Q103A2,1.5653905868530271,3.8407812118530273,0.5867194827794993,0.4572076499462127,0.5171756339280824,1.5092518,3.597238,0.547238,0.43754953,0.5597315,IDP-ESM2-8M,67,310,0.05613875389099099,0.24354314804077148,0.03948149049281713,0.019658118486404363,0.042555849531390244
Q103A3,1.5026859045028689,3.740789175033569,0.5765756785739606,0.4582104086875915,0.5289017267253655,1.4255832,3.3333652,0.5420107,0.43621257,0.5770071,IDP-ESM2-8M,67,310,0.07710266113281272,0.40742397308349565,0.03456495402943549,0.021997839212417547,0.04810538816187204
Q103A4,1.509580135345459,3.709859609603882,0.5951766363983398,0.4716668725013733,0.5059623640273944,1.3952713,3.3584344,0.5579172,0.4449202,0.54555905,IDP-ESM2-8M,67,310,0.11430883407592773,0.3514251708984375,0.0372594587211853,0.026746660470962524,0.03959668462525456
Q103A5,1.4706743955612185,3.6151061058044434,0.5552761457204696,0.4367510974407196,0.5476863288197614,1.4943444,3.5431747,0.5405429,0.432997,0.5731289,IDP-ESM2-8M,67,310,0.0236699581146238,0.07193136215209961,0.014733245158183195,0.0037541091442108154,0.025442550250520557
Q103A6,1.4472562074661257,3.657702445983887,0.6025959109392942,0.4718280136585235,0.4848739671036193,1.4471121,3.459499,0.5616267,0.4516247,0.5391179,IDP-ESM2-8M,67,310,0.00014412403106711658,0.198203563690186,0.040969238194543234,0.02020332217216486,0.05424390561137704
Q103A7,1.4861767292022705,3.669062614440918,0.56097763573601,0.4309644997119903,0.5457976722460072,1.3893039,3.381375,0.5647184,0.44797716,0.5340456,IDP-ESM2-8M,67,310,0.09687280654907227,0.2876875400543213,0.0037407895378852585,0.017012655735015925,0.0117520951967518
Q103A8,1.447481393814087,3.426358699798584,0.5410486038493951,0.4221350848674774,0.5597594438096685,1.3941903,3.2474806,0.53415275,0.42999306,0.58344764,IDP-ESM2-8M,67,310,0.05329108238220215,0.1788780689239502,0.006895857648833603,0.007857978343963623,0.02368819136412914
Q103A9,1.4570873975753784,3.450800895690918,0.5490579265296065,0.450244128704071,0.5616914649315569,1.4700972,3.4261725,0.5356412,0.43188572,0.58591926,IDP-ESM2-8M,67,310,0.013009786605834961,0.024628400802612305,0.013416733139713921,0.018358409404754583,0.02422779604714187
Q107X9,2.80799412727356,6.488764762878418,0.5130437659144593,0.3940306901931762,0.6106053430899142,3.00658,6.8675885,0.4821902,0.3942356,0.6947574,IDP-ESM2-8M,67,310,0.198585987091064,0.37882375717163086,0.03085357416870127,0.00020492076873784848,0.08415205885329258
Q14UX9,1.8630846738815308,4.552669525146484,0.5844110232477137,0.4659469127655029,0.5358860147340566,1.6635135,3.8799946,0.5305173,0.4296411,0.60144067,IDP-ESM2-8M,67,310,0.1995711326599121,0.6726748943328857,0.053893743145937534,0.036305814981460516,0.06555465337202249
Q14UY3,1.898222804069519,4.693295955657959,0.5957448860467704,0.483496218919754,0.5200671056318318,1.6819174,3.9098516,0.53360885,0.4341268,0.5968961,IDP-ESM2-8M,67,310,0.21630537509918213,0.7834444046020508,0.062136032229784366,0.049369424581527654,0.07682900633334766
Q152W2,1.3960894346237185,2.9132158756256104,0.3709439138873314,0.3665268719196319,0.8047838481439029,1.5185962,3.5419898,0.5104495,0.4131077,0.599681,IDP-ESM2-8M,67,310,0.12250673770904519,0.6287739276885986,0.13950561480682144,0.046580821275711115,0.2051028283608829
Q159G2,1.862705111503601,4.510460376739502,0.5355296311643535,0.4163558483123779,0.5482713168791121,1.811426,4.347213,0.549823,0.42556265,0.52237666,IDP-ESM2-8M,67,310,0.05127906799316406,0.16324758529663086,0.014293354961592564,0.00920680165290838,0.025894660346824527
Q159G5,2.3072855472564697,5.367988109588623,0.5302629042503726,0.4109596908092499,0.5666230990175788,2.2909,5.4915094,0.55388945,0.4258942,0.5204007,IDP-ESM2-8M,67,310,0.016385555267333984,0.12352132797241211,0.023626549160729704,0.014934509992599487,0.04622239606424017
Q159M3,1.579951286315918,3.774785041809082,0.5333723503253851,0.4153158962726593,0.5475891384653464,1.5925268,3.7929618,0.5377297,0.42123225,0.54006016,IDP-ESM2-8M,67,310,0.012575507164001465,0.018176794052124023,0.004357330212792387,0.0059163570404052734,0.007528975921095915
Q19B12,2.2440643310546875,5.475481033325195,0.5714031446423263,0.4491946697235107,0.5547238819988454,2.0576615,4.8475547,0.53588384,0.4321821,0.6040828,IDP-ESM2-8M,67,310,0.1864027976989746,0.6279263496398926,0.03551930074355314,0.01701256632804865,0.04935894080083725
Q19B37,1.7307177782058716,4.224379062652588,0.5969816230489038,0.4685884416103363,0.5187828596159181,1.677946,4.058107,0.58340067,0.47610092,0.54958266,IDP-ESM2-8M,67,310,0.052771806716918945,0.16627216339111328,0.013580956335189187,0.007512480020523071,0.03079980058229359
Q19CE6,1.8292982578277588,4.247595310211182,0.5651964185863267,0.4677370190620422,0.5726799644550528,1.8570976,4.460286,0.56952846,0.4609426,0.56700075,IDP-ESM2-8M,67,310,0.027799367904663086,0.2126908302307129,0.004332041916297769,0.006794422864913885,0.005679217728063013
Q19CW0,1.5869520902633667,3.9253432750701904,0.5449473623377896,0.4395098090171814,0.5861127220701438,1.5915091,3.7904227,0.5531478,0.451994,0.5806916,IDP-ESM2-8M,67,310,0.004557013511657715,0.13492059707641602,0.008200430478372489,0.012484192848205566,0.005421146066115434
Q19D16,1.609241604804993,4.104137420654297,0.6271915396636818,0.5056334137916565,0.4965862597697601,1.5454882,3.8330688,0.5934926,0.47175267,0.515767,IDP-ESM2-8M,67,310,0.06375336647033714,0.2710685729980469,0.03369891251982193,0.03388074040412903,0.01918071849409486
Q19NX3,2.321439504623413,5.079095363616943,0.4399017940174413,0.3707223236560821,0.7166487365041961,2.0652742,4.5687723,0.44055775,0.3612927,0.7264753,IDP-ESM2-8M,67,310,0.2561652660369873,0.5103230476379395,0.0006559540618586435,0.009429633617401068,0.009826561900497466
Q19UQ1,2.178329467773437,5.276423454284668,0.5920761206075342,0.4612559378147125,0.5402801906853764,2.258367,5.698396,0.6284004,0.49897134,0.52936053,IDP-ESM2-8M,67,310,0.08003759384155318,0.42197275161743164,0.03632426477225703,0.037715405225753784,0.010919657924756243
Q19XC2,2.072807788848877,5.057569980621338,0.5921323164761212,0.4735101759433746,0.5457524631920455,1.8415124,4.591835,0.6024943,0.47436965,0.51979744,IDP-ESM2-8M,67,310,0.23129534721374512,0.46573495864868164,0.010361982935652492,0.0008594691753388006,0.025955018848478617
Q19XF8,1.7514724731445312,4.308929920196533,0.5657490001093233,0.4511358737945556,0.5552736514381182,1.8423836,4.5010204,0.5907329,0.46957812,0.5159443,IDP-ESM2-8M,67,310,0.0909111499786377,0.19209051132202148,0.024983872376791227,0.01844224333763128,0.039329349356056476
Q19XJ8,1.4631043672561646,3.555136442184448,0.5701363979310915,0.4581097364425659,0.5341363939168355,1.4700856,3.4458778,0.5158613,0.4156521,0.60090107,IDP-ESM2-8M,67,310,0.006981253623962402,0.109258651733398,0.05427512511920185,0.042457640171051025,0.06676467334009195
Q19XN7,1.660650610923767,4.021685123443604,0.594056549261126,0.4741404354572296,0.5184560760935016,1.6601455,3.88267,0.5406355,0.44675088,0.60351366,IDP-ESM2-8M,67,310,0.0005050897598266602,0.13901519775390714,0.05342102308085872,0.027389556169509888,0.08505758195322077
Q19XV8,2.244357109069824,5.288377285003662,0.5617980152653586,0.4544282853603363,0.5786611872384213,2.3042502,5.4984617,0.55232733,0.43169203,0.5898247,IDP-ESM2-8M,67,310,0.059893131256103516,0.2100844383239746,0.009470680384529695,0.02273625135421753,0.011163489275250571
Q19XW1,2.4841301441192627,6.451755523681641,0.6500494013145749,0.5093032717704773,0.5009065994810956,2.7332242,6.6837926,0.6162853,0.4975227,0.57369554,IDP-ESM2-8M,67,310,0.24909400939941406,0.23203706741333008,0.033764077217895205,0.01178056001663208,0.072788940947066
Q19YI2,1.425392746925354,3.39473819732666,0.5484425386633732,0.4401802718639374,0.5507910814493132,1.5811032,3.8488767,0.5739472,0.4564349,0.5268469,IDP-ESM2-8M,67,310,0.15571045875549316,0.45413851737976074,0.025504652575030096,0.01625463366508484,0.02394419576816087
Q19YS5,2.582314968109131,6.549942493438721,0.6224937941854274,0.4872753024101257,0.5209721076914988,2.5740266,6.2012377,0.5897947,0.47660848,0.59482116,IDP-ESM2-8M,67,310,0.008288383483886719,0.34870481491088867,0.03269909880807753,0.010666817426681463,0.07384904737975972
Q19YU1,1.9348753690719604,4.702529430389404,0.5682839759057561,0.4376396536827087,0.5267733665674295,1.8071902,4.356066,0.55771273,0.43866652,0.54596645,IDP-ESM2-8M,67,310,0.12768518924713135,0.3464632034301758,0.010571242160181127,0.0010268688201904852,0.019193079832259263
Q19Z22,3.7317090034484863,9.281399726867676,0.61341608628973,0.4695468842983246,0.5136085070165781,3.6100168,8.7437525,0.59315306,0.45727256,0.53945553,IDP-ESM2-8M,67,310,0.12169218063354492,0.5376472473144531,0.020263026807155526,0.012274324893951416,0.025847026011070806
Q19ZG3,2.1193225383758545,5.200678825378418,0.5644554160846095,0.4450451731681824,0.5589526049422424,2.1278896,4.996117,0.52459157,0.4213848,0.60943586,IDP-ESM2-8M,67,310,0.008567094802856445,0.20456171035766602,0.03986385095246836,0.023660361766815186,0.05048325140007326
Q1A0D0,2.0224950313568115,4.918007373809815,0.5956056394711798,0.4784068167209625,0.5407660684359,1.9464308,4.743499,0.5936201,0.4723509,0.49781287,IDP-ESM2-8M,67,310,0.07606422901153564,0.17450857162475675,0.0019855179921454136,0.006055921316146851,0.04295320127128821
Q1A4M9,2.45168399810791,5.758217811584473,0.6034417624243827,0.4779607057571411,0.5546894066301913,2.5700293,6.3896694,0.6341926,0.49888414,0.4875321,IDP-ESM2-8M,67,310,0.11834526062011719,0.6314516067504883,0.03075082352074665,0.0209234356880188,0.06715729760805078
Q1A4P9,2.6617980003356934,5.645875453948975,0.4003834036213328,0.3363877832889557,0.8328134204371653,3.3782685,7.6496487,0.4768392,0.38403854,0.7206663,IDP-ESM2-8M,67,310,0.71647047996521,2.0037732124328613,0.07645581094203696,0.04765075445175171,0.11214713110763652
Q1EGY8,3.295926570892334,7.768068790435791,0.6022507531684067,0.47369185090065,0.5258451005112948,3.1243227,7.5154195,0.5866812,0.45955786,0.51210004,IDP-ESM2-8M,67,310,0.17160391807556152,0.25264930725097656,0.015569566015544156,0.014133989810943604,0.013745059598666676
Q1EGZ1,3.521714448928833,8.512552261352539,0.612903765446632,0.4927096664905548,0.522919221308588,3.3185759,8.017681,0.5892663,0.45923492,0.51381195,IDP-ESM2-8M,67,310,0.2031385898590088,0.4948711395263672,0.02363746524521604,0.033474743366241455,0.009107275393365866
Q1EGZ2,3.5945634841918945,8.452336311340332,0.5826930446459146,0.4522896707057953,0.5669053954271718,3.3048568,7.9248023,0.5684421,0.4435865,0.5467576,IDP-ESM2-8M,67,310,0.2897067070007324,0.527534008026123,0.014250938398966406,0.008703172206878662,0.020147816577379296
Q1EH05,4.274602890014648,9.969808578491213,0.6049517896969822,0.4974344670772552,0.5556294737984008,3.9608467,9.489776,0.58720946,0.45911416,0.5362681,IDP-ESM2-8M,67,310,0.31375622749328613,0.4800329208374041,0.01774232657747532,0.03832030296325678,0.019361358754760638
Q1EH28,3.3626437187194824,8.010565757751465,0.5956544497834614,0.4795834422111511,0.5330649701460161,3.1522717,7.588898,0.58831656,0.45964265,0.50747335,IDP-ESM2-8M,67,310,0.2103719711303711,0.42166757583618164,0.00733788999189644,0.01994079351425171,0.025591620574788032
Q1EH30,3.4096574783325195,7.8783135414123535,0.599178377609126,0.4864710569381714,0.5335857205508661,3.2453976,7.8130636,0.58468044,0.45845103,0.51978177,IDP-ESM2-8M,67,310,0.1642599105834961,0.06524991989135742,0.014497939567438944,0.028020024299621582,0.013803952228875094
Q1EH36,3.4856793880462646,8.384860038757324,0.6027651680910061,0.4693197607994079,0.5387521367480379,3.259564,7.85159,0.5845385,0.457818,0.5283005,IDP-ESM2-8M,67,310,0.22611546516418457,0.5332698822021484,0.018226648708529303,0.011501759290695135,0.010451612990103332
Q1EH45,4.208730697631836,10.27480697631836,0.6338811670406332,0.506172239780426,0.5124249856587628,3.9235094,9.45089,0.59882885,0.46756038,0.5235906,IDP-ESM2-8M,67,310,0.2852213382720947,0.8239173889160156,0.03505231486396698,0.03861185908317566,0.011165638673665157
Q1EH47,4.704014301300049,11.130596160888672,0.6130627413813228,0.4897034466266632,0.56367836258182,4.1718388,10.047253,0.5991314,0.4637819,0.5208344,IDP-ESM2-8M,67,310,0.5321755409240723,1.083343505859375,0.01393133602777663,0.025921553373336792,0.04284397623309566
Q1EH77,3.790067195892334,8.998767852783203,0.6022257840103399,0.4814599752426147,0.5501066026476011,3.6032166,8.69214,0.5920249,0.45828032,0.5140063,IDP-ESM2-8M,67,310,0.18685054779052734,0.3066282272338867,0.010200861639429237,0.023179650306701605,0.03610028598576642
Q1KWA0,2.329812526702881,5.434887886047363,0.5169317475517831,0.4146731495857239,0.6258294377670979,2.3683763,5.5470433,0.52516085,0.4152664,0.59915596,IDP-ESM2-8M,67,310,0.03856372833251953,0.11215543746948242,0.008229101542607808,0.0005932450294494629,0.02667347529990427
Q1MWN9,3.8329460620880127,9.075664520263672,0.5596740135915395,0.4320222437381744,0.5812591116833139,3.4491262,8.174255,0.5468523,0.42730287,0.5989231,IDP-ESM2-8M,67,310,0.3838198184967041,0.9014091491699219,0.012821722961198878,0.004719376564025823,0.017663975436742252
Q1WIU5,2.5448813438415527,6.210842132568359,0.5404643134988731,0.4280964136123657,0.5901047156420977,2.3177764,5.478131,0.5278925,0.41631725,0.61026025,IDP-ESM2-8M,67,310,0.22710490226745605,0.7327113151550293,0.012571843139070893,0.011779159307479858,0.020155532542106447
Q1WIU7,2.5449488162994385,5.991891860961914,0.5328514330414892,0.4194750189781189,0.6017386166933049,2.2534766,5.281464,0.51328206,0.40586016,0.6313477,IDP-ESM2-8M,67,310,0.2914721965789795,0.7104277610778809,0.01956937241832024,0.013614863157272339,0.029609099161339913
Q1XDV1,1.4390199184417725,3.416501522064209,0.563394143776547,0.4496183693408966,0.5348573597522929,1.4425312,3.5168555,0.56214964,0.44377068,0.52756494,IDP-ESM2-8M,67,310,0.0035113096237182617,0.10035395622253418,0.0012444998785366979,0.0058476924896240234,0.007292416915531397
Q1ZYP5,1.9281294345855715,4.438208103179932,0.536236591782784,0.4210100173950195,0.5795526530177317,1.8826716,4.5513153,0.55568725,0.440783,0.5735449,IDP-ESM2-8M,67,310,0.045457839965820535,0.11310720443725586,0.019450656924033582,0.019772976636886652,0.006007733526917525
Q20BU0,1.7003350257873535,4.136878490447998,0.5639209096922865,0.4431666433811188,0.5339262051101162,1.5727874,3.7836752,0.5580177,0.44144952,0.52740055,IDP-ESM2-8M,67,310,0.12754762172698975,0.35320329666137695,0.0059032385840406265,0.0017171204090118408,0.006525651883645289
Q20BW6,1.868373155593872,4.337709426879883,0.4942193882859804,0.3939456045627594,0.6246759637945928,1.798622,4.2489986,0.53978956,0.4261517,0.5615393,IDP-ESM2-8M,67,310,0.06975114345550537,0.08871078491210938,0.04557016917098983,0.03220608830451965,0.06313667145908253
Q20HY6,3.653904438018799,8.634744644165039,0.5449937451465162,0.431265652179718,0.5825213142937554,3.1678543,7.3607063,0.518345,0.41259494,0.63009924,IDP-ESM2-8M,67,310,0.4860501289367676,1.274038314819336,0.02664874678683604,0.018670707941055298,0.04757792267142402
Q27Q61,1.9780032634735107,4.46989631652832,0.5507854388398422,0.4371532797813415,0.5620229366263119,1.9131036,4.561371,0.53713316,0.42846727,0.59464437,IDP-ESM2-8M,67,310,0.06489968299865723,0.09147453308105469,0.013652281586576831,0.008686006069183294,0.03262143106854287
Q27Q66,1.830897331237793,3.5715155601501465,0.452851915592437,0.3787749409675598,0.7018176329459231,1.8492945,4.271511,0.49762195,0.4041342,0.64609283,IDP-ESM2-8M,67,310,0.018397212028503418,0.6999955177307129,0.04477003789495926,0.025359272956848145,0.05572480085745268
Q27Q71,1.9729509353637693,4.544708728790283,0.5566190819313676,0.4375507831573486,0.557246627735866,1.9007448,4.564043,0.5449005,0.4321357,0.580294,IDP-ESM2-8M,67,310,0.07220613956451394,0.01933431625366211,0.01171860499884192,0.005415081977844183,0.02304738528751049
Q27Q76,1.91081178188324,4.2866950035095215,0.5118536150851574,0.4183390736579895,0.617654506034796,1.8803802,4.4688478,0.5353035,0.427251,0.59317786,IDP-ESM2-8M,67,310,0.03043162822723411,0.18215274810791016,0.02344985838743785,0.008911937475204468,0.024476651019994966
Q27Q84,1.5412836074829102,3.823588371276856,0.571069391117349,0.4481203556060791,0.530981987646832,1.827926,4.385928,0.55216193,0.43508017,0.54924303,IDP-ESM2-8M,67,310,0.2866424322128296,0.5623397827148433,0.018907459125771853,0.01304018497467041,0.018261045285449473
Q287B2,2.26259708404541,5.386659145355225,0.5447592223875889,0.4170198142528534,0.5586713929655757,2.3419588,5.492765,0.51625526,0.40743786,0.61177075,IDP-ESM2-8M,67,310,0.0793616771697998,0.10610580444335938,0.028503962873733912,0.009581953287124634,0.05309935612652639
Q287K0,3.239856481552124,8.033544540405273,0.6422718074663714,0.5171895027160645,0.519737352859289,3.11514,7.6614923,0.6353003,0.4994795,0.48033416,IDP-ESM2-8M,67,310,0.12471652030944824,0.3720521926879883,0.006971528802736104,0.017710000276565552,0.03940319014719185
Q2EQ07,1.803499698638916,4.197310924530029,0.5058855888191699,0.4134945273399353,0.6058267277506696,1.8662153,4.221277,0.47839487,0.39013797,0.6490103,IDP-ESM2-8M,67,310,0.06271564960479736,0.023966312408447266,0.027490722829484837,0.02335655689239502,0.04318357288562191
Q2EQJ4,2.297208786010742,5.389327526092529,0.5171436223767302,0.4003026485443115,0.6223606261760961,2.2390263,5.3062177,0.54634035,0.4322919,0.58026594,IDP-ESM2-8M,67,310,0.058182477951049805,0.08310985565185547,0.029196723959634574,0.03198924660682678,0.042094686940408854
Q2EX97,2.726416110992432,6.320390701293945,0.5163343118088486,0.415488600730896,0.6118342661371714,2.6118708,6.133242,0.525025,0.4120668,0.59159917,IDP-ESM2-8M,67,310,0.11454534530639693,0.1871485710144043,0.008690698300099164,0.0034218132495880127,0.02023509974389137
Q2EXS5,3.426549434661865,8.207439422607422,0.5082992260007408,0.3940737843513489,0.6176215961071905,3.4081829,7.8963337,0.50149757,0.3948626,0.62520844,IDP-ESM2-8M,67,310,0.018366575241088423,0.31110572814941406,0.006801659300759155,0.0007888078689575195,0.007586841335589067
Q2I7C2,2.909256219863892,6.969042778015137,0.549351830270756,0.4456551373004913,0.5620466662593858,2.802169,6.545204,0.50580025,0.3928968,0.6296508,IDP-ESM2-8M,67,310,0.10708713531494185,0.42383861541748047,0.043551583078373146,0.05275833606719965,0.06760410535850359
Q2I7C9,2.771064758300781,6.347957611083984,0.5140829789818657,0.3920114040374756,0.6130837287728651,2.786457,6.488874,0.49678305,0.38643098,0.64422446,IDP-ESM2-8M,67,310,0.015392303466797319,0.1409163475036621,0.01729993106736072,0.005580425262451172,0.031140736120475965
Q2I7D5,2.75937557220459,6.268843173980713,0.4963187572759648,0.3780087530612945,0.6523863202379446,2.7642138,6.4990673,0.51168036,0.39443916,0.61458886,IDP-ESM2-8M,67,310,0.004838228225708008,0.2302241325378418,0.015361607332799843,0.01643040776252752,0.03779746354086211
Q2I7D8,2.728187322616577,6.365826606750488,0.5179567383153232,0.4036733210086822,0.5946693488292122,2.8465981,6.6158447,0.49445787,0.38600612,0.6496079,IDP-ESM2-8M,67,310,0.11841082572937012,0.2500181198120117,0.023498867593506167,0.017667204141616766,0.054938547975597385
Q2I7D9,2.877480745315552,6.7767653465271,0.5332333119287698,0.4189158976078033,0.5918262926504011,2.951542,6.879269,0.50424695,0.39456105,0.63863367,IDP-ESM2-8M,67,310,0.07406115531921342,0.10250377655029297,0.028986361779233638,0.024354845285415594,0.04680737577229788
Q2KRX9,3.2031466960906982,7.503121376037598,0.5375595703927668,0.4145285487174988,0.6117342282167654,2.9747891,7.073489,0.5414811,0.42556444,0.59659773,IDP-ESM2-8M,67,310,0.22835755348205566,0.42963218688964844,0.00392150727828422,0.011035889387130737,0.015136497103331537
Q2LGY8,3.799244165420532,9.026793479919434,0.5106952942882074,0.4085971713066101,0.6572164209256665,4.370185,10.328625,0.5392118,0.41616023,0.602491,IDP-ESM2-8M,67,310,0.5709407329559331,1.3018312454223633,0.028516515346954985,0.00756305456161499,0.05472539976935542
Q2NNY0,2.635316133499145,6.612315654754639,0.6456062025447736,0.5031752586364746,0.5157738638827554,2.811818,6.9768257,0.6520069,0.5159956,0.4892045,IDP-ESM2-8M,67,310,0.17650175094604537,0.36451005935668945,0.006400721607600635,0.01282036304473877,0.026569367737506955
Q2PDL2,2.6513826847076416,6.32809591293335,0.5023123994174363,0.3713691830635071,0.6319569987158866,2.7106771,6.308724,0.50916874,0.40239465,0.6231498,IDP-ESM2-8M,67,310,0.05929446220397949,0.019371986389160156,0.00685634466978291,0.031025469303131104,0.00880718649435952
Q2PZ57,2.63270115852356,6.25827169418335,0.5223377060358383,0.403551697731018,0.6179877452219057,2.4867263,5.8549795,0.5151694,0.40472114,0.6289608,IDP-ESM2-8M,67,310,0.1459748744964604,0.403292179107666,0.0071683239405013754,0.0011694431304932196,0.01097304302806379
Q2PZ59,2.725127458572388,6.582545280456543,0.5468175565292951,0.4270278513431549,0.5856750794900661,2.4146595,5.676219,0.5155031,0.40737072,0.6300094,IDP-ESM2-8M,67,310,0.3104679584503178,0.9063262939453125,0.031314448027860764,0.019657135009765625,0.04433433327543679
Q2PZ62,2.6204662322998047,6.341001987457275,0.5048196946513361,0.3883367776870727,0.6541576384567752,2.4058638,5.6207743,0.5087196,0.40274468,0.64182633,IDP-ESM2-8M,67,310,0.21460247039794922,0.7202277183532715,0.0038999284375005328,0.014407902956008967,0.012331306841327216
Q2PZ64,2.72036075592041,6.704376697540283,0.5418075192152485,0.4275480508804321,0.5918351967601511,2.4538014,5.762226,0.5205126,0.41000378,0.627882,IDP-ESM2-8M,67,310,0.266559362411499,0.9421505928039551,0.02129493834366647,0.017544269561767523,0.036046807024028626
Q2PZ75,2.7612271308898926,6.6596856117248535,0.547329473619939,0.4203754067420959,0.5888664982452768,2.5753312,6.021247,0.5099184,0.40349457,0.6462145,IDP-ESM2-8M,67,310,0.1858959197998047,0.6384387016296387,0.037411081915379674,0.016880840063095037,0.057347986923180216
Q2TVL9,2.5339555740356445,6.137641429901123,0.5886520772353797,0.4529864192008972,0.5454483044092722,2.4365206,5.6822844,0.5390549,0.44225588,0.63008475,IDP-ESM2-8M,67,310,0.09743499755859375,0.45535707473754883,0.04959720662991096,0.010730534791946411,0.08463644862722686
Q2VAE1,2.04752779006958,4.690088272094727,0.5014953087961709,0.3882296085357666,0.6339265724312286,2.0121114,4.731865,0.5271908,0.41725606,0.59789026,IDP-ESM2-8M,67,310,0.035416364669799805,0.04177665710449219,0.025695495685335468,0.029026448726654053,0.036036314595840446
Q2VF21,1.55743408203125,3.670363664627075,0.5349345515418781,0.4270355701446533,0.5813243654435998,1.597656,3.8299048,0.5598972,0.44798335,0.55989426,IDP-ESM2-8M,67,310,0.0402219295501709,0.15954113006591797,0.024962632830070164,0.020947784185409546,0.02143010169924553
Q2WC16,1.6622265577316284,3.9985175132751465,0.5808101966310709,0.4684866964817047,0.5387055658498693,1.3850043,3.249639,0.5636672,0.45958593,0.5761,IDP-ESM2-8M,67,310,0.27722227573394775,0.7488784790039062,0.01714301847707922,0.008900761604309082,0.037394425948531596
Q2WC23,1.8534034490585327,4.394892692565918,0.5711479567555796,0.4638168811798095,0.5537437311687449,1.8306234,4.4195447,0.5689001,0.45632544,0.5539011,IDP-ESM2-8M,67,310,0.02278006076812744,0.02465200424194336,0.0022478484181772673,0.007491439580917303,0.00015734514808862787
Q2XT86,1.8485183715820312,4.414977550506592,0.5351102144168849,0.4232984781265259,0.5762128964107867,1.8422358,4.3909965,0.54605514,0.43227997,0.56278056,IDP-ESM2-8M,67,310,0.0062825679779052734,0.023981094360351562,0.010944923694229614,0.008981496095657349,0.013432337347828893
Q2Z0R7,2.308271884918213,5.392824649810791,0.5336318058201349,0.427615761756897,0.5998224053387609,2.3090928,5.409155,0.5286735,0.41945535,0.59892654,IDP-ESM2-8M,67,310,0.0008208751678466797,0.016330242156982422,0.004958276195195954,0.008160412311553955,0.0008958611493077306
Q30BN4,5.188531398773193,12.964834213256836,0.5586410518911467,0.4249902963638305,0.5645398775379699,4.8606977,11.557869,0.54512787,0.41765618,0.60446435,IDP-ESM2-8M,67,310,0.3278336524963379,1.4069652557373047,0.013513183238802906,0.007334113121032659,0.039924474592920034
Q33CR5,2.842214345932007,6.721206665039063,0.5343582693040909,0.4182931780815124,0.5811760532952452,2.8789759,6.6930246,0.49687648,0.38836783,0.6456955,IDP-ESM2-8M,67,310,0.03676152229309082,0.028182029724121982,0.037481791108900486,0.029925346374511663,0.06451945423115246
Q33CS0,2.7922840118408203,6.689250469207764,0.5388448102162067,0.4086418449878692,0.5626912441653728,2.8250322,6.5707946,0.4967209,0.38611263,0.6420793,IDP-ESM2-8M,67,310,0.03274822235107422,0.11845588684082031,0.04212390014388001,0.022529214620590154,0.079388049562502
Q33CS7,2.819076538085937,6.521511077880859,0.5362808524465216,0.4242874085903168,0.5724307617508002,2.843066,6.6099453,0.5013187,0.39382887,0.6393445,IDP-ESM2-8M,67,310,0.02398943901062056,0.08843421936035156,0.03496215928551083,0.030458539724349976,0.06691375166549007
Q33CU7,2.4815328121185303,5.758415699005127,0.525126493988801,0.4112064242362976,0.5876695858772191,2.385448,5.5873036,0.51386195,0.39671966,0.6024686,IDP-ESM2-8M,67,310,0.0960848331451416,0.171112060546875,0.011264539776612237,0.014486759901046753,0.014799023932656419
Q33CV3,2.5215156078338623,6.042768478393555,0.5348888717337157,0.4092934429645538,0.5770432486065242,2.3808448,5.58268,0.5134779,0.39678624,0.60682446,IDP-ESM2-8M,67,310,0.1406707763671875,0.46008825302124023,0.02141095024781481,0.012507200241088812,0.02978120903889203
Q33CV7,2.434470891952514,5.669444561004639,0.5132824725487591,0.3993055820465088,0.6008233737406887,2.4547887,5.739379,0.51226676,0.39665896,0.6056949,IDP-ESM2-8M,67,310,0.0203177928924565,0.06993436813354492,0.0010157174446941974,0.00264662504196167,0.0048715162815891055
Q33CW2,2.563660860061645,5.935413837432861,0.5424450755278026,0.4218400120735168,0.5710855664431488,2.4618368,5.784665,0.51909894,0.40434057,0.6043154,IDP-ESM2-8M,67,310,0.10182404518127397,0.15074872970581055,0.023346138016358542,0.01749944686889643,0.03322983368044741
Q33CX7,2.726118564605713,6.305020809173584,0.5039917460297046,0.3902336061000824,0.6256133417955679,2.7133152,6.3529825,0.50639516,0.39037347,0.6201196,IDP-ESM2-8M,67,310,0.012803316116333008,0.04796171188354492,0.0024034151221813405,0.0001398622989654541,0.005493770109776919
Q33CX8,2.490636348724365,5.785171508789063,0.5289265577992638,0.4186762869358063,0.5806452765482941,2.3764715,5.590077,0.51858324,0.40037248,0.59592766,IDP-ESM2-8M,67,310,0.11416482925414995,0.19509458541870206,0.010343319674416374,0.01830381155014038,0.015282379148574776
Q33CZ4,2.4961965084075928,5.860508918762207,0.5232478847269486,0.3943646550178528,0.595587068025605,2.401137,5.605962,0.50565994,0.3915955,0.61903715,IDP-ESM2-8M,67,310,0.09505939483642578,0.254547119140625,0.017587946868367066,0.0027691423892974854,0.023450083311064907
Q33D00,2.5042660236358643,5.881519317626953,0.5259652723863895,0.4060133397579193,0.5910270115584749,2.4560187,5.7338963,0.508859,0.39425942,0.613099,IDP-ESM2-8M,67,310,0.048247337341308594,0.14762306213378906,0.017106293638067926,0.01175391674041748,0.02207196743780193
Q33D03,2.7177610397338867,6.213830947875977,0.5037662836608434,0.3932824432849884,0.6241727257399146,2.8175108,6.539977,0.4946063,0.38514665,0.6478124,IDP-ESM2-8M,67,310,0.09974980354309082,0.32614612579345703,0.009159997373535678,0.008135795593261719,0.02363970035032592
Q33D07,2.5099008083343506,5.878197193145752,0.52978165243962,0.4124375283718109,0.5849230078351475,2.4423013,5.71351,0.50993234,0.39501333,0.6118879,IDP-ESM2-8M,67,310,0.06759953498840332,0.1646871566772461,0.019849313248183287,0.017424196004867554,0.026964864383938192
Q33D14,2.759350776672364,6.568222522735596,0.5270750464211567,0.3996683061122894,0.5809571647796563,2.7529526,6.455493,0.50880325,0.39410225,0.62123483,IDP-ESM2-8M,67,310,0.006398200988770419,0.11272954940795898,0.018271798015700114,0.005566060543060247,0.04027766941452704
Q33D20,2.5674164295196533,6.109703540802002,0.5516147437184384,0.4354508221149444,0.5537220531517988,2.5505786,5.998949,0.51894754,0.40490013,0.61004275,IDP-ESM2-8M,67,310,0.01683783531188965,0.11075448989868164,0.03266720200472384,0.030550688505172674,0.056320697683619914
Q38506,1.64033842086792,3.879478693008423,0.5591180584519143,0.4519509077072143,0.5456186948373363,1.5829747,3.9072394,0.57853866,0.45128736,0.5081752,IDP-ESM2-8M,67,310,0.05736374855041504,0.027760744094848633,0.0194205977828269,0.0006635487079619806,0.03744350057387802
Q38583,2.3174071311950684,5.596180438995361,0.5679016410733122,0.4349576830863952,0.5816125546113902,2.386797,5.9056144,0.59792304,0.46462637,0.53421634,IDP-ESM2-8M,67,310,0.06938982009887695,0.3094339370727539,0.030021399316702446,0.029668688774108942,0.0473962102548533
Q38HE4,2.315213203430176,5.873088359832764,0.5576059614609695,0.4299439489841461,0.5867283429612739,2.4439096,5.7771378,0.5596519,0.4542698,0.5939545,IDP-ESM2-8M,67,310,0.12869644165039062,0.09595060348510742,0.002045949797727986,0.024325847625732422,0.007226160574950513
Q38I94,2.7038400173187256,6.354191780090332,0.5240944821740221,0.3986773788928985,0.608912124744787,2.9312022,6.9355993,0.5394125,0.4179842,0.5914129,IDP-ESM2-8M,67,310,0.22736215591430664,0.5814075469970703,0.015318016300098991,0.019306808710098322,0.01749922286643002
Q38I97,2.783862829208374,6.512917518615723,0.538055112812006,0.4248154759407043,0.5954403389150564,2.742658,6.517726,0.5420088,0.41818395,0.5769465,IDP-ESM2-8M,67,310,0.04120492935180664,0.0048084259033203125,0.003953704383886314,0.006631523370742742,0.018493841951555456
Q38IM8,2.6556992530822754,6.478208541870117,0.555491440511415,0.4247250258922577,0.5935929323566661,2.5082388,5.8798833,0.54921424,0.44289064,0.60238385,IDP-ESM2-8M,67,310,0.1474604606628418,0.598325252532959,0.0062771966225599884,0.018165618181228638,0.00879091964833878
Q38IP7,2.6160364151000977,6.314549446105957,0.5313053739687542,0.4201443493366241,0.6356944482156893,2.5391412,6.0067787,0.55769783,0.44556507,0.58039916,IDP-ESM2-8M,67,310,0.07689523696899414,0.3077707290649414,0.02639245861562689,0.025420725345611628,0.05529529259892907
Q3C1Z8,1.5489071607589722,3.737790107727051,0.5752053395881571,0.4599210321903229,0.5485368120199718,1.5213765,3.6414366,0.5664807,0.47618347,0.55169004,IDP-ESM2-8M,67,310,0.027530670166015625,0.09635353088378906,0.008724643386832653,0.016262441873550415,0.0031532299989185386
Q3C203,2.965519905090332,6.896722793579102,0.5122124321992579,0.3932014405727386,0.6294759656342676,2.9857683,7.080832,0.54053766,0.419616,0.5791379,IDP-ESM2-8M,67,310,0.0202484130859375,0.18410921096801758,0.028325223154288204,0.02641457319259649,0.050338044300954565
Q3HNZ7,2.253575086593628,5.150715827941895,0.5205471424243342,0.4241325259208679,0.6020845919534108,2.2836595,5.350824,0.5233832,0.41712895,0.6046953,IDP-ESM2-8M,67,310,0.03008437156677246,0.20010805130004794,0.002836057744275422,0.007003575563430786,0.002610728175983734
Q3HP08,2.3872547149658203,5.704742431640625,0.5533609610051153,0.454143226146698,0.5709981091895391,2.325121,5.4546666,0.5282374,0.42150295,0.59741807,IDP-ESM2-8M,67,310,0.0621337890625,0.2500758171081543,0.025123558565997905,0.032640278339385986,0.026419960649938456
Q3HP10,2.369090795516968,5.573545455932617,0.530706605520972,0.4277097582817077,0.6076717857412735,2.3206692,5.408682,0.522937,0.4176504,0.60700566,IDP-ESM2-8M,67,310,0.04842162132263228,0.16486358642578125,0.007769605723150996,0.01005935668945307,0.0006661299757400041
Q3HP12,2.277672052383423,5.463841438293457,0.5484222321817306,0.4401075839996338,0.5544341394244618,2.3358078,5.479539,0.52784526,0.4193864,0.59284025,IDP-ESM2-8M,67,310,0.0581357479095459,0.015697479248046875,0.020576968700590448,0.0207211971282959,0.038406114882331366
Q3HWX5,2.6939961910247803,6.224817276000977,0.528998125256102,0.4212939739227295,0.5887525881476166,2.603497,6.10444,0.51446235,0.40228236,0.6134187,IDP-ESM2-8M,67,310,0.0904991626739502,0.1203770637512207,0.014535773457090784,0.019011616706848145,0.0246661101632355
Q3HWX7,2.636512517929077,6.248574256896973,0.5435633830156484,0.4244741201400757,0.563060603795459,2.360387,5.542065,0.5048662,0.3923341,0.60863566,IDP-ESM2-8M,67,310,0.276125431060791,0.7065091133117676,0.03869720021154077,0.03214001655578613,0.045575060190747085
Q3HWY0,2.7557218074798584,6.474865913391113,0.5359721785041821,0.4243189990520477,0.5865940488225854,2.5789175,6.105093,0.5226405,0.40562102,0.6019589,IDP-ESM2-8M,67,310,0.1768043041229248,0.36977291107177734,0.013331652209473854,0.018697977066039984,0.01536482206517098
Q3HWY5,2.924962043762207,6.842121124267578,0.5499919540834064,0.4378347396850586,0.5920688038255267,2.792509,6.6652393,0.55506885,0.438422,0.56865877,IDP-ESM2-8M,67,310,0.13245296478271484,0.1768817901611328,0.005076896433866551,0.0005872547626495361,0.023410034694819948
Q3HWY6,2.69209623336792,6.424272060394287,0.5229693438649432,0.3995980024337768,0.6007930804014103,2.598968,6.0816593,0.5093706,0.399118,0.62410843,IDP-ESM2-8M,67,310,0.09312820434570312,0.34261274337768555,0.013598718845869717,0.0004799962043761652,0.02331535332203938
Q3KSP3,3.092864751815796,7.410776138305664,0.5802499370750241,0.4503308832645416,0.5320276525175212,3.1961176,7.6056514,0.55744606,0.4391401,0.5518662,IDP-ESM2-8M,67,310,0.10325288772583008,0.19487524032592773,0.022803874510174293,0.01119077205657959,0.019838521226680506
Q3LUB4,2.8321540355682373,6.852625846862793,0.5542958760016855,0.4236774742603302,0.5637685816867816,2.6188233,6.1796002,0.52401245,0.40995428,0.60192806,IDP-ESM2-8M,67,310,0.21333074569702148,0.6730256080627441,0.030283429598182088,0.013723194599151611,0.038159473599625904
Q3LUB6,2.898892879486084,6.818630218505859,0.5564358290950282,0.4437603056430816,0.5728218785480071,2.937038,6.982795,0.542727,0.4267995,0.59116316,IDP-ESM2-8M,67,310,0.03814506530761719,0.16416454315185547,0.013708835534237185,0.016960799694061224,0.0183412798687409
Q3LWP3,3.291009426116944,7.718217372894287,0.5057570923521906,0.3890343904495239,0.6426087521990572,3.194334,7.5041647,0.52229345,0.40586773,0.6157653,IDP-ESM2-8M,67,310,0.09667539596557662,0.21405267715454102,0.01653635609599058,0.016833335161209106,0.026843478628042816
Q3S669,2.926644325256348,6.7000041007995605,0.5056257545559816,0.4037747979164123,0.644447002556822,2.8373108,6.605781,0.5133736,0.4041168,0.6434417,IDP-ESM2-8M,67,310,0.0893335342407231,0.0942230224609375,0.007747858801562368,0.0003420114517212469,0.001005325463316109
Q3T244,2.1477315425872803,5.366142272949219,0.6332322503707922,0.5245952010154724,0.505464004014229,1.9027948,4.483134,0.52858907,0.4229521,0.5917666,IDP-ESM2-8M,67,310,0.24493670463562012,0.8830084800720215,0.10464318052749999,0.10164311528205872,0.08630259182622513
Q3T364,1.9882673025131223,5.024046897888184,0.5915388704201038,0.456082671880722,0.4992868566788497,1.8502905,4.2588015,0.51185495,0.41808602,0.614323,IDP-ESM2-8M,67,310,0.13797676563262917,0.7652454376220703,0.07968392380679201,0.03799664974212641,0.11503616330253458
Q3T393,1.828523755073548,3.540015459060669,0.4121340431344334,0.3729677498340606,0.7923927177071772,1.897059,4.3584404,0.5017606,0.40965936,0.6307101,IDP-ESM2-8M,67,310,0.06853520870208674,0.8184249401092529,0.08962655886294207,0.03669160604476934,0.1616825927376948
Q3T5T1,2.4976789951324463,6.275598049163818,0.6945989794982913,0.5932931303977966,0.4292754752889779,2.0889668,4.958249,0.5409633,0.42715475,0.57475394,IDP-ESM2-8M,67,310,0.40871214866638184,1.3173489570617676,0.1536356873764041,0.16613838076591492,0.14547846481646032
Q3T5T2,2.254765510559082,5.279572486877441,0.5598978077689043,0.4067041575908661,0.569176479086255,2.194502,5.1642723,0.5365409,0.4255044,0.5879555,IDP-ESM2-8M,67,310,0.06026339530944824,0.11530017852783203,0.0233568822661272,0.01880022883415222,0.01877899576726061
Q3T5T4,1.988508224487305,4.747402667999268,0.4836630195820589,0.3222126364707947,0.6751638529470997,1.998508,4.7711587,0.5522397,0.4353889,0.5583567,IDP-ESM2-8M,67,310,0.009999752044677512,0.023756027221679688,0.06857669647095016,0.11317625641822815,0.11680715061937141
Q3T5T7,2.147625207901001,5.117151737213135,0.5708265203589168,0.4452891647815704,0.5496266877257724,2.094427,4.919957,0.5308351,0.4211799,0.5934202,IDP-ESM2-8M,67,310,0.05319809913635254,0.19719457626342773,0.03999142829119828,0.024109274148940985,0.043793519774685374
Q3T5U3,2.0672078132629395,4.843061923980713,0.5478678722966508,0.4367803931236267,0.586719824381463,2.0470233,4.853596,0.5440845,0.43068978,0.57056755,IDP-ESM2-8M,67,310,0.02018451690673828,0.010534286499023438,0.003783382951100256,0.006090611219406128,0.016152276106469077
Q3T5U9,2.000345230102539,4.702556610107422,0.5464646239318555,0.4432204365730285,0.58268728919968,2.0678165,4.908084,0.5509922,0.4373735,0.55770504,IDP-ESM2-8M,67,310,0.06747126579284668,0.20552730560302734,0.004527566906004643,0.0058469474315642755,0.02498224445328112
Q3T5V2,1.976707100868225,4.710358142852783,0.5624422472272718,0.4428675770759582,0.5614142245141348,1.9183699,4.5576897,0.5507965,0.43826622,0.5606499,IDP-ESM2-8M,67,310,0.05833721160888672,0.15266847610473633,0.011645738438209263,0.00460135936737055,0.0007643526879629325
Q3T5V7,1.980308175086975,4.825592994689941,0.572253825732643,0.4510398209095001,0.5457897490182031,1.9566159,4.6307387,0.54509515,0.43294176,0.5694508,IDP-ESM2-8M,67,310,0.02369225025177002,0.1948542594909668,0.02715868003028099,0.018098056316375732,0.02366104663227908
Q3V5E4,1.8973180055618288,4.685516834259033,0.5929562426628153,0.4631414711475372,0.5253457013688063,1.8548386,4.4742637,0.57494855,0.45732668,0.5399658,IDP-ESM2-8M,67,310,0.042479395866394265,0.21125316619873047,0.018007693392185442,0.005814790725707952,0.014620107022764728
Q3YB07,1.5744837522506714,3.683671474456787,0.5245935123383709,0.427328884601593,0.5942550224575842,1.5899036,3.7378733,0.53271216,0.4271989,0.5813203,IDP-ESM2-8M,67,310,0.015419840812683105,0.05420184135437012,0.008118649202614181,0.00012999773025512695,0.012934736660465074
Q3YJX6,2.505139112472534,5.622124195098877,0.5421328100273503,0.4350731670856476,0.5951255932113544,2.222095,5.0529995,0.47873273,0.39380777,0.707329,IDP-ESM2-8M,67,310,0.28304409980773926,0.569124698638916,0.0634000751087559,0.041265398263931274,0.11220338198929869
Q3YJY1,1.9430480003356927,4.622169017791748,0.5450968762922981,0.4350227415561676,0.5680049934067589,1.8659999,4.4461703,0.5424959,0.42929336,0.5748395,IDP-ESM2-8M,67,310,0.07704806327819758,0.17599868774414062,0.0026009699393012564,0.005729377269744873,0.006834479363932
Q3YPN7,2.127946853637696,4.952478408813477,0.5275118928699791,0.4196607172489166,0.6117795232950942,1.9936419,4.7295504,0.5325739,0.41757002,0.5931465,IDP-ESM2-8M,67,310,0.13430500030517667,0.22292804718017578,0.005061985895127075,0.0020906925201416016,0.01863302032344505
Q45KG1,2.766964197158813,6.6851582527160645,0.5535559544119016,0.4259888827800751,0.5461095820827138,2.8386352,6.6138234,0.5046344,0.3959442,0.63017565,IDP-ESM2-8M,67,310,0.07167100906372115,0.0713348388671875,0.04892157407132547,0.03004467487335205,0.08406606803706773
Q461X8,3.631381273269653,8.983125686645508,0.6227331153368899,0.4749475121498108,0.5368991877627917,3.5667791,8.580288,0.59119827,0.45985603,0.5242297,IDP-ESM2-8M,67,310,0.06460213661193803,0.40283775329589844,0.03153484978436916,0.015091478824615479,0.012669482429081946
Q4A2Y9,3.704180240631104,8.548277854919434,0.5693208586581474,0.452962577342987,0.6059591355630346,3.8358173,9.2890625,0.59614795,0.4609573,0.5420751,IDP-ESM2-8M,67,310,0.13163709640502885,0.7407846450805664,0.02682709580581133,0.007994711399078425,0.06388403800215203
Q4GZW3,1.6829309463500977,3.8790221214294434,0.5103590615120673,0.416727066040039,0.6241229833247534,1.814174,4.1925683,0.5110701,0.40767583,0.60584295,IDP-ESM2-8M,67,310,0.13124310970306396,0.31354618072509766,0.0007110111388420881,0.0090512335300445,0.018280035364853453
Q4KPD1,2.3899662494659424,5.709902763366699,0.5540427908980422,0.4171841442584991,0.5628646263044919,2.1540778,5.072771,0.5356053,0.4307552,0.6063835,IDP-ESM2-8M,67,310,0.23588848114013672,0.6371316909790039,0.01843747950430441,0.013571053743362482,0.043518876178876065
Q4KPE0,2.0389978885650635,4.838982582092285,0.5217921490151856,0.415973424911499,0.5899052271658851,1.9185367,4.492136,0.5216142,0.41690505,0.60048366,IDP-ESM2-8M,67,310,0.12046122550964355,0.3468465805053711,0.00017795509886475713,0.0009316205978393555,0.010578428763680314
Q4KPI4,2.611701011657715,6.092313289642334,0.5041122868692475,0.3931532204151153,0.631018101416726,2.4841816,5.7829065,0.50589323,0.3983604,0.61790127,IDP-ESM2-8M,67,310,0.1275193691253662,0.30940675735473633,0.0017809435689849495,0.005207180976867731,0.013116835795540682
Q4KPI5,1.9196524620056152,4.512378692626953,0.534427939563903,0.4208391904830932,0.5728706471402313,2.0157561,4.765246,0.5267022,0.41751498,0.57447326,IDP-ESM2-8M,67,310,0.09610366821289062,0.2528672218322754,0.007725714355620528,0.003324210643768255,0.0016026146929596363
Q4KS53,1.66680908203125,3.4171154499053955,0.43683670971079,0.3711273968219757,0.7102383387240614,1.6848984,3.924329,0.5120844,0.41217873,0.59182364,IDP-ESM2-8M,67,310,0.01808929443359375,0.5072135925292969,0.075247714784907,0.04105132818222046,0.11841470123855724
Q4KSY7,3.468942880630493,8.786966323852539,0.6407921463550609,0.4894512295722961,0.5196228779531722,3.517475,8.56248,0.62238157,0.48203948,0.47873586,IDP-ESM2-8M,67,310,0.04853200912475586,0.2244863510131836,0.018410578400043787,0.007411748170852606,0.04088701379072712
Q4PKB7,2.6682558059692383,6.478139877319336,0.5727703793953427,0.4563716948032379,0.5572222831845041,2.7662604,6.4573207,0.5126045,0.4100092,0.63746315,IDP-ESM2-8M,67,310,0.09800457954406738,0.02081918716430664,0.060165904373980394,0.046362489461898804,0.08024086922409579
Q4PRW0,1.5687822103500366,3.9484939575195312,0.5853458564797526,0.4495293498039245,0.5103735444881708,1.6078358,3.8890502,0.56625515,0.4476339,0.53123087,IDP-ESM2-8M,67,310,0.03905355930328369,0.05944371223449707,0.019090704254258184,0.001895457506179754,0.02085732242085625
Q4QTS8,1.5822422504425049,3.972146034240722,0.6094321598765268,0.4847536087036133,0.5119986790722417,1.7235401,4.3491144,0.628111,0.5081366,0.45467675,IDP-ESM2-8M,67,310,0.1412978172302246,0.37696838378906294,0.01867884495287997,0.023382961750030518,0.057321931750159205
Q4QVU0,1.907810091972351,4.511394500732422,0.5546749423638908,0.4327261447906494,0.5550436070683682,1.9703171,4.602501,0.52564514,0.422381,0.5889588,IDP-ESM2-8M,67,310,0.0625070333480835,0.09110641479492188,0.029029805530699893,0.010345131158828735,0.03391519277065158
Q4QW70,1.8419607877731323,4.3280558586120605,0.5363135258409968,0.4272885918617248,0.5860561097521163,1.8295686,4.2908044,0.5242715,0.4205417,0.5983301,IDP-ESM2-8M,67,310,0.012392163276672363,0.03725147247314453,0.01204203765129952,0.006746888160705511,0.012273970757069486
Q4QW80,1.796077013015747,4.269088745117188,0.5427779692000664,0.4153984785079956,0.5610128772907876,1.7825513,4.2277555,0.53605473,0.4270938,0.57141125,IDP-ESM2-8M,67,310,0.013525724411010742,0.04133319854736417,0.006723238784722141,0.011695325374603271,0.010398374731001914
Q4U2B4,1.801355004310608,4.178857803344727,0.5404422992082752,0.4373418390750885,0.5810348248109153,1.7869396,4.345304,0.57014614,0.45136988,0.55098826,IDP-ESM2-8M,67,310,0.014415383338928223,0.16644620895385742,0.02970384422815664,0.014028042554855347,0.030046567879610353
Q4W600,3.581817865371704,8.481317520141602,0.5153812197550156,0.4065305292606354,0.6140929341286595,3.563615,8.28516,0.5116309,0.40330276,0.61284286,IDP-ESM2-8M,67,310,0.018202781677246094,0.19615745544433594,0.003750327001414533,0.0032277703285217285,0.0012500762909825047
Q4Z9E7,2.2208800315856934,5.487044811248779,0.595333592342994,0.4796536266803741,0.5435069504193282,1.9914241,4.6709633,0.5460403,0.44365707,0.62150127,IDP-ESM2-8M,67,310,0.22945594787597656,0.8160815238952637,0.04929329578842856,0.0359965562820434,0.07799431653700117
Q4ZA14,2.1356492042541504,5.146971225738525,0.618643483403222,0.5118792057037354,0.5249551241214087,1.9966865,4.8181443,0.5753866,0.46396843,0.5653756,IDP-ESM2-8M,67,310,0.1389627456665039,0.328826904296875,0.04325689959813772,0.04791077971458435,0.040420501965780065
Q507B8,1.7234092950820925,3.954232692718506,0.4837673940005495,0.3842982351779938,0.6467958210812942,1.8081934,4.1381283,0.5037196,0.4091211,0.62234926,IDP-ESM2-8M,67,310,0.08478415012359597,0.18389558792114258,0.01995223385665873,0.024822860956192017,0.02444655884374536
Q507D5,1.8109012842178345,4.364328384399414,0.5354661672781611,0.4284839630126953,0.5843488767754477,1.9016869,4.4816303,0.5345277,0.42703092,0.5801336,IDP-ESM2-8M,67,310,0.09078562259674072,0.11730194091796875,0.0009384482573175923,0.0014530420303344727,0.004215259851161779
Q50G65,3.453242301940918,8.254773139953613,0.5557778510434055,0.4415037930011749,0.601163656592946,3.3561401,7.9883075,0.5423429,0.42481115,0.6199152,IDP-ESM2-8M,67,310,0.09710216522216797,0.2664656639099121,0.013434949813547092,0.016692638397216797,0.018751530765910185
Q50GB0,3.2293059825897217,7.520544528961182,0.4897230378668102,0.3882990181446075,0.7350631587693991,2.9166274,6.7682986,0.49807063,0.40059805,0.694692,IDP-ESM2-8M,67,310,0.31267857551574707,0.7522459030151367,0.008347589584132786,0.012299031019210871,0.04037114312151091
Q50GB8,3.275805711746216,7.594839572906494,0.5070463992613655,0.4168539345264435,0.6971658345281055,3.0828276,7.192721,0.50443155,0.40091825,0.67557704,IDP-ESM2-8M,67,310,0.1929781436920166,0.4021186828613281,0.0026148535269600037,0.015935689210891724,0.021588790041106032
Q50GC3,3.2926836013793945,7.9916534423828125,0.5377924664639043,0.4013435244560241,0.6247230485731943,3.0578241,7.161017,0.5113382,0.40513632,0.6631603,IDP-ESM2-8M,67,310,0.23485946655273438,0.8306365013122559,0.026454292120795198,0.0037927925586700995,0.038437275523485415
Q50GD5,3.309344530105591,7.74949836730957,0.5319807953975265,0.4188196063041687,0.6401995923284561,3.015636,7.027567,0.50321424,0.401486,0.6847112,IDP-ESM2-8M,67,310,0.29370856285095215,0.7219314575195312,0.028766555323368803,0.01733359694480896,0.04451162555179289
Q52PR2,1.5469794273376465,3.789348125457764,0.5800870026754342,0.4668243527412414,0.5204528881889308,1.4869804,3.64068,0.574891,0.45700866,0.5175651,IDP-ESM2-8M,67,310,0.05999898910522461,0.14866805076599166,0.005196031491657371,0.009815692901611273,0.002887816606136573
Q52PS8,1.7098687887191772,4.096066474914551,0.5713266373845804,0.4683867394924164,0.5330623518456293,1.5555898,3.8680756,0.5747386,0.45003384,0.5211052,IDP-ESM2-8M,67,310,0.15427899360656738,0.22799086570739746,0.003411984327150508,0.018352895975112915,0.01195718159569037
Q52RQ4,1.905121803283692,4.512605667114258,0.5606876776823555,0.4556738138198852,0.5500757612071665,1.9080156,4.7688756,0.5891509,0.4517028,0.49836257,IDP-ESM2-8M,67,310,0.0028938055038445487,0.2562699317932129,0.02846322792677536,0.003971010446548406,0.051713190206113646
Q52RR1,1.940093994140625,4.74264669418335,0.5817592936427288,0.462034523487091,0.5194843915710308,1.895421,4.6171875,0.5645697,0.44175488,0.5416277,IDP-ESM2-8M,67,310,0.04467296600341797,0.1254591941833496,0.01718958195754816,0.02027964591979975,0.02214331352616772
Q52RR8,1.9287289381027224,4.490622520446777,0.5555553920940546,0.4499053955078125,0.5590089252391492,1.8184664,4.417276,0.5623681,0.4420319,0.54320794,IDP-ESM2-8M,67,310,0.11026251316070579,0.07334661483764648,0.006812702827057482,0.007873505353927612,0.015800981799665603
Q52RS0,1.8760631084442136,4.504097938537598,0.541588809725339,0.4261755347251892,0.5674459042960974,1.8800197,4.551587,0.5552083,0.435556,0.5500514,IDP-ESM2-8M,67,310,0.003956556320190652,0.047489166259765625,0.013619515660708403,0.009380459785461426,0.017394513171372084
Q52RS2,1.9218735694885247,4.575347900390625,0.5586386911895866,0.4342288970947265,0.552746945298301,1.9257101,4.694985,0.5644113,0.43992397,0.5409939,IDP-ESM2-8M,67,310,0.003836512565613459,0.11963701248168945,0.005772591349781031,0.005695074796676691,0.011753016388999282
Q52RT5,1.8527013063430784,4.502525806427002,0.5723815973247159,0.4505567252635956,0.5302205563094088,1.814271,4.4349823,0.57081234,0.44791546,0.5407165,IDP-ESM2-8M,67,310,0.038430333137511985,0.06754350662231445,0.0015692527736295148,0.0026412606239318848,0.010495972583108304
Q52RT9,1.8985599279403689,4.452606201171875,0.5332160001534548,0.4198782444000244,0.5967306800842979,1.9220384,4.7064857,0.5701014,0.4435637,0.5369492,IDP-ESM2-8M,67,310,0.023478507995605247,0.2538795471191406,0.03688538019475074,0.023685455322265625,0.059781462764809334
Q52RW0,1.827682614326477,4.4570183753967285,0.5724726101632317,0.4632942974567413,0.5288963855587134,1.6839304,4.045844,0.5510436,0.44052464,0.56759137,IDP-ESM2-8M,67,310,0.14375221729278564,0.41117429733276367,0.02142898051693043,0.02276965975761408,0.03869498359335566
Q52S07,1.8549383878707888,4.395399570465088,0.55078703634772,0.4484374225139618,0.5729436729000676,1.878971,4.6477413,0.58666384,0.4557535,0.5083831,IDP-ESM2-8M,67,310,0.024032592773437278,0.25234174728393555,0.03587680585351294,0.007316082715988159,0.06456057763563283
Q53AF0,1.7138702869415283,4.1993584632873535,0.5521019074115917,0.4239159524440765,0.5484911809552274,1.6648569,4.013857,0.5487238,0.4331383,0.5554503,IDP-ESM2-8M,67,310,0.049013376235961914,0.1855015754699707,0.0033780905399486416,0.009222358465194758,0.0069591392886080294
Q53AG3,1.7310787439346311,4.151309967041016,0.5471253834145517,0.4396389126777649,0.5622961193062092,1.8310515,4.3766026,0.5459775,0.43180797,0.5706126,IDP-ESM2-8M,67,310,0.099972724914551,0.22529268264770508,0.001147910155579579,0.007830947637557983,0.00831649008023494
Q53CQ0,3.668829917907715,8.91865348815918,0.5828825321849115,0.4364367723464966,0.5135297616826177,3.6313372,8.645098,0.55787003,0.43686306,0.57736355,IDP-ESM2-8M,67,310,0.03749275207519531,0.2735557556152344,0.025012501781774277,0.00042629241943359375,0.06383378898037673
Q53Z31,2.3848536014556885,5.591485500335693,0.5466856785203161,0.4399119615554809,0.5790754596466887,2.3356166,5.502013,0.5345996,0.42883807,0.59895915,IDP-ESM2-8M,67,310,0.04923701286315918,0.08947229385375977,0.012086076297873505,0.011073887348174993,0.019883688283456546
Q56BB1,1.8748835325241089,4.37516975402832,0.5453519341677264,0.4467525780200958,0.5884572146235034,1.8642929,4.4026446,0.54049164,0.43828923,0.6073237,IDP-ESM2-8M,67,310,0.010590672492980957,0.02747488021850586,0.0048602935999468855,0.008463352918624878,0.01886649152655151
Q56EV1,1.5474544763565063,3.873971462249756,0.5537594668463562,0.4310492575168609,0.5694341626696193,1.4708598,3.5500264,0.57285875,0.46824312,0.5558473,IDP-ESM2-8M,67,310,0.07659471035003662,0.3239450454711914,0.01909928397380367,0.03719386458396917,0.013586875491579775
Q56II6,3.5158581733703613,8.575678825378418,0.5017306542859468,0.3905438184738159,0.6882094498052013,3.6136613,8.373085,0.5079785,0.40836895,0.6953618,IDP-ESM2-8M,67,310,0.09780311584472656,0.20259380340576172,0.0062478446497526985,0.01782512664794922,0.00715234323602798
Q58I31,1.942933797836304,4.756231784820557,0.541327791389136,0.4000176191329956,0.539186557617548,2.1539834,5.0919914,0.5235352,0.40736195,0.5833163,IDP-ESM2-8M,67,310,0.2110495567321775,0.33575963973999023,0.01779259937634914,0.007344335317611694,0.044129768523809454
Q58LM3,2.003825426101685,4.995086669921875,0.6008067800978835,0.4807681143283844,0.5269639143574717,1.8843327,4.5915337,0.58296597,0.4660698,0.5418609,IDP-ESM2-8M,67,310,0.11949276924133345,0.4035530090332031,0.017840810058515788,0.014698326587677002,0.014896964110088118
Q58MF1,2.781571626663208,6.622232437133789,0.5138265113241147,0.3949557542800903,0.6208739515065465,2.3920755,5.6099544,0.5134461,0.40690854,0.61381435,IDP-ESM2-8M,67,310,0.3894960880279541,1.0122780799865723,0.0003804187185239005,0.011952787637710627,0.007059597563675357
Q58N36,2.894122838973999,6.893455982208252,0.56776875121282,0.4513593316078186,0.5521147656451972,2.7389507,6.5100646,0.5343097,0.41355667,0.601626,IDP-ESM2-8M,67,310,0.15517210960388184,0.3833913803100586,0.03345906598256487,0.037802666425704956,0.049511213301488555
Q58NB9,1.6679028272628784,4.1289238929748535,0.5627905025934039,0.4417657852172851,0.5405158227073894,1.5050958,3.5135722,0.53365207,0.43018705,0.59447676,IDP-ESM2-8M,67,310,0.16280698776245117,0.615351676940918,0.029138435408955665,0.011578738689422552,0.053960936726356934
Q58P45,3.094067335128784,7.321577072143555,0.5463889803006095,0.4215303659439087,0.5913273041718516,2.920676,6.868453,0.5234364,0.41049895,0.6179866,IDP-ESM2-8M,67,310,0.17339134216308594,0.4531240463256836,0.022952553184215407,0.011031419038772583,0.02665931530065202
Q58P48,2.705466985702514,6.398143768310547,0.5462251743369431,0.412267655134201,0.5949976281345506,2.7337122,6.476931,0.5339262,0.41687128,0.6074347,IDP-ESM2-8M,67,310,0.028245210647583452,0.07878732681274414,0.012298985391172801,0.004603624343872126,0.012437061864076115
Q596I4,3.4326767921447754,8.223749160766602,0.5383376135039891,0.4209061563014984,0.6368214236046434,3.2012968,7.602317,0.5361847,0.4193269,0.617602,IDP-ESM2-8M,67,310,0.23137998580932617,0.6214323043823242,0.0021528853583897556,0.0015792548656463623,0.019219432904875378
Q596I6,3.1991631984710693,7.620969295501709,0.5194647077721272,0.3976307809352875,0.6673072196672513,3.1049924,7.4256225,0.5434602,0.42319462,0.6108588,IDP-ESM2-8M,67,310,0.09417080879211426,0.19534683227539062,0.02399548252404593,0.025563836097717285,0.05644842164021269
Q5BND6,2.7287871837615967,6.607275009155273,0.533816851024904,0.4021184146404266,0.6113366973237178,2.471606,5.807521,0.5180923,0.40870106,0.6321254,IDP-ESM2-8M,67,310,0.25718116760253906,0.7997541427612305,0.01572457635907143,0.006582647562027033,0.020788680331311538
Q5DKQ8,3.493247032165528,7.966042995452881,0.5079927060125706,0.3900030553340912,0.6325274756729546,3.874102,9.126648,0.5218562,0.40479517,0.61333656,IDP-ESM2-8M,67,310,0.38085508346557573,1.1606049537658691,0.01386348276153826,0.014792114496231079,0.01919091256260308
Q5DRF7,3.063352584838867,7.167706489562988,0.5537359467403381,0.4290894567966461,0.5788564377305246,3.140025,7.5601144,0.5564913,0.42579025,0.55320245,IDP-ESM2-8M,67,310,0.07667231559753418,0.3924078941345215,0.0027553686244995435,0.003299206495285034,0.0256539874551035
Q5EM22,2.797626256942749,5.808216571807861,0.4303795347038435,0.3596270084381103,0.7293238071796376,3.7897828,8.6260805,0.45573774,0.3673179,0.7836385,IDP-ESM2-8M,67,310,0.9921565055847168,2.817863941192627,0.02535820509756337,0.007690876722335871,0.054314670145801824
Q5EWN0,2.3487589359283447,5.484464168548584,0.5014882981511158,0.3902769088745117,0.6405847333499695,2.2614295,5.3633494,0.5264934,0.4106481,0.59659314,IDP-ESM2-8M,67,310,0.08732938766479492,0.12111473083496094,0.02500507238187366,0.020371198654174805,0.04399159179418333
Q5EWN1,2.373787641525269,5.456686496734619,0.515572823711546,0.4088899195194244,0.6132126120595665,2.2040272,5.1941214,0.5194717,0.4079181,0.6051326,IDP-ESM2-8M,67,310,0.1697604656219487,0.26256513595581055,0.0038988812483233826,0.0009718239307403009,0.008080032256099656
Q5FXX2,2.167774438858032,5.218364238739014,0.549238807447881,0.4332103729248047,0.5644611430418753,2.1656044,5.1098785,0.5355008,0.42307603,0.57665026,IDP-ESM2-8M,67,310,0.002170085906981978,0.10848569869995117,0.013737982996434472,0.010134339332580566,0.01218911883709195
Q5G246,1.942671298980713,4.737127780914307,0.567347611509015,0.4560316503047943,0.5363823874428194,2.0061536,4.786911,0.54625005,0.42915055,0.5576973,IDP-ESM2-8M,67,310,0.06348228454589844,0.04978322982788086,0.021097566209484997,0.026881098747253418,0.021314908699758717
Q5G5L6,1.979783058166504,4.801609039306641,0.5790521881345184,0.4558716118335724,0.534403066354576,1.9190671,4.622689,0.56389093,0.44543582,0.53995115,IDP-ESM2-8M,67,310,0.06071591377258301,0.17892026901245117,0.015161254144039904,0.010435789823532104,0.0055480792943802815
Q5G5M1,1.9066064357757568,4.532220840454102,0.5372636719506162,0.4267811477184295,0.5848757415462782,1.9137269,4.564165,0.55038536,0.43894285,0.5623882,IDP-ESM2-8M,67,310,0.007120490074157715,0.03194427490234375,0.01312168399878566,0.012161701917648371,0.022487559859876827
Q5G5N5,1.9173699617385864,4.667495250701904,0.5666360089940011,0.4422127604484558,0.5445828038786935,1.8397394,4.3859587,0.55258626,0.4422823,0.5583178,IDP-ESM2-8M,67,310,0.07763051986694336,0.2815365791320801,0.014049751536267974,6.952881813049316e-05,0.01373497661599643
Q5G5P3,1.9971919059753416,4.7377800941467285,0.5799337468694582,0.4741716682910919,0.5371762091782839,1.909296,4.5655785,0.5499037,0.43623295,0.5598523,IDP-ESM2-8M,67,310,0.08789587020874001,0.17220163345336914,0.030030056054486276,0.037938714027404785,0.02267609289614847
Q5G5R6,1.9701128005981443,4.749823093414307,0.576036003256798,0.4605284631252289,0.543614024764787,1.8082092,4.348735,0.5576386,0.44208637,0.5500657,IDP-ESM2-8M,67,310,0.16190361976623513,0.40108823776245117,0.01839741768932368,0.018442094326019287,0.006451671474684395
Q5G5T2,1.9021509885787964,4.541926383972168,0.559676193093464,0.4476387798786163,0.5512097724974071,1.884489,4.485403,0.5500347,0.4385586,0.55525804,IDP-ESM2-8M,67,310,0.0176619291305542,0.05652332305908203,0.009641491269275715,0.009080171585082952,0.004048263162382937
Q5GQU4,2.029103994369507,4.963160037994385,0.6036339775142601,0.4741549789905548,0.5157364589574774,2.1632748,5.267893,0.57980275,0.4543856,0.5420776,IDP-ESM2-8M,67,310,0.1341707706451416,0.3047327995300293,0.023831225973122372,0.019769370555877686,0.026341141998485695
Q5I4I5,2.295598268508911,5.586085319519043,0.5704763520341143,0.4293748140335083,0.5391442811187052,2.3434477,5.625603,0.5669522,0.44574773,0.5429895,IDP-ESM2-8M,67,310,0.047849416732788086,0.039517879486083984,0.0035241234879717087,0.0163729190826416,0.003845211297676676
Q5J596,1.608479619026184,3.867163181304932,0.5574457755636549,0.4498604536056518,0.5372917130192666,1.5430124,3.7293248,0.55719095,0.43892747,0.5372737,IDP-ESM2-8M,67,310,0.0654672384262085,0.13783836364746138,0.0002548208784437511,0.01093298196792597,1.800801362084048e-05
Q5J5A1,1.614284634590149,3.9850878715515137,0.5734407135417332,0.4465291500091553,0.5248125421169729,1.6258228,3.9016886,0.5586611,0.44617242,0.54605234,IDP-ESM2-8M,67,310,0.011538147926330566,0.08339929580688477,0.014779610293137013,0.0003567337989807129,0.021239794575837134
Q5J5A3,1.6357944011688232,4.00540828704834,0.5760601004367721,0.4550037384033203,0.5283577008719766,1.5533348,3.7005832,0.5362379,0.4231074,0.569955,IDP-ESM2-8M,67,310,0.08245956897735596,0.3048250675201416,0.039822204948033124,0.031896352767944336,0.041597290468660564
Q5J5A8,1.6492102146148682,4.098843574523926,0.5973402036652352,0.4676291346549988,0.5019558644917695,1.5707728,3.7935722,0.55842257,0.4418889,0.5367459,IDP-ESM2-8M,67,310,0.0784374475479126,0.3052713871002197,0.038917638205030136,0.025740236043930054,0.034790041384390125
Q5L446,3.1260101795196533,7.496747016906738,0.5634731530938709,0.4392088949680328,0.5626368563075338,3.263988,7.731796,0.53991693,0.42461964,0.61065733,IDP-ESM2-8M,67,310,0.13797783851623535,0.23504877090454102,0.02355622051101569,0.014589250087737982,0.04802047802016396
Q5MIE7,1.6357946395874023,3.870149850845337,0.5797919221630405,0.488182932138443,0.540674985994679,1.5274919,3.5137913,0.53225833,0.44188285,0.60418814,IDP-ESM2-8M,67,310,0.10830271244049072,0.35635852813720703,0.04753359038737526,0.04630008339881897,0.06351315821232173
Q5QF78,2.643112897872925,5.929675102233887,0.574688007682531,0.4749919176101684,0.5906071422351541,2.313552,5.4391108,0.5332194,0.42913356,0.6137051,IDP-ESM2-8M,67,310,0.3295609951019287,0.49056434631347656,0.04146861061450735,0.045858353376388494,0.02309795639384371
Q5UNW3,4.672813892364502,10.547954559326172,0.4519269747244023,0.3525804877281189,0.7751382057331558,4.277123,9.76705,0.45792022,0.3637195,0.73321015,IDP-ESM2-8M,67,310,0.39569091796875,0.7809047698974609,0.005993248750100266,0.011139005422592163,0.0419280593060013
Q5UQA4,4.283139705657959,9.483956336975098,0.4258903074798932,0.3320448398590088,0.84077116974268,4.508952,9.862213,0.39746907,0.35164618,0.95775145,IDP-ESM2-8M,67,310,0.22581243515014648,0.37825679779052734,0.028421233945881363,0.01960134506225586,0.11698028318014109
Q5UTC0,2.101679563522339,5.049070835113525,0.571661339063453,0.4556185007095337,0.5477766319042481,1.9242177,4.577779,0.54613024,0.4335338,0.563827,IDP-ESM2-8M,67,310,0.17746186256408691,0.47129201889038086,0.02553109909992146,0.022084712982177734,0.016050346302386442
Q5UTC9,1.958929419517517,4.743646621704102,0.5714750004738165,0.4518818259239197,0.5344705386775728,1.9345074,4.617415,0.5464214,0.4309223,0.55586946,IDP-ESM2-8M,67,310,0.024422049522399902,0.12623167037963867,0.02505359182055722,0.020959526300430298,0.021398921428323225
Q5UTE2,2.072910785675049,4.937786102294922,0.5666840200216202,0.4632159471511841,0.5534705120316037,2.0000062,4.72773,0.5409067,0.43036065,0.57622504,IDP-ESM2-8M,67,310,0.07290458679199219,0.21005630493164062,0.025777292707624855,0.03285530209541321,0.02275453031153596
Q5UTE6,2.069744825363159,4.969842910766602,0.5707026650509989,0.4498937726020813,0.5536504079655621,2.0454726,4.861874,0.54568654,0.43174067,0.5657108,IDP-ESM2-8M,67,310,0.02427220344543457,0.10796880722045898,0.025016122063175383,0.018153101205825806,0.012060375039198656
Q5Y0N1,3.040448904037476,7.222254753112793,0.5169566127409668,0.4006147682666778,0.6230251174430288,2.851928,6.6441364,0.5065175,0.40099692,0.6419785,IDP-ESM2-8M,67,310,0.18852090835571333,0.5781183242797852,0.010439083253356962,0.0003821551799774725,0.018953384830530773
Q5YA80,1.719699740409851,4.242063999176025,0.5713959379392651,0.4486306309700012,0.545624168843429,1.7553455,4.4433126,0.6102533,0.47943786,0.5133338,IDP-ESM2-8M,67,310,0.03564572334289551,0.2012486457824707,0.03885733650150025,0.03080722689628601,0.03229037138859503
Q5YF20,2.1082024574279785,5.145120620727539,0.5573057848212778,0.4278714060783386,0.5516564810433084,2.0050402,4.7700424,0.53869665,0.42234945,0.56426144,IDP-ESM2-8M,67,310,0.10316228866577148,0.3750782012939453,0.018609138130909142,0.005521953105926514,0.0126049554190939
Q5YFF2,4.247636795043945,10.077153205871582,0.516050136151909,0.4017551243305206,0.6112286875121031,3.460658,8.146268,0.50640917,0.39242476,0.619735,IDP-ESM2-8M,67,310,0.7869787216186523,1.9308853149414062,0.009640967908500775,0.009330362081527654,0.008506315005597065
Q5ZQY2,1.4942727088928225,3.461477756500244,0.540286334817545,0.4488935470581054,0.568809745944336,1.4536525,3.5022697,0.5570417,0.445091,0.5417364,IDP-ESM2-8M,67,310,0.04062020778656028,0.040791988372802734,0.016755369837148648,0.003802537918090765,0.027073321975067177
Q64921,2.806779146194458,6.80160665512085,0.588867888739622,0.4683604538440704,0.5391627791474268,2.5856555,6.2230067,0.5416564,0.4169964,0.58514744,IDP-ESM2-8M,67,310,0.22112369537353516,0.5785999298095703,0.04721151380828659,0.051364064216613714,0.04598466128607537
Q64989,1.6598854064941406,4.038412570953369,0.5329148138597135,0.4138160049915313,0.5612368526596766,1.6286451,3.858636,0.5431719,0.43210194,0.56569415,IDP-ESM2-8M,67,310,0.031240344047546387,0.17977666854858398,0.010257068769681021,0.01828593015670782,0.004457300649191809
Q65048,1.7067614793777466,4.008356094360352,0.5538568327090898,0.4296968579292297,0.5693120641870125,1.7031312,4.0461807,0.54825354,0.43603972,0.5697201,IDP-ESM2-8M,67,310,0.0036302804946899414,0.03782463073730469,0.005603296484724574,0.0063428580760956366,0.00040802524856486944
Q65541,2.005898952484131,4.8334479331970215,0.5497394459560139,0.4253469407558441,0.5600196017863197,1.8686867,4.5072207,0.55689055,0.436484,0.54650444,IDP-ESM2-8M,67,310,0.13721227645874023,0.32622718811035156,0.0071511013195293405,0.011137068271636963,0.013515163862888313
Q65548,2.292227268218994,4.942983627319336,0.2539383611473618,0.2293348759412765,1.2514616165927317,2.1936872,4.0720224,0.2720479,0.29000795,1.1272653,IDP-ESM2-8M,67,310,0.09854006767272949,0.8709611892700195,0.01810954596666714,0.06067307293415075,0.1241962824633982
Q66544,1.521177053451538,3.577183246612549,0.5610195606420075,0.4380517303943634,0.5292481545718278,1.4064656,3.3831897,0.5517333,0.4377447,0.546028,IDP-ESM2-8M,67,310,0.11471140384674072,0.19399356842041016,0.009286245651010216,0.0003070235252380371,0.016779863425913866
Q66546,1.710316181182861,4.060292720794678,0.541909936267039,0.4428242743015289,0.5795928882343093,1.6235654,3.9162543,0.57134366,0.46048385,0.5286809,IDP-ESM2-8M,67,310,0.08675074577331521,0.14403843879699707,0.029433724087575275,0.017659574747085627,0.05091196763341821
Q66550,3.2825543880462646,7.699764251708984,0.5519621769235612,0.4393477737903595,0.581622294580389,2.9965413,7.0241776,0.53286624,0.4230445,0.6190838,IDP-ESM2-8M,67,310,0.286013126373291,0.6755867004394531,0.019095937375831706,0.016303271055221558,0.03746152719314
Q66741,1.5293338298797607,3.733440160751343,0.5698811469907599,0.4821401238441467,0.5585920101622325,1.6942039,4.0186634,0.55469084,0.45136875,0.5774893,IDP-ESM2-8M,67,310,0.164870023727417,0.2852232456207271,0.015190309130652446,0.030771374702453558,0.01889730630123798
Q67285,2.0256173610687256,4.953667163848877,0.5506787704236469,0.4390895068645477,0.5453350720296618,1.8172737,4.30124,0.5190437,0.40311533,0.592282,IDP-ESM2-8M,67,310,0.20834362506866455,0.6524271965026855,0.031635086417909575,0.03597417473793024,0.0469469251741651
Q68556,1.7316550016403198,4.044599533081055,0.5515794339390946,0.4481644034385681,0.580630624154532,1.6660497,3.945358,0.54104245,0.43384314,0.5811849,IDP-ESM2-8M,67,310,0.0656052827835083,0.09924149513244629,0.010536986848945662,0.01432126760482788,0.0005542994943021906
Q68628,3.0170066356658936,7.106032848358154,0.5034032967471839,0.3670820593833923,0.649696916395888,3.210486,7.437843,0.5055621,0.4020655,0.66946584,IDP-ESM2-8M,67,310,0.19347929954528809,0.33180999755859375,0.0021588298893212565,0.03498342633247381,0.019768923466935484
Q68967,3.015026569366455,7.452392101287842,0.6014535977778247,0.4676653146743774,0.5259548246331828,3.0144165,7.3107805,0.58661914,0.45985878,0.5384606,IDP-ESM2-8M,67,310,0.0006101131439208984,0.14161157608032227,0.014834459060173333,0.007806539535522405,0.012505787663875334
Q68UW8,1.437333345413208,3.4264960289001465,0.5464165802288528,0.4307882785797119,0.5586784870876217,1.4816128,3.5216205,0.5458125,0.43639517,0.56246793,IDP-ESM2-8M,67,310,0.04427945613861084,0.09512448310852051,0.0006040926266188684,0.005606889724731445,0.0037894456134891508
Q69018,2.4167497158050537,5.491379261016846,0.5568476619364912,0.4528838992118835,0.588314935029339,2.4383013,5.554004,0.51780194,0.42810658,0.68260866,IDP-ESM2-8M,67,310,0.02155160903930664,0.06262493133544922,0.039045721495359564,0.024777323007583563,0.09429372900645816
Q69073,1.9803683757781985,4.618441104888916,0.545508833528901,0.4310428202152252,0.5788461821440949,1.9110732,4.541108,0.54079515,0.42600518,0.5662453,IDP-ESM2-8M,67,310,0.06929516792297385,0.07733297348022461,0.004713686109925175,0.005037635564804077,0.012600864684988444
Q69092,1.814449667930603,3.945181846618652,0.4443566974967541,0.405325174331665,0.697017096238157,1.7081716,3.6451356,0.42956996,0.37038648,0.7666378,IDP-ESM2-8M,67,310,0.10627806186676025,0.30004620552062944,0.014786737856251175,0.03493869304656977,0.06962070588586644
Q69144,2.419299364089966,5.761609077453613,0.5190105697766841,0.4031465649604797,0.5881855492459521,2.3588889,5.500617,0.5350659,0.42875785,0.56279737,IDP-ESM2-8M,67,310,0.060410499572753906,0.26099205017089844,0.01605531958183637,0.02561128139495855,0.025388181673167698
Q69192,1.7884827852249146,3.998852491378784,0.4845628000498783,0.4003623127937317,0.6696154521237223,1.8266821,4.2401505,0.5457777,0.45953903,0.6064602,IDP-ESM2-8M,67,310,0.03819930553436279,0.24129796028137207,0.061214878439806775,0.05917671322822571,0.06315523846252846
Q69220,2.14074182510376,5.202857494354248,0.54471073684474,0.432231605052948,0.5762652448540265,2.1741002,5.241283,0.5526335,0.4290865,0.5564538,IDP-ESM2-8M,67,310,0.03335833549499467,0.038425445556640625,0.00792278709630001,0.0031450986862182617,0.0198114208107526
Q69CH6,5.233378410339356,12.858263969421388,0.6038407598282506,0.4838461279869079,0.5226136014656905,4.796412,11.419064,0.567832,0.44746843,0.6009209,IDP-ESM2-8M,67,310,0.4369664192199716,1.4392004013061541,0.03600876672522324,0.03637769818305964,0.07830731413794723
Q69CK3,1.7656141519546509,4.261602878570557,0.5555172966292463,0.4423261880874634,0.5596442045962599,1.670162,4.025725,0.5544347,0.44044057,0.5509369,IDP-ESM2-8M,67,310,0.0954521894454956,0.23587799072265625,0.0010825799277387471,0.0018856227397918701,0.008707326868751308
Q69CL1,1.7657333612442017,4.249601364135742,0.5446727394786889,0.4325141012668609,0.5772213808844379,1.8301883,4.4011292,0.55844206,0.4452117,0.5592389,IDP-ESM2-8M,67,310,0.06445491313934326,0.15152788162231445,0.013769316700357748,0.012697607278823908,0.017982470209389034
Q6DN18,2.258826732635498,5.367724418640137,0.5662983152846209,0.4422025978565216,0.5476912379840875,2.2922535,5.5452046,0.5602367,0.43205497,0.5536958,IDP-ESM2-8M,67,310,0.033426761627197266,0.17748022079467773,0.006061622856032067,0.010147631168365479,0.006004559936139575
Q6GZR0,1.95028042793274,4.529425144195557,0.5362936461419795,0.4207500219345093,0.5618201381363777,1.6774223,4.05656,0.56585073,0.4496627,0.5326183,IDP-ESM2-8M,67,310,0.27285814285278387,0.47286510467529297,0.029557088568713863,0.028912663459777832,0.02920185391091379
Q6I8V7,1.8308334350585933,4.247934341430664,0.539076531936402,0.4268877506256103,0.5861175246348126,2.1360843,5.0307426,0.528865,0.41772634,0.5871622,IDP-ESM2-8M,67,310,0.30525088310241744,0.7828083038330078,0.010211552192444517,0.00916141271591181,0.001044672001387359
Q6IWY9,2.521025896072388,6.042622089385986,0.5650120376461611,0.4336689710617065,0.5452373561777847,2.5121233,6.083208,0.58838964,0.45895374,0.50923604,IDP-ESM2-8M,67,310,0.008902549743652788,0.040585994720458984,0.023377597439898423,0.025284767150878962,0.03600131844661403
Q6J7X0,1.8122520446777344,4.316026210784912,0.5673756705386591,0.4436545670032501,0.556549046968168,1.7843736,4.222101,0.53553134,0.43724966,0.6216777,IDP-ESM2-8M,67,310,0.027878403663635254,0.09392499923706055,0.03184432850908758,0.006404906511306763,0.06512864973669652
Q6JIB3,2.827608108520508,6.885195732116699,0.5374917296557155,0.4227199852466583,0.5788270210146959,2.7419777,6.4107447,0.514662,0.40686852,0.6180605,IDP-ESM2-8M,67,310,0.08563041687011719,0.47445106506347656,0.022829702296706667,0.015851467847824097,0.039233508217329294
Q6JKC4,3.1039602756500244,7.312143325805664,0.5890451916006528,0.4746047854423523,0.5756015123000476,3.2900157,7.9270988,0.58736736,0.4619621,0.57476544,IDP-ESM2-8M,67,310,0.18605542182922363,0.6149554252624512,0.001677835777135983,0.01264268159866333,0.0008360684981677524
Q6JPE0,3.470323085784912,8.140002250671387,0.6087033747303322,0.5094534158706665,0.5389416119583499,3.5863245,8.476126,0.55634475,0.44072753,0.61953473,IDP-ESM2-8M,67,310,0.11600136756896973,0.3361234664916992,0.05235862718699724,0.06872588396072388,0.080593118952905
Q6L620,2.8041679859161377,6.672624588012695,0.5279428641186856,0.399205595254898,0.6020661490685708,2.6166894,6.114082,0.5071227,0.39844486,0.62655395,IDP-ESM2-8M,67,310,0.18747854232788086,0.5585427284240723,0.020820168672671224,0.000760734081268255,0.0244878036253684
Q6L8S9,2.975425958633423,6.809509754180908,0.5360966913064342,0.433521956205368,0.605384889583159,2.73838,6.4751205,0.54640096,0.43029705,0.57955325,IDP-ESM2-8M,67,310,0.2370460033416748,0.33438920974731445,0.010304272953667093,0.0032249093055724543,0.025831643085051037
Q6LAM5,2.732017517089844,6.318007946014404,0.495890200699578,0.3891720175743103,0.651833519338293,2.5876112,5.990922,0.49755073,0.39232576,0.6456676,IDP-ESM2-8M,67,310,0.14440631866455123,0.3270859718322754,0.0016605252373116386,0.0031537413597106934,0.00616590678565021
Q6PL42,3.0257863998413086,7.069854259490967,0.5363261519710476,0.4198644161224365,0.6412328882065679,3.2105799,7.619608,0.54368,0.42825624,0.6208126,IDP-ESM2-8M,67,310,0.18479347229003906,0.5497536659240723,0.007353860255057132,0.00839182734489441,0.020420293315973392
Q6PNN9,3.345025062561035,7.808444976806641,0.5340615815791492,0.4217486679553985,0.6024194389523828,3.4199607,8.007022,0.5366231,0.42401358,0.6178375,IDP-ESM2-8M,67,310,0.0749356746673584,0.1985769271850586,0.0025615387287731828,0.002264916896820124,0.015418049698892822
Q6PNP1,3.3073651790618896,7.623542308807373,0.529017024707495,0.4359638094902038,0.6065180806538997,3.2956574,7.6703196,0.5275975,0.4222056,0.6281137,IDP-ESM2-8M,67,310,0.011707782745361328,0.04677724838256836,0.0014195377346861715,0.013758212327957098,0.02159560638452196
Q6Q435,1.5503348112106323,3.633028984069824,0.5388531651961387,0.4266756772994995,0.5733855397983206,1.5174354,3.7097578,0.5790229,0.46620697,0.52725905,IDP-ESM2-8M,67,310,0.03289937973022461,0.07672882080078125,0.0401697191727578,0.03953129053115845,0.04612648799854646
Q6QDP2,2.58213472366333,6.140219688415527,0.5319404301218876,0.4124763011932373,0.5778982863034757,2.5348277,5.8937035,0.50681514,0.39403936,0.62302804,IDP-ESM2-8M,67,310,0.04730701446533203,0.24651622772216797,0.025125294642914242,0.018436938524246216,0.04512975362877525
Q6QDP3,2.601580619812012,6.223345756530762,0.5413751737814956,0.4150583744049072,0.5631163262449026,2.5601401,6.0118217,0.514376,0.39752078,0.6056886,IDP-ESM2-8M,67,310,0.04144048690795943,0.21152400970458984,0.02699918911276389,0.017537593841552734,0.04257224568502904
Q6QK79,2.425006151199341,5.687307357788086,0.5303342323718473,0.4068193733692169,0.6138284182593712,2.2617753,5.3133497,0.5318853,0.4239765,0.6063687,IDP-ESM2-8M,67,310,0.16323089599609375,0.37395763397216797,0.001551093536813597,0.017157137393951416,0.007459697727907555
Q6QPN2,1.5561350584030151,3.7050564289093018,0.5375786588190689,0.425851434469223,0.5663959127590106,1.4731898,3.5493503,0.5631603,0.44581512,0.53035176,IDP-ESM2-8M,67,310,0.08294522762298584,0.15570616722106934,0.025581641435752922,0.01996368169784546,0.036044154755775715
Q6QQZ8,2.5632107257843018,6.149562835693359,0.5302064863283773,0.4075183868408203,0.5775074228130981,2.6062834,6.1096597,0.5132399,0.39595956,0.6085691,IDP-ESM2-8M,67,310,0.04307270050048828,0.03990316390991211,0.016966566189064558,0.011558830738067627,0.031061662784893862
Q6QX44,2.55551815032959,6.549127578735352,0.6351046381904938,0.4867376387119293,0.5112194697544734,2.6253688,6.4787006,0.6291592,0.49301267,0.51818806,IDP-ESM2-8M,67,310,0.06985068321228027,0.07042694091796875,0.005945426078067029,0.0062750279903411865,0.006968589575513162
Q6QX45,2.5783262252807617,6.739005088806152,0.6396127983296689,0.4901527762413025,0.4969582253186813,2.564414,6.3588243,0.62717354,0.49102232,0.5174283,IDP-ESM2-8M,67,310,0.013912200927734375,0.38018083572387695,0.012439255353289491,0.0008695423603057861,0.02047005360435339
Q6QXN6,2.422296524047852,5.882402420043945,0.6008134208525573,0.472488671541214,0.5291604315012887,2.4731157,6.0380974,0.6003924,0.4714467,0.51636195,IDP-ESM2-8M,67,310,0.050819158554076704,0.15569496154785156,0.0004210196341429828,0.0010419785976409912,0.012798479673285734
Q6RJI1,2.1782686710357666,5.145363807678223,0.493691708221773,0.3845535218715668,0.6408052424731085,2.2420979,5.219799,0.50711924,0.39939594,0.6297773,IDP-ESM2-8M,67,310,0.06382918357849121,0.07443523406982422,0.013427530154844436,0.014842420816421509,0.011027930194360991
Q6SL65,2.175992488861084,5.501881122589111,0.6258122586856142,0.487608790397644,0.503988982759829,2.0447361,5.041505,0.60869986,0.4854595,0.53027,IDP-ESM2-8M,67,310,0.1312563419342041,0.4603762626647949,0.017112400496985036,0.002149283885955755,0.026280997670774076
Q6SPV7,2.252345323562622,5.448596000671387,0.5680055557495675,0.4519215524196625,0.5470359521313616,2.0760922,4.852343,0.5231675,0.41773993,0.60724205,IDP-ESM2-8M,67,310,0.176253080368042,0.5962529182434082,0.04483806479039998,0.0341816246509552,0.060206095655351066
Q6SPW0,2.0518698692321777,4.929081439971924,0.5423810116998351,0.4248725175857544,0.5803351946530272,2.0947075,4.9322324,0.53354806,0.42341143,0.5873425,IDP-ESM2-8M,67,310,0.04283761978149414,0.00315093994140625,0.008832954620519917,0.0014610886573791504,0.007007306033618321
Q6SPW6,2.1143627166748047,4.988950252532959,0.5469951318750965,0.4290983080863952,0.5715558555539656,2.0436168,4.8098984,0.53160506,0.42509034,0.5952272,IDP-ESM2-8M,67,310,0.07074594497680664,0.17905187606811523,0.015390067006169517,0.004007965326309149,0.02367132635750291
Q6TNN1,1.794748067855835,4.345584869384766,0.5734318280657069,0.4480010867118835,0.5181156321868359,1.7054416,4.052074,0.5447199,0.43370417,0.56005037,IDP-ESM2-8M,67,310,0.08930647373199463,0.29351091384887695,0.028711953206850716,0.014296919107437078,0.04193473612218512
Q6TVK4,4.845543384552002,11.33475399017334,0.5624931415058976,0.4476158916950226,0.6011375300761835,4.311878,10.249208,0.55376995,0.4307047,0.61202306,IDP-ESM2-8M,67,310,0.5336651802062988,1.085545539855957,0.00872319540756994,0.016911178827285767,0.010885525477252744
Q6TVY4,5.11331844329834,12.36378288269043,0.5554612938039126,0.4310661256313324,0.6103413417702263,5.044873,12.019495,0.5659353,0.43847224,0.5972657,IDP-ESM2-8M,67,310,0.06844520568847656,0.3442878723144531,0.010474019897717013,0.007406115531921387,0.013075621402794613
Q6U9S1,2.185985326766968,5.03986930847168,0.5233941899169764,0.4134532809257507,0.5976464128692557,2.1684616,5.194136,0.5463737,0.4263478,0.56544036,IDP-ESM2-8M,67,310,0.017523765563965288,0.1542668342590332,0.02297953502046257,0.012894511222839411,0.03220605613784089
Q6UDH5,1.834127306938172,4.350251197814941,0.5185816512284042,0.4031111896038055,0.6006629792743973,1.7558483,3.8937657,0.4709353,0.3965653,0.6963137,IDP-ESM2-8M,67,310,0.07827901840210028,0.4564855098724365,0.04764633633468163,0.006545901298522894,0.09565069994389497
Q6UGK8,1.7978596687316897,4.106568813323975,0.5482617361991368,0.4429457783699035,0.5734960721810559,1.8860755,4.5740047,0.56760836,0.45095804,0.5469811,IDP-ESM2-8M,67,310,0.08821582794189431,0.4674358367919922,0.019346620276693316,0.008012264966964777,0.02651497591335572
Q6VB58,1.890486121177673,4.5461626052856445,0.5462252010130425,0.4333922266960144,0.5564041068990562,1.8462839,4.3382425,0.51869583,0.40854788,0.5898934,IDP-ESM2-8M,67,310,0.04420220851898149,0.20792007446289062,0.02752936971421438,0.024844348430633545,0.03348929377004173
Q6VB60,2.501949071884156,6.043276786804199,0.5464763942996188,0.41814985871315,0.5568230096883334,2.6630127,6.216112,0.5266214,0.41563952,0.58621264,IDP-ESM2-8M,67,310,0.16106367111205966,0.1728353500366211,0.019854992989651765,0.0025103390216827393,0.029389625351949777
Q6VB61,2.847935438156128,6.729080677032471,0.5398799407996234,0.4168194532394409,0.5725950917558547,2.8494885,6.6930676,0.51923335,0.40529674,0.60670733,IDP-ESM2-8M,67,310,0.0015530586242675781,0.036013126373291016,0.020646594814210828,0.01152271032333374,0.03411224276257796
Q6VB71,1.900467872619629,4.7323317527771,0.5762898169023419,0.4473887681961059,0.5109888817605815,1.8764724,4.612835,0.5730193,0.44662294,0.51768357,IDP-ESM2-8M,67,310,0.023995518684387207,0.11949682235717773,0.0032704911691571192,0.0007658302783965509,0.006694683856026118
Q6VTP7,2.541661024093628,6.611649036407471,0.670804216599727,0.5374685525894165,0.4860437090438744,2.8058298,6.953931,0.6593763,0.5259989,0.49740952,IDP-ESM2-8M,67,310,0.26416873931884766,0.3422818183898926,0.011427893376612985,0.011469662189483643,0.011365813489542353
Q6VV29,1.4705947637557983,3.493406295776367,0.5418390104371477,0.4215213656425476,0.5380893981412386,1.6040182,3.9438028,0.5804485,0.45793995,0.4820963,IDP-ESM2-8M,67,310,0.13342344760894775,0.4503965377807617,0.038609497825486616,0.03641858696937561,0.055993083711001757
Q6VV44,1.5050692558288574,3.660787582397461,0.5528553027437721,0.4375622570514679,0.53492796241401,1.7200289,4.2167497,0.586525,0.46304476,0.48117143,IDP-ESM2-8M,67,310,0.21495962142944336,0.555962085723877,0.03366972023977888,0.025482505559921265,0.05375653325675289
Q6VXF3,1.4780939817428589,3.647855281829834,0.5549186172315471,0.4398469626903534,0.5513561570956796,1.4981875,3.597325,0.5625105,0.45198086,0.5346819,IDP-ESM2-8M,67,310,0.020093560218811035,0.050530195236206055,0.007591873185933351,0.012133896350860596,0.016674240858802203
Q6VY62,2.327982187271118,5.725722789764404,0.616583492414788,0.486254870891571,0.5218687485516006,1.9878145,4.740443,0.5459477,0.4533647,0.6134551,IDP-ESM2-8M,67,310,0.3401676416397095,0.9852795600891113,0.07063582147820358,0.032890170812606756,0.09158636819720922
Q6VZE3,2.2824318408966064,5.506062030792236,0.5681026853832046,0.4478164315223694,0.5550956384109181,2.3722057,5.719741,0.5585239,0.4350173,0.56681997,IDP-ESM2-8M,67,310,0.08977389335632324,0.21367883682250977,0.009578792026881389,0.01279914379119873,0.011724327428467851
Q6VZT0,2.160801887512207,5.256180286407471,0.5621949168413524,0.4312299489974975,0.5573658319786721,2.1357727,5.1920795,0.57106984,0.44555482,0.55792475,IDP-ESM2-8M,67,310,0.02502918243408203,0.06410074234008789,0.008874919775163748,0.014324873685836848,0.0005589154883689496
Q6WHL7,2.138214349746704,5.030882358551025,0.5857868101008864,0.4717533588409424,0.5386161033167841,2.06113,4.840526,0.5411244,0.44343752,0.619668,IDP-ESM2-8M,67,310,0.07708430290222168,0.19035625457763672,0.044662406624171314,0.028315842151641846,0.08105190358018854
Q6WY30,2.565937757492065,5.899004459381104,0.5013812076997166,0.4129256308078766,0.6393128987356881,2.4856207,5.834051,0.5167671,0.40859428,0.6154062,IDP-ESM2-8M,67,310,0.08031702041625932,0.06495332717895597,0.015385876898824646,0.004331350326538086,0.023906683544800633
Q6YH51,7.263287544250488,17.136486053466797,0.5974358744346551,0.469103991985321,0.651408711306082,5.5017724,13.173151,0.5761921,0.45844287,0.6853862,IDP-ESM2-8M,67,310,1.7615151405334473,3.9633350372314453,0.02124379346007621,0.010661125183105413,0.033977469571603525
Q6YH62,2.482777833938598,5.755821704864502,0.491183252573225,0.3939310312271118,0.6391087067785045,2.664936,6.2839785,0.5251173,0.41249228,0.59576195,IDP-ESM2-8M,67,310,0.18215823173522994,0.5281567573547363,0.033934025525835076,0.018561244010925293,0.0433467519941112
Q70EH9,2.3409695625305176,5.396367073059082,0.5204493081626056,0.3969189524650574,0.5992570160076324,2.315518,5.375986,0.50632364,0.39772418,0.6219495,IDP-ESM2-8M,67,310,0.02545166015625,0.02038097381591797,0.014125672584450077,0.0008052289485931396,0.022692477877407913
Q70EI1,2.30078649520874,5.456545829772949,0.5276957597749586,0.4107412695884704,0.5735005230723575,2.3937001,5.566215,0.5121285,0.40047586,0.60792667,IDP-ESM2-8M,67,310,0.09291362762451216,0.10966920852661133,0.015567287446772604,0.010265409946441595,0.034426143664245235
Q70EI2,2.338541507720948,5.725013256072998,0.5332055807108333,0.4099194407463074,0.5720486183466799,2.4125845,5.5852633,0.49939924,0.39463392,0.6371583,IDP-ESM2-8M,67,310,0.07404303550720126,0.13975000381469727,0.03380633592552451,0.015285521745681763,0.06510965630389387
Q70EI3,2.6700801849365234,6.575609683990479,0.5397824440167894,0.4114303290843963,0.5643038482219068,2.787713,6.4369774,0.5012043,0.393146,0.6395305,IDP-ESM2-8M,67,310,0.11763286590576172,0.13863229751587003,0.038578132169102664,0.018284320831298773,0.07522663168608268
Q70EI6,2.784644842147827,6.563518047332764,0.5545753816141471,0.4258294701576233,0.5510457428656682,2.7047768,6.367893,0.53123295,0.41867852,0.5975875,IDP-ESM2-8M,67,310,0.07986807823181152,0.19562482833862305,0.023342428542552862,0.0071509480476379395,0.046541782978905766
Q70EI7,2.3130571842193604,5.402797698974609,0.5199126449410808,0.3983619809150696,0.593495685066011,2.3534791,5.51184,0.51759666,0.40155816,0.5967942,IDP-ESM2-8M,67,310,0.04042196273803711,0.10904216766357422,0.0023159828965556573,0.0031961798667907715,0.0032985029566025004
Q70EJ0,3.074826002120972,7.293477058410644,0.53547865441242,0.4135814607143402,0.6056441956263341,3.0457838,7.1878405,0.54295146,0.4272178,0.58710694,IDP-ESM2-8M,67,310,0.029042243957519975,0.10563659667968661,0.007472810240595096,0.013636350631713867,0.018537252495840928
Q70GQ7,1.8981752395629885,4.530753135681152,0.5189096201708012,0.4101203083992004,0.5944002292629857,1.8594894,4.405374,0.52583724,0.41369635,0.5749214,IDP-ESM2-8M,67,310,0.03868579864501975,0.12537908554077148,0.00692762243250078,0.0035760402679443914,0.019478800105728666
Q70VJ7,2.306292772293091,5.451937675476074,0.5056498070186614,0.3814608752727508,0.6348620772574982,2.3270695,5.4732347,0.53138626,0.42218947,0.5904542,IDP-ESM2-8M,67,310,0.020776748657226562,0.021296977996826172,0.025736449199295186,0.04072859883308416,0.04440785648570866
Q70VK5,2.366846799850464,5.545907974243164,0.5171069193380435,0.3990431129932403,0.6258734150219355,2.387303,5.527842,0.51354766,0.41249844,0.62791747,IDP-ESM2-8M,67,310,0.020456314086914062,0.018065929412841797,0.00355926041775545,0.013455331325531061,0.0020440535258855475
Q70VN3,2.483742475509644,6.086499214172363,0.5258147445477701,0.3891274631023407,0.6032398825673909,2.4146056,5.654997,0.5309176,0.4224424,0.59334254,IDP-ESM2-8M,67,310,0.06913685798645064,0.4315023422241211,0.005102840348317539,0.03331494331359863,0.009897339919075487
Q70VN5,2.5203092098236084,6.071933746337891,0.5416418736842473,0.4239595532417297,0.5815374506023225,2.4357111,5.6443896,0.5047195,0.40323448,0.63955575,IDP-ESM2-8M,67,310,0.08459806442260742,0.42754411697387695,0.03692237791093189,0.020725071430206243,0.05801830167505173
Q70VQ5,2.4766411781311035,5.929468154907227,0.5283036814578764,0.4285694062709808,0.59771005919725,2.4062285,5.6163087,0.522719,0.4142753,0.604349,IDP-ESM2-8M,67,310,0.07041263580322266,0.3131594657897949,0.005584655845998987,0.014294117689132635,0.006638957945999557
Q70VR9,2.111721992492676,4.980467319488525,0.5110433153732103,0.4041039645671844,0.6057990864602403,2.201161,5.1757026,0.5279244,0.41858092,0.59046,IDP-ESM2-8M,67,310,0.08943891525268555,0.1952352523803711,0.016881103076191506,0.014476954936981257,0.015339084037907513
Q70VT5,2.3326361179351807,5.356659412384033,0.4783514631330787,0.384378433227539,0.6700592886318298,2.376905,5.5574236,0.5243447,0.41747823,0.6049439,IDP-ESM2-8M,67,310,0.04426884651184082,0.20076417922973633,0.045993219560402754,0.033099800348281916,0.06511541713372193
Q70VT7,2.3154544830322266,5.422728061676025,0.5157595999360958,0.4021152555942535,0.6148741790904635,2.293218,5.364435,0.525739,0.41884366,0.6014236,IDP-ESM2-8M,67,310,0.02223658561706543,0.05829286575317383,0.009979414212616389,0.016728401184082087,0.013450557912790151
Q716F8,1.890788555145264,4.713382720947266,0.5790202348913798,0.4435887634754181,0.523359491891047,1.8670923,4.5745807,0.583824,0.46036392,0.5253349,IDP-ESM2-8M,67,310,0.023696303367614968,0.13880205154418945,0.0048037440095296535,0.016775161027908325,0.001975402766087986
Q719M9,2.221550703048706,5.12326717376709,0.4396204117703249,0.39960777759552,0.8051244309350288,2.5697958,5.989179,0.5416808,0.4567309,0.6174273,IDP-ESM2-8M,67,310,0.34824514389038086,0.8659119606018066,0.10206040106536846,0.05712312459945679,0.18769714144909744
Q71BY2,2.8670685291290283,6.956532001495361,0.555512599017717,0.4328218102455139,0.5585654856607561,3.076337,7.2699647,0.5391328,0.4213188,0.5917222,IDP-ESM2-8M,67,310,0.20926856994628906,0.3134326934814453,0.016379825141526805,0.011503010988235474,0.03315670471934029
Q73233,1.5464661121368408,3.601569175720215,0.565109635826593,0.4628099203109741,0.5624074584200736,1.4917128,3.574149,0.55943257,0.45263037,0.5590805,IDP-ESM2-8M,67,310,0.05475330352783203,0.0274202823638916,0.005677069660668943,0.0101795494556427,0.0033269768908377184
Q75QS2,2.718085289001465,6.584777355194092,0.5592991544079078,0.437384158372879,0.5738581193384125,2.6223009,6.198788,0.5298209,0.41659406,0.61409795,IDP-ESM2-8M,67,310,0.09578442573547363,0.3859891891479492,0.02947823537104255,0.020790100097656194,0.04023983350429994
Q75QS3,2.559312343597412,6.161259651184082,0.5550775822274954,0.4252170324325561,0.5688816286961949,2.6127307,6.270288,0.5511326,0.42654967,0.57379085,IDP-ESM2-8M,67,310,0.05341839790344238,0.10902833938598633,0.003944962846544442,0.001332640647888239,0.004909219558962619
Q75QT5,2.474217176437378,5.729228019714356,0.5329766826311452,0.4248742163181305,0.6057171988523832,2.3593912,5.6208973,0.5374777,0.41960615,0.5887139,IDP-ESM2-8M,67,310,0.11482596397399902,0.10833072662353604,0.004500989468921968,0.005268067121505737,0.01700331449874548
Q75QT6,2.678507804870605,6.485173225402832,0.5459777372980164,0.4228428602218628,0.593645928606895,2.7693524,6.6096296,0.54406023,0.42320135,0.5877037,IDP-ESM2-8M,67,310,0.0908446311950688,0.12445640563964844,0.0019175070428893992,0.0003584921360015869,0.005942223772910649
Q75R01,2.197074174880981,5.230693340301514,0.5430584379413683,0.4264280200004577,0.5738001380254273,2.0521073,4.812926,0.5313855,0.42097116,0.59465253,IDP-ESM2-8M,67,310,0.1449668407440181,0.4177675247192383,0.011672956583793859,0.005456864833831732,0.02085239550576168
Q75ZR8,2.514803171157837,5.945297718048096,0.5288734325396239,0.4185945391654968,0.586945932470916,2.549406,5.9911513,0.5230663,0.40406302,0.5890807,IDP-ESM2-8M,67,310,0.03460288047790527,0.045853614807128906,0.005807150267285066,0.014531522989273071,0.002134758866669473
Q75ZS3,2.528671979904175,5.822525501251221,0.5249158325399661,0.4008948802947998,0.5952384100376977,2.54538,5.98432,0.52397037,0.40436095,0.58245945,IDP-ESM2-8M,67,310,0.0167081356048584,0.16179466247558594,0.0009454670156741063,0.0034660696983337402,0.012778960269631323
Q75ZS7,2.5185089111328125,5.851362228393555,0.5241372436923099,0.4023982286453247,0.5978752907235775,2.456942,5.7459984,0.51066583,0.3949981,0.61151016,IDP-ESM2-8M,67,310,0.061566829681396484,0.10536384582519531,0.013471409742267126,0.00740012526512146,0.013634866861566564
Q76745,1.6862435340881348,4.146582126617432,0.5889717046674642,0.4828281700611114,0.5341129026891426,1.7857996,4.3913836,0.59153086,0.46643353,0.51558053,IDP-ESM2-8M,67,310,0.0995560884475708,0.24480152130126953,0.002559154802903252,0.016394644975662176,0.018532367754145018
Q77369,1.909146070480347,4.532270431518555,0.516399481288511,0.400697112083435,0.5966060322391364,1.9772663,4.5312257,0.4988962,0.40816924,0.63017315,IDP-ESM2-8M,67,310,0.06812024116516091,0.0010447502136230469,0.017503269902784058,0.007472127676010187,0.033567114485564487
Q778N1,2.548545837402344,6.078155517578125,0.5235439514410309,0.4114598929882049,0.6061387579761504,2.5064142,5.8339977,0.51147723,0.40647322,0.622095,IDP-ESM2-8M,67,310,0.04213166236877486,0.2441577911376953,0.012066719461660824,0.004986673593521063,0.015956230846786656
Q77F13,3.301082134246826,8.288076400756836,0.6479234754077412,0.4938320219516754,0.520401017338893,3.2489302,8.119015,0.6405817,0.50649834,0.5457976,IDP-ESM2-8M,67,310,0.05215191841125488,0.16906166076660156,0.007341748379848134,0.012666314840316772,0.02539656910214705
Q77IW3,3.6197218894958496,8.80662727355957,0.6249976432087548,0.4838098287582397,0.5086501526373314,3.614583,8.6988,0.5665933,0.43764013,0.56048566,IDP-ESM2-8M,67,310,0.005138874053955078,0.10782718658447266,0.05840435383344966,0.04616969823837275,0.0518355083924843
Q77MY7,3.0799267292022705,7.367725849151611,0.5421785704215706,0.4206465780735016,0.5826723972741995,3.0377853,7.156002,0.5370942,0.41934964,0.5960859,IDP-ESM2-8M,67,310,0.04214143753051758,0.21172380447387695,0.005084394605988307,0.0012969374656677246,0.013413508754548054
Q78226,1.6867589950561523,3.902502059936523,0.5086398648321783,0.3918678164482116,0.6130573104003241,1.8408757,4.2423086,0.5073777,0.41233107,0.61205125,IDP-ESM2-8M,67,310,0.15411674976348877,0.3398065567016606,0.0012621807158147424,0.02046325802803045,0.0010060618499090346
Q78501,1.4808255434036257,3.5534937381744385,0.5663827788351196,0.461040049791336,0.535338371967033,1.432838,3.3800435,0.5578079,0.4614594,0.5645844,IDP-ESM2-8M,67,310,0.04798758029937766,0.17345023155212402,0.00857485647183831,0.00041934847831731625,0.029246002460762366
Q78643,2.147893190383911,5.223362922668457,0.5390433643849116,0.4208886623382568,0.583994507750363,2.126813,4.962302,0.5167873,0.41413042,0.6179354,IDP-ESM2-8M,67,310,0.02108025550842285,0.2610607147216797,0.02225607381179151,0.006758242845535223,0.03394091133227861
Q78646,2.1870813369750977,5.421651840209961,0.5502856857565891,0.4145195484161377,0.568389733323931,2.150515,5.0751967,0.53262293,0.4248694,0.59282315,IDP-ESM2-8M,67,310,0.03656625747680664,0.34645509719848633,0.017662752368832746,0.010349839925765991,0.02443341444981173
Q78648,2.0783257484436035,5.048666954040527,0.5249393535854522,0.4123967289924621,0.5902616314687303,2.2132797,5.1829276,0.5278888,0.42168754,0.5912768,IDP-ESM2-8M,67,310,0.13495397567749023,0.1342606544494629,0.0029494212863739877,0.009290814399719294,0.0010151930056043756
Q78649,2.150982618331909,5.008342742919922,0.5227294688915959,0.4201452732086181,0.6101529120274809,2.1608994,5.0592127,0.52045333,0.41704547,0.6134834,IDP-ESM2-8M,67,310,0.00991678237915039,0.05086994171142578,0.00227613503692059,0.0030997991561889093,0.003330516927597227
Q78652,2.125462532043457,4.939906120300293,0.5141629696105596,0.3905706405639648,0.615079177319877,2.2047296,5.1956186,0.5338144,0.4257573,0.59016985,IDP-ESM2-8M,67,310,0.07926702499389648,0.25571250915527344,0.019651401021612003,0.035186648368835505,0.024909330308310884
Q78653,2.1836626529693604,5.0986857414245605,0.525769427297488,0.4297862350940704,0.6127840323383702,2.1837497,5.1091795,0.5203364,0.4165583,0.6098393,IDP-ESM2-8M,67,310,8.702278137207031e-05,0.010493755340576172,0.0054330377558620135,0.013227939605712835,0.0029447121555699063
Q79401,2.5769708156585693,5.979436874389648,0.5098609530817261,0.4153710901737213,0.6422057059664942,2.6243172,6.052824,0.49554372,0.39742267,0.6497871,IDP-ESM2-8M,67,310,0.04734635353088379,0.07338714599609375,0.01431723474371338,0.017948418855667114,0.007581422005154992
Q7LZ01,1.5071834325790403,3.580984592437744,0.5450486484398942,0.4624802470207214,0.5655658775632415,1.4309878,3.3623493,0.5433173,0.44357914,0.5716577,IDP-ESM2-8M,67,310,0.07619559764862038,0.21863532066345215,0.0017313304772477167,0.018901109695434515,0.006091839664694287
Q7LZT9,1.6028155088424685,4.032206058502197,0.6336550376524721,0.5071741342544556,0.4858678878272744,1.6732544,4.092884,0.5885457,0.48141107,0.52903944,IDP-ESM2-8M,67,310,0.0704388618469236,0.06067800521850586,0.045109357606390565,0.02576306462287903,0.043171554711940674
Q7SPR3,1.933842182159424,4.475385665893555,0.5184372314794939,0.4123210906982422,0.6064772921412007,1.9270264,4.548193,0.5302985,0.42215627,0.5849776,IDP-ESM2-8M,67,310,0.00681579113006614,0.07280731201171875,0.011861239971311721,0.00983518362045288,0.02149966534066361
Q7SPR5,2.017610549926758,4.830348968505859,0.5378311855730569,0.4095549285411834,0.5724319094180902,2.0479953,4.832546,0.52750003,0.4173764,0.5846393,IDP-ESM2-8M,67,310,0.03038477897644043,0.002197265625,0.010331152194455795,0.007821470499038752,0.012207401418701802
Q7SPR7,1.900384783744812,4.429835796356201,0.5252584129818885,0.4011749625205993,0.5912248869031784,1.8629625,4.380708,0.5315284,0.4243145,0.58082014,IDP-ESM2-8M,67,310,0.0374222993850708,0.04912757873535156,0.006270000313857382,0.023139536380767878,0.010404743680369588
Q7SPR8,2.106167793273926,4.764862060546875,0.5397041032243759,0.4437752068042755,0.5943438102841636,2.099309,4.921541,0.5331738,0.4260579,0.59172153,IDP-ESM2-8M,67,310,0.00685882568359375,0.1566791534423828,0.0065303037096053895,0.017717301845550537,0.0026222755551597032
Q7SPR9,1.9593466520309448,4.580612659454346,0.540130993075549,0.4175087809562683,0.576088833907112,1.9806073,4.6665835,0.54047513,0.43343085,0.569904,IDP-ESM2-8M,67,310,0.021260619163513184,0.08597087860107422,0.00034413700562774263,0.015922069549560547,0.0061848045377577154
Q7SPS1,1.976803421974182,4.585023403167725,0.5013343821981806,0.3967857360839844,0.6346451652220686,1.9654112,4.6636877,0.53256524,0.4218862,0.57184964,IDP-ESM2-8M,67,310,0.011392235755920188,0.07866430282592773,0.031230853893433164,0.0251004695892334,0.06279552103795605
Q7SPW1,2.4899041652679443,5.869239330291748,0.5810872421377301,0.4734791815280914,0.5629048080376419,2.2320747,5.1678233,0.53085405,0.43653038,0.6441073,IDP-ESM2-8M,67,310,0.2578294277191162,0.701416015625,0.05023319579297303,0.03694880008697504,0.08120247412407078
Q7T5C0,3.8372843265533447,9.258732795715332,0.5799164378255721,0.4654600620269775,0.5348509087960129,3.7047029,8.734767,0.5343006,0.42695254,0.62491345,IDP-ESM2-8M,67,310,0.13258147239685059,0.5239658355712891,0.04561581250132285,0.03850752115249628,0.0900625452597732
Q7T5F8,3.1076180934906006,7.855236053466797,0.6365807130850056,0.4950244128704071,0.5128686940657727,3.2141771,8.073861,0.6834432,0.52346903,0.3924113,IDP-ESM2-8M,67,310,0.10655903816223145,0.21862506866455078,0.04686247558229173,0.028444617986679077,0.12045740246649905
Q7T5M5,2.6357483863830566,6.004586219787598,0.4278678648531742,0.3579449355602264,0.746792157030451,3.1099944,7.3238387,0.5168131,0.39267698,0.59328717,IDP-ESM2-8M,67,310,0.4742460250854492,1.3192524909973145,0.08894523453113368,0.0347320437431336,0.1535049870971319
Q7T9U3,2.5170865058898926,6.231752872467041,0.6506086268228235,0.5297015905380249,0.5001690106705422,2.7785473,6.8827934,0.6361028,0.49751922,0.49767765,IDP-ESM2-8M,67,310,0.2614607810974121,0.6510405540466309,0.014505831221932386,0.03218236565589905,0.0024913566426033595
Q7TB66,2.388280868530273,5.786229133605957,0.5583621769344246,0.4302465319633484,0.5584652163464453,2.3750134,5.6622367,0.54599255,0.42688704,0.5737602,IDP-ESM2-8M,67,310,0.013267517089843306,0.1239924430847168,0.01236962370032424,0.003359496593475342,0.015294995121297617
Q7TDE5,1.7327096462249756,4.204363822937012,0.5795948158583132,0.4765125215053558,0.5638790157688817,1.6942875,4.0346565,0.56963736,0.46765122,0.5746689,IDP-ESM2-8M,67,310,0.0384221076965332,0.1697072982788086,0.009957457669684033,0.008861303329467718,0.010789868508462086
Q7TDG1,2.490117311477661,5.805055141448975,0.5386403469483882,0.4287756085395813,0.5805635605910878,2.4740345,5.809533,0.5082716,0.39628944,0.6209483,IDP-ESM2-8M,67,310,0.016082763671875,0.004477977752685547,0.03036877197432819,0.032486170530319214,0.04038475407566022
Q7TDL0,1.8884413242340088,4.7142181396484375,0.5979073791505418,0.464028000831604,0.5161268442607513,1.9415531,4.778598,0.5920809,0.46784803,0.50211525,IDP-ESM2-8M,67,310,0.05311179161071777,0.06437969207763672,0.0058264880181870815,0.0038200318813323975,0.01401159462696222
Q7TDN1,1.627246975898743,3.610844135284424,0.5066982889403502,0.4331098198890686,0.6066444493794406,1.7984035,4.1411123,0.4900084,0.40038288,0.6528906,IDP-ESM2-8M,67,310,0.17115652561187722,0.5302681922912598,0.01668987514869369,0.032726943492889404,0.04624617323637359
Q7TFN9,4.809350490570068,11.326508522033691,0.5502404637713013,0.431827574968338,0.5886450924694411,4.7766232,11.276467,0.5428267,0.42610058,0.602278,IDP-ESM2-8M,67,310,0.03272724151611328,0.05004119873046875,0.0074137516398010694,0.005726993083953857,0.013632901686442711
Q7TG50,1.6741212606430054,3.925894737243652,0.5112703201005089,0.408839613199234,0.5942082604489444,1.6420944,3.9334776,0.5408488,0.42682883,0.55569017,IDP-ESM2-8M,67,310,0.03202688694000244,0.007582902908325639,0.029578471498764802,0.01798921823501587,0.03851809111453275
Q7THH5,1.4805859327316284,3.5995447635650635,0.5748434435146096,0.4640343487262726,0.5338098601886665,1.5232497,3.7472143,0.5821326,0.46009457,0.5111822,IDP-ESM2-8M,67,310,0.0426638126373291,0.14766955375671387,0.007289134381508577,0.003939777612686157,0.022627671200934563
Q7THI5,1.4908099174499512,3.680530786514282,0.5856059832048719,0.4660952091217041,0.5222624204087364,1.5631768,3.7903779,0.5641613,0.44584417,0.54193056,IDP-ESM2-8M,67,310,0.07236683368682861,0.10984706878662154,0.021444682545692206,0.020251035690307617,0.019668135888565863
Q7ZGU1,1.459875226020813,3.512011766433716,0.5620519442547338,0.4572725594043731,0.5331019357861957,1.372607,3.239347,0.5393675,0.43042096,0.54997754,IDP-ESM2-8M,67,310,0.08726823329925537,0.27266478538513184,0.02268444728741814,0.026851594448089544,0.016875605183652942
Q7ZGU2,1.5534588098526,3.704934597015381,0.5591998202932726,0.4461364448070526,0.5530105529773196,1.5853004,3.8618777,0.59089184,0.47196895,0.5132987,IDP-ESM2-8M,67,310,0.03184163570404053,0.15694308280944824,0.031692017780457826,0.02583250403404236,0.03971186265825832
Q7ZPK4,2.3864073753356934,5.5650811195373535,0.5156515856253662,0.4046715497970581,0.6200709244936515,2.3413525,5.496628,0.52398694,0.4157332,0.60562146,IDP-ESM2-8M,67,310,0.04505491256713867,0.06845331192016602,0.00833534999017338,0.011061638593673706,0.014449467393736981
Q80553,1.7017829418182373,4.29582405090332,0.5963093890216741,0.479846179485321,0.5189677773325435,1.8130089,4.436637,0.5891424,0.46516705,0.5147502,IDP-ESM2-8M,67,310,0.11122596263885498,0.14081287384033203,0.007167006876746096,0.01467913389205927,0.00421759470391192
Q80889,3.40116810798645,8.152029991149902,0.6199681764885606,0.5033925771713257,0.5231723889099441,3.3911047,7.964157,0.558796,0.45541808,0.6235135,IDP-ESM2-8M,67,310,0.010063409805297852,0.18787288665771484,0.06117218792883772,0.04797449707984924,0.10034113085400242
Q80893,1.8569839000701904,3.396172523498535,0.2311215794355287,0.2926353514194488,1.2649263128911512,1.8585258,3.8118343,0.37667674,0.33143675,0.856949,IDP-ESM2-8M,67,310,0.0015418529510498047,0.4156618118286133,0.14555515882664782,0.03880140185356146,0.40797734114279915
Q80GM7,2.553338527679444,5.920792102813721,0.4806813072825801,0.3916524648666382,0.7017012661962947,2.5662222,5.842713,0.4837609,0.398518,0.69217134,IDP-ESM2-8M,67,310,0.01288366317748979,0.0780792236328125,0.003079586062299078,0.0068655312061309814,0.009529930975957779
Q80LM0,3.363256454467773,8.619884490966797,0.6662086425777796,0.5348446369171143,0.4958077142552526,3.252413,7.95899,0.6324102,0.5045255,0.55515075,IDP-ESM2-8M,67,310,0.11084342002868608,0.6608943939208984,0.033798414325368675,0.030319154262542725,0.05934303304394173
Q80RB4,2.7400684356689453,6.60451602935791,0.5395437613849422,0.4249629974365234,0.6005819375698327,2.3629282,5.567176,0.5224575,0.41084766,0.62031496,IDP-ESM2-8M,67,310,0.3771402835845947,1.0373401641845703,0.017086280954339172,0.01411533355712885,0.019733018141532055
Q81837,2.7749319076538086,6.627445220947266,0.5359063714570144,0.4194350838661194,0.5647146628444655,2.7228348,6.392254,0.51377994,0.3985027,0.61076915,IDP-ESM2-8M,67,310,0.05209708213806152,0.23519134521484375,0.02212643323603658,0.020932376384735107,0.04605448979683091
Q81839,2.498880624771118,5.656501293182373,0.5178213248951719,0.4031377136707306,0.6076870836625148,2.2945387,5.388232,0.52444845,0.40553647,0.58779,IDP-ESM2-8M,67,310,0.20434188842773438,0.26826906204223633,0.006627129484863548,0.002398759126663208,0.01989707130289564
Q81846,2.708412408828736,6.190937519073486,0.5220178697631761,0.4181114435195923,0.6027986621445156,2.600096,6.057007,0.5038923,0.39078873,0.6267917,IDP-ESM2-8M,67,310,0.1083164215087895,0.13393068313598633,0.018125567250053543,0.027322709560394287,0.023993053477432635
Q81859,1.93219804763794,4.442722320556641,0.5283917397353077,0.4156481921672821,0.5698670754670302,1.7383776,4.15841,0.5458494,0.43089274,0.5437433,IDP-ESM2-8M,67,310,0.19382047653198287,0.28431224822998047,0.017457643142042123,0.015244543552398682,0.026123763108173992
Q82401,1.896571040153504,4.5851640701293945,0.5571746359933037,0.4291745722293854,0.5613598141023878,1.7724817,4.1923075,0.5459314,0.44135535,0.579654,IDP-ESM2-8M,67,310,0.12408936023712225,0.3928565979003906,0.011243237124742955,0.01218077540397644,0.018294164245390543
Q82615,2.1708734035491943,5.134160041809082,0.5490502374716704,0.4313355386257171,0.5721800748490306,2.4795468,5.880695,0.55183744,0.4359746,0.56926024,IDP-ESM2-8M,67,310,0.3086733818054199,0.7465348243713379,0.002787206833749556,0.0046390593051910956,0.002919835247895297
Q83112,2.41190505027771,5.164118766784668,0.3579090330668357,0.3439160287380218,0.9729690842107984,2.9154294,6.531253,0.465602,0.3867634,0.7309993,IDP-ESM2-8M,67,310,0.5035243034362793,1.3671340942382812,0.10769297742167444,0.04284736514091497,0.24196979326765267
Q83190,1.8836880922317505,4.400813579559326,0.5260448386484439,0.4264549911022186,0.5959532905051558,1.893415,4.4080405,0.51757634,0.4128316,0.6099402,IDP-ESM2-8M,67,310,0.009726881980895996,0.0072269439697265625,0.00846850178778713,0.013623386621475164,0.013986880736604479
Q83502,2.2941713333129883,5.310041427612305,0.5037432051124425,0.3745355904102325,0.6215559272118281,2.3967843,5.6852355,0.53028417,0.41209856,0.5881557,IDP-ESM2-8M,67,310,0.10261297225952148,0.37519407272338867,0.026540961223617043,0.03756296634674078,0.0334002403565119
Q83508,2.377563238143921,5.536876201629639,0.5321698180352915,0.4230669438838959,0.5828507670533861,2.3742769,5.6077557,0.52342355,0.40754116,0.59656924,IDP-ESM2-8M,67,310,0.0032863616943359375,0.07087945938110352,0.00874626552216895,0.015525788068771362,0.01371847303984508
Q84108,1.4589022397994995,3.4060921669006348,0.5352848589056226,0.4366827309131622,0.571752774219122,1.5168992,3.625485,0.5444005,0.4384831,0.5735926,IDP-ESM2-8M,67,310,0.05799698829650879,0.2193927764892578,0.009115654266527051,0.0018003582954407293,0.0018398289875125595
Q84187,3.3706753253936768,7.924954414367676,0.5487601205780593,0.4367975294589996,0.5847488703565769,3.3252583,7.935923,0.5545373,0.430637,0.57452846,IDP-ESM2-8M,67,310,0.045417070388793945,0.010968685150146484,0.005777175717106675,0.006160527467727606,0.010220414622323926
Q84188,3.3498449325561523,8.206217765808105,0.5453710853424537,0.4217911660671234,0.5829563793047416,3.5163574,8.336189,0.53704214,0.4194491,0.6005357,IDP-ESM2-8M,67,310,0.16651248931884766,0.12997150421142578,0.00832894438176035,0.0023420751094818115,0.0175793114797127
Q84265,1.7284702062606812,4.44248104095459,0.6613243684337272,0.5258669853210449,0.4773213668374543,1.6578282,4.2151556,0.6353022,0.51599973,0.49451143,IDP-ESM2-8M,67,310,0.07064199447631836,0.227325439453125,0.02602218242145915,0.009867250919342041,0.017190058657693408
Q84494,2.552734136581421,6.3842878341674805,0.5917065308164913,0.4586173295974731,0.5530748178482502,2.4984434,6.0052667,0.5921318,0.47320724,0.5504984,IDP-ESM2-8M,67,310,0.054290771484375,0.37902116775512695,0.0004252626825016481,0.014589905738830622,0.002576391887709417
Q84648,2.521754741668701,5.554079532623291,0.4927278858411089,0.4166622459888458,0.7081384738377339,2.5957205,5.949314,0.5026838,0.42101017,0.6967957,IDP-ESM2-8M,67,310,0.07396578788757324,0.3952345848083496,0.009955932499192632,0.0043479204177856445,0.011342771857143052
Q85298,2.279718399047852,5.395394325256348,0.5325898131596705,0.4208833277225494,0.5718015694514089,2.329144,5.445488,0.52501816,0.41351476,0.58201313,IDP-ESM2-8M,67,310,0.04942560195922807,0.050093650817871094,0.0075716575848718826,0.007368564605712835,0.010211560736579361
Q85305,3.579531192779541,8.211382865905762,0.5203653644409608,0.4118862152099609,0.6189179360148165,3.4258773,7.9894857,0.5122941,0.41110587,0.6482337,IDP-ESM2-8M,67,310,0.15365386009216309,0.22189712524414062,0.008071250804943975,0.0007803440093993586,0.029315775704696456
Q85470,2.2920143604278564,5.446559429168701,0.5327047768731603,0.4169777631759643,0.6087104146603998,2.3618398,5.6522074,0.5598939,0.4449634,0.5736556,IDP-ESM2-8M,67,310,0.06982541084289551,0.20564794540405273,0.027189129243325283,0.027985632419586237,0.03505480934423766
Q85513,1.9576280117034912,4.725622653961182,0.5239052400086113,0.4113883078098297,0.5851947112310396,1.8841848,4.440682,0.5227096,0.41888618,0.59897894,IDP-ESM2-8M,67,310,0.07344317436218262,0.2849407196044922,0.001195631930608343,0.007497876882553101,0.013784225441171083
Q85653,2.376068115234375,5.417388916015625,0.5016500349884363,0.3889819681644439,0.634856464474716,2.4799018,5.845694,0.5404957,0.4282763,0.5906179,IDP-ESM2-8M,67,310,0.10383367538452148,0.42830514907836914,0.03884565869518797,0.03929433226585394,0.044238569348373225
Q856E0,2.466195583343506,5.6900177001953125,0.5181813486849122,0.3989454507827759,0.614833289702578,2.550745,6.0116434,0.5256957,0.4116128,0.5973347,IDP-ESM2-8M,67,310,0.0845494270324707,0.3216257095336914,0.007514332887048281,0.012667357921600342,0.017498606761141233
Q856H1,2.9787638187408447,6.904770374298096,0.5036225758459518,0.3979147672653198,0.6407523990866708,2.8405254,6.6559134,0.51460505,0.40239397,0.6161409,IDP-ESM2-8M,67,310,0.13823843002319336,0.2488570213317871,0.01098246947265169,0.004479199647903442,0.024611497044281894
Q857F1,1.9641215801239007,4.7520270347595215,0.5812534908514281,0.4474373757839203,0.540902322963004,2.109347,5.161658,0.5722576,0.451422,0.54509765,IDP-ESM2-8M,67,310,0.14522552490234442,0.40963077545166016,0.008995912478472756,0.003984630107879639,0.004195326134438626
Q858H2,2.2670469284057617,5.336639404296875,0.5392917442964523,0.4077807366847992,0.5698406982947399,2.3490338,5.5432425,0.52700806,0.4117698,0.5901,IDP-ESM2-8M,67,310,0.08198690414428711,0.2066030502319336,0.012283687655827324,0.003989070653915405,0.02025929207314947
Q858N3,1.927005290985108,4.566664218902588,0.5808561131799694,0.4685754776000976,0.5528038656646656,1.9021553,4.6487412,0.5842444,0.4643468,0.53516674,IDP-ESM2-8M,67,310,0.024850010871887873,0.0820770263671875,0.0033882572805408184,0.00422868132591242,0.01763712524718508
Q859F3,2.6343207359313965,6.0198974609375,0.5073106917352911,0.4078228771686554,0.6368856517355966,2.7261927,6.465518,0.5379247,0.41983652,0.58909535,IDP-ESM2-8M,67,310,0.09187197685241699,0.4456205368041992,0.030614015200591482,0.012013643980026245,0.04779029765539644
Q859H4,1.7760928869247437,3.896996259689331,0.5186384652849547,0.4274115860462188,0.5948459608399084,1.8155634,4.2826295,0.5185178,0.42129838,0.6208256,IDP-ESM2-8M,67,310,0.039470553398132324,0.3856332302093506,0.00012067306007068623,0.0061132013797759455,0.025979627863247146
Q859K4,2.129390478134156,5.0706868171691895,0.5328967809933792,0.4149425625801086,0.5855965737739375,2.0983994,4.9594593,0.52445424,0.4119692,0.60024846,IDP-ESM2-8M,67,310,0.03099107742309659,0.11122751235961914,0.008442544962800613,0.002973347902297918,0.01465188222734426
Q86596,1.894747495651245,4.689831733703613,0.6001272242126647,0.4821423292160034,0.5202157789259023,1.74475,4.1472635,0.55885637,0.45004606,0.5769073,IDP-ESM2-8M,67,310,0.1499974727630613,0.5425682067871094,0.04127085614778436,0.032096266746520996,0.05669149818133645
Q86686,3.440208673477173,8.322357177734375,0.5664734565159629,0.4563029408454895,0.5718947265295324,3.6176238,8.645218,0.56977755,0.4468153,0.55509543,IDP-ESM2-8M,67,310,0.177415132522583,0.3228607177734375,0.0033040917971779438,0.009487628936767578,0.016799292340689664
Q86818,1.460961937904358,3.500816583633423,0.5522634133666189,0.4420870244503021,0.5593399411578714,1.5220068,3.740143,0.5812812,0.46260047,0.5070668,IDP-ESM2-8M,67,310,0.06104481220245361,0.23932647705078125,0.0290177717835276,0.020513445138931274,0.05227315486865636
Q86965,2.3598008155822754,5.689849853515625,0.5848229669224884,0.4847496151924133,0.553603337412101,2.6883168,6.5367374,0.5873302,0.45885554,0.5345836,IDP-ESM2-8M,67,310,0.32851600646972656,0.8468875885009766,0.0025072552073334142,0.02589407563209528,0.01901970923445817
Q87071,1.9543282985687256,4.568828582763672,0.5569509246168368,0.4691648781299591,0.5634483041985254,1.9660147,4.7487063,0.56831324,0.4510571,0.54688567,IDP-ESM2-8M,67,310,0.011686444282531738,0.17987775802612305,0.01136231638810703,0.01810777187347412,0.016562634967110634
Q87072,2.4248392581939697,5.7215256690979,0.5575377990991252,0.4460115730762481,0.525723379610173,2.5221653,5.952421,0.52202076,0.40608335,0.5919685,IDP-ESM2-8M,67,310,0.09732604026794434,0.2308955192565918,0.03551704190079141,0.039928227663040106,0.06624509716213534
Q87076,3.703100919723511,8.742889404296875,0.6341339350195351,0.5753036737442017,0.5545472586075183,3.4920933,8.15088,0.6062285,0.5240912,0.6339698,IDP-ESM2-8M,67,310,0.2110075950622563,0.5920095443725586,0.02790546421722795,0.05121248960494995,0.07942252517544068
Q87171,1.7826610803604126,4.332564830780029,0.5479362015260358,0.4273037612438202,0.5481836900057231,1.7952008,4.28112,0.5401832,0.42696637,0.5635536,IDP-ESM2-8M,67,310,0.01253974437713623,0.05144500732421875,0.007753014994968943,0.00033739209175109863,0.015369881695326715
Q87172,1.91124165058136,4.591419219970703,0.5625241277805296,0.4588437676429748,0.5417650764829557,2.0151207,4.931134,0.57112044,0.4418674,0.5244734,IDP-ESM2-8M,67,310,0.10387909412384011,0.33971500396728516,0.008596313179400794,0.0169763565063476,0.0172916477567594
Q87175,1.9088680744171145,4.502878189086914,0.5568800406190714,0.4520748853683471,0.5575944896014519,2.0835025,5.1080065,0.56607044,0.43492827,0.5354279,IDP-ESM2-8M,67,310,0.17463445663452126,0.605128288269043,0.009190396812264079,0.017146617174148504,0.02216656163056563
Q87177,1.887590289115905,4.649468421936035,0.5547439167462481,0.4282277822494507,0.5554367352405654,2.0396326,4.958253,0.5533594,0.42794913,0.55280685,IDP-ESM2-8M,67,310,0.15204226970672674,0.30878448486328125,0.0013845274411333763,0.00027865171432495117,0.002629880992518485
Q87184,1.9450256824493408,4.571385383605957,0.5478966697800436,0.4360198974609375,0.5703280496091094,2.012054,4.8247623,0.55205804,0.43400007,0.5578379,IDP-ESM2-8M,67,310,0.06702828407287598,0.25337696075439453,0.0041613713156900545,0.002019822597503662,0.012490146109506162
Q87189,1.968051791191101,4.565345764160156,0.5176435335974485,0.4032074809074402,0.6203319012174806,2.1125615,5.1491737,0.56544095,0.43788064,0.5403247,IDP-ESM2-8M,67,310,0.1445096731185913,0.5838279724121094,0.047797419180414025,0.03467315435409546,0.08000721325971694
Q87190,1.9034150838851929,4.558351039886475,0.5359669028216014,0.4121782183647156,0.5727507557050745,2.1151066,5.1236825,0.55351126,0.42729875,0.5606428,IDP-ESM2-8M,67,310,0.2116914987564087,0.5653314590454102,0.01754435911840102,0.015120536088943481,0.012107976831630896
Q87209,1.862782001495361,4.4295830726623535,0.5375627990445788,0.4277502298355102,0.5767103260927396,1.8156087,4.4490833,0.5714965,0.4467046,0.5309679,IDP-ESM2-8M,67,310,0.04717326164245583,0.019500255584716797,0.03393368761923954,0.018954366445541437,0.04574243487646157
Q87272,1.771573185920715,4.140113353729248,0.5326915264429924,0.4273720681667328,0.5847705077946502,1.9071246,4.606229,0.5519766,0.4321942,0.56066614,IDP-ESM2-8M,67,310,0.13555145263671897,0.46611547470092773,0.019285094707978012,0.004822134971618652,0.024104363900454673
Q87273,1.939037799835205,4.618935108184815,0.5466744031043405,0.4304466545581817,0.5647701644829984,2.1337287,5.213229,0.5631747,0.43419558,0.5425828,IDP-ESM2-8M,67,310,0.19469094276428223,0.5942940711975089,0.016500321474516966,0.003748923540115412,0.022187354557919092
Q87596,1.533286452293396,3.61783504486084,0.5345110658450549,0.4314935207366943,0.5828321177032882,1.5329336,3.710991,0.5626376,0.45016527,0.54789805,IDP-ESM2-8M,67,310,0.0003528594970703125,0.0931558609008789,0.028126561279731455,0.018671751022338923,0.03493406358036344
Q89267,1.7420724630355835,4.086272239685059,0.5560926285241087,0.4499751627445221,0.559322391018633,1.59408,3.8312373,0.5565505,0.445187,0.55702174,IDP-ESM2-8M,67,310,0.14799249172210693,0.2550349235534668,0.00045787425299093076,0.00478816032409668,0.0023006539199391662
Q8AEV4,2.233668565750122,5.239813804626465,0.5372849422933033,0.4231429994106293,0.5890506457655373,2.15113,5.040847,0.52447623,0.41870776,0.6035149,IDP-ESM2-8M,67,310,0.08253860473632812,0.19896697998046875,0.012808712148802526,0.004435241222381592,0.014464263978725356
Q8AEV6,2.1465060710906982,5.094841957092285,0.5314559730344499,0.4258464872837066,0.5870264308689069,2.1950397,5.1206408,0.52387524,0.41794875,0.604157,IDP-ESM2-8M,67,310,0.04853367805480957,0.025798797607421875,0.007580736523219445,0.007897734642028753,0.01713054010887627
Q8AEV8,2.1814987659454346,4.826488494873047,0.5101294160331912,0.415207028388977,0.6281491703112636,2.127409,4.958072,0.51636666,0.41424704,0.618622,IDP-ESM2-8M,67,310,0.05408978462219238,0.13158369064331055,0.006237244561749011,0.0009599924087523859,0.009527165325454279
Q8AM83,1.9343886375427248,4.660233497619629,0.5703303920126992,0.4620877802371979,0.5641559007525383,1.9189036,4.524283,0.5586066,0.4562588,0.58116955,IDP-ESM2-8M,67,310,0.015485048294067605,0.13595056533813477,0.01172376740942771,0.005828976631164551,0.01701364489794388
Q8ATK1,1.5496996641159058,3.707332134246826,0.5407623957385782,0.4253777265548706,0.5597329103797722,1.4206216,3.4371483,0.5652802,0.45137927,0.52963823,IDP-ESM2-8M,67,310,0.12907803058624268,0.270183801651001,0.024517803312325115,0.026001542806625366,0.03009467957914358
Q8B5D2,3.114976167678833,7.238278865814209,0.4673215978048058,0.374603807926178,0.771171879287734,2.860052,6.6191645,0.49356738,0.39638686,0.69837534,IDP-ESM2-8M,67,310,0.25492405891418457,0.6191143989562988,0.02624577952406687,0.021783053874969482,0.07279653501130579
Q8B5E1,3.1651766300201416,7.589272499084473,0.5198325087145177,0.3958207070827484,0.6458569455503155,2.8517916,6.7059393,0.51759696,0.4071627,0.63980967,IDP-ESM2-8M,67,310,0.313385009765625,0.8833332061767578,0.0022355486467686703,0.011341989040374756,0.006047277486198044
Q8B6B2,3.904013156890869,9.261208534240724,0.5421892785501781,0.4431942701339721,0.5808373305979415,4.4523363,10.474577,0.52488256,0.4057601,0.61996824,IDP-ESM2-8M,67,310,0.5483231544494629,1.2133684158325178,0.017306723542243496,0.03743416070938105,0.039130904894764784
Q8BCG5,2.794872760772705,6.565496921539307,0.5209792822640622,0.393306016921997,0.6156210843121569,2.6702576,6.267816,0.519642,0.405963,0.6083101,IDP-ESM2-8M,67,310,0.12461519241333008,0.2976808547973633,0.0013372868340695288,0.01265698671340948,0.007310980895714025
Q8BEN1,4.84898567199707,11.072235107421877,0.534068213624413,0.4120315909385681,0.6100232484299682,4.2594914,9.999246,0.5040908,0.3876231,0.6465104,IDP-ESM2-8M,67,310,0.5894942283630371,1.0729894638061541,0.029977427644188426,0.0244084894657135,0.0364871737997986
Q8J4J0,1.93458104133606,4.5694193840026855,0.5485265184237392,0.4339759945869446,0.5808037639458111,1.8934879,4.676486,0.5757063,0.44705644,0.5291243,IDP-ESM2-8M,67,310,0.04109311103820845,0.10706663131713867,0.027179784695920195,0.013080447912216187,0.05167944439243588
Q8JKR9,3.5010788440704346,8.286328315734863,0.5902761424730141,0.4594037532806396,0.5914931939172233,3.1725261,7.5182257,0.54227656,0.44340882,0.6963545,IDP-ESM2-8M,67,310,0.3285527229309082,0.7681026458740234,0.04799958121279069,0.015994936227798406,0.10486131448274005
Q8JL45,3.369366407394409,8.059619903564453,0.6001068034617327,0.4680803716182709,0.551919752385175,3.3182716,8.033473,0.58063775,0.45835385,0.5686801,IDP-ESM2-8M,67,310,0.051094770431518555,0.026146888732910156,0.019469050451936587,0.009726524353027344,0.016760355208361388
Q8JLL5,2.7201294898986816,6.272313117980957,0.5192149212728,0.403579443693161,0.608753096543756,2.6826499,6.240866,0.5136887,0.4055731,0.6182938,IDP-ESM2-8M,67,310,0.03747963905334473,0.03144693374633789,0.005526237762973341,0.0019936561584472656,0.009540725267920047
Q8JM67,3.150487899780273,7.981373310089111,0.6487314908180501,0.516574501991272,0.5063853073211126,3.0173588,7.437345,0.643803,0.5030547,0.46450537,IDP-ESM2-8M,67,310,0.13312911987304643,0.5440282821655273,0.004928490367915872,0.013519823551177979,0.041879932889502536
Q8JQG9,2.8502228260040283,6.632250308990479,0.5204807332766028,0.4026755094528198,0.6422443544407744,3.0956647,7.2468834,0.53211176,0.4219217,0.6113323,IDP-ESM2-8M,67,310,0.24544191360473633,0.614633083343505,0.011631030677559773,0.019246190786361694,0.030912057115640157
Q8JQR2,2.828100204467773,6.647688388824463,0.525901319272927,0.3970339298248291,0.6217038264960181,3.005902,7.0174227,0.52138567,0.413575,0.6224967,IDP-ESM2-8M,67,310,0.1778018474578862,0.3697342872619629,0.004515649564675095,0.01654106378555298,0.0007928976327050696
Q8JQS3,2.8051764965057373,6.420955181121826,0.5043594328722965,0.3834341764450073,0.6631131747576222,2.9925702,7.015942,0.5286618,0.4174144,0.6134869,IDP-ESM2-8M,67,310,0.1873936653137207,0.5949869155883789,0.02430235463762176,0.033980220556259155,0.04962628873314712
Q8JRY1,2.237876415252685,5.156761646270752,0.5791077265222572,0.4804548025131225,0.5626782142087493,2.3114069,5.7551203,0.62653047,0.4894693,0.4857312,IDP-ESM2-8M,67,310,0.07353043556213423,0.5983586311340332,0.047422741941640534,0.009014487266540583,0.07694699992385245
Q8JXK6,1.609717607498169,3.893414974212648,0.5532133118553517,0.4351184964179992,0.5448650987062458,1.5405302,3.6776545,0.548436,0.43414313,0.55001837,IDP-ESM2-8M,67,310,0.06918740272521973,0.21576046943664684,0.004777325813329014,0.0009753704071044367,0.005153271445273999
Q8JYS1,2.7924163341522217,6.880420684814453,0.6044912684424182,0.4753866493701935,0.5183874527888837,2.8259013,6.7868667,0.5703537,0.4545759,0.58022845,IDP-ESM2-8M,67,310,0.03348493576049805,0.09355401992797852,0.03413758163287839,0.020810753107070923,0.061840995125239884
Q8LT64,2.229637861251831,5.414578914642334,0.5425681410507404,0.4362027049064636,0.5928049150464597,2.1423912,5.0885277,0.53385067,0.41767988,0.5900283,IDP-ESM2-8M,67,310,0.08724665641784668,0.3260512351989746,0.008717471189900516,0.018522828817367554,0.0027766290662351034
Q8QLE8,3.0696325302124023,7.653069496154785,0.6429047792322337,0.4967659115791321,0.5084593019263909,3.1328237,7.7189884,0.64277077,0.5003624,0.46889007,IDP-ESM2-8M,67,310,0.06319117546081543,0.0659189224243164,0.00013401202031959603,0.003596484661102295,0.039569231011168715
Q8QN60,2.4813127517700195,5.858016490936279,0.5364172738429442,0.4232704937458038,0.5919319075977278,2.462191,5.8254433,0.53198516,0.4204339,0.59599704,IDP-ESM2-8M,67,310,0.019121646881103516,0.03257322311401367,0.004432110154284574,0.0028365850448607843,0.004065127905659605
Q8QNS2,2.0243351459503174,5.368850231170654,0.6404035347595567,0.4869264960289001,0.4871492806458748,2.2320056,5.5561733,0.6286142,0.4998019,0.50298864,IDP-ESM2-8M,67,310,0.2076704502105713,0.18732309341430664,0.011789347518956106,0.012875407934188898,0.015839355847808045
Q8QNS5,2.0122530460357666,4.819905281066895,0.5267655432190959,0.4066877067089081,0.6024524131860647,1.9023924,4.5082264,0.52460635,0.4151464,0.5991787,IDP-ESM2-8M,67,310,0.10986065864562988,0.3116788864135751,0.002159196135050445,0.008458703756332397,0.0032737413492116563
Q8QPP9,2.004200935363769,5.049680709838867,0.596008156541598,0.469756931066513,0.5132344658180402,1.9907839,4.7438517,0.55519336,0.441567,0.56232625,IDP-ESM2-8M,67,310,0.013417005538939986,0.3058290481567383,0.04081479192138926,0.028189927339553777,0.04909178664243952
Q8QPS6,2.0392065048217773,5.080159187316895,0.5980366815801025,0.4779594838619232,0.5186543376005972,2.0585063,4.976182,0.57384634,0.45367703,0.53994215,IDP-ESM2-8M,67,310,0.019299745559692383,0.10397720336914151,0.02419034140065912,0.024282455444335938,0.02128780774699801
Q8QPU8,1.992329835891724,4.841644763946533,0.553420779636074,0.4297118484973907,0.5681697546584008,2.0392308,4.8795533,0.5584961,0.44286457,0.55819446,IDP-ESM2-8M,67,310,0.046900987625121626,0.03790855407714844,0.005075337955783965,0.013152718544006403,0.009975296173751147
Q8QRI8,3.2885308265686035,7.884644985198975,0.5394460107965866,0.4168720245361328,0.5985504047754322,3.4290662,8.112511,0.5401194,0.42457289,0.584722,IDP-ESM2-8M,67,310,0.1405353546142578,0.22786569595336914,0.0006733987645706208,0.007700860500335693,0.01382842229633674
Q8QRK4,3.2491135597229004,7.4641432762146,0.5219276058805111,0.3972975015640259,0.6382716999313947,3.359894,7.9608393,0.55166566,0.43273747,0.57677644,IDP-ESM2-8M,67,310,0.11078047752380371,0.49669599533081055,0.02973805783866612,0.03543996810913086,0.06149525501943787
Q8QUL3,1.7242542505264282,4.03079891204834,0.5426836428280866,0.4232289791107178,0.5680221160378448,1.766295,4.2574167,0.55933267,0.43831536,0.5399655,IDP-ESM2-8M,67,310,0.04204070568084717,0.22661781311035156,0.016649025953193952,0.015086382627487183,0.028056605669497636
Q8QUU2,2.879369735717773,7.175443172454834,0.6583002758665918,0.5438154339790344,0.5109921341830502,3.1973999,7.784505,0.61467946,0.49823985,0.6120284,IDP-ESM2-8M,67,310,0.3180301189422612,0.6090617179870605,0.043620820109450675,0.0455755889415741,0.10103628578841584
Q8QUW5,2.473679304122925,6.102424144744873,0.5677498235805429,0.4263489544391632,0.5299952208418734,2.646846,6.337758,0.55378807,0.4288541,0.55963403,IDP-ESM2-8M,67,310,0.17316675186157227,0.23533391952514648,0.013961757670203578,0.0025051534175872803,0.029638809023391444
Q8QVQ9,2.74479603767395,6.466947078704834,0.5257972896848262,0.4130697250366211,0.5867434374446052,2.8658946,6.7020807,0.51305735,0.3999431,0.60663944,IDP-ESM2-8M,67,310,0.12109851837158203,0.23513364791870117,0.012739938572460474,0.013126611709594727,0.019896007383428227
Q8QYT4,1.4096920490264893,3.249927282333374,0.5066360158528246,0.3994123339653015,0.586539729877169,1.564757,3.7491593,0.5421779,0.43212947,0.556932,IDP-ESM2-8M,67,310,0.15506494045257568,0.49923205375671387,0.03554189972029553,0.03271713852882385,0.02960775737350685
Q8QYT7,1.4440841674804688,3.4709529876708984,0.5293222166202323,0.4241757988929748,0.5652379997879254,1.4478173,3.4214883,0.53649926,0.43087623,0.557217,IDP-ESM2-8M,67,310,0.0037331581115722656,0.04946470260620117,0.007177045235846835,0.006700426340103205,0.00802099787294741
Q8UU17,2.313895463943481,5.481729507446289,0.5086688800916747,0.3953643143177032,0.6199199592607127,2.2178276,5.1864977,0.5276979,0.4189295,0.5926034,IDP-ESM2-8M,67,310,0.09606790542602495,0.29523181915283203,0.019029040707580713,0.023565173149108942,0.02731657381225694
Q8UZB3,3.613649606704712,8.246795654296875,0.5198546696189686,0.4080694615840912,0.6234334250481187,3.9109256,9.205862,0.5214927,0.40211985,0.61406624,IDP-ESM2-8M,67,310,0.29727602005004883,0.9590663909912109,0.0016380500312999091,0.005949616432189941,0.009367181876426822
Q8UZG8,3.217067241668701,6.078385829925537,0.2189930016478408,0.2740261256694793,1.6827581211154865,4.1901608,9.082553,0.37685722,0.333464,0.9589244,IDP-ESM2-8M,67,310,0.9730935096740723,3.004167079925537,0.1578642194787156,0.05943787097930914,0.7238337083881305
Q8V337,3.886082649230957,9.328152656555176,0.5905300375409568,0.4777798354625702,0.5482420025099546,3.5708961,8.486679,0.5514884,0.4318346,0.57443047,IDP-ESM2-8M,67,310,0.3151865005493164,0.8414735794067383,0.03904163803534155,0.04594522714614868,0.026188463188287603
Q8V339,3.786497116088867,8.88757610321045,0.5762838707503203,0.4546506106853485,0.5654042858448295,3.5818546,8.550506,0.56422335,0.43943986,0.5545071,IDP-ESM2-8M,67,310,0.20464253425598145,0.3370704650878906,0.012060521655929413,0.015210747718811035,0.010897209104564598
Q8V364,3.912223100662232,9.348082542419434,0.601570497912836,0.4770938456058502,0.545058177358706,3.7252765,8.949121,0.58496004,0.45470226,0.531862,IDP-ESM2-8M,67,310,0.18694663047790572,0.39896106719970703,0.01661045448250764,0.022391587495803833,0.013196156866152275
Q8V367,3.944301128387451,9.254372596740724,0.5867672997210619,0.4566084146499634,0.5679896629866961,3.8205566,9.171346,0.588836,0.4589258,0.5278508,IDP-ESM2-8M,67,310,0.12374448776245117,0.0830268859863299,0.002068714549720574,0.0023173987865448,0.040138856273591816
Q8V371,3.9839489459991455,9.449542045593262,0.590055095290832,0.4735912084579468,0.5628522590679889,3.831431,9.189018,0.5888648,0.45733613,0.5230253,IDP-ESM2-8M,67,310,0.15251803398132324,0.26052379608154297,0.0011902919766230147,0.016255080699920654,0.03982698479125546
Q8V5H6,2.6994757652282715,6.327394008636475,0.547568237259962,0.4326514005661011,0.5912608532638286,2.492867,5.905031,0.5412241,0.423968,0.58224195,IDP-ESM2-8M,67,310,0.20660877227783203,0.4223628044128418,0.006344115212537638,0.00868341326713562,0.009018900844547595
Q8V5I4,2.798769950866699,6.823889255523682,0.5623695667984523,0.4327329993247986,0.5658254455311369,2.593313,6.1391506,0.5291929,0.4128887,0.6066987,IDP-ESM2-8M,67,310,0.20545697212219238,0.6847386360168457,0.03317664229894057,0.01984429359436035,0.04087324631380329
Q8V636,2.7227251529693604,6.398381233215332,0.523753379735439,0.4207936823368072,0.6194874455467733,2.6730137,6.132709,0.48532706,0.3956678,0.71001846,IDP-ESM2-8M,67,310,0.04971146583557129,0.2656722068786621,0.03842631474444169,0.025125890970230047,0.09053101043543499
Q8V650,1.7484822273254397,4.248335361480713,0.5512496915493762,0.4306551814079284,0.5614470414260874,1.5274491,3.695878,0.5597927,0.44533607,0.5436809,IDP-ESM2-8M,67,310,0.22103309631347678,0.552457332611084,0.008543005880280785,0.014680892229080256,0.017766135130311
Q8V652,1.7762876749038696,4.281712532043457,0.5649038797211395,0.446625143289566,0.5481063982489301,1.7400907,4.142949,0.543857,0.43141162,0.5700463,IDP-ESM2-8M,67,310,0.03619694709777832,0.138763427734375,0.021046901304696664,0.015213519334793035,0.021939907407502957
Q8V654,1.7396667003631592,4.143488883972168,0.5568649742576249,0.4473403990268707,0.5491676013399845,1.6210413,3.9003732,0.5546048,0.44143882,0.5532291,IDP-ESM2-8M,67,310,0.11862540245056152,0.24311566352844238,0.0022601458999284008,0.0059015750885009766,0.0040614922116511964
Q8V660,1.778408765792847,4.3373122215271,0.5601584295108005,0.452660471200943,0.5559287503504652,1.8133242,4.318518,0.54330444,0.4318233,0.5746156,IDP-ESM2-8M,67,310,0.0349154472351072,0.01879405975341797,0.016853986151425526,0.02083715796470642,0.018686847374449367
Q8V6V1,2.014815092086792,4.692778587341309,0.5861234581713537,0.4829019904136657,0.5543333621804922,1.773165,4.003497,0.5101095,0.42996445,0.671666,IDP-ESM2-8M,67,310,0.24165010452270508,0.6892814636230469,0.07601397397564447,0.05293753743171686,0.11733266393492525
Q8W6W3,3.360015869140625,8.269926071166992,0.6151337437459882,0.4732465445995331,0.5439771930738794,3.299765,7.990568,0.58983725,0.45450923,0.5608308,IDP-ESM2-8M,67,310,0.06025075912475586,0.27935791015625,0.02529649065226869,0.018737316131591797,0.016853578849185813
Q8W6Y8,2.8260037899017334,6.718082904815674,0.5452845572731668,0.4335459768772125,0.5820682377682176,2.7280385,6.49812,0.5435472,0.420036,0.5693773,IDP-ESM2-8M,67,310,0.09796524047851562,0.21996307373046875,0.0017373441956216595,0.013509988784790039,0.012690934644743468
Q90060,1.8543094396591189,4.4882588386535645,0.5912203805632968,0.4749405980110168,0.5235202376849433,1.8871483,4.5240793,0.5747016,0.46067718,0.5282082,IDP-ESM2-8M,67,310,0.03283882141113259,0.03582048416137695,0.016518773335971404,0.014263421297073309,0.004687958478234222
Q902W3,1.505954027175903,3.613804817199707,0.506508478484001,0.4056162238121032,0.6155378952564207,1.48001,3.3498201,0.4945651,0.4091035,0.6456396,IDP-ESM2-8M,67,310,0.025943994522094505,0.26398468017578125,0.011943379006233101,0.003487288951873835,0.030101703113177725
Q90CH1,2.639803409576416,6.403824329376221,0.540096169849669,0.4201094806194305,0.5889187204854677,2.5569618,5.9977503,0.5327078,0.425817,0.6095552,IDP-ESM2-8M,67,310,0.08284163475036621,0.40607404708862305,0.007388359447752513,0.005707532167434748,0.020636464355688333
Q90QE2,2.452218532562256,5.68131160736084,0.519639491260239,0.4046163856983185,0.6196873079163202,2.3681772,5.5268054,0.5219161,0.41426983,0.608999,IDP-ESM2-8M,67,310,0.08404135704040527,0.15450620651245117,0.0022766001818691484,0.009653449058532715,0.010688294015563371
Q90QF6,2.4978458881378174,6.059094429016113,0.5492546754959446,0.439052939414978,0.5687765971121069,2.3986347,5.6018753,0.5234624,0.4165612,0.6014671,IDP-ESM2-8M,67,310,0.09921121597290039,0.45721912384033203,0.02579226075442853,0.022491753101348877,0.03269047585160767
Q90SM4,1.7996176481246948,4.35275411605835,0.5733241195626391,0.4612533152103424,0.5425245357850312,1.8229918,4.3027587,0.5388218,0.43226087,0.5728613,IDP-ESM2-8M,67,310,0.023374199867248535,0.04999542236328125,0.034502303118242095,0.028992444276809692,0.030336778034854017
Q90VH2,2.6350884437561035,6.201977729797363,0.5156249101380957,0.3947184383869171,0.6222456652955403,2.8207207,6.572872,0.51976347,0.41142902,0.6212054,IDP-ESM2-8M,67,310,0.18563222885131836,0.3708944320678711,0.004138559557949173,0.01671057939529419,0.0010402757958759556
Q912E2,2.421146869659424,5.759311676025391,0.5373297331553548,0.4232628643512726,0.5668684767104724,2.4628406,5.7889986,0.5210529,0.40255564,0.59471214,IDP-ESM2-8M,67,310,0.041693687438964844,0.029686927795410156,0.01627683617888387,0.02070721983909607,0.027843661465491998
Q912E3,2.804725408554077,6.491694450378418,0.529254006261235,0.4168480932712555,0.5849334247199536,2.7458265,6.341568,0.4921328,0.38406128,0.64959455,IDP-ESM2-8M,67,310,0.05889892578125,0.15012645721435547,0.0371211935228164,0.032786816358566284,0.0646611206444263
Q912E6,2.547224521636963,6.186237812042236,0.5480489151923416,0.4255909621715545,0.5594950758939933,2.538478,5.9306436,0.50871176,0.3940259,0.6154083,IDP-ESM2-8M,67,310,0.008746623992919922,0.25559425354003906,0.03933715991661524,0.03156507015228266,0.05591322545946131
Q914M9,1.5367087125778198,3.750143527984619,0.5766374271737147,0.4505093693733215,0.5419222513434133,1.5757642,3.8495495,0.58006966,0.46787953,0.536358,IDP-ESM2-8M,67,310,0.039055466651916504,0.09940600395202637,0.003432233966727205,0.017370164394378718,0.0055642524954518935
Q917U3,2.680417776107788,6.042800426483154,0.4721735432609095,0.375804454088211,0.7011521074138709,2.781161,6.278375,0.46648672,0.37653312,0.7180158,IDP-ESM2-8M,67,310,0.10074329376220703,0.23557472229003906,0.005686821029998235,0.0007286667823792059,0.016863682571785832
Q919P6,2.910983800888061,7.236898899078369,0.6591852611106481,0.5211746096611023,0.5054187492830189,3.051387,7.7072434,0.68049604,0.54396284,0.47537756,IDP-ESM2-8M,67,310,0.140403270721436,0.47034454345703125,0.02131077589573005,0.02278822660446167,0.030041189621153652
Q91BD7,3.101076126098633,7.538238525390625,0.6070898316503096,0.4878226518630981,0.5457115251413027,2.8740306,6.8915462,0.58525926,0.45755118,0.5270799,IDP-ESM2-8M,67,310,0.22704553604125977,0.6466922760009766,0.021830572903208778,0.030271470546722357,0.018631644903723377
Q91DT1,1.5396798849105835,3.769207715988159,0.597482770480503,0.4866533577442169,0.5029732208003087,1.5489848,3.6947672,0.55314165,0.4459942,0.55179447,IDP-ESM2-8M,67,310,0.00930488109588623,0.07444047927856445,0.04434111694275278,0.040659159421920776,0.04882124855622816
Q91EW9,2.299491167068481,5.701616764068604,0.6388370788731453,0.5328084826469421,0.5095142170126956,2.2887106,5.75357,0.63887024,0.49988472,0.47213355,IDP-ESM2-8M,67,310,0.010780572891234907,0.05195331573486239,3.3160384667163534e-05,0.032923758029937744,0.0373806699450534
Q91EY8,2.4662489891052246,5.855875015258789,0.4894365173775363,0.3834887742996216,0.6439533478618209,2.29392,5.1619325,0.474312,0.37653974,0.69708383,IDP-ESM2-8M,67,310,0.17232894897460938,0.6939425468444824,0.01512450995032072,0.006949037313461304,0.05313048297161416
Q91FZ1,1.969024538993836,4.733137607574463,0.56402921598147,0.439716637134552,0.5493903811438388,1.9184296,4.628079,0.5603841,0.43828842,0.5496985,IDP-ESM2-8M,67,310,0.05059492588043257,0.10505867004394531,0.0036451212663516364,0.0014282166957855225,0.00030809087917149647
Q91HB7,1.427343726158142,3.431262254714966,0.5591323602166676,0.4494577646255493,0.5362164616813301,1.4977319,3.5705245,0.554884,0.44522014,0.5477669,IDP-ESM2-8M,67,310,0.07038819789886475,0.13926219940185547,0.004248343702843105,0.004237622022628784,0.011550462223088864
Q91HB9,1.4982736110687256,3.6432580947875977,0.5909060630424884,0.4688487350940704,0.5187748270773694,1.4883546,3.6297545,0.58058953,0.4653193,0.529198,IDP-ESM2-8M,67,310,0.009919047355651855,0.013503551483154297,0.010316530190315532,0.003529429435729925,0.010423163816948189
Q91HC5,1.4482494592666626,3.5546135902404785,0.5796518159598052,0.4559148550033569,0.5162500096344692,1.5040592,3.564683,0.55124176,0.44435078,0.55233747,IDP-ESM2-8M,67,310,0.055809736251831055,0.01006937026977539,0.028410060474270526,0.011564075946807806,0.036087458035971465
Q91HC6,1.450789451599121,3.515621423721313,0.562380161376735,0.4586933851242065,0.5406947890635837,1.5368106,3.6440103,0.55402565,0.4464818,0.5533339,IDP-ESM2-8M,67,310,0.08602118492126465,0.12838888168335005,0.008354511352320904,0.012211591005325262,0.012639089453567176
Q91HD2,1.450556993484497,3.493206262588501,0.574626466039653,0.4699845910072326,0.523202361879812,1.4866918,3.5074017,0.5408275,0.43363598,0.5622466,IDP-ESM2-8M,67,310,0.03613483905792236,0.014195442199707031,0.03379895329856408,0.036348611116409246,0.039044258775247864
Q91IB8,1.9263617992401123,4.695132255554199,0.5359288390897771,0.421881228685379,0.5664893056075573,1.8512168,4.4101653,0.5436848,0.42700335,0.55108976,IDP-ESM2-8M,67,310,0.07514500617980957,0.28496694564819336,0.007755941507909703,0.005122125148773249,0.015399541966199859
Q91IC2,1.9794471263885496,4.653407573699951,0.5219182055499836,0.3850213885307312,0.5795467300475488,1.9322093,4.542501,0.52827543,0.41622806,0.5697077,IDP-ESM2-8M,67,310,0.047237873077392356,0.11090660095214844,0.006357224652500548,0.03120666742324829,0.009839038378084641
Q91IC3,1.8549907207489007,4.482663631439209,0.5357331484861603,0.4277023077011108,0.5633997544538089,1.8244541,4.3398504,0.54071593,0.42582542,0.5524897,IDP-ESM2-8M,67,310,0.03053665161132746,0.14281320571899414,0.004982784359909065,0.0018768906593322199,0.010910056520611833
Q91J04,1.5486477613449097,3.6501715183258057,0.5552986882620721,0.4565981328487396,0.5558799303600613,1.5297314,3.5432224,0.5243693,0.4252041,0.58930385,IDP-ESM2-8M,67,310,0.01891636848449707,0.1069490909576416,0.03092938885029839,0.03139403462409973,0.033423920767563176
Q91J05,1.5107216835021973,3.5511865615844727,0.5424431559378566,0.4456840455532074,0.5614949430744315,1.4376645,3.4006996,0.5445072,0.43798086,0.5558418,IDP-ESM2-8M,67,310,0.07305717468261719,0.15048694610595703,0.0020640495484409715,0.007703185081481934,0.00565313952371127
Q91J06,1.5234843492507937,3.619260787963867,0.5632267517983324,0.4655254483222961,0.5347843614073038,1.4649394,3.423398,0.5358644,0.43323842,0.5754686,IDP-ESM2-8M,67,310,0.05854499340057395,0.1958627700805664,0.027362339013755954,0.03228703141212458,0.04068423838899138
Q91J12,1.5075979232788086,3.615457773208618,0.5535636971117539,0.4624858796596527,0.5427927495197775,1.4133599,3.3365397,0.5398656,0.43412814,0.56245506,IDP-ESM2-8M,67,310,0.0942380428314209,0.2789180278778076,0.013698084128050292,0.028357744216918945,0.019662308578061838
Q91J15,1.514955759048462,3.605947971343994,0.5424818129949177,0.4363704323768616,0.563469419723581,1.4418186,3.4066827,0.5485369,0.44379625,0.55657685,IDP-ESM2-8M,67,310,0.07313716411590576,0.1992652416229248,0.00605508371070973,0.007425814867019653,0.006892571693490668
Q91KJ0,2.56765079498291,5.752108573913574,0.493714456898268,0.4144620895385742,0.6698332026975488,2.6245675,6.0863743,0.49338564,0.39089704,0.64800745,IDP-ESM2-8M,67,310,0.05691671371459961,0.33426570892333984,0.0003288141313154691,0.023565053939819336,0.0218257502096032
Q91N87,2.164740800857544,5.279501914978027,0.5618957653053946,0.4384524226188659,0.5528074812444517,2.066049,4.9283547,0.5428882,0.42971128,0.578352,IDP-ESM2-8M,67,310,0.09869170188903809,0.3511471748352051,0.019007541180486198,0.00874114036560053,0.025544493242853017
Q91PE4,1.5256893634796145,3.638439893722534,0.5553345359054669,0.4327917397022247,0.5487490754661252,1.3690052,3.3214288,0.55626124,0.44315302,0.54132736,IDP-ESM2-8M,67,310,0.15668416023254417,0.31701111793518066,0.0009267055305377525,0.010361284017562922,0.007421718173949876
Q91PF9,1.7320042848587036,4.034717559814453,0.5350817807084023,0.4295055270195007,0.5747341833566618,1.7487285,4.226882,0.5468713,0.4275012,0.5564943,IDP-ESM2-8M,67,310,0.016724228858947754,0.19216442108154297,0.011789523803621638,0.002004325389862005,0.018239887759585405
Q91PG3,1.7559078931808472,4.307758331298828,0.5692315890720399,0.4448763728141784,0.5273567366931611,1.6446664,3.9442332,0.5460194,0.43217218,0.55048525,IDP-ESM2-8M,67,310,0.11124145984649658,0.3635251522064209,0.02321221374779059,0.012704193592071478,0.023128516640884333
Q91PI7,1.618232250213623,3.83168363571167,0.5315058984902705,0.4219319522380829,0.5647674224226871,1.6592826,4.00609,0.545582,0.42923918,0.56004465,IDP-ESM2-8M,67,310,0.04105031490325928,0.1744065284729004,0.014076097950616928,0.007307231426239014,0.004722776159564512
Q91QS1,2.207204580307007,4.965100288391113,0.5199545320635849,0.4187126159667969,0.591146294125117,1.8873028,4.205785,0.46456873,0.37864655,0.69544816,IDP-ESM2-8M,67,310,0.31990182399749756,0.7593154907226562,0.05538579789457854,0.04006606340408325,0.1043018660463918
Q91QS3,2.209652900695801,5.254217147827148,0.5287399994383212,0.402176022529602,0.5660498819009769,2.0988257,4.8471923,0.5033878,0.40145305,0.6317542,IDP-ESM2-8M,67,310,0.11082720756530762,0.4070248603820801,0.02535219063857752,0.0007229745388030451,0.065704337631036
Q91QU6,2.194436550140381,5.1115498542785645,0.5286296062541973,0.4235827326774597,0.5798077780792135,1.9468832,4.374578,0.475945,0.38491997,0.6849637,IDP-ESM2-8M,67,310,0.24755334854125977,0.7369718551635742,0.05268461037407035,0.03866276144981384,0.10515592507630411
Q91QZ4,2.173182964324951,5.200811862945557,0.537799255500361,0.4254764318466186,0.5570881676133094,1.9083376,4.3182936,0.47364205,0.38087434,0.6709251,IDP-ESM2-8M,67,310,0.2648453712463379,0.8825182914733887,0.06415720428042082,0.044602096080779974,0.11383691316290523
Q91QZ5,2.1324965953826904,5.064534187316895,0.5331485770645408,0.412474513053894,0.5604056924595722,1.9210856,4.528777,0.51584905,0.4008606,0.5880725,IDP-ESM2-8M,67,310,0.2114109992980957,0.5357570648193368,0.01729952320483008,0.011613905429840032,0.027666786311637548
Q91R07,2.228123426437378,5.132337093353272,0.5214713120685202,0.4208366274833679,0.6295110199760974,2.2346852,5.1793737,0.5186443,0.4180547,0.637605,IDP-ESM2-8M,67,310,0.006561756134033203,0.04703664779662997,0.002827038787422742,0.0027819275856018066,0.008093991487067909
Q91S26,6.694061279296875,15.476078987121582,0.5891117006182185,0.454111099243164,0.6826602807630973,5.3848605,12.927378,0.58917534,0.4706987,0.6639476,IDP-ESM2-8M,67,310,1.3092007637023926,2.548701286315918,6.364289527027722e-05,0.016587615013122614,0.018712698518224213
Q91TH0,2.1090340614318848,5.183506965637207,0.5531784134692708,0.4257791936397552,0.5589928639497735,2.127021,5.004908,0.5217894,0.40989906,0.59531116,IDP-ESM2-8M,67,310,0.01798701286315918,0.17859888076782227,0.031389041501955095,0.015880137681961004,0.03631830090618349
Q91TH1,2.1427602767944336,5.131382465362549,0.5294025838001972,0.4007250070571899,0.5802228872143737,2.2024868,5.200666,0.53150207,0.41670448,0.572709,IDP-ESM2-8M,67,310,0.05972647666931152,0.06928348541259766,0.002099484242557903,0.015979468822479304,0.00751386326188952
Q91TK2,3.303439855575561,7.897712230682373,0.5797559116763135,0.4553083777427673,0.5500898833856144,3.4332495,8.250539,0.5812818,0.45534945,0.53330195,IDP-ESM2-8M,67,310,0.12980961799621626,0.3528265953063965,0.001525869520280776,4.106760025029965e-05,0.016787933884576778
Q91TN0,2.3986928462982178,5.724856376647949,0.5109860936976134,0.397245705127716,0.6120479444394972,2.6177561,6.145198,0.5169635,0.4048492,0.60329485,IDP-ESM2-8M,67,310,0.21906328201293945,0.42034149169921875,0.005977388205462786,0.007603496313095148,0.008753095043745218
Q91TN2,3.885263681411743,9.0169038772583,0.5311021786869577,0.4152352809906006,0.6028653809398226,3.691782,8.752326,0.52713615,0.41017,0.62677646,IDP-ESM2-8M,67,310,0.1934816837310791,0.26457786560058594,0.003966031664710434,0.005065292119979858,0.023911075893063183
Q94MN5,2.220292091369629,5.4848952293396,0.5874475559168084,0.4478969573974609,0.5276287299085922,2.1566947,5.2092333,0.57450813,0.45803845,0.5397599,IDP-ESM2-8M,67,310,0.06359744071960449,0.2756619453430176,0.012939425366423896,0.010141491889953669,0.01213114443527985
Q96677,2.1653618812561035,5.168238639831543,0.5289850669190435,0.4168648421764374,0.575732507087905,2.1466072,4.7380095,0.45631054,0.38361633,0.7261261,IDP-ESM2-8M,67,310,0.01875472068786621,0.43022918701171875,0.07267452648134509,0.03324851393699646,0.15039356770304957
Q96799,1.6065691709518433,3.908614158630371,0.5665672924433923,0.4476588368415832,0.5505294669691101,1.5579205,3.7375793,0.55403894,0.43987006,0.5557343,IDP-ESM2-8M,67,310,0.048648715019226074,0.1710348129272461,0.012528350583193348,0.007788777351379339,0.005204809802435317
Q98001,2.678955078125,6.201470375061035,0.5408162300526411,0.44789719581604,0.5992056568354326,2.5927331,6.085804,0.53073305,0.42400596,0.60833174,IDP-ESM2-8M,67,310,0.08622193336486816,0.11566638946533203,0.010083181136778085,0.023891240358352606,0.00912608306706375
Q98476,2.8559839725494385,7.128647327423096,0.5146483790202353,0.3907263875007629,0.6063219977265988,2.9913604,6.9985504,0.50780225,0.40270746,0.6336727,IDP-ESM2-8M,67,310,0.1353764533996582,0.1300969123840332,0.00684613101913667,0.01198107004165655,0.027350716506799655
Q98487,2.457147121429444,6.183006763458252,0.6132227193073565,0.480448842048645,0.5051442344333934,2.4273124,5.871142,0.58319974,0.46000984,0.55636805,IDP-ESM2-8M,67,310,0.02983474731445357,0.31186485290527344,0.030022979851179743,0.02043899893760681,0.05122381852604874
Q991N9,1.5853314399719238,3.700655221939087,0.5091656627797047,0.4063855707645416,0.5891939558907596,1.4285586,3.415993,0.5550428,0.4440975,0.5398218,IDP-ESM2-8M,67,310,0.15677285194396973,0.28466224670410156,0.04587714050780145,0.037711918354034424,0.04937215232096592
Q991P5,1.4299131631851196,3.397221326828003,0.5241853183185202,0.4398201704025268,0.5871881536490585,1.2378893,2.9882832,0.57302636,0.4671043,0.5306126,IDP-ESM2-8M,67,310,0.1920238733291626,0.4089381694793701,0.04884104076274809,0.027284115552902277,0.05657556572028655
Q991P6,1.4139083623886108,3.4044506549835205,0.5298885761586698,0.4246003031730652,0.5721481356801555,1.3172834,3.160167,0.56752527,0.46572208,0.5425067,IDP-ESM2-8M,67,310,0.09662497043609619,0.24428367614746094,0.037636691442343384,0.04112178087234497,0.029641440886454373
Q991P7,1.4273693561553955,3.3978283405303955,0.5171793052719271,0.4209290444850921,0.5977532766984802,1.2854877,3.1084423,0.5734114,0.46916807,0.53546906,IDP-ESM2-8M,67,310,0.14188170433044434,0.2893860340118408,0.05623209981459021,0.04823902249336248,0.06228422152269897
Q993H4,3.385322570800781,6.845131874084473,0.3629166939850539,0.3413522243499756,1.0279454913481332,3.5365794,7.7332945,0.39379758,0.3398581,0.88527393,IDP-ESM2-8M,67,310,0.15125679969787642,0.8881626129150391,0.030880882442405833,0.0014941096305847168,0.14267155793748865
Q993Q8,2.060518741607666,4.821378231048584,0.5588832903051119,0.4381115734577179,0.5656889387762005,1.9498303,4.6122274,0.53901935,0.43014693,0.58032906,IDP-ESM2-8M,67,310,0.11068844795227051,0.2091507911682129,0.01986394406792924,0.007964640855789185,0.014640121778303872
Q994F3,2.2950258255004883,5.563050746917725,0.5484804397967173,0.4210767447948456,0.5634100512106417,2.2424607,5.0678844,0.47135603,0.38639694,0.7013061,IDP-ESM2-8M,67,310,0.05256509780883789,0.4951663017272949,0.07712440551784772,0.034679800271987915,0.13789605344939249
Q99CW6,4.011652946472168,9.49884033203125,0.5437834992402701,0.4174507558345794,0.6009918237240138,3.6947365,8.627312,0.52407616,0.41147816,0.63136417,IDP-ESM2-8M,67,310,0.31691646575927734,0.8715286254882812,0.01970733547150183,0.005972594022750799,0.030372343012588954
Q9DSX3,2.2357606887817383,5.385723114013672,0.4872581944807698,0.3800103068351745,0.6432755179704737,2.206027,4.9569545,0.4498195,0.36798787,0.71057165,IDP-ESM2-8M,67,310,0.029733657836914062,0.4287686347961426,0.03743868926607863,0.01202243566513056,0.06729612871989499
Q9DUB6,3.4536852836608887,7.943978786468506,0.4932197984855349,0.403501808643341,0.6768880468992027,3.2450707,7.4599886,0.47780997,0.3873331,0.6841233,IDP-ESM2-8M,67,310,0.20861458778381348,0.4839901924133301,0.015409832875030727,0.016168713569641058,0.0072352307649818925
Q9DUC0,3.400535345077514,7.816674709320068,0.4583677369864593,0.3778490722179413,0.7480948432853244,3.6960459,8.385271,0.45583183,0.38431713,0.7715178,IDP-ESM2-8M,67,310,0.2955105304718022,0.568596363067627,0.0025359112532744588,0.006468057632446289,0.02342296992039461
Q9DUC3,2.729132652282715,5.905247688293457,0.5167824760595061,0.4540768563747406,0.6509705408658739,2.5052989,5.82501,0.5231243,0.43010697,0.6643846,IDP-ESM2-8M,67,310,0.22383379936218262,0.08023786544799805,0.006341801532199209,0.02396988868713379,0.013414062634492296
Q9DUC6,2.787198781967163,6.455974102020264,0.5424253377371365,0.4531078338623047,0.6040294861388927,2.3866262,5.260893,0.45322075,0.38639754,0.7707978,IDP-ESM2-8M,67,310,0.4005725383758545,1.1950812339782715,0.08920458287530486,0.06671029329299927,0.16676830295793954
Q9DVW6,2.5521457195281982,6.125584602355957,0.6163389080304422,0.4960024356842041,0.5598207787637935,2.882374,7.2137733,0.6627523,0.5197705,0.48497212,IDP-ESM2-8M,67,310,0.330228328704834,1.088188648223877,0.04641336266810514,0.023768067359924316,0.07484865943243368
Q9DW22,3.8814890384674072,9.259647369384766,0.4620419819338889,0.3537305295467376,0.7221584419380572,3.808074,8.69869,0.45237982,0.36879262,0.7410389,IDP-ESM2-8M,67,310,0.07341504096984863,0.5609569549560547,0.009662159202870835,0.015062093734741266,0.018880476557120995
Q9DW68,1.5482497215270996,3.7303638458251953,0.5387827441642996,0.4232267439365387,0.5720323717508234,1.7259957,4.2169695,0.5765313,0.451515,0.5195892,IDP-ESM2-8M,67,310,0.17774593830108643,0.4866056442260742,0.037748546843695996,0.02828824520111084,0.05244318603610176
Q9DWD6,5.204805850982666,12.267339706420898,0.5490876987180536,0.4104238450527191,0.5697676070664752,4.468971,10.378592,0.4960861,0.38778695,0.6540505,IDP-ESM2-8M,67,310,0.735835075378418,1.8887481689453125,0.05300160791490727,0.022636890411376953,0.08428292193666809
Q9DWG9,5.118499755859375,12.728228569030762,0.5656872044689087,0.4391106367111206,0.5571267019901986,4.7571087,11.263676,0.54534525,0.43033406,0.60264516,IDP-ESM2-8M,67,310,0.3613910675048828,1.464552879333496,0.020341957677069145,0.008776575326919556,0.04551845677750155
Q9DWH1,3.712016105651856,8.688617706298828,0.5663097555614539,0.4519474804401397,0.5658825731965235,3.8900352,9.195736,0.5500115,0.43683317,0.6126234,IDP-ESM2-8M,67,310,0.17801904678344682,0.5071182250976562,0.016298239944083304,0.015114307403564398,0.04674082033909055
Q9DWH9,3.697237014770508,7.939100742340088,0.3492363836313136,0.2908816039562225,1.133194555143502,3.957425,9.061673,0.4456631,0.36491254,0.76795185,IDP-ESM2-8M,67,310,0.26018810272216797,1.122572422027588,0.09642671088925525,0.0740309357643128,0.3652427090207604
Q9DYK3,2.2704403400421143,5.170229911804199,0.5180416357977468,0.4135850667953491,0.6172453661213039,2.3005922,5.347486,0.51616085,0.41239956,0.6163347,IDP-ESM2-8M,67,310,0.030151844024658203,0.17725610733032227,0.0018807900412159961,0.0011855065822601318,0.0009106893787501624
Q9DYK6,2.2880005836486816,5.2338547706604,0.5236682711760782,0.4201667010784149,0.6051293858602943,2.2847836,5.333284,0.51974607,0.4147292,0.61295104,IDP-ESM2-8M,67,310,0.003216981887817383,0.09942913055419922,0.003922206036307663,0.005437493324279785,0.007821654407650036
Q9DYY2,2.3226306438446045,5.430191040039063,0.5039388883616025,0.3911145329475403,0.6281574128159534,2.3474367,5.447593,0.5109018,0.40711486,0.6245681,IDP-ESM2-8M,67,310,0.02480602264404297,0.01740217208862216,0.006962920377105997,0.016000330448150635,0.003589308071995867
Q9DZ98,1.639309048652649,4.182571887969971,0.6063841719199566,0.4708073139190674,0.51357095139744,1.6443778,3.9622505,0.56638926,0.45476052,0.5664165,IDP-ESM2-8M,67,310,0.005068778991699219,0.2203214168548584,0.039994909243717625,0.016046792268753052,0.052845550601461344
Q9G051,1.854498267173767,4.541839599609375,0.5996538482889747,0.4825354814529419,0.5437251746898537,1.754786,4.3086467,0.5954877,0.47338712,0.54127055,IDP-ESM2-8M,67,310,0.09971225261688232,0.23319292068481445,0.004166134475192984,0.009148359298706055,0.0024546206241493618
Q9G054,2.3170735836029053,5.85481071472168,0.6609995550335361,0.5279167294502258,0.4685669221160747,2.1711922,5.458803,0.6293377,0.50023764,0.50941813,IDP-ESM2-8M,67,310,0.14588141441345215,0.3960075378417969,0.03166182701000708,0.027679085731506348,0.04085120780488477
Q9HBF8,2.3022029399871826,5.451180458068848,0.5410233586010338,0.4288848042488098,0.589679482485885,2.280762,5.362697,0.53088343,0.42315972,0.5972673,IDP-ESM2-8M,67,310,0.021440982818603516,0.08848333358764648,0.01013992716640244,0.005725085735321045,0.0075878472069556
Q9IF13,2.44704008102417,5.822362899780273,0.5383524609318606,0.4304640293121338,0.5884801275026047,2.3821769,5.543284,0.51584786,0.40996915,0.6188816,IDP-ESM2-8M,67,310,0.06486320495605469,0.27907896041870117,0.022504599165045436,0.02049487829208374,0.030401455711201453
Q9IF25,2.3178048133850098,5.325736045837402,0.5179123286378229,0.4288137853145599,0.6234685697702828,2.2719047,5.2819567,0.5151359,0.41152653,0.61564904,IDP-ESM2-8M,67,310,0.04590010643005371,0.04377937316894531,0.0027764443528497385,0.017287254333496038,0.007819525256580362
Q9IGT7,3.703341007232666,8.614900588989258,0.5350185997838759,0.4193772971630096,0.5886314517268896,3.6666117,8.639153,0.5254317,0.41027066,0.61146176,IDP-ESM2-8M,67,310,0.03672933578491211,0.024251937866210938,0.009586907183625648,0.009106636047363226,0.02283030688669685
Q9IMR4,2.058349370956421,4.96516227722168,0.5558016890992592,0.4497787356376648,0.5690035747434644,1.9335463,4.6268687,0.55601156,0.44380507,0.570583,IDP-ESM2-8M,67,310,0.12480306625366211,0.33829355239868164,0.00020986847978132772,0.0059736669063568115,0.0015794111345263095
Q9IMY1,1.440822720527649,3.4310662746429443,0.5465228705781604,0.4399511218070984,0.5490375661998234,1.4838345,3.4956372,0.5366198,0.43179703,0.5725413,IDP-ESM2-8M,67,310,0.04301178455352783,0.06457090377807617,0.009903088130345461,0.008154094219207764,0.023503730282262825
Q9INB5,1.5816371440887451,3.818080186843872,0.5523641794138557,0.4523345232009887,0.5626952271774533,1.5035602,3.5873897,0.54563683,0.4343126,0.56448543,IDP-ESM2-8M,67,310,0.07807695865631104,0.23069047927856445,0.006727346699774928,0.018021911382675115,0.0017902035400149119
Q9IUC3,3.3319168090820312,7.835258960723877,0.5145301701395867,0.412153959274292,0.6778616390587688,3.173934,7.4665427,0.51981974,0.40973818,0.64395505,IDP-ESM2-8M,67,310,0.15798282623291016,0.3687162399291992,0.005289566341126206,0.002415776252746582,0.03390658715981254
Q9IUD3,3.201737403869629,7.321566104888916,0.4700747199992619,0.3981832861900329,0.7702281874722894,2.9417243,6.8138027,0.49458623,0.39663258,0.69734544,IDP-ESM2-8M,67,310,0.2600131034851074,0.5077633857727051,0.024511509325078895,0.0015507042407988947,0.07288275185293513
Q9IWB2,2.615633964538574,6.155440807342529,0.4970356408186718,0.3752208948135376,0.6421610679876154,2.4596167,5.716395,0.5040407,0.39801744,0.62782586,IDP-ESM2-8M,67,310,0.15601730346679688,0.43904590606689453,0.0070050772599414834,0.022796541452407837,0.014335211778814139
Q9J050,2.5685853958129883,6.2456560134887695,0.5237645774425042,0.4029120504856109,0.595310431587792,2.562914,5.958807,0.5090468,0.4038211,0.6180831,IDP-ESM2-8M,67,310,0.005671501159667969,0.2868490219116211,0.014717784458495364,0.0009090602397919256,0.022772687804603065
Q9J1C9,2.0162150859832764,4.867647171020508,0.5700244347813748,0.4553690254688263,0.5595978318603472,2.1505349,5.1752768,0.5644908,0.44365388,0.5542772,IDP-ESM2-8M,67,310,0.13431978225708008,0.3076295852661133,0.00553363964587672,0.011715143918991089,0.0053206502349809615
Q9J2I4,2.706825256347656,6.749063491821289,0.5941874453207696,0.4590085744857788,0.5256205244686735,2.6010778,6.2041864,0.5514419,0.43317422,0.5792774,IDP-ESM2-8M,67,310,0.10574746131896928,0.5448770523071289,0.042745537438079184,0.025834351778030396,0.053656871733413936
Q9J3S0,1.5137207508087158,3.643181085586548,0.5270327959970973,0.4141585826873779,0.5762804202123781,1.5293115,3.5952303,0.5363697,0.4262729,0.57195103,IDP-ESM2-8M,67,310,0.015590786933898926,0.04795074462890625,0.00933688536124011,0.012114316225051935,0.004329388527502642
Q9J4U3,3.1092617511749268,7.216726779937744,0.4894567978938329,0.3756111562252044,0.6806739496089605,3.2780192,7.5700436,0.4959148,0.3976982,0.6767168,IDP-ESM2-8M,67,310,0.16875743865966797,0.3533167839050293,0.006457989160228994,0.02208703756332403,0.003957145104566018
Q9J870,3.152559757232666,8.1841459274292,0.6603407253602831,0.5112841129302979,0.4953897945973899,3.1314974,7.699108,0.6442904,0.50563824,0.4748511,IDP-ESM2-8M,67,310,0.021062374114990234,0.48503780364990234,0.016050337729820452,0.005645871162414551,0.020538692960503313
Q9JG27,1.455602765083313,3.4386146068573,0.5405128530187105,0.4323574900627136,0.553546707042626,1.5162234,3.5848355,0.53953004,0.434288,0.5694803,IDP-ESM2-8M,67,310,0.060620665550231934,0.14622092247009277,0.0009828141850923844,0.0019305050373077393,0.01593359290702001
Q9JG66,2.8612866401672363,6.331416130065918,0.418737234641065,0.3984275758266449,0.8489128615334838,2.7904787,6.117686,0.42695722,0.37111735,0.8236313,IDP-ESM2-8M,67,310,0.07080793380737305,0.2137303352355957,0.008219985198031077,0.027310222387313843,0.025281574912390026
Q9JGA4,2.1983189582824707,5.150478363037109,0.5530330820017921,0.4312485158443451,0.561884973369022,2.3349888,5.5687146,0.5627984,0.445388,0.54338276,IDP-ESM2-8M,67,310,0.13666987419128418,0.41823625564575195,0.009765298849953474,0.01413947343826294,0.018502209506412126
Q9JGA7,2.2419235706329346,5.234377384185791,0.5673028472733992,0.4462043344974518,0.547109673649353,2.3164172,5.5774245,0.5649439,0.44196635,0.5436134,IDP-ESM2-8M,67,310,0.0744936466217041,0.3430471420288086,0.0023589376283186247,0.0042379796504974365,0.0034962994161071848
Q9JGB0,2.253002405166626,5.453467845916748,0.5781049975692789,0.4516642689704895,0.5305795976591708,2.2231529,5.416273,0.57252765,0.4452495,0.53654516,IDP-ESM2-8M,67,310,0.029849529266357422,0.03719472885131836,0.005577350550846294,0.00641477108001709,0.005965559773385309
Q9JGB2,2.1467645168304443,5.083734512329102,0.5567752942034833,0.4288070797920227,0.5421656562978837,2.2671793,5.4726477,0.56431353,0.44197655,0.5437444,IDP-ESM2-8M,67,310,0.12041473388671875,0.3889131546020508,0.007538236718452773,0.013169467449188232,0.0015787289445784447
Q9JGB3,2.15768837928772,4.925963878631592,0.5351494059096786,0.4198318421840668,0.584065026219648,2.256494,5.46875,0.57142013,0.44763798,0.5392282,IDP-ESM2-8M,67,310,0.09880566596984819,0.5427861213684082,0.03627072720418245,0.027806133031845093,0.04483682530717237
Q9JGS4,1.870715618133545,4.55258846282959,0.5477932067087207,0.4246914684772491,0.5482503218957615,1.8155922,4.249695,0.5199427,0.41165516,0.58756995,IDP-ESM2-8M,67,310,0.05512344837188721,0.30289363861083984,0.02785050584583615,0.013036310672759954,0.03931963011534689
Q9JGT0,1.907031297683716,4.55479907989502,0.549430004589958,0.4224320352077484,0.5568206507363038,1.8978631,4.458061,0.52637476,0.4178864,0.5905358,IDP-ESM2-8M,67,310,0.009168148040771706,0.09673786163330167,0.02305524730007158,0.004545629024505615,0.03371516879418324
Q9JGT3,1.8674129247665403,4.492846488952637,0.5634954874565955,0.4424038231372833,0.5218059284477138,1.8554215,4.345288,0.5231857,0.41449627,0.58393764,IDP-ESM2-8M,67,310,0.011991381645202415,0.14755868911743164,0.040309817080771526,0.02790755033493042,0.06213171651078231
Q9KX95,2.091196060180664,5.088304996490479,0.5557918189592356,0.4289537072181701,0.5490682016543913,2.0919788,4.9543867,0.53734815,0.42882717,0.5846933,IDP-ESM2-8M,67,310,0.0007827281951904297,0.13391828536987394,0.018443667752265358,0.00012654066085809879,0.0356251109905672
Q9MBM5,1.7576769590377808,4.382968902587891,0.6124459731302566,0.4845675528049469,0.5227161983979945,1.6868452,4.2253203,0.62029254,0.5071546,0.5227843,IDP-ESM2-8M,67,310,0.0708317756652832,0.15764856338500977,0.007846571234672584,0.02258703112602234,6.809429991194715e-05
Q9PX71,2.70955753326416,6.677926063537598,0.5870578327751135,0.4408608376979828,0.531066731793077,2.6454334,6.2720222,0.54515016,0.43512714,0.623927,IDP-ESM2-8M,67,310,0.06412410736083984,0.40590381622314453,0.04190767198562373,0.005733698606491089,0.09286026539167647
Q9PYU9,2.635134220123291,6.2618937492370605,0.6372074532395341,0.5335159301757812,0.5166170080725798,2.7597039,6.7497387,0.6271197,0.50061625,0.5281597,IDP-ESM2-8M,67,310,0.12456965446472168,0.48784494400024414,0.010087733257386877,0.032899677753448486,0.011542669909750503
Q9Q0D0,2.327392578125,5.5399346351623535,0.5247490765892129,0.4061500430107116,0.604200355964975,2.2360864,5.2456574,0.518076,0.41137952,0.6098138,IDP-ESM2-8M,67,310,0.09130620956420898,0.2942771911621094,0.006673073991404044,0.005229473114013727,0.005613453429861415
Q9Q0D1,2.38167667388916,5.665928840637207,0.541337546314261,0.4279966652393341,0.5846467466770309,2.3108404,5.499714,0.5395425,0.42330027,0.5736381,IDP-ESM2-8M,67,310,0.07083630561828613,0.1662149429321289,0.0017950501098847882,0.004696398973464966,0.011008665126432726
Q9Q5K3,2.071991443634033,4.860166072845459,0.4961116347142,0.3944456577301025,0.6136865390859022,1.831303,4.186139,0.48369515,0.38493076,0.64169943,IDP-ESM2-8M,67,310,0.24068844318389893,0.6740269660949707,0.012416485292508106,0.009514898061752264,0.028012894240818986
Q9Q5K9,8.33426284790039,19.134296417236328,0.5469387227155106,0.4189404249191284,0.6130406419260985,4.793796,11.303558,0.51815,0.39885154,0.63109636,IDP-ESM2-8M,67,310,3.540466785430908,7.830738067626953,0.028788750753535486,0.020088881254196167,0.018055721141528425
Q9Q9G2,2.2283313274383545,5.241761684417725,0.5372679323355742,0.423006147146225,0.5878093782415508,1.9786341,4.761922,0.5488101,0.42864624,0.5549804,IDP-ESM2-8M,67,310,0.24969720840454102,0.4798398017883301,0.011542192061703593,0.005640089511871338,0.0328289810171245
Q9QAM5,2.0142569541931152,4.843023300170898,0.5509990743428852,0.4229150712490082,0.5541326149915191,2.022781,4.8770475,0.567056,0.4496004,0.5352194,IDP-ESM2-8M,67,310,0.008523941040039062,0.03402423858642578,0.016056925889811335,0.026685327291488647,0.018913243672701974
Q9QAN0,2.078080654144287,4.996118068695068,0.5677755990317226,0.4577563405036926,0.541871751624488,2.075582,5.0075407,0.56447047,0.44530883,0.52770084,IDP-ESM2-8M,67,310,0.002498626708984375,0.01142263412475586,0.00330512908009295,0.012447506189346313,0.014170910197638609
Q9QAN3,2.773308038711548,6.77640438079834,0.5924893120215359,0.4555574059486389,0.5267715518913857,2.6823986,6.539798,0.5981808,0.46447104,0.50072306,IDP-ESM2-8M,67,310,0.09090948104858398,0.23660659790039062,0.005691458852487563,0.008913636207580566,0.02604848794561543
Q9QAN7,2.512501716613769,6.244462490081787,0.5885019857633141,0.4579826295375824,0.5218697058839032,2.4087539,5.8520207,0.58832943,0.45813033,0.5094142,IDP-ESM2-8M,67,310,0.10374784469604448,0.3924417495727539,0.00017255136847771357,0.00014770030975341797,0.012455509869498949
Q9QCK1,1.777008056640625,4.161622524261475,0.4926160909302993,0.393131822347641,0.6274447540473527,1.643766,3.7133055,0.4864595,0.39485258,0.6429538,IDP-ESM2-8M,67,310,0.13324201107025146,0.4483170509338379,0.006156597293214328,0.0017207562923431396,0.015509059028666616
Q9QEJ2,3.251641273498535,7.605485916137695,0.5482901495871724,0.4259122908115387,0.5953340624089105,2.8890135,6.7964582,0.5419654,0.43125996,0.6007735,IDP-ESM2-8M,67,310,0.3626277446746826,0.8090276718139648,0.006324724572676521,0.0053476691246032715,0.0054394509081976405
Q9QGE5,1.908125042915344,4.461005210876465,0.5010688838890115,0.4123993217945099,0.6300254522766185,2.0652535,4.759931,0.50847363,0.41178367,0.6123357,IDP-ESM2-8M,67,310,0.15712845325469993,0.29892587661743164,0.007404750830837137,0.0006156563758850098,0.017689770361335344
Q9T127,1.5689644813537598,3.709550857543945,0.5549303712393607,0.4444164633750915,0.5452622067987581,1.6282954,3.8538332,0.53658646,0.42785984,0.5666299,IDP-ESM2-8M,67,310,0.05933094024658203,0.1442823410034184,0.018343907787975233,0.0165566205978393,0.021367679828439123
Q9WIE5,1.7004512548446655,4.25147008895874,0.5545300596003485,0.4321787357330322,0.5566831203456658,1.7930229,4.4154778,0.5810606,0.45360798,0.5230268,IDP-ESM2-8M,67,310,0.09257161617279053,0.16400766372680664,0.02653052875948425,0.021429240703582764,0.033656296348168246
Q9WMX5,1.4868741035461426,3.6308343410491934,0.5640615956643183,0.4521521329879761,0.541149603121893,1.5436807,3.731326,0.5590738,0.4403926,0.546577,IDP-ESM2-8M,67,310,0.05680656433105469,0.10049176216125577,0.004987789855297353,0.011759519577026367,0.005427373654230072
Q9WS24,1.756610870361328,4.1786956787109375,0.5429971975271527,0.4256218671798706,0.5781680236853322,1.6632633,4.013449,0.55283207,0.43911117,0.5583341,IDP-ESM2-8M,67,310,0.09334754943847634,0.16524648666381836,0.009834869485634168,0.013489305973052979,0.019833911517973757
Q9WS26,1.721370816230774,4.076889991760254,0.5438025829313937,0.4261800050735473,0.5648553349565822,1.7309605,4.156289,0.55069304,0.4362926,0.5573472,IDP-ESM2-8M,67,310,0.009589672088623047,0.07939910888671875,0.006890452194338703,0.010112583637237604,0.007508156497414764
Q9WS27,1.6987240314483645,4.0185723304748535,0.5408752103063116,0.4303228855133056,0.5617627888038986,1.7521793,4.2422414,0.5508078,0.4291649,0.5507599,IDP-ESM2-8M,67,310,0.05345523357391335,0.22366905212402344,0.009932563760613466,0.0011579990386962336,0.011002877266728217
Q9WSW3,2.0544533729553223,4.8961501121521,0.5604726817461463,0.4396901726722717,0.5549500812076168,1.9598224,4.6074142,0.52440816,0.41989002,0.6141387,IDP-ESM2-8M,67,310,0.09463095664978027,0.28873586654663086,0.03606452010597905,0.01980015635490412,0.05918864121212197
Q9YM30,1.7018508911132812,4.264592170715332,0.593316738765553,0.4730868637561798,0.5330872940384408,1.5979161,3.899572,0.57718736,0.45922118,0.53991777,IDP-ESM2-8M,67,310,0.10393476486206055,0.3650202751159668,0.01612937943251469,0.013865679502487183,0.006830473009441285
Q9YM71,1.6055160760879517,3.912515878677368,0.570276347027032,0.4479717910289764,0.5354128837970424,1.5116552,3.6938334,0.5615887,0.4393266,0.53230834,IDP-ESM2-8M,67,310,0.09386086463928223,0.21868252754211426,0.008687642441002952,0.008645176887512152,0.0031045437244106022
Q9YMA2,1.6040067672729492,3.8747689723968506,0.5532738515361562,0.4475694596767425,0.5595152030776955,1.56703,3.7154095,0.53906876,0.42989898,0.5693514,IDP-ESM2-8M,67,310,0.03697681427001953,0.15935945510864258,0.014205093048454742,0.017670482397079412,0.009836172025301293
Q9YMA3,1.6415551900863647,4.000497341156006,0.560380062332199,0.4360929131507873,0.562751418705301,1.5758172,3.7872632,0.55591226,0.44277623,0.5540943,IDP-ESM2-8M,67,310,0.06573796272277832,0.21323418617248535,0.004467806091354221,0.006683319807052668,0.008657104130105675
Q9YMA4,1.6932001113891602,4.334711074829102,0.6150476693668228,0.4824574291706085,0.4988901230086305,1.5226716,3.7032504,0.5672688,0.4513325,0.5398619,IDP-ESM2-8M,67,310,0.17052853107452393,0.6314606666564941,0.04777888055227808,0.031124919652938843,0.040971794487097035
Q9YMM6,3.456336736679077,8.540550231933594,0.6205547967467603,0.4802236258983612,0.5241815000204457,3.3966255,8.134558,0.57659876,0.45012197,0.55153185,IDP-ESM2-8M,67,310,0.05971121788024902,0.4059925079345703,0.04395603328087894,0.030101656913757324,0.02735035127121077
Q9YMQ8,2.024868488311768,4.833315372467041,0.5600206954856666,0.4365648031234741,0.5656684176786275,1.9722524,4.700888,0.5466091,0.43820122,0.57764065,IDP-ESM2-8M,67,310,0.05261611938476607,0.13242721557617188,0.013411591806009593,0.001636415719985962,0.011972234977927654
Q9YNX5,1.802973985671997,4.2717390060424805,0.5263624604578397,0.4101420640945434,0.5839214422979028,1.7062638,4.0818996,0.5540779,0.44000366,0.5532633,IDP-ESM2-8M,67,310,0.096710205078125,0.18983936309814453,0.027715462840042338,0.029861599206924494,0.030658135680165954
Q9YNX6,1.9106594324111936,4.529300689697266,0.548250630690652,0.4414620101451874,0.5723730958542435,1.7562156,4.2090106,0.56059825,0.44528198,0.5524283,IDP-ESM2-8M,67,310,0.1544438600540159,0.32029008865356445,0.012347623513144335,0.003819972276687622,0.019944790705165083
Q9YNX8,1.815327882766724,4.476320266723633,0.5613603073707598,0.4491125345230102,0.5504085981698428,1.6815283,4.1046066,0.5720791,0.44713622,0.52829283,IDP-ESM2-8M,67,310,0.1337995529174809,0.37171363830566406,0.010718814695737988,0.0019763112068175714,0.022115763411084233
Q9YPA9,4.56606912612915,6.871322154998779,0.2000000000000037,0.2346197515726089,2.314960205516553,4.064216,9.509328,0.5139177,0.3999645,0.63763034,IDP-ESM2-8M,67,310,0.5018529891967773,2.6380057334899902,0.31391768455505,0.16534475982189184,1.677329862079358
Q9YPD8,1.5415093898773191,3.754426956176758,0.5926921304293343,0.4698842167854309,0.5109639930828105,1.6736596,4.0682464,0.57143456,0.4603145,0.5288193,IDP-ESM2-8M,67,310,0.13215017318725608,0.31381940841674805,0.0212575729914376,0.009569704532623291,0.017855329503249084
Q9YPG8,1.6216031312942505,3.874464750289917,0.5327459117599133,0.4297172427177429,0.5551049487940762,1.6542568,3.9899812,0.54058474,0.42010453,0.54438883,IDP-ESM2-8M,67,310,0.03265368938446045,0.11551642417907715,0.007838831263005441,0.009612709283828735,0.010716118132302554
Q9YR10,1.4379830360412598,3.409766912460327,0.5496982537605978,0.4396508336067199,0.5539928591100982,1.3330281,3.1412706,0.5416227,0.43895754,0.55765045,IDP-ESM2-8M,67,310,0.10495495796203613,0.2684962749481201,0.008075555453560423,0.0006932914257049005,0.0036575877816864555
Q9ZWY9,2.2611517906188965,5.238714694976807,0.5778542601020258,0.4753800630569458,0.5599840755145938,2.1940298,5.200557,0.5628894,0.4577273,0.59028375,IDP-ESM2-8M,67,310,0.06712198257446289,0.03815746307373047,0.014964862957708158,0.01765275001525879,0.030299675973138096
A0A060BGV2,1.890916466712952,4.825084686279297,0.6752282524596316,0.5618585348129272,0.5041881097628255,2.1419,5.0961413,0.65755457,0.56025213,0.520759,IDP-ESM2-8M,93,310,0.25098359584808305,0.2710566520690918,0.01767368559943261,0.0016064047813415527,0.01657087671025803
A0A068LKJ5,3.201686382293701,7.65225076675415,0.6370275870794099,0.5204764604568481,0.5232346026347426,3.2178614,8.06101,0.6597884,0.5124914,0.44187683,IDP-ESM2-8M,93,310,0.016175031661987305,0.40875959396362305,0.02276084265768119,0.007985055446624756,0.08135777396424093
A0A068QKP9,3.724610328674317,9.522433280944824,0.6618761782543986,0.5243116021156311,0.5199578075445604,4.568776,11.479481,0.74475014,0.5724712,0.42767304,IDP-ESM2-8M,93,310,0.8441658020019527,1.957047462463379,0.08287396384307455,0.04815959930419922,0.09228476572403432
A0A075FGF0,3.293736696243286,6.742756843566895,0.2937537768740079,0.2957008779048919,1.2819141701443062,3.4768543,7.707292,0.4231469,0.35788012,0.83224815,IDP-ESM2-8M,93,310,0.18311762809753418,0.9645352363586417,0.12939312664085417,0.06217923760414129,0.44966601884196855
A0A088MZV7,1.7907397747039795,3.589179992675781,0.3078846035932239,0.3008909523487091,1.0055288411120895,1.9872581,4.4969397,0.47528026,0.386323,0.68165606,IDP-ESM2-8M,93,310,0.19651830196380615,0.9077596664428715,0.16739565148604552,0.08543205261230469,0.3238727785090927
A0A088N936,1.8190891742706297,3.62239146232605,0.3162190919331585,0.3021836876869201,0.995975597420926,1.965253,4.4612274,0.47935116,0.38954672,0.677307,IDP-ESM2-8M,93,310,0.14616382122039817,0.8388359546661377,0.16313207097730292,0.08736303448677069,0.31866858772396556
A0A0A0RNI5,1.8315424919128416,4.573933124542236,0.6092503748053556,0.4790033996105194,0.5220224337336228,1.6544482,4.0843544,0.5989448,0.47819996,0.5243708,IDP-ESM2-8M,93,310,0.17709434032440163,0.4895787239074707,0.010305591594601204,0.0008034408092498779,0.002348355794270285
A0A0A0UYW6,1.4875445365905762,3.575994968414306,0.5711674697532733,0.4598262906074524,0.5426762750219603,1.4112579,3.4808998,0.58410555,0.46400535,0.50739473,IDP-ESM2-8M,93,310,0.0762866735458374,0.09509515762329057,0.012938081489555109,0.004179060459136963,0.035281543977190966
A0A0A7KTD7,3.327702283859253,8.400986671447754,0.6522918141789302,0.5242195129394531,0.4866843209336677,3.2223144,8.073701,0.67182696,0.52193606,0.4301117,IDP-ESM2-8M,93,310,0.10538792610168457,0.3272857666015625,0.019535144477380806,0.002283453941345215,0.05657261467680125
A0A0B4VGH4,3.443821907043457,8.2440767288208,0.6298180245406775,0.5045728087425232,0.5645886472501052,3.8327227,9.15855,0.6562835,0.5313919,0.5110806,IDP-ESM2-8M,93,310,0.3889007568359375,0.9144735336303711,0.02646547326968629,0.02681910991668701,0.05350802457707049
A0A0B4ZUM6,3.5112106800079346,8.767241477966309,0.6536974089107834,0.5134082436561584,0.50123283428527,3.5298502,8.772682,0.6634059,0.51772636,0.4515261,IDP-ESM2-8M,93,310,0.018639564514160156,0.005440711975097656,0.009708486322370868,0.004318118095397949,0.049706728881369844
A0A0B5JAX3,3.688171625137329,9.235520362854004,0.3627463912521962,0.3227609992027282,1.0681777070795506,3.7540805,8.08268,0.37981504,0.35533667,0.9769657,IDP-ESM2-8M,93,310,0.06590890884399414,1.1528406143188477,0.01706865076669417,0.03257566690444952,0.0912119816576451
A0A0C5B347,2.5910027027130127,6.192173480987549,0.633613217726539,0.5241333246231079,0.5255752066436409,2.568525,6.5809555,0.6854331,0.53473836,0.404423,IDP-ESM2-8M,93,310,0.02247762680053711,0.3887820243835449,0.05181987200658478,0.010605037212371826,0.12115220821529615
A0A0C7TJV6,3.3625338077545166,7.320404052734375,0.3081671039254279,0.2986740469932556,1.2269957526734467,3.5119593,7.7724895,0.4196832,0.3563717,0.84156597,IDP-ESM2-8M,93,310,0.14942550659179688,0.4520854949951172,0.11151608427456905,0.05769765377044678,0.3854297860673066
A0A0C7TQD0,3.2957632541656494,6.7548441886901855,0.280520118757418,0.2909507155418396,1.354769846835071,3.4542933,7.63598,0.41866577,0.35567293,0.8414153,IDP-ESM2-8M,93,310,0.15852999687194824,0.8811359405517578,0.13814564795858542,0.0647222101688385,0.5133545607709231
A0A0C7TTX4,3.221597671508789,6.832540988922119,0.2883304342602436,0.276322454214096,1.2823434798378366,3.516546,7.7790375,0.4184599,0.35562122,0.8448123,IDP-ESM2-8M,93,310,0.2949483394622803,0.9464964866638184,0.13012945801270565,0.07929876446723944,0.4375312058586496
A0A0C7TY93,3.325690746307373,6.952322959899902,0.2901672450082447,0.2992207705974579,1.3126197773987132,3.5128415,7.7716136,0.41787335,0.35493493,0.8438858,IDP-ESM2-8M,93,310,0.1871507167816162,0.8192906379699707,0.1277061077577923,0.055714160203933716,0.4687339980179148
A0A0E3FC10,2.0430798530578613,4.4778733253479,0.4525969020916895,0.3713097274303436,0.6928749860654239,1.8540978,4.1877365,0.46239364,0.36952665,0.6728301,IDP-ESM2-8M,93,310,0.1889820098876953,0.29013681411743164,0.00979673938017328,0.001783072948455755,0.020044881237543
A0A0E3FG91,2.01806116104126,4.970001697540283,0.577077686228797,0.4583736360073089,0.5415353223263809,1.8754661,4.474862,0.54923004,0.4478477,0.5937829,IDP-ESM2-8M,93,310,0.14259505271911666,0.49513959884643555,0.0278476471090765,0.010525941848754827,0.05224757943753511
A0A0E3GI14,3.8144397735595694,9.408454895019531,0.6290451780717478,0.4908272624015808,0.5071401752400815,3.6268487,8.8970585,0.6126487,0.48084602,0.52940226,IDP-ESM2-8M,93,310,0.1875910758972159,0.5113964080810547,0.016396452562104202,0.009981244802474976,0.02226208077188141
A0A0E3HAY2,2.0615055561065674,4.973058223724365,0.5872797776009606,0.4567224979400635,0.5369984319648815,1.959393,4.724019,0.56511307,0.45757592,0.5693529,IDP-ESM2-8M,93,310,0.1021125316619873,0.2490391731262207,0.022166709974007492,0.000853419303894043,0.03235449285887948
A0A0E3HBF5,2.0464000701904297,5.191257476806641,0.6472567789911389,0.5056495070457458,0.4833223339762961,1.9133921,4.7244906,0.5918943,0.4691114,0.5252369,IDP-ESM2-8M,93,310,0.13300800323486328,0.4667668342590332,0.05536245039693111,0.03653809428215027,0.041914570644828175
A0A0E3IAD2,1.9376931190490725,4.829224109649658,0.5956258629446077,0.4575452506542206,0.5330971026838386,1.8637209,4.595113,0.58589816,0.4621267,0.5232703,IDP-ESM2-8M,93,310,0.0739722251892092,0.23411130905151367,0.009727702010159489,0.004581451416015625,0.009826793712433557
A0A0E3Z619,4.695130825042725,11.564785957336426,0.6416337815279186,0.4950894117355346,0.5399307781970203,4.370642,10.816713,0.6729289,0.5235859,0.4593313,IDP-ESM2-8M,93,310,0.32448863983154297,0.748072624206543,0.031295147800999845,0.02849650382995611,0.08059947436210513
A0A0F6YQQ5,2.5174639225006104,6.388430595397949,0.6206342330933063,0.4881987869739532,0.5111129126772102,2.4820266,6.087433,0.59078074,0.46948266,0.5564859,IDP-ESM2-8M,93,310,0.03543734550476074,0.3009977340698242,0.0298534980774372,0.01871612668037409,0.045372978664952934
A0A0F7L2H1,2.109525203704834,4.987625598907471,0.5196004143247246,0.4020496010780334,0.5886832360483358,2.3473072,5.856778,0.60888404,0.4743222,0.4770523,IDP-ESM2-8M,93,310,0.23778200149536133,0.8691525459289551,0.08928362221626052,0.07227259874343878,0.11163093487989406
A0A0F7L948,2.948438167572021,7.511587142944336,0.6165663057554354,0.4522362649440765,0.5142997034956229,2.77997,6.8507338,0.6065187,0.47196513,0.5139175,IDP-ESM2-8M,93,310,0.16846823692321733,0.660853385925293,0.010047619937716856,0.019728869199752863,0.00038219775450354376
A0A0H4SM67,2.1300508975982666,4.709894180297852,0.3466546237927689,0.3027079701423645,0.9458864929927272,2.298625,5.085326,0.4463892,0.37324142,0.74251664,IDP-ESM2-8M,93,310,0.16857409477233887,0.37543201446533203,0.09973457451045376,0.07053345441818237,0.2033698561442775
A0A0H4XWL8,4.473628520965576,10.350598335266112,0.5169912048114644,0.4023514091968536,0.6401760258178701,3.8901234,9.193766,0.52995837,0.4130469,0.6372007,IDP-ESM2-8M,93,310,0.5835051536560059,1.1568326950073224,0.012967162536252852,0.010695487260818537,0.0029753126602163338
A0A0K0KVV5,1.9126718044281008,4.823394775390625,0.6262814903046655,0.4964229166507721,0.520460829828745,1.8607526,4.730682,0.63346153,0.5004444,0.47101766,IDP-ESM2-8M,93,310,0.05191922187805198,0.0927128791809082,0.007180044672293717,0.004021495580673218,0.04944317111826524
A0A0K0UUV8,1.4831476211547852,3.530945539474488,0.5552720761080412,0.4315833151340484,0.5654121141847988,1.3992387,3.4377239,0.58410615,0.46694568,0.51627606,IDP-ESM2-8M,93,310,0.08390891551971436,0.09322166442871183,0.028834071181234933,0.035362362861633356,0.04913605264991716
A0A0M4RBN9,1.801224708557129,3.7610769271850586,0.3496527328075799,0.3318477571010589,0.8915272157878492,1.9543483,4.2981625,0.436731,0.3689011,0.7615446,IDP-ESM2-8M,93,310,0.1531236171722412,0.5370855331420898,0.08707827786785038,0.03705334663391119,0.1299826305598829
A0A0N9R406,2.6657042503356934,6.516427993774414,0.6085390228684354,0.4712896347045898,0.5470067813748493,2.601416,6.3872075,0.6112033,0.48823413,0.5373345,IDP-ESM2-8M,93,310,0.06428813934326172,0.12922048568725586,0.0026642900054049123,0.016944497823715265,0.00967227963153261
A0A0R7EYS2,2.754265069961548,6.922198295593262,0.657850993343833,0.5248908400535583,0.4995557396567184,2.8685606,7.2320566,0.6866897,0.53882796,0.42596442,IDP-ESM2-8M,93,310,0.11429548263549805,0.3098583221435547,0.028838681510445552,0.013937115669250488,0.07359132458332363
A0A0S0BY46,3.1265435218811035,5.889411449432373,0.2171854086816891,0.2625575065612793,1.6478295612053375,4.0408106,8.875563,0.38793826,0.33999252,0.9261464,IDP-ESM2-8M,93,310,0.9142670631408691,2.9861512184143066,0.1707528523504154,0.07743501663208008,0.7216831731514435
A0A0U3U0D7,3.396634101867676,6.715075969696045,0.3005057475151682,0.2977325618267059,1.2841921839010837,3.5571609,7.901476,0.42513126,0.35880363,0.8313284,IDP-ESM2-8M,93,310,0.16052675247192383,1.1863999366760254,0.12462551383355619,0.06107106804847723,0.4528637918722751
A0A0X9FL12,2.5226078033447266,6.124638557434082,0.6334287107192338,0.5105522274971008,0.5174349466836187,2.4767406,6.2451587,0.6601421,0.51820326,0.43317568,IDP-ESM2-8M,93,310,0.045867204666137695,0.12052011489868164,0.026713412979954443,0.007651031017303467,0.08425926366207326
A0A127KLB1,2.071032762527466,5.145662784576416,0.6028349169221092,0.4536195993423462,0.515019287759055,1.9909419,4.912398,0.5973401,0.4730099,0.51799524,IDP-ESM2-8M,93,310,0.08009088039398193,0.23326492309570312,0.005494809957997893,0.01939031481742859,0.0029759505450831503
A0A127KLJ5,1.9658143520355225,4.191742420196533,0.4161159152399342,0.3395844995975494,0.7505832129998813,1.965696,4.555962,0.49708846,0.39149836,0.61764646,IDP-ESM2-8M,93,310,0.00011837482452392578,0.36421966552734375,0.08097254687439992,0.05191385746002203,0.13293675723511078
A0A140F9E7,2.791699171066284,6.305559158325195,0.5021219638408703,0.3960903882980346,0.6419070877303595,2.7733955,6.537094,0.5242312,0.4079652,0.5958148,IDP-ESM2-8M,93,310,0.018303632736206055,0.2315349578857422,0.022109231608958835,0.011874824762344416,0.046092263626050456
A0A140HQX3,3.579965591430664,9.004738807678223,0.6195316334493641,0.466924250125885,0.5291427206543236,3.5105038,8.726313,0.6548411,0.50742495,0.44129008,IDP-ESM2-8M,93,310,0.06946182250976562,0.2784261703491211,0.035309491562079964,0.0405007004737854,0.08785264010699079
A0A142KCK0,2.050968170166016,4.751323699951172,0.5122493669296646,0.4073982536792755,0.6068036314127505,2.09202,4.8980274,0.51002395,0.40313268,0.6117627,IDP-ESM2-8M,93,310,0.04105186462402299,0.14670372009277344,0.002225415399208064,0.004265576601028442,0.004959071052306863
A0A192GNU8,5.987818717956543,14.581865310668944,0.6398101089340285,0.523834764957428,0.5694352343410043,4.8543177,11.849937,0.6428234,0.50403154,0.56203663,IDP-ESM2-8M,93,310,1.1335010528564453,2.7319278717041,0.0030132891792222782,0.019803225994110107,0.007398600849488179
A0A1B1MQX9,3.7859179973602295,9.340727806091309,0.6404908434925272,0.5149634480476379,0.5090671111698764,3.599648,8.888087,0.64451575,0.5035594,0.47495577,IDP-ESM2-8M,93,310,0.18626999855041504,0.4526405334472656,0.004024909299831236,0.011404037475585938,0.03411134377676417
A0A1B1SEH4,1.5803412199020386,3.982339382171631,0.5996079757237097,0.4684278964996338,0.5255005925230519,1.6808083,4.2682467,0.6113427,0.47758046,0.4739818,IDP-ESM2-8M,93,310,0.10046708583831787,0.2859072685241699,0.011734752414260252,0.00915256142616272,0.05151879482789201
A0A1B2CSH8,2.5782601833343506,6.398425102233887,0.6513316604319859,0.5276219844818115,0.5049293519500863,2.683351,6.8936286,0.7010684,0.54740214,0.40606606,IDP-ESM2-8M,93,310,0.10509085655212402,0.49520349502563477,0.04973674090468405,0.01978015899658203,0.09886329188386311
A0A1C9EI46,2.489945411682129,6.195528030395508,0.6269772396327874,0.4757145941257477,0.5357081755708515,2.36233,5.779645,0.60333097,0.49431956,0.58545566,IDP-ESM2-8M,93,310,0.12761545181274414,0.41588306427001953,0.023646269822301558,0.018604964017868042,0.049747480480784256
A0A1D7RB72,1.9689459800720213,4.266139507293701,0.4513915286894133,0.3737775683403015,0.684309003964057,1.9490099,4.4837465,0.4859598,0.38560152,0.63920504,IDP-ESM2-8M,93,310,0.01993608474731423,0.2176070213317871,0.03456826940819718,0.011823952198028564,0.04510396541654116
A0A1D7RFJ1,2.204392671585083,5.50743579864502,0.6346817055378772,0.5000706315040588,0.4970203318711387,2.0120492,5.018795,0.6029775,0.4745982,0.5169474,IDP-ESM2-8M,93,310,0.19234347343444824,0.48864078521728604,0.0317041912709094,0.025472432374954224,0.019927056777848118
A0A1D7RII7,2.044349670410156,4.5980329513549805,0.4734368901302269,0.3813219368457794,0.6570558955308754,2.0045419,4.645069,0.49434984,0.39045572,0.62563264,IDP-ESM2-8M,93,310,0.03980779647827104,0.047036170959472656,0.020912947172934737,0.009133785963058472,0.031423251831229404
A0A1D7S6P1,2.00423002243042,4.515280246734619,0.463345311655874,0.3635380566120147,0.6713449975448006,1.9866303,4.592783,0.4917644,0.38953814,0.6314199,IDP-ESM2-8M,93,310,0.01759970188140869,0.07750272750854492,0.028419084773187886,0.026000082492828425,0.03992510046533282
A0A1D7SND7,2.1113455295562744,5.314593315124512,0.6166155454336859,0.4700080156326294,0.509848143465673,1.9715283,4.863057,0.5892266,0.46576855,0.52682567,IDP-ESM2-8M,93,310,0.1398172378540039,0.4515361785888672,0.027388941925690302,0.004239469766616821,0.01697752296193933
A0A1D8KSZ5,2.179481267929077,5.340997695922852,0.6200727899466539,0.4766835868358612,0.5210722105049811,2.0427086,5.0754642,0.6099573,0.48645988,0.52423185,IDP-ESM2-8M,93,310,0.13677263259887695,0.265533447265625,0.010115512171843144,0.009776294231414795,0.0031596405959405383
A0A1S5YE66,2.509702444076538,5.940449237823486,0.6009339585550981,0.4720349013805389,0.5542984021627527,2.5813978,6.491123,0.65603215,0.5138246,0.4394917,IDP-ESM2-8M,93,310,0.07169532775878906,0.5506739616394043,0.05509818646824782,0.041789680719375666,0.11480671295758305
A0A1V0EDG6,1.6132383346557615,3.438559055328369,0.3152920629862634,0.3153857290744781,0.9494192382778732,1.4064531,2.6488767,0.37379318,0.34833747,0.90006304,IDP-ESM2-8M,93,310,0.20678520202636697,0.7896823883056641,0.05850112177096928,0.032951742410659846,0.04935620040555877
A0A1V0SDB7,4.489760875701904,11.568591117858888,0.6573779861450181,0.507214367389679,0.5060329530051567,4.028592,10.099543,0.6525767,0.5066316,0.48114398,IDP-ESM2-8M,93,310,0.4611687660217285,1.469048500061037,0.004801301193235852,0.0005827546119689941,0.024888971786818703
A0A1V0SEI4,1.8049743175506592,4.313685417175293,0.5931744901858961,0.4863773584365845,0.5769133024404413,1.8192127,4.4837494,0.5950126,0.47974557,0.5451264,IDP-ESM2-8M,93,310,0.014238357543945312,0.17006397247314453,0.0018381150043810246,0.006631791591644287,0.03178692390421689
A0A1V0SIV1,4.092967033386231,10.263998985290527,0.6616554293564167,0.5182355642318726,0.5371780134485428,4.01702,10.331074,0.7315165,0.5673926,0.37258625,IDP-ESM2-8M,93,310,0.07594680786132901,0.06707477569580078,0.06986105108944507,0.049157023429870605,0.164591763143367
A0A1Z1LW78,1.971238732337952,4.193475246429443,0.4217051400281547,0.3493303656578064,0.7390094703350831,1.9831083,4.5771656,0.49496722,0.39241272,0.63027096,IDP-ESM2-8M,93,310,0.011869549751281294,0.38369035720825195,0.07326208218559044,0.043082356452941895,0.10873851238830579
A0A218MKB4,2.4305977821350098,6.414882659912109,0.664427247066988,0.503869891166687,0.4626680262691808,2.4730148,6.1640773,0.6171795,0.48672855,0.5326575,IDP-ESM2-8M,93,310,0.042417049407958984,0.2508053779602051,0.04724773408938787,0.017141342163085938,0.06998947781254528
A0A218MLX2,2.2404134273529053,5.581320762634277,0.6197461003681595,0.4783703684806824,0.5157592547026453,2.1117678,5.2263546,0.5981618,0.479652,0.5523313,IDP-ESM2-8M,93,310,0.128645658493042,0.3549661636352539,0.021584283771174606,0.0012816190719604492,0.03657207368938353
A0A218MLZ4,2.0229969024658203,5.101109027862549,0.6566728231049523,0.5108522176742554,0.4970506182991432,1.9980242,5.158066,0.67018104,0.5309207,0.4577143,IDP-ESM2-8M,93,310,0.02497267723083496,0.05695676803588867,0.013508212890531057,0.020068466663360596,0.03933632887233962
A0A218MM47,3.1168549060821533,7.986937999725342,0.6447501281368233,0.4965139627456665,0.4954749121331038,2.9139495,7.1563582,0.59447575,0.4705712,0.5686406,IDP-ESM2-8M,93,310,0.20290541648864746,0.8305797576904297,0.05027438198203815,0.02594277262687683,0.0731656775809465
A0A218MM62,4.081226825714111,10.062661170959473,0.6246471831716158,0.4865365922451019,0.5488440474785344,3.9876225,9.924612,0.6500343,0.5008036,0.504656,IDP-ESM2-8M,93,310,0.09360432624816895,0.13804912567138672,0.025387125261916887,0.014266997575759943,0.0441880306519048
A0A218MME3,2.288226127624512,6.068570613861084,0.6653610907555472,0.5181605815887451,0.4758832465658302,2.4435399,6.171365,0.63004893,0.49707416,0.52145404,IDP-ESM2-8M,93,310,0.15531373023986772,0.10279417037963867,0.035312160110558155,0.021086424589157104,0.04557078966997913
A0A218MMI9,2.0292177200317383,5.185769081115723,0.6451522628358277,0.5019322037696838,0.4984181402727931,2.1309192,5.4946413,0.6745563,0.52614105,0.43956086,IDP-ESM2-8M,93,310,0.10170149803161621,0.3088722229003906,0.02940405210939323,0.02420884370803833,0.05885727987736156
A0A222ZRZ9,1.94344699382782,4.277808666229248,0.4051126389034917,0.3642769753932953,0.8110007899873909,2.0815253,4.7187734,0.47160968,0.38613585,0.6966387,IDP-ESM2-8M,93,310,0.13807833194732644,0.4409646987915039,0.06649704294121961,0.02185887098312378,0.11436208664113845
A0A249XMM6,1.6557856798171997,4.130429267883301,0.6309601030046016,0.5186854004859924,0.5061356267906943,1.7878561,4.536693,0.64262575,0.5046636,0.45539933,IDP-ESM2-8M,93,310,0.1320704221725464,0.4062638282775879,0.011665646106573946,0.014021813869476318,0.05073629235999977
A0A290GQ28,1.6348572969436646,4.083806037902832,0.6187177918281845,0.4939922392368316,0.5169491376540912,1.6229715,4.035541,0.6194121,0.49970406,0.508597,IDP-ESM2-8M,93,310,0.011885762214660645,0.04826498031616211,0.0006943323287673664,0.005711823701858576,0.008352121319557537
A0A2D1GNS7,1.8512448072433472,4.60044002532959,0.6035361502716443,0.4949381351470947,0.545356650185253,1.8079715,4.3104053,0.59592116,0.5018288,0.5768895,IDP-ESM2-8M,93,310,0.043273329734802246,0.29003477096557617,0.007614991481055933,0.006890654563903809,0.03153286473784267
A0A2D1M0A0,3.298692226409912,6.922819137573242,0.2985573743730573,0.2918419241905212,1.2573749289252132,3.4690094,7.6847234,0.42272785,0.35788515,0.834092,IDP-ESM2-8M,93,310,0.1703171730041504,0.761904239654541,0.12417047868671138,0.06604322791099554,0.42328290793674883
A0A2D3I5T4,3.451622009277344,8.706274032592773,0.6295244426607188,0.4894634187221527,0.546063700050671,3.2035463,8.090565,0.657094,0.5125429,0.47913885,IDP-ESM2-8M,93,310,0.24807572364807173,0.6157093048095703,0.0275695591093007,0.023079484701156616,0.06692484888489947
A0A2I6SBY4,2.594749212265014,6.508121490478516,0.6986696982329124,0.5682637691497803,0.4881013377851256,2.592041,6.4522786,0.73122245,0.5915259,0.36290735,IDP-ESM2-8M,93,310,0.0027081966400142043,0.05584287643432617,0.03255275250027245,0.0232621431350708,0.12519398772180163
A0A2I6SCK6,2.622429132461548,6.629944324493408,0.6690171733462428,0.5365170240402222,0.5056712455598064,2.292192,5.4776487,0.6186004,0.5176226,0.5628483,IDP-ESM2-8M,93,310,0.33023715019226074,1.1522955894470215,0.05041674524184214,0.018894433975219727,0.05717708398426102
A0A2K9VSC6,3.427680969238281,8.356828689575195,0.6318270424446829,0.503365695476532,0.5410531962453318,3.2922833,8.262741,0.67119336,0.5231854,0.432276,IDP-ESM2-8M,93,310,0.1353976726531978,0.09408760070800781,0.039366318837665726,0.019819676876068115,0.1087771857320261
A0A2P1GNK0,3.414996862411499,7.886669158935547,0.5373644190203403,0.4228023290634155,0.6172256564296388,3.3067448,7.729614,0.5085432,0.4059673,0.6590176,IDP-ESM2-8M,93,310,0.10825204849243164,0.15705537796020508,0.028821225680038753,0.016835033893585205,0.04179196604121693
A0A2R3UAC7,1.9004806280136108,4.757969379425049,0.6162382695188977,0.4949345886707306,0.5143414017940166,1.8401713,4.5568905,0.6012226,0.48029327,0.5219933,IDP-ESM2-8M,93,310,0.06030929088592529,0.2010788917541504,0.01501569480805176,0.01464131474494934,0.007651877663075735
A0A2R8FEN2,2.33327579498291,5.175539970397949,0.405441907441057,0.3217991888523102,0.7588114810748304,2.9410176,6.571131,0.42987514,0.35241646,0.77221024,IDP-ESM2-8M,93,310,0.6077418327331543,1.3955912590026855,0.024433227980695915,0.03061726689338684,0.013398759289244278
A0A2S1MMK3,3.2598886489868164,6.600038528442383,0.2841809138183052,0.2845881879329681,1.3218299414137151,3.5099502,7.7746935,0.42119718,0.35707515,0.83880246,IDP-ESM2-8M,93,310,0.2500615119934082,1.1746549606323242,0.13701626216130908,0.07248696684837347,0.4830274845579412
A0A2S1MQZ2,3.3505961894989014,7.139304637908936,0.296965963842941,0.3050320148468017,1.282592490148828,3.5136201,7.7753067,0.41950575,0.35627753,0.84274447,IDP-ESM2-8M,93,310,0.1630239486694336,0.6360020637512198,0.12253978132955962,0.05124551057815557,0.43984802050618876
A0A2S1MU58,3.2810263633728027,6.657950401306152,0.2883860612688559,0.285024881362915,1.3062884956447942,3.5668108,7.8942604,0.4174582,0.35465977,0.8453288,IDP-ESM2-8M,93,310,0.2857844829559326,1.2363100051879883,0.12907214514632048,0.06963488459587103,0.46095968781398367
A0A2S1N1Y6,3.342329740524292,6.765670299530029,0.2874389073734367,0.2914789021015167,1.3338580585629798,3.5189195,7.7765827,0.41617045,0.35445997,0.8501072,IDP-ESM2-8M,93,310,0.1765897274017334,1.0109124183654785,0.12873154069136739,0.06298106908798218,0.4837508655698157
A0A2S1N210,3.4059529304504395,6.964351177215576,0.3059835642194527,0.3099592328071594,1.2536796663144492,3.5147228,7.78358,0.42068624,0.35655272,0.8394533,IDP-ESM2-8M,93,310,0.10876989364624023,0.8192286491394043,0.11470268074514689,0.04659348726272583,0.41422638634237274
A0A2U7U7R7,3.315234661102295,7.333038330078125,0.4868864726504657,0.4146440029144287,0.6949552644751833,3.289057,7.5756717,0.488377,0.39096457,0.68209296,IDP-ESM2-8M,93,310,0.026177644729614258,0.24263334274291992,0.0014905322113659691,0.02367943525314331,0.01286229982598286
A0A2Z4HI38,3.0442774295806885,7.3843278884887695,0.6407171756642565,0.5174529552459717,0.5074633767314188,3.1517675,7.8574424,0.65162206,0.5073362,0.45694724,IDP-ESM2-8M,93,310,0.10749006271362305,0.4731144905090332,0.010904881296803115,0.010116755962371826,0.05051613947822975
A0A2Z4Q913,2.1502459049224854,4.378789901733398,0.4162290149393213,0.3759308755397796,0.7699699543583965,2.029221,4.240206,0.38272524,0.3439737,0.8683506,IDP-ESM2-8M,93,310,0.12102484703063965,0.13858413696289062,0.03350377613927247,0.03195717930793757,0.09838067067975043
A0A2Z6E9I5,2.319731950759888,5.522351264953613,0.5299537244349943,0.4051851630210876,0.5823514736343476,2.2828503,5.384963,0.5260364,0.41744685,0.5917465,IDP-ESM2-8M,93,310,0.03688168525695845,0.1373882293701172,0.003917342713497751,0.012261688709259089,0.009395035440817212
A0A345L4V0,2.696937799453736,6.949807167053223,0.6572730233412479,0.5058786273002625,0.4907672098782911,2.608818,6.571431,0.6542066,0.5158544,0.48243982,IDP-ESM2-8M,93,310,0.08811974525451705,0.3783760070800781,0.0030664493780826474,0.009975790977478027,0.008327393880213696
A0A345M6E7,2.606120586395264,6.809617519378662,0.6532757384826534,0.4931562840938568,0.4965874643095387,2.5938523,6.4659896,0.6306664,0.5021857,0.52467865,IDP-ESM2-8M,93,310,0.012268304824829546,0.3436279296875,0.022609363322436127,0.009029418230056763,0.028091183208619253
A0A346RNU7,3.3227643966674805,8.175378799438477,0.6503182953790471,0.5193268060684204,0.5187851243328505,3.5552506,8.789133,0.6494153,0.51184297,0.5077695,IDP-ESM2-8M,93,310,0.23248624801635742,0.6137542724609375,0.000902981181506779,0.007483839988708496,0.011015599281733568
A0A346TPN1,4.408052444458008,10.907059669494627,0.6506273635960257,0.5229142904281616,0.5183094987792928,4.1223774,10.13389,0.6399996,0.5012628,0.51024157,IDP-ESM2-8M,93,310,0.285675048828125,0.7731695175170881,0.010627735529009086,0.021651506423950195,0.008067930690761282
A0A346TQ06,3.217326164245605,8.23790168762207,0.6495941875294857,0.5112987756729126,0.5071637375637287,3.119532,7.9378643,0.6852995,0.5309528,0.4140963,IDP-ESM2-8M,93,310,0.09779405593872026,0.3000373840332031,0.035705328194696406,0.019654035568237305,0.09306744173014103
A0A385DYQ6,1.966551780700684,4.539400100708008,0.4863956058733037,0.3951714336872101,0.6418411259078547,1.7121896,3.9075634,0.48581284,0.39403272,0.6622072,IDP-ESM2-8M,93,310,0.2543622255325322,0.6318366527557373,0.0005827630273869677,0.0011387169361114502,0.020366060314221723
A0A385UFY3,2.3994150161743164,6.275096416473389,0.6631745958934495,0.5130667090415955,0.4829527925997378,2.284889,5.785886,0.6451703,0.5108084,0.48644423,IDP-ESM2-8M,93,310,0.11452603340148926,0.4892106056213379,0.01800432449681255,0.00225830078125,0.003491442248284682
A0A386QVQ8,2.734660387039185,6.101107120513916,0.4878709977594571,0.3813973367214203,0.6561646022380477,2.767455,6.5211887,0.5200785,0.40463096,0.59725684,IDP-ESM2-8M,93,310,0.03279471397399858,0.42008161544799805,0.03220748248422578,0.023233622312545776,0.058907762962687626
A0A3G1T4F7,3.258296489715576,6.167337417602539,0.2310427642400523,0.2841757237911224,1.616462166352992,4.0840545,9.004159,0.39872795,0.34607488,0.90351784,IDP-ESM2-8M,93,310,0.8257579803466797,2.8368215560913086,0.16768518919393818,0.06189915537834173,0.7129443240602062
A0A3G2JTZ9,3.233388900756836,8.25230598449707,0.6480873790630018,0.5095521211624146,0.4910970974253947,3.252065,8.1476145,0.66317284,0.515203,0.43929332,IDP-ESM2-8M,93,310,0.018676042556762695,0.1046915054321289,0.015085462009080675,0.005650877952575684,0.051803772478037524
A0A3G3M5R8,2.0614547729492188,4.553867340087891,0.4499045259041163,0.3544094860553741,0.7010494661642505,1.9801581,4.5132413,0.4763408,0.3808083,0.66520834,IDP-ESM2-8M,93,310,0.08129668235778809,0.04062604904174805,0.026436274619641653,0.0263988077640534,0.03584112647308835
A0A3G4S8X8,3.1464829444885254,7.753713607788086,0.6118280000556596,0.4950523376464844,0.5244472376899807,2.9459908,7.392148,0.64781266,0.50187194,0.45393217,IDP-ESM2-8M,93,310,0.20049214363098145,0.36156558990478516,0.035984664453159954,0.006819605827331543,0.07051507159043235
A0A3G4ZTT1,1.9531021118164065,4.016551017761231,0.2761185934638017,0.2841943800449371,1.1004211432548214,2.7834334,6.344112,0.47605497,0.40267703,0.7489027,IDP-ESM2-8M,93,310,0.8303313255310056,2.327560901641845,0.19993637298593586,0.11848264932632452,0.3515184647651364
A0A3G4ZXU7,4.654218673706055,11.763751983642578,0.6540346769797389,0.5049728155136108,0.5695889438662011,4.6336923,11.779323,0.7128279,0.55261844,0.42572707,IDP-ESM2-8M,93,310,0.020526409149169922,0.015570640563964844,0.05879324393395735,0.047645628452301025,0.1438618744883019
A0A3G5A3I8,1.6288326978683472,3.911943435668945,0.5385162037107016,0.4266685545444488,0.5339059868051762,1.5611874,3.7447844,0.53463537,0.41419742,0.54463637,IDP-ESM2-8M,93,310,0.06764531135559082,0.16715908050537065,0.003880838701393774,0.0124711394309997,0.010730381946349676
A0A3G5A3J2,3.186368703842163,7.91688346862793,0.6282266454315327,0.5006775856018066,0.5502917273074657,3.2585974,8.264221,0.65508664,0.51224977,0.48824272,IDP-ESM2-8M,93,310,0.07222867012023926,0.3473377227783203,0.0268599911117412,0.011572182178497314,0.06204901171031296
A0A3G5AHA4,1.6944257020950315,4.232326030731201,0.6134958172688473,0.4780369997024536,0.5324287627920643,1.6404555,4.0617127,0.6033511,0.4800847,0.5230391,IDP-ESM2-8M,93,310,0.05397021770477273,0.17061328887939453,0.010144701088427355,0.0020476877689361572,0.009389660237743014
A0A3G5AK89,2.089275598526001,5.272712230682373,0.662225819805352,0.5435607433319092,0.5139726945294923,1.8665497,4.850816,0.66861916,0.5342611,0.48073226,IDP-ESM2-8M,93,310,0.22272586822509766,0.42189645767211914,0.006393336078437062,0.009299635887145996,0.033240432394940345
A0A3G5Q4F5,1.5226686000823977,3.490796089172364,0.5356812364712318,0.4351945221424103,0.5875884618735578,1.7294424,4.0993176,0.536213,0.429332,0.58336735,IDP-ESM2-8M,93,310,0.2067737579345701,0.6085214614868155,0.0005317442759911195,0.005862534046173096,0.004221114156272687
A0A3Q8Q9R0,2.382720470428467,5.565806865692139,0.5304003378180376,0.4050022959709167,0.5985429552382495,2.3723774,5.5746593,0.5192938,0.4106626,0.62908345,IDP-ESM2-8M,93,310,0.010343074798583984,0.008852481842041016,0.011106552722822793,0.005660295486450251,0.030540499370667717
A0A3R5WKS6,3.475796937942505,6.998587608337402,0.327529153868032,0.3119975626468658,1.1714991142261717,3.5450494,7.871686,0.42428118,0.35813314,0.83056813,IDP-ESM2-8M,93,310,0.06925249099731445,0.8730983734130859,0.09675202603690575,0.04613557457923895,0.3409309794414732
A0A401IPA0,3.0342819690704346,7.858088493347168,0.6610119290582607,0.5111739635467529,0.4984099034686999,3.1255953,7.923027,0.66447663,0.5163909,0.46696848,IDP-ESM2-8M,93,310,0.09131336212158203,0.06493854522705078,0.003464704013638742,0.00521695613861084,0.03144142669639155
A0A410I670,3.478311061859131,7.134609699249268,0.3288050018337878,0.3083187639713287,1.163378104835931,3.5544884,7.897286,0.4255284,0.35900217,0.8296131,IDP-ESM2-8M,93,310,0.07617735862731934,0.7626762390136719,0.09672340526307499,0.05068340897560125,0.33376501527446867
A0A410S812,3.205979585647583,7.93245792388916,0.6396956373448753,0.4871696829795837,0.5245685472363526,3.2772303,8.197128,0.67366076,0.5266346,0.43543714,IDP-ESM2-8M,93,310,0.07125067710876465,0.26467037200927734,0.03396511781259537,0.03946489095687872,0.0891314043873841
A0A411HB56,3.111156702041626,8.04489517211914,0.6798142434149211,0.5326961874961853,0.483698905456363,3.0562425,7.705416,0.676734,0.5310627,0.45084172,IDP-ESM2-8M,93,310,0.054914236068725586,0.3394789695739746,0.003080272772831294,0.00163346529006958,0.032857180583773904
A0A481TD43,1.5093594789505005,3.771547794342041,0.5988172055763196,0.462121844291687,0.5121423949521163,1.589334,3.9589026,0.59981674,0.47446293,0.49801245,IDP-ESM2-8M,93,310,0.07997453212738037,0.18735480308532715,0.0009995339828540173,0.012341082096099854,0.014129941634474119
A0A481V8U6,3.613347053527832,8.910064697265625,0.6233454770084543,0.4738404750823974,0.5297260452897192,3.7150755,9.136215,0.63517696,0.49599072,0.48583117,IDP-ESM2-8M,93,310,0.10172843933105469,0.2261505126953125,0.011831479645140641,0.022150248289108332,0.04389487401553405
A0A481Z0P8,2.308867931365967,5.467979907989502,0.6609540366426158,0.5794170498847961,0.5504505061625644,2.3482885,5.9853234,0.69132435,0.5639186,0.4630407,IDP-ESM2-8M,93,310,0.03942060470581055,0.5173435211181641,0.030370316575462852,0.015498459339141846,0.08740979666701998
A0A481Z6X1,5.9017333984375,14.364033699035645,0.6235590933322076,0.4683912396430969,0.5603760197262019,4.9020014,11.856667,0.6470872,0.4973266,0.48133773,IDP-ESM2-8M,93,310,0.9997320175170898,2.5073671340942383,0.023528123045050697,0.028935372829437256,0.07903829361002146
A0A482JE07,1.87541139125824,4.148603916168213,0.3878611644865016,0.3481480479240417,0.8314970801389924,1.9245641,4.1777315,0.4245451,0.36154306,0.7804793,IDP-ESM2-8M,93,310,0.049152731895446555,0.02912759780883789,0.03668394478550158,0.013395011425018366,0.051017768195938173
A0A4D5XEU4,1.545340895652771,3.438317060470581,0.38480349901181,0.4000270068645477,0.7695534447533046,1.7171307,3.4246855,0.40646416,0.36742494,0.84426326,IDP-ESM2-8M,93,310,0.1717897653579712,0.013631582260131836,0.021660660476867988,0.032602071762084905,0.07470981084285633
A0A4D5XFS9,5.300223350524902,13.23559856414795,0.6615023904789435,0.5317230224609375,0.5790803403520359,4.5837617,11.74721,0.7768878,0.6107708,0.40827882,IDP-ESM2-8M,93,310,0.7164616584777832,1.488389015197754,0.11538538398852471,0.0790477991104126,0.17080151745317118
A0A4D5XFZ8,2.8461170196533203,7.294411659240723,0.6537219918718151,0.5198452472686768,0.549476576333427,3.056623,7.4480634,0.6096683,0.5065958,0.6153817,IDP-ESM2-8M,93,310,0.21050596237182617,0.15365171432495117,0.044053677414875425,0.013249456882476807,0.06590514134845782
A0A4P1QFK2,1.5440804958343506,3.8368444442749023,0.5997612129952982,0.4710297286510467,0.5116576521559767,1.5528665,3.8057625,0.5903702,0.47269037,0.51605296,IDP-ESM2-8M,93,310,0.00878596305847168,0.0310819149017334,0.009391034772641915,0.0016606450080872137,0.00439530919351061
A0A4Y1NU38,2.108681917190552,5.383891105651856,0.6552031329004492,0.5205898880958557,0.4864360887710729,2.0315104,5.0659323,0.6161708,0.4877672,0.51209426,IDP-ESM2-8M,93,310,0.0771715641021733,0.31795883178711026,0.03903230932638302,0.03282269835472107,0.025658170491012045
A0A4Y5NGG5,1.488053798675537,3.569210767745972,0.5733947739540645,0.4659273624420166,0.5396113494323788,1.4629163,3.5740829,0.576807,0.45903736,0.527063,IDP-ESM2-8M,93,310,0.02513754367828369,0.004872083663939986,0.0034122481406620997,0.006889998912811279,0.012548337309270852
A0A4Y6EML4,1.6471744775772097,4.050157070159912,0.6108443575846848,0.5019797682762146,0.5432856390183561,1.7893083,4.563161,0.64704365,0.5078441,0.4537423,IDP-ESM2-8M,93,310,0.14213383197784402,0.5130038261413574,0.036199287797242685,0.005864322185516357,0.0895433435147398
A0A515J3G6,3.117716789245605,7.200139045715332,0.5008762452511145,0.3895580172538757,0.6422368703528318,3.2250586,7.5702925,0.5154267,0.4012704,0.6147427,IDP-ESM2-8M,93,310,0.10734176635742232,0.37015342712402344,0.01455045009571776,0.011712372303009089,0.027494174067584032
A0A5B8IIW6,1.917479395866394,5.0556511878967285,0.6623207656927411,0.5235470533370972,0.4884845146228058,1.9282151,4.8453083,0.64165145,0.5100058,0.48729417,IDP-ESM2-8M,93,310,0.010735750198364258,0.2103428840637207,0.020669314105064118,0.01354128122329712,0.0011903473426086442
A0A5C0PG83,1.4857935905456543,3.5393993854522705,0.5680808352993678,0.4534246921539306,0.5351266062828508,1.4262509,3.4669,0.5641091,0.448608,0.5323072,IDP-ESM2-8M,93,310,0.05954265594482422,0.07249927520751953,0.003971748309011369,0.004816681146621649,0.0028193986984696995
A0A5C0ZRE4,2.8044092655181885,6.816354751586914,0.5144153319640788,0.3894449174404144,0.6267162441386578,2.8348505,6.591396,0.50661844,0.4054523,0.64808303,IDP-ESM2-8M,93,310,0.0304412841796875,0.2249588966369629,0.007796891812864248,0.016007393598556574,0.021366787038862967
A0A5C0ZSQ4,2.68814754486084,6.258180618286133,0.4670037821722773,0.3669959604740143,0.7155613297768408,2.7272115,6.2783723,0.48960432,0.3931952,0.6708632,IDP-ESM2-8M,93,310,0.03906393051147461,0.020191669464111328,0.02260054193012445,0.026199251413345337,0.044698118621903093
A0A5C0ZTE6,2.791921377182007,6.571520805358887,0.5006899999490548,0.4019567966461181,0.6568653877083379,2.8221684,6.578188,0.5108463,0.40799865,0.6416373,IDP-ESM2-8M,93,310,0.030246973037719727,0.006667137145996094,0.010156316865367776,0.006041854619979914,0.015228062421472677
A0A5C0ZTP4,2.818032741546631,6.756260871887207,0.504431404473144,0.3768692314624786,0.6548996445190449,2.8104968,6.503231,0.4988529,0.40131593,0.6625356,IDP-ESM2-8M,93,310,0.0075359344482421875,0.25302982330322266,0.005578495861846444,0.024446696043014582,0.007635963295743897
A0A5C0ZTQ7,2.703681230545044,6.382188320159912,0.4822366511716982,0.3797498345375061,0.6812217606498217,2.8422787,6.586491,0.50108653,0.40137547,0.65722775,IDP-ESM2-8M,93,310,0.1385974884033203,0.20430278778076172,0.01884988189791237,0.021625638008117676,0.023994006056926143
A0A5J6VNB5,4.484430313110352,10.918362617492676,0.6127364937226248,0.4858478307723999,0.5449001940031335,3.8967266,9.432531,0.58801836,0.4658675,0.58431166,IDP-ESM2-8M,93,310,0.5877037048339844,1.4858312606811523,0.02471813596887118,0.01998034119606018,0.03941147010132817
A0A5K0U8Q2,3.3283960819244385,7.48097038269043,0.2973982524726141,0.3133182227611542,1.3511336541985206,4.315615,10.067599,0.5090906,0.40841222,0.71046996,IDP-ESM2-8M,93,310,0.9872190952301025,2.5866289138793945,0.2116923499253046,0.0950939953327179,0.6406636930321388
A0A5K0UBH9,4.41580057144165,10.8336820602417,0.6033854417359976,0.4876871407032013,0.5956970284262433,4.0910087,10.1593075,0.62970746,0.4880718,0.5178349,IDP-ESM2-8M,93,310,0.32479190826416016,0.6743745803833008,0.026322013899073182,0.0003846585750579834,0.0778621266165509
A0A5P9UM97,2.065516948699951,5.137476921081543,0.5833253924386199,0.436070442199707,0.5448611787909484,1.917262,4.4856577,0.5197918,0.4226727,0.65173286,IDP-ESM2-8M,93,310,0.14825499057769775,0.6518192291259766,0.06353361053630668,0.013397753238677923,0.1068716832047486
A0A646QWB4,1.9488755464553835,4.932109832763672,0.6355374472555494,0.4985212385654449,0.4907935967422912,1.8658732,4.5718384,0.58242106,0.46415442,0.5607509,IDP-ESM2-8M,93,310,0.08300232887268089,0.3602714538574219,0.05311638287871834,0.03436681628227228,0.06995730495677493
A0A646QWN2,1.7561979293823242,4.680685997009277,0.6547537543648454,0.5016769170761108,0.4840261979142593,1.9106052,4.89565,0.6513703,0.51226395,0.46665198,IDP-ESM2-8M,93,310,0.15440726280212402,0.2149639129638672,0.003383467423317077,0.010587036609649658,0.0173742218057083
A0A649VCB5,1.489443063735962,3.4602081775665283,0.4791856208831008,0.3966796994209289,0.6660032636183943,1.4421647,3.382707,0.53363365,0.4386795,0.60166353,IDP-ESM2-8M,93,310,0.047278404235839844,0.07750105857849121,0.05444802846611185,0.04199978709220892,0.06433973374550006
A0A6B9LZ63,1.531480312347412,3.6910247802734375,0.5768459392952645,0.4677620828151703,0.538924811597111,1.5389678,3.7528167,0.5828921,0.46471083,0.53038734,IDP-ESM2-8M,93,310,0.00748753547668457,0.06179189682006836,0.0060461805892264575,0.003051251173019409,0.00853746962094526
A0A6C0RTL1,1.9406390190124512,4.92101001739502,0.6644913384345152,0.5365849137306213,0.491906412353955,1.7721691,4.7275825,0.67450094,0.5301132,0.43793792,IDP-ESM2-8M,93,310,0.16846990585327148,0.19342756271362394,0.010009603795709365,0.006471693515777588,0.0539684970287902
A0A6F9F3M6,1.7083008289337158,4.1363677978515625,0.5576078512723884,0.432770311832428,0.546211847698499,1.8497943,4.4299374,0.54588586,0.42987046,0.5573037,IDP-ESM2-8M,93,310,0.14149343967437744,0.29356956481933594,0.01172199035243604,0.002899855375289917,0.011091878974627267
A0A6G7AB66,2.324307441711426,5.5086517333984375,0.4961955633034676,0.3767195641994476,0.6282475404508202,2.4968443,5.8948774,0.52725154,0.40825078,0.589871,IDP-ESM2-8M,93,310,0.17253684997558594,0.38622570037841797,0.03105597831106488,0.03153121471405035,0.038376551128157854
A0A6G7AB88,2.5048677921295166,5.772026538848877,0.4918560589762943,0.3944780826568603,0.6388969106982498,2.6245322,6.1874456,0.5243566,0.40557975,0.5961108,IDP-ESM2-8M,93,310,0.11966443061828613,0.4154191017150879,0.032500544646142215,0.011101663112640436,0.04278608992798616
A0A6G8MYF8,3.109171867370605,6.8888936042785645,0.4605919818735983,0.3835797905921936,0.7155786473468506,3.2843292,7.5233917,0.4762405,0.37656665,0.6711769,IDP-ESM2-8M,93,310,0.17515730857849166,0.634498119354248,0.015648504033002664,0.007013142108917236,0.04440173694645999
A0A6H0YEW0,1.4530494213104248,3.4959332942962646,0.5659099838319519,0.4593116044998169,0.536463108539515,1.4045328,3.37399,0.55999947,0.45119548,0.5490948,IDP-ESM2-8M,93,310,0.04851663112640381,0.12194323539733887,0.005910517889569089,0.00811612606048584,0.012631687641210143
A0A6J5KPB0,1.940262794494629,4.997756004333496,0.635347432533523,0.5010284185409546,0.5059515879379463,1.8316897,4.507989,0.5953864,0.47790202,0.53994507,IDP-ESM2-8M,93,310,0.1085730791091919,0.48976707458496094,0.03996104661585942,0.02312639355659485,0.03399347803724295
A0A6J5KRS4,1.841600060462952,4.71331787109375,0.6411823746501298,0.5143892765045166,0.4789484365746742,1.7547568,4.427266,0.61632603,0.48521388,0.49255273,IDP-ESM2-8M,93,310,0.08684325218200728,0.28605175018310547,0.02485634058106856,0.029175400733947754,0.013604290886187032
A0A6J5KVQ0,2.048476219177246,5.10019063949585,0.6315246384900698,0.507749080657959,0.498998861871596,2.0703855,5.177398,0.61470973,0.4827825,0.5131062,IDP-ESM2-8M,93,310,0.021909236907958984,0.07720756530761719,0.016814903573382778,0.024966567754745483,0.014107365049485565
A0A6J5L216,1.6491427421569824,4.148125648498535,0.6250542587252779,0.497600108385086,0.5238787492864336,1.7665718,4.521393,0.6306607,0.49093157,0.45733094,IDP-ESM2-8M,93,310,0.11742901802062988,0.37326717376708984,0.005606453993685756,0.00666853785514826,0.06654780713250297
A0A6J5L2N6,2.3885140419006348,5.283689022064209,0.4652319396106885,0.3669088780879974,0.705653872243753,2.3168118,5.3344545,0.4852373,0.38957834,0.66428113,IDP-ESM2-8M,93,310,0.07170224189758301,0.0507655143737793,0.020005360785277093,0.02266946434974676,0.041372742406716845
A0A6J5L2W6,2.7410271167755127,6.884716987609863,0.648243484136246,0.5112985372543335,0.5146690957538637,3.3367608,8.19758,0.7056414,0.562027,0.4101142,IDP-ESM2-8M,93,310,0.595733642578125,1.3128633499145508,0.057397904756881446,0.050728440284729004,0.1045548968307527
A0A6J5L549,2.5194334983825684,6.607528209686279,0.7087084739686093,0.5727629065513611,0.4739008834361188,2.7992373,6.953667,0.714009,0.5808236,0.43838614,IDP-ESM2-8M,93,310,0.2798037528991699,0.34613895416259766,0.0053005129813114005,0.008060693740844727,0.03551474118224307
A0A6J5L8Y0,1.7133444547653198,4.003317356109619,0.5161254590211748,0.4125443398952484,0.5848645612650725,1.7191789,3.9672272,0.49252108,0.39338845,0.6365559,IDP-ESM2-8M,93,310,0.005834460258483887,0.03609013557434082,0.02360438162668932,0.019155889749526978,0.051691348845401164
A0A6J5LE62,1.9103301763534544,4.991016864776611,0.6278430242682339,0.475281149148941,0.5004230229907931,1.9837439,4.972876,0.6002302,0.47035685,0.5202972,IDP-ESM2-8M,93,310,0.0734137296676638,0.018140792846679688,0.027612807288253438,0.004924297332763616,0.019874206299215436
A0A6J5LH85,2.0374104976654053,5.074304580688477,0.6139548801280195,0.4775563180446625,0.5233787845221934,2.0165467,5.0758343,0.60816157,0.47215188,0.4856458,IDP-ESM2-8M,93,310,0.020863771438598633,0.001529693603515625,0.005793311486356867,0.005404442548751831,0.037732983693259725
A0A6J5LWJ3,2.128741502761841,5.335798263549805,0.6250663478941537,0.4979139566421509,0.5217617868710505,1.9620616,4.7734203,0.56726766,0.4520888,0.575549,IDP-ESM2-8M,93,310,0.16667985916137695,0.5623779296875,0.05779869156785977,0.04582515358924866,0.05378721959104671
A0A6J5LYG1,2.3131866455078125,5.926712512969971,0.6098650547512311,0.4626297056674957,0.5238549737141168,2.2713494,5.6551213,0.5973005,0.46691084,0.52509195,IDP-ESM2-8M,93,310,0.041837215423583984,0.2715911865234375,0.012564525271250626,0.004281133413314819,0.0012369724109136948
A0A6J5M0M6,1.7717705965042114,4.504781246185303,0.6271893587424907,0.4977670311927795,0.488440116744676,1.7430699,4.3717356,0.600631,0.47414103,0.51319456,IDP-ESM2-8M,93,310,0.028700709342956543,0.13304567337036133,0.026558360131040515,0.023625999689102117,0.02475444425996265
A0A6J5M1A9,1.84265685081482,4.538144111633301,0.6127705506787194,0.4674545228481293,0.51226935419039,1.6787131,4.148362,0.5905376,0.47172222,0.53736717,IDP-ESM2-8M,93,310,0.1639437675476081,0.3897819519042969,0.022232943008889117,0.004267692565917969,0.025097810898263573
A0A6J5M383,1.5285961627960205,3.78413462638855,0.6077885099965489,0.4805246591567993,0.5070767163617835,1.4405824,3.5686755,0.593008,0.4660876,0.501965,IDP-ESM2-8M,93,310,0.08801376819610596,0.21545910835266113,0.014780528219357714,0.014437049627304077,0.005111730037473228
A0A6J5M440,1.5276983976364136,3.39880919456482,0.2913856917253634,0.3303119540214538,0.990110617048704,1.0761682,1.6238742,0.3276285,0.33916563,1.0064758,IDP-ESM2-8M,93,310,0.45153021812438965,1.7749350070953374,0.03624280158365761,0.008853673934936579,0.016365189187563134
A0A6J5M597,2.643709659576416,5.997252941131592,0.4318120742886074,0.3301052749156952,0.698448324163709,2.3289886,5.3575296,0.4840206,0.37762576,0.61106914,IDP-ESM2-8M,93,310,0.31472110748291016,0.6397233009338379,0.05220851649355812,0.04752048850059509,0.08737918134525802
A0A6J5M692,1.822493076324463,4.669379711151123,0.6390697700093021,0.4939144849777221,0.4863950839330118,1.901828,4.884885,0.6306046,0.49753812,0.4885346,IDP-ESM2-8M,93,310,0.07933497428894043,0.21550512313842773,0.008465145261072116,0.003623634576797541,0.002139515609606013
A0A6J5MAS8,2.1650893688201904,5.263805389404297,0.6158747393641191,0.4940444231033325,0.5384956622425232,2.1411161,5.31734,0.6126288,0.48521245,0.5284274,IDP-ESM2-8M,93,310,0.02397322654724121,0.053534507751464844,0.0032459218058304984,0.008831977844238281,0.010068240195861833
A0A6J5MC63,2.8016586303710938,6.961949348449707,0.6031288759295002,0.466383695602417,0.5278455168192582,2.7712898,6.802473,0.5986789,0.46735287,0.5198317,IDP-ESM2-8M,93,310,0.030368804931640625,0.15947628021240234,0.004449989039088775,0.0009691715240478516,0.008013799804945432
A0A6J5MCB3,1.8703848123550413,4.5616655349731445,0.6154428403147328,0.4941737353801727,0.553393290145209,1.8550085,4.661305,0.6406765,0.513578,0.5014013,IDP-ESM2-8M,93,310,0.015376329421996848,0.0996394157409668,0.025233658098353096,0.019404262304306086,0.05199198494653956
A0A6J5MEY7,1.8915536403656008,4.902362823486328,0.6421824886603738,0.5013214349746704,0.491231142549303,1.7449274,4.292721,0.5960454,0.47995412,0.5545907,IDP-ESM2-8M,93,310,0.14662623405456565,0.6096420288085938,0.04613711379007346,0.021367311477661133,0.06335955950758176
A0A6J5MKW9,2.030050039291382,5.019076347351074,0.6103785776773494,0.4662524461746216,0.5356390128241294,1.8341718,4.416196,0.5645671,0.45479208,0.58119,IDP-ESM2-8M,93,310,0.195878267288208,0.6028804779052734,0.04581148859653883,0.011460363864898682,0.045550977219510735
A0A6J5MMF3,2.902116775512696,7.015099048614502,0.5996799283274696,0.4610233306884765,0.5500109801533026,2.9880166,7.3957453,0.615209,0.4791536,0.51079845,IDP-ESM2-8M,93,310,0.08589982986450106,0.3806462287902832,0.015529055093856048,0.018130272626876887,0.03921252586863466
A0A6J5MV94,2.015759229660034,5.115356922149658,0.6570144500192278,0.5194626450538635,0.4945914656703048,1.993436,5.064367,0.6388625,0.505618,0.48954636,IDP-ESM2-8M,93,310,0.022323250770568848,0.05099010467529297,0.01815195936523606,0.013844668865203857,0.0050451070849471535
A0A6J5N0T2,1.5212795734405518,3.808112859725952,0.6044258722958645,0.4800914525985718,0.5084191952789022,1.5553977,3.748605,0.5568302,0.4442213,0.5584862,IDP-ESM2-8M,93,310,0.0341181755065918,0.05950784683227539,0.04759564492083401,0.03587016463279724,0.05006702794192297
A0A6J5NF31,2.119502782821656,5.466895580291748,0.6200844703845975,0.4755373299121856,0.5128135252089381,2.0396743,5.0279,0.5763911,0.45164928,0.54769474,IDP-ESM2-8M,93,310,0.07982850074768155,0.438995361328125,0.04369336950111358,0.023888051509857122,0.034881217470657866
A0A6J5P529,2.162848949432373,5.6091718673706055,0.691572898064149,0.5486497282981873,0.4898559805596602,2.2674007,5.43453,0.66983974,0.566628,0.5067745,IDP-ESM2-8M,93,310,0.10455179214477539,0.17464208602905273,0.0217331582646495,0.017978250980377197,0.016918504551576397
A0A6J5PE78,1.9875787496566768,5.034602165222168,0.6338978360730717,0.5016485452651978,0.4957889682477281,1.890076,4.8241067,0.62194043,0.48115152,0.47759092,IDP-ESM2-8M,93,310,0.09750270843505815,0.2104954719543457,0.011957402094037284,0.020497024059295654,0.018198049706773523
A0A6J5PLB7,2.020073175430298,5.047544956207275,0.6143111537242621,0.476663589477539,0.5344777803761304,2.0331917,4.9891496,0.56607926,0.44696125,0.5964457,IDP-ESM2-8M,93,310,0.013118505477905273,0.0583953857421875,0.04823189480549994,0.02970233559608454,0.061967899288481454
A0A6J5PPF9,1.7061916589736938,4.279221057891846,0.6547860485859764,0.5330156683921814,0.4899557079776512,1.8007457,4.584428,0.6604056,0.5294801,0.42887703,IDP-ESM2-8M,93,310,0.09455406665802002,0.3052067756652832,0.0056195276431190155,0.0035355687141418457,0.061078682134984574
A0A6J5PZI4,1.6224883794784546,3.997868061065674,0.6030021251897356,0.4779668152332306,0.5340823026706396,1.39969,3.2166247,0.54734695,0.4628654,0.6082977,IDP-ESM2-8M,93,310,0.22279834747314453,0.7812433242797852,0.05565517561240407,0.015101402997970581,0.07421540297968998
A0A6J5SKE0,2.8966424465179443,7.138761043548584,0.6119392833104131,0.4701460003852844,0.5387540573442203,2.6662,6.595349,0.6117372,0.47808057,0.5047007,IDP-ESM2-8M,93,310,0.23044252395629883,0.5434122085571289,0.0002020916333196343,0.0079345703125,0.034053337034009146
A0A6J5SLP1,2.0461244583129883,4.970026969909668,0.6218597098562564,0.5136079788208008,0.5282991370210679,1.8700502,4.6223903,0.5968979,0.4803008,0.55467874,IDP-ESM2-8M,93,310,0.17607426643371582,0.34763669967651367,0.024961809751733677,0.033307164907455444,0.026379601096150118
A0A6J7W7Z1,1.6932185888290403,4.09584379196167,0.5726955954085333,0.4482506811618805,0.5527525881049505,1.5804029,3.800143,0.5609632,0.45341247,0.5722272,IDP-ESM2-8M,93,310,0.11281573772430398,0.2957007884979248,0.011732381964777217,0.005161792039871216,0.019474591899169336
A0A6J7WAM5,2.019427299499512,5.049814224243164,0.6014484866892835,0.4771013557910919,0.538404319072899,1.8750753,4.602523,0.5773509,0.45719236,0.55346066,IDP-ESM2-8M,93,310,0.14435195922851607,0.44729137420654297,0.02409757221098152,0.019908994436264038,0.01505633852368915
A0A6J7WD77,1.9971611499786377,4.934780597686768,0.5901598982433598,0.4573147296905517,0.5507199982628057,2.1117933,5.2557745,0.5879345,0.4575358,0.5282351,IDP-ESM2-8M,93,310,0.11463212966918945,0.32099390029907227,0.0022254042248051054,0.00022107362747197934,0.02248492040483452
A0A6J7WRV8,1.9616855382919312,4.895794868469238,0.6283178327646388,0.4944463968276977,0.5054861465005982,1.9725695,4.966591,0.61997724,0.48883227,0.49661112,IDP-ESM2-8M,93,310,0.010883927345275879,0.07079601287841797,0.008340596970571434,0.0056141316890716,0.008875028183947808
A0A6J7WTJ4,1.7079490423202517,4.325766563415527,0.6287895850929492,0.4943699538707733,0.504946151151628,1.7404063,4.400702,0.61074156,0.4790631,0.50282204,IDP-ESM2-8M,93,310,0.03245723247528054,0.0749354362487793,0.018048029402183863,0.015306860208511353,0.002124109640092353
A0A6J7WZ48,3.788250684738159,9.425588607788086,0.6375199120893881,0.498330682516098,0.5364660153564856,3.7608092,9.441692,0.66172415,0.51438636,0.4901836,IDP-ESM2-8M,93,310,0.02744150161743164,0.016103744506835938,0.024204238091428576,0.016055673360824585,0.04628242351383427
A0A6J7WZH5,1.966899275779724,4.836903095245361,0.6237053169456142,0.4940366446971893,0.5223177910688358,1.9213262,4.921588,0.6364362,0.49942008,0.4788162,IDP-ESM2-8M,93,310,0.045573115348815696,0.08468484878540039,0.012730907038150496,0.005383431911468561,0.04350157984523351
A0A6J7X3M2,1.7714638710021973,4.478275299072266,0.6250413474301046,0.4981969594955444,0.508437284613557,1.7492259,4.366844,0.6124978,0.4857776,0.5174175,IDP-ESM2-8M,93,310,0.02223801612854004,0.11143112182617188,0.012543540881032378,0.012419372797012274,0.00898020586877335
A0A6J7X4W8,2.1873183250427246,5.613360404968262,0.6508275771580236,0.5190792679786682,0.4893629363103153,2.0418327,5.244995,0.6454203,0.5077148,0.47769088,IDP-ESM2-8M,93,310,0.14548563957214355,0.3683652877807617,0.005407264276553914,0.011364459991455078,0.01167206078007238
A0A6J7XE11,2.942026376724243,7.165003776550293,0.5908499771444945,0.4390562176704407,0.5539566671291283,2.7539268,6.7714562,0.59856486,0.46782723,0.52935606,IDP-ESM2-8M,93,310,0.18809962272644043,0.39354753494262695,0.0077148860604615566,0.028771013021469116,0.024600604716866314
A0A6M2ZHS1,2.128337144851685,5.256349563598633,0.6073585253787999,0.4875721633434295,0.5208188538842814,1.9666076,4.9048915,0.6122628,0.48319468,0.50114316,IDP-ESM2-8M,93,310,0.16172957420349166,0.3514580726623535,0.004904260055923038,0.004377484321594183,0.01967569640213418
A0A6M3TA11,1.4948583841323853,3.699122905731201,0.5815959889869131,0.4546993374824524,0.5303457064431648,1.5766677,3.904855,0.58777434,0.46648988,0.5148542,IDP-ESM2-8M,93,310,0.08180928230285645,0.20573210716247559,0.006178347351130098,0.011790543794631958,0.015491513709400162
A0A6S4P8D4,2.9929144382476807,7.407697200775146,0.5943412471390286,0.4433763921260834,0.545024552587769,3.1413307,7.7395163,0.6093907,0.47320375,0.5185744,IDP-ESM2-8M,93,310,0.14841628074645996,0.3318190574646005,0.015049428882547344,0.029827356338500977,0.026450135950348397
A0A6S4P9N8,2.0385830402374268,5.153059005737305,0.6359434889647566,0.4999077916145324,0.4904776380081284,1.9600971,4.840788,0.5946798,0.47323903,0.53681624,IDP-ESM2-8M,93,310,0.07848596572875977,0.3122711181640625,0.04126371611090529,0.026668757200241033,0.04633860134886625
A0A6S4PA87,3.1965973377227783,8.497895240783691,0.6476650008895227,0.4855209290981293,0.4872370823331978,3.1261458,7.7758656,0.63356125,0.49723795,0.5187036,IDP-ESM2-8M,93,310,0.07045149803161621,0.7220296859741211,0.014103747341854267,0.011717021465301514,0.031466497569451135
A0A6S4PGH2,2.025459051132202,5.075601100921631,0.6537960402589499,0.5327250957489014,0.5010359359080803,1.9277043,4.8131776,0.6181078,0.49790752,0.52767134,IDP-ESM2-8M,93,310,0.09775471687316895,0.2624235153198242,0.03568824454361785,0.03481757640838623,0.02663540121960528
A0A7D3USN0,4.542440891265869,10.77010726928711,0.6390184040106387,0.5048065781593323,0.5604886379774676,4.2261844,10.505663,0.6572201,0.5155487,0.48096174,IDP-ESM2-8M,93,310,0.3162565231323242,0.26444435119628906,0.01820172118772556,0.010742127895355225,0.07952689796053036
A0A7D5FH32,3.048115491867065,7.244829177856445,0.5283545225199422,0.4075994491577148,0.5874348983490154,3.0200007,7.103913,0.5179585,0.40374917,0.61033934,IDP-ESM2-8M,93,310,0.02811479568481401,0.1409163475036621,0.01039600067698565,0.0038502812385558527,0.022904445198805634
A0A7I6MYG1,1.7122671604156494,3.868784904479981,0.4678834573078638,0.3887883126735687,0.6579925296126948,1.7602856,4.1347666,0.5224433,0.41405997,0.5907324,IDP-ESM2-8M,93,310,0.048018455505371094,0.2659816741943355,0.05455983721728269,0.02527165412902832,0.06726013396373853
A0A7M1CLG8,2.535005569458008,6.690586090087891,0.639170294676622,0.4826786816120147,0.5175234475940067,2.4495082,6.0139923,0.59237725,0.4871409,0.6004401,IDP-ESM2-8M,93,310,0.08549737930297852,0.6765937805175781,0.04679304925044403,0.0044622123241425116,0.08291663734022792
A0A7M1RZ47,1.7416952848434448,4.505906581878662,0.6486272595017147,0.5162646770477295,0.4779409049832805,1.9190893,4.922901,0.6523965,0.51522386,0.46220773,IDP-ESM2-8M,93,310,0.17739403247833252,0.416994571685791,0.003769240608911484,0.001040816307067871,0.015733170398472163
A0A7S5RCY4,1.7682477235794067,4.191977024078369,0.4857089012317013,0.378863513469696,0.6379036389294076,1.6875048,3.9268253,0.505778,0.40581822,0.6157321,IDP-ESM2-8M,93,310,0.08074295520782471,0.2651517391204834,0.020069113428180296,0.02695471048355108,0.02217156514553309
A0A7S5UT98,1.778666853904724,4.239955902099609,0.4824962892444299,0.382173627614975,0.6478458862988754,1.6249909,3.7447388,0.49342546,0.39767563,0.63369316,IDP-ESM2-8M,93,310,0.15367591381072976,0.49521708488464355,0.010929169425232588,0.015502005815505981,0.01415272767231901
A0A7S9SUD3,3.282820463180542,8.40090274810791,0.6417579082453827,0.4831784963607788,0.5042510513203461,2.87504,7.2119966,0.61435765,0.47949,0.5214346,IDP-ESM2-8M,93,310,0.40778040885925293,1.188906192779541,0.027400257965383923,0.0036884844303131104,0.01718355380126646
A0A7S9XGD0,2.4575083255767822,6.167535305023193,0.6878485547044775,0.5608773231506348,0.4925327182061075,2.8217304,6.752389,0.67937976,0.5624647,0.4982621,IDP-ESM2-8M,93,310,0.36422204971313477,0.5848536491394043,0.008468793485452819,0.0015873908996582031,0.005729389166176435
A0A7U3WA13,3.312040328979492,7.860169887542725,0.5386499819588466,0.4126134216785431,0.6012330171587885,4.328379,10.273329,0.5512898,0.4272361,0.6011775,IDP-ESM2-8M,93,310,1.01633882522583,2.413158893585205,0.01263981487037702,0.014622688293457031,5.550355939276663e-05
A0A811BMM7,3.1070127487182617,7.55966854095459,0.6453828603877835,0.5360123515129089,0.5181866079777447,3.0076094,7.3500147,0.5925216,0.47249323,0.5709918,IDP-ESM2-8M,93,310,0.09940338134765625,0.2096538543701172,0.0528612525119595,0.06351912021636963,0.05280520615876039
A0A858MR12,1.8592047691345213,4.1498308181762695,0.4055345373732325,0.3374395072460174,0.7696999491571298,1.6586537,3.5997179,0.4353468,0.36653638,0.7606312,IDP-ESM2-8M,93,310,0.2005510330200193,0.5501129627227783,0.029812274636578928,0.029096871614456232,0.009068745505701581
A0A8A4VK22,1.9432090520858765,4.907573223114014,0.6300450998790222,0.4998845756053924,0.5229752236147497,1.9928544,4.9953327,0.6371079,0.50933355,0.5032108,IDP-ESM2-8M,93,310,0.049645304679870605,0.08775949478149414,0.007062808846716284,0.009448975324630793,0.019764440609988942
A0A8D9CCF9,1.8936651945114136,4.854350090026856,0.6734784878268495,0.5423930287361145,0.4864349329024752,1.7646182,4.5692625,0.65821654,0.5230853,0.46721372,IDP-ESM2-8M,93,310,0.12904703617095947,0.28508758544921964,0.01526195178177503,0.019307732582092285,0.019221212819238498
A0A8E5KAT9,2.132596969604492,5.142199516296387,0.6116969585626366,0.5118205547332764,0.5437685064394361,1.9950709,4.876345,0.5961532,0.47569174,0.5465572,IDP-ESM2-8M,93,310,0.1375260353088379,0.2658543586730957,0.015543758889937642,0.03612881898880005,0.0027886815946215338
A0A8F2E6U0,1.5949078798294067,2.895049333572388,0.3681295103062038,0.352189153432846,0.8427707730350098,1.8589001,4.1352067,0.49438217,0.41877717,0.6827899,IDP-ESM2-8M,93,310,0.26399219036102295,1.2401573657989498,0.1262526625167485,0.06658801436424261,0.15998085127445072
A0A8S5LF95,1.9319517612457275,4.757199287414551,0.6006585263798637,0.4741803705692291,0.5301617069577876,1.8878791,4.595763,0.5689377,0.45411348,0.566696,IDP-ESM2-8M,93,310,0.044072628021240234,0.1614360809326172,0.03172080751160811,0.020066887140274048,0.036534281220465536
A0A8S5LN82,1.4528896808624268,3.595461368560791,0.5720364307924491,0.4510329961776733,0.5176236187460806,1.419337,3.4636724,0.5676269,0.44966048,0.5253892,IDP-ESM2-8M,93,310,0.03355264663696289,0.131788969039917,0.004409537272093922,0.0013725161552428644,0.007765575742444741
A0A8S5M1Q5,1.6224850416183472,3.9980335235595694,0.6185162416432978,0.4928246438503265,0.5031121777226791,1.575018,3.900003,0.5836836,0.46836445,0.546226,IDP-ESM2-8M,93,310,0.04746699333190918,0.09803056716918856,0.03483263168083439,0.024460196495056097,0.043113846905006414
A0A8S5M989,1.5899041891098022,4.158450126647949,0.6685246426560615,0.527912974357605,0.4393451627506227,1.6379943,4.1904154,0.626229,0.49316537,0.46971846,IDP-ESM2-8M,93,310,0.04809010028839111,0.03196525573730469,0.042295654485437706,0.03474760055541992,0.03037329351768786
A0A8S5MGS1,1.929514765739441,4.970736026763916,0.6433950997240373,0.5064929127693176,0.4825211048540552,2.0383782,5.196636,0.62944347,0.48977095,0.47822273,IDP-ESM2-8M,93,310,0.1088634729385376,0.22590017318725586,0.013951633060676705,0.01672196388244629,0.0042983770784814634
A0A8S5N1K7,1.5410645008087158,3.71420693397522,0.5309891457663651,0.4290585219860077,0.5803345502127267,1.3871269,3.278635,0.5300725,0.4242459,0.58057356,IDP-ESM2-8M,93,310,0.15393757820129395,0.4355719089508061,0.0009166355239029755,0.0048126280307769775,0.00023900859464631719
A0A8S5N469,1.541072964668274,3.841866254806519,0.6019365020107631,0.4722701013088226,0.5189418504299111,1.5071164,3.687206,0.58376634,0.46670157,0.5235958,IDP-ESM2-8M,93,310,0.03395652770996094,0.15466022491455123,0.018170160801351476,0.005568534135818426,0.004653959506612293
A0A8S5NE69,2.0179810523986816,5.021127700805664,0.6155796345238598,0.4783177673816681,0.5235021762300544,1.8825902,4.74226,0.60957706,0.47755164,0.502879,IDP-ESM2-8M,93,310,0.13539087772369385,0.2788677215576172,0.006002574778071201,0.0007661283016204834,0.020623152678113432
A0A8S5NNF7,2.0234720706939697,5.172054290771484,0.6787651558094923,0.567383885383606,0.4918094162756223,2.2052364,5.717386,0.7065197,0.5588361,0.40833312,IDP-ESM2-8M,93,310,0.1817643642425537,0.5453314781188965,0.027754567129045338,0.008547782897949219,0.08347629354536718
A0A8S5NWD3,1.4823206663131714,3.654681921005249,0.5732833523114604,0.4508731365203857,0.5267795552273132,1.4420173,3.554954,0.5746929,0.4577231,0.5274507,IDP-ESM2-8M,93,310,0.04030334949493408,0.09972786903381348,0.0014095526377277956,0.00684997439384466,0.0006711255054138165
A0A8S5NWX7,1.534160614013672,3.913499116897583,0.6066140439826901,0.4712214171886444,0.4992151739386935,1.5499287,3.8963041,0.6024586,0.47111914,0.49575442,IDP-ESM2-8M,93,310,0.015768051147460715,0.01719498634338379,0.0041554477531369205,0.00010228157043457031,0.0034607531813998227
A0A8S5PA77,1.6550630331039429,3.957556962966919,0.5678249000940907,0.4659899175167084,0.5766882617862826,1.6838373,4.055594,0.5700185,0.457219,0.5640992,IDP-ESM2-8M,93,310,0.028774261474609375,0.0980370044708252,0.002193570193232297,0.008770912885665894,0.0125890691669589
A0A8S5PGG1,2.048213243484497,5.278601169586182,0.6774781605961858,0.554512083530426,0.4816393286116127,2.3248725,5.900399,0.66895556,0.5254139,0.45825225,IDP-ESM2-8M,93,310,0.2766592502593994,0.621798038482666,0.008522596097284452,0.029098212718963623,0.023387077463388806
A0A8S5PHX0,2.0361557006835938,5.030857086181641,0.6446665694565727,0.536162257194519,0.5162781651658338,2.0043433,4.9359355,0.6123066,0.4931032,0.5393286,IDP-ESM2-8M,93,310,0.031812429428100586,0.09492158889770508,0.032359974607939934,0.04305905103683472,0.02305040996844354
A0A8S5PIQ8,2.429856777191162,6.147756576538086,0.6224030456637739,0.4771081805229187,0.5234640337150761,2.4806917,6.324746,0.63280153,0.4936454,0.47934255,IDP-ESM2-8M,93,310,0.05083489418029785,0.17698955535888672,0.010398487081587415,0.016537219285964966,0.04412148367578472
A0A8S5Q7R0,1.6117476224899292,4.156447887420654,0.6177209785183562,0.4685973227024078,0.4905861492317358,1.6943872,4.233772,0.6054032,0.47646675,0.48487642,IDP-ESM2-8M,93,310,0.08263957500457764,0.07732391357421875,0.012317793627609097,0.007869422435760554,0.0057097251575628505
A0A8S5RD61,1.59621262550354,3.990708351135254,0.607982873524127,0.4820874035358429,0.5178085166476503,1.6684628,4.089076,0.58381134,0.45769894,0.5201582,IDP-ESM2-8M,93,310,0.0722501277923584,0.09836769104003906,0.024171530807910013,0.02438846230506897,0.0023496550060972954
A0A8S5RFF7,1.91406512260437,4.918657779693604,0.6790284803261569,0.5510339140892029,0.474279257771688,2.2867987,5.829998,0.64416265,0.506116,0.4872121,IDP-ESM2-8M,93,310,0.37273359298706077,0.9113402366638175,0.03486582544944794,0.044917941093444824,0.01293283391265343
A0A8S5RGG2,1.6821813583374023,4.223555088043213,0.6401839424508474,0.5148881673812866,0.5131552744329346,1.7574911,4.3454905,0.5992097,0.49116927,0.5497099,IDP-ESM2-8M,93,310,0.07530975341796875,0.12193536758422852,0.040974216594066415,0.02371889352798462,0.0365546416818725
A0A8S5S9N0,1.6078425645828247,4.041693210601807,0.6339818402232169,0.5019444823265076,0.4875560726805244,1.8346393,4.640316,0.6350752,0.51689285,0.5058563,IDP-ESM2-8M,93,310,0.22679674625396729,0.5986227989196777,0.0010933713017464708,0.014948368072509766,0.018300202877947258
A0A8S5SDG1,1.549340844154358,3.758479595184326,0.5703583902031886,0.460305392742157,0.5547198632192077,1.6983204,4.121913,0.57541776,0.45631438,0.5263378,IDP-ESM2-8M,93,310,0.1489795446395874,0.3634333610534668,0.005059366831113188,0.0039910078048706055,0.02838206080908201
A0A8S5SII4,2.2042181491851807,5.491868495941162,0.5918405133103211,0.4309579730033874,0.5540945159096362,1.9680278,4.8190837,0.5912117,0.4690576,0.5382653,IDP-ESM2-8M,93,310,0.2361903190612793,0.6727848052978516,0.0006288367127258443,0.03809961676597601,0.01582922803350706
A0A8S5SVB6,1.7331936359405518,4.510082721710205,0.6396405662000701,0.4918795824050903,0.4877943328536107,1.768436,4.4040833,0.61062455,0.48902896,0.5197377,IDP-ESM2-8M,93,310,0.035242319107055664,0.10599946975708008,0.02901601442699886,0.002850621938705389,0.031943387635891274
A0A8S5TCW6,1.5691431760787964,3.7104883193969727,0.5663469228194942,0.4540293216705322,0.5582488320333352,1.5872514,3.8628116,0.5728889,0.45588008,0.5442915,IDP-ESM2-8M,93,310,0.018108248710632324,0.15232324600219727,0.00654198795092209,0.0018507540225982666,0.013957335756479727
A0A8S5TKF0,1.7594430446624756,4.475069522857666,0.6152758404567598,0.4843858480453491,0.5199260805982792,1.8286405,4.638091,0.6307886,0.49995685,0.4676707,IDP-ESM2-8M,93,310,0.06919741630554199,0.16302156448364258,0.015512783829891852,0.015570998191833496,0.05225537170354955
A0A8S5U5H8,1.673812985420227,4.280613899230957,0.6217652135293522,0.4904260635375976,0.5138379053059745,1.8849986,4.6340594,0.6047761,0.48068,0.5196457,IDP-ESM2-8M,93,310,0.21118557453155518,0.35344552993774414,0.016989129106287026,0.009746074676513616,0.005807785611994243
A0A8S5UDW9,1.531213879585266,3.656667470932007,0.5717585194806091,0.462588757276535,0.5361020676025509,1.4837343,3.6104994,0.5713957,0.4515055,0.52437663,IDP-ESM2-8M,93,310,0.04747962951660134,0.04616808891296387,0.0003628242711058993,0.01108324527740473,0.011725436819469803
A0A8S5UG11,3.555567741394043,8.643813133239746,0.6632112140261573,0.5919117331504822,0.5854584151242964,3.6223488,8.936054,0.66682374,0.58747935,0.68728745,IDP-ESM2-8M,93,310,0.06678104400634766,0.29224109649658203,0.0036125307477073987,0.004432380199432373,0.10182903471243454
A0A8S5UGG4,2.073775291442871,5.222021579742432,0.681108447111699,0.5889421105384827,0.4911635971211936,2.1194532,5.3973575,0.67223233,0.538212,0.47229892,IDP-ESM2-8M,93,310,0.045677900314331055,0.17533588409423828,0.008876117266270578,0.050730109214782715,0.018864676966622085
A0A8S5UXR4,1.5099437236785889,3.638897180557251,0.563634790464184,0.4566200673580169,0.5499431480625193,1.5051073,3.6246326,0.55981374,0.44523138,0.5527751,IDP-ESM2-8M,93,310,0.004836440086364746,0.014264583587646484,0.0038210525949212704,0.011388689279556219,0.002831936909862276
A0A8S5UYA7,1.524403691291809,3.680885076522827,0.552555807952073,0.4300805628299713,0.5522573094829637,1.4929917,3.634136,0.56367046,0.44826037,0.5352487,IDP-ESM2-8M,93,310,0.03141200542449951,0.046749114990234375,0.011114648457381304,0.01817980408668518,0.017008612678917068
A0A8S5V197,1.9999170303344729,4.977944850921631,0.639076720715706,0.5152786374092102,0.5162446494088747,1.9382257,4.8220177,0.6267177,0.5121788,0.5213602,IDP-ESM2-8M,93,310,0.06169128417968772,0.15592718124389648,0.012359034062568774,0.0030998587608337402,0.00511556911605815
A0A8S5V2I6,1.4968163967132568,3.617697715759277,0.5650945206969153,0.4445023834705353,0.5437121560811662,1.557763,3.81896,0.567893,0.4513401,0.5504494,IDP-ESM2-8M,93,310,0.06094658374786377,0.20126223564147994,0.002798507562361996,0.006837725639343262,0.006737215256724438
A0A8S5VTX0,1.8778859376907349,4.608424663543701,0.6222715747963131,0.5052375793457031,0.5352471328209375,1.676177,4.158725,0.6155665,0.4982364,0.526541,IDP-ESM2-8M,93,310,0.20170891284942627,0.44969987869262695,0.006705082715624644,0.0070011913776397705,0.00870613817677246
A0A976N2M2,1.7324421405792236,4.382628440856934,0.6453929826342459,0.5403292775154114,0.5210508732152325,2.1735148,5.628398,0.703907,0.5552525,0.40215248,IDP-ESM2-8M,93,310,0.4410727024078369,1.2457695007324219,0.05851403030520719,0.01492321491241455,0.1188983945203167
A0A976N2T1,1.8128474950790403,4.847801208496094,0.6961162080623562,0.5624563097953796,0.4662934472472081,2.014036,5.267422,0.689796,0.5380961,0.40717953,IDP-ESM2-8M,93,310,0.20118844509124778,0.41962099075317383,0.006320237145608143,0.024360239505767822,0.0591139128119359
A0A977TP41,2.506516456604004,5.826696395874023,0.585786178067061,0.4682919979095459,0.5819296880551613,2.7750285,7.03771,0.688578,0.53328145,0.3926513,IDP-ESM2-8M,93,310,0.2685120105743408,1.2110137939453125,0.1027918315383467,0.06498944759368896,0.18927839835369953
A0A9C7EYP6,2.1155059337615967,4.297788619995117,0.4405926197728887,0.4196968078613281,0.7313419557640047,2.1107688,4.553917,0.4487247,0.39232063,0.7772642,IDP-ESM2-8M,93,310,0.004737138748168945,0.25612831115722656,0.008132067326568071,0.027376174926757812,0.04592222203522012
A0A9E7E114,2.7921173572540283,6.546628475189209,0.5208807488694408,0.4054904580116272,0.5895696929951239,2.9014232,6.8605914,0.51987547,0.40190303,0.5828532,IDP-ESM2-8M,93,310,0.10930585861206055,0.3139629364013672,0.0010052820458629208,0.0035874247550964355,0.006716494943671214
A0A9E7MTP4,1.7660900354385376,4.370624542236328,0.612677103692184,0.4872829020023346,0.5161140492471272,1.8141596,4.5479174,0.6254852,0.4992609,0.486324,IDP-ESM2-8M,93,310,0.04806959629058838,0.1772928237915039,0.012808078116287702,0.011978000402450562,0.02979003696761673
A0A9E7NGQ3,2.006643295288086,4.838527679443359,0.6149918771082781,0.5071783661842346,0.5367110125556994,1.8463466,4.4556847,0.57992274,0.47000048,0.57169133,IDP-ESM2-8M,93,310,0.16029667854309082,0.382843017578125,0.03506914141720752,0.03717789053916931,0.03498032169188969
A0A9E7PRV1,4.8981523513793945,11.90243434906006,0.6378248603683823,0.510895311832428,0.5689196290941748,4.2379284,10.371905,0.6287762,0.49540254,0.56319374,IDP-ESM2-8M,93,310,0.6602239608764648,1.5305290222167987,0.009048667703282165,0.015492767095565796,0.005725890633634045
A0A9E7QSB8,3.563633918762207,8.654488563537598,0.615355620492387,0.4747810661792755,0.547865811269873,3.5052755,8.659497,0.635931,0.49395514,0.4909461,IDP-ESM2-8M,93,310,0.05835843086242676,0.005008697509765625,0.020575394522261425,0.01917406916618347,0.056919697206610054
A0A9E7YC22,2.4639458656311035,6.180108547210693,0.6409128311536593,0.5040103793144226,0.5187614647575257,2.6715775,6.887249,0.70435643,0.54831463,0.3734965,IDP-ESM2-8M,93,310,0.20763158798217773,0.7071404457092285,0.0634436008074003,0.0443042516708374,0.14526496211966256
A0A9E8JWV9,2.182565927505493,5.310370922088623,0.6338329647957579,0.5300927758216858,0.5449798741429296,2.1728413,5.48527,0.6546964,0.5212296,0.47693127,IDP-ESM2-8M,93,310,0.009724617004394531,0.17489910125732422,0.02086344013817154,0.00886315107345581,0.06804860020570425
A0AA49BTX9,1.6178812980651855,3.529081344604492,0.4799357759922527,0.3889984488487243,0.6617350004928013,1.7497343,4.127678,0.5263833,0.4180072,0.5973833,IDP-ESM2-8M,93,310,0.13185298442840576,0.5985965728759766,0.04644750476183668,0.029008746147155817,0.06435168016122783
A0AA95EHV2,7.845857620239258,18.6426944732666,0.6561177886813853,0.5430791974067688,0.6140997661368093,7.1129327,17.07582,0.73972386,0.5916396,0.5127812,IDP-ESM2-8M,93,310,0.7329249382019043,1.566873550415039,0.08360607253611352,0.048560380935668945,0.10131856334368794
A0AAE6H393,2.4131205081939697,6.154160022735596,0.6503587380961374,0.503432035446167,0.4930089191754869,2.6163557,6.823262,0.7199745,0.5585612,0.34383294,IDP-ESM2-8M,93,310,0.20323514938354492,0.6691021919250488,0.0696157797261282,0.055129170417785645,0.14917597931228194
A0AAE6M5R2,3.618755578994751,8.9513578414917,0.6390811459250759,0.4896215796470642,0.5131652544370915,3.5116916,8.62738,0.6269629,0.4912219,0.5046464,IDP-ESM2-8M,93,310,0.10706400871276855,0.3239774703979492,0.012118245763332758,0.0016003251075744629,0.008518833958270688
A0AAE6R6D0,2.9459922313690186,7.35609245300293,0.6398467739542045,0.506645143032074,0.5293674399770892,3.2702358,8.238188,0.68982804,0.5373632,0.4326453,IDP-ESM2-8M,93,310,0.32424354553222656,0.8820953369140625,0.04998126426143268,0.03071802854537964,0.09672214888707764
A0AAE7RVV2,1.5509799718856812,3.892199039459229,0.618568545599398,0.490367591381073,0.4791831739003854,1.6912932,4.250104,0.60897326,0.47794315,0.494162,IDP-ESM2-8M,93,310,0.1403132677078247,0.3579049110412593,0.009595280905184134,0.012424439191818237,0.014978819364766582
A0AAE7RZ51,1.6888433694839478,4.309470653533936,0.6570875898956317,0.5257035493850708,0.4716595144946786,2.0165534,5.1577554,0.65737903,0.52100194,0.45647788,IDP-ESM2-8M,93,310,0.32771003246307373,0.8482847213745108,0.00029144128570379735,0.0047016143798828125,0.015181634016773304
A0AAE7V272,1.87896192073822,4.592178821563721,0.6081602346001335,0.4906425476074219,0.5287293073923289,1.9060302,4.669608,0.58623874,0.46527267,0.5341537,IDP-ESM2-8M,93,310,0.027068257331848367,0.07742929458618164,0.02192149272543864,0.025369882583618164,0.005424392482549001
A0AAE8XJ71,2.824808359146118,7.223210334777832,0.5906695288934505,0.4501203298568725,0.5467582194846388,2.7017748,6.5501328,0.5805549,0.46010095,0.5647256,IDP-ESM2-8M,93,310,0.12303352355957031,0.6730775833129883,0.01011462633989213,0.00998061895370489,0.017967358346629547
A0AAE8XN63,1.632155418395996,3.6411194801330566,0.5690827373586745,0.4982393383979797,0.5754657453104118,1.6192441,3.81493,0.538755,0.440833,0.6163588,IDP-ESM2-8M,93,310,0.012911319732666016,0.17381048202514648,0.03032773772107078,0.057406336069107,0.04089307131327591
A0AAE8Y2B1,2.854280471801758,7.204225063323975,0.6521040860510418,0.5133270025253296,0.5175582064506765,3.1279168,7.842862,0.67656916,0.5274949,0.4321795,IDP-ESM2-8M,93,310,0.2736363410949707,0.6386370658874512,0.024465077748244135,0.0141679048538208,0.08537869585726221
A0AAE8Y3C7,3.175634860992432,8.191123962402344,0.6668844096608101,0.5278741717338562,0.4918623981546386,3.3460965,8.395242,0.6836235,0.5337845,0.45565706,IDP-ESM2-8M,93,310,0.1704616546630855,0.2041177749633789,0.016739083056932835,0.005910336971282959,0.036205333239935245
A0AAE8YWI4,1.6414865255355835,4.188414573669434,0.619360823765862,0.4809139370918274,0.5068112723885893,1.5543993,3.7717319,0.5639139,0.44959655,0.5594289,IDP-ESM2-8M,93,310,0.08708727359771729,0.41668272018432617,0.05544694198714495,0.03131738305091858,0.05261759828935875
A0AAE9BPG4,2.1045117378234863,5.45993709564209,0.6429358050228785,0.4972870647907257,0.5040046994520476,2.023698,5.0441065,0.62400657,0.49923286,0.52129644,IDP-ESM2-8M,93,310,0.08081364631652832,0.4158306121826172,0.01892923563734994,0.001945793628692627,0.01729174210297557
A0AAE9BPT7,1.9075901508331297,4.771249294281006,0.6234833244337531,0.4799263775348663,0.5067572480503526,1.781885,4.4863567,0.6195821,0.4934457,0.4962775,IDP-ESM2-8M,93,310,0.12570512294769265,0.28489255905151367,0.003901207829901776,0.013519316911697443,0.010479736930510075
A0EXV0,3.055405378341675,7.350734710693359,0.5131230835352409,0.4050171673297882,0.6419010163196932,3.2473695,7.660225,0.5219203,0.41408858,0.6281858,IDP-ESM2-8M,93,310,0.19196414947509766,0.3094902038574219,0.008797239836646265,0.009071409702301025,0.013715207661093354
A0EYY2,2.92343807220459,7.265526294708252,0.6373669942344864,0.4999637305736542,0.5157488784869944,3.114752,7.9638267,0.70132357,0.543551,0.39187545,IDP-ESM2-8M,93,310,0.1913139820098877,0.6983003616333008,0.06395657458646697,0.043587297201156616,0.12387343264425144
A1YJ55,3.017038583755493,7.556786060333252,0.6337727502170534,0.4951027631759643,0.5294141938149568,2.9694772,7.55587,0.6731521,0.5216922,0.42445093,IDP-ESM2-8M,93,310,0.0475614070892334,0.0009160041809082031,0.03937933890190415,0.026589453220367487,0.10496325988169874
A1YMK7,1.6120907068252563,3.974031448364258,0.5611706565847853,0.4376019239425659,0.5413797934720864,1.6186283,3.896256,0.5522889,0.43976766,0.5514906,IDP-ESM2-8M,93,310,0.0065375566482543945,0.07777547836303711,0.008881766699836535,0.0021657347679138184,0.0101108114053855
A4FTA6,2.420058250427246,5.664880275726318,0.5232893905629268,0.4148299396038055,0.5949506396205555,2.462169,5.7129865,0.50873935,0.40377232,0.6197356,IDP-ESM2-8M,93,310,0.04211068153381348,0.04810619354248047,0.014550038336669457,0.011057615280151312,0.02478495894359245
A4L236,3.5427258014678955,8.795016288757324,0.6606610796858946,0.5277855396270752,0.5080969561632411,2.7886462,7.1442003,0.69298506,0.5369309,0.4015277,IDP-ESM2-8M,93,310,0.7540795803070068,1.6508159637451172,0.032323978144915944,0.009145379066467285,0.106569253354861
A4ZRA0,1.964766025543213,4.982684135437012,0.631989242019646,0.5077157616615295,0.4923039399414748,1.9378703,4.846283,0.6189436,0.49229378,0.49011236,IDP-ESM2-8M,93,310,0.026895761489868164,0.13640117645263672,0.013045669975273455,0.01542198657989502,0.0021915756493300353
A4ZRD1,3.3163583278656006,8.427645683288574,0.632514219801024,0.4871850907802582,0.5034605260457358,3.2712626,8.099301,0.62095946,0.47864175,0.50428057,IDP-ESM2-8M,93,310,0.04509568214416504,0.32834434509277344,0.011554759065702913,0.008543342351913452,0.0008200411234536853
A7IUH2,3.017006158828736,7.146060943603516,0.4849265399144257,0.3760955333709717,0.6830534989935584,3.2162764,7.6044407,0.5260843,0.4149085,0.6236567,IDP-ESM2-8M,93,310,0.1992702484130855,0.45837974548339844,0.041157763941470304,0.03881296515464783,0.05939680887286136
A7IXA4,2.532747268676758,6.290736198425293,0.5382881155777183,0.4011980295181274,0.5676027888332996,2.9741368,7.107026,0.55365133,0.43478438,0.5861044,IDP-ESM2-8M,93,310,0.4413895606994629,0.8162899017333984,0.015363217277506336,0.03358635306358343,0.018501604172071473
A7J7F5,2.83267879486084,6.827368259429932,0.4853266894999847,0.3670454323291778,0.6812850056871417,3.053537,7.25253,0.5379014,0.42382494,0.60438716,IDP-ESM2-8M,93,310,0.22085809707641602,0.42516183853149414,0.05257471201979069,0.056779503822326716,0.07689784157123591
A7K957,3.524306058883667,8.48984146118164,0.4940495934983542,0.3774135112762451,0.684680646778009,3.4677472,8.049446,0.5030094,0.40464413,0.7066778,IDP-ESM2-8M,93,310,0.056558847427368164,0.4403953552246094,0.008959785411710497,0.02723062038421631,0.02199714767847294
A8UP82,2.8756585121154785,6.510969638824463,0.5046322109899597,0.3956651389598846,0.6248906329972069,2.9474297,6.937389,0.5202549,0.40494114,0.6016382,IDP-ESM2-8M,93,310,0.07177114486694336,0.4264192581176758,0.015622699002258322,0.00927600264549261,0.023252435098342183
A8UP87,2.855557441711426,6.6889729499816895,0.5036322634420687,0.3918814063072204,0.6225892450502667,2.936207,6.9049273,0.5176662,0.4034366,0.6080973,IDP-ESM2-8M,93,310,0.08064961433410645,0.21595430374145508,0.014033957222909343,0.011555194854736384,0.014491930215671966
A8UP89,2.9204964637756348,6.776888847351074,0.5201383807164748,0.4042362868785858,0.5977689978625593,2.9521003,6.947963,0.5199164,0.40466663,0.6024578,IDP-ESM2-8M,93,310,0.03160381317138672,0.17107439041137695,0.00022196550193620546,0.0004303455352783203,0.004688823506611817
A8UP92,2.82452392578125,6.590475559234619,0.5024415637370151,0.3845814168453216,0.6186837756698327,2.9629457,6.964866,0.51636493,0.402725,0.61035645,IDP-ESM2-8M,93,310,0.13842177391052246,0.3743906021118164,0.013923368323226604,0.018143594264984186,0.008327325588961099
A8UPA2,2.958805799484253,7.078580379486084,0.5298541357056882,0.4141744673252105,0.5830626776823951,2.937043,6.91675,0.52112716,0.40542698,0.60089284,IDP-ESM2-8M,93,310,0.021762847900390625,0.16183042526245117,0.008726971341827094,0.00874748826026911,0.017830164133553428
A9YTD9,1.5260974168777466,3.705004930496216,0.5719899873523813,0.4758664071559906,0.5552406127117608,1.3710035,3.2892523,0.57374936,0.47037375,0.53701425,IDP-ESM2-8M,93,310,0.15509390830993652,0.415752649307251,0.0017593760700125305,0.005492657423019409,0.018226366724822363
N0DQS9,1.873224377632141,4.89392614364624,0.6325734136235831,0.483437031507492,0.4764083868434809,2.0989695,5.2652326,0.61772704,0.48590118,0.48223078,IDP-ESM2-8M,93,310,0.22574508190155052,0.3713064193725586,0.014846372379076267,0.002464145421981867,0.005822395665369184
O11373,1.9523614645004272,4.602472305297852,0.5446797159239518,0.4255274534225464,0.5587971586036976,1.9884909,4.7407036,0.54433495,0.42772126,0.55467784,IDP-ESM2-8M,93,310,0.03612947463989258,0.1382312774658203,0.00034476786105508417,0.0021938085556030273,0.004119314556151221
O11385,3.371612548828125,8.001538276672363,0.5342987003255468,0.4070851802825928,0.596701552967995,3.1892958,7.401312,0.5007103,0.3959213,0.6482444,IDP-ESM2-8M,93,310,0.18231678009033203,0.6002264022827148,0.0335883917737585,0.011163890361785889,0.05154282798293275
O11680,3.165435791015625,7.507970809936523,0.5115572816893112,0.391882985830307,0.6299097773607111,3.0290496,7.0975633,0.51654565,0.40534484,0.6215888,IDP-ESM2-8M,93,310,0.13638615608215332,0.41040754318237305,0.004988371653889434,0.013461858034133911,0.008320951181206682
O11889,2.387336015701294,5.6218085289001465,0.5371128416866996,0.4300666153430938,0.5809842311888498,2.3039527,5.4835124,0.5375901,0.41844347,0.5634445,IDP-ESM2-8M,93,310,0.08338332176208496,0.13829612731933594,0.0004772447734139318,0.011623144149780218,0.017539735987738947
O12700,1.852125644683838,4.563100814819336,0.5795231240678516,0.444026917219162,0.5485119742633597,2.037317,4.964302,0.58061117,0.4594966,0.53748864,IDP-ESM2-8M,93,310,0.18519139289855957,0.4012012481689453,0.00108804527037476,0.015469670295715332,0.011023334908653926
O22002,2.488417863845825,5.825448036193848,0.5188748085259246,0.4125559329986572,0.6223654157918406,2.4171364,5.704541,0.51739275,0.40453613,0.6191341,IDP-ESM2-8M,93,310,0.07128143310546875,0.12090682983398438,0.0014820539711760672,0.008019804954528809,0.003231287698121088
O36059,2.812652826309204,6.9138288497924805,0.5500295503677881,0.4310407340526581,0.5425627065410935,2.8320217,6.6402674,0.51496077,0.4012249,0.61305195,IDP-ESM2-8M,93,310,0.019368886947631836,0.2735614776611328,0.035068784529165065,0.02981582283973694,0.07048924439045556
O36067,2.70743465423584,6.316740036010742,0.5056547744539822,0.3820780217647552,0.6178116840861979,2.7483613,6.4449983,0.5155245,0.40203965,0.61540097,IDP-ESM2-8M,93,310,0.04092669486999512,0.12825822830200195,0.009869732114926477,0.019961625337600764,0.002410714104050693
O36078,2.834160089492798,6.830985069274902,0.5413537403175852,0.4157826900482178,0.5657308691287768,2.6864526,6.303031,0.51846135,0.40469703,0.6095653,IDP-ESM2-8M,93,310,0.14770746231079102,0.5279541015625,0.02289239369130347,0.011085659265518188,0.04383444850199103
O36100,2.760161161422729,6.424567699432373,0.5081555252090052,0.3910920619964599,0.6236539707659754,2.7659452,6.4805365,0.5159084,0.4022185,0.61250186,IDP-ESM2-8M,93,310,0.00578403472900435,0.0559687614440918,0.007752894876901784,0.011126428842544611,0.011152111101058404
O36115,2.81536865234375,6.51746940612793,0.53732958650409,0.4161814749240875,0.5701511176583796,2.8012874,6.5569315,0.51600546,0.40293217,0.61977065,IDP-ESM2-8M,93,310,0.014081239700317383,0.03946208953857422,0.0213241300564887,0.013249307870864868,0.04961952843689632
O36117,2.8725857734680176,6.728526592254639,0.534869213750651,0.4203099906444549,0.5871726221964304,2.8758068,6.705925,0.5100993,0.39905238,0.63102245,IDP-ESM2-8M,93,310,0.0032210350036621094,0.022601604461669922,0.02476992194919836,0.02125760912895197,0.043849831111675064
O36118,2.793066501617432,6.582108020782471,0.5190427927725684,0.3939059376716614,0.6066934747711228,2.7715423,6.5032263,0.5196742,0.40430412,0.60716987,IDP-ESM2-8M,93,310,0.021524190902710405,0.07888174057006836,0.0006313891656030135,0.010398179292678833,0.00047639179076686133
O36119,2.834005355834961,6.546103000640869,0.5315221300762789,0.415882259607315,0.586172278986434,2.837106,6.6402397,0.50894135,0.3972475,0.62617254,IDP-ESM2-8M,93,310,0.0031006336212158203,0.09413671493530273,0.022580777708877786,0.018634766340255682,0.0400002635855875
O36121,2.840036392211914,6.7999587059021,0.5400382277465172,0.4199589490890503,0.5695580443022688,2.8962412,6.7716894,0.51589733,0.40185082,0.61894524,IDP-ESM2-8M,93,310,0.056204795837402344,0.028269290924072266,0.02414089412453846,0.018108129501342773,0.04938719667215752
O36157,2.890951633453369,6.864930629730225,0.5429338149910833,0.4315434992313385,0.5728698595353547,2.8673959,6.702099,0.51657027,0.40319255,0.62204474,IDP-ESM2-8M,93,310,0.023555755615234375,0.16283178329467773,0.026363544929590366,0.02835094928741455,0.049174882572036616
O38492,2.242219924926758,5.4530792236328125,0.5187026073302218,0.3942996561527252,0.603070969134708,2.1074486,4.9686136,0.5311601,0.4195835,0.59205335,IDP-ESM2-8M,93,310,0.13477134704589844,0.4844655990600586,0.012457508865456934,0.025283843278884888,0.011017615348239529
O39165,1.848509669303894,4.784056186676025,0.6285339287086784,0.4657771289348602,0.4917266041486045,1.679717,4.256259,0.6266434,0.5046181,0.49028403,IDP-ESM2-8M,93,310,0.168792724609375,0.5277972221374512,0.001890509442931343,0.038840979337692316,0.0014425784795065733
O39372,2.37341856956482,5.8049421310424805,0.5595533424524246,0.4355531334877014,0.5570648228400014,2.399437,5.6600695,0.52915615,0.4177541,0.6023177,IDP-ESM2-8M,93,310,0.02601838111877397,0.14487266540527344,0.030397194018739304,0.017799019813537598,0.04525286800930284
O39937,2.71311616897583,6.251028537750244,0.5051088813801888,0.3951966166496277,0.6198330845476159,2.7903478,6.544642,0.5186888,0.40353116,0.6083559,IDP-ESM2-8M,93,310,0.07723164558410645,0.2936134338378906,0.013579916570555794,0.008334547281265259,0.011477204763985505
O39943,2.8058927059173584,6.636574745178223,0.5278663918152294,0.4241132438182831,0.5880433552768155,2.8485212,6.687042,0.51966625,0.40484002,0.60841906,IDP-ESM2-8M,93,310,0.04262852668762207,0.050467491149902344,0.00820013729481317,0.019273221492767334,0.02037570543027678
O41014,3.5433483123779297,8.380522727966309,0.5752086461209652,0.4655830264091491,0.5885947407873987,3.2285278,7.618112,0.5383778,0.43250608,0.6529974,IDP-ESM2-8M,93,310,0.3148205280303955,0.7624106407165527,0.03683082467550014,0.03307694196701044,0.06440263374720823
O41972,7.8023681640625,18.276103973388672,0.5195802561718027,0.4113165140151977,0.6140492731890723,5.017894,11.556964,0.48494497,0.38524473,0.7155688,IDP-ESM2-8M,93,310,2.7844743728637695,6.71914005279541,0.03463528675613803,0.02607178688049311,0.10151950770997553
O41981,2.895461082458496,6.898716926574707,0.543511701535748,0.4366728961467743,0.5611709863512828,3.096139,7.3085356,0.5387033,0.41339058,0.5724665,IDP-ESM2-8M,93,310,0.20067787170410156,0.4098186492919922,0.004808379125164519,0.02328231930732727,0.011295506301610247
O55723,2.575209379196167,6.364683628082275,0.6250772878059851,0.4961472451686859,0.5440268393430954,2.4978433,6.4535055,0.69438004,0.53674126,0.41235447,IDP-ESM2-8M,93,310,0.07736611366271973,0.0888218879699707,0.06930275713114864,0.040594011545181274,0.13167237004377896
O55724,2.8395464420318604,7.334559917449951,0.6927499790048558,0.5566543340682983,0.4825646192352508,3.0068867,7.765,0.72473145,0.57086974,0.4463331,IDP-ESM2-8M,93,310,0.16734027862548828,0.43043994903564453,0.0319814663076442,0.014215409755706787,0.03623150890276178
O70793,2.394474744796753,5.625723361968994,0.4722345813048079,0.3633589148521423,0.6944209793933057,2.4270868,5.421031,0.47905874,0.40164533,0.7092024,IDP-ESM2-8M,93,310,0.03261208534240723,0.20469236373901367,0.006824161218385472,0.03828641772270208,0.014781429397282664
O70797,2.463515281677246,5.859258651733398,0.5214894846157895,0.4068188369274139,0.6021406697165835,2.503695,5.8055935,0.52986217,0.42644376,0.5987693,IDP-ESM2-8M,93,310,0.04017972946166992,0.0536651611328125,0.008372680835260327,0.019624918699264582,0.0033713625800478875
O73497,2.7265214920043945,6.581775665283203,0.5104531710889723,0.3931682705879211,0.6168901432666604,2.7515972,6.479915,0.52370155,0.4081891,0.60101277,IDP-ESM2-8M,93,310,0.025075674057006836,0.10186052322387695,0.013248377487382723,0.015020817518234308,0.01587737690542379
O90676,2.1570212841033936,5.18251895904541,0.5585863009576315,0.4273791015148163,0.5513710733554458,1.9833426,4.8198385,0.5904195,0.46218792,0.48280716,IDP-ESM2-8M,93,310,0.17367863655090332,0.36268043518066406,0.03183317030625399,0.03480881452560425,0.06856391393161765
O90681,2.366060733795166,5.720424652099609,0.564367228841092,0.438241571187973,0.542459688339891,2.113945,5.0854793,0.56733656,0.4447118,0.5261913,IDP-ESM2-8M,93,310,0.25211572647094727,0.6349453926086426,0.002969330454562269,0.006470233201980591,0.016268394146623177
O90688,2.400987148284912,5.7282233238220215,0.5723638672311945,0.440521627664566,0.5362068563252814,2.1992784,5.2857537,0.57787883,0.45500576,0.5153895,IDP-ESM2-8M,93,310,0.20170879364013672,0.44246959686279297,0.005514965585883158,0.014484137296676691,0.02081735427678899
O90711,2.180558681488037,5.216214656829834,0.5411068122539394,0.4177879393100738,0.5785489677693763,2.2098048,5.247566,0.5362607,0.41941798,0.57322824,IDP-ESM2-8M,93,310,0.029246091842651367,0.031351566314697266,0.004846088186251429,0.0016300380229950506,0.005320727756253696
O92312,1.9854719638824463,4.663715362548828,0.5421964327268396,0.4255783557891845,0.5731436887799842,2.0971098,5.0327606,0.55013514,0.42932862,0.5570858,IDP-ESM2-8M,93,310,0.11163783073425293,0.3690452575683594,0.007938702923795171,0.0037502646446228582,0.016057876688156836
O92587,1.7719788551330566,4.158807277679443,0.5560348788740475,0.4359306395053863,0.5537463050866205,1.8107638,4.320323,0.54772025,0.43420476,0.5530564,IDP-ESM2-8M,93,310,0.03878498077392578,0.1615157127380371,0.008314625406487641,0.0017258822917937677,0.0006898861908990472
O92588,1.9926483631134035,4.748791694641113,0.5541925359961618,0.4261344969272613,0.5613231986436482,1.9863334,4.763117,0.56519765,0.44587415,0.5304984,IDP-ESM2-8M,93,310,0.006314992904663308,0.014325141906738281,0.011005110621727598,0.01973965764045721,0.03082481321426589
P03181,8.164522171020508,18.85894012451172,0.5324082311612552,0.4174166023731231,0.6210680406948269,4.29212,10.0299635,0.510855,0.39877707,0.6415292,IDP-ESM2-8M,93,310,3.8724021911621094,8.82897663116455,0.021553212068695426,0.018639534711837713,0.02046116176641577
P03290,3.2528862953186035,7.624989032745361,0.5710779005902046,0.4721397757530212,0.5417462306803988,2.896188,6.9306107,0.55055475,0.42899552,0.5621045,IDP-ESM2-8M,93,310,0.35669827461242676,0.6943783760070801,0.020523148240351063,0.04314425587654108,0.02035829250151644
P03779,1.8886913061141968,4.492373466491699,0.5823196800620396,0.4682115316390991,0.5465054975039699,1.8843455,4.6317196,0.58860934,0.46563637,0.52553576,IDP-ESM2-8M,93,310,0.0043457746505737305,0.13934612274169922,0.006289657744662058,0.0025751590728759766,0.020969735193941852
P04487,3.9183578491210938,9.43664836883545,0.5394792815303757,0.4133343398571014,0.6146497364665897,3.6228728,8.560886,0.53619874,0.41825023,0.61852807,IDP-ESM2-8M,93,310,0.2954850196838379,0.8757619857788086,0.0032805462932541385,0.004915893077850397,0.003878331599053597
P06923,2.353132486343384,5.369301795959473,0.4578217611214362,0.3715989291667938,0.7031360591571997,2.3154078,5.212036,0.46163023,0.3763075,0.71477294,IDP-ESM2-8M,93,310,0.03772473335266113,0.15726566314697266,0.0038084640601434017,0.0047085583209991455,0.011636880524807158
P08804,1.891374468803405,4.31513786315918,0.5295890384235872,0.4395977854728699,0.6138385502638096,1.8714385,4.2812667,0.5243288,0.4358674,0.62784743,IDP-ESM2-8M,93,310,0.019935965538024236,0.03387117385864258,0.005260210565615986,0.00373038649559021,0.014008882826400337
P08807,1.7901686429977417,4.330331802368164,0.6066899161913809,0.4982738494873047,0.5226351351838346,1.8781517,4.4522223,0.57944113,0.47449052,0.5429314,IDP-ESM2-8M,93,310,0.08798301219940186,0.12189054489135742,0.027248786030095506,0.023783326148986816,0.020296242703891187
P09702,3.712560653686523,8.663591384887695,0.5248867671670038,0.4264200925827026,0.6280476122186398,3.637092,8.555886,0.5266337,0.41006252,0.61878145,IDP-ESM2-8M,93,310,0.07546854019164995,0.10770511627197266,0.0017469126997869955,0.016357570886611883,0.00926616480805631
P0C724,3.1794259548187256,6.481119155883789,0.2799907387437355,0.2724382877349853,1.3116496793703118,3.5132139,7.769511,0.4178998,0.35530773,0.8456637,IDP-ESM2-8M,93,310,0.3337879180908203,1.2883920669555664,0.1379090486822594,0.08286944031715399,0.4659859530405084
P0DJX3,2.526313304901123,5.893367290496826,0.5315603502742715,0.4129241108894348,0.6008519929213851,2.382936,5.6518807,0.53591883,0.4184779,0.5872519,IDP-ESM2-8M,93,310,0.14337730407714844,0.2414865493774414,0.0043584815509848385,0.005553781986236572,0.013600091294798222
P0DTC0,4.110300540924072,9.407273292541504,0.515689185970611,0.3876893818378448,0.6453998712921691,3.839582,8.977973,0.5055863,0.39466888,0.6578233,IDP-ESM2-8M,93,310,0.2707185745239258,0.42930030822753906,0.01010285984832704,0.006979495286941584,0.012423452911322075
P10428,1.6823686361312866,4.01671028137207,0.547033764138304,0.4435166418552398,0.5795547916345862,1.7667646,4.3201704,0.57913387,0.45800045,0.52409947,IDP-ESM2-8M,93,310,0.08439600467681885,0.30346012115478516,0.032100104079164304,0.014483809471130427,0.05545532244971074
P12507,1.8671088218688965,4.563386917114258,0.5945930565391113,0.4578837454319,0.5074675296516604,1.8147502,4.404428,0.568964,0.44647703,0.5275349,IDP-ESM2-8M,93,310,0.05235862731933594,0.15895891189575195,0.025629052022509757,0.01140671968460083,0.020067372444134257
P12508,1.986391544342041,4.701643466949463,0.5479646231035922,0.4146865904331207,0.5703923789362867,2.0971296,4.9971027,0.54468656,0.42772895,0.57089347,IDP-ESM2-8M,93,310,0.11073803901672363,0.2954592704772949,0.0032780672411654166,0.013042360544204712,0.0005010875363390399
P12512,1.4350225925445557,3.391493320465088,0.5275007389545537,0.4270765781402588,0.5859633038646523,1.4704794,3.549122,0.5642025,0.45206568,0.53462523,IDP-ESM2-8M,93,310,0.03545677661895752,0.15762877464294434,0.036701748514165744,0.02498909831047058,0.051338071644956296
P17356,2.0239458084106445,4.763585090637207,0.5252388740351736,0.4020008742809295,0.57005885170159,1.7562284,4.2460117,0.5638692,0.44465315,0.5366609,IDP-ESM2-8M,93,310,0.2677173614501953,0.517573356628418,0.038630304259961945,0.04265227913856512,0.033397942048880025
P19127,3.397458553314209,7.702045917510986,0.5209090420182081,0.4342580437660217,0.6139841939787577,3.3949034,7.9409304,0.5140824,0.40111122,0.62368083,IDP-ESM2-8M,93,310,0.0025551319122314453,0.23888444900512695,0.006826669829639975,0.03314682841300959,0.009696636023073357
P20833,1.8922317028045648,4.478635787963867,0.5395653073126954,0.4240144491195678,0.5888478904696166,1.8079896,4.3263125,0.54216456,0.43089265,0.5837653,IDP-ESM2-8M,93,310,0.08424210548400812,0.15232324600219727,0.002599256819995066,0.0068781971931458075,0.005082562539166169
P24649,2.708207368850708,6.656832695007324,0.6230556373258069,0.497455358505249,0.5296760621497446,2.8624177,7.131099,0.63955873,0.5018868,0.48543748,IDP-ESM2-8M,93,310,0.15421032905578613,0.47426652908325195,0.016503095183806105,0.004431426525115967,0.04423857955430088
P41726,2.453864336013794,5.90708065032959,0.5968516512507468,0.473498523235321,0.5608020870796225,2.5135453,6.3576903,0.6649804,0.51601326,0.41103002,IDP-ESM2-8M,93,310,0.059680938720703125,0.4506096839904785,0.06812876027879422,0.042514741420745905,0.1497720627895377
P57017,2.2822654247283936,5.650935173034668,0.5968534433672966,0.4557331204414367,0.5159917728276471,2.1695662,5.2103467,0.55116206,0.42820975,0.5650777,IDP-ESM2-8M,93,310,0.11269927024841309,0.44058847427368164,0.04569137929182665,0.027523368597030584,0.04908594924495424
P68828,3.117252826690674,7.489168167114258,0.5742440609741291,0.4376536607742309,0.5522626894798124,3.4368439,8.271551,0.5699294,0.44411275,0.5575945,IDP-ESM2-8M,93,310,0.31959104537963867,0.7823829650878906,0.004314640026100491,0.006459087133407648,0.005331788650528191
P69592,1.7534576654434204,4.172454833984375,0.5677881979176632,0.4709204733371734,0.5608289260111363,1.8203635,4.4389544,0.5865142,0.47569418,0.5366101,IDP-ESM2-8M,93,310,0.06690585613250732,0.26649951934814453,0.018725977020538687,0.004773706197738703,0.02421879951577499
P87543,4.0119829177856445,9.301324844360352,0.5219281070923516,0.4203724563121795,0.641145704455929,4.1984234,9.8660555,0.51737565,0.40278682,0.6512445,IDP-ESM2-8M,93,310,0.18644046783447266,0.5647306442260742,0.004552459070653603,0.017585635185241644,0.010098816685123246
P87914,2.511108636856079,5.836424350738525,0.492390945518703,0.3795684576034546,0.6409363672806878,2.6094782,6.0728674,0.50500214,0.3960512,0.62171656,IDP-ESM2-8M,93,310,0.09836959838867188,0.23644304275512695,0.012611195480137338,0.01648274064064026,0.019219808347429757
P89479,3.64768123626709,8.824663162231445,0.5310538335882342,0.4134991466999054,0.6120697211807914,3.403422,7.980075,0.51920503,0.40899336,0.6464741,IDP-ESM2-8M,93,310,0.24425911903381348,0.8445882797241211,0.011848799809089927,0.004505783319473267,0.03440440182030724
P89827,2.0150179862976074,4.412641525268555,0.4279090463325782,0.3533831834793091,0.7791148788082576,2.085403,4.7874436,0.49516445,0.40094122,0.65832424,IDP-ESM2-8M,93,310,0.07038497924804688,0.3748021125793457,0.06725540765072868,0.04755803942680359,0.12079063717007399
P89833,2.041285514831543,4.753728866577148,0.471833471272895,0.3834561109542846,0.6869662180598202,2.0632706,4.7317,0.49046588,0.3976396,0.6644051,IDP-ESM2-8M,93,310,0.02198505401611328,0.02202892303466797,0.01863240816741263,0.014183491468429621,0.02256111056165122
P89841,2.31826114654541,5.404996871948242,0.5360687060503592,0.4234638512134552,0.5840082776260801,2.3235135,5.4717503,0.5281645,0.4147187,0.58747303,IDP-ESM2-8M,93,310,0.005252361297607422,0.06675338745117188,0.007904200091802038,0.008745163679122925,0.0034647572326235165
P89878,1.4692926406860352,3.643304347991944,0.5836216443241443,0.4671739935874939,0.5179747085917226,1.4910545,3.589857,0.55869853,0.44531494,0.5429508,IDP-ESM2-8M,93,310,0.02176189422607422,0.053447246551514116,0.02492310935862918,0.021859049797058105,0.02497610041020004
Q00DY4,1.969093441963196,4.511010646820068,0.4863973645248305,0.3786731660366058,0.6442650061304336,2.171319,5.117911,0.5276792,0.41767323,0.5901585,IDP-ESM2-8M,93,310,0.20222556591033913,0.6069002151489258,0.04128184041596539,0.039000064134597834,0.054106484001374744
Q03873,2.805802822113037,6.496067047119141,0.6066396074183493,0.504456639289856,0.5481406466907064,2.4833505,5.6669984,0.5519735,0.4683641,0.6520994,IDP-ESM2-8M,93,310,0.3224523067474365,0.829068660736084,0.054666085708907186,0.036092549562454224,0.10395872426571451
Q04247,1.4275426864624023,3.3727402687072754,0.5423484361156724,0.4460843801498413,0.5604514587534546,1.3768637,3.2925801,0.54675484,0.43712616,0.5552237,IDP-ESM2-8M,93,310,0.05067896842956543,0.08016014099121094,0.004406400920460407,0.008958220481872559,0.005227755369055176
Q04259,1.7224528789520264,4.139754772186279,0.5686946855066017,0.4629057049751282,0.5401790262265856,1.7175337,4.0958586,0.53919756,0.42489326,0.56092566,IDP-ESM2-8M,93,310,0.004919171333312988,0.04389619827270508,0.029497121381540703,0.03801244497299194,0.02074663629096196
Q04397,5.961803436279297,14.085654258728027,0.53215471538419,0.4303963482379913,0.6057864550270876,4.193044,9.813146,0.5139669,0.39887643,0.63367164,IDP-ESM2-8M,93,310,1.7687592506408691,4.27250862121582,0.01818779739255183,0.0315199196338653,0.02788518632270487
Q04405,1.9513792991638184,4.690713882446289,0.5532768482796879,0.4387100636959076,0.563014321802964,1.7596761,4.259181,0.5579578,0.43932247,0.5527029,IDP-ESM2-8M,93,310,0.191703200340271,0.4315328598022461,0.00468097976520343,0.000612407922744751,0.010311418055405364
Q04420,1.7930487394332886,4.225100517272949,0.5278868768211131,0.4101204574108124,0.593168288209549,1.7280786,4.179217,0.5592194,0.44091314,0.5441515,IDP-ESM2-8M,93,310,0.06497013568878174,0.0458836555480957,0.03133254313509415,0.030792683362960815,0.04901680324327096
Q05293,2.0307416915893555,4.881020545959473,0.59940467717372,0.4745745360851288,0.5374576494302498,1.8074775,4.379091,0.57145953,0.4584256,0.55758715,IDP-ESM2-8M,93,310,0.22326421737670898,0.501929759979248,0.027945145389662418,0.016148924827575684,0.02012949732878344
Q06E77,1.9092912673950195,4.5236101150512695,0.6139038039622636,0.5110706090927124,0.5283586137889412,1.7323984,4.2642417,0.5940509,0.47106302,0.5352601,IDP-ESM2-8M,93,310,0.17689287662506104,0.2593684196472168,0.019852919715437456,0.040007591247558594,0.006901467502257508
Q06IZ2,1.49660062789917,3.588153600692749,0.5660683874794827,0.4511531591415405,0.531653719218878,1.4819947,3.5487113,0.5447522,0.43243363,0.55232376,IDP-ESM2-8M,93,310,0.014605879783630371,0.03944230079650879,0.021316206903158275,0.018719524145126343,0.020670039383264283
Q08IT9,1.4946043491363523,3.566518545150757,0.5383306039683455,0.4228792190551758,0.5722444336482003,1.530176,3.6552148,0.54366195,0.4321436,0.55668736,IDP-ESM2-8M,93,310,0.035571694374084695,0.08869624137878418,0.0053313480503922595,0.009264379739761353,0.015557078606696417
Q08IU0,1.4734405279159546,3.58923888206482,0.5712525936498509,0.4492001235485077,0.5156858817258763,1.380058,3.2678216,0.54112506,0.43289888,0.5539082,IDP-ESM2-8M,93,310,0.09338247776031494,0.3214173316955571,0.03012753452204331,0.016301244497299194,0.03822234714833028
Q08IU3,1.512858271598816,3.7490038871765137,0.5725133624989117,0.448632538318634,0.5281049649924568,1.4697146,3.529442,0.5498211,0.43544692,0.54809874,IDP-ESM2-8M,93,310,0.043143630027770996,0.21956181526184082,0.022692283721598483,0.013185620307922308,0.019993777969426696
Q08IW3,1.4909405708312988,3.5337915420532227,0.5444506668526673,0.4392534494400024,0.5606923738104342,1.5444684,3.702087,0.55339783,0.44144487,0.54596895,IDP-ESM2-8M,93,310,0.05352783203125,0.16829538345336914,0.008947167448327575,0.0021914243698120672,0.014723424015664954
Q08IW4,1.470182180404663,3.518273115158081,0.5347413654851269,0.4259773194789886,0.5676599623926931,1.3792582,3.2901237,0.547261,0.43571177,0.5461834,IDP-ESM2-8M,93,310,0.09092402458190918,0.2281494140625,0.012519634194438578,0.009734451770782526,0.021476555086021976
Q08IW8,1.4630016088485718,3.3940677642822266,0.5546824775771078,0.4475643932819366,0.5348679376956885,1.4151527,3.3758826,0.54681253,0.43467203,0.54756606,IDP-ESM2-8M,93,310,0.04784893989562988,0.018185138702392578,0.007869943244832367,0.012892365455627386,0.012698118555837357
Q08IX5,1.4865765571594238,3.5790841579437256,0.5604182963199154,0.4455153942108154,0.5355609512632371,1.4745095,3.551001,0.55528927,0.44196793,0.5409844,IDP-ESM2-8M,93,310,0.012067079544067383,0.028083086013793945,0.005129027826263011,0.0035474598407744806,0.005423440902900589
Q08J01,1.4684501886367798,3.3893628120422363,0.5236528067923735,0.4308197796344757,0.5834515825012296,1.4986154,3.5915926,0.5527399,0.44140238,0.54621464,IDP-ESM2-8M,93,310,0.03016519546508789,0.20222973823547363,0.02908711143959064,0.010582596063613892,0.03723694236069619
Q08J02,1.4490728378295898,3.552019119262696,0.5413348326175282,0.4264488518238067,0.549283051920786,1.4928712,3.568891,0.5514972,0.43826407,0.53983855,IDP-ESM2-8M,93,310,0.04379832744598389,0.016871929168700284,0.010162388375513753,0.011815220117569025,0.009444499445810384
Q0GGW6,4.246213436126709,9.515416145324709,0.507190607020282,0.4148387312889099,0.6750828804795495,3.823797,9.040003,0.5411045,0.41877335,0.604134,IDP-ESM2-8M,93,310,0.42241644859313965,0.47541332244873225,0.03391388850507815,0.003934621810913086,0.07094885729000477
Q0GYC4,2.3937106132507324,5.923280239105225,0.618659914212266,0.4870284795761108,0.5277343726507969,2.5314672,6.2724156,0.6150892,0.4880353,0.5186609,IDP-ESM2-8M,93,310,0.1377565860748291,0.3491353988647461,0.0035707361269388116,0.0010068118572235663,0.009073469673807177
Q0IL14,4.134277820587158,10.14175796508789,0.642508996271763,0.5135773420333862,0.5304743429401519,3.9564452,9.665807,0.62548053,0.49533918,0.554902,IDP-ESM2-8M,93,310,0.17783260345458984,0.4759511947631836,0.017028463625583856,0.018238157033920288,0.024427674176394687
Q0IL90,2.6961510181427,6.426341533660889,0.5501661038738574,0.4312974512577057,0.5761608555471622,2.5095544,5.9271464,0.528115,0.41361463,0.6018353,IDP-ESM2-8M,93,310,0.18659663200378418,0.4991950988769531,0.02205112937510867,0.017682820558547974,0.02567445491197473
Q0NQ56,2.1023452281951904,4.950217723846436,0.5190839697380512,0.4115495383739471,0.5782828210194894,1.9016936,4.5962324,0.55851215,0.4382082,0.53554124,IDP-ESM2-8M,93,310,0.2006516456604004,0.35398530960083097,0.039428181503251336,0.026658654212951716,0.04274158461888511
Q0PEK1,2.524608850479126,5.918203830718994,0.5264393922802605,0.4068881869316101,0.606438009941452,2.5065055,5.859074,0.5206786,0.41749543,0.6253406,IDP-ESM2-8M,93,310,0.018103361129760742,0.05912971496582031,0.005760812472978993,0.010607242584228516,0.018902570998794554
Q0PF77,2.5542514324188232,6.065057277679443,0.5239193362107067,0.3999340832233429,0.6034444263184789,2.4541855,5.754106,0.51674175,0.40596458,0.609014,IDP-ESM2-8M,93,310,0.10006594657897949,0.31095123291015625,0.007177583586195024,0.0060304999351501465,0.005569548348116515
Q0PF82,2.559495687484741,5.902616024017334,0.5175786129754588,0.3993057310581207,0.6184365664514759,2.5252888,5.960666,0.52770203,0.41295114,0.59534407,IDP-ESM2-8M,93,310,0.03420686721801758,0.05805015563964844,0.010123420544286055,0.013645410537719727,0.023092499831602886
Q0PF92,2.533196449279785,6.093900203704834,0.5215504356497213,0.3934313058853149,0.6037939014009186,2.4117916,5.6448655,0.5135568,0.4057595,0.61065143,IDP-ESM2-8M,93,310,0.12140488624572754,0.4490346908569336,0.007993657218782535,0.012328207492828425,0.006857532066946392
Q0PFA4,2.5440783500671387,6.210549831390381,0.5356107997106777,0.3995899260044098,0.5764300357144364,2.4820874,5.807783,0.51369005,0.4046633,0.61748344,IDP-ESM2-8M,93,310,0.061990976333618164,0.40276670455932617,0.021920745294021216,0.005073368549346924,0.04105340134687341
Q0PFA9,2.6260666847229004,6.123032093048096,0.5380308019053236,0.4009446799755096,0.5911469473677936,2.3326306,5.4821696,0.52012056,0.40892172,0.5985437,IDP-ESM2-8M,93,310,0.29343605041503906,0.6408624649047852,0.01791024078242931,0.007977038621902521,0.007396756188267184
Q0QZD2,2.0776827335357666,5.097110748291016,0.6015571175821984,0.4639869332313537,0.5254246945006606,1.9478283,4.883269,0.60960233,0.4785065,0.5025352,IDP-ESM2-8M,93,310,0.12985444068908691,0.21384191513061523,0.00804521453297491,0.014519572257995661,0.022889470539784185
Q0QZH2,2.01521372795105,4.520552158355713,0.4722881189637405,0.377888023853302,0.6608434629900098,1.9869604,4.568366,0.48761448,0.38943547,0.6475068,IDP-ESM2-8M,93,310,0.02825331687927246,0.04781389236450195,0.015326363677479582,0.011547446250915527,0.013336689518177569
Q0WY62,1.583643674850464,3.796311616897583,0.5681448066884481,0.454935759305954,0.5407180806293341,1.5010011,3.6962192,0.57467204,0.4561531,0.52810884,IDP-ESM2-8M,93,310,0.08264255523681663,0.10009241104125977,0.006527236635068712,0.0012173354625701904,0.012609245408997216
Q102Z0,1.5264338254928589,3.535468101501465,0.5425249914050603,0.438608705997467,0.5677957770234316,1.6173925,3.8332283,0.5422131,0.43406484,0.56850433,IDP-ESM2-8M,93,310,0.09095871448516846,0.2977602481842041,0.00031190909152267743,0.004543870687484686,0.000708556472662103
Q102Z1,1.5627317428588867,3.752499103546143,0.5658753043742479,0.4530649483203888,0.5461718744116663,1.664392,3.9624054,0.54754573,0.43766758,0.57001436,IDP-ESM2-8M,93,310,0.10166025161743164,0.2099063396453853,0.018329573306590463,0.015397369861602783,0.023842483155167238
Q102Z2,1.5260303020477295,3.679841279983521,0.5509455290094699,0.4326828122138977,0.5552962829185091,1.4899588,3.5634077,0.5482553,0.4376818,0.56205326,IDP-ESM2-8M,93,310,0.0360715389251709,0.1164336204528813,0.002690204645761418,0.004998981952667236,0.006756980268899371
Q102Z3,1.5389286279678345,3.694434881210327,0.5399186429722581,0.4232986867427826,0.5770555524614331,1.7542956,4.149885,0.5389959,0.42967877,0.5725646,IDP-ESM2-8M,93,310,0.21536695957183838,0.45545029640197754,0.0009227213604722229,0.0063800811767578125,0.004490950563239782
Q102Z5,1.56300151348114,3.839358568191528,0.5644034346269647,0.4465832114219665,0.5475506959596723,1.6361468,3.904716,0.5501856,0.43868273,0.5584031,IDP-ESM2-8M,93,310,0.07314527034759544,0.06535744667053267,0.014217813842205218,0.007900476455688421,0.010852378781691208
Q102Z6,1.558843970298767,3.7468645572662354,0.5673616802091164,0.4505439102649688,0.5420287615713157,1.813834,4.2783985,0.53711057,0.428484,0.5765539,IDP-ESM2-8M,93,310,0.25498998165130615,0.53153395652771,0.030251113116220862,0.022059917449951116,0.034525119597049736
Q102Z7,1.5640738010406494,3.776497840881348,0.5798247022062354,0.4620537459850311,0.526505304692224,1.595351,3.8113678,0.5452876,0.43433213,0.5577543,IDP-ESM2-8M,93,310,0.03127717971801758,0.03486990928649858,0.03453709310589359,0.027721613645553533,0.03124897349075939
Q102Z8,1.5482416152954102,3.731268405914306,0.5637487035642732,0.4468946754932403,0.5442272161962655,1.6740403,3.9952574,0.5466442,0.4336999,0.55861044,IDP-ESM2-8M,93,310,0.12579870223999023,0.2639889717102055,0.017104492748843514,0.01319476962089533,0.014383223104271647
Q102Z9,1.5323196649551392,3.73967719078064,0.5722869605911137,0.4663804769515991,0.52553426774174,1.5531057,3.7007568,0.5412571,0.43109342,0.5597646,IDP-ESM2-8M,93,310,0.020786046981811523,0.03892040252685591,0.031029877175128617,0.035287052392959595,0.03423035590022783
Q103A0,1.4946423768997192,3.6296658515930176,0.5531974460240353,0.4405220150947571,0.5398507831587086,1.5810019,3.7553997,0.5382868,0.42841244,0.5700475,IDP-ESM2-8M,93,310,0.08635950088500977,0.1257338523864746,0.014910640871142244,0.012109577655792236,0.03019671459062001
Q103A1,1.538124680519104,3.718873977661133,0.5843005670279658,0.4782843887805938,0.5107895746198051,1.512526,3.6198642,0.55493397,0.43843043,0.54796195,IDP-ESM2-8M,93,310,0.025598645210266113,0.09900975227355957,0.029366601821819605,0.03985396027564997,0.0371723756823189
Q103A2,1.5653905868530271,3.8407812118530273,0.5867194827794993,0.4572076499462127,0.5171756339280824,1.6015551,3.810883,0.54175687,0.43224075,0.563713,IDP-ESM2-8M,93,310,0.03616452217102073,0.02989816665649414,0.0449626144170725,0.024966895580291693,0.04653738019774156
Q103A3,1.5026859045028689,3.740789175033569,0.5765756785739606,0.4582104086875915,0.5289017267253655,1.5758364,3.7602105,0.5490067,0.4373722,0.55479336,IDP-ESM2-8M,93,310,0.07315051555633523,0.019421339035034624,0.027568978058213567,0.020838201045989935,0.025891631123755587
Q103A4,1.509580135345459,3.709859609603882,0.5951766363983398,0.4716668725013733,0.5059623640273944,1.4170226,3.4191644,0.5596162,0.44255546,0.5357812,IDP-ESM2-8M,93,310,0.09255754947662354,0.2906951904296875,0.03556042832186279,0.029111415147781372,0.02981884067307561
Q103A5,1.4706743955612185,3.6151061058044434,0.5552761457204696,0.4367510974407196,0.5476863288197614,1.5776789,3.7311263,0.5365542,0.4266844,0.5746339,IDP-ESM2-8M,93,310,0.10700452327728249,0.11602020263671875,0.01872192838190756,0.010066688060760498,0.02694756753109917
Q103A6,1.4472562074661257,3.657702445983887,0.6025959109392942,0.4718280136585235,0.4848739671036193,1.4519942,3.4908206,0.5529761,0.44009814,0.5433631,IDP-ESM2-8M,93,310,0.004737973213195579,0.16688179969787642,0.04961983910473,0.031729876995086614,0.05848912722621469
Q103A7,1.4861767292022705,3.669062614440918,0.56097763573601,0.4309644997119903,0.5457976722460072,1.4009739,3.3922389,0.5616524,0.4463253,0.54386246,IDP-ESM2-8M,93,310,0.08520281314849854,0.2768237590789795,0.0006747862152839401,0.015360802412033137,0.0019352102022449635
Q103A8,1.447481393814087,3.426358699798584,0.5410486038493951,0.4221350848674774,0.5597594438096685,1.5432761,3.6516612,0.5423869,0.43378046,0.5643657,IDP-ESM2-8M,93,310,0.095794677734375,0.22530245780944824,0.00133828560830751,0.011645376682281494,0.004606241176446035
Q103A9,1.4570873975753784,3.450800895690918,0.5490579265296065,0.450244128704071,0.5616914649315569,1.5759373,3.7526844,0.54814994,0.43571588,0.55675244,IDP-ESM2-8M,93,310,0.11884987354278564,0.3018834590911865,0.0009079831778608938,0.01452824473381037,0.004939021617958228
Q107X9,2.80799412727356,6.488764762878418,0.5130437659144593,0.3940306901931762,0.6106053430899142,2.9714298,6.7418137,0.473751,0.38684988,0.71169543,IDP-ESM2-8M,93,310,0.16343569755554155,0.2530488967895508,0.03929275740386973,0.007180809974670355,0.10109008957304966
Q14UX9,1.8630846738815308,4.552669525146484,0.5844110232477137,0.4659469127655029,0.5358860147340566,1.7432214,4.1271105,0.547044,0.44162616,0.57858443,IDP-ESM2-8M,93,310,0.11986327171325684,0.42555904388427734,0.037367044079775424,0.02432075142860407,0.042698417867872096
Q14UY3,1.898222804069519,4.693295955657959,0.5957448860467704,0.483496218919754,0.5200671056318318,1.7350748,4.1029267,0.5432154,0.43679476,0.578388,IDP-ESM2-8M,93,310,0.16314804553985596,0.5903692245483398,0.052529492026689883,0.046701461076736395,0.05832087006091724
Q152W2,1.3960894346237185,2.9132158756256104,0.3709439138873314,0.3665268719196319,0.8047838481439029,1.4896003,3.483748,0.51517624,0.41373423,0.6014335,IDP-ESM2-8M,93,310,0.09351086616516091,0.5705320835113525,0.1442323227421547,0.047207355499267634,0.20335033259519686
Q159G2,1.862705111503601,4.510460376739502,0.5355296311643535,0.4163558483123779,0.5482713168791121,1.6475346,3.9650078,0.54603237,0.42196676,0.5254003,IDP-ESM2-8M,93,310,0.2151705026626587,0.5454525947570801,0.010502737972456822,0.00561091303825384,0.02287103592665851
Q159G5,2.3072855472564697,5.367988109588623,0.5302629042503726,0.4109596908092499,0.5666230990175788,2.21429,5.254462,0.53625834,0.4154783,0.5562419,IDP-ESM2-8M,93,310,0.09299564361572266,0.1135263442993164,0.005995435631524382,0.004518598318099976,0.010381169486481379
Q159M3,1.579951286315918,3.774785041809082,0.5333723503253851,0.4153158962726593,0.5475891384653464,1.5143743,3.613274,0.53344566,0.41796967,0.54550225,IDP-ESM2-8M,93,310,0.06557703018188477,0.16151094436645508,7.330597420596163e-05,0.002653777599334717,0.002086893039168425
Q19B12,2.2440643310546875,5.475481033325195,0.5714031446423263,0.4491946697235107,0.5547238819988454,2.0969105,4.988884,0.5462717,0.43604845,0.59142065,IDP-ESM2-8M,93,310,0.1471538543701172,0.48659706115722656,0.025131462856742837,0.013146221637725775,0.036696768483332365
Q19B37,1.7307177782058716,4.224379062652588,0.5969816230489038,0.4685884416103363,0.5187828596159181,1.8019034,4.4423814,0.59782916,0.47453457,0.5136378,IDP-ESM2-8M,93,310,0.07118558883666992,0.2180023193359375,0.0008475400255896215,0.005946129560470581,0.005145078472729603
Q19CE6,1.8292982578277588,4.247595310211182,0.5651964185863267,0.4677370190620422,0.5726799644550528,1.7584522,4.218304,0.55581367,0.4434576,0.58108276,IDP-ESM2-8M,93,310,0.0708460807800293,0.029291152954101562,0.009382748427940513,0.024279415607452337,0.00840279683263645
Q19CW0,1.5869520902633667,3.9253432750701904,0.5449473623377896,0.4395098090171814,0.5861127220701438,1.5726378,3.7660217,0.56080145,0.4549087,0.55644417,IDP-ESM2-8M,93,310,0.01431429386138916,0.15932154655456543,0.015854084100046073,0.015398889780044556,0.029668553979323442
Q19D16,1.609241604804993,4.104137420654297,0.6271915396636818,0.5056334137916565,0.4965862597697601,1.6263072,4.014733,0.59064996,0.4679827,0.5143594,IDP-ESM2-8M,93,310,0.01706564426422097,0.08940458297729492,0.03654157723844986,0.0376507043838501,0.017773154807724012
Q19NX3,2.321439504623413,5.079095363616943,0.4399017940174413,0.3707223236560821,0.7166487365041961,2.1266062,4.844389,0.46773475,0.37642482,0.6779357,IDP-ESM2-8M,93,310,0.19483327865600586,0.23470640182495117,0.027832960068099488,0.005702495574951227,0.03871301701414487
Q19UQ1,2.178329467773437,5.276423454284668,0.5920761206075342,0.4612559378147125,0.5402801906853764,2.3026762,5.9272366,0.6452551,0.5088382,0.47662604,IDP-ESM2-8M,93,310,0.12434673309326216,0.650813102722168,0.053178968198618115,0.0475822389125824,0.0636541521340458
Q19XC2,2.072807788848877,5.057569980621338,0.5921323164761212,0.4735101759433746,0.5457524631920455,1.8455971,4.5686865,0.5916891,0.46613422,0.51903725,IDP-ESM2-8M,93,310,0.2272106409072876,0.48888349533081055,0.00044320667387509616,0.0073759555816649836,0.02671521648794395
Q19XF8,1.7514724731445312,4.308929920196533,0.5657490001093233,0.4511358737945556,0.5552736514381182,1.8312812,4.448613,0.56790775,0.4497801,0.54228497,IDP-ESM2-8M,93,310,0.07980871200561523,0.13968324661254883,0.0021587504972135907,0.0013557672500609796,0.012988685922981524
Q19XJ8,1.4631043672561646,3.555136442184448,0.5701363979310915,0.4581097364425659,0.5341363939168355,1.4819796,3.4794734,0.51447076,0.41120005,0.589757,IDP-ESM2-8M,93,310,0.01887524127960205,0.07566308975219682,0.05566564187716694,0.04690968990325928,0.05562063132501627
Q19XN7,1.660650610923767,4.021685123443604,0.594056549261126,0.4741404354572296,0.5184560760935016,1.6803765,4.0669203,0.5594132,0.4505901,0.5564213,IDP-ESM2-8M,93,310,0.019725918769836426,0.045235157012938565,0.034643354604753984,0.023550331592559814,0.037965203813724924
Q19XV8,2.244357109069824,5.288377285003662,0.5617980152653586,0.4544282853603363,0.5786611872384213,2.217731,5.376527,0.5623387,0.43470278,0.5551052,IDP-ESM2-8M,93,310,0.026626110076904297,0.0881495475769043,0.0005406945658792406,0.019725501537322998,0.023555977887835367
Q19XW1,2.4841301441192627,6.451755523681641,0.6500494013145749,0.5093032717704773,0.5009065994810956,2.6704361,6.5951695,0.6229892,0.501096,0.5451469,IDP-ESM2-8M,93,310,0.18630599975585938,0.14341402053833008,0.02706022361071747,0.008207261562347412,0.044240283052931484
Q19YI2,1.425392746925354,3.39473819732666,0.5484425386633732,0.4401802718639374,0.5507910814493132,1.4736571,3.6223948,0.56792474,0.44695613,0.52823853,IDP-ESM2-8M,93,310,0.048264384269714355,0.22765660285949707,0.019482199266924627,0.006775856018066406,0.02255254652194505
Q19YS5,2.582314968109131,6.549942493438721,0.6224937941854274,0.4872753024101257,0.5209721076914988,2.4272377,6.0229607,0.6171948,0.49677342,0.54347473,IDP-ESM2-8M,93,310,0.15507721900939941,0.5269818305969238,0.005299022418764787,0.009498119354248102,0.02250262613799947
Q19YU1,1.9348753690719604,4.702529430389404,0.5682839759057561,0.4376396536827087,0.5267733665674295,1.795363,4.313327,0.54941124,0.43189657,0.55411625,IDP-ESM2-8M,93,310,0.13951241970062256,0.3892025947570801,0.01887273866591843,0.005743086338043157,0.0273428825170432
Q19Z22,3.7317090034484863,9.281399726867676,0.61341608628973,0.4695468842983246,0.5136085070165781,3.5212936,8.656937,0.6132382,0.47286677,0.50168353,IDP-ESM2-8M,93,310,0.21041536331176758,0.6244630813598633,0.00017787084325782132,0.0033198893070220947,0.011924973824897211
Q19ZG3,2.1193225383758545,5.200678825378418,0.5644554160846095,0.4450451731681824,0.5589526049422424,2.0255365,4.7272253,0.514754,0.41207516,0.62878436,IDP-ESM2-8M,93,310,0.09378600120544434,0.4734535217285156,0.04970141875871226,0.03297001123428345,0.06983175355919191
Q1A0D0,2.0224950313568115,4.918007373809815,0.5956056394711798,0.4784068167209625,0.5407660684359,1.8452762,4.505335,0.5759692,0.4539719,0.5244559,IDP-ESM2-8M,93,310,0.17721879482269287,0.4126725196838388,0.019636420263416166,0.024434924125671387,0.016310163475267703
Q1A4M9,2.45168399810791,5.758217811584473,0.6034417624243827,0.4779607057571411,0.5546894066301913,2.531595,6.430231,0.677341,0.5276343,0.39852172,IDP-ESM2-8M,93,310,0.0799109935760498,0.6720132827758789,0.07389922192009968,0.049673616886138916,0.15616768526712366
Q1A4P9,2.6617980003356934,5.645875453948975,0.4003834036213328,0.3363877832889557,0.8328134204371653,3.3897314,7.7415686,0.4806289,0.38693827,0.7181108,IDP-ESM2-8M,93,310,0.727933406829834,2.0956931114196777,0.08024550405917869,0.050550490617752075,0.11470262064773662
Q1EGY8,3.295926570892334,7.768068790435791,0.6022507531684067,0.47369185090065,0.5258451005112948,3.105054,7.4544206,0.5748519,0.44866633,0.534688,IDP-ESM2-8M,93,310,0.1908726692199707,0.3136482238769531,0.027398882631602506,0.025025516748428345,0.008842895399349682
Q1EGZ1,3.521714448928833,8.512552261352539,0.612903765446632,0.4927096664905548,0.522919221308588,3.1920352,7.7007427,0.58395857,0.45477796,0.52822864,IDP-ESM2-8M,93,310,0.3296792507171631,0.8118095397949219,0.028945199257819798,0.03793171048164368,0.005309419247747416
Q1EGZ2,3.5945634841918945,8.452336311340332,0.5826930446459146,0.4522896707057953,0.5669053954271718,3.173613,7.610941,0.5657417,0.4398216,0.55051625,IDP-ESM2-8M,93,310,0.42095041275024414,0.841395378112793,0.01695132683051548,0.012468069791793823,0.016389147677843163
Q1EH05,4.274602890014648,9.969808578491213,0.6049517896969822,0.4974344670772552,0.5556294737984008,3.711865,8.85828,0.5699011,0.4454918,0.5698174,IDP-ESM2-8M,93,310,0.5627379417419434,1.111528396606447,0.0350506809552219,0.05194267630577082,0.01418795002209483
Q1EH28,3.3626437187194824,8.010565757751465,0.5956544497834614,0.4795834422111511,0.5330649701460161,3.0644016,7.3691063,0.58019096,0.45194376,0.5294429,IDP-ESM2-8M,93,310,0.29824209213256836,0.6414594650268555,0.015463493190901567,0.027639687061309814,0.0036220637663163524
Q1EH30,3.4096574783325195,7.8783135414123535,0.599178377609126,0.4864710569381714,0.5335857205508661,3.1057305,7.498771,0.58336896,0.45290768,0.5257358,IDP-ESM2-8M,93,310,0.303926944732666,0.37954235076904297,0.015809420566431864,0.03356337547302246,0.007849925052971773
Q1EH36,3.4856793880462646,8.384860038757324,0.6027651680910061,0.4693197607994079,0.5387521367480379,3.131574,7.545595,0.5844344,0.45585558,0.52961594,IDP-ESM2-8M,93,310,0.35410547256469727,0.8392648696899414,0.01833077802295191,0.013464182615280096,0.009136198084555236
Q1EH45,4.208730697631836,10.27480697631836,0.6338811670406332,0.506172239780426,0.5124249856587628,3.6919303,8.881619,0.5907062,0.46071702,0.53857666,IDP-ESM2-8M,93,310,0.5168004035949707,1.3931875228881836,0.04317493783073334,0.045455217361450195,0.02615167688167297
Q1EH47,4.704014301300049,11.130596160888672,0.6130627413813228,0.4897034466266632,0.56367836258182,3.947919,9.4764,0.5894586,0.4578276,0.5429877,IDP-ESM2-8M,93,310,0.7560954093933105,1.654195785522461,0.023604156595861348,0.0318758487701416,0.02069065830478145
Q1EH77,3.790067195892334,8.998767852783203,0.6022257840103399,0.4814599752426147,0.5501066026476011,3.4317002,8.198658,0.57705635,0.45218885,0.5561353,IDP-ESM2-8M,93,310,0.3583669662475586,0.80010986328125,0.02516943568651786,0.029271125793456976,0.006028694173993099
Q1KWA0,2.329812526702881,5.434887886047363,0.5169317475517831,0.4146731495857239,0.6258294377670979,2.4167411,5.691111,0.5322709,0.41793835,0.5864299,IDP-ESM2-8M,93,310,0.0869286060333252,0.256223201751709,0.01533916080392983,0.003265202045440674,0.03939954379660837
Q1MWN9,3.8329460620880127,9.075664520263672,0.5596740135915395,0.4320222437381744,0.5812591116833139,3.5939083,8.532541,0.55578655,0.43632177,0.59870714,IDP-ESM2-8M,93,310,0.23903775215148926,0.5431232452392578,0.0038874635465260265,0.004299521446228083,0.01744802780872101
Q1WIU5,2.5448813438415527,6.210842132568359,0.5404643134988731,0.4280964136123657,0.5901047156420977,2.5241127,5.954282,0.53080314,0.41910362,0.61403996,IDP-ESM2-8M,93,310,0.02076864242553711,0.2565603256225586,0.009661169520754243,0.008992791175842285,0.023935241881248293
Q1WIU7,2.5449488162994385,5.991891860961914,0.5328514330414892,0.4194750189781189,0.6017386166933049,2.5788257,6.056791,0.52448,0.41469446,0.625192,IDP-ESM2-8M,93,310,0.033876895904541016,0.06489896774291992,0.008371447804367604,0.004780560731887817,0.02345336986751667
Q1XDV1,1.4390199184417725,3.416501522064209,0.563394143776547,0.4496183693408966,0.5348573597522929,1.4697853,3.5863285,0.5641786,0.44530815,0.5317146,IDP-ESM2-8M,93,310,0.030765414237976074,0.16982698440551758,0.000784442229617599,0.00431022047996521,0.0031427415462687014
Q1ZYP5,1.9281294345855715,4.438208103179932,0.536236591782784,0.4210100173950195,0.5795526530177317,1.9194779,4.6474276,0.56037384,0.439224,0.54699165,IDP-ESM2-8M,93,310,0.00865149497985862,0.20921945571899414,0.024137250933432997,0.018213987350463923,0.032561006727906294
Q20BU0,1.7003350257873535,4.136878490447998,0.5639209096922865,0.4431666433811188,0.5339262051101162,1.5307664,3.711785,0.561647,0.44026944,0.5323879,IDP-ESM2-8M,93,310,0.16956865787506104,0.425093412399292,0.0022739117636670914,0.002897202968597412,0.001538292836709254
Q20BW6,1.868373155593872,4.337709426879883,0.4942193882859804,0.3939456045627594,0.6246759637945928,1.8390847,4.4043427,0.54684305,0.42709383,0.55508566,IDP-ESM2-8M,93,310,0.029288411140441895,0.06663322448730469,0.05262366362442,0.033148229122161865,0.06959030476749317
Q20HY6,3.653904438018799,8.634744644165039,0.5449937451465162,0.431265652179718,0.5825213142937554,3.3342986,7.8169923,0.52708924,0.41365567,0.61601835,IDP-ESM2-8M,93,310,0.31960582733154297,0.8177523612976074,0.017904506979707135,0.017609983682632446,0.03349704059897529
Q27Q61,1.9780032634735107,4.46989631652832,0.5507854388398422,0.4371532797813415,0.5620229366263119,1.9595077,4.677836,0.54219717,0.42771852,0.5771213,IDP-ESM2-8M,93,310,0.018495559692382812,0.20793962478637695,0.008588270966459643,0.009434759616851751,0.015098380760315333
Q27Q66,1.830897331237793,3.5715155601501465,0.452851915592437,0.3787749409675598,0.7018176329459231,1.8248994,4.255595,0.51295954,0.4107174,0.6188021,IDP-ESM2-8M,93,310,0.005997896194458008,0.684079647064209,0.060107624297852325,0.0319424569606781,0.08301556232824736
Q27Q71,1.9729509353637693,4.544708728790283,0.5566190819313676,0.4375507831573486,0.557246627735866,1.9661698,4.721433,0.55058783,0.43195033,0.56129736,IDP-ESM2-8M,93,310,0.006781101226806419,0.17672443389892578,0.006031249003663697,0.005600452423095648,0.00405072934650097
Q27Q76,1.91081178188324,4.2866950035095215,0.5118536150851574,0.4183390736579895,0.617654506034796,1.8739878,4.447615,0.53650486,0.42517638,0.58335984,IDP-ESM2-8M,93,310,0.03682398796081565,0.1609201431274414,0.024651249607530623,0.006837308406829834,0.034294668502752534
Q27Q84,1.5412836074829102,3.823588371276856,0.571069391117349,0.4481203556060791,0.530981987646832,1.7588768,4.2498713,0.5553257,0.43226647,0.5325783,IDP-ESM2-8M,93,310,0.21759319305419922,0.42628288269042924,0.015743704185738894,0.0158538818359375,0.001596301861987559
Q287B2,2.26259708404541,5.386659145355225,0.5447592223875889,0.4170198142528534,0.5586713929655757,2.2665942,5.3217216,0.52549195,0.41449112,0.5969993,IDP-ESM2-8M,93,310,0.003997087478637695,0.06493759155273438,0.01926726949147073,0.0025286972522735596,0.03832789463970998
Q287K0,3.239856481552124,8.033544540405273,0.6422718074663714,0.5171895027160645,0.519737352859289,3.2047076,8.156282,0.69520974,0.53927386,0.4076945,IDP-ESM2-8M,93,310,0.03514885902404785,0.12273788452148438,0.05293793412603587,0.022084355354309082,0.11204286409547981
Q2EQ07,1.803499698638916,4.197310924530029,0.5058855888191699,0.4134945273399353,0.6058267277506696,1.9156336,4.4415936,0.50351393,0.40303987,0.6210204,IDP-ESM2-8M,93,310,0.11213386058807373,0.24428272247314453,0.002371656591081517,0.010454654693603516,0.015193648931611903
Q2EQJ4,2.297208786010742,5.389327526092529,0.5171436223767302,0.4003026485443115,0.6223606261760961,2.258005,5.3742857,0.5534611,0.43438843,0.55909294,IDP-ESM2-8M,93,310,0.03920388221740723,0.015041828155517578,0.03631745245237139,0.03408578038215637,0.06326768727610221
Q2EX97,2.726416110992432,6.320390701293945,0.5163343118088486,0.415488600730896,0.6118342661371714,2.6376164,6.241035,0.5341238,0.41558,0.57422894,IDP-ESM2-8M,93,310,0.0887997150421147,0.07935571670532227,0.017789466534352094,9.140372276306152e-05,0.03760532374291481
Q2EXS5,3.426549434661865,8.207439422607422,0.5082992260007408,0.3940737843513489,0.6176215961071905,3.448889,8.09293,0.5143621,0.39978367,0.613658,IDP-ESM2-8M,93,310,0.02233958244323775,0.11450958251953125,0.006062870785758179,0.00570988655090332,0.0039635851475652295
Q2I7C2,2.909256219863892,6.969042778015137,0.549351830270756,0.4456551373004913,0.5620466662593858,2.8142686,6.599283,0.5221633,0.40603015,0.60594296,IDP-ESM2-8M,93,310,0.09498763084411666,0.36975955963134766,0.02718855836676426,0.039624989032745306,0.04389629829444719
Q2I7C9,2.771064758300781,6.347957611083984,0.5140829789818657,0.3920114040374756,0.6130837287728651,2.8133671,6.5750256,0.51121414,0.3993494,0.6240339,IDP-ESM2-8M,93,310,0.04230237007141158,0.2270679473876953,0.0028688419045341806,0.007337987422943115,0.010950199144615369
Q2I7D5,2.75937557220459,6.268843173980713,0.4963187572759648,0.3780087530612945,0.6523863202379446,2.8044016,6.599115,0.5224447,0.40575346,0.6028238,IDP-ESM2-8M,93,310,0.04502606391906738,0.33027172088623047,0.026125967760656288,0.027744710445404108,0.04956252634985259
Q2I7D8,2.728187322616577,6.365826606750488,0.5179567383153232,0.4036733210086822,0.5946693488292122,2.851871,6.6655407,0.5109794,0.39890513,0.6217015,IDP-ESM2-8M,93,310,0.12368369102478027,0.2997140884399414,0.006977324329117129,0.004768192768096868,0.027032130128917697
Q2I7D9,2.877480745315552,6.7767653465271,0.5332333119287698,0.4189158976078033,0.5918262926504011,2.9830809,6.9971323,0.52455205,0.4085709,0.6069868,IDP-ESM2-8M,93,310,0.10560011863708452,0.2203669548034668,0.008681264676114742,0.010345011949539129,0.015160528047383326
Q2KRX9,3.2031466960906982,7.503121376037598,0.5375595703927668,0.4145285487174988,0.6117342282167654,2.9701388,7.0208445,0.53347725,0.41839832,0.60728467,IDP-ESM2-8M,93,310,0.23300790786743164,0.48227691650390625,0.004082323631444784,0.003869771957397461,0.004449563109038324
Q2LGY8,3.799244165420532,9.026793479919434,0.5106952942882074,0.4085971713066101,0.6572164209256665,4.1103888,9.706953,0.5314635,0.40872043,0.6167915,IDP-ESM2-8M,93,310,0.31114459037780806,0.6801595687866211,0.02076820954937808,0.0001232624053955078,0.04042493418555415
Q2NNY0,2.635316133499145,6.612315654754639,0.6456062025447736,0.5031752586364746,0.5157738638827554,2.8809366,7.4143844,0.7144656,0.55651146,0.379063,IDP-ESM2-8M,93,310,0.24562048912048384,0.8020687103271484,0.06885941558877129,0.05333620309829712,0.1367108536669961
Q2PDL2,2.6513826847076416,6.32809591293335,0.5023123994174363,0.3713691830635071,0.6319569987158866,2.72469,6.3698716,0.51343906,0.40171942,0.6138301,IDP-ESM2-8M,93,310,0.07330727577209473,0.04177570343017578,0.011126659840070996,0.03035023808479309,0.018126909146794823
Q2PZ57,2.63270115852356,6.25827169418335,0.5223377060358383,0.403551697731018,0.6179877452219057,2.6256568,6.1591625,0.51946425,0.41059056,0.63798225,IDP-ESM2-8M,93,310,0.00704431533813521,0.09910917282104492,0.0028734516565658286,0.007038861513137873,0.019994504038043037
Q2PZ59,2.725127458572388,6.582545280456543,0.5468175565292951,0.4270278513431549,0.5856750794900661,2.560502,6.0015564,0.5190134,0.41014323,0.6361978,IDP-ESM2-8M,93,310,0.16462540626525923,0.580988883972168,0.027804151683103684,0.01688462495803833,0.050522725914596944
Q2PZ62,2.6204662322998047,6.341001987457275,0.5048196946513361,0.3883367776870727,0.6541576384567752,2.6146,6.109448,0.5157248,0.4089513,0.64297247,IDP-ESM2-8M,93,310,0.005866289138793945,0.2315540313720703,0.010905083524017867,0.020614534616470392,0.01118516912694123
Q2PZ64,2.72036075592041,6.704376697540283,0.5418075192152485,0.4275480508804321,0.5918351967601511,2.6245115,6.160376,0.524084,0.41347432,0.6273542,IDP-ESM2-8M,93,310,0.09584927558898926,0.5440006256103516,0.017723547238014614,0.014073729515075628,0.03551900789454254
Q2PZ75,2.7612271308898926,6.6596856117248535,0.547329473619939,0.4203754067420959,0.5888664982452768,2.7044594,6.3382335,0.5194535,0.4107649,0.6399779,IDP-ESM2-8M,93,310,0.05676770210266113,0.32145214080810547,0.02787594807672611,0.00961050391197199,0.05111137412639677
Q2TVL9,2.5339555740356445,6.137641429901123,0.5886520772353797,0.4529864192008972,0.5454483044092722,2.5091813,5.950202,0.5574286,0.44628957,0.57262677,IDP-ESM2-8M,93,310,0.02477431297302246,0.1874394416809082,0.031223478831449047,0.006696850061416626,0.027178465133421925
Q2VAE1,2.04752779006958,4.690088272094727,0.5014953087961709,0.3882296085357666,0.6339265724312286,2.1222947,5.004302,0.52790564,0.41512856,0.5899381,IDP-ESM2-8M,93,310,0.07476687431335449,0.31421375274658203,0.026410334190126727,0.026898950338363647,0.043988468278549187
Q2VF21,1.55743408203125,3.670363664627075,0.5349345515418781,0.4270355701446533,0.5813243654435998,1.6634884,3.9415624,0.5515511,0.44464892,0.5766803,IDP-ESM2-8M,93,310,0.10605430603027344,0.27119874954223633,0.016616552050040867,0.017613351345062256,0.0046440628236656956
Q2WC16,1.6622265577316284,3.9985175132751465,0.5808101966310709,0.4684866964817047,0.5387055658498693,1.5529991,3.847152,0.6073068,0.47977984,0.4800577,IDP-ESM2-8M,93,310,0.10922741889953613,0.1513655185699463,0.026496581799867802,0.011293143033981323,0.058647879282562765
Q2WC23,1.8534034490585327,4.394892692565918,0.5711479567555796,0.4638168811798095,0.5537437311687449,1.788909,4.3403397,0.56155884,0.44496173,0.55192137,IDP-ESM2-8M,93,310,0.06449449062347412,0.05455303192138672,0.009589114096583029,0.01885515451431269,0.0018223635234811963
Q2XT86,1.8485183715820312,4.414977550506592,0.5351102144168849,0.4232984781265259,0.5762128964107867,1.8695419,4.4578876,0.53868043,0.42338696,0.5665662,IDP-ESM2-8M,93,310,0.02102351188659668,0.042910099029541016,0.0035702198101048577,8.848309516906738e-05,0.009646667544209508
Q2Z0R7,2.308271884918213,5.392824649810791,0.5336318058201349,0.427615761756897,0.5998224053387609,2.2167783,5.256089,0.53237146,0.4188842,0.5850857,IDP-ESM2-8M,93,310,0.09149360656738281,0.1367354393005371,0.0012603444286859444,0.008731573820114136,0.014736715317245963
Q30BN4,5.188531398773193,12.964834213256836,0.5586410518911467,0.4249902963638305,0.5645398775379699,4.5735755,10.883412,0.53503656,0.40895584,0.61309314,IDP-ESM2-8M,93,310,0.6149559020996094,2.0814218521118164,0.02360448801785564,0.01603445410728449,0.04855326020311901
Q33CR5,2.842214345932007,6.721206665039063,0.5343582693040909,0.4182931780815124,0.5811760532952452,2.8571863,6.6670547,0.5133453,0.40060392,0.6208786,IDP-ESM2-8M,93,310,0.01497197151184082,0.05415201187133878,0.02101296815281528,0.01768925786018366,0.0397025239371156
Q33CS0,2.7922840118408203,6.689250469207764,0.5388448102162067,0.4086418449878692,0.5626912441653728,2.8152628,6.591496,0.5161917,0.40202042,0.61287725,IDP-ESM2-8M,93,310,0.022978782653808594,0.09775447845458984,0.022653089253682257,0.006621420383453314,0.05018600555233965
Q33CS7,2.819076538085937,6.521511077880859,0.5362808524465216,0.4242874085903168,0.5724307617508002,2.8504777,6.673804,0.51529896,0.40186143,0.6142902,IDP-ESM2-8M,93,310,0.031401157379150835,0.15229272842407227,0.02098188985344296,0.022425979375839233,0.04185941607131283
Q33CU7,2.4815328121185303,5.758415699005127,0.525126493988801,0.4112064242362976,0.5876695858772191,2.3914611,5.650055,0.5231005,0.40679374,0.5911699,IDP-ESM2-8M,93,310,0.0900716781616211,0.10836076736450195,0.002025998650361016,0.0044126808643341064,0.0035003078643885965
Q33CV3,2.5215156078338623,6.042768478393555,0.5348888717337157,0.4092934429645538,0.5770432486065242,2.433436,5.7238092,0.5203834,0.40618688,0.59998155,IDP-ESM2-8M,93,310,0.08807969093322754,0.31895923614501953,0.014505454127361928,0.003106564283370916,0.02293829779545331
Q33CV7,2.434470891952514,5.669444561004639,0.5132824725487591,0.3993055820465088,0.6008233737406887,2.418152,5.715188,0.52329725,0.4071698,0.5885107,IDP-ESM2-8M,93,310,0.016318798065185103,0.045743465423583984,0.010014777722084367,0.007864207029342651,0.012312681621090338
Q33CW2,2.563660860061645,5.935413837432861,0.5424450755278026,0.4218400120735168,0.5710855664431488,2.5289888,5.9535995,0.52410024,0.40768954,0.59640867,IDP-ESM2-8M,93,310,0.03467202186584428,0.01818561553955078,0.018344831482545065,0.014150470495223944,0.025323098737057514
Q33CX7,2.726118564605713,6.305020809173584,0.5039917460297046,0.3902336061000824,0.6256133417955679,2.7447479,6.445844,0.5180436,0.4023265,0.6020618,IDP-ESM2-8M,93,310,0.01862931251525879,0.1408233642578125,0.01405183164134638,0.012092888355255127,0.023551533686284487
Q33CX8,2.490636348724365,5.785171508789063,0.5289265577992638,0.4186762869358063,0.5806452765482941,2.3515537,5.568618,0.5278348,0.410356,0.58207095,IDP-ESM2-8M,93,310,0.13908267021179155,0.2165536880493173,0.0010917847356041177,0.00832030177116394,0.0014256701451262899
Q33CZ4,2.4961965084075928,5.860508918762207,0.5232478847269486,0.3943646550178528,0.595587068025605,2.4025285,5.650206,0.51974386,0.4052822,0.595242,IDP-ESM2-8M,93,310,0.09366798400878906,0.21030282974243164,0.0035040249590347905,0.0109175443649292,0.00034504455758743724
Q33D00,2.5042660236358643,5.881519317626953,0.5259652723863895,0.4060133397579193,0.5910270115584749,2.459971,5.8035893,0.5213178,0.40587404,0.5930021,IDP-ESM2-8M,93,310,0.04429507255554199,0.07792997360229492,0.0046474923685366765,0.0001392960548400879,0.0019750693588834745
Q33D03,2.7177610397338867,6.213830947875977,0.5037662836608434,0.3932824432849884,0.6241727257399146,2.8263283,6.6099706,0.5126111,0.4009787,0.6226098,IDP-ESM2-8M,93,310,0.1085672378540039,0.39613962173461914,0.008844807476088956,0.007696270942687988,0.0015629316000524973
Q33D07,2.5099008083343506,5.878197193145752,0.52978165243962,0.4124375283718109,0.5849230078351475,2.4318902,5.7328496,0.5237266,0.4077711,0.5911442,IDP-ESM2-8M,93,310,0.07801055908203125,0.14534759521484375,0.00605506991245941,0.004666417837142944,0.006221196304561971
Q33D14,2.759350776672364,6.568222522735596,0.5270750464211567,0.3996683061122894,0.5809571647796563,2.7903333,6.5557184,0.52168936,0.4056143,0.60458857,IDP-ESM2-8M,93,310,0.03098249435424716,0.012504100799560547,0.005385691047774088,0.005945980548858698,0.023631403430945497
Q33D20,2.5674164295196533,6.109703540802002,0.5516147437184384,0.4354508221149444,0.5537220531517988,2.5697303,6.0607934,0.5282432,0.41308197,0.59511083,IDP-ESM2-8M,93,310,0.002313852310180664,0.04891014099121094,0.023371559628777794,0.022368848323821966,0.041388780493068156
Q38506,1.64033842086792,3.879478693008423,0.5591180584519143,0.4519509077072143,0.5456186948373363,1.6905432,4.1526623,0.56851053,0.44335365,0.5171976,IDP-ESM2-8M,93,310,0.05020475387573242,0.27318358421325684,0.009392473927236078,0.008597254753112737,0.028421085889582365
Q38583,2.3174071311950684,5.596180438995361,0.5679016410733122,0.4349576830863952,0.5816125546113902,2.2978404,5.610641,0.57572067,0.449908,0.55240154,IDP-ESM2-8M,93,310,0.019566774368286133,0.014460563659667969,0.00781902676573809,0.014950305223465021,0.029211011947815946
Q38HE4,2.315213203430176,5.873088359832764,0.5576059614609695,0.4299439489841461,0.5867283429612739,2.3229716,5.3866744,0.54922986,0.45382744,0.61403507,IDP-ESM2-8M,93,310,0.007758378982543945,0.48641395568847656,0.00837610115518339,0.02388349175453186,0.027306726981200513
Q38I94,2.7038400173187256,6.354191780090332,0.5240944821740221,0.3986773788928985,0.608912124744787,3.0827272,7.3168206,0.5402309,0.4169251,0.5966528,IDP-ESM2-8M,93,310,0.3788871765136719,0.9626288414001465,0.016136388072865104,0.018247723579406794,0.012259318939580655
Q38I97,2.783862829208374,6.512917518615723,0.538055112812006,0.4248154759407043,0.5954403389150564,2.906896,6.8993115,0.5426198,0.41853902,0.58441466,IDP-ESM2-8M,93,310,0.12303328514099121,0.38639402389526367,0.004564711597478843,0.00627645850181574,0.011025677984422888
Q38IM8,2.6556992530822754,6.478208541870117,0.555491440511415,0.4247250258922577,0.5935929323566661,2.3445272,5.5001345,0.5496511,0.44497234,0.5949682,IDP-ESM2-8M,93,310,0.3111720085144043,0.9780740737915039,0.0058403541810011506,0.020247310400009155,0.0013752673732533305
Q38IP7,2.6160364151000977,6.314549446105957,0.5313053739687542,0.4201443493366241,0.6356944482156893,2.308439,5.4632225,0.5628623,0.4529311,0.5690375,IDP-ESM2-8M,93,310,0.30759739875793457,0.8513269424438477,0.03155690306219061,0.032786756753921564,0.0666569511720797
Q3C1Z8,1.5489071607589722,3.737790107727051,0.5752053395881571,0.4599210321903229,0.5485368120199718,1.5628757,3.7156782,0.571775,0.4742189,0.5695674,IDP-ESM2-8M,93,310,0.013968586921691895,0.022111892700195312,0.0034303204193033565,0.01429787278175354,0.021030570315691
Q3C203,2.965519905090332,6.896722793579102,0.5122124321992579,0.3932014405727386,0.6294759656342676,3.1178794,7.325342,0.52780634,0.40995556,0.5997929,IDP-ESM2-8M,93,310,0.1523594856262207,0.428619384765625,0.015593909448843868,0.016754120588302668,0.029683067933004126
Q3HNZ7,2.253575086593628,5.150715827941895,0.5205471424243342,0.4241325259208679,0.6020845919534108,2.2540019,5.3225884,0.5351363,0.4203608,0.5801545,IDP-ESM2-8M,93,310,0.0004267692565917969,0.1718726158142081,0.014589140019666047,0.0037717223167419434,0.02193011340345352
Q3HP08,2.3872547149658203,5.704742431640625,0.5533609610051153,0.454143226146698,0.5709981091895391,2.3134663,5.4627395,0.5347901,0.42071667,0.5807474,IDP-ESM2-8M,93,310,0.07378840446472168,0.2420029640197754,0.018570862337970562,0.03342655301094055,0.009749316366643779
Q3HP10,2.369090795516968,5.573545455932617,0.530706605520972,0.4277097582817077,0.6076717857412735,2.3034413,5.4252543,0.5318275,0.4193959,0.5876055,IDP-ESM2-8M,93,310,0.06564950942993208,0.14829111099243164,0.0011209038822567186,0.008313864469528143,0.02006630936187892
Q3HP12,2.277672052383423,5.463841438293457,0.5484222321817306,0.4401075839996338,0.5544341394244618,2.2984495,5.4241886,0.53206414,0.41852227,0.58045477,IDP-ESM2-8M,93,310,0.020777463912963867,0.03965282440185547,0.016358092338743524,0.021585315465927124,0.026020627325873846
Q3HWX5,2.6939961910247803,6.224817276000977,0.528998125256102,0.4212939739227295,0.5887525881476166,2.582216,6.0525684,0.5126149,0.40062863,0.6113952,IDP-ESM2-8M,93,310,0.11178016662597656,0.17224884033203125,0.016383219421904016,0.020665347576141357,0.022642592077755763
Q3HWX7,2.636512517929077,6.248574256896973,0.5435633830156484,0.4244741201400757,0.563060603795459,2.3551717,5.537952,0.51874226,0.40490648,0.5918503,IDP-ESM2-8M,93,310,0.2813408374786377,0.7106223106384277,0.024821119698540284,0.019567638635635376,0.02878967696625978
Q3HWY0,2.7557218074798584,6.474865913391113,0.5359721785041821,0.4243189990520477,0.5865940488225854,2.5799623,6.0422378,0.5152922,0.40306428,0.6110539,IDP-ESM2-8M,93,310,0.17575955390930176,0.43262815475463867,0.020679951235963112,0.021254718303680364,0.02445983520680306
Q3HWY5,2.924962043762207,6.842121124267578,0.5499919540834064,0.4378347396850586,0.5920688038255267,2.7545133,6.589124,0.5518133,0.43194506,0.561367,IDP-ESM2-8M,93,310,0.17044878005981445,0.25299692153930664,0.0018213503408794907,0.005889683961868286,0.030701828518062135
Q3HWY6,2.69209623336792,6.424272060394287,0.5229693438649432,0.3995980024337768,0.6007930804014103,2.5936716,6.068656,0.51124793,0.40045008,0.6172892,IDP-ESM2-8M,93,310,0.09842467308044434,0.35561609268188477,0.011721410954024014,0.0008520781993866522,0.016496105122576488
Q3KSP3,3.092864751815796,7.410776138305664,0.5802499370750241,0.4503308832645416,0.5320276525175212,3.2354,7.7849073,0.5729048,0.44385695,0.52310854,IDP-ESM2-8M,93,310,0.14253520965576172,0.3741312026977539,0.007345111864452858,0.006473928689956665,0.008919110552036535
Q3LUB4,2.8321540355682373,6.852625846862793,0.5542958760016855,0.4236774742603302,0.5637685816867816,2.550172,6.0105495,0.51934624,0.40550232,0.6029787,IDP-ESM2-8M,93,310,0.2819819450378418,0.842076301574707,0.03494963881906832,0.0181751549243927,0.039210124673081714
Q3LUB6,2.898892879486084,6.818630218505859,0.5564358290950282,0.4437603056430816,0.5728218785480071,2.927677,6.979498,0.5458918,0.42562613,0.5729091,IDP-ESM2-8M,93,310,0.02878403663635254,0.16086769104003906,0.010544007710598269,0.018134176731109564,8.723819698797097e-05
Q3LWP3,3.291009426116944,7.718217372894287,0.5057570923521906,0.3890343904495239,0.6426087521990572,3.3094862,7.745945,0.5122137,0.4009076,0.6454704,IDP-ESM2-8M,93,310,0.018476724624633345,0.027727603912353516,0.00645661461802427,0.011873215436935425,0.0028616285840238342
Q3S669,2.926644325256348,6.7000041007995605,0.5056257545559816,0.4037747979164123,0.644447002556822,2.8118947,6.5645447,0.52095664,0.41139776,0.6203809,IDP-ESM2-8M,93,310,0.11474967002868697,0.13545942306518555,0.015330880919177114,0.007622957229614313,0.02406612410833564
Q3T244,2.1477315425872803,5.366142272949219,0.6332322503707922,0.5245952010154724,0.505464004014229,1.8842663,4.468972,0.5345349,0.4232853,0.58493114,IDP-ESM2-8M,93,310,0.2634652853012085,0.8971700668334961,0.09869737879257567,0.1013098955154419,0.07946713116338333
Q3T364,1.9882673025131223,5.024046897888184,0.5915388704201038,0.456082671880722,0.4992868566788497,1.8415605,4.337888,0.52920467,0.4225672,0.58973396,IDP-ESM2-8M,93,310,0.14670681953430154,0.6861591339111328,0.06233420380557131,0.03351548314094538,0.09044710156547403
Q3T393,1.828523755073548,3.540015459060669,0.4121340431344334,0.3729677498340606,0.7923927177071772,1.9119459,4.4821672,0.52102834,0.4159022,0.60169345,IDP-ESM2-8M,93,310,0.08342218399047785,0.9421517848968506,0.10889429672839007,0.04293444752693182,0.1906992663026057
Q3T5T1,2.4976789951324463,6.275598049163818,0.6945989794982913,0.5932931303977966,0.4292754752889779,2.0434012,4.8299336,0.5401108,0.42604703,0.5796871,IDP-ESM2-8M,93,310,0.45427775382995605,1.445664405822754,0.15448815300598173,0.16724610328674316,0.15041164324129552
Q3T5T2,2.254765510559082,5.279572486877441,0.5598978077689043,0.4067041575908661,0.569176479086255,2.1488845,5.092569,0.53970325,0.4243338,0.57831156,IDP-ESM2-8M,93,310,0.1058809757232666,0.18700361251831055,0.02019455783756885,0.017629653215408325,0.009135083451891957
Q3T5T4,1.988508224487305,4.747402667999268,0.4836630195820589,0.3222126364707947,0.6751638529470997,2.0177667,4.8229346,0.55112267,0.43281308,0.5624028,IDP-ESM2-8M,93,310,0.029258489608764426,0.0755319595336914,0.06745964582321456,0.11060044169425964,0.11276106812272835
Q3T5T7,2.147625207901001,5.117151737213135,0.5708265203589168,0.4452891647815704,0.5496266877257724,2.138905,5.0465107,0.5395872,0.42617846,0.57925224,IDP-ESM2-8M,93,310,0.008720159530639648,0.07064104080200195,0.031239320670959025,0.019110709428787176,0.029625555316219798
Q3T5U3,2.0672078132629395,4.843061923980713,0.5478678722966508,0.4367803931236267,0.586719824381463,2.0111063,4.773257,0.5444702,0.42888957,0.568074,IDP-ESM2-8M,93,310,0.05610156059265137,0.06980514526367188,0.003397681294758703,0.007890820503234863,0.018645836420647544
Q3T5U9,2.000345230102539,4.702556610107422,0.5464646239318555,0.4432204365730285,0.58268728919968,2.0013065,4.762126,0.54993886,0.43296224,0.5599465,IDP-ESM2-8M,93,310,0.0009613037109375,0.059569358825683594,0.00347423362353394,0.010258197784423773,0.022740811786502557
Q3T5V2,1.976707100868225,4.710358142852783,0.5624422472272718,0.4428675770759582,0.5614142245141348,1.8298898,4.3601203,0.5525744,0.43719977,0.56092715,IDP-ESM2-8M,93,310,0.14681732654571533,0.3502378463745117,0.009867851093848912,0.005667805671691839,0.00048707188046781535
Q3T5V7,1.980308175086975,4.825592994689941,0.572253825732643,0.4510398209095001,0.5457897490182031,1.8611156,4.4276886,0.5478545,0.43416855,0.56568176,IDP-ESM2-8M,93,310,0.11919260025024414,0.3979043960571289,0.024399342605049057,0.016871273517608643,0.01989200652455203
Q3V5E4,1.8973180055618288,4.685516834259033,0.5929562426628153,0.4631414711475372,0.5253457013688063,1.86304,4.6256385,0.60400856,0.47689778,0.48419315,IDP-ESM2-8M,93,310,0.03427803516387962,0.05987834930419922,0.011052312749477156,0.013756304979324396,0.041152555140016034
Q3YB07,1.5744837522506714,3.683671474456787,0.5245935123383709,0.427328884601593,0.5942550224575842,1.5758125,3.7450023,0.535173,0.4248731,0.5723729,IDP-ESM2-8M,93,310,0.0013287067413330078,0.06133079528808594,0.010579486566810958,0.002455770969390869,0.02188210909698851
Q3YJX6,2.505139112472534,5.622124195098877,0.5421328100273503,0.4350731670856476,0.5951255932113544,2.2538896,5.21991,0.5083174,0.40912107,0.65392584,IDP-ESM2-8M,93,310,0.2512495517730713,0.40221405029296875,0.03381539908145792,0.02595210075378418,0.05880024287491881
Q3YJY1,1.9430480003356927,4.622169017791748,0.5450968762922981,0.4350227415561676,0.5680049934067589,1.860866,4.4378567,0.5401731,0.4245227,0.5701677,IDP-ESM2-8M,93,310,0.08218204975128107,0.1843123435974121,0.004923762946198229,0.010500043630599976,0.0021627269110816583
Q3YPN7,2.127946853637696,4.952478408813477,0.5275118928699791,0.4196607172489166,0.6117795232950942,1.9901901,4.7199545,0.5343693,0.4206884,0.591176,IDP-ESM2-8M,93,310,0.13775670528411954,0.23252391815185547,0.006857397005051391,0.0010276734828948975,0.020603549879719463
Q45KG1,2.766964197158813,6.6851582527160645,0.5535559544119016,0.4259888827800751,0.5461095820827138,2.8567111,6.6806574,0.5153408,0.4011905,0.6110235,IDP-ESM2-8M,93,310,0.08974695205688521,0.004500865936279297,0.0382151493581907,0.02479839324951172,0.06491390357783922
Q461X8,3.631381273269653,8.983125686645508,0.6227331153368899,0.4749475121498108,0.5368991877627917,3.7073717,9.121487,0.6362098,0.4969175,0.48448947,IDP-ESM2-8M,93,310,0.07599043846130416,0.13836097717285156,0.01347667060137303,0.021969974040985107,0.052409717042500525
Q4A2Y9,3.704180240631104,8.548277854919434,0.5693208586581474,0.452962577342987,0.6059591355630346,3.6820881,8.840563,0.5660512,0.43922108,0.5904602,IDP-ESM2-8M,93,310,0.022092103958130327,0.2922849655151367,0.0032696735270744126,0.0137414932250976,0.015498954326767511
Q4GZW3,1.6829309463500977,3.8790221214294434,0.5103590615120673,0.416727066040039,0.6241229833247534,1.8253169,4.310024,0.5285183,0.41656348,0.5785267,IDP-ESM2-8M,93,310,0.14238595962524414,0.4310016632080078,0.018159257617876512,0.00016358494758600406,0.045596307623612
Q4KPD1,2.3899662494659424,5.709902763366699,0.5540427908980422,0.4171841442584991,0.5628646263044919,2.2538364,5.347956,0.5366922,0.42718378,0.59359634,IDP-ESM2-8M,93,310,0.13612985610961914,0.36194658279418945,0.017350588806825162,0.009999632835388239,0.030731712921277188
Q4KPE0,2.0389978885650635,4.838982582092285,0.5217921490151856,0.415973424911499,0.5899052271658851,1.8899239,4.4911785,0.52941847,0.41438884,0.57419527,IDP-ESM2-8M,93,310,0.14907395839691162,0.34780406951904297,0.007626319460156239,0.0015845894813537598,0.01570996139592662
Q4KPI4,2.611701011657715,6.092313289642334,0.5041122868692475,0.3931532204151153,0.631018101416726,2.495673,5.850045,0.5124824,0.40222245,0.608516,IDP-ESM2-8M,93,310,0.1160280704498291,0.24226808547973633,0.008370117839614832,0.00906923413276678,0.022502123557228915
Q4KPI5,1.9196524620056152,4.512378692626953,0.534427939563903,0.4208391904830932,0.5728706471402313,1.9878061,4.7129545,0.5249744,0.4154524,0.58742064,IDP-ESM2-8M,93,310,0.06815361976623535,0.2005758285522461,0.009453533798369551,0.00538679957389826,0.014549995235714763
Q4KS53,1.66680908203125,3.4171154499053955,0.43683670971079,0.3711273968219757,0.7102383387240614,1.6688305,3.911625,0.51309127,0.40992644,0.59999317,IDP-ESM2-8M,93,310,0.0020214319229125977,0.4945094585418701,0.07625455644445289,0.03879904747009277,0.11024516941635265
Q4KSY7,3.468942880630493,8.786966323852539,0.6407921463550609,0.4894512295722961,0.5196228779531722,3.5280151,8.721812,0.65609974,0.5132349,0.46283695,IDP-ESM2-8M,93,310,0.059072256088256836,0.0651540756225586,0.015307590335460364,0.023783683776855524,0.05678592693579243
Q4PKB7,2.6682558059692383,6.478139877319336,0.5727703793953427,0.4563716948032379,0.5572222831845041,2.7319214,6.4396253,0.53044647,0.41746974,0.6057659,IDP-ESM2-8M,93,310,0.06366562843322754,0.03851461410522461,0.04232390961155974,0.038901954889297485,0.04854359596970126
Q4PRW0,1.5687822103500366,3.9484939575195312,0.5853458564797526,0.4495293498039245,0.5103735444881708,1.6512716,3.9470108,0.55269593,0.43975616,0.5523038,IDP-ESM2-8M,93,310,0.08248937129974365,0.0014832019805908203,0.032649926475632696,0.009773194789886419,0.04193024655797173
Q4QTS8,1.5822422504425049,3.972146034240722,0.6094321598765268,0.4847536087036133,0.5119986790722417,1.7823293,4.2862196,0.6052271,0.4907702,0.49547282,IDP-ESM2-8M,93,310,0.2000870704650879,0.31407356262207076,0.0042050471064462025,0.006016582250595093,0.016525860459189357
Q4QVU0,1.907810091972351,4.511394500732422,0.5546749423638908,0.4327261447906494,0.5550436070683682,1.9535317,4.63403,0.534995,0.42297602,0.57604015,IDP-ESM2-8M,93,310,0.04572165012359619,0.1226353645324707,0.019679922928008242,0.009750127792358398,0.020996541666678192
Q4QW70,1.8419607877731323,4.3280558586120605,0.5363135258409968,0.4272885918617248,0.5860561097521163,1.7964396,4.2849083,0.5412913,0.42933208,0.5664685,IDP-ESM2-8M,93,310,0.04552114009857178,0.04314756393432617,0.004977770641089396,0.0020434856414795477,0.019587632502970798
Q4QW80,1.796077013015747,4.269088745117188,0.5427779692000664,0.4153984785079956,0.5610128772907876,1.731902,4.128751,0.53948677,0.427075,0.5659575,IDP-ESM2-8M,93,310,0.06417500972747803,0.1403379440307626,0.0032912033385551487,0.011676520109176636,0.004944609338698447
Q4U2B4,1.801355004310608,4.178857803344727,0.5404422992082752,0.4373418390750885,0.5810348248109153,1.7377179,4.1564655,0.5534229,0.44118622,0.5668414,IDP-ESM2-8M,93,310,0.0636371374130249,0.02239227294921875,0.012980628648170067,0.0038443803787231445,0.014193401299410158
Q4W600,3.581817865371704,8.481317520141602,0.5153812197550156,0.4065305292606354,0.6140929341286595,3.5927308,8.440581,0.5205941,0.40427855,0.60730845,IDP-ESM2-8M,93,310,0.010912895202636719,0.04073619842529297,0.0052129002706191585,0.0022519826889038086,0.006784486767667075
Q4Z9E7,2.2208800315856934,5.487044811248779,0.595333592342994,0.4796536266803741,0.5435069504193282,2.0029268,4.744898,0.5544182,0.44581524,0.6002335,IDP-ESM2-8M,93,310,0.21795320510864258,0.7421469688415527,0.040915386128089204,0.03383839130401606,0.05672654481611494
Q4ZA14,2.1356492042541504,5.146971225738525,0.618643483403222,0.5118792057037354,0.5249551241214087,1.9143224,4.60149,0.5631349,0.45119232,0.5801622,IDP-ESM2-8M,93,310,0.2213268280029297,0.5454812049865723,0.05550857472707449,0.06068688631057739,0.05520710303236942
Q507B8,1.7234092950820925,3.954232692718506,0.4837673940005495,0.3842982351779938,0.6467958210812942,1.834306,4.284049,0.51581544,0.4133982,0.608579,IDP-ESM2-8M,93,310,0.1108967065811155,0.3298163414001465,0.03204804283950785,0.029099971055984497,0.03821684111226953
Q507D5,1.8109012842178345,4.364328384399414,0.5354661672781611,0.4284839630126953,0.5843488767754477,1.9165621,4.57733,0.54206663,0.42796162,0.56835616,IDP-ESM2-8M,93,310,0.10566079616546631,0.21300172805786133,0.006600466423163365,0.0005223453044891357,0.01599272042626554
Q50G65,3.453242301940918,8.254773139953613,0.5557778510434055,0.4415037930011749,0.601163656592946,3.416352,8.1406765,0.5408166,0.42074606,0.6112948,IDP-ESM2-8M,93,310,0.036890268325805664,0.11409664154052734,0.01496124595231052,0.020757734775543213,0.01013114941062454
Q50GB0,3.2293059825897217,7.520544528961182,0.4897230378668102,0.3882990181446075,0.7350631587693991,2.9183218,6.8045917,0.5065278,0.40441087,0.67519915,IDP-ESM2-8M,93,310,0.31098413467407227,0.7159528732299805,0.016804743619701024,0.016111850738525446,0.05986400773027556
Q50GB8,3.275805711746216,7.594839572906494,0.5070463992613655,0.4168539345264435,0.6971658345281055,3.1228943,7.2912073,0.5074826,0.4025953,0.66893554,IDP-ESM2-8M,93,310,0.15291142463684082,0.3036322593688965,0.0004361890298026916,0.014258623123168945,0.028230297189848708
Q50GC3,3.2926836013793945,7.9916534423828125,0.5377924664639043,0.4013435244560241,0.6247230485731943,3.0930846,7.2528896,0.51488286,0.40671378,0.6535541,IDP-ESM2-8M,93,310,0.199599027633667,0.7387638092041016,0.022909603896002717,0.0053702592849732,0.02883103334361481
Q50GD5,3.309344530105591,7.74949836730957,0.5319807953975265,0.4188196063041687,0.6401995923284561,3.1192017,7.2956905,0.5109441,0.40612975,0.6685878,IDP-ESM2-8M,93,310,0.19014286994934082,0.4538078308105469,0.021036667361027495,0.012689858675003052,0.028388211512181072
Q52PR2,1.5469794273376465,3.789348125457764,0.5800870026754342,0.4668243527412414,0.5204528881889308,1.4167119,3.5059586,0.5718134,0.45307213,0.52598286,IDP-ESM2-8M,93,310,0.13026750087738037,0.28338956832885787,0.008273598115345115,0.013752222061157171,0.005529968561557519
Q52PS8,1.7098687887191772,4.096066474914551,0.5713266373845804,0.4683867394924164,0.5330623518456293,1.7556584,4.319907,0.5733585,0.44946644,0.51330817,IDP-ESM2-8M,93,310,0.04578959941864014,0.22384071350097656,0.002031838777376338,0.018920302391052246,0.019754184388048768
Q52RQ4,1.905121803283692,4.512605667114258,0.5606876776823555,0.4556738138198852,0.5500757612071665,1.8072281,4.4321423,0.56656307,0.44036365,0.52555007,IDP-ESM2-8M,93,310,0.09789371490478582,0.08046340942382812,0.005875392138048552,0.015310168266296331,0.024525693782392333
Q52RR1,1.940093994140625,4.74264669418335,0.5817592936427288,0.462034523487091,0.5194843915710308,1.8325092,4.444309,0.55854404,0.43572322,0.5377326,IDP-ESM2-8M,93,310,0.10758483409881592,0.298337459564209,0.0232152539164715,0.026311308145523016,0.018248209594740716
Q52RR8,1.9287289381027224,4.490622520446777,0.5555553920940546,0.4499053955078125,0.5590089252391492,1.7949047,4.323595,0.5505729,0.43199223,0.55270237,IDP-ESM2-8M,93,310,0.1338242292404177,0.16702747344970703,0.004982519932189344,0.01791316270828247,0.006306557933393631
Q52RS0,1.8760631084442136,4.504097938537598,0.541588809725339,0.4261755347251892,0.5674459042960974,1.7607929,4.2485943,0.5533205,0.43375438,0.5426481,IDP-ESM2-8M,93,310,0.11527025699615456,0.25550365447998047,0.011731717351382231,0.007578849792480469,0.024797827284989027
Q52RS2,1.9218735694885247,4.575347900390625,0.5586386911895866,0.4342288970947265,0.552746945298301,1.7978997,4.364099,0.55920094,0.43717048,0.5353989,IDP-ESM2-8M,93,310,0.12397384643554621,0.21124887466430664,0.0005622513267402596,0.002941578626632746,0.017348044789420425
Q52RT5,1.8527013063430784,4.502525806427002,0.5723815973247159,0.4505567252635956,0.5302205563094088,1.6631174,4.0802994,0.57373965,0.44989204,0.5219004,IDP-ESM2-8M,93,310,0.18958389759063698,0.4222264289855957,0.0013580505405794696,0.0006646811962127686,0.00832014088887656
Q52RT9,1.8985599279403689,4.452606201171875,0.5332160001534548,0.4198782444000244,0.5967306800842979,1.7995934,4.396666,0.56415635,0.43942347,0.5330445,IDP-ESM2-8M,93,310,0.09896647930145286,0.05594015121459961,0.030940353320208502,0.01954522728919983,0.06368616304404517
Q52RW0,1.827682614326477,4.4570183753967285,0.5724726101632317,0.4632942974567413,0.5288963855587134,1.7066721,4.096496,0.5497434,0.43493116,0.5629423,IDP-ESM2-8M,93,310,0.12101054191589355,0.3605222702026367,0.0227291962380608,0.028363138437271063,0.03404594051016474
Q52S07,1.8549383878707888,4.395399570465088,0.55078703634772,0.4484374225139618,0.5729436729000676,1.7883093,4.367205,0.569517,0.44551894,0.5264476,IDP-ESM2-8M,93,310,0.06662905216217063,0.028194427490234375,0.018729980063107665,0.0029184818267822266,0.046496078734265645
Q53AF0,1.7138702869415283,4.1993584632873535,0.5521019074115917,0.4239159524440765,0.5484911809552274,1.6218401,3.901133,0.545375,0.42906442,0.55628484,IDP-ESM2-8M,93,310,0.09203016757965088,0.29822540283203125,0.0067269179020091885,0.0051484704017639715,0.007793663920108274
Q53AG3,1.7310787439346311,4.151309967041016,0.5471253834145517,0.4396389126777649,0.5622961193062092,1.8358511,4.4073133,0.5462655,0.4275119,0.5587735,IDP-ESM2-8M,93,310,0.10477232933044456,0.25600337982177734,0.0008599005120248915,0.012127012014389038,0.003522601697566574
Q53CQ0,3.668829917907715,8.91865348815918,0.5828825321849115,0.4364367723464966,0.5135297616826177,3.5144224,8.352132,0.55227107,0.43116114,0.5813363,IDP-ESM2-8M,93,310,0.15440750122070312,0.5665216445922852,0.030611464088750595,0.005275636911392212,0.06780655776394606
Q53Z31,2.3848536014556885,5.591485500335693,0.5466856785203161,0.4399119615554809,0.5790754596466887,2.3375716,5.4734344,0.5187331,0.4133602,0.61547834,IDP-ESM2-8M,93,310,0.04728198051452637,0.11805105209350586,0.027952594318503388,0.02655175328254694,0.03640287716437696
Q56BB1,1.8748835325241089,4.37516975402832,0.5453519341677264,0.4467525780200958,0.5884572146235034,1.8310361,4.3996997,0.55503386,0.43970352,0.5719836,IDP-ESM2-8M,93,310,0.04384744167327881,0.02452993392944336,0.009681928423063368,0.007049053907394409,0.01647363880258057
Q56EV1,1.5474544763565063,3.873971462249756,0.5537594668463562,0.4310492575168609,0.5694341626696193,1.4683694,3.5820262,0.58014685,0.466295,0.5262986,IDP-ESM2-8M,93,310,0.07908511161804199,0.291945219039917,0.026387382309069785,0.035245746374130305,0.0431355801157558
Q56II6,3.5158581733703613,8.575678825378418,0.5017306542859468,0.3905438184738159,0.6882094498052013,3.6749048,8.543279,0.51490265,0.4108905,0.6680088,IDP-ESM2-8M,93,310,0.15904664993286133,0.03240013122558594,0.013171997024020277,0.02034667134284973,0.020200645483912205
Q58I31,1.942933797836304,4.756231784820557,0.541327791389136,0.4000176191329956,0.539186557617548,2.0592937,4.8606877,0.5210897,0.40875024,0.58505917,IDP-ESM2-8M,93,310,0.11635994911193825,0.10445594787597656,0.02023811834683864,0.008732616901397705,0.045872608337041876
Q58LM3,2.003825426101685,4.995086669921875,0.6008067800978835,0.4807681143283844,0.5269639143574717,1.7819908,4.346203,0.57584983,0.4568955,0.5445518,IDP-ESM2-8M,93,310,0.22183465957641646,0.6488838195800781,0.0249569489936049,0.02387261390686035,0.017587875403117903
Q58MF1,2.781571626663208,6.622232437133789,0.5138265113241147,0.3949557542800903,0.6208739515065465,2.5941057,6.136137,0.53056586,0.41762093,0.59670556,IDP-ESM2-8M,93,310,0.18746590614318848,0.4860954284667969,0.016739346563153346,0.02266517281532293,0.02416839559071393
Q58N36,2.894122838973999,6.893455982208252,0.56776875121282,0.4513593316078186,0.5521147656451972,2.6986785,6.431058,0.5419725,0.42168692,0.59063625,IDP-ESM2-8M,93,310,0.19544434547424316,0.46239805221557617,0.02579623324559588,0.02967241406440735,0.03852148771173636
Q58NB9,1.6679028272628784,4.1289238929748535,0.5627905025934039,0.4417657852172851,0.5405158227073894,1.6403332,3.908458,0.54284686,0.43274546,0.57004166,IDP-ESM2-8M,93,310,0.02756965160369873,0.22046589851379395,0.01994364409196958,0.00902032852172846,0.02952583378675122
Q58P45,3.094067335128784,7.321577072143555,0.5463889803006095,0.4215303659439087,0.5913273041718516,3.0879016,7.309601,0.5310286,0.412409,0.6103325,IDP-ESM2-8M,93,310,0.006165742874145508,0.011976242065429688,0.015360351951305251,0.009121358394622803,0.019005184841820233
Q58P48,2.705466985702514,6.398143768310547,0.5462251743369431,0.412267655134201,0.5949976281345506,2.8597355,6.791028,0.5432831,0.42350775,0.59358704,IDP-ESM2-8M,93,310,0.15426850318908736,0.3928842544555664,0.0029420694403976544,0.011240094900131281,0.0014105872333665115
Q596I4,3.4326767921447754,8.223749160766602,0.5383376135039891,0.4209061563014984,0.6368214236046434,3.249644,7.7271996,0.53542334,0.41697448,0.61621,IDP-ESM2-8M,93,310,0.18303275108337402,0.4965496063232422,0.0029142750907505954,0.003931671380996704,0.02061143977895985
Q596I6,3.1991631984710693,7.620969295501709,0.5194647077721272,0.3976307809352875,0.6673072196672513,3.1869206,7.610159,0.5425373,0.42183003,0.6052941,IDP-ESM2-8M,93,310,0.012242555618286133,0.010810375213623047,0.023072564204343782,0.024199247360229492,0.062013111276443156
Q5BND6,2.7287871837615967,6.607275009155273,0.533816851024904,0.4021184146404266,0.6113366973237178,2.6740785,6.291483,0.52669376,0.41617262,0.62774765,IDP-ESM2-8M,93,310,0.05470871925354004,0.3157920837402344,0.007123089676179584,0.014054208993911799,0.016410957591138198
Q5DKQ8,3.493247032165528,7.966042995452881,0.5079927060125706,0.3900030553340912,0.6325274756729546,3.8089976,8.971253,0.52244085,0.405652,0.6177647,IDP-ESM2-8M,93,310,0.31575059890747026,1.0052103996276855,0.014448144722140066,0.01564893126487732,0.01476276429294976
Q5DRF7,3.063352584838867,7.167706489562988,0.5537359467403381,0.4290894567966461,0.5788564377305246,2.721177,6.4707003,0.53106487,0.41243583,0.59880453,IDP-ESM2-8M,93,310,0.3421754837036133,0.6970062255859375,0.022671078767010466,0.016653627157211304,0.019948095751073258
Q5EM22,2.797626256942749,5.808216571807861,0.4303795347038435,0.3596270084381103,0.7293238071796376,3.9172034,9.06719,0.52347857,0.4162149,0.66238433,IDP-ESM2-8M,93,310,1.119577169418335,3.2589735984802246,0.09309903289640675,0.05658790469169622,0.06693947595328875
Q5EWN0,2.3487589359283447,5.484464168548584,0.5014882981511158,0.3902769088745117,0.6405847333499695,2.3534417,5.5567226,0.5270073,0.41282323,0.59472364,IDP-ESM2-8M,93,310,0.004682779312133789,0.07225847244262695,0.02551898362912708,0.022546321153640747,0.045861091477563454
Q5EWN1,2.373787641525269,5.456686496734619,0.515572823711546,0.4088899195194244,0.6132126120595665,2.2602637,5.3184304,0.5241851,0.41213873,0.59523296,IDP-ESM2-8M,93,310,0.11352396011352583,0.13825607299804688,0.008612297347871722,0.003248810768127497,0.017979648497554734
Q5FXX2,2.167774438858032,5.218364238739014,0.549238807447881,0.4332103729248047,0.5644611430418753,2.0935044,4.9095383,0.52716917,0.41708726,0.59139013,IDP-ESM2-8M,93,310,0.07427000999450639,0.3088259696960449,0.022069639452428125,0.01612311601638794,0.0269289898621774
Q5G246,1.942671298980713,4.737127780914307,0.567347611509015,0.4560316503047943,0.5363823874428194,1.9322729,4.619525,0.54195225,0.42335328,0.5548384,IDP-ESM2-8M,93,310,0.010398387908935547,0.11760282516479492,0.025395359121014538,0.03267836570739746,0.01845603151775188
Q5G5L6,1.979783058166504,4.801609039306641,0.5790521881345184,0.4558716118335724,0.534403066354576,1.8425643,4.411252,0.5519226,0.43536597,0.55932355,IDP-ESM2-8M,93,310,0.13721871376037598,0.39035701751708984,0.027129568791714465,0.020505636930465698,0.024920482916053865
Q5G5M1,1.9066064357757568,4.532220840454102,0.5372636719506162,0.4267811477184295,0.5848757415462782,1.8334978,4.3625097,0.5486961,0.43560964,0.56517106,IDP-ESM2-8M,93,310,0.07310867309570312,0.16971111297607422,0.011432428761206315,0.008828490972518976,0.019704678599958614
Q5G5N5,1.9173699617385864,4.667495250701904,0.5666360089940011,0.4422127604484558,0.5445828038786935,1.8164016,4.3041635,0.54250026,0.4323795,0.5733525,IDP-ESM2-8M,93,310,0.1009683609008789,0.36333179473876953,0.0241357515019357,0.00983324646949768,0.028769711818785737
Q5G5P3,1.9971919059753416,4.7377800941467285,0.5799337468694582,0.4741716682910919,0.5371762091782839,1.8955263,4.5162797,0.54858834,0.43460408,0.56305104,IDP-ESM2-8M,93,310,0.1016656160354612,0.22150039672851562,0.031345411355389596,0.03956758975982666,0.025874835762664583
Q5G5R6,1.9701128005981443,4.749823093414307,0.576036003256798,0.4605284631252289,0.543614024764787,1.8074167,4.326696,0.554604,0.43943447,0.55585474,IDP-ESM2-8M,93,310,0.16269612312316872,0.4231271743774414,0.021432009364128368,0.02109399437904358,0.012240712993849434
Q5G5T2,1.9021509885787964,4.541926383972168,0.559676193093464,0.4476387798786163,0.5512097724974071,1.8518273,4.4151115,0.54775524,0.43298584,0.5600952,IDP-ESM2-8M,93,310,0.0503237247467041,0.1268148422241211,0.011920951699420979,0.014652937650680486,0.008885418504484988
Q5GQU4,2.029103994369507,4.963160037994385,0.6036339775142601,0.4741549789905548,0.5157364589574774,1.9688797,4.8406353,0.58047765,0.45470285,0.5300833,IDP-ESM2-8M,93,310,0.060224294662475586,0.12252473831176758,0.023156322580330624,0.01945212483406067,0.014346839725689065
Q5I4I5,2.295598268508911,5.586085319519043,0.5704763520341143,0.4293748140335083,0.5391442811187052,2.2138124,5.295437,0.56509346,0.4466315,0.5505339,IDP-ESM2-8M,93,310,0.08178591728210449,0.2906484603881836,0.005382894335292265,0.01725667715072632,0.011389609605476969
Q5J596,1.608479619026184,3.867163181304932,0.5574457755636549,0.4498604536056518,0.5372917130192666,1.571081,3.7747414,0.545201,0.4323494,0.5602805,IDP-ESM2-8M,93,310,0.037398576736450195,0.09242177009582564,0.012244772012171778,0.017511039972305242,0.022988788823232187
Q5J5A1,1.614284634590149,3.9850878715515137,0.5734407135417332,0.4465291500091553,0.5248125421169729,1.694037,4.1346054,0.5710105,0.4505371,0.51939327,IDP-ESM2-8M,93,310,0.07975232601165771,0.14951753616333008,0.0024302431514133804,0.004007935523986816,0.005419276869627954
Q5J5A3,1.6357944011688232,4.00540828704834,0.5760601004367721,0.4550037384033203,0.5283577008719766,1.7750413,4.266356,0.5497795,0.43394083,0.5556211,IDP-ESM2-8M,93,310,0.13924694061279297,0.26094770431518555,0.026280625701512128,0.021062910556793213,0.0272633866791403
Q5J5A8,1.6492102146148682,4.098843574523926,0.5973402036652352,0.4676291346549988,0.5019558644917695,1.6868145,4.08757,0.5582971,0.43960357,0.5377194,IDP-ESM2-8M,93,310,0.037604331970214844,0.011273384094238281,0.03904310598228233,0.028025567531585693,0.03576356404750658
Q5L446,3.1260101795196533,7.496747016906738,0.5634731530938709,0.4392088949680328,0.5626368563075338,3.1874194,7.482754,0.52364,0.4125719,0.6358417,IDP-ESM2-8M,93,310,0.06140923500061035,0.013992786407470703,0.03983317611556891,0.02663698792457575,0.07320487094924111
Q5MIE7,1.6357946395874023,3.870149850845337,0.5797919221630405,0.488182932138443,0.540674985994679,1.651289,4.002145,0.56596607,0.4552321,0.53114444,IDP-ESM2-8M,93,310,0.015494346618652344,0.13199496269226074,0.0138258524647068,0.03295081853866577,0.00953054582057622
Q5QF78,2.643112897872925,5.929675102233887,0.574688007682531,0.4749919176101684,0.5906071422351541,2.3495202,5.621637,0.5657223,0.45665458,0.5813645,IDP-ESM2-8M,93,310,0.2935926914215088,0.30803823471069336,0.00896572098132864,0.018337339162826483,0.009242629791611612
Q5UNW3,4.672813892364502,10.547954559326172,0.4519269747244023,0.3525804877281189,0.7751382057331558,4.100629,9.470645,0.47979975,0.37891054,0.69094056,IDP-ESM2-8M,93,310,0.5721850395202637,1.0773096084594727,0.02787277274263872,0.02633005380630493,0.08419764682278597
Q5UQA4,4.283139705657959,9.483956336975098,0.4258903074798932,0.3320448398590088,0.84077116974268,4.769103,10.808363,0.4432728,0.36977074,0.8377272,IDP-ESM2-8M,93,310,0.4859633445739746,1.324406623840332,0.01738249177357054,0.03772589564323425,0.003043980678654079
Q5UTC0,2.101679563522339,5.049070835113525,0.571661339063453,0.4556185007095337,0.5477766319042481,1.9768928,4.719059,0.5539851,0.43493754,0.5477726,IDP-ESM2-8M,93,310,0.12478673458099365,0.33001184463500977,0.01767622019748616,0.02068096399307251,4.0455585754717305e-06
Q5UTC9,1.958929419517517,4.743646621704102,0.5714750004738165,0.4518818259239197,0.5344705386775728,1.9589515,4.6597767,0.5440513,0.42753816,0.56065047,IDP-ESM2-8M,93,310,2.205371856689453e-05,0.08386993408203125,0.027423710915405852,0.024343669414520264,0.026179929195046858
Q5UTE2,2.072910785675049,4.937786102294922,0.5666840200216202,0.4632159471511841,0.5534705120316037,1.9208257,4.557703,0.5430621,0.42801076,0.57281494,IDP-ESM2-8M,93,310,0.1520850658416748,0.3800830841064453,0.023621929147901954,0.035205185413360596,0.01934442937464631
Q5UTE6,2.069744825363159,4.969842910766602,0.5707026650509989,0.4498937726020813,0.5536504079655621,1.963772,4.657067,0.5434588,0.4312436,0.5742108,IDP-ESM2-8M,93,310,0.1059727668762207,0.3127760887145996,0.027243845661655608,0.018650174140930176,0.020560414616682787
Q5Y0N1,3.040448904037476,7.222254753112793,0.5169566127409668,0.4006147682666778,0.6230251174430288,3.019646,7.1026154,0.5296831,0.41570035,0.61196095,IDP-ESM2-8M,93,310,0.02080297470092818,0.11963939666748047,0.012726500357177706,0.01508557796478277,0.011064169929448475
Q5YA80,1.719699740409851,4.242063999176025,0.5713959379392651,0.4486306309700012,0.545624168843429,1.8326118,4.6309557,0.6162506,0.48086408,0.48503354,IDP-ESM2-8M,93,310,0.11291205883026123,0.38889169692993164,0.044854636649510504,0.03223344683647156,0.06059062692562811
Q5YF20,2.1082024574279785,5.145120620727539,0.5573057848212778,0.4278714060783386,0.5516564810433084,2.0059762,4.797988,0.5393642,0.4205985,0.56624186,IDP-ESM2-8M,93,310,0.10222625732421875,0.34713268280029297,0.017941566109424767,0.007272899150848389,0.014585379346401028
Q5YFF2,4.247636795043945,10.077153205871582,0.516050136151909,0.4017551243305206,0.6112286875121031,3.2514856,7.6665916,0.5184395,0.40282,0.5996265,IDP-ESM2-8M,93,310,0.9961512088775635,2.4105615615844727,0.002389335569740192,0.0010648667812347967,0.011602205979052593
Q5ZQY2,1.4942727088928225,3.461477756500244,0.540286334817545,0.4488935470581054,0.568809745944336,1.4852481,3.5771365,0.5512532,0.43549362,0.5424979,IDP-ESM2-8M,93,310,0.009024620056152566,0.11565876007080078,0.010966864759786588,0.013399928808212225,0.026311872638061562
Q64921,2.806779146194458,6.80160665512085,0.588867888739622,0.4683604538440704,0.5391627791474268,2.6885397,6.4661202,0.55575454,0.4351345,0.55886585,IDP-ESM2-8M,93,310,0.1182394027709961,0.33548641204833984,0.03311334638885299,0.03322595357894892,0.01970306605597283
Q64989,1.6598854064941406,4.038412570953369,0.5329148138597135,0.4138160049915313,0.5612368526596766,1.6327646,3.9444358,0.5541787,0.4370072,0.54234606,IDP-ESM2-8M,93,310,0.02712082862854004,0.09397673606872559,0.021263900892483756,0.023191183805465754,0.018890792383645105
Q65048,1.7067614793777466,4.008356094360352,0.5538568327090898,0.4296968579292297,0.5693120641870125,1.7652159,4.215869,0.5484381,0.4343574,0.5598328,IDP-ESM2-8M,93,310,0.05845439434051514,0.20751285552978516,0.005418760504499964,0.004660546779632624,0.009479252831421703
Q65541,2.005898952484131,4.8334479331970215,0.5497394459560139,0.4253469407558441,0.5600196017863197,1.8409494,4.432638,0.55736804,0.43549252,0.5439958,IDP-ESM2-8M,93,310,0.16494953632354736,0.40080976486206055,0.007628594128824995,0.010145574808120728,0.016023804152194954
Q65548,2.292227268218994,4.942983627319336,0.2539383611473618,0.2293348759412765,1.2514616165927317,2.3764272,4.5525045,0.2891329,0.30169702,1.0955389,IDP-ESM2-8M,93,310,0.08419990539550781,0.39047908782958984,0.035194531938117946,0.0723621398210526,0.15592276199373267
Q66544,1.521177053451538,3.577183246612549,0.5610195606420075,0.4380517303943634,0.5292481545718278,1.4939829,3.645196,0.56393415,0.4390166,0.5077394,IDP-ESM2-8M,93,310,0.02719414234161377,0.06801271438598633,0.002914586715933143,0.0009648799896240234,0.021508729866322462
Q66546,1.710316181182861,4.060292720794678,0.541909936267039,0.4428242743015289,0.5795928882343093,1.6849725,4.0901637,0.5673453,0.4491816,0.52597356,IDP-ESM2-8M,93,310,0.02534365653991677,0.029870986938476562,0.025435384911397296,0.006357312202453669,0.053619329808406
Q66550,3.2825543880462646,7.699764251708984,0.5519621769235612,0.4393477737903595,0.581622294580389,3.0105674,7.1222386,0.5385415,0.42394128,0.60642374,IDP-ESM2-8M,93,310,0.2719869613647461,0.5775256156921387,0.013420681123542888,0.015406489372253418,0.024801441038202254
Q66741,1.5293338298797607,3.733440160751343,0.5698811469907599,0.4821401238441467,0.5585920101622325,1.4928678,3.567255,0.5444888,0.43789825,0.5726625,IDP-ESM2-8M,93,310,0.036466002464294434,0.16618514060974166,0.025392359339697856,0.0442418754100799,0.014070462562682073
Q67285,2.0256173610687256,4.953667163848877,0.5506787704236469,0.4390895068645477,0.5453350720296618,1.8979182,4.4819803,0.5219571,0.40918377,0.5951733,IDP-ESM2-8M,93,310,0.1276991367340088,0.47168684005737305,0.028721670985933256,0.02990573644638056,0.04983822728292975
Q68556,1.7316550016403198,4.044599533081055,0.5515794339390946,0.4481644034385681,0.580630624154532,1.628339,3.8825817,0.5377438,0.42784363,0.58096546,IDP-ESM2-8M,93,310,0.10331594944000244,0.162017822265625,0.01383562710010533,0.020320773124694824,0.00033483519223920233
Q68628,3.0170066356658936,7.106032848358154,0.5034032967471839,0.3670820593833923,0.649696916395888,3.3051732,7.6608,0.51478994,0.40967306,0.6494485,IDP-ESM2-8M,93,310,0.28816652297973633,0.5547671318054199,0.011386642179512907,0.04259100556373602,0.00024840241120782647
Q68967,3.015026569366455,7.452392101287842,0.6014535977778247,0.4676653146743774,0.5259548246331828,3.06787,7.4406915,0.5862305,0.45852923,0.5418809,IDP-ESM2-8M,93,310,0.052843332290649414,0.011700630187988281,0.01522308134410888,0.009136080741882269,0.015926080995021574
Q68UW8,1.437333345413208,3.4264960289001465,0.5464165802288528,0.4307882785797119,0.5586784870876217,1.4778289,3.541046,0.55320036,0.44013372,0.53986454,IDP-ESM2-8M,93,310,0.04049551486968994,0.11454987525939941,0.006783783884001249,0.009345442056655884,0.018813946987524033
Q69018,2.4167497158050537,5.491379261016846,0.5568476619364912,0.4528838992118835,0.588314935029339,2.5262299,5.858833,0.5346684,0.43783197,0.62921077,IDP-ESM2-8M,93,310,0.10948014259338379,0.36745357513427734,0.02217927595397773,0.015051931142806951,0.04089583510081851
Q69073,1.9803683757781985,4.618441104888916,0.545508833528901,0.4310428202152252,0.5788461821440949,1.9805534,4.7442975,0.54767597,0.43021333,0.5529353,IDP-ESM2-8M,93,310,0.00018501281738259046,0.1258563995361328,0.0021671336875906944,0.0008294880390167236,0.025910879886557048
Q69092,1.814449667930603,3.945181846618652,0.4443566974967541,0.405325174331665,0.697017096238157,1.6891875,3.628379,0.43809366,0.37350598,0.75841886,IDP-ESM2-8M,93,310,0.12526214122772217,0.31680274009704545,0.006263035234791214,0.03181919455528254,0.06140176181314305
Q69144,2.419299364089966,5.761609077453613,0.5190105697766841,0.4031465649604797,0.5881855492459521,2.5250273,5.955367,0.5198739,0.40876865,0.59260136,IDP-ESM2-8M,93,310,0.1057279109954834,0.1937580108642578,0.0008633473261295821,0.005622088909149225,0.0044158096445813255
Q69192,1.7884827852249146,3.998852491378784,0.4845628000498783,0.4003623127937317,0.6696154521237223,1.9286063,4.539248,0.5614463,0.46562377,0.5790224,IDP-ESM2-8M,93,310,0.14012348651885986,0.5403954982757568,0.07688350903978236,0.06526145339012146,0.09059304459198403
Q69220,2.14074182510376,5.202857494354248,0.54471073684474,0.432231605052948,0.5762652448540265,2.2247076,5.30001,0.54466885,0.4242965,0.5688876,IDP-ESM2-8M,93,310,0.08396577835082963,0.0971527099609375,4.188356181156205e-05,0.007935106754302979,0.007377653492027014
Q69CH6,5.233378410339356,12.858263969421388,0.6038407598282506,0.4838461279869079,0.5226136014656905,4.6439967,11.137102,0.5875525,0.4579221,0.56194353,IDP-ESM2-8M,93,310,0.5893816947937021,1.7211618423461932,0.016288271978061375,0.025924026966094915,0.039329929570686484
Q69CK3,1.7656141519546509,4.261602878570557,0.5555172966292463,0.4423261880874634,0.5596442045962599,1.6356302,3.914328,0.5416748,0.42891315,0.5673506,IDP-ESM2-8M,93,310,0.12998390197753906,0.3472747802734375,0.01384250386267527,0.013413041830062866,0.007706421395561436
Q69CL1,1.7657333612442017,4.249601364135742,0.5446727394786889,0.4325141012668609,0.5772213808844379,1.8474334,4.4392676,0.5520668,0.43506357,0.5592655,IDP-ESM2-8M,93,310,0.08170008659362793,0.1896662712097168,0.007394063499826742,0.0025494694709778387,0.01795588653781921
Q6DN18,2.258826732635498,5.367724418640137,0.5662983152846209,0.4422025978565216,0.5476912379840875,2.333709,5.5818577,0.54852724,0.42620468,0.56835103,IDP-ESM2-8M,93,310,0.07488226890563965,0.21413326263427734,0.017771074531447106,0.01599791646003723,0.02065979236564397
Q6GZR0,1.95028042793274,4.529425144195557,0.5362936461419795,0.4207500219345093,0.5618201381363777,1.7280245,4.218733,0.5617816,0.43935004,0.5237613,IDP-ESM2-8M,93,310,0.22225594520568914,0.31069231033325195,0.02548793907454272,0.018600016832351685,0.038058865705957734
Q6I8V7,1.8308334350585933,4.247934341430664,0.539076531936402,0.4268877506256103,0.5861175246348126,2.0428407,4.848917,0.5330646,0.41867274,0.5841169,IDP-ESM2-8M,93,310,0.21200728416442916,0.600982666015625,0.006011928130860045,0.008215010166168157,0.002000648509476899
Q6IWY9,2.521025896072388,6.042622089385986,0.5650120376461611,0.4336689710617065,0.5452373561777847,2.3946466,5.7734036,0.5859097,0.45850024,0.5042646,IDP-ESM2-8M,93,310,0.12637925148010298,0.26921844482421875,0.02089768658937352,0.024831265211105402,0.040972763053395034
Q6J7X0,1.8122520446777344,4.316026210784912,0.5673756705386591,0.4436545670032501,0.556549046968168,1.7471459,4.1383,0.53140783,0.42542,0.6132144,IDP-ESM2-8M,93,310,0.06510615348815918,0.17772626876831055,0.03596783743929388,0.018234580755233765,0.05666532662039403
Q6JIB3,2.827608108520508,6.885195732116699,0.5374917296557155,0.4227199852466583,0.5788270210146959,2.7833347,6.5378423,0.51792246,0.40406302,0.61036724,IDP-ESM2-8M,93,310,0.04427337646484375,0.347353458404541,0.019569268622848024,0.01865696907043457,0.031540217506880075
Q6JKC4,3.1039602756500244,7.312143325805664,0.5890451916006528,0.4746047854423523,0.5756015123000476,3.2290628,7.8396053,0.61076105,0.47714242,0.51742506,IDP-ESM2-8M,93,310,0.12510251998901367,0.5274620056152344,0.021715854808954105,0.002537637948989868,0.05817645202783084
Q6JPE0,3.470323085784912,8.140002250671387,0.6087033747303322,0.5094534158706665,0.5389416119583499,3.5371914,8.491515,0.593026,0.46514276,0.54809326,IDP-ESM2-8M,93,310,0.06686830520629883,0.3515129089355469,0.015677392350418873,0.04431065917015076,0.009151647376214322
Q6L620,2.8041679859161377,6.672624588012695,0.5279428641186856,0.399205595254898,0.6020661490685708,2.6609726,6.228842,0.5156889,0.4040143,0.6149446,IDP-ESM2-8M,93,310,0.14319539070129395,0.4437828063964844,0.01225396793948641,0.004808694124221857,0.01287842814853124
Q6L8S9,2.975425958633423,6.809509754180908,0.5360966913064342,0.433521956205368,0.605384889583159,2.713106,6.387626,0.5471034,0.43000945,0.5802676,IDP-ESM2-8M,93,310,0.26232004165649414,0.42188358306884766,0.011006713692345071,0.003512501716613714,0.02511728141741798
Q6LAM5,2.732017517089844,6.318007946014404,0.495890200699578,0.3891720175743103,0.651833519338293,2.6452856,6.1947827,0.5130292,0.40198728,0.6158203,IDP-ESM2-8M,93,310,0.08673191070556685,0.12322521209716797,0.01713901702045373,0.012815266847610474,0.03601323068015094
Q6PL42,3.0257863998413086,7.069854259490967,0.5363261519710476,0.4198644161224365,0.6412328882065679,3.0384836,7.1977234,0.54604805,0.4356213,0.62405473,IDP-ESM2-8M,93,310,0.012697219848632812,0.1278691291809082,0.009721893187338626,0.015756875276565552,0.017178158268060795
Q6PNN9,3.345025062561035,7.808444976806641,0.5340615815791492,0.4217486679553985,0.6024194389523828,3.5052922,8.165295,0.5302968,0.41832304,0.6182793,IDP-ESM2-8M,93,310,0.16026711463928223,0.35684967041015625,0.0037647790583972274,0.003425627946853582,0.015859839325968017
Q6PNP1,3.3073651790618896,7.623542308807373,0.529017024707495,0.4359638094902038,0.6065180806538997,3.3976412,7.868991,0.51930636,0.41325775,0.63751596,IDP-ESM2-8M,93,310,0.09027600288391113,0.24544858932495117,0.009710663032232558,0.02270606160163874,0.030997881469971178
Q6Q435,1.5503348112106323,3.633028984069824,0.5388531651961387,0.4266756772994995,0.5733855397983206,1.4998242,3.6347022,0.5646859,0.44958076,0.5423203,IDP-ESM2-8M,93,310,0.05051064491271973,0.0016732215881347656,0.025832715941709217,0.022905081510543823,0.031065228728832106
Q6QDP2,2.58213472366333,6.140219688415527,0.5319404301218876,0.4124763011932373,0.5778982863034757,2.4857254,5.838733,0.5178704,0.4043741,0.6057736,IDP-ESM2-8M,93,310,0.09640932083129883,0.3014864921569824,0.014070003943909115,0.008102208375930786,0.027875341454550395
Q6QDP3,2.601580619812012,6.223345756530762,0.5413751737814956,0.4150583744049072,0.5631163262449026,2.5389218,6.0048704,0.52708036,0.40993586,0.5867979,IDP-ESM2-8M,93,310,0.06265878677368208,0.218475341796875,0.014294816706758029,0.005122512578964233,0.023681566802430165
Q6QK79,2.425006151199341,5.687307357788086,0.5303342323718473,0.4068193733692169,0.6138284182593712,2.2741678,5.3634186,0.5372806,0.42414868,0.5838314,IDP-ESM2-8M,93,310,0.15083837509155273,0.32388877868652344,0.0069463867725924056,0.017329305410385132,0.02999698877786483
Q6QPN2,1.5561350584030151,3.7050564289093018,0.5375786588190689,0.425851434469223,0.5663959127590106,1.5662864,3.7433746,0.5473569,0.43317932,0.54694706,IDP-ESM2-8M,93,310,0.010151386260986328,0.03831815719604492,0.009778244733940178,0.0073278844356536865,0.01944885074347713
Q6QQZ8,2.5632107257843018,6.149562835693359,0.5302064863283773,0.4075183868408203,0.5775074228130981,2.5529218,6.036755,0.52484155,0.4078269,0.58794194,IDP-ESM2-8M,93,310,0.01028895378112793,0.1128077507019043,0.005364939316048201,0.0003085136413574219,0.01043452178605353
Q6QX44,2.55551815032959,6.549127578735352,0.6351046381904938,0.4867376387119293,0.5112194697544734,2.5168037,6.3141704,0.6390766,0.49934864,0.4818906,IDP-ESM2-8M,93,310,0.03871440887451172,0.23495721817016602,0.003971952347531116,0.01261100172996521,0.029328880755678854
Q6QX45,2.5783262252807617,6.739005088806152,0.6396127983296689,0.4901527762413025,0.4969582253186813,2.5281036,6.3343134,0.6403065,0.49934644,0.4721545,IDP-ESM2-8M,93,310,0.05022263526916504,0.4046916961669922,0.0006936744486514268,0.009193658828735352,0.024803727218400518
Q6QXN6,2.422296524047852,5.882402420043945,0.6008134208525573,0.472488671541214,0.5291604315012887,2.354277,5.974247,0.65750295,0.5126376,0.41910574,IDP-ESM2-8M,93,310,0.06801962852478072,0.09184455871582031,0.0566895283852662,0.04014894366264343,0.1100546930998757
Q6RJI1,2.1782686710357666,5.145363807678223,0.493691708221773,0.3845535218715668,0.6408052424731085,2.4731045,5.8304954,0.5253488,0.4113129,0.60023624,IDP-ESM2-8M,93,310,0.29483580589294434,0.6851315498352051,0.03165707431759468,0.02675938606262207,0.040569005424005766
Q6SL65,2.175992488861084,5.501881122589111,0.6258122586856142,0.487608790397644,0.503988982759829,2.0454042,5.0631895,0.5984645,0.47749308,0.54262435,IDP-ESM2-8M,93,310,0.13058829307556152,0.4386916160583496,0.02734776970245989,0.010115712881088201,0.03863537160265884
Q6SPV7,2.252345323562622,5.448596000671387,0.5680055557495675,0.4519215524196625,0.5470359521313616,2.1381843,5.025714,0.5310055,0.4197596,0.5923452,IDP-ESM2-8M,93,310,0.11416101455688477,0.422882080078125,0.03700005400243611,0.03216195106506348,0.04530922599592724
Q6SPW0,2.0518698692321777,4.929081439971924,0.5423810116998351,0.4248725175857544,0.5803351946530272,2.0291436,4.8050747,0.53964555,0.425521,0.57239294,IDP-ESM2-8M,93,310,0.02272629737854004,0.12400674819946289,0.0027354590646422317,0.0006484687328338623,0.007942254131786952
Q6SPW6,2.1143627166748047,4.988950252532959,0.5469951318750965,0.4290983080863952,0.5715558555539656,2.0425386,4.830542,0.53976417,0.42693585,0.57478106,IDP-ESM2-8M,93,310,0.0718240737915039,0.15840816497802734,0.00723096599680062,0.0021624565124511164,0.003225204664845438
Q6TNN1,1.794748067855835,4.345584869384766,0.5734318280657069,0.4480010867118835,0.5181156321868359,1.6513867,3.9869514,0.55738616,0.43904895,0.5315397,IDP-ESM2-8M,93,310,0.14336133003234863,0.35863351821899414,0.01604566816885633,0.008952140808105413,0.013424046386772526
Q6TVK4,4.845543384552002,11.33475399017334,0.5624931415058976,0.4476158916950226,0.6011375300761835,4.3065023,10.247295,0.55176204,0.42645428,0.6147965,IDP-ESM2-8M,93,310,0.5390410423278809,1.087458610534668,0.010731097076118523,0.02116161584854126,0.013658989203296446
Q6TVY4,5.11331844329834,12.36378288269043,0.5554612938039126,0.4310661256313324,0.6103413417702263,4.9397554,11.719234,0.5501111,0.42386547,0.6242769,IDP-ESM2-8M,93,310,0.17356300354003906,0.6445484161376953,0.0053501788251223426,0.007200658321380615,0.013935534679358708
Q6U9S1,2.185985326766968,5.03986930847168,0.5233941899169764,0.4134532809257507,0.5976464128692557,2.1019793,5.021574,0.54759663,0.42829832,0.5649771,IDP-ESM2-8M,93,310,0.08400607109069869,0.0182952880859375,0.02420244351731926,0.014845043420791681,0.032669303437035224
Q6UDH5,1.834127306938172,4.350251197814941,0.5185816512284042,0.4031111896038055,0.6006629792743973,1.7343357,3.9423833,0.49031547,0.40097427,0.66237175,IDP-ESM2-8M,93,310,0.09979164600372381,0.4078679084777832,0.028266184109187242,0.0021369159221648615,0.061708775371904
Q6UGK8,1.7978596687316897,4.106568813323975,0.5482617361991368,0.4429457783699035,0.5734960721810559,1.8654958,4.507264,0.5580065,0.44083458,0.55314326,IDP-ESM2-8M,93,310,0.06763613224029519,0.4006953239440918,0.00974478884053609,0.0021111965179442804,0.020352809317896736
Q6VB58,1.890486121177673,4.5461626052856445,0.5462252010130425,0.4333922266960144,0.5564041068990562,1.8738289,4.442004,0.52597696,0.40853217,0.56629854,IDP-ESM2-8M,93,310,0.01665723323821977,0.10415840148925781,0.020248245122386987,0.02486005425453186,0.009894437507834697
Q6VB60,2.501949071884156,6.043276786804199,0.5464763942996188,0.41814985871315,0.5568230096883334,2.6612532,6.25925,0.54016113,0.4202614,0.56258047,IDP-ESM2-8M,93,310,0.15930414199829013,0.2159733772277832,0.006315261487118806,0.0021115541458129883,0.005757456582113352
Q6VB61,2.847935438156128,6.729080677032471,0.5398799407996234,0.4168194532394409,0.5725950917558547,2.7918684,6.6032853,0.52882093,0.40769824,0.5871875,IDP-ESM2-8M,93,310,0.05606698989868164,0.1257953643798828,0.01105900888815492,0.009121209383010864,0.014592436854374835
Q6VB71,1.900467872619629,4.7323317527771,0.5762898169023419,0.4473887681961059,0.5109888817605815,1.8625814,4.550522,0.57076395,0.44157904,0.5070702,IDP-ESM2-8M,93,310,0.03788650035858154,0.1818099021911621,0.005525871322813125,0.005809724330902044,0.003918698006614263
Q6VTP7,2.541661024093628,6.611649036407471,0.670804216599727,0.5374685525894165,0.4860437090438744,2.759302,7.107104,0.7131916,0.55729336,0.3794334,IDP-ESM2-8M,93,310,0.21764087677001953,0.4954547882080078,0.042387411856388724,0.0198248028755188,0.10661031556548084
Q6VV29,1.4705947637557983,3.493406295776367,0.5418390104371477,0.4215213656425476,0.5380893981412386,1.4257299,3.4303138,0.5536724,0.4379849,0.51764506,IDP-ESM2-8M,93,310,0.04486489295959473,0.06309247016906738,0.011833362857682661,0.016463547945022583,0.02044433712515581
Q6VV44,1.5050692558288574,3.660787582397461,0.5528553027437721,0.4375622570514679,0.53492796241401,1.4287876,3.4712574,0.5669754,0.44857585,0.50978756,IDP-ESM2-8M,93,310,0.07628166675567627,0.1895301342010498,0.014120112009188057,0.011013597249984741,0.02514040290473263
Q6VXF3,1.4780939817428589,3.647855281829834,0.5549186172315471,0.4398469626903534,0.5513561570956796,1.5228567,3.691775,0.56197697,0.44467926,0.5327155,IDP-ESM2-8M,93,310,0.04476273059844971,0.04391980171203613,0.0070583520105488295,0.0048322975635528564,0.018640657694587115
Q6VY62,2.327982187271118,5.725722789764404,0.616583492414788,0.486254870891571,0.5218687485516006,2.2331796,5.07629,0.527428,0.4472019,0.67337215,IDP-ESM2-8M,93,310,0.0948026180267334,0.6494326591491699,0.08915552105172042,0.03905296325683588,0.15150340091586767
Q6VZE3,2.2824318408966064,5.506062030792236,0.5681026853832046,0.4478164315223694,0.5550956384109181,2.373045,5.739317,0.56594634,0.43837,0.5496612,IDP-ESM2-8M,93,310,0.09061312675476074,0.23325490951538086,0.002156344822291545,0.009446442127227783,0.0054344192908925
Q6VZT0,2.160801887512207,5.256180286407471,0.5621949168413524,0.4312299489974975,0.5573658319786721,2.0409446,4.952883,0.5659214,0.4430664,0.55430984,IDP-ESM2-8M,93,310,0.1198573112487793,0.3032975196838379,0.003726508978044607,0.011836439371109064,0.003055987007968941
Q6WHL7,2.138214349746704,5.030882358551025,0.5857868101008864,0.4717533588409424,0.5386161033167841,2.009227,4.78051,0.5409217,0.43508866,0.60939837,IDP-ESM2-8M,93,310,0.12898731231689453,0.25037240982055664,0.04486512202105242,0.0366646945476532,0.07078226170396784
Q6WY30,2.565937757492065,5.899004459381104,0.5013812076997166,0.4129256308078766,0.6393128987356881,2.5223172,5.9588704,0.5289443,0.41263846,0.59487987,IDP-ESM2-8M,93,310,0.04362058639526323,0.05986595153808505,0.02756310582643695,0.00028717517852783203,0.04443303308932578
Q6YH51,7.263287544250488,17.136486053466797,0.5974358744346551,0.469103991985321,0.651408711306082,5.262347,12.82394,0.64028025,0.4987802,0.56549025,IDP-ESM2-8M,93,310,2.0009403228759766,4.3125457763671875,0.04284437229996407,0.02967619895935064,0.08591846548699023
Q6YH62,2.482777833938598,5.755821704864502,0.491183252573225,0.3939310312271118,0.6391087067785045,2.579909,6.084519,0.53102916,0.4163368,0.58699113,IDP-ESM2-8M,93,310,0.0971312522888188,0.32869720458984375,0.039845912217882196,0.022405773401260376,0.05211757547280993
Q70EH9,2.3409695625305176,5.396367073059082,0.5204493081626056,0.3969189524650574,0.5992570160076324,2.3660831,5.5641866,0.5238762,0.41114932,0.59696394,IDP-ESM2-8M,93,310,0.025113582611083984,0.16781949996948242,0.00342688202294128,0.01423037052154541,0.0022930739566985325
Q70EI1,2.30078649520874,5.456545829772949,0.5276957597749586,0.4107412695884704,0.5735005230723575,2.4010541,5.6324434,0.5213397,0.4090079,0.5985133,IDP-ESM2-8M,93,310,0.10026764869689986,0.17589759826660156,0.006356045247828512,0.0017333626747130793,0.025012782114867793
Q70EI2,2.338541507720948,5.725013256072998,0.5332055807108333,0.4099194407463074,0.5720486183466799,2.4654953,5.794314,0.5229207,0.4099552,0.5970553,IDP-ESM2-8M,93,310,0.12695384025573642,0.06930065155029297,0.010284852981035986,3.5762786865234375e-05,0.02500669762469465
Q70EI3,2.6700801849365234,6.575609683990479,0.5397824440167894,0.4114303290843963,0.5643038482219068,2.8206186,6.6063566,0.5259488,0.4103898,0.6064022,IDP-ESM2-8M,93,310,0.15053844451904297,0.030746936798094815,0.013833621518467898,0.0010405182838439386,0.04209837011992057
Q70EI6,2.784644842147827,6.563518047332764,0.5545753816141471,0.4258294701576233,0.5510457428656682,2.7724464,6.5465817,0.52938104,0.4128264,0.5929292,IDP-ESM2-8M,93,310,0.012198448181152344,0.016936302185058594,0.02519434485572425,0.01300308108329773,0.04188344157112989
Q70EI7,2.3130571842193604,5.402797698974609,0.5199126449410808,0.3983619809150696,0.593495685066011,2.3601415,5.591689,0.5292611,0.41155896,0.57858765,IDP-ESM2-8M,93,310,0.04708433151245117,0.18889141082763672,0.009348467272053962,0.013196974992752075,0.014908033813264443
Q70EJ0,3.074826002120972,7.293477058410644,0.53547865441242,0.4135814607143402,0.6056441956263341,2.9866986,7.1488276,0.55466455,0.4304064,0.5514612,IDP-ESM2-8M,93,310,0.0881273746490483,0.1446495056152335,0.019185897799341434,0.016824930906295776,0.054182975838736436
Q70GQ7,1.8981752395629885,4.530753135681152,0.5189096201708012,0.4101203083992004,0.5944002292629857,1.8904812,4.4281254,0.51765054,0.40718147,0.5913593,IDP-ESM2-8M,93,310,0.0076940059661867455,0.10262775421142578,0.0012590755273991228,0.002938836812972967,0.003040911960281889
Q70VJ7,2.306292772293091,5.451937675476074,0.5056498070186614,0.3814608752727508,0.6348620772574982,2.2726157,5.3608584,0.53496563,0.4196133,0.5792298,IDP-ESM2-8M,93,310,0.033677101135253906,0.0910792350769043,0.029315827327346944,0.038152426481247004,0.05563230516658635
Q70VK5,2.366846799850464,5.545907974243164,0.5171069193380435,0.3990431129932403,0.6258734150219355,2.3542933,5.5121593,0.52343255,0.41352403,0.6037573,IDP-ESM2-8M,93,310,0.01255345344543457,0.033748626708984375,0.006325633476440107,0.01448091864585882,0.02211609318737129
Q70VN3,2.483742475509644,6.086499214172363,0.5258147445477701,0.3891274631023407,0.6032398825673909,2.3950014,5.6344523,0.5330455,0.4188095,0.58515424,IDP-ESM2-8M,93,310,0.08874106407165572,0.45204687118530273,0.007230726166798984,0.029682040214538574,0.018085647204384325
Q70VN5,2.5203092098236084,6.071933746337891,0.5416418736842473,0.4239595532417297,0.5815374506023225,2.3887901,5.595886,0.518162,0.40764573,0.6104042,IDP-ESM2-8M,93,310,0.13151907920837402,0.4760475158691406,0.023479861584027595,0.016313821077346746,0.028866742799014133
Q70VQ5,2.4766411781311035,5.929468154907227,0.5283036814578764,0.4285694062709808,0.59771005919725,2.3780403,5.583055,0.52867657,0.41558227,0.5947821,IDP-ESM2-8M,93,310,0.09860086441040039,0.34641313552856445,0.00037288800394608135,0.012987136840820257,0.0029279451683192903
Q70VR9,2.111721992492676,4.980467319488525,0.5110433153732103,0.4041039645671844,0.6057990864602403,2.1988761,5.196557,0.5360336,0.42051873,0.57307315,IDP-ESM2-8M,93,310,0.08715415000915527,0.21608972549438477,0.024990255393238625,0.01641476154327398,0.032725937732823285
Q70VT5,2.3326361179351807,5.356659412384033,0.4783514631330787,0.384378433227539,0.6700592886318298,2.3562605,5.5279555,0.5277558,0.4157784,0.5922075,IDP-ESM2-8M,93,310,0.023624420166015625,0.1712961196899414,0.049404333776253584,0.03139996528625494,0.07785179723397218
Q70VT7,2.3154544830322266,5.422728061676025,0.5157595999360958,0.4021152555942535,0.6148741790904635,2.2541003,5.3024254,0.5306137,0.41807795,0.5906815,IDP-ESM2-8M,93,310,0.06135416030883789,0.12030267715454102,0.014854120480926936,0.01596269011497503,0.024192685808145376
Q716F8,1.890788555145264,4.713382720947266,0.5790202348913798,0.4435887634754181,0.523359491891047,1.8751204,4.5502815,0.57588834,0.4550594,0.53214705,IDP-ESM2-8M,93,310,0.015668153762817605,0.1631011962890625,0.0031318991865763035,0.011470645666122437,0.008787558012822605
Q719M9,2.221550703048706,5.12326717376709,0.4396204117703249,0.39960777759552,0.8051244309350288,2.6648166,6.034922,0.52640676,0.4484011,0.6872455,IDP-ESM2-8M,93,310,0.4432659149169922,0.9116549491882324,0.08678635321380596,0.04879331588745117,0.11787894276821975
Q71BY2,2.8670685291290283,6.956532001495361,0.555512599017717,0.4328218102455139,0.5585654856607561,2.9294727,6.9683576,0.54680586,0.42424393,0.5688883,IDP-ESM2-8M,93,310,0.06240415573120117,0.0118255615234375,0.008706740405656443,0.008577883243560791,0.010322820956980672
Q73233,1.5464661121368408,3.601569175720215,0.565109635826593,0.4628099203109741,0.5624074584200736,1.4916761,3.6072094,0.55706644,0.44657955,0.55037993,IDP-ESM2-8M,93,310,0.05479001998901367,0.005640268325805664,0.008043195244317625,0.016230374574661255,0.012027526493346263
Q75QS2,2.718085289001465,6.584777355194092,0.5592991544079078,0.437384158372879,0.5738581193384125,2.730585,6.4785028,0.53656775,0.4195601,0.60097873,IDP-ESM2-8M,93,310,0.012499809265136719,0.10627460479736328,0.02273140681498176,0.017824053764343206,0.02712061277065736
Q75QS3,2.559312343597412,6.161259651184082,0.5550775822274954,0.4252170324325561,0.5688816286961949,2.7009337,6.484071,0.55344445,0.428951,0.5710468,IDP-ESM2-8M,93,310,0.14162135124206543,0.3228111267089844,0.0016331370942861412,0.003733962774276789,0.0021652005274379604
Q75QT5,2.474217176437378,5.729228019714356,0.5329766826311452,0.4248742163181305,0.6057171988523832,2.4663599,5.8880377,0.5443066,0.4231289,0.5783787,IDP-ESM2-8M,93,310,0.007857322692871094,0.1588096618652335,0.011329893620838472,0.0017453134059906006,0.027338521484219114
Q75QT6,2.678507804870605,6.485173225402832,0.5459777372980164,0.4228428602218628,0.593645928606895,2.8661442,6.8431334,0.54590404,0.42285672,0.5858838,IDP-ESM2-8M,93,310,0.18763637542724654,0.35796022415161133,7.369696140746562e-05,1.385807991027832e-05,0.007762132391837651
Q75R01,2.197074174880981,5.230693340301514,0.5430584379413683,0.4264280200004577,0.5738001380254273,2.3865871,5.634015,0.5344026,0.4209261,0.5925239,IDP-ESM2-8M,93,310,0.18951296806335494,0.4033217430114746,0.00865582906990836,0.005501925945281927,0.018723734826898153
Q75ZR8,2.514803171157837,5.945297718048096,0.5288734325396239,0.4185945391654968,0.586945932470916,2.467371,5.8245735,0.5244095,0.40797788,0.59135973,IDP-ESM2-8M,93,310,0.04743218421936035,0.12072420120239258,0.004463959597271638,0.010616660118103027,0.004413802064301309
Q75ZS3,2.528671979904175,5.822525501251221,0.5249158325399661,0.4008948802947998,0.5952384100376977,2.4300559,5.776067,0.52915585,0.409998,0.57489747,IDP-ESM2-8M,93,310,0.09861612319946289,0.04645872116088867,0.004240017870495327,0.009103119373321533,0.020340941947640356
Q75ZS7,2.5185089111328125,5.851362228393555,0.5241372436923099,0.4023982286453247,0.5978752907235775,2.4292173,5.7350283,0.5234197,0.40801233,0.5942822,IDP-ESM2-8M,93,310,0.08929157257080078,0.1163339614868164,0.0007175654810976928,0.005614101886749268,0.0035930808503780165
Q76745,1.6862435340881348,4.146582126617432,0.5889717046674642,0.4828281700611114,0.5341129026891426,1.8254305,4.4546375,0.5832681,0.45882666,0.5139943,IDP-ESM2-8M,93,310,0.13918697834014893,0.30805540084838867,0.005703598683730049,0.02400150895118708,0.02011862616555249
Q77369,1.909146070480347,4.532270431518555,0.516399481288511,0.400697112083435,0.5966060322391364,1.9455786,4.5589643,0.5183436,0.41391972,0.6050748,IDP-ESM2-8M,93,310,0.03643250465393044,0.02669382095336914,0.0019441461643393554,0.013222604990005549,0.008468790663543002
Q778N1,2.548545837402344,6.078155517578125,0.5235439514410309,0.4114598929882049,0.6061387579761504,2.4522893,5.7757416,0.5302951,0.41541767,0.5903447,IDP-ESM2-8M,93,310,0.09625649452209517,0.3024139404296875,0.006751122545022525,0.003957778215408381,0.015794030936813197
Q77F13,3.301082134246826,8.288076400756836,0.6479234754077412,0.4938320219516754,0.520401017338893,3.1296172,7.954237,0.6656875,0.51971525,0.4680857,IDP-ESM2-8M,93,310,0.1714649200439453,0.33383941650390625,0.017764026022770274,0.025883227586746216,0.05231531110491472
Q77IW3,3.6197218894958496,8.80662727355957,0.6249976432087548,0.4838098287582397,0.5086501526373314,3.5255518,8.67046,0.61584914,0.48241523,0.5188298,IDP-ESM2-8M,93,310,0.09417009353637695,0.1361675262451172,0.00914850590254146,0.0013945996761321466,0.010179669902951827
Q77MY7,3.0799267292022705,7.367725849151611,0.5421785704215706,0.4206465780735016,0.5826723972741995,3.2114635,7.635778,0.5551239,0.4329998,0.57164454,IDP-ESM2-8M,93,310,0.13153672218322754,0.2680521011352539,0.012945354787474828,0.012353211641311646,0.011027852672759075
Q78226,1.6867589950561523,3.902502059936523,0.5086398648321783,0.3918678164482116,0.6130573104003241,1.8069184,4.2415247,0.5203241,0.41522256,0.5957605,IDP-ESM2-8M,93,310,0.12015938758850098,0.33902263641357466,0.011684246152623978,0.023354738950729426,0.017296786127405372
Q78501,1.4808255434036257,3.5534937381744385,0.5663827788351196,0.461040049791336,0.535338371967033,1.5419066,3.6946282,0.56388307,0.45032465,0.5445835,IDP-ESM2-8M,93,310,0.06108105182647683,0.14113450050354004,0.002499712657751396,0.010715395212173406,0.009245127464577063
Q78643,2.147893190383911,5.223362922668457,0.5390433643849116,0.4208886623382568,0.583994507750363,2.1208184,4.9853477,0.5267154,0.41670763,0.59709436,IDP-ESM2-8M,93,310,0.027074813842773438,0.23801517486572266,0.012327966550133795,0.004181027412414495,0.013099849263339403
Q78646,2.1870813369750977,5.421651840209961,0.5502856857565891,0.4145195484161377,0.568389733323931,2.1538875,5.0960174,0.5400476,0.42459047,0.57046366,IDP-ESM2-8M,93,310,0.03319382667541504,0.3256344795227051,0.010238099792386213,0.01007091999053955,0.002073924055219445
Q78648,2.0783257484436035,5.048666954040527,0.5249393535854522,0.4123967289924621,0.5902616314687303,2.1821141,5.147548,0.534147,0.4210554,0.5819804,IDP-ESM2-8M,93,310,0.10378837585449219,0.09888124465942383,0.009207670569210902,0.008658677339553889,0.00828122423072375
Q78649,2.150982618331909,5.008342742919922,0.5227294688915959,0.4201452732086181,0.6101529120274809,2.211284,5.2008715,0.5290511,0.4181311,0.59583217,IDP-ESM2-8M,93,310,0.06030130386352539,0.19252872467041016,0.006321656157995181,0.0020141601562499445,0.014320742971542177
Q78652,2.125462532043457,4.939906120300293,0.5141629696105596,0.3905706405639648,0.615079177319877,2.2393823,5.3157873,0.54118776,0.42523947,0.5720158,IDP-ESM2-8M,93,310,0.11391973495483398,0.3758811950683594,0.0270247936035517,0.0346688330173493,0.04306335538613071
Q78653,2.1836626529693604,5.0986857414245605,0.525769427297488,0.4297862350940704,0.6127840323383702,2.2157576,5.2063055,0.52956414,0.41830763,0.59335005,IDP-ESM2-8M,93,310,0.03209495544433594,0.1076197624206543,0.0037947149296848615,0.011478602886199896,0.01943397950481307
Q79401,2.5769708156585693,5.979436874389648,0.5098609530817261,0.4153710901737213,0.6422057059664942,2.5093474,5.7908683,0.49682173,0.3982563,0.65664417,IDP-ESM2-8M,93,310,0.06762337684631348,0.1885685920715332,0.013039221752761843,0.0171147882938385,0.01443845954940548
Q7LZ01,1.5071834325790403,3.580984592437744,0.5450486484398942,0.4624802470207214,0.5655658775632415,1.4799151,3.5897748,0.5719403,0.45833898,0.51760745,IDP-ESM2-8M,93,310,0.027268290519714133,0.008790254592895508,0.026891654408921717,0.00414127111434931,0.04795842707801201
Q7LZT9,1.6028155088424685,4.032206058502197,0.6336550376524721,0.5071741342544556,0.4858678878272744,1.6290877,3.9655354,0.58066523,0.4714423,0.5305632,IDP-ESM2-8M,93,310,0.026272177696227805,0.06667065620422363,0.05298980690143451,0.03573182225227356,0.04469528785097876
Q7SPR3,1.933842182159424,4.475385665893555,0.5184372314794939,0.4123210906982422,0.6064772921412007,1.9386547,4.572359,0.5273429,0.41570693,0.5830757,IDP-ESM2-8M,93,310,0.004812479019164817,0.09697341918945312,0.008905684055479202,0.0033858418464660645,0.02340158995080155
Q7SPR5,2.017610549926758,4.830348968505859,0.5378311855730569,0.4095549285411834,0.5724319094180902,2.0328097,4.7903466,0.5292074,0.4154159,0.5797584,IDP-ESM2-8M,93,310,0.01519918441772461,0.04000234603881836,0.00862377714486473,0.005860984325408991,0.0073264962673346146
Q7SPR7,1.900384783744812,4.429835796356201,0.5252584129818885,0.4011749625205993,0.5912248869031784,1.8551109,4.407243,0.537938,0.42296597,0.5618537,IDP-ESM2-8M,93,310,0.04527390003204346,0.022593021392822266,0.012679585789779013,0.021791011095047053,0.029371180066477987
Q7SPR8,2.106167793273926,4.764862060546875,0.5397041032243759,0.4437752068042755,0.5943438102841636,2.0228279,4.7944117,0.5438629,0.4299641,0.56869483,IDP-ESM2-8M,93,310,0.08333992958068848,0.029549598693847656,0.004158776051899737,0.013811111450195312,0.02564898034336771
Q7SPR9,1.9593466520309448,4.580612659454346,0.540130993075549,0.4175087809562683,0.576088833907112,2.0022292,4.7252307,0.53228617,0.42052433,0.5762036,IDP-ESM2-8M,93,310,0.042882561683654785,0.14461803436279297,0.007844825930773625,0.00301554799079895,0.00011475076390854433
Q7SPS1,1.976803421974182,4.585023403167725,0.5013343821981806,0.3967857360839844,0.6346451652220686,1.9659233,4.645462,0.5319064,0.41854125,0.57280785,IDP-ESM2-8M,93,310,0.010880112648010032,0.06043863296508789,0.03057204375473077,0.021755516529083252,0.06183731676854687
Q7SPW1,2.4899041652679443,5.869239330291748,0.5810872421377301,0.4734791815280914,0.5629048080376419,2.2265728,5.239192,0.5353952,0.43583182,0.6294393,IDP-ESM2-8M,93,310,0.26333141326904297,0.6300473213195801,0.04569203711682557,0.03764736652374262,0.06653448630058445
Q7T5C0,3.8372843265533447,9.258732795715332,0.5799164378255721,0.4654600620269775,0.5348509087960129,3.571795,8.324731,0.50927544,0.4099049,0.68587846,IDP-ESM2-8M,93,310,0.2654893398284912,0.9340019226074219,0.07064100142420493,0.055555164813995306,0.15102754684287256
Q7T5F8,3.1076180934906006,7.855236053466797,0.6365807130850056,0.4950244128704071,0.5128686940657727,3.0519314,7.7550573,0.70139563,0.54112744,0.38644093,IDP-ESM2-8M,93,310,0.05568671226501465,0.10017871856689453,0.06481491775148118,0.04610303044319153,0.12642776131507083
Q7T5M5,2.6357483863830566,6.004586219787598,0.4278678648531742,0.3579449355602264,0.746792157030451,3.1558447,7.3004017,0.5052468,0.39630666,0.64529914,IDP-ESM2-8M,93,310,0.5200963020324707,1.2958154678344727,0.07737895321246913,0.03836172819137579,0.10149302039180963
Q7T9U3,2.5170865058898926,6.231752872467041,0.6506086268228235,0.5297015905380249,0.5001690106705422,2.7035875,6.8491244,0.6820351,0.5312646,0.4009045,IDP-ESM2-8M,93,310,0.18650102615356445,0.6173715591430664,0.031426461716300036,0.0015630125999450684,0.09926450422561117
Q7TB66,2.388280868530273,5.786229133605957,0.5583621769344246,0.4302465319633484,0.5584652163464453,2.3114448,5.513565,0.5446099,0.42688566,0.5777523,IDP-ESM2-8M,93,310,0.07683610916137651,0.27266407012939453,0.013752272645178976,0.0033608675003051758,0.01928707580977418
Q7TDE5,1.7327096462249756,4.204363822937012,0.5795948158583132,0.4765125215053558,0.5638790157688817,1.7052295,4.145955,0.5636769,0.45531672,0.57446384,IDP-ESM2-8M,93,310,0.027480125427246094,0.05840873718261719,0.015917922147223096,0.02119579911231989,0.010584828530434742
Q7TDG1,2.490117311477661,5.805055141448975,0.5386403469483882,0.4287756085395813,0.5805635605910878,2.4305599,5.697663,0.5149332,0.40390438,0.6162014,IDP-ESM2-8M,93,310,0.059557437896728516,0.1073923110961914,0.023707118455651432,0.024871230125427246,0.035637840165748114
Q7TDL0,1.8884413242340088,4.7142181396484375,0.5979073791505418,0.464028000831604,0.5161268442607513,1.9271425,4.7212815,0.5936415,0.46998262,0.506084,IDP-ESM2-8M,93,310,0.03870117664337158,0.007063388824462891,0.004265859604033029,0.005954623222351074,0.010042819354592836
Q7TDN1,1.627246975898743,3.610844135284424,0.5066982889403502,0.4331098198890686,0.6066444493794406,1.5649816,3.5106494,0.47698095,0.39416972,0.6827103,IDP-ESM2-8M,93,310,0.062265396118164285,0.10019469261169434,0.029717334531704553,0.038940101861953735,0.07606584057569854
Q7TFN9,4.809350490570068,11.326508522033691,0.5502404637713013,0.431827574968338,0.5886450924694411,4.5968266,10.902526,0.55265456,0.42960316,0.5903032,IDP-ESM2-8M,93,310,0.2125239372253418,0.4239826202392578,0.0024141006093444384,0.0022244155406951904,0.001658090132487633
Q7TG50,1.6741212606430054,3.925894737243652,0.5112703201005089,0.408839613199234,0.5942082604489444,1.6198788,3.8861094,0.54298097,0.42643234,0.5517966,IDP-ESM2-8M,93,310,0.054242491722106934,0.03978538513183549,0.031710648851670076,0.01759272813796997,0.04241164532519559
Q7THH5,1.4805859327316284,3.5995447635650635,0.5748434435146096,0.4640343487262726,0.5338098601886665,1.5483596,3.7427673,0.5584404,0.44170192,0.53684986,IDP-ESM2-8M,93,310,0.06777369976043701,0.14322257041931152,0.016403056265616667,0.022332429885864258,0.003039996187981453
Q7THI5,1.4908099174499512,3.680530786514282,0.5856059832048719,0.4660952091217041,0.5222624204087364,1.5693113,3.7843757,0.55413467,0.4367777,0.5424906,IDP-ESM2-8M,93,310,0.07850134372711182,0.1038448810577397,0.03147131628516364,0.029317498207092285,0.020228181130875433
Q7ZGU1,1.459875226020813,3.512011766433716,0.5620519442547338,0.4572725594043731,0.5331019357861957,1.3595003,3.2437463,0.54409003,0.43366155,0.5561058,IDP-ESM2-8M,93,310,0.10037493705749512,0.2682654857635498,0.017961911677219167,0.023611009120941107,0.02300385673623473
Q7ZGU2,1.5534588098526,3.704934597015381,0.5591998202932726,0.4461364448070526,0.5530105529773196,1.5367032,3.7706604,0.5898982,0.46790686,0.5023256,IDP-ESM2-8M,93,310,0.01675558090209961,0.06572580337524414,0.030698408352052065,0.0217704176902771,0.05068495855211819
Q7ZPK4,2.3864073753356934,5.5650811195373535,0.5156515856253662,0.4046715497970581,0.6200709244936515,2.302448,5.4259624,0.53151083,0.41723618,0.58526075,IDP-ESM2-8M,93,310,0.08395934104919434,0.13911867141723633,0.015859244300170938,0.012564629316329956,0.03481017563043132
Q80553,1.7017829418182373,4.29582405090332,0.5963093890216741,0.479846179485321,0.5189677773325435,1.864814,4.561255,0.58872485,0.4636099,0.50947905,IDP-ESM2-8M,93,310,0.16303110122680664,0.26543092727661133,0.007584537413397707,0.016236275434493963,0.00948873146462359
Q80889,3.40116810798645,8.152029991149902,0.6199681764885606,0.5033925771713257,0.5231723889099441,3.3976984,7.8269496,0.529,0.437724,0.6759688,IDP-ESM2-8M,93,310,0.003469705581665039,0.32508039474487305,0.09096819222418684,0.06566858291625977,0.15279643690716405
Q80893,1.8569839000701904,3.396172523498535,0.2311215794355287,0.2926353514194488,1.2649263128911512,1.6645434,3.3140967,0.38529822,0.3518403,0.8761288,IDP-ESM2-8M,93,310,0.19244050979614258,0.08207583427429199,0.1541766428678618,0.05920493602752691,0.38879752012839486
Q80GM7,2.553338527679444,5.920792102813721,0.4806813072825801,0.3916524648666382,0.7017012661962947,2.6729126,6.0576606,0.48913124,0.40119866,0.69126505,IDP-ESM2-8M,93,310,0.1195740699768062,0.13686847686767578,0.008449934754239385,0.0095461905002594,0.010436219599767593
Q80LM0,3.363256454467773,8.619884490966797,0.6662086425777796,0.5348446369171143,0.4958077142552526,3.2826726,8.301378,0.69377196,0.5423891,0.43238112,IDP-ESM2-8M,93,310,0.08058381080627397,0.31850624084472656,0.02756331577335569,0.007544457912445068,0.06342659095088554
Q80RB4,2.7400684356689453,6.60451602935791,0.5395437613849422,0.4249629974365234,0.6005819375698327,2.6365807,6.207349,0.52692974,0.41541597,0.62308323,IDP-ESM2-8M,93,310,0.10348773002624512,0.3971672058105469,0.012614025247552063,0.0095470249652862,0.022501296263480297
Q81837,2.7749319076538086,6.627445220947266,0.5359063714570144,0.4194350838661194,0.5647146628444655,2.763929,6.5115724,0.5238988,0.40656695,0.5940621,IDP-ESM2-8M,93,310,0.01100301742553711,0.11587285995483398,0.012007591111097615,0.012868136167526245,0.02934742707557847
Q81839,2.498880624771118,5.656501293182373,0.5178213248951719,0.4031377136707306,0.6076870836625148,2.2797847,5.384075,0.5251513,0.40967262,0.58898574,IDP-ESM2-8M,93,310,0.21909594535827637,0.27242612838745117,0.007329987456054954,0.00653490424156189,0.01870134252405653
Q81846,2.708412408828736,6.190937519073486,0.5220178697631761,0.4181114435195923,0.6027986621445156,2.6054127,6.1492176,0.52327263,0.40762946,0.5965819,IDP-ESM2-8M,93,310,0.10299968719482466,0.041719913482666016,0.0012547637893751684,0.010481983423233032,0.006216785866592023
Q81859,1.93219804763794,4.442722320556641,0.5283917397353077,0.4156481921672821,0.5698670754670302,1.7345889,4.145378,0.5417303,0.42477015,0.54983664,IDP-ESM2-8M,93,310,0.1976091861724858,0.2973442077636719,0.013338544955549203,0.009121954441070557,0.020030439877430584
Q82401,1.896571040153504,4.5851640701293945,0.5571746359933037,0.4291745722293854,0.5613598141023878,1.8216125,4.3336773,0.5531306,0.4434071,0.56057894,IDP-ESM2-8M,93,310,0.07495856285095281,0.25148677825927734,0.004044009314836949,0.014232516288757324,0.0007808718034986173
Q82615,2.1708734035491943,5.134160041809082,0.5490502374716704,0.4313355386257171,0.5721800748490306,2.3500476,5.672537,0.5615526,0.43790472,0.5472645,IDP-ESM2-8M,93,310,0.17917418479919434,0.5383768081665039,0.0125023466996248,0.006569176912307795,0.024915558495423373
Q83112,2.41190505027771,5.164118766784668,0.3579090330668357,0.3439160287380218,0.9729690842107984,2.8286788,6.2979417,0.45606366,0.38360694,0.74859804,IDP-ESM2-8M,93,310,0.41677379608154297,1.1338229179382324,0.098154624932203,0.039690911769867,0.22437104506056038
Q83190,1.8836880922317505,4.400813579559326,0.5260448386484439,0.4264549911022186,0.5959532905051558,1.7639463,4.0826483,0.51051986,0.41106278,0.625259,IDP-ESM2-8M,93,310,0.11974179744720459,0.31816530227661133,0.015524976473456076,0.015392214059829656,0.029305691676393297
Q83502,2.2941713333129883,5.310041427612305,0.5037432051124425,0.3745355904102325,0.6215559272118281,2.484774,5.9072003,0.5374584,0.41599035,0.57544076,IDP-ESM2-8M,93,310,0.19060277938842773,0.5971589088439941,0.03371521468736216,0.041454762220382746,0.046115162784643005
Q83508,2.377563238143921,5.536876201629639,0.5321698180352915,0.4230669438838959,0.5828507670533861,2.4813612,5.872724,0.52645093,0.40801504,0.5905374,IDP-ESM2-8M,93,310,0.10379791259765625,0.3358478546142578,0.005718886009382085,0.01505190134048462,0.007686661802509875
Q84108,1.4589022397994995,3.4060921669006348,0.5352848589056226,0.4366827309131622,0.571752774219122,1.5492231,3.7068968,0.54425764,0.43197763,0.5644192,IDP-ESM2-8M,93,310,0.09032082557678223,0.30080461502075195,0.00897278193300044,0.004705101251602117,0.007333564261999159
Q84187,3.3706753253936768,7.924954414367676,0.5487601205780593,0.4367975294589996,0.5847488703565769,3.4674976,8.265932,0.5467119,0.4217948,0.5871728,IDP-ESM2-8M,93,310,0.09682226181030273,0.34097766876220703,0.0020481988861648093,0.015002727508544866,0.0024239359063931154
Q84188,3.3498449325561523,8.206217765808105,0.5453710853424537,0.4217911660671234,0.5829563793047416,3.556603,8.413255,0.53643346,0.4172491,0.60001725,IDP-ESM2-8M,93,310,0.2067580223083496,0.20703697204589844,0.00893762701420664,0.004542052745819092,0.017060870279456353
Q84265,1.7284702062606812,4.44248104095459,0.6613243684337272,0.5258669853210449,0.4773213668374543,1.7769735,4.6498365,0.6743008,0.53575176,0.41602916,IDP-ESM2-8M,93,310,0.04850327968597412,0.20735549926757812,0.012976421399341631,0.009884774684906006,0.061292211583090284
Q84494,2.552734136581421,6.3842878341674805,0.5917065308164913,0.4586173295974731,0.5530748178482502,2.3715413,5.7509694,0.5865925,0.46541038,0.54942197,IDP-ESM2-8M,93,310,0.18119287490844727,0.6333184242248535,0.005114035375054504,0.006793051958084162,0.003652851772352972
Q84648,2.521754741668701,5.554079532623291,0.4927278858411089,0.4166622459888458,0.7081384738377339,2.4833162,5.7311563,0.520813,0.4324285,0.67302555,IDP-ESM2-8M,93,310,0.03843855857849121,0.1770768165588379,0.02808510244014112,0.015766263008117676,0.03511292537963451
Q85298,2.279718399047852,5.395394325256348,0.5325898131596705,0.4208833277225494,0.5718015694514089,2.184874,5.203144,0.5260533,0.40915906,0.56822264,IDP-ESM2-8M,93,310,0.09484434127807662,0.19225025177001953,0.006536503719057674,0.011724263429641668,0.003578927506523666
Q85305,3.579531192779541,8.211382865905762,0.5203653644409608,0.4118862152099609,0.6189179360148165,3.3560934,7.8401127,0.51809084,0.40607205,0.64032054,IDP-ESM2-8M,93,310,0.22343778610229492,0.37127017974853516,0.00227452028660291,0.005814164876937811,0.02140260345967082
Q85470,2.2920143604278564,5.446559429168701,0.5327047768731603,0.4169777631759643,0.6087104146603998,2.3878956,5.704553,0.5582757,0.4424782,0.569089,IDP-ESM2-8M,93,310,0.09588122367858887,0.2579936981201172,0.025570922742318203,0.025500446557998713,0.03962141920370421
Q85513,1.9576280117034912,4.725622653961182,0.5239052400086113,0.4113883078098297,0.5851947112310396,1.8109074,4.3501463,0.5488912,0.4331914,0.542485,IDP-ESM2-8M,93,310,0.14672064781188965,0.3754763603210449,0.02498594670556109,0.021803081035614014,0.04270971252803668
Q85653,2.376068115234375,5.417388916015625,0.5016500349884363,0.3889819681644439,0.634856464474716,2.5652003,6.1110954,0.55013186,0.43072838,0.57088876,IDP-ESM2-8M,93,310,0.1891322135925293,0.6937065124511719,0.04848182240673582,0.04174640774726873,0.06396770676902752
Q856E0,2.466195583343506,5.6900177001953125,0.5181813486849122,0.3989454507827759,0.614833289702578,2.4531496,5.8091574,0.5244589,0.40748146,0.5919153,IDP-ESM2-8M,93,310,0.013046026229858398,0.1191396713256836,0.006277536507958925,0.008536010980606079,0.0229179802734093
Q856H1,2.9787638187408447,6.904770374298096,0.5036225758459518,0.3979147672653198,0.6407523990866708,2.7956688,6.5490394,0.5122113,0.40081206,0.6273962,IDP-ESM2-8M,93,310,0.18309497833251953,0.3557310104370117,0.008588746938472003,0.002897292375564575,0.013356173157410556
Q857F1,1.9641215801239007,4.7520270347595215,0.5812534908514281,0.4474373757839203,0.540902322963004,2.0537035,4.904766,0.5342071,0.4263876,0.60233116,IDP-ESM2-8M,93,310,0.08958196640014715,0.1527390480041504,0.0470463852148314,0.02104976773262024,0.06142883853601944
Q858H2,2.2670469284057617,5.336639404296875,0.5392917442964523,0.4077807366847992,0.5698406982947399,2.2429013,5.3251486,0.5349924,0.41759482,0.5771942,IDP-ESM2-8M,93,310,0.02414560317993164,0.011490821838378906,0.004299347464939873,0.009814083576202393,0.0073535155724475665
Q858N3,1.927005290985108,4.566664218902588,0.5808561131799694,0.4685754776000976,0.5528038656646656,1.8838099,4.5600877,0.56972855,0.45279568,0.5558075,IDP-ESM2-8M,93,310,0.0431953668594367,0.0065765380859375,0.011127559884833937,0.015779793262481634,0.0030036056106640396
Q859F3,2.6343207359313965,6.0198974609375,0.5073106917352911,0.4078228771686554,0.6368856517355966,2.5996625,6.144376,0.5376482,0.42248094,0.59822506,IDP-ESM2-8M,93,310,0.034658193588256836,0.12447834014892578,0.030337509253478445,0.014658063650131226,0.038660594610505084
Q859H4,1.7760928869247437,3.896996259689331,0.5186384652849547,0.4274115860462188,0.5948459608399084,1.8586471,4.401148,0.52407295,0.4187577,0.60166687,IDP-ESM2-8M,93,310,0.08255422115325928,0.5041515827178955,0.00543447983299572,0.008653879165649359,0.006820906893093337
Q859K4,2.129390478134156,5.0706868171691895,0.5328967809933792,0.4149425625801086,0.5855965737739375,2.0396233,4.8531637,0.53552073,0.4206955,0.58328027,IDP-ESM2-8M,93,310,0.08976721763610929,0.21752309799194336,0.002623951409422287,0.0057529509067535956,0.0023163084426691682
Q86596,1.894747495651245,4.689831733703613,0.6001272242126647,0.4821423292160034,0.5202157789259023,1.852715,4.466166,0.57958686,0.46387485,0.53449345,IDP-ESM2-8M,93,310,0.04203248023986794,0.22366571426391602,0.020540360694903503,0.01826748251914978,0.01427766742419534
Q86686,3.440208673477173,8.322357177734375,0.5664734565159629,0.4563029408454895,0.5718947265295324,3.4963484,8.364189,0.5576633,0.43621206,0.57598025,IDP-ESM2-8M,93,310,0.05613970756530762,0.04183197021484375,0.008810135020906773,0.020090878009796143,0.004085519537514681
Q86818,1.460961937904358,3.500816583633423,0.5522634133666189,0.4420870244503021,0.5593399411578714,1.6384296,4.0129175,0.5734376,0.45089012,0.51925296,IDP-ESM2-8M,93,310,0.1774677038192749,0.5121009349822998,0.021174158158954848,0.008803099393844604,0.040086985244327744
Q86965,2.3598008155822754,5.689849853515625,0.5848229669224884,0.4847496151924133,0.553603337412101,2.3531785,5.698508,0.5744378,0.45044383,0.5537555,IDP-ESM2-8M,93,310,0.006622314453125,0.00865793228149414,0.010385169852938803,0.03430578112602228,0.00015218436219099907
Q87071,1.9543282985687256,4.568828582763672,0.5569509246168368,0.4691648781299591,0.5634483041985254,2.0795193,5.0608234,0.5689781,0.44215405,0.52812916,IDP-ESM2-8M,93,310,0.12519097328186035,0.49199485778808594,0.012027146595931737,0.027010828256607056,0.03531914379432011
Q87072,2.4248392581939697,5.7215256690979,0.5575377990991252,0.4460115730762481,0.525723379610173,2.3891098,5.6776757,0.5391209,0.41835278,0.5570339,IDP-ESM2-8M,93,310,0.035729408264160156,0.043849945068359375,0.01841688654724527,0.02765879034996027,0.03131051683605501
Q87076,3.703100919723511,8.742889404296875,0.6341339350195351,0.5753036737442017,0.5545472586075183,4.070539,9.412128,0.60597813,0.5172332,0.65083456,IDP-ESM2-8M,93,310,0.3674380779266353,0.6692390441894531,0.02815580372528459,0.058070480823516846,0.09628730178676881
Q87171,1.7826610803604126,4.332564830780029,0.5479362015260358,0.4273037612438202,0.5481836900057231,1.8142806,4.3031907,0.53836316,0.42606938,0.558336,IDP-ESM2-8M,93,310,0.03161954879760742,0.029374122619628906,0.009573042823185496,0.0012343823909759521,0.010152329510268121
Q87172,1.91124165058136,4.591419219970703,0.5625241277805296,0.4588437676429748,0.5417650764829557,1.9078759,4.5819464,0.54923177,0.43038908,0.5486984,IDP-ESM2-8M,93,310,0.00336575508117698,0.009472846984863281,0.01329236012611068,0.028454691171646063,0.0069333488100130625
Q87175,1.9088680744171145,4.502878189086914,0.5568800406190714,0.4520748853683471,0.5575944896014519,1.9557928,4.73746,0.5522876,0.427816,0.5389928,IDP-ESM2-8M,93,310,0.046924710273742454,0.23458194732666016,0.0045924620363076984,0.024258881807327215,0.01860166743119429
Q87177,1.887590289115905,4.649468421936035,0.5547439167462481,0.4282277822494507,0.5554367352405654,1.9075553,4.5859365,0.5438898,0.4247035,0.55803704,IDP-ESM2-8M,93,310,0.01996505260467596,0.06353187561035156,0.010854096170534011,0.003524273633956909,0.0026003073772324914
Q87184,1.9450256824493408,4.571385383605957,0.5478966697800436,0.4360198974609375,0.5703280496091094,2.0011218,4.780045,0.5453051,0.42727175,0.5595034,IDP-ESM2-8M,93,310,0.05609607696533203,0.20865964889526367,0.0025915965187826018,0.008748143911361694,0.010824673125192197
Q87189,1.968051791191101,4.565345764160156,0.5176435335974485,0.4032074809074402,0.6203319012174806,1.958368,4.73453,0.5535409,0.429884,0.54628116,IDP-ESM2-8M,93,310,0.009683847427368164,0.16918420791625977,0.035897351851007286,0.02667650580406189,0.07405074229337782
Q87190,1.9034150838851929,4.558351039886475,0.5359669028216014,0.4121782183647156,0.5727507557050745,1.9844233,4.7859774,0.5503694,0.4282595,0.55160403,IDP-ESM2-8M,93,310,0.0810081958770752,0.22762632369995117,0.01440247908300063,0.016081273555755615,0.021146723188595007
Q87209,1.862782001495361,4.4295830726623535,0.5375627990445788,0.4277502298355102,0.5767103260927396,1.7914507,4.3448925,0.55963284,0.43762666,0.5341699,IDP-ESM2-8M,93,310,0.07133126258850075,0.08469057083129883,0.022070038727790564,0.009876430034637507,0.04254041375448281
Q87272,1.771573185920715,4.140113353729248,0.5326915264429924,0.4273720681667328,0.5847705077946502,1.7850122,4.326704,0.55588245,0.43394285,0.5435339,IDP-ESM2-8M,93,310,0.013439059257507546,0.18659067153930664,0.023190927475464584,0.006570786237716675,0.041236586552889976
Q87273,1.939037799835205,4.618935108184815,0.5466744031043405,0.4304466545581817,0.5647701644829984,1.9942017,4.8474793,0.5576264,0.4315761,0.53804165,IDP-ESM2-8M,93,310,0.05516386032104492,0.2285442352294913,0.01095202311559973,0.0011294484138489325,0.026728513234066553
Q87596,1.533286452293396,3.61783504486084,0.5345110658450549,0.4314935207366943,0.5828321177032882,1.5324557,3.7098396,0.55697834,0.44161677,0.54770947,IDP-ESM2-8M,93,310,0.0008307695388793945,0.09200453758239746,0.02246727907224244,0.0101232528686524,0.035122652676432775
Q89267,1.7420724630355835,4.086272239685059,0.5560926285241087,0.4499751627445221,0.559322391018633,1.6034496,3.8571122,0.55257297,0.43927416,0.55818,IDP-ESM2-8M,93,310,0.13862287998199463,0.22916007041931152,0.0035196629021604364,0.010701000690460205,0.0011424164626637756
Q8AEV4,2.233668565750122,5.239813804626465,0.5372849422933033,0.4231429994106293,0.5890506457655373,2.0964513,4.9496303,0.5346624,0.421305,0.5809899,IDP-ESM2-8M,93,310,0.13721728324890137,0.29018354415893555,0.0026225167752673695,0.001837998628616333,0.00806074851440819
Q8AEV6,2.1465060710906982,5.094841957092285,0.5314559730344499,0.4258464872837066,0.5870264308689069,2.0940442,4.9507184,0.53546876,0.42098603,0.5800906,IDP-ESM2-8M,93,310,0.052461862564086914,0.14412355422973633,0.00401278411810746,0.004860460758209173,0.006935848498148878
Q8AEV8,2.1814987659454346,4.826488494873047,0.5101294160331912,0.415207028388977,0.6281491703112636,2.1054153,4.945859,0.52746093,0.41687182,0.5936199,IDP-ESM2-8M,93,310,0.07608342170715332,0.1193704605102539,0.017331516698437244,0.0016647875308991034,0.03452928725080828
Q8AM83,1.9343886375427248,4.660233497619629,0.5703303920126992,0.4620877802371979,0.5641559007525383,1.9868807,4.8218503,0.5853515,0.46717852,0.5128809,IDP-ESM2-8M,93,310,0.05249202251434304,0.16161680221557617,0.01502113472451394,0.00509074330329895,0.05127497938870773
Q8ATK1,1.5496996641159058,3.707332134246826,0.5407623957385782,0.4253777265548706,0.5597329103797722,1.4758847,3.5603666,0.5610118,0.44553104,0.5324918,IDP-ESM2-8M,93,310,0.0738149881362915,0.14696550369262695,0.02024939549066984,0.020153313875198364,0.027241107210521753
Q8B5D2,3.114976167678833,7.238278865814209,0.4673215978048058,0.374603807926178,0.771171879287734,2.9414556,6.8336244,0.5019874,0.40163216,0.68451077,IDP-ESM2-8M,93,310,0.17352056503295898,0.40465450286865234,0.03466579986594004,0.02702835202217102,0.08666111182786462
Q8B5E1,3.1651766300201416,7.589272499084473,0.5198325087145177,0.3958207070827484,0.6458569455503155,2.999895,7.07323,0.52470136,0.41181666,0.62994623,IDP-ESM2-8M,93,310,0.1652815341949463,0.5160427093505859,0.004868848173299689,0.015995949506759644,0.01591071370827446
Q8B6B2,3.904013156890869,9.261208534240724,0.5421892785501781,0.4431942701339721,0.5808373305979415,4.2810893,10.123545,0.5296663,0.40763527,0.60543245,IDP-ESM2-8M,93,310,0.3770761489868164,0.8623361587524396,0.012522973961860195,0.03555899858474726,0.024595120173390272
Q8BCG5,2.794872760772705,6.565496921539307,0.5209792822640622,0.393306016921997,0.6156210843121569,2.6720786,6.268827,0.51896167,0.4071694,0.61625236,IDP-ESM2-8M,93,310,0.12279415130615234,0.29666996002197266,0.0020176142495358373,0.013863384723663386,0.000631278415962
Q8BEN1,4.84898567199707,11.072235107421877,0.534068213624413,0.4120315909385681,0.6100232484299682,4.546225,10.733473,0.54023755,0.424344,0.61546165,IDP-ESM2-8M,93,310,0.30276060104370117,0.3387622833251971,0.006169332342689016,0.01231241226196289,0.005438399080560319
Q8J4J0,1.93458104133606,4.5694193840026855,0.5485265184237392,0.4339759945869446,0.5808037639458111,1.7892618,4.336299,0.5600209,0.4396691,0.5491581,IDP-ESM2-8M,93,310,0.1453192234039311,0.23312044143676758,0.011494405190762724,0.005693107843399048,0.03164566763233456
Q8JKR9,3.5010788440704346,8.286328315734863,0.5902761424730141,0.4594037532806396,0.5914931939172233,3.4290388,8.259896,0.5867135,0.47140437,0.61703324,IDP-ESM2-8M,93,310,0.07204008102416992,0.026432037353515625,0.0035626496026832655,0.012000620365142878,0.025540049262097964
Q8JL45,3.369366407394409,8.059619903564453,0.6001068034617327,0.4680803716182709,0.551919752385175,3.262574,8.007124,0.60503054,0.472426,0.5216486,IDP-ESM2-8M,93,310,0.10679244995117188,0.05249595642089844,0.0049237331898785985,0.004345625638961792,0.030271166588818788
Q8JLL5,2.7201294898986816,6.272313117980957,0.5192149212728,0.403579443693161,0.608753096543756,2.757484,6.471274,0.52181494,0.40734893,0.60193914,IDP-ESM2-8M,93,310,0.037354469299316406,0.1989607810974121,0.0026000210871243157,0.003769487142562866,0.006813954793420285
Q8JM67,3.150487899780273,7.981373310089111,0.6487314908180501,0.516574501991272,0.5063853073211126,3.0801377,7.8467374,0.6964091,0.53979665,0.39484003,IDP-ESM2-8M,93,310,0.0703501701354976,0.13463592529296875,0.04767761543652749,0.023222148418426514,0.11154527545885373
Q8JQG9,2.8502228260040283,6.632250308990479,0.5204807332766028,0.4026755094528198,0.6422443544407744,3.275507,7.6674404,0.5342115,0.42346126,0.6111797,IDP-ESM2-8M,93,310,0.42528414726257324,1.0351901054382315,0.013730783103707234,0.020785748958587646,0.031064645006265157
Q8JQR2,2.828100204467773,6.647688388824463,0.525901319272927,0.3970339298248291,0.6217038264960181,3.134032,7.3514524,0.5298418,0.4172116,0.6154578,IDP-ESM2-8M,93,310,0.3059318065643315,0.7037639617919922,0.003940461389609573,0.02017766237258911,0.006246053287399911
Q8JQS3,2.8051764965057373,6.420955181121826,0.5043594328722965,0.3834341764450073,0.6631131747576222,3.155757,7.4211836,0.5395813,0.42426786,0.5974205,IDP-ESM2-8M,93,310,0.35058045387268066,1.0002284049987793,0.035221865955828546,0.04083368182182312,0.06569266112770888
Q8JRY1,2.237876415252685,5.156761646270752,0.5791077265222572,0.4804548025131225,0.5626782142087493,2.269226,5.8648734,0.68459934,0.53134036,0.37884963,IDP-ESM2-8M,93,310,0.0313496589660649,0.7081117630004883,0.10549161343974844,0.05088555812835699,0.18382858862128593
Q8JXK6,1.609717607498169,3.893414974212648,0.5532133118553517,0.4351184964179992,0.5448650987062458,1.5764606,3.7813878,0.54579496,0.43352783,0.55304426,IDP-ESM2-8M,93,310,0.03325700759887695,0.11202716827392711,0.007418348018681797,0.001590669155120794,0.00817916084194148
Q8JYS1,2.7924163341522217,6.880420684814453,0.6044912684424182,0.4753866493701935,0.5183874527888837,2.91283,7.0131984,0.573502,0.45546755,0.5695028,IDP-ESM2-8M,93,310,0.12041378021240234,0.13277769088745117,0.030989264295842256,0.019919097423553467,0.05111531811184267
Q8LT64,2.229637861251831,5.414578914642334,0.5425681410507404,0.4362027049064636,0.5928049150464597,1.9187193,4.5666184,0.5290018,0.4154439,0.5870238,IDP-ESM2-8M,93,310,0.31091856956481934,0.8479604721069336,0.013566368647023319,0.02075880765914917,0.005781120395428219
Q8QLE8,3.0696325302124023,7.653069496154785,0.6429047792322337,0.4967659115791321,0.5084593019263909,3.16125,7.9949055,0.6809117,0.52712387,0.4164315,IDP-ESM2-8M,93,310,0.09161758422851562,0.34183597564697266,0.03800694056680809,0.030357956886291504,0.09202781531979298
Q8QN60,2.4813127517700195,5.858016490936279,0.5364172738429442,0.4232704937458038,0.5919319075977278,2.4794714,5.888363,0.5357325,0.4193912,0.58050287,IDP-ESM2-8M,93,310,0.0018413066864013672,0.030346393585205078,0.0006847661372557656,0.0038792788982390802,0.011429039899058413
Q8QNS2,2.0243351459503174,5.368850231170654,0.6404035347595567,0.4869264960289001,0.4871492806458748,2.2528694,5.631761,0.62898374,0.49404526,0.48235688,IDP-ESM2-8M,93,310,0.22853422164916992,0.2629108428955078,0.011419798721348684,0.007118761539459284,0.004792404511002379
Q8QNS5,2.0122530460357666,4.819905281066895,0.5267655432190959,0.4066877067089081,0.6024524131860647,1.8809025,4.4298153,0.5171023,0.41011268,0.6125511,IDP-ESM2-8M,93,310,0.13135051727294922,0.390089988708497,0.009663242098337799,0.0034249722957611084,0.010098679915436781
Q8QPP9,2.004200935363769,5.049680709838867,0.596008156541598,0.469756931066513,0.5132344658180402,1.9753561,4.7717876,0.56021434,0.44047183,0.5445045,IDP-ESM2-8M,93,310,0.028844833374022993,0.27789306640625,0.035793815854799904,0.029285103082656805,0.031270057459242495
Q8QPS6,2.0392065048217773,5.080159187316895,0.5980366815801025,0.4779594838619232,0.5186543376005972,2.052348,4.983122,0.5729313,0.4508005,0.5343252,IDP-ESM2-8M,93,310,0.013141393661499023,0.09703731536865323,0.025105391907250918,0.02715897560119629,0.015670844837299525
Q8QPU8,1.992329835891724,4.841644763946533,0.553420779636074,0.4297118484973907,0.5681697546584008,2.0947328,5.035703,0.55986065,0.43967578,0.5524599,IDP-ESM2-8M,93,310,0.10240292549133256,0.19405841827392578,0.006439867088626983,0.00996392965316778,0.01570985904759148
Q8QRI8,3.2885308265686035,7.884644985198975,0.5394460107965866,0.4168720245361328,0.5985504047754322,3.419263,8.11401,0.5407427,0.4258303,0.5978486,IDP-ESM2-8M,93,310,0.13073205947875977,0.22936487197875977,0.0012966845349868805,0.008958280086517334,0.0007018105867420132
Q8QRK4,3.2491135597229004,7.4641432762146,0.5219276058805111,0.3972975015640259,0.6382716999313947,3.363741,8.014935,0.55308956,0.43236303,0.57361627,IDP-ESM2-8M,93,310,0.11462736129760742,0.5507912635803223,0.031161953197705428,0.035065531730651855,0.0646554336807843
Q8QUL3,1.7242542505264282,4.03079891204834,0.5426836428280866,0.4232289791107178,0.5680221160378448,1.7468427,4.2080584,0.55476934,0.43513888,0.543169,IDP-ESM2-8M,93,310,0.022588491439819336,0.1772594451904297,0.012085694349190046,0.011909902095794678,0.02485309443139949
Q8QUU2,2.879369735717773,7.175443172454834,0.6583002758665918,0.5438154339790344,0.5109921341830502,3.2086267,7.923161,0.6482229,0.51687944,0.5331461,IDP-ESM2-8M,93,310,0.32925701141357466,0.7477178573608398,0.010077352587783195,0.026935994625091553,0.022153949171899723
Q8QUW5,2.473679304122925,6.102424144744873,0.5677498235805429,0.4263489544391632,0.5299952208418734,2.4843936,5.928946,0.54526186,0.42346883,0.5688356,IDP-ESM2-8M,93,310,0.010714292526245117,0.1734781265258789,0.022487963686744106,0.0028801262378692627,0.03884039526988192
Q8QVQ9,2.74479603767395,6.466947078704834,0.5257972896848262,0.4130697250366211,0.5867434374446052,2.824872,6.6458406,0.5160383,0.4020192,0.6081723,IDP-ESM2-8M,93,310,0.08007597923278809,0.1788935661315918,0.009758991077953638,0.011050522327423096,0.021428860033116948
Q8QYT4,1.4096920490264893,3.249927282333374,0.5066360158528246,0.3994123339653015,0.586539729877169,1.5441595,3.7047381,0.54266196,0.4280473,0.5498234,IDP-ESM2-8M,93,310,0.1344674825668335,0.45481085777282715,0.03602594904051648,0.028634965419769287,0.036716326518709486
Q8QYT7,1.4440841674804688,3.4709529876708984,0.5293222166202323,0.4241757988929748,0.5652379997879254,1.4497466,3.4470384,0.5336392,0.4252964,0.56287104,IDP-ESM2-8M,93,310,0.005662441253662109,0.023914575576782227,0.004316975960944491,0.001120597124099787,0.0023669608741986314
Q8UU17,2.313895463943481,5.481729507446289,0.5086688800916747,0.3953643143177032,0.6199199592607127,2.4166987,5.7416277,0.53641564,0.418321,0.5744553,IDP-ESM2-8M,93,310,0.10280323028564498,0.25989818572998047,0.02774675644778457,0.022956699132919367,0.045464638425599224
Q8UZB3,3.613649606704712,8.246795654296875,0.5198546696189686,0.4080694615840912,0.6234334250481187,3.6270063,8.613305,0.5374867,0.41304457,0.5798028,IDP-ESM2-8M,93,310,0.013356685638427734,0.36650943756103516,0.017632002782459577,0.004975110292434692,0.043630613902336246
Q8UZG8,3.217067241668701,6.078385829925537,0.2189930016478408,0.2740261256694793,1.6827581211154865,4.255291,9.447213,0.40685093,0.34838626,0.8878075,IDP-ESM2-8M,93,310,1.0382237434387207,3.3688273429870605,0.1878579323807847,0.07436013221740728,0.7949506326740192
Q8V337,3.886082649230957,9.328152656555176,0.5905300375409568,0.4777798354625702,0.5482420025099546,3.3530838,7.9368944,0.5417766,0.42469868,0.5950924,IDP-ESM2-8M,93,310,0.53299880027771,1.3912582397460938,0.048753440041109375,0.05308115482330322,0.04685041329967676
Q8V339,3.786497116088867,8.88757610321045,0.5762838707503203,0.4546506106853485,0.5654042858448295,3.4950202,8.310932,0.55583864,0.43338722,0.5720519,IDP-ESM2-8M,93,310,0.2914769649505615,0.5766439437866211,0.020445226245773163,0.02126339077949524,0.006647596899005959
Q8V364,3.912223100662232,9.348082542419434,0.601570497912836,0.4770938456058502,0.545058177358706,3.5397794,8.473098,0.5732252,0.4468701,0.5543222,IDP-ESM2-8M,93,310,0.3724436759948735,0.8749847412109375,0.028345297736596997,0.030223757028579712,0.009264005773465644
Q8V367,3.944301128387451,9.254372596740724,0.5867672997210619,0.4566084146499634,0.5679896629866961,3.5981421,8.622615,0.57909924,0.4509929,0.5424913,IDP-ESM2-8M,93,310,0.3461589813232422,0.6317577362060565,0.007668061802208137,0.005615502595901489,0.025498346191346943
Q8V371,3.9839489459991455,9.449542045593262,0.590055095290832,0.4735912084579468,0.5628522590679889,3.6386614,8.69685,0.5759164,0.44913128,0.55239654,IDP-ESM2-8M,93,310,0.345287561416626,0.7526922225952148,0.014138685798339323,0.024459928274154663,0.010455723194575772
Q8V5H6,2.6994757652282715,6.327394008636475,0.547568237259962,0.4326514005661011,0.5912608532638286,2.7287042,6.5149417,0.5555312,0.43308514,0.5701644,IDP-ESM2-8M,93,310,0.02922844886779785,0.1875476837158203,0.0079629664868337,0.0004337430000305176,0.021096470806095446
Q8V5I4,2.798769950866699,6.823889255523682,0.5623695667984523,0.4327329993247986,0.5658254455311369,2.7648726,6.5561576,0.5351506,0.41645667,0.6000319,IDP-ESM2-8M,93,310,0.03389739990234375,0.2677316665649414,0.027218979239705954,0.01627632975578308,0.03420646679567585
Q8V636,2.7227251529693604,6.398381233215332,0.523753379735439,0.4207936823368072,0.6194874455467733,2.875083,6.598963,0.4852028,0.3954659,0.705102,IDP-ESM2-8M,93,310,0.152357816696167,0.20058155059814453,0.03855059042879838,0.025327771902084295,0.08561458091578167
Q8V650,1.7484822273254397,4.248335361480713,0.5512496915493762,0.4306551814079284,0.5614470414260874,1.5743091,3.7906182,0.55153704,0.4371697,0.553875,IDP-ESM2-8M,93,310,0.17417311668396018,0.4577171802520752,0.0002873453463757558,0.0065145194530487616,0.007572012339020717
Q8V652,1.7762876749038696,4.281712532043457,0.5649038797211395,0.446625143289566,0.5481063982489301,1.7327092,4.140993,0.5413624,0.42751452,0.5665317,IDP-ESM2-8M,93,310,0.043578505516052246,0.14071941375732422,0.023541474897836312,0.019110620021820013,0.01842531952832205
Q8V654,1.7396667003631592,4.143488883972168,0.5568649742576249,0.4473403990268707,0.5491676013399845,1.6832073,4.0546947,0.55265534,0.43650517,0.55190015,IDP-ESM2-8M,93,310,0.05645942687988281,0.08879423141479492,0.004209635016597102,0.010835230350494385,0.002732547051739087
Q8V660,1.778408765792847,4.3373122215271,0.5601584295108005,0.452660471200943,0.5559287503504652,1.796188,4.285889,0.54049444,0.4283604,0.5733664,IDP-ESM2-8M,93,310,0.017779231071471946,0.051423072814941406,0.019663987524716542,0.024300068616867065,0.01743765322924673
Q8V6V1,2.014815092086792,4.692778587341309,0.5861234581713537,0.4829019904136657,0.5543333621804922,1.7497159,4.162092,0.5527234,0.4491671,0.59717506,IDP-ESM2-8M,93,310,0.2650991678237915,0.5306863784790039,0.03340005042599237,0.03373488783836359,0.04284169952223604
Q8W6W3,3.360015869140625,8.269926071166992,0.6151337437459882,0.4732465445995331,0.5439771930738794,3.1865077,7.8555274,0.6147406,0.47601414,0.51610434,IDP-ESM2-8M,93,310,0.1735081672668457,0.4143986701965332,0.0003931336233075067,0.002767592668533325,0.02787285252059568
Q8W6Y8,2.8260037899017334,6.718082904815674,0.5452845572731668,0.4335459768772125,0.5820682377682176,2.7509606,6.5756817,0.5496488,0.42324886,0.56482387,IDP-ESM2-8M,93,310,0.0750432014465332,0.14240121841430664,0.004364264080745528,0.010297119617462158,0.01724437187771466
Q90060,1.8543094396591189,4.4882588386535645,0.5912203805632968,0.4749405980110168,0.5235202376849433,1.7294446,4.223398,0.57596225,0.45421875,0.52639353,IDP-ESM2-8M,93,310,0.12486481666564964,0.2648606300354004,0.015258135098971892,0.020721852779388372,0.0028732950680474545
Q902W3,1.505954027175903,3.613804817199707,0.506508478484001,0.4056162238121032,0.6155378952564207,1.4591936,3.3631775,0.5041153,0.4109711,0.6270669,IDP-ESM2-8M,93,310,0.04676043987274148,0.2506272792816162,0.0023931949947737508,0.005354881286621149,0.011529015010455557
Q90CH1,2.639803409576416,6.403824329376221,0.540096169849669,0.4201094806194305,0.5889187204854677,2.6880462,6.298726,0.5257496,0.4184099,0.61256486,IDP-ESM2-8M,93,310,0.048242807388305664,0.10509824752807617,0.014346546074186839,0.0016995668411254328,0.023646141288976907
Q90QE2,2.452218532562256,5.68131160736084,0.519639491260239,0.4046163856983185,0.6196873079163202,2.259847,5.3162265,0.5281119,0.41543815,0.5932912,IDP-ESM2-8M,93,310,0.19237160682678223,0.3650851249694824,0.008472383796981453,0.010821759700775146,0.02639608486715639
Q90QF6,2.4978458881378174,6.059094429016113,0.5492546754959446,0.439052939414978,0.5687765971121069,2.3380446,5.502714,0.53051513,0.4166145,0.5847434,IDP-ESM2-8M,93,310,0.15980124473571777,0.5563802719116211,0.018739541161380435,0.02243843674659729,0.015966783434462894
Q90SM4,1.7996176481246948,4.35275411605835,0.5733241195626391,0.4612533152103424,0.5425245357850312,1.8135626,4.3369236,0.54612195,0.4322759,0.5605158,IDP-ESM2-8M,93,310,0.01394498348236084,0.015830516815185547,0.027202164644731353,0.028977423906326294,0.017991285195040785
Q90VH2,2.6350884437561035,6.201977729797363,0.5156249101380957,0.3947184383869171,0.6222456652955403,2.711786,6.356401,0.5245961,0.41478798,0.6129746,IDP-ESM2-8M,93,310,0.07669758796691895,0.15442323684692383,0.008971184947048294,0.020069539546966553,0.009271081192909647
Q912E2,2.421146869659424,5.759311676025391,0.5373297331553548,0.4232628643512726,0.5668684767104724,2.3797805,5.6519446,0.53128904,0.4123428,0.5753106,IDP-ESM2-8M,93,310,0.0413663387298584,0.10736703872680664,0.006040692113026935,0.010920077562332153,0.008442111172523248
Q912E3,2.804725408554077,6.491694450378418,0.529254006261235,0.4168480932712555,0.5849334247199536,2.8035944,6.5506105,0.5143182,0.4007726,0.6191479,IDP-ESM2-8M,93,310,0.0011310577392578125,0.05891609191894531,0.014935778493290641,0.016075491905212402,0.03421447204670902
Q912E6,2.547224521636963,6.186237812042236,0.5480489151923416,0.4255909621715545,0.5594950758939933,2.519411,5.93347,0.52362883,0.40785992,0.593369,IDP-ESM2-8M,93,310,0.027813434600830078,0.25276803970336914,0.024420084282612553,0.01773104071617121,0.033873931216602426
Q914M9,1.5367087125778198,3.750143527984619,0.5766374271737147,0.4505093693733215,0.5419222513434133,1.5177205,3.6755419,0.56549776,0.45261386,0.5594371,IDP-ESM2-8M,93,310,0.01898825168609619,0.07460165023803711,0.011139671169381193,0.00210449099540716,0.017514844775513683
Q917U3,2.680417776107788,6.042800426483154,0.4721735432609095,0.375804454088211,0.7011521074138709,2.640083,6.0226727,0.47481087,0.38374695,0.69003457,IDP-ESM2-8M,93,310,0.04033470153808594,0.02012777328491211,0.0026373252407537184,0.007942497730255182,0.011117539104086971
Q919P6,2.910983800888061,7.236898899078369,0.6591852611106481,0.5211746096611023,0.5054187492830189,2.9600854,7.558602,0.691273,0.54234886,0.42411155,IDP-ESM2-8M,93,310,0.049101591110229936,0.3217029571533203,0.0320877129036341,0.021174252033233643,0.0813072041971119
Q91BD7,3.101076126098633,7.538238525390625,0.6070898316503096,0.4878226518630981,0.5457115251413027,2.8445172,7.1417675,0.6375698,0.49313128,0.46480554,IDP-ESM2-8M,93,310,0.256558895111084,0.3964710235595703,0.03047995346779342,0.005308628082275446,0.08090598171860375
Q91DT1,1.5396798849105835,3.769207715988159,0.597482770480503,0.4866533577442169,0.5029732208003087,1.6031644,3.9451115,0.58105296,0.4564294,0.49753016,IDP-ESM2-8M,93,310,0.0634845495223999,0.1759037971496582,0.01642981151520151,0.030223965644836426,0.005443058465866568
Q91EW9,2.299491167068481,5.701616764068604,0.6388370788731453,0.5328084826469421,0.5095142170126956,2.2961936,5.931807,0.6840158,0.53007984,0.39104906,IDP-ESM2-8M,93,310,0.003297567367553267,0.2301902770996085,0.045178731616509205,0.0027286410331726074,0.1184651597674411
Q91EY8,2.4662489891052246,5.855875015258789,0.4894365173775363,0.3834887742996216,0.6439533478618209,2.5814416,5.7831087,0.4643298,0.38385567,0.7327973,IDP-ESM2-8M,93,310,0.11519265174865723,0.07276630401611328,0.0251067084271121,0.000366896390914917,0.08884397679561928
Q91FZ1,1.969024538993836,4.733137607574463,0.56402921598147,0.439716637134552,0.5493903811438388,2.0431828,4.906692,0.5479848,0.43011966,0.56880647,IDP-ESM2-8M,93,310,0.07415831089019731,0.1735544204711914,0.016044437100397047,0.009596973657608032,0.019416088296621448
Q91HB7,1.427343726158142,3.431262254714966,0.5591323602166676,0.4494577646255493,0.5362164616813301,1.4621814,3.5513997,0.55747914,0.44212452,0.53682584,IDP-ESM2-8M,93,310,0.03483772277832031,0.12013745307922363,0.0016532170739673724,0.007333248853683472,0.0006093740234733858
Q91HB9,1.4982736110687256,3.6432580947875977,0.5909060630424884,0.4688487350940704,0.5187748270773694,1.4730653,3.5826535,0.5631218,0.4477456,0.5385781,IDP-ESM2-8M,93,310,0.025208353996276855,0.06060457229614258,0.027784267388191508,0.021103143692016546,0.019803265974540962
Q91HC5,1.4482494592666626,3.5546135902404785,0.5796518159598052,0.4559148550033569,0.5162500096344692,1.4478235,3.5381408,0.559714,0.44503114,0.5346977,IDP-ESM2-8M,93,310,0.0004259347915649414,0.016472816467285156,0.019937796661251728,0.01088371872901911,0.01844770183327371
Q91HC6,1.450789451599121,3.515621423721313,0.562380161376735,0.4586933851242065,0.5406947890635837,1.486298,3.6045086,0.5554428,0.4420844,0.5432724,IDP-ESM2-8M,93,310,0.03550851345062256,0.08888721466064498,0.006937351318141216,0.01660898327827448,0.002577586996902137
Q91HD2,1.450556993484497,3.493206262588501,0.574626466039653,0.4699845910072326,0.523202361879812,1.4197873,3.4376419,0.5533214,0.44018942,0.5368096,IDP-ESM2-8M,93,310,0.030769705772399902,0.05556440353393555,0.021305044893260128,0.02979516983032221,0.01360726136161261
Q91IB8,1.9263617992401123,4.695132255554199,0.5359288390897771,0.421881228685379,0.5664893056075573,1.8125453,4.3357596,0.5482327,0.42896882,0.5510746,IDP-ESM2-8M,93,310,0.11381649971008301,0.359372615814209,0.012303835508916783,0.007087588310241755,0.015414681545972808
Q91IC2,1.9794471263885496,4.653407573699951,0.5219182055499836,0.3850213885307312,0.5795467300475488,1.9253576,4.579468,0.53659517,0.41938528,0.5622342,IDP-ESM2-8M,93,310,0.05408954620361306,0.07393980026245117,0.014676960179539122,0.034363895654678345,0.01731250715860222
Q91IC3,1.8549907207489007,4.482663631439209,0.5357331484861603,0.4277023077011108,0.5633997544538089,1.7778013,4.265688,0.5491845,0.4314355,0.5509014,IDP-ESM2-8M,93,310,0.0771894454956048,0.21697568893432617,0.01345135268495179,0.003733187913894709,0.012498341489941667
Q91J04,1.5486477613449097,3.6501715183258057,0.5552986882620721,0.4565981328487396,0.5558799303600613,1.5161895,3.6073132,0.5389979,0.42929426,0.5645172,IDP-ESM2-8M,93,310,0.03245830535888672,0.04285836219787598,0.016300799697008594,0.027303874492645264,0.008637269633072209
Q91J05,1.5107216835021973,3.5511865615844727,0.5424431559378566,0.4456840455532074,0.5614949430744315,1.5001881,3.594004,0.5488223,0.43488696,0.54727215,IDP-ESM2-8M,93,310,0.010533571243286133,0.04281735420227051,0.006379127806955376,0.010797083377838135,0.014222797326293057
Q91J06,1.5234843492507937,3.619260787963867,0.5632267517983324,0.4655254483222961,0.5347843614073038,1.5203266,3.6290786,0.5446465,0.43337616,0.55176365,IDP-ESM2-8M,93,310,0.0031577348709108666,0.009817838668823242,0.018580250257194675,0.03214928507804865,0.0169792923478842
Q91J12,1.5075979232788086,3.615457773208618,0.5535636971117539,0.4624858796596527,0.5427927495197775,1.5052693,3.6239567,0.545771,0.4314404,0.543304,IDP-ESM2-8M,93,310,0.002328634262084961,0.008498907089233398,0.00779269434228369,0.031045466661453247,0.0005112766070840546
Q91J15,1.514955759048462,3.605947971343994,0.5424818129949177,0.4363704323768616,0.563469419723581,1.4721949,3.5294616,0.5485494,0.43620872,0.54663867,IDP-ESM2-8M,93,310,0.04276084899902344,0.07648634910583496,0.006067600686112562,0.00016170740127563477,0.016830752140115424
Q91KJ0,2.56765079498291,5.752108573913574,0.493714456898268,0.4144620895385742,0.6698332026975488,2.6753247,6.2725987,0.5091847,0.4029902,0.62656885,IDP-ESM2-8M,93,310,0.10767388343811035,0.5204901695251465,0.01547026123375106,0.01147189736366272,0.0432643488424157
Q91N87,2.164740800857544,5.279501914978027,0.5618957653053946,0.4384524226188659,0.5528074812444517,2.0685732,4.8928494,0.53556675,0.42209047,0.58009714,IDP-ESM2-8M,93,310,0.09616756439208984,0.38665246963500977,0.02632901811682653,0.016361951828002874,0.02728965763723168
Q91PE4,1.5256893634796145,3.638439893722534,0.5553345359054669,0.4327917397022247,0.5487490754661252,1.4728689,3.55202,0.5512537,0.43580696,0.5437431,IDP-ESM2-8M,93,310,0.052820444107055886,0.08641982078552246,0.00408085949097714,0.003015220165252741,0.0050060015258480695
Q91PF9,1.7320042848587036,4.034717559814453,0.5350817807084023,0.4295055270195007,0.5747341833566618,1.7605793,4.2150126,0.5375259,0.4211911,0.56598324,IDP-ESM2-8M,93,310,0.02857506275177002,0.18029499053955078,0.0024441115492881416,0.008314430713653509,0.008750947520632768
Q91PG3,1.7559078931808472,4.307758331298828,0.5692315890720399,0.4448763728141784,0.5273567366931611,1.6061003,3.8545113,0.54458714,0.42882085,0.5517847,IDP-ESM2-8M,93,310,0.14980757236480713,0.4532470703125,0.02464445375709845,0.01605552434921259,0.024427957501632624
Q91PI7,1.618232250213623,3.83168363571167,0.5315058984902705,0.4219319522380829,0.5647674224226871,1.6702104,4.0006847,0.53718215,0.4210037,0.5638769,IDP-ESM2-8M,93,310,0.051978111267089844,0.16900110244750977,0.005676253781000229,0.0009282529354095459,0.0008904955237307721
Q91QS1,2.207204580307007,4.965100288391113,0.5199545320635849,0.4187126159667969,0.591146294125117,1.9675854,4.5647244,0.5049598,0.4007138,0.6180294,IDP-ESM2-8M,93,310,0.23961913585662842,0.4003758430480957,0.01499471036253508,0.017998814582824707,0.026883121482335404
Q91QS3,2.209652900695801,5.254217147827148,0.5287399994383212,0.402176022529602,0.5660498819009769,2.101126,4.9450703,0.5174156,0.40511808,0.5944743,IDP-ESM2-8M,93,310,0.10852694511413574,0.3091468811035156,0.011324416304623663,0.002942055463790949,0.02842443374233361
Q91QU6,2.194436550140381,5.1115498542785645,0.5286296062541973,0.4235827326774597,0.5798077780792135,1.9976337,4.5728006,0.4842383,0.390014,0.66904765,IDP-ESM2-8M,93,310,0.19680285453796387,0.5387492179870605,0.04439130950698966,0.033568739891052246,0.08923987559586588
Q91QZ4,2.173182964324951,5.200811862945557,0.537799255500361,0.4254764318466186,0.5570881676133094,1.9916469,4.642133,0.4993709,0.39433423,0.6263474,IDP-ESM2-8M,93,310,0.18153607845306396,0.5586786270141602,0.03842835272364287,0.03114220499992365,0.06925925498648311
Q91QZ5,2.1324965953826904,5.064534187316895,0.5331485770645408,0.412474513053894,0.5604056924595722,2.0236733,4.7935534,0.5230279,0.40554613,0.5756708,IDP-ESM2-8M,93,310,0.10882329940795898,0.2709808349609384,0.010120680183437258,0.006928384304046575,0.015265086291801122
Q91R07,2.228123426437378,5.132337093353272,0.5214713120685202,0.4208366274833679,0.6295110199760974,2.1332636,5.018758,0.5277838,0.4204355,0.6139529,IDP-ESM2-8M,93,310,0.09485983848571777,0.11357927322387784,0.006312499023856555,0.0004011392593383789,0.015558144838768273
Q91S26,6.694061279296875,15.476078987121582,0.5891117006182185,0.454111099243164,0.6826602807630973,5.0744925,12.406551,0.64648885,0.503165,0.54968107,IDP-ESM2-8M,93,310,1.6195688247680664,3.0695276260375977,0.05737714473013966,0.049053907394409235,0.13297921329636142
Q91TH0,2.1090340614318848,5.183506965637207,0.5531784134692708,0.4257791936397552,0.5589928639497735,2.1121442,5.0099835,0.5313685,0.4153454,0.5786638,IDP-ESM2-8M,93,310,0.003110170364379883,0.1735234260559082,0.021809919435457292,0.010433793067932073,0.019670962038995987
Q91TH1,2.1427602767944336,5.131382465362549,0.5294025838001972,0.4007250070571899,0.5802228872143737,2.1518457,5.112695,0.5331172,0.41335145,0.5638784,IDP-ESM2-8M,93,310,0.009085416793823242,0.01868724822998047,0.0037145913020366628,0.012626439332962092,0.016344470199297967
Q91TK2,3.303439855575561,7.897712230682373,0.5797559116763135,0.4553083777427673,0.5500898833856144,3.4465487,8.268175,0.5683954,0.44791666,0.57269615,IDP-ESM2-8M,93,310,0.14310884475708052,0.37046289443969727,0.011360535470869126,0.007391721010208074,0.02260626596359827
Q91TN0,2.3986928462982178,5.724856376647949,0.5109860936976134,0.397245705127716,0.6120479444394972,2.6206303,6.1166096,0.50864,0.39820513,0.61428684,IDP-ESM2-8M,93,310,0.2219374179840088,0.3917531967163086,0.002346102414196638,0.0009594261646271307,0.002238895522508444
Q91TN2,3.885263681411743,9.0169038772583,0.5311021786869577,0.4152352809906006,0.6028653809398226,3.8196504,9.094683,0.5483951,0.42539185,0.59560883,IDP-ESM2-8M,93,310,0.0656132698059082,0.07777881622314453,0.01729291856874904,0.010156571865081787,0.007256550487857227
Q94MN5,2.220292091369629,5.4848952293396,0.5874475559168084,0.4478969573974609,0.5276287299085922,2.2373679,5.4138064,0.57006323,0.45000705,0.5337959,IDP-ESM2-8M,93,310,0.017075777053833008,0.07108879089355469,0.0173843225412591,0.0021100938320160467,0.00616716328369904
Q96677,2.1653618812561035,5.168238639831543,0.5289850669190435,0.4168648421764374,0.575732507087905,2.2170062,4.9194603,0.46066597,0.381317,0.7183559,IDP-ESM2-8M,93,310,0.051644325256347656,0.2487783432006836,0.06831909587831775,0.035547852516174316,0.1426233870008401
Q96799,1.6065691709518433,3.908614158630371,0.5665672924433923,0.4476588368415832,0.5505294669691101,1.63343,3.9336398,0.55415505,0.43847284,0.54203284,IDP-ESM2-8M,93,310,0.026860833168029785,0.025025606155395508,0.012412240735170887,0.009185999631881658,0.008496629101373276
Q98001,2.678955078125,6.201470375061035,0.5408162300526411,0.44789719581604,0.5992056568354326,2.691721,6.3970027,0.5409113,0.4284841,0.5932068,IDP-ESM2-8M,93,310,0.012765884399414062,0.19553232192993164,9.508681900194382e-05,0.019413083791732733,0.005998833963270722
Q98476,2.8559839725494385,7.128647327423096,0.5146483790202353,0.3907263875007629,0.6063219977265988,3.1868362,7.537733,0.5261127,0.41315734,0.62080085,IDP-ESM2-8M,93,310,0.3308522701263428,0.409085750579834,0.01146429664657378,0.022430956363678034,0.014478855048974948
Q98487,2.457147121429444,6.183006763458252,0.6132227193073565,0.480448842048645,0.5051442344333934,2.3607464,5.723299,0.57752264,0.45677078,0.5491799,IDP-ESM2-8M,93,310,0.09640073776245162,0.45970773696899414,0.0357000838474566,0.023678064346313477,0.04403567718007095
Q991N9,1.5853314399719238,3.700655221939087,0.5091656627797047,0.4063855707645416,0.5891939558907596,1.4312724,3.4234197,0.5472396,0.4344999,0.5485894,IDP-ESM2-8M,93,310,0.1540590524673462,0.2772355079650879,0.03807393883238641,0.02811431884765625,0.040604547493085064
Q991P5,1.4299131631851196,3.397221326828003,0.5241853183185202,0.4398201704025268,0.5871881536490585,1.3150973,3.2406182,0.57792,0.46032435,0.5126258,IDP-ESM2-8M,93,310,0.11481583118438721,0.15660309791564941,0.05373470130809721,0.020504176616668757,0.07456234016486663
Q991P6,1.4139083623886108,3.4044506549835205,0.5298885761586698,0.4246003031730652,0.5721481356801555,1.2873383,3.1682413,0.5750776,0.4593016,0.518529,IDP-ESM2-8M,93,310,0.12657010555267334,0.23620939254760742,0.045189017167898804,0.03470128774642944,0.05361913778205374
Q991P7,1.4273693561553955,3.3978283405303955,0.5171793052719271,0.4209290444850921,0.5977532766984802,1.3355414,3.3247774,0.59373206,0.471872,0.48646075,IDP-ESM2-8M,93,310,0.09182798862457275,0.07305097579956055,0.07655275372999548,0.05094295740127569,0.11129253136385497
Q993H4,3.385322570800781,6.845131874084473,0.3629166939850539,0.3413522243499756,1.0279454913481332,3.5580301,7.891946,0.41203132,0.3518583,0.8493032,IDP-ESM2-8M,93,310,0.1727075576782231,1.04681396484375,0.04911462873261274,0.01050606369972229,0.17864230540834436
Q993Q8,2.060518741607666,4.821378231048584,0.5588832903051119,0.4381115734577179,0.5656889387762005,1.9372699,4.605384,0.5446446,0.43082735,0.56743646,IDP-ESM2-8M,93,310,0.12324881553649902,0.21599435806274414,0.014238696112606974,0.007284224033355713,0.0017475179040973288
Q994F3,2.2950258255004883,5.563050746917725,0.5484804397967173,0.4210767447948456,0.5634100512106417,2.2258193,5.0068655,0.47182786,0.38805774,0.7022816,IDP-ESM2-8M,93,310,0.06920647621154785,0.556185245513916,0.07665257514980572,0.03301900625228882,0.13887154306578653
Q99CW6,4.011652946472168,9.49884033203125,0.5437834992402701,0.4174507558345794,0.6009918237240138,3.63248,8.557041,0.5326124,0.4182413,0.6217562,IDP-ESM2-8M,93,310,0.37917304039001465,0.9417991638183594,0.011171115874639037,0.0007905364036560614,0.020764372298019862
Q9DSX3,2.2357606887817383,5.385723114013672,0.4872581944807698,0.3800103068351745,0.6432755179704737,2.1726587,4.9388814,0.4623761,0.37503088,0.69197536,IDP-ESM2-8M,93,310,0.06310200691223145,0.4468417167663574,0.02488210657679335,0.004979431629180853,0.048699837177841765
Q9DUB6,3.4536852836608887,7.943978786468506,0.4932197984855349,0.403501808643341,0.6768880468992027,3.1513484,7.2270265,0.47357243,0.38487116,0.71232116,IDP-ESM2-8M,93,310,0.3023369312286377,0.7169523239135742,0.019647365490692348,0.01863065361976618,0.03543311532461324
Q9DUC0,3.400535345077514,7.816674709320068,0.4583677369864593,0.3778490722179413,0.7480948432853244,3.6640928,8.246411,0.43671656,0.36906916,0.80778354,IDP-ESM2-8M,93,310,0.2635574340820317,0.4297366142272949,0.021651180437387008,0.008779913187026978,0.05968870077824373
Q9DUC3,2.729132652282715,5.905247688293457,0.5167824760595061,0.4540768563747406,0.6509705408658739,2.5794845,6.0520573,0.5197891,0.42106742,0.66151685,IDP-ESM2-8M,93,310,0.14964818954467773,0.14680957794189453,0.003006623633792227,0.03300943970680237,0.010546304360413927
Q9DUC6,2.787198781967163,6.455974102020264,0.5424253377371365,0.4531078338623047,0.6040294861388927,2.376614,5.309988,0.45624232,0.3859935,0.75704604,IDP-ESM2-8M,93,310,0.4105846881866455,1.1459860801696777,0.0861830148153836,0.06711432337760925,0.15301655773394052
Q9DVW6,2.5521457195281982,6.125584602355957,0.6163389080304422,0.4960024356842041,0.5598207787637935,2.7035713,6.9199934,0.69487286,0.5434285,0.41800833,IDP-ESM2-8M,93,310,0.15142560005187988,0.7944087982177734,0.0785339481096945,0.047426044940948486,0.1418124512796627
Q9DW22,3.8814890384674072,9.259647369384766,0.4620419819338889,0.3537305295467376,0.7221584419380572,3.7598448,8.602983,0.45614612,0.3682591,0.74315953,IDP-ESM2-8M,93,310,0.12164425849914551,0.6566638946533203,0.005895860908803452,0.014528572559356745,0.021001090608939843
Q9DW68,1.5482497215270996,3.7303638458251953,0.5387827441642996,0.4232267439365387,0.5720323717508234,1.6592655,4.0434732,0.5676305,0.4444298,0.5269706,IDP-ESM2-8M,93,310,0.11101579666137695,0.3131093978881836,0.028847785239386914,0.021203070878982544,0.04506174682711739
Q9DWD6,5.204805850982666,12.267339706420898,0.5490876987180536,0.4104238450527191,0.5697676070664752,4.26828,9.930199,0.4985001,0.38916874,0.65870184,IDP-ESM2-8M,93,310,0.936525821685791,2.3371410369873047,0.05058758999918156,0.02125510573387146,0.08893422999636047
Q9DWG9,5.118499755859375,12.728228569030762,0.5656872044689087,0.4391106367111206,0.5571267019901986,4.5927215,10.829596,0.5340249,0.41967678,0.6404358,IDP-ESM2-8M,93,310,0.5257782936096191,1.8986330032348633,0.031662310231390434,0.01943385601043701,0.08330911286728426
Q9DWH1,3.712016105651856,8.688617706298828,0.5663097555614539,0.4519474804401397,0.5658825731965235,3.702208,8.738911,0.5337713,0.42514187,0.63448787,IDP-ESM2-8M,93,310,0.009808063507080522,0.05029296875,0.032538479087454886,0.02680560946464533,0.06860529415882322
Q9DWH9,3.697237014770508,7.939100742340088,0.3492363836313136,0.2908816039562225,1.133194555143502,3.9741578,9.164093,0.47276258,0.38430798,0.72370166,IDP-ESM2-8M,93,310,0.27692079544067383,1.224992275238037,0.1235262010549657,0.09342637658119207,0.4094928992787865
Q9DYK3,2.2704403400421143,5.170229911804199,0.5180416357977468,0.4135850667953491,0.6172453661213039,2.2737455,5.3476725,0.5283165,0.41651523,0.59323704,IDP-ESM2-8M,93,310,0.003305196762084961,0.1774425506591797,0.010274862004987617,0.002930164337158203,0.024008323694240885
Q9DYK6,2.2880005836486816,5.2338547706604,0.5236682711760782,0.4201667010784149,0.6051293858602943,2.2765894,5.362964,0.5300706,0.4174867,0.585693,IDP-ESM2-8M,93,310,0.011411190032958984,0.12910938262939453,0.006402331717751175,0.0026800036430358887,0.019436384113162952
Q9DYY2,2.3226306438446045,5.430191040039063,0.5039388883616025,0.3911145329475403,0.6281574128159534,2.310175,5.4188013,0.52369905,0.4133265,0.6013576,IDP-ESM2-8M,93,310,0.01245570182800293,0.011389732360840732,0.019760156819671915,0.022211968898773193,0.02679983358469118
Q9DZ98,1.639309048652649,4.182571887969971,0.6063841719199566,0.4708073139190674,0.51357095139744,1.6238639,3.9725316,0.5767604,0.45885757,0.52945554,IDP-ESM2-8M,93,310,0.015445113182067871,0.21004033088684082,0.02962376065744443,0.011949747800827026,0.015884591166952067
Q9G051,1.854498267173767,4.541839599609375,0.5996538482889747,0.4825354814529419,0.5437251746898537,1.7640638,4.358783,0.59960103,0.4761417,0.52216107,IDP-ESM2-8M,93,310,0.09043443202972412,0.18305683135986328,5.2817939243277046e-05,0.006393790245056152,0.021564108157718698
Q9G054,2.3170735836029053,5.85481071472168,0.6609995550335361,0.5279167294502258,0.4685669221160747,2.3745995,5.9702344,0.64016634,0.50433415,0.4796509,IDP-ESM2-8M,93,310,0.0575258731842041,0.11542367935180664,0.020833212775082766,0.0235825777053833,0.011083992552962163
Q9HBF8,2.3022029399871826,5.451180458068848,0.5410233586010338,0.4288848042488098,0.589679482485885,2.257852,5.338375,0.53299564,0.42241675,0.59411705,IDP-ESM2-8M,93,310,0.04435086250305176,0.11280536651611328,0.008027717369496923,0.006468057632446289,0.0044375629166418795
Q9IF13,2.44704008102417,5.822362899780273,0.5383524609318606,0.4304640293121338,0.5884801275026047,2.381898,5.5993195,0.52719384,0.41522482,0.5950583,IDP-ESM2-8M,93,310,0.06514215469360352,0.22304344177246094,0.011158616613470729,0.015239208936691284,0.006578194450215125
Q9IF25,2.3178048133850098,5.325736045837402,0.5179123286378229,0.4288137853145599,0.6234685697702828,2.2250783,5.234473,0.52911997,0.41749212,0.5886683,IDP-ESM2-8M,93,310,0.09272646903991699,0.0912628173828125,0.011207639776483758,0.011321663856506292,0.03480028296989823
Q9IGT7,3.703341007232666,8.614900588989258,0.5350185997838759,0.4193772971630096,0.5886314517268896,3.6688151,8.700889,0.5417601,0.4189158,0.59033287,IDP-ESM2-8M,93,310,0.03452587127685547,0.08598804473876953,0.006741487229368737,0.0004614889621734064,0.0017014139881372792
Q9IMR4,2.058349370956421,4.96516227722168,0.5558016890992592,0.4497787356376648,0.5690035747434644,1.8674462,4.4808426,0.5592301,0.444395,0.56482124,IDP-ESM2-8M,93,310,0.1909031867980957,0.48431968688964844,0.0034284000883628707,0.005383729934692383,0.004182331457331601
Q9IMY1,1.440822720527649,3.4310662746429443,0.5465228705781604,0.4399511218070984,0.5490375661998234,1.4673629,3.5502648,0.55481994,0.43982637,0.53399575,IDP-ESM2-8M,93,310,0.026540160179138184,0.11919856071472168,0.008297070942530516,0.00012475252151489258,0.015041818633600212
Q9INB5,1.5816371440887451,3.818080186843872,0.5523641794138557,0.4523345232009887,0.5626952271774533,1.4822855,3.5400257,0.5413577,0.432709,0.56572396,IDP-ESM2-8M,93,310,0.09935164451599121,0.27805447578430176,0.011006483357489771,0.019625514745712225,0.0030287284538027537
Q9IUC3,3.3319168090820312,7.835258960723877,0.5145301701395867,0.412153959274292,0.6778616390587688,3.207227,7.576742,0.5260789,0.4109035,0.63077164,IDP-ESM2-8M,93,310,0.12468981742858887,0.258516788482666,0.011548709693634751,0.00125044584274292,0.047090002095878214
Q9IUD3,3.201737403869629,7.321566104888916,0.4700747199992619,0.3981832861900329,0.7702281874722894,3.0482035,7.1192546,0.50907433,0.404393,0.66647905,IDP-ESM2-8M,93,310,0.153533935546875,0.20231151580810547,0.038999610330633094,0.006209701299667414,0.10374913635916072
Q9IWB2,2.615633964538574,6.155440807342529,0.4970356408186718,0.3752208948135376,0.6421610679876154,2.4686308,5.7792935,0.5115565,0.4012196,0.6153198,IDP-ESM2-8M,93,310,0.147003173828125,0.3761472702026367,0.014520865338249589,0.025998711585998535,0.026841279531652273
Q9J050,2.5685853958129883,6.2456560134887695,0.5237645774425042,0.4029120504856109,0.595310431587792,2.6311464,6.175037,0.51543885,0.40160316,0.6058176,IDP-ESM2-8M,93,310,0.06256103515625,0.07061910629272461,0.008325722748137698,0.001308888196945135,0.010507184398078406
Q9J1C9,2.0162150859832764,4.867647171020508,0.5700244347813748,0.4553690254688263,0.5595978318603472,2.1307106,5.0877533,0.55542064,0.43673337,0.5640245,IDP-ESM2-8M,93,310,0.11449551582336426,0.2201061248779297,0.014603797650637462,0.018635660409927368,0.004426676139072994
Q9J2I4,2.706825256347656,6.749063491821289,0.5941874453207696,0.4590085744857788,0.5256205244686735,2.5810137,6.136403,0.54447603,0.42558864,0.58515,IDP-ESM2-8M,93,310,0.12581157684326127,0.6126604080200195,0.049711413063689536,0.03341993689537048,0.05952947896455407
Q9J3S0,1.5137207508087158,3.643181085586548,0.5270327959970973,0.4141585826873779,0.5762804202123781,1.6215639,3.862041,0.54011315,0.42539188,0.5493383,IDP-ESM2-8M,93,310,0.10784316062927246,0.21885991096496582,0.013080355076358519,0.011233299970626887,0.026942139057745562
Q9J4U3,3.1092617511749268,7.216726779937744,0.4894567978938329,0.3756111562252044,0.6806739496089605,3.3111916,7.6547427,0.49887252,0.3976128,0.6709097,IDP-ESM2-8M,93,310,0.20192980766296387,0.4380159378051758,0.009415720645595815,0.022001653909683283,0.009764246831098
Q9J870,3.152559757232666,8.1841459274292,0.6603407253602831,0.5112841129302979,0.4953897945973899,3.2377458,8.234336,0.6982046,0.5403684,0.407227,IDP-ESM2-8M,93,310,0.08518600463867188,0.050189971923828125,0.03786385160886363,0.02908426523208618,0.0881627850625541
Q9JG27,1.455602765083313,3.4386146068573,0.5405128530187105,0.4323574900627136,0.553546707042626,1.5557218,3.717027,0.5411212,0.4288733,0.556653,IDP-ESM2-8M,93,310,0.10011899471282959,0.2784123420715332,0.0006083318071866683,0.003484189510345459,0.0031063157234872962
Q9JG66,2.8612866401672363,6.331416130065918,0.418737234641065,0.3984275758266449,0.8489128615334838,2.8502684,6.344462,0.43318215,0.3668399,0.80012333,IDP-ESM2-8M,93,310,0.01101827621459961,0.013045787811279297,0.014444915484438547,0.031587690114974976,0.04878952760251454
Q9JGA4,2.1983189582824707,5.150478363037109,0.5530330820017921,0.4312485158443451,0.561884973369022,2.2597678,5.485726,0.5844027,0.4559455,0.50291127,IDP-ESM2-8M,93,310,0.06144881248474121,0.3352475166320801,0.03136959839524156,0.02469697594642639,0.058973703704257585
Q9JGA7,2.2419235706329346,5.234377384185791,0.5673028472733992,0.4462043344974518,0.547109673649353,2.217921,5.3355064,0.5595173,0.43631315,0.5421531,IDP-ESM2-8M,93,310,0.024002552032470703,0.10112905502319336,0.007785523302604513,0.00989118218421936,0.00495655360845948
Q9JGB0,2.253002405166626,5.453467845916748,0.5781049975692789,0.4516642689704895,0.5305795976591708,2.0378766,4.9398518,0.56460696,0.4387503,0.5402389,IDP-ESM2-8M,93,310,0.21512579917907715,0.5136160850524902,0.013498032981113628,0.01291397213935852,0.009659319214761042
Q9JGB2,2.1467645168304443,5.083734512329102,0.5567752942034833,0.4288070797920227,0.5421656562978837,2.1461446,5.158479,0.5544243,0.4330994,0.5508846,IDP-ESM2-8M,93,310,0.0006198883056640625,0.07474470138549805,0.002351008314811387,0.004292309284210205,0.008718948156156814
Q9JGB3,2.15768837928772,4.925963878631592,0.5351494059096786,0.4198318421840668,0.584065026219648,2.1450152,5.17776,0.5606278,0.43672743,0.54303217,IDP-ESM2-8M,93,310,0.012673139572143999,0.25179624557495117,0.025478412197926348,0.016895592212677002,0.04103285687760694
Q9JGS4,1.870715618133545,4.55258846282959,0.5477932067087207,0.4246914684772491,0.5482503218957615,1.8237293,4.3109655,0.5239312,0.4110281,0.5802694,IDP-ESM2-8M,93,310,0.04698634147644043,0.2416229248046875,0.02386200143604611,0.013663381338119451,0.03201907440932272
Q9JGT0,1.907031297683716,4.55479907989502,0.549430004589958,0.4224320352077484,0.5568206507363038,1.8562616,4.4298115,0.53428924,0.42096555,0.57318944,IDP-ESM2-8M,93,310,0.050769686698913796,0.1249876022338876,0.015140763752860886,0.0014664828777313232,0.016368786653069956
Q9JGT3,1.8674129247665403,4.492846488952637,0.5634954874565955,0.4424038231372833,0.5218059284477138,1.8258936,4.3372297,0.53096026,0.41666967,0.5705441,IDP-ESM2-8M,93,310,0.04151928424835183,0.15561676025390625,0.032535225634848675,0.025734156370162964,0.04873819520188338
Q9KX95,2.091196060180664,5.088304996490479,0.5557918189592356,0.4289537072181701,0.5490682016543913,2.10378,5.033121,0.54688853,0.42923808,0.5715257,IDP-ESM2-8M,93,310,0.01258397102355957,0.05518388748169034,0.00890328870487156,0.0002843737602234442,0.022457491285367004
Q9MBM5,1.7576769590377808,4.382968902587891,0.6124459731302566,0.4845675528049469,0.5227161983979945,1.886756,4.7156067,0.6261957,0.5010893,0.50428987,IDP-ESM2-8M,93,310,0.12907898426055908,0.3326377868652344,0.013749755648582496,0.016521722078323364,0.018426332904220133
Q9PX71,2.70955753326416,6.677926063537598,0.5870578327751135,0.4408608376979828,0.531066731793077,2.7452562,6.5339937,0.5509962,0.43860698,0.6007875,IDP-ESM2-8M,93,310,0.035698652267456055,0.14393234252929688,0.036061648426053416,0.0022538602352142334,0.06972078861555342
Q9PYU9,2.635134220123291,6.2618937492370605,0.6372074532395341,0.5335159301757812,0.5166170080725798,2.6597388,6.728075,0.67635113,0.5311568,0.42134568,IDP-ESM2-8M,93,310,0.02460455894470215,0.46618127822875977,0.039143676769163416,0.002359151840209961,0.09527132712050768
Q9Q0D0,2.327392578125,5.5399346351623535,0.5247490765892129,0.4061500430107116,0.604200355964975,2.3287733,5.47649,0.52897173,0.41876522,0.59838104,IDP-ESM2-8M,93,310,0.0013806819915771484,0.06344461441040039,0.0042226550735373625,0.012615174055099543,0.005819313484506261
Q9Q0D1,2.38167667388916,5.665928840637207,0.541337546314261,0.4279966652393341,0.5846467466770309,2.3532052,5.608023,0.5480651,0.42910466,0.5621555,IDP-ESM2-8M,93,310,0.02847146987915039,0.05790567398071289,0.006727579627969216,0.0011079907417297363,0.02249126152383263
Q9Q5K3,2.071991443634033,4.860166072845459,0.4961116347142,0.3944456577301025,0.6136865390859022,1.8728656,4.375168,0.5067878,0.39904514,0.60638875,IDP-ESM2-8M,93,310,0.19912588596343994,0.4849982261657715,0.010676142232821484,0.004599481821060236,0.007297791393794051
Q9Q5K9,8.33426284790039,19.134296417236328,0.5469387227155106,0.4189404249191284,0.6130406419260985,4.758502,11.239431,0.5438109,0.42347807,0.6130099,IDP-ESM2-8M,93,310,3.575760841369629,7.894865036010742,0.0031278186894790894,0.004537642002105713,3.071226911610658e-05
Q9Q9G2,2.2283313274383545,5.241761684417725,0.5372679323355742,0.423006147146225,0.5878093782415508,1.9825981,4.7528462,0.5460108,0.42700177,0.5542716,IDP-ESM2-8M,93,310,0.24573326110839844,0.48891544342041016,0.008742859919827373,0.003995627164840698,0.03353779945279345
Q9QAM5,2.0142569541931152,4.843023300170898,0.5509990743428852,0.4229150712490082,0.5541326149915191,1.9577534,4.7091656,0.55953676,0.43896297,0.52996874,IDP-ESM2-8M,93,310,0.0565035343170166,0.13385772705078125,0.008537680742106257,0.016047894954681396,0.02416387643561091
Q9QAN0,2.078080654144287,4.996118068695068,0.5677755990317226,0.4577563405036926,0.541871751624488,2.0877705,4.965728,0.5432497,0.4293676,0.55908614,IDP-ESM2-8M,93,310,0.009689807891845703,0.030390262603759766,0.024525872736251397,0.02838873863220215,0.017214392346001528
Q9QAN3,2.773308038711548,6.77640438079834,0.5924893120215359,0.4555574059486389,0.5267715518913857,2.567473,6.237056,0.5927203,0.4606784,0.503689,IDP-ESM2-8M,93,310,0.20583510398864746,0.5393486022949219,0.00023101773996925257,0.005120992660522461,0.02308256082159199
Q9QAN7,2.512501716613769,6.244462490081787,0.5885019857633141,0.4579826295375824,0.5218697058839032,2.3617373,5.7555656,0.60024923,0.46602985,0.48173678,IDP-ESM2-8M,93,310,0.1507644653320308,0.48889684677124023,0.011747245098349679,0.008047223091125488,0.040132926670951585
Q9QCK1,1.777008056640625,4.161622524261475,0.4926160909302993,0.393131822347641,0.6274447540473527,1.6166389,3.6675315,0.49164551,0.4001038,0.6417005,IDP-ESM2-8M,93,310,0.1603691577911377,0.4940910339355469,0.0009705759652419155,0.006971985101699829,0.014255752162974478
Q9QEJ2,3.251641273498535,7.605485916137695,0.5482901495871724,0.4259122908115387,0.5953340624089105,2.9000823,6.7993765,0.54027903,0.42707488,0.5983825,IDP-ESM2-8M,93,310,0.3515589237213135,0.8061094284057617,0.008011118787306648,0.0011625885963439941,0.0030484105830328456
Q9QGE5,1.908125042915344,4.461005210876465,0.5010688838890115,0.4123993217945099,0.6300254522766185,2.009828,4.7219906,0.52302593,0.41589907,0.5946513,IDP-ESM2-8M,93,310,0.1017030477523806,0.2609853744506836,0.02195704603881443,0.003499746322631836,0.035374170442969866
Q9T127,1.5689644813537598,3.709550857543945,0.5549303712393607,0.4444164633750915,0.5452622067987581,1.6452543,3.9191294,0.53601307,0.4229862,0.56317616,IDP-ESM2-8M,93,310,0.07628977298736572,0.20957851409912154,0.01891730447071449,0.02143025398254389,0.01791394829157389
Q9WIE5,1.7004512548446655,4.25147008895874,0.5545300596003485,0.4321787357330322,0.5566831203456658,1.7240362,4.2004523,0.56820077,0.4478541,0.54479355,IDP-ESM2-8M,93,310,0.023584961891174316,0.05101776123046875,0.013670707439904173,0.015675365924835205,0.011889574145867221
Q9WMX5,1.4868741035461426,3.6308343410491934,0.5640615956643183,0.4521521329879761,0.541149603121893,1.530089,3.6929784,0.55563897,0.4395532,0.5504451,IDP-ESM2-8M,93,310,0.04321491718292236,0.062144041061402255,0.008422626719768789,0.012598931789398193,0.009295476681573822
Q9WS24,1.756610870361328,4.1786956787109375,0.5429971975271527,0.4256218671798706,0.5781680236853322,1.6324198,3.9028018,0.54258233,0.4300055,0.57046086,IDP-ESM2-8M,93,310,0.12419104576110818,0.2758939266204834,0.0004148644392315548,0.0043836236000061035,0.007707167724486208
Q9WS26,1.721370816230774,4.076889991760254,0.5438025829313937,0.4261800050735473,0.5648553349565822,1.7470047,4.1906667,0.54619116,0.4310624,0.55888575,IDP-ESM2-8M,93,310,0.025633931159973145,0.11377668380737305,0.0023885729790982246,0.004882395267486628,0.005969581801827606
Q9WS27,1.6987240314483645,4.0185723304748535,0.5408752103063116,0.4303228855133056,0.5617627888038986,1.7684047,4.2386937,0.5366323,0.41949034,0.56799906,IDP-ESM2-8M,93,310,0.06968069076538064,0.2201213836669922,0.004242910883093809,0.010832548141479437,0.006236276118434136
Q9WSW3,2.0544533729553223,4.8961501121521,0.5604726817461463,0.4396901726722717,0.5549500812076168,1.8738463,4.492178,0.54873276,0.4331649,0.56283617,IDP-ESM2-8M,93,310,0.18060708045959473,0.40397214889526367,0.011739924177786909,0.0065252780914306086,0.007886088988916407
Q9YM30,1.7018508911132812,4.264592170715332,0.593316738765553,0.4730868637561798,0.5330872940384408,1.5650958,3.7871225,0.57086986,0.45495164,0.5394675,IDP-ESM2-8M,93,310,0.136755108833313,0.47746968269348145,0.022446875732258342,0.01813521981239319,0.006380219522807984
Q9YM71,1.6055160760879517,3.912515878677368,0.570276347027032,0.4479717910289764,0.5354128837970424,1.5696222,3.75852,0.5497834,0.43761182,0.5594495,IDP-ESM2-8M,93,310,0.035893917083740234,0.15399599075317383,0.02049293838521682,0.010359972715377752,0.024036610087997845
Q9YMA2,1.6040067672729492,3.8747689723968506,0.5532738515361562,0.4475694596767425,0.5595152030776955,1.5558343,3.703249,0.54322624,0.432464,0.56374276,IDP-ESM2-8M,93,310,0.0481724739074707,0.17151999473571777,0.01004760947072647,0.015105456113815252,0.004227553765871361
Q9YMA3,1.6415551900863647,4.000497341156006,0.560380062332199,0.4360929131507873,0.562751418705301,1.5361276,3.6798894,0.5531086,0.4417153,0.5559241,IDP-ESM2-8M,93,310,0.10542762279510498,0.32060790061950684,0.007271489372299045,0.005622386932373102,0.006827301140145958
Q9YMA4,1.6932001113891602,4.334711074829102,0.6150476693668228,0.4824574291706085,0.4988901230086305,1.524337,3.6662862,0.5585033,0.4447131,0.54994786,IDP-ESM2-8M,93,310,0.16886305809020996,0.6684248447418213,0.056544339612947025,0.037744343280792236,0.051057734848119984
Q9YMM6,3.456336736679077,8.540550231933594,0.6205547967467603,0.4802236258983612,0.5241815000204457,3.3868387,8.449006,0.66078913,0.511541,0.42846984,IDP-ESM2-8M,93,310,0.06949806213378906,0.09154415130615234,0.04023433537146481,0.03131738305091858,0.09571166330856218
Q9YMQ8,2.024868488311768,4.833315372467041,0.5600206954856666,0.4365648031234741,0.5656684176786275,2.0090387,4.777254,0.5399655,0.43315965,0.58714217,IDP-ESM2-8M,93,310,0.015829801559448686,0.0560612678527832,0.020055185117319407,0.003405153751373291,0.021473751796927898
Q9YNX5,1.802973985671997,4.2717390060424805,0.5263624604578397,0.4101420640945434,0.5839214422979028,1.6961353,4.061394,0.5477452,0.43408662,0.5566327,IDP-ESM2-8M,93,310,0.10683870315551758,0.21034479141235352,0.02138276735588096,0.023944556713104304,0.027288744715657898
Q9YNX6,1.9106594324111936,4.529300689697266,0.548250630690652,0.4414620101451874,0.5723730958542435,1.7744434,4.2260256,0.5506593,0.4379359,0.5715634,IDP-ESM2-8M,93,310,0.13621604442596413,0.30327510833740234,0.0024086682061374987,0.0035261213779449463,0.0008096731743423291
Q9YNX8,1.815327882766724,4.476320266723633,0.5613603073707598,0.4491125345230102,0.5504085981698428,1.6631246,3.9908066,0.5509375,0.4364019,0.56023896,IDP-ESM2-8M,93,310,0.15220332145690962,0.48551368713378906,0.010422833596803516,0.01271063089370722,0.009830359235247554
Q9YPA9,4.56606912612915,6.871322154998779,0.2000000000000037,0.2346197515726089,2.314960205516553,4.065556,9.514416,0.5172335,0.40018985,0.6328766,IDP-ESM2-8M,93,310,0.5005130767822266,2.6430935859680176,0.31723349094390496,0.1655700951814652,1.6820836305234192
Q9YPD8,1.5415093898773191,3.754426956176758,0.5926921304293343,0.4698842167854309,0.5109639930828105,1.6565521,4.014138,0.56238306,0.44532192,0.531916,IDP-ESM2-8M,93,310,0.11504268646240257,0.25971126556396484,0.030309074742383646,0.024562299251556396,0.02095202921790973
Q9YPG8,1.6216031312942505,3.874464750289917,0.5327459117599133,0.4297172427177429,0.5551049487940762,1.6368147,3.892204,0.53416765,0.4162652,0.55487895,IDP-ESM2-8M,93,310,0.01521158218383789,0.017739295959472656,0.0014217356018421112,0.01345205307006836,0.00022599867505768145
Q9YR10,1.4379830360412598,3.409766912460327,0.5496982537605978,0.4396508336067199,0.5539928591100982,1.3160169,3.1452465,0.5486051,0.4407325,0.5458694,IDP-ESM2-8M,93,310,0.12196612358093262,0.26452040672302246,0.0010931693413472887,0.0010816752910614569,0.008123449072103828
Q9ZWY9,2.2611517906188965,5.238714694976807,0.5778542601020258,0.4753800630569458,0.5599840755145938,2.2232714,5.3468513,0.56916165,0.45936313,0.57671726,IDP-ESM2-8M,93,310,0.03788042068481445,0.10813665390014648,0.008692606583349027,0.01601693034172058,0.016733181985100987
