protein_name,rg_true,ree_true,nu_true,delta_true,a0_true,rg_pred,ree_pred,nu_pred,delta_pred,a0_pred,model,seed,temperature_K,rg_abs_error,ree_abs_error,nu_abs_error,delta_abs_error,a0_abs_error
A0A060BGV2,1.9466845989227293,5.067971706390381,0.7129679222390012,0.5865793824195862,0.4685962485748225,2.5559473,7.0108056,0.70863074,0.55236995,0.42084312,IDP-ESM2-8M,42,278,0.6092627048492434,1.9428339004516602,0.0043371815964535765,0.03420943021774292,0.04775312418517408
A0A068LKJ5,3.073653221130371,7.422324180603027,0.6235674877615224,0.5066956877708435,0.526526042318913,3.2046013,8.193879,0.67361724,0.51669836,0.4069665,IDP-ESM2-8M,42,278,0.13094806671142578,0.7715549468994141,0.05004975600526229,0.010002672672271729,0.11955953488406801
A0A068QKP9,3.781899929046631,9.748181343078612,0.6796296242642609,0.5474928021430969,0.4941238918618665,4.370668,10.87587,0.69760406,0.5436525,0.50282806,IDP-ESM2-8M,42,278,0.5887680053710938,1.127688407897951,0.01797443590877379,0.003840327262878418,0.008704169718791455
A0A075FGF0,3.0392067432403564,6.117240905761719,0.2529240675551638,0.2617270052433014,1.410427146255084,3.384572,7.4479065,0.41420922,0.3537109,0.85075676,IDP-ESM2-8M,42,278,0.3453652858734131,1.3306655883789062,0.16128514927795085,0.09198388457298279,0.5596703818431576
A0A088MZV7,1.7236555814743042,3.378725290298462,0.2845940245881171,0.2910119295120239,1.0400381685649598,2.0060458,4.554577,0.46308482,0.38101152,0.696267,IDP-ESM2-8M,42,278,0.2823902368545532,1.175851583480835,0.1784907923445611,0.08999958634376526,0.3437711597835267
A0A088N936,1.7729852199554443,3.413412809371948,0.2873456939576882,0.3010227978229522,1.0594010475621054,2.0230722,4.6252394,0.4707641,0.385487,0.68327576,IDP-ESM2-8M,42,278,0.25008702278137207,1.2118265628814702,0.183418406593917,0.08446419239044195,0.3761252883419821
A0A0A0RNI5,1.795749545097351,4.456056594848633,0.6091256170759287,0.4751231074333191,0.5118457236815459,1.6356561,4.1170874,0.60119426,0.4857922,0.5359777,IDP-ESM2-8M,42,278,0.16009342670440674,0.33896923065185547,0.007931354571351079,0.010669082403182983,0.024131997532748528
A0A0A0UYW6,1.5053898096084597,3.748894929885864,0.5955680885741205,0.4759475588798523,0.5147762125582415,1.5367169,3.7904205,0.57634974,0.46238604,0.53342515,IDP-ESM2-8M,42,278,0.03132712841033913,0.041525602340698686,0.019218353314110703,0.013561517000198364,0.018648939743546866
A0A0A7KTD7,3.1537880897521973,7.421866416931152,0.6005818132667066,0.4804815053939819,0.5570706408401724,3.1518292,8.108488,0.68607247,0.52508545,0.3921284,IDP-ESM2-8M,42,278,0.0019588470458984375,0.6866216659545898,0.08549065549092283,0.04460394382476812,0.16494223288500276
A0A0B4VGH4,3.497132539749145,8.55925464630127,0.6502923232929433,0.5309977531433105,0.5324286637397587,4.105848,10.423063,0.68270814,0.5219265,0.45469898,IDP-ESM2-8M,42,278,0.6087152957916264,1.8638086318969727,0.03241582089498396,0.0090712308883667,0.07772968388517498
A0A0B4ZUM6,3.3797593116760254,8.253604888916016,0.6394671622866669,0.5047334432601929,0.507852863542672,3.6236854,9.214195,0.67599905,0.5183373,0.41015103,IDP-ESM2-8M,42,278,0.2439260482788086,0.9605903625488281,0.03653188308534239,0.01360386610031128,0.09770182894908985
A0A0B5JAX3,3.623250722885132,9.133085250854492,0.3515601502168439,0.3236335515975952,1.1006311893005774,3.8589969,8.4538555,0.39295858,0.35300067,0.97070557,IDP-ESM2-8M,42,278,0.23574614524841309,0.679229736328125,0.041398431230757426,0.029367119073867798,0.12992562051014156
A0A0C5B347,2.5254065990448,5.995307445526123,0.6199352224181771,0.5124143958091736,0.5350323678060749,2.3932815,6.244485,0.6839953,0.53573465,0.40462098,IDP-ESM2-8M,42,278,0.1321251392364502,0.2491774559020996,0.0640600840736747,0.023320257663726807,0.1304113925501087
A0A0C7TJV6,3.188424587249756,6.254737377166748,0.2795826862762988,0.3030257523059845,1.3145511780560923,3.4040565,7.482602,0.41110712,0.35210353,0.8586985,IDP-ESM2-8M,42,278,0.21563196182250977,1.2278647422790527,0.13152443662180302,0.049077779054641724,0.455852690774293
A0A0C7TQD0,3.106126308441162,6.339704036712647,0.265125330083358,0.2660461664199829,1.3657748663587217,3.3465624,7.351451,0.410913,0.35176697,0.8562032,IDP-ESM2-8M,42,278,0.24043607711791992,1.011746883392333,0.14578766048671038,0.08572080731391907,0.5095716679257993
A0A0C7TTX4,3.0519442558288574,6.34882116317749,0.2549867720859863,0.259836196899414,1.403659796161559,3.3853207,7.436016,0.4100005,0.35140496,0.8611337,IDP-ESM2-8M,42,278,0.333376407623291,1.0871949195861816,0.1550137309772156,0.09156876802444464,0.5425261015128162
A0A0C7TY93,3.148688793182373,6.227638244628906,0.2744628569301132,0.2906990945339203,1.3285720956463638,3.388731,7.4450417,0.40915394,0.35045356,0.86093795,IDP-ESM2-8M,42,278,0.24004220962524414,1.2174034118652344,0.13469108136334385,0.05975446105003357,0.4676341426510635
A0A0E3FC10,1.880479097366333,4.209773063659668,0.4161564785089945,0.3334609866142273,0.7177423124528997,1.9412197,4.4501185,0.45859298,0.3680812,0.67439973,IDP-ESM2-8M,42,278,0.06074059009552002,0.24034547805786133,0.04243650259108789,0.03462022542953491,0.04334257890950366
A0A0E3FG91,2.0131211280822754,4.862473964691162,0.5718018347712035,0.448374330997467,0.5493445814937292,1.9972346,4.823392,0.55121154,0.4536573,0.5988485,IDP-ESM2-8M,42,278,0.015886545181274414,0.03908205032348633,0.020590298840569954,0.0052829682826996405,0.049503940215712916
A0A0E3GI14,3.773081779479981,9.077367782592772,0.627791825679274,0.4856157004833221,0.5043793255026896,3.6881695,9.167345,0.62889415,0.485526,0.48295516,IDP-ESM2-8M,42,278,0.08491230010986373,0.08997726440429865,0.0011023245778365443,8.970499038690738e-05,0.02142416774588418
A0A0E3HAY2,2.0226192474365234,4.744606971740723,0.5654119321108492,0.4621042013168335,0.5621568172093305,2.005408,4.8617945,0.5551899,0.45850417,0.59888154,IDP-ESM2-8M,42,278,0.017211198806762695,0.1171875,0.010222024560037402,0.0036000311374664307,0.03672472547331718
A0A0E3HBF5,1.9836127758026123,4.875771045684815,0.6203108658269878,0.484820544719696,0.5073980712262678,1.8935082,4.7320337,0.5961636,0.4808544,0.5316432,IDP-ESM2-8M,42,278,0.09010457992553711,0.14373731613159269,0.024147294946097908,0.003966152667999212,0.024245140615315464
A0A0E3IAD2,1.9471136331558228,4.787200450897217,0.6015847856356431,0.4739196002483368,0.525911541176124,1.8553392,4.5928884,0.58515394,0.47206473,0.54182255,IDP-ESM2-8M,42,278,0.09177446365356445,0.19431209564208984,0.01643084829586039,0.0018548667430877686,0.015911011504845196
A0A0E3Z619,4.6458234786987305,11.554898262023926,0.6481136998929391,0.4964110255241394,0.5204471831828791,4.2304697,10.357956,0.65213525,0.5111691,0.5046044,IDP-ESM2-8M,42,278,0.41535377502441406,1.1969423294067383,0.0040215530596365845,0.014758050441741943,0.01584278397862493
A0A0F6YQQ5,2.431192874908448,5.88455057144165,0.5781898777838793,0.4457144439220428,0.5673257093884235,2.6360743,6.661285,0.6285947,0.4918225,0.49574667,IDP-ESM2-8M,42,278,0.20488142967224032,0.7767343521118164,0.05040481873787972,0.046108067035675104,0.07157903723495063
A0A0F7L2H1,2.073246717453003,4.924455642700195,0.5255543124309948,0.4187829494476318,0.5664040142905191,2.0298505,5.117156,0.6123625,0.48656967,0.47611493,IDP-ESM2-8M,42,278,0.0433962345123291,0.19270038604736328,0.08680819157443731,0.06778672337532049,0.09028908556813753
A0A0F7L948,2.9397494792938232,7.174188613891602,0.6163832423289565,0.4765016138553619,0.5128500886215313,2.8465295,7.168416,0.6332073,0.49110958,0.4800346,IDP-ESM2-8M,42,278,0.09321999549865723,0.005772590637207031,0.016824078838035716,0.014607965946197565,0.0328154988540752
A0A0H4SM67,1.9843988418579104,4.266936302185059,0.3062166494019788,0.2807266116142273,1.010876224195074,2.1543097,4.665053,0.412574,0.35705137,0.79066426,IDP-ESM2-8M,42,278,0.1699109077453611,0.3981165885925293,0.10635734380404538,0.07632476091384888,0.22021196857602487
A0A0H4XWL8,4.315979480743408,9.955765724182127,0.5084613407263553,0.3972390592098236,0.640781402152695,3.692244,8.614126,0.5290726,0.41266602,0.61905754,IDP-ESM2-8M,42,278,0.6237354278564453,1.3416395187377912,0.020611241995354912,0.015426963567733765,0.021723866027511862
A0A0K0KVV5,1.9332348108291624,4.84041690826416,0.652502016610558,0.5271721482276917,0.4880014727369794,1.8700509,4.7618103,0.6327584,0.50838953,0.48843694,IDP-ESM2-8M,42,278,0.06318390369415261,0.07860660552978516,0.01974363762801401,0.018782615661621094,0.0004354645951739067
A0A0K0UUV8,1.504486083984375,3.645750999450684,0.5843328633671061,0.4797887504100799,0.5301404720415408,1.4965001,3.6729062,0.58288777,0.46903488,0.531291,IDP-ESM2-8M,42,278,0.007985949516296387,0.02715516090393022,0.0014450946216837401,0.010753870010375921,0.0011505359540646687
A0A0M4RBN9,1.762556791305542,3.64371919631958,0.3319584637603658,0.306751936674118,0.9226113466819614,2.0192103,4.4188333,0.42357036,0.36402318,0.7933683,IDP-ESM2-8M,42,278,0.2566535472869873,0.7751140594482422,0.09161190095330302,0.05727124214172369,0.129243066748032
A0A0N9R406,2.724632501602173,6.881143569946289,0.6377364459373973,0.5010972023010254,0.5063251559667581,2.6225667,6.6209173,0.6310959,0.5079355,0.5193424,IDP-ESM2-8M,42,278,0.1020658016204834,0.2602262496948242,0.006640559706928562,0.006838321685791016,0.013017266518593473
A0A0R7EYS2,2.6900744438171387,6.6449294090271,0.6371846980636799,0.5069941878318787,0.5222454109551008,2.7246926,7.046512,0.68168557,0.5314029,0.42811656,IDP-ESM2-8M,42,278,0.03461813926696777,0.4015827178955078,0.0445008688384807,0.024408698081970215,0.09412885097280099
A0A0S0BY46,2.893683910369873,5.116574287414551,0.2,0.2353168576955795,1.6426073756181838,3.8778806,8.431671,0.3813118,0.33586973,0.9453989,IDP-ESM2-8M,42,278,0.984196662902832,3.315096855163574,0.1813118040561676,0.10055287182331088,0.6972084488832595
A0A0U3U0D7,3.17332410812378,6.3300323486328125,0.2737225946963084,0.2895107567310333,1.3442246515464111,3.4414048,7.5842113,0.4148805,0.35371557,0.851711,IDP-ESM2-8M,42,278,0.2680807113647452,1.2541790008544922,0.14115791944858908,0.06420481204986572,0.49251367637627563
A0A0X9FL12,2.499018669128418,6.090692043304443,0.6322264254009219,0.5119125843048096,0.514227041776762,2.2311006,5.776103,0.6517267,0.5066112,0.4380147,IDP-ESM2-8M,42,278,0.26791810989379883,0.3145890235900879,0.01950029731636327,0.005301356315612793,0.07621235566912654
A0A127KLB1,2.1190025806427,5.252792835235596,0.6144869530672417,0.4761258363723755,0.5079373941017518,2.007548,5.006358,0.59803367,0.47958845,0.52845764,IDP-ESM2-8M,42,278,0.11145448684692383,0.24643468856811523,0.016453286456523886,0.0034626126289367676,0.02052024749981074
A0A127KLJ5,1.8778077363967896,3.969946622848511,0.385921489141911,0.3239397406578064,0.7900150587473994,2.036407,4.7184153,0.48288763,0.3861203,0.6408298,IDP-ESM2-8M,42,278,0.15859925746917725,0.7484686374664302,0.09696613655236391,0.062180548906326294,0.14918525718795117
A0A140F9E7,2.682987689971924,6.262972354888916,0.5033012214408389,0.3957318067550659,0.6128287548226748,2.7249694,6.3704133,0.5188256,0.40725145,0.60222644,IDP-ESM2-8M,42,278,0.04198169708251953,0.10744094848632812,0.015524369169665264,0.011519640684127808,0.010602318684521772
A0A140HQX3,3.5185742378234863,8.663448333740234,0.6205833621752056,0.4868972301483154,0.5172761543123339,3.5018077,8.739771,0.65628976,0.5051671,0.43200526,IDP-ESM2-8M,42,278,0.01676654815673828,0.07632255554199219,0.035706394122859586,0.01826989650726324,0.08527089789792042
A0A142KCK0,2.0349373817443848,4.737380504608154,0.5104756664931029,0.4065235257148742,0.6053974661579655,2.109284,4.929311,0.50708306,0.40603736,0.6230178,IDP-ESM2-8M,42,278,0.07434654235839844,0.19193029403686523,0.0033926081358641724,0.0004861652851104181,0.017620321775384085
A0A192GNU8,5.7325439453125,13.2327241897583,0.6076169698661501,0.4898139834403991,0.6274918948381998,4.7866354,11.550763,0.61565137,0.48798272,0.6130613,IDP-ESM2-8M,42,278,0.9459085464477539,1.6819610595703125,0.00803439922869853,0.0018312633037566584,0.014430585977420973
A0A1B1MQX9,3.636563777923584,8.983659744262695,0.6222812069105729,0.4917813241481781,0.5247150571106248,3.7355764,9.229174,0.64297116,0.5023092,0.4877507,IDP-ESM2-8M,42,278,0.09901261329650879,0.245513916015625,0.020689951117076055,0.010527878999710083,0.03696434805377058
A0A1B1SEH4,1.5573220252990725,3.8965466022491455,0.5832444875340534,0.45973601937294,0.5396028485422335,1.7213266,4.445355,0.6209157,0.48373187,0.46421978,IDP-ESM2-8M,42,278,0.1640045642852781,0.5488083362579346,0.03767122339200246,0.023995846509933527,0.07538306976606468
A0A1B2CSH8,2.485731601715088,5.971592426300049,0.6065935045650473,0.49430713057518,0.5614668686400435,2.5183039,6.6264467,0.70937586,0.5549085,0.4044372,IDP-ESM2-8M,42,278,0.032572269439697266,0.6548542976379395,0.10278235374183742,0.06060138344764715,0.1570296545039198
A0A1C9EI46,2.4554202556610107,6.337825298309326,0.6453417474742582,0.4903135001659393,0.4971227054091682,2.4929676,6.3398337,0.64886206,0.52202123,0.50870365,IDP-ESM2-8M,42,278,0.03754734992980957,0.0020084381103515625,0.003520316410476898,0.03170773386955267,0.011580943634868668
A0A1D7RB72,1.9049149751663208,4.26450252532959,0.4393348887550805,0.3645156919956207,0.6874126643433466,1.9928546,4.607867,0.47582242,0.381746,0.6537834,IDP-ESM2-8M,42,278,0.08793962001800537,0.34336423873901367,0.036487530173065885,0.017230302095413208,0.03362928335808657
A0A1D7RFJ1,2.119343042373657,5.180019378662109,0.6110240777318784,0.4808630645275116,0.5133276678023542,2.065014,5.1812477,0.6063641,0.48278946,0.5258645,IDP-ESM2-8M,42,278,0.05432915687560991,0.00122833251953125,0.0046600063627072474,0.0019263923168182373,0.012536814123610185
A0A1D7RII7,1.8909165859222408,3.929341316223145,0.4019441831493663,0.3523488640785217,0.7648124245245772,2.0107665,4.6679735,0.48317412,0.3861397,0.640877,IDP-ESM2-8M,42,278,0.11984992027282759,0.7386322021484371,0.08122993227002151,0.03379082679748541,0.12393541608646685
A0A1D7S6P1,1.912898659706116,4.0502238273620605,0.4204396745835724,0.3427617251873016,0.735536932456827,2.0112982,4.6657357,0.48177665,0.38580573,0.6449059,IDP-ESM2-8M,42,278,0.0983995199203489,0.6155118942260742,0.061336980136734,0.043044000864028986,0.09063100765976895
A0A1D7SND7,2.027412414550781,5.064353466033936,0.6014824055213335,0.4671358466148376,0.5118930111089554,2.0383024,5.0676856,0.5974506,0.47657263,0.527995,IDP-ESM2-8M,42,278,0.010890007019043413,0.0033321380615225493,0.004031791545808572,0.009436786174774225,0.016101979239860564
A0A1D8KSZ5,2.1301910877227783,5.291312217712402,0.61338376255938,0.4820922911167145,0.51918731776532,2.0621243,5.213578,0.6212368,0.4963475,0.5144102,IDP-ESM2-8M,42,278,0.06806683540344238,0.07773399353027344,0.007853038588080952,0.01425519585609436,0.004777120030487247
A0A1S5YE66,2.5283663272857666,6.014689922332764,0.6144904740173595,0.5057743191719055,0.5331045654360697,2.392402,6.1920004,0.6652694,0.52029026,0.42194277,IDP-ESM2-8M,42,278,0.13596439361572266,0.17731046676635742,0.05077890083005265,0.014515936374664307,0.11116179495496004
A0A1V0EDG6,1.5763734579086304,3.4868197441101074,0.3068296425146934,0.310068666934967,0.9500125684347482,1.5239345,3.0697682,0.3749643,0.34029973,0.911901,IDP-ESM2-8M,42,278,0.052438974380493164,0.4170515537261963,0.06813465430308613,0.030231058597564753,0.038111571272883005
A0A1V0SDB7,4.330148220062256,10.940457344055176,0.6213148286294141,0.4816248416900635,0.5632182594808528,4.0325513,10.053626,0.65216815,0.5102696,0.4749144,IDP-ESM2-8M,42,278,0.29759693145751953,0.8868312835693359,0.03085332608707758,0.02864474058151245,0.08830385771121474
A0A1V0SEI4,1.8054633140563965,4.368613243103027,0.5979153270886731,0.4888360500335693,0.5700438881923519,1.8291681,4.53319,0.60260284,0.49895057,0.5432209,IDP-ESM2-8M,42,278,0.02370476722717285,0.16457653045654297,0.004687512381236547,0.010114520788192805,0.026823010544951953
A0A1V0SIV1,4.1048736572265625,10.162138938903809,0.6645964185969084,0.5229781270027161,0.5328955406856537,4.017291,10.232363,0.70549786,0.5465438,0.39591837,IDP-ESM2-8M,42,278,0.08758258819580078,0.07022380828857422,0.04090144231159987,0.02356564998626709,0.1369771713924408
A0A1Z1LW78,1.987473964691162,4.400740623474121,0.4591689865677923,0.3771038353443146,0.6578689888008009,2.0038376,4.621548,0.47595102,0.38420445,0.65523386,IDP-ESM2-8M,42,278,0.01636362075805664,0.22080755233764648,0.016782029381456953,0.007100611925125122,0.002635128784931773
A0A218MKB4,2.420564651489258,6.291011810302734,0.638200934645876,0.4804953634738922,0.5008979651892149,2.6067023,6.4522977,0.6193711,0.4993505,0.56847495,IDP-ESM2-8M,42,278,0.18613767623901367,0.1612858772277832,0.01882981848452958,0.018855124711990356,0.06757698321700456
A0A218MLX2,2.2364635467529297,5.674166202545166,0.619369086183255,0.4787430465221405,0.515479431758483,2.1580505,5.465878,0.6295866,0.5013673,0.5073698,IDP-ESM2-8M,42,278,0.07841300964355469,0.20828819274902344,0.010217491232211273,0.022624224424362183,0.008109615455229813
A0A218MLZ4,2.047249794006348,5.174904823303223,0.6699496338764966,0.5274516940116882,0.4834665530288211,2.0558581,5.4509964,0.68928665,0.5506669,0.44938916,IDP-ESM2-8M,42,278,0.008608341217040572,0.2760915756225586,0.019337015350645692,0.02321523427963257,0.034077393349408236
A0A218MM47,3.0601587295532227,7.780268669128418,0.6267185265191563,0.4853298962116241,0.5179308176273886,2.9265132,7.2359753,0.6133313,0.48552394,0.55497897,IDP-ESM2-8M,42,278,0.13364553451538086,0.5442934036254883,0.013387208617544943,0.0001940429210663397,0.03704814908556309
A0A218MM62,3.9608118534088135,9.773451805114746,0.6112229547785968,0.4591792225837707,0.5621217231966981,4.0143657,10.035194,0.66815054,0.51641166,0.48638362,IDP-ESM2-8M,42,278,0.05355381965637207,0.26174259185791016,0.05692758938796816,0.05723243951797491,0.07573810627241218
A0A218MME3,2.253435134887696,5.859304428100586,0.6571256868571886,0.5031654238700867,0.4806869800322141,2.1816723,5.3280854,0.5994101,0.49324635,0.6231056,IDP-ESM2-8M,42,278,0.07176280021667569,0.5312190055847168,0.05771557018467277,0.009919077157974243,0.14241860554288965
A0A218MMI9,2.028818130493164,5.205209732055664,0.6454134359833859,0.5056187510490417,0.4974971138925941,2.1154947,5.5113173,0.6786201,0.5371742,0.45773345,IDP-ESM2-8M,42,278,0.08667659759521484,0.3061075210571289,0.03320666403797645,0.03155547380447388,0.039763661572495224
A0A222ZRZ9,1.88077175617218,3.983983039855957,0.3847965184132947,0.343037337064743,0.8358709388703613,2.0846236,4.6445913,0.45186293,0.38219777,0.7369643,IDP-ESM2-8M,42,278,0.20385181903839134,0.6606082916259766,0.06706641283823117,0.03916043043136602,0.0989066534966736
A0A249XMM6,1.587058663368225,3.9025182723999023,0.6081996666131302,0.4853251576423645,0.5151467459662195,1.6328444,4.1914034,0.6379994,0.5120725,0.48287082,IDP-ESM2-8M,42,278,0.04578578472137451,0.28888511657714844,0.029799748784513858,0.02674734592437744,0.03227592878177121
A0A290GQ28,1.591983437538147,3.9459362030029297,0.5996545610865007,0.476247638463974,0.5284702797433743,1.6053987,4.1670256,0.6334232,0.51414955,0.4932528,IDP-ESM2-8M,42,278,0.013415217399597168,0.22108936309814453,0.033768648103867926,0.03790190815925598,0.03521746592730379
A0A2D1GNS7,1.8562084436416624,4.6157307624816895,0.6068438149232709,0.5070620179176331,0.5411538626987368,1.977092,4.908075,0.5857313,0.4826545,0.60665977,IDP-ESM2-8M,42,278,0.1208835840225222,0.2923440933227539,0.021112487389548962,0.024407505989074707,0.06550590731316508
A0A2D1M0A0,3.0987584590911865,6.217294216156006,0.2680757490699053,0.2750036120414734,1.347373444504014,3.3775535,7.421951,0.4129757,0.35342574,0.8538865,IDP-ESM2-8M,42,278,0.2787950038909912,1.2046566009521484,0.14489994963958264,0.07842212915420532,0.4934869594042215
A0A2D3I5T4,3.427800178527832,8.643939018249512,0.629855979435968,0.4775140285491943,0.5422103768411841,3.148832,8.017712,0.6723832,0.5267689,0.47538152,IDP-ESM2-8M,42,278,0.27896809577941895,0.6262273788452148,0.04252720976538693,0.04925489425659185,0.06682885347044132
A0A2I6SBY4,2.5025556087493896,6.354439735412598,0.6815675888338483,0.5499695539474487,0.4962654650488172,2.9560084,7.729683,0.7227684,0.56950355,0.39166957,IDP-ESM2-8M,42,278,0.45345282554626465,1.3752431869506836,0.041200837107619015,0.019533991813659668,0.10459589364912847
A0A2I6SCK6,2.685833215713501,6.94218635559082,0.6846655819840384,0.5485411286354065,0.4931653674896652,2.595576,6.3682866,0.63834083,0.52013034,0.5612678,IDP-ESM2-8M,42,278,0.09025716781616211,0.5738997459411621,0.04632475118112089,0.028410792350769043,0.06810242568889313
A0A2K9VSC6,3.317457914352417,8.031097412109375,0.6374334320329164,0.5192162394523621,0.5119018801837045,3.3260994,8.412386,0.6731248,0.52331173,0.43418428,IDP-ESM2-8M,42,278,0.008641481399536133,0.3812885284423828,0.03569135815873403,0.004095494747161865,0.07771759716559234
A0A2P1GNK0,3.24163031578064,7.594503879547119,0.5287660869184808,0.4188036024570465,0.6058451871805083,3.1083636,7.2519584,0.51089257,0.4054787,0.6507842,IDP-ESM2-8M,42,278,0.13326668739318892,0.3425455093383789,0.017873516899712505,0.013324916362762451,0.04493900728894362
A0A2R3UAC7,1.909107089042664,4.803678512573242,0.6248474794221456,0.4938169419765472,0.5046491026065458,1.8300502,4.6027684,0.6147418,0.49340945,0.5039003,IDP-ESM2-8M,42,278,0.0790568590164189,0.20091009140014648,0.010105677206569408,0.0004074871540069025,0.0007488130710233687
A0A2R8FEN2,2.1930902004241943,4.634369373321533,0.3689266547135045,0.3035509884357452,0.8144768411593042,2.7419057,6.162988,0.42731324,0.34530407,0.7537284,IDP-ESM2-8M,42,278,0.5488154888153076,1.5286188125610352,0.05838658366883498,0.041753083467483576,0.060748451419313954
A0A2S1MMK3,3.054756164550781,5.755621433258057,0.2443340797938483,0.2603816986083984,1.4692458294885395,3.3934312,7.459469,0.41219378,0.35285795,0.8574217,IDP-ESM2-8M,42,278,0.3386750221252446,1.7038474082946777,0.16785969538315365,0.09247624874114996,0.6118241333024739
A0A2S1MQZ2,3.09568452835083,6.610805988311768,0.2671375760899254,0.2756531536579132,1.347184486038522,3.4025068,7.4810886,0.4116516,0.35239065,0.8579009,IDP-ESM2-8M,42,278,0.3068222999572754,0.8702826499938965,0.1445140352381996,0.07673749327659607,0.4892835685084622
A0A2S1MU58,3.075150728225708,5.945162296295166,0.2468645342491461,0.2820548415184021,1.4606909791679732,3.4451494,7.5724406,0.40948978,0.35016608,0.8627647,IDP-ESM2-8M,42,278,0.3699986934661865,1.6272783279418945,0.16262524641529788,0.06811124086380005,0.5979262630195967
A0A2S1N1Y6,3.179504156112671,6.537221431732178,0.2816311771264032,0.2890353202819824,1.301375550070033,3.4052718,7.4714956,0.40717533,0.35006976,0.86788183,IDP-ESM2-8M,42,278,0.2257676124572754,0.9342741966247559,0.12554415518141238,0.061034440994262695,0.4334937155630445
A0A2S1N210,3.1431422233581543,6.254472732543945,0.2714263842871782,0.2792133688926697,1.3428809366069938,3.4128232,7.5182257,0.4149243,0.35398355,0.8497753,IDP-ESM2-8M,42,278,0.2696809768676758,1.2637529373168945,0.1434979094693068,0.07477018237113953,0.4931056222759391
A0A2U7U7R7,3.1205430030822754,6.778926849365234,0.4592673357785028,0.385464072227478,0.7301072784220611,3.4105403,7.846083,0.48015773,0.3827527,0.70872504,IDP-ESM2-8M,42,278,0.2899973392486572,1.0671563148498535,0.020890397185059195,0.002711385488510132,0.02138224323147886
A0A2Z4HI38,2.954874277114868,7.174960136413574,0.6268339086129926,0.5197823643684387,0.5162812855125954,2.9993324,7.6189084,0.66026944,0.5069444,0.43557233,IDP-ESM2-8M,42,278,0.04445815086364746,0.44394826889038086,0.03343553060743587,0.01283794641494751,0.08070895932927635
A0A2Z4Q913,2.0818893909454346,4.352743148803711,0.4065735649905433,0.3618420362472534,0.7710158002272716,1.979225,4.119783,0.35461354,0.3299717,0.91622484,IDP-ESM2-8M,42,278,0.10266435146331787,0.23296022415161133,0.05196002243378062,0.03187033534049988,0.14520903707589006
A0A2Z6E9I5,2.231046438217163,5.186451435089111,0.4916681080623618,0.3802611827850342,0.6373151950915709,2.1418953,4.9585547,0.50262797,0.40609258,0.6360849,IDP-ESM2-8M,42,278,0.08915114402770996,0.22789669036865234,0.010959860725785198,0.025831401348114014,0.001230280884112367
A0A345L4V0,2.6901886463165283,6.946934700012207,0.6541822893736157,0.5048134326934814,0.4945165928134548,2.6462564,6.8143682,0.6825566,0.5367341,0.44048232,IDP-ESM2-8M,42,278,0.043932199478149414,0.1325664520263672,0.028374339807292537,0.031920671463012695,0.05403427441211811
A0A345M6E7,2.5816779136657715,6.490684986114502,0.6346638902961372,0.4900546967983246,0.5230252523728157,2.6786113,6.936038,0.6773943,0.53052163,0.45162654,IDP-ESM2-8M,42,278,0.09693336486816406,0.44535303115844727,0.04273038060077439,0.04046693444252014,0.07139871314246904
A0A346RNU7,3.259810209274292,8.10822582244873,0.6464056539714221,0.4960938692092895,0.5162357243902729,3.3669953,8.4683695,0.66178334,0.5167912,0.47864383,IDP-ESM2-8M,42,278,0.10718512535095215,0.36014366149902344,0.01537768362165648,0.020697355270385798,0.03759188979936101
A0A346TPN1,4.243413925170898,10.441936492919922,0.6247509968525825,0.4940012097358703,0.5532275159006739,4.228394,10.393597,0.64819694,0.50713325,0.50060296,IDP-ESM2-8M,42,278,0.015019893646240234,0.04833984375,0.023445938801104016,0.013132035732269343,0.05262455531412602
A0A346TQ06,3.2180731296539307,7.943965435028076,0.6412923183914179,0.499872475862503,0.5230447745098089,3.04521,7.8544617,0.7029184,0.54499686,0.39335436,IDP-ESM2-8M,42,278,0.17286324501037598,0.08950376510620117,0.061626091909790626,0.045124381780624445,0.129690418220899
A0A385DYQ6,1.898411512374878,4.318800449371338,0.4564160211965485,0.3884804546833038,0.6796028359240008,1.792235,4.2092857,0.482244,0.38948688,0.6628716,IDP-ESM2-8M,42,278,0.10617649555206299,0.10951471328735352,0.02582799354344173,0.0010064244270325262,0.01673123672661314
A0A385UFY3,2.3389768600463867,5.940270900726318,0.6405308140128818,0.5049679279327393,0.5051973138416984,2.365636,6.0711265,0.6613663,0.52304596,0.4730835,IDP-ESM2-8M,42,278,0.026659250259399414,0.13085556030273438,0.020835469880703394,0.0180780291557312,0.032113817747948414
A0A386QVQ8,2.573846340179444,5.729276657104492,0.4631419003350513,0.378161072731018,0.6760992868441105,2.7132187,6.3359194,0.51104134,0.40130362,0.606586,IDP-ESM2-8M,42,278,0.13937234878539995,0.6066427230834961,0.04789944287707637,0.023142546415329035,0.06951330738244055
A0A3G1T4F7,3.006868362426758,5.367626667022705,0.2000000000000003,0.239039197564125,1.7127553017701085,3.938757,8.6444,0.40203327,0.34608635,0.9011279,IDP-ESM2-8M,42,278,0.9318885803222656,3.276772975921631,0.2020332694053647,0.10704715549945837,0.8116274269188817
A0A3G2JTZ9,3.2143261432647705,7.936268329620361,0.6364447115675985,0.4988506734371185,0.5099624199321988,3.3331645,8.522599,0.68127304,0.5263343,0.40778542,IDP-ESM2-8M,42,278,0.11883831024169922,0.5863308906555176,0.044828331588071646,0.02748361229896551,0.10217700428278476
A0A3G3M5R8,1.9766877889633176,4.035877704620361,0.4158830836262941,0.3478423655033111,0.7506323136418169,1.9954445,4.572618,0.46535608,0.3763263,0.6792941,IDP-ESM2-8M,42,278,0.018756747245788796,0.5367403030395508,0.049472998097872756,0.028483927249908503,0.0713382042973345
A0A3G4S8X8,3.0624771118164062,7.581181526184082,0.597758600944666,0.4773288667201996,0.5371702295859963,2.9611752,7.460177,0.65536135,0.50789016,0.4361897,IDP-ESM2-8M,42,278,0.10130190849304199,0.12100458145141602,0.05760275340637766,0.03056129813194275,0.10098051849209366
A0A3G4ZTT1,1.9542526006698608,3.954479455947876,0.2857037838019497,0.2974981963634491,1.0646122481537337,2.5488565,5.7411427,0.440326,0.38472533,0.8240232,IDP-ESM2-8M,42,278,0.5946038961410522,1.786663293838501,0.1546222214184635,0.08722713589668274,0.24058906099324173
A0A3G4ZXU7,4.592154026031494,11.532073974609377,0.6536719100706516,0.5041574835777283,0.5624642205305675,4.7348213,11.93763,0.7056987,0.5491434,0.42738926,IDP-ESM2-8M,42,278,0.14266729354858398,0.4055557250976545,0.05202681849074975,0.04498589038848877,0.13507495642381706
A0A3G5A3I8,1.553621768951416,3.685656070709229,0.5127582973428999,0.3974073529243469,0.5491458110800546,2.0307503,4.8250775,0.5200376,0.40386924,0.5679734,IDP-ESM2-8M,42,278,0.4771285057067871,1.1394214630126949,0.007279294114467039,0.006461888551712036,0.018827564240380013
A0A3G5A3J2,3.1199047565460205,7.602824211120605,0.6279122835472387,0.4969390630722046,0.5389113067448091,3.230034,8.1587925,0.64905494,0.5120632,0.51258826,IDP-ESM2-8M,42,278,0.11012935638427734,0.5559682846069345,0.021142660967989557,0.015124142169952393,0.02632304418682574
A0A3G5AHA4,1.7230678796768188,4.382834434509277,0.63723826889638,0.5017737746238708,0.5077618298403009,1.6459448,4.1459794,0.60577565,0.49370965,0.5461955,IDP-ESM2-8M,42,278,0.07712304592132568,0.23685503005981445,0.031462614580431536,0.008064121007919312,0.03843367720925961
A0A3G5AK89,2.0694711208343506,5.184629440307617,0.663990454008367,0.540742814540863,0.5067364439326713,1.7428151,4.7151175,0.6731482,0.54312575,0.45218927,IDP-ESM2-8M,42,278,0.3266559839248657,0.4695119857788086,0.009157760808680138,0.002382934093475342,0.05454717725100011
A0A3G5Q4F5,1.5298995971679688,3.517494440078736,0.5406184241580713,0.4478425085544586,0.5820102964947816,1.5958729,3.7420816,0.5196423,0.42921886,0.61455095,IDP-ESM2-8M,42,278,0.06597328186035156,0.2245872020721431,0.020976130704854712,0.018623650074005127,0.03254065164822373
A0A3Q8Q9R0,2.365200519561768,5.595171451568604,0.5462541918616481,0.4400821328163147,0.5607812108182438,2.3911033,5.6594286,0.52873087,0.41711,0.60279286,IDP-ESM2-8M,42,278,0.025902748107909712,0.06425714492797763,0.01752332256843525,0.022972136735916138,0.04201164825920978
A0A3R5WKS6,3.128736734390259,6.250781536102295,0.2727410874179128,0.2730020582675934,1.3352994684341946,3.4436848,7.5898404,0.41488153,0.35331148,0.84899664,IDP-ESM2-8M,42,278,0.31494808197021484,1.3390588760375977,0.14214044000594583,0.0803094208240509,0.4863028291824856
A0A401IPA0,2.9975976943969727,7.675229549407959,0.6451161718794156,0.5009886026382446,0.5197397813892928,2.973909,7.5716043,0.6689626,0.5252848,0.47603604,IDP-ESM2-8M,42,278,0.023688793182373047,0.10362529754638672,0.02384642596756925,0.024296224117279053,0.043703739414271414
A0A410I670,3.244960308074951,6.343748569488525,0.2791006434145139,0.2873978018760681,1.3422990106211006,3.442317,7.585271,0.4145877,0.3535441,0.85190356,IDP-ESM2-8M,42,278,0.1973567008972168,1.2415223121643066,0.13548706291292445,0.06614628434181213,0.4903954528436958
A0A410S812,3.267818689346313,8.442427635192871,0.6790268172560489,0.5419377684593201,0.4639142143138185,3.2565832,8.33756,0.6792518,0.5250428,0.42479366,IDP-ESM2-8M,42,278,0.011235475540160689,0.10486793518066406,0.000224972790643041,0.016894996166229248,0.039120553673101965
A0A411HB56,3.061797380447388,7.849083423614502,0.672850586325103,0.5274837613105774,0.4876099426654795,2.8715384,7.242236,0.6545565,0.5143566,0.48546776,IDP-ESM2-8M,42,278,0.19025897979736373,0.6068472862243652,0.01829407349246137,0.013127148151397705,0.0021421809104898992
A0A481TD43,1.5442233085632324,3.899429321289064,0.614812140105491,0.4832353889942169,0.5024498942417553,1.5386329,3.860708,0.5964741,0.47921088,0.52312803,IDP-ESM2-8M,42,278,0.0055904388427734375,0.038721323013306996,0.018338029025321334,0.004024505615234375,0.020678138442570826
A0A481V8U6,3.620218515396118,8.928796768188477,0.6320218049798477,0.4929403662681579,0.5129130826055708,3.6538153,9.102522,0.64148706,0.49264452,0.45989615,IDP-ESM2-8M,42,278,0.03359675407409668,0.17372512817382812,0.009465256997538751,0.00029584765434259586,0.05301693535444163
A0A481Z0P8,2.332705497741699,5.724720478057861,0.6820730240770069,0.6032056212425232,0.5226296396881983,2.4034355,6.215791,0.6973024,0.57880926,0.46319318,IDP-ESM2-8M,42,278,0.07072997093200684,0.4910707473754883,0.015229376988819543,0.02439635992050171,0.05943646151131843
A0A481Z6X1,5.761097431182861,13.947094917297363,0.609779469011824,0.4603673219680786,0.5822898264496337,5.074022,12.343985,0.65617925,0.49828,0.47360307,IDP-ESM2-8M,42,278,0.6870756149291992,1.6031103134155273,0.04639978027482761,0.03791266679763794,0.1086867566673766
A0A482JE07,1.7827786207199097,3.7496509552001953,0.3402145896258686,0.3243014812469482,0.9147243993052128,1.9994864,4.328953,0.40640888,0.35242116,0.81438905,IDP-ESM2-8M,42,278,0.21670782566070557,0.5793018341064453,0.06619428655478021,0.02811968326568609,0.10033534929834631
A0A4D5XEU4,1.5674667358398438,3.4381988048553467,0.3862880596379595,0.4034710228443146,0.7771499086771628,1.6914835,3.4479637,0.40323514,0.35229474,0.8525066,IDP-ESM2-8M,42,278,0.12401676177978516,0.009764909744262695,0.016947077824656487,0.0511762797832489,0.07535666929143459
A0A4D5XFS9,5.242965221405029,13.085946083068848,0.6557979151272705,0.5125316381454468,0.5867808827252472,4.6821604,11.972782,0.7706481,0.6072477,0.40600953,IDP-ESM2-8M,42,278,0.5608048439025879,1.113163948059082,0.11485020670653079,0.09471607208251953,0.1807713576645935
A0A4D5XFZ8,2.8947439193725586,7.357184886932373,0.6698645050648893,0.5511986017227173,0.5295215252982225,2.8524642,6.836841,0.6125491,0.5145663,0.6437185,IDP-ESM2-8M,42,278,0.042279720306396484,0.5203437805175781,0.05731537891666538,0.03663229942321777,0.11419695576562028
A0A4P1QFK2,1.5769423246383667,3.9907727241516113,0.601099123084095,0.489146888256073,0.5206487896645681,1.5093571,3.7900019,0.5998391,0.48390344,0.5136428,IDP-ESM2-8M,42,278,0.06758522987365723,0.20077085494995117,0.0012600317831306107,0.005243450403213501,0.007006001731218459
A0A4Y1NU38,2.05042028427124,5.2004899978637695,0.6318165474368713,0.4935110509395599,0.5065606352520838,2.15446,5.543036,0.6484537,0.5120469,0.4751585,IDP-ESM2-8M,42,278,0.10403966903686568,0.3425459861755371,0.016637165026507583,0.018535822629928644,0.03140212265976816
A0A4Y5NGG5,1.5171821117401123,3.800815105438232,0.6079902709298288,0.486662894487381,0.5026298461758542,1.5310661,3.7295039,0.5759017,0.4655144,0.5433708,IDP-ESM2-8M,42,278,0.01388394832611084,0.071311235427856,0.03208858378459567,0.021148502826690674,0.040740937153155854
A0A4Y6EML4,1.5889664888381958,3.911598920822144,0.6041871372028834,0.4794623553752899,0.5328990918125099,1.6393325,4.273817,0.65034294,0.520071,0.4714075,IDP-ESM2-8M,42,278,0.05036604404449463,0.3622181415557857,0.04615580408129627,0.04060867428779602,0.06149158892287676
A0A515J3G6,2.9944839477539062,7.03131103515625,0.5097993618682929,0.3988792300224304,0.5944336636247909,3.1631455,7.3492002,0.51057786,0.40046248,0.6176513,IDP-ESM2-8M,42,278,0.16866159439086914,0.3178892135620117,0.0007784956260613596,0.0015832483768463135,0.023217620116206428
A0A5B8IIW6,1.9006930589675903,4.830367565155029,0.6535139474210855,0.529382586479187,0.4957562834234626,1.98241,5.0805902,0.656211,0.52108026,0.48284173,IDP-ESM2-8M,42,278,0.08171689510345459,0.25022268295288086,0.002697071141231411,0.00830233097076416,0.012914553305664767
A0A5C0PG83,1.4672784805297852,3.4528045654296875,0.5621860974750106,0.4580844044685364,0.5362758238839155,1.4387879,3.4772298,0.55449265,0.44810426,0.55540234,IDP-ESM2-8M,42,278,0.028490543365478516,0.024425268173217773,0.007693445058781334,0.00998014211654663,0.01912651462087578
A0A5C0ZRE4,2.6661126613616943,6.326581954956055,0.4658143776661049,0.3765358030796051,0.7112461918578401,2.6860163,6.250055,0.49305442,0.40288314,0.6769644,IDP-ESM2-8M,42,278,0.01990365982055664,0.07652711868286133,0.027240042089830774,0.026347339153289795,0.0342817896590486
A0A5C0ZSQ4,2.545008897781372,6.029515266418457,0.444463782045835,0.3410599529743194,0.7356126392563154,2.6072488,5.9735484,0.47085774,0.3866676,0.7088025,IDP-ESM2-8M,42,278,0.062239885330200195,0.055966854095458984,0.026393957402712387,0.04560765624046331,0.026810118027525087
A0A5C0ZTE6,2.677662372589112,6.272698879241943,0.4681365660763472,0.3687142133712768,0.709375405201528,2.6906927,6.2857895,0.49957758,0.40742064,0.66578144,IDP-ESM2-8M,42,278,0.013030290603636807,0.01309061050415039,0.031441015806129624,0.03870642185211187,0.043593966850850485
A0A5C0ZTP4,2.597158908843994,6.122961521148682,0.4511941121320432,0.3557023108005523,0.7306013046576049,2.6768556,6.208299,0.48803446,0.40037566,0.6883037,IDP-ESM2-8M,42,278,0.0796966552734375,0.08533763885498047,0.036840344836264305,0.044673353433609064,0.0422975956274535
A0A5C0ZTQ7,2.584814548492432,5.955605506896973,0.4455159856743504,0.3573756814002991,0.7429921396287029,2.6943643,6.2362695,0.4869669,0.39835197,0.68489033,IDP-ESM2-8M,42,278,0.109549760818481,0.28066396713256836,0.04145092230370745,0.04097628593444824,0.05810180979090385
A0A5J6VNB5,4.43790864944458,10.92771816253662,0.6070650528690373,0.4745469689369201,0.5514989412224033,3.9216537,9.448462,0.5832212,0.4713457,0.6119683,IDP-ESM2-8M,42,278,0.5162549018859863,1.4792566299438459,0.023843855740741438,0.003201276063919012,0.06046933766248441
A0A5K0U8Q2,3.1471762657165527,7.154059886932373,0.27001465200043,0.2995531558990478,1.428445635479139,4.147617,9.523007,0.49185523,0.40215984,0.7616853,IDP-ESM2-8M,42,278,1.0004405975341797,2.3689475059509277,0.22184058190726957,0.10260668396949774,0.666760323684858
A0A5K0UBH9,4.377170562744141,10.752802848815918,0.6188259007539436,0.5179035663604736,0.5529834863234949,3.8377786,9.516012,0.62966496,0.48883355,0.5351807,IDP-ESM2-8M,42,278,0.5393919944763184,1.236790657043457,0.010839056769402333,0.029070019721984863,0.01780279841913701
A0A5P9UM97,2.1314737796783447,5.469008922576904,0.6097184296072277,0.4673957824707031,0.5182220689547932,2.0318403,4.819059,0.5451428,0.4460051,0.6141823,IDP-ESM2-8M,42,278,0.09963345527648926,0.6499500274658203,0.06457560018904529,0.021390676498413086,0.09596022446027641
A0A646QWB4,1.878915429115296,4.6874165534973145,0.6060478071227473,0.4707807302474975,0.5153158031832196,1.8955035,4.810964,0.60728467,0.4831712,0.5246303,IDP-ESM2-8M,42,278,0.016588091850280096,0.12354755401611328,0.0012368579849797445,0.01239046454429632,0.00931450496802555
A0A646QWN2,1.7721363306045532,4.608987331390381,0.6641320664252924,0.5187904834747314,0.4761010747766399,1.9077643,4.9284525,0.6568503,0.5301886,0.49062777,IDP-ESM2-8M,42,278,0.13562798500061035,0.31946516036987305,0.007281788047759474,0.011398136615753174,0.014526690878877702
A0A649VCB5,1.5268571376800537,3.6301403045654297,0.5060559101829343,0.419342577457428,0.6355288198206392,1.5314324,3.7923844,0.53933305,0.43278775,0.5800887,IDP-ESM2-8M,42,278,0.004575252532958984,0.16224408149719238,0.03327713529970122,0.013445168733596802,0.055440144798514
A0A6B9LZ63,1.4485865831375122,3.4184932708740234,0.5290313887029996,0.4173169732093811,0.5779464587698795,1.490557,3.6785834,0.5746286,0.46521014,0.5563387,IDP-ESM2-8M,42,278,0.04197037220001221,0.2600901126861572,0.04559720283447599,0.04789316654205322,0.021607731295666843
A0A6C0RTL1,1.9477744102478027,4.953113555908203,0.6751518940374736,0.5500271320343018,0.4789383224175402,1.8581669,5.0126705,0.68686956,0.54175377,0.4338407,IDP-ESM2-8M,42,278,0.08960747718811035,0.05955696105957031,0.011717667634737139,0.00827336311340332,0.04509763037423575
A0A6F9F3M6,1.6702297925949097,4.013767242431641,0.5448578489146423,0.4344554245471954,0.552450070908999,1.7442026,4.179374,0.5610754,0.44309294,0.54533947,IDP-ESM2-8M,42,278,0.07397282123565674,0.16560697555541992,0.016217540470581104,0.008637517690658625,0.007110605767702616
A0A6G7AB66,2.321918249130249,5.384494781494141,0.5018268343534142,0.4031600952148437,0.6142194327159488,2.3659072,5.588851,0.5227224,0.4120323,0.59248364,IDP-ESM2-8M,42,278,0.043988943099975586,0.20435619354248047,0.020895588723215397,0.008872210979461725,0.02173579299884676
A0A6G7AB88,2.5087578296661377,5.888238906860352,0.4947683171464599,0.3996161222457886,0.6328081086843298,2.5309272,5.942658,0.5189119,0.4085602,0.6037062,IDP-ESM2-8M,42,278,0.02216935157775879,0.05441904067993164,0.024143580989679003,0.008944064378738403,0.02910192763498287
A0A6G8MYF8,2.797440767288208,6.094493389129639,0.4276329720124927,0.3466676473617553,0.7338739047135627,3.304252,7.560169,0.48324695,0.37992674,0.6558102,IDP-ESM2-8M,42,278,0.5068111419677734,1.4656758308410645,0.05561398028281067,0.03325909376144415,0.07806372738736034
A0A6H0YEW0,1.4517817497253418,3.4585723876953125,0.5568597056855416,0.4462162256240845,0.5491226731313735,1.3662435,3.276188,0.5569886,0.45339406,0.5620411,IDP-ESM2-8M,42,278,0.08553826808929443,0.18238449096679688,0.0001288912306571799,0.007177829742431641,0.012918430708500739
A0A6J5KPB0,1.9391398429870603,4.933845043182373,0.6420353636325445,0.5163862705230713,0.495535435744577,1.8888693,4.7517056,0.6099909,0.49159014,0.52119267,IDP-ESM2-8M,42,278,0.05027055740356423,0.18213939666748047,0.03204446883808043,0.024796128273010254,0.02565723412389226
A0A6J5KRS4,1.7713096141815186,4.383134841918945,0.6026525478801068,0.4676600694656372,0.5151548788451072,1.8421575,4.6333766,0.61516714,0.4918049,0.5193081,IDP-ESM2-8M,42,278,0.07084786891937256,0.250241756439209,0.012514593080586556,0.02414482831954956,0.004153211364853693
A0A6J5KVQ0,2.03214955329895,4.888143539428711,0.6163497233889532,0.5053057074546814,0.5178343382457055,1.9698012,5.0153956,0.6248394,0.4952652,0.5140785,IDP-ESM2-8M,42,278,0.062348365783691406,0.12725210189819336,0.008489701698021879,0.010040521621704102,0.0037558403590477463
A0A6J5L216,1.6680256128311155,4.347125053405762,0.650349917436056,0.5026524066925049,0.4963638241010943,1.7459702,4.6746693,0.6488694,0.506662,0.45511678,IDP-ESM2-8M,42,278,0.07794463634490989,0.3275442123413086,0.0014805221800134882,0.004009604454040527,0.04124704548895747
A0A6J5L2N6,2.2989559173583984,5.436499118804932,0.4621160371227775,0.3621842265129089,0.6851269594366337,2.374533,5.460171,0.48256576,0.38879752,0.66424644,IDP-ESM2-8M,42,278,0.0755770206451416,0.023672103881835938,0.020449723489710303,0.026613295078277643,0.020880519502856854
A0A6J5L2W6,2.8065874576568604,7.203927516937256,0.6702668348348889,0.5267476439476013,0.4899572184079447,3.2383895,8.087686,0.68782353,0.54924864,0.47039628,IDP-ESM2-8M,42,278,0.43180203437805176,0.8837580680847168,0.017556699176951907,0.022500991821289062,0.019560938119248417
A0A6J5L549,2.506929636001587,6.672206878662109,0.7020623178986034,0.5587549805641174,0.4812575806749918,2.8754957,7.402158,0.72163165,0.5650653,0.4654699,IDP-ESM2-8M,42,278,0.36856603622436523,0.7299509048461914,0.01956932825770763,0.0063103437423706055,0.015787683881626324
A0A6J5L8Y0,1.690171718597412,3.855520725250244,0.5027241069046839,0.4108612537384033,0.5989975287218855,1.763043,4.212022,0.50297874,0.39508682,0.6103601,IDP-ESM2-8M,42,278,0.07287132740020752,0.35650110244750977,0.0002546352179662037,0.015774428844451904,0.011362557242317384
A0A6J5LE62,1.8723387718200684,4.90720272064209,0.6350305528546061,0.4870165288448334,0.4794861016185628,1.9347972,4.812432,0.59078485,0.48316523,0.58345324,IDP-ESM2-8M,42,278,0.06245839595794678,0.09477090835571289,0.044245705118247436,0.00385129451751709,0.10396713639184368
A0A6J5LH85,2.0278542041778564,5.112582206726074,0.6143388418842416,0.4615023136138916,0.5210087176727277,2.1110406,5.4077477,0.61858034,0.4838988,0.4879526,IDP-ESM2-8M,42,278,0.08318638801574707,0.2951655387878418,0.004241499454869735,0.022396475076675415,0.03305612768401922
A0A6J5LWJ3,2.130364179611206,5.3557844161987305,0.6206703540345822,0.481553316116333,0.5299881910987323,2.090992,5.207819,0.601248,0.48892125,0.5408484,IDP-ESM2-8M,42,278,0.03937220573425293,0.1479654312133789,0.01942232814041711,0.007367938756942749,0.010860183268027956
A0A6J5LYG1,2.246100187301636,5.662235736846924,0.5924075914238613,0.4635239839553833,0.5368733334284397,2.2764103,5.677526,0.6040534,0.47337204,0.53379995,IDP-ESM2-8M,42,278,0.030310153961181197,0.015290260314941406,0.011645786681302228,0.009848058223724365,0.0030733871203036944
A0A6J5M0M6,1.7771401405334473,4.456646919250488,0.6192509000015146,0.4827207624912262,0.5011183911512269,1.7932112,4.48167,0.60311216,0.48366463,0.5278567,IDP-ESM2-8M,42,278,0.016071081161499023,0.02502298355102539,0.016138738841999234,0.0009438693523406982,0.026738316421710095
A0A6J5M1A9,1.7769579887390137,4.359809875488281,0.5835114264136912,0.4459495544433594,0.5367675563885651,1.6276132,4.1222243,0.5946617,0.47725505,0.53861487,IDP-ESM2-8M,42,278,0.149344801902771,0.23758554458618164,0.011150286232793127,0.03130549192428589,0.0018473127291717129
A0A6J5M383,1.4792567491531372,3.551586866378784,0.5779234131200273,0.462022602558136,0.5301891335071303,1.6484776,4.0593185,0.58798593,0.4650554,0.5136339,IDP-ESM2-8M,42,278,0.16922080516815186,0.5077316761016846,0.010062519706968587,0.0030328035354614258,0.016555226665852185
A0A6J5M440,1.5295896530151367,3.3604073524475098,0.2900469858504883,0.3233417570590973,0.9950001919393234,1.1303312,1.9674067,0.34647578,0.3389059,0.97724736,IDP-ESM2-8M,42,278,0.39925849437713623,1.393000602722168,0.05642879415973506,0.015564143657684326,0.017752834570854192
A0A6J5M597,2.368009567260742,5.3564629554748535,0.3797726870868477,0.2845461368560791,0.7673448003456302,2.4739828,5.750096,0.4826062,0.37128878,0.6159056,IDP-ESM2-8M,42,278,0.1059732437133789,0.3936328887939453,0.1028335152771202,0.08674263954162598,0.15143921744081457
A0A6J5M692,1.7779672145843506,4.5860748291015625,0.6375848981772269,0.4900106787681579,0.4757229214037429,1.9043417,4.8672843,0.62638175,0.5069922,0.524052,IDP-ESM2-8M,42,278,0.1263744831085205,0.28120946884155273,0.01120314330204375,0.01698154211044317,0.048329102483891384
A0A6J5MAS8,2.1566946506500244,5.333974838256836,0.6308056516303989,0.5052657723426819,0.5123894251621289,2.1009247,5.3024483,0.6172358,0.49317226,0.52285534,IDP-ESM2-8M,42,278,0.055769920349121094,0.03152656555175781,0.013569871868130856,0.012093514204025269,0.010465916272349829
A0A6J5MC63,2.8006591796875,6.929624080657959,0.6062615183598775,0.4717980325222015,0.5218427316666221,2.8694298,7.0962563,0.6128482,0.47926873,0.5067879,IDP-ESM2-8M,42,278,0.0687706470489502,0.16663217544555664,0.006586703895829271,0.007470697164535578,0.01505483551031106
A0A6J5MCB3,1.910890460014344,4.856009006500244,0.6572073805781288,0.5447538495063782,0.5022710943150148,1.9009893,4.8984,0.6539771,0.5237031,0.49016365,IDP-ESM2-8M,42,278,0.009901165962219904,0.04239082336425781,0.0032302844973487455,0.021050751209259033,0.012107440226040822
A0A6J5MEY7,1.807762861251831,4.6377854347229,0.6033643188660649,0.4538577198982239,0.5242467780867908,1.8080215,4.4320555,0.5882213,0.4928787,0.5924538,IDP-ESM2-8M,42,278,0.0002586841583251953,0.20572996139526367,0.01514300729685103,0.03902098536491394,0.06820699970327881
A0A6J5MKW9,2.013401746749878,5.113126754760742,0.6115603743380448,0.4853740632534027,0.5280121430275041,1.930756,4.805744,0.5942903,0.48563012,0.5500631,IDP-ESM2-8M,42,278,0.08264577388763428,0.30738258361816406,0.01727005823315586,0.0002560615539550781,0.02205093060759722
A0A6J5MMF3,2.966634511947632,7.532067775726318,0.6390296231065321,0.5121700763702393,0.487953309190075,3.0039208,7.4769316,0.6277414,0.49123138,0.49906877,IDP-ESM2-8M,42,278,0.03728628158569336,0.05513620376586914,0.011288226679377567,0.0209386944770813,0.011115457642276672
A0A6J5MV94,1.9901422262191768,5.100870609283447,0.6515797842048011,0.520313024520874,0.4953597478624896,2.002717,5.136924,0.65003425,0.51710427,0.4820417,IDP-ESM2-8M,42,278,0.012574791908264604,0.03605318069458008,0.0015455353759131762,0.003208756446838379,0.013318061089189426
A0A6J5N0T2,1.4794939756393433,3.64854907989502,0.5767917549243526,0.4533455669879913,0.5311476346136877,1.4860497,3.5718987,0.547478,0.44996497,0.58722466,IDP-ESM2-8M,42,278,0.006555676460266113,0.07665038108825728,0.029313734733160013,0.0033805966377257746,0.056077027690236814
A0A6J5NF31,2.0758919715881348,5.361358642578125,0.6146768380769808,0.4765161275863647,0.5096443454355845,2.116075,5.3429213,0.597444,0.47158867,0.5349117,IDP-ESM2-8M,42,278,0.040183067321777344,0.01843738555908203,0.01723284021702598,0.004927456378936712,0.025267346706902116
A0A6J5P529,2.1715567111968994,5.691701889038086,0.6942436293058728,0.5560112595558167,0.4881359709119605,2.7057822,7.2513103,0.7265593,0.5695848,0.4169181,IDP-ESM2-8M,42,278,0.5342254638671875,1.5596084594726562,0.03231565204330933,0.013573527336120605,0.07121787198541629
A0A6J5PE78,1.9296947717666624,4.921981334686279,0.6228106583347692,0.4946843385696411,0.4964535332763607,1.9303719,4.9633093,0.63294274,0.4936473,0.48800963,IDP-ESM2-8M,42,278,0.0006771087646486595,0.04132795333862305,0.010132077814065,0.0010370314121246338,0.00844390164260217
A0A6J5PLB7,2.0593435764312744,5.114406108856201,0.6412099258643065,0.5151833295822144,0.5022955029121112,2.1423695,5.1279335,0.53467995,0.45302865,0.697661,IDP-ESM2-8M,42,278,0.08302593231201172,0.013527393341064453,0.10652997658070662,0.062154680490493774,0.19536547969668394
A0A6J5PPF9,1.649208664894104,4.055289268493652,0.6141783023535871,0.4969793558120727,0.5270954509026198,1.816426,4.649335,0.63039315,0.5054843,0.48758197,IDP-ESM2-8M,42,278,0.16721737384796143,0.5940456390380859,0.016214845114979837,0.008504927158355768,0.03951348259512466
A0A6J5PZI4,1.5852831602096558,3.871628522872925,0.5714721067072182,0.4665172696113586,0.5661752308900863,1.514396,3.9046204,0.57119364,0.45784283,0.58156747,IDP-ESM2-8M,42,278,0.07088720798492432,0.032991886138916016,0.000278471243503553,0.008674442768096868,0.01539223536891643
A0A6J5SKE0,2.8375437259674072,6.862978458404541,0.6122303069226669,0.481911301612854,0.526227942014457,2.7746034,6.9462705,0.62790805,0.49262738,0.49131176,IDP-ESM2-8M,42,278,0.06294035911560059,0.08329200744628906,0.015677744091279644,0.010716080665588379,0.03491618325781942
A0A6J5SLP1,2.0629498958587646,5.110167980194092,0.6344943512416883,0.5255350470542908,0.5125686355999645,1.914103,4.8456745,0.60889876,0.48982725,0.5410971,IDP-ESM2-8M,42,278,0.14884686470031738,0.264493465423584,0.025595592353443664,0.03570780158042908,0.028528468949443497
A0A6J7W7Z1,1.706135869026184,4.159934043884277,0.580598923738705,0.4490261077880859,0.5451158908266778,1.7278202,4.190107,0.56152946,0.4512148,0.573915,IDP-ESM2-8M,42,278,0.02168428897857666,0.03017282485961914,0.019069466169582716,0.0021886825561523993,0.028799113903546836
A0A6J7WAM5,2.0190422534942627,5.0516886711120605,0.608292004762785,0.4848085641860962,0.5269745416808834,1.9927716,4.9210033,0.58326805,0.4755027,0.5715843,IDP-ESM2-8M,42,278,0.026270627975463867,0.13068532943725586,0.025023958383695644,0.009305864572525024,0.044609742624689086
A0A6J7WD77,2.065450668334961,5.317498683929443,0.6367366560826982,0.4977577924728393,0.4958055996826885,2.1634219,5.4227977,0.5950322,0.46972284,0.551681,IDP-ESM2-8M,42,278,0.09797120094299316,0.10529899597167969,0.041704440964290046,0.028034955263137762,0.05587538243019602
A0A6J7WRV8,1.9835727214813232,4.924563407897949,0.629770255357348,0.4972354173660278,0.5091708188231399,1.9729784,4.9971795,0.62283194,0.49503648,0.49656576,IDP-ESM2-8M,42,278,0.010594367980957031,0.0726161003112793,0.006938314706408044,0.0021989345550536554,0.01260505964116354
A0A6J7WTJ4,1.6627225875854492,4.18943977355957,0.6091298171038624,0.4820884764194488,0.5175178834716834,1.79831,4.5302277,0.6124228,0.4872529,0.5203773,IDP-ESM2-8M,42,278,0.13558745384216309,0.3407878875732422,0.0032930068020824432,0.0051644146442413885,0.0028593948562585236
A0A6J7WZ48,3.885434627532959,9.614404678344728,0.6499424909373895,0.5193446278572083,0.5243535589083568,3.468657,8.687863,0.6536167,0.5142063,0.5049846,IDP-ESM2-8M,42,278,0.4167776107788086,0.9265413284301776,0.003674235461078479,0.0051383376121521,0.01936894167508041
A0A6J7WZH5,2.054415941238404,5.135563373565674,0.6643603057578221,0.5420795679092407,0.4849197219207882,1.9687672,5.0650396,0.63864446,0.5048759,0.48790327,IDP-ESM2-8M,42,278,0.0856487751007089,0.07052373886108398,0.025715848894418802,0.03720366954803467,0.0029835452243686666
A0A6J7X3M2,1.8259435892105105,4.499699115753174,0.6280365013171239,0.5116533637046814,0.5206012336643361,1.7416425,4.4704714,0.6309848,0.5122703,0.5112062,IDP-ESM2-8M,42,278,0.08430111408233665,0.029227733612060547,0.00294828185548357,0.000616908073425293,0.009395024004759667
A0A6J7X4W8,2.220386505126953,5.811255931854248,0.6546679176380377,0.5121362805366516,0.4915143969534887,2.0501559,5.362776,0.6583878,0.5165094,0.47253957,IDP-ESM2-8M,42,278,0.17023062705993652,0.44848012924194336,0.003719862551476494,0.004373133182525635,0.018974823045636524
A0A6J7XE11,2.867974281311035,7.108263969421387,0.5912745728787324,0.4590451121330261,0.5382690851789024,2.8352866,7.0295777,0.614157,0.4823364,0.51299906,IDP-ESM2-8M,42,278,0.03268766403198242,0.07868623733520508,0.022882448166952396,0.023291289806365967,0.025270027409126983
A0A6M2ZHS1,2.086543321609497,5.3327813148498535,0.6192001411376857,0.4680312275886535,0.4931761862639989,1.9846854,5.0254264,0.61889267,0.49226844,0.50354123,IDP-ESM2-8M,42,278,0.10185790061950684,0.3073549270629883,0.0003074714599513584,0.02423721551895147,0.010365044891396613
A0A6M3TA11,1.4792953729629517,3.54923939704895,0.5658585775931937,0.47309410572052,0.5455142778983091,1.5223025,3.8251052,0.5932348,0.477946,0.52216786,IDP-ESM2-8M,42,278,0.04300713539123535,0.2758657932281494,0.027376199857367833,0.00485190749168396,0.02334641643666968
A0A6S4P8D4,3.010774612426758,7.695930004119873,0.6266026752171043,0.4826346933841705,0.486841866896009,3.1447644,7.889862,0.64146036,0.49377325,0.46720076,IDP-ESM2-8M,42,278,0.13398981094360352,0.19393205642700195,0.014857683879422767,0.011138558387756403,0.019641110823010954
A0A6S4P9N8,1.994699597358704,4.9840407371521,0.6075660193484059,0.4695645272731781,0.5228486875881853,2.0371606,5.126279,0.6116134,0.4863183,0.5222069,IDP-ESM2-8M,42,278,0.04246103763580278,0.14223814010620117,0.004047373481489092,0.01675376296043396,0.0006417850842179718
A0A6S4PA87,3.191801071166992,8.126220703125,0.6450589130815632,0.4895275831222534,0.4909669837610159,3.1200705,7.8851833,0.65850633,0.5146191,0.486541,IDP-ESM2-8M,42,278,0.0717306137084961,0.24103736877441406,0.013447420746409255,0.02509152889251709,0.004425980772200577
A0A6S4PGH2,1.961340308189392,4.901705265045166,0.6495913470255821,0.5296774506568909,0.4903317431394223,1.986676,5.0759645,0.6322719,0.51239383,0.52586323,IDP-ESM2-8M,42,278,0.02533566951751709,0.17425918579101562,0.01731946115369487,0.017283618450164795,0.03553148708900178
A0A7D3USN0,4.526209831237793,11.20574951171875,0.6469354913635087,0.5100375413894653,0.5403739769259076,4.1504803,10.222569,0.6349657,0.4945122,0.49410567,IDP-ESM2-8M,42,278,0.3757295608520508,0.983180046081543,0.01196977357099771,0.015525341033935547,0.04626831005006837
A0A7D5FH32,2.834763288497925,6.554789543151856,0.4832117212955027,0.3755437731742859,0.6505368966521501,3.0248456,7.0603786,0.51622546,0.40516815,0.61317706,IDP-ESM2-8M,42,278,0.19008231163024902,0.5055890083312979,0.03301373589596457,0.029624372720718384,0.03735983557121747
A0A7I6MYG1,1.7066164016723633,3.9409029483795166,0.4579449251607356,0.3678095936775207,0.6756351617808283,1.7903497,4.161798,0.49754637,0.40229404,0.62178475,IDP-ESM2-8M,42,278,0.08373332023620605,0.22089505195617676,0.03960144963708545,0.03448444604873663,0.05385041513394717
A0A7M1CLG8,2.553478240966797,6.814207077026367,0.6561642208782253,0.4836627840995788,0.4933826249543369,2.6187754,6.6886983,0.64531165,0.52568024,0.52378994,IDP-ESM2-8M,42,278,0.06529712677001953,0.12550878524780273,0.010852567264181157,0.04201745986938482,0.030407317310220006
A0A7M1RZ47,1.7411084175109863,4.519622325897217,0.6642954888159576,0.5219975113868713,0.4576218950356466,1.8737068,4.848536,0.6416067,0.51447403,0.4864164,IDP-ESM2-8M,42,278,0.1325984001159668,0.32891368865966797,0.022688800316506885,0.007523477077484131,0.028794504443265756
A0A7S5RCY4,1.730492353439331,4.066667079925537,0.4737203245955578,0.3666132688522339,0.6473329039809342,1.7810488,4.145518,0.4935141,0.40026256,0.64125675,IDP-ESM2-8M,42,278,0.05055642127990723,0.07885074615478516,0.019793766180885686,0.033649295568466187,0.0060761543509598726
A0A7S5UT98,1.775291085243225,4.230935096740723,0.4852103003348316,0.387211799621582,0.6406845221328701,1.7273705,3.9833431,0.4775309,0.39000636,0.662493,IDP-ESM2-8M,42,278,0.0479205846786499,0.24759197235107422,0.007679403671165819,0.002794563770294245,0.02180846836090433
A0A7S9SUD3,3.237489700317383,8.369274139404297,0.6372985634715937,0.4829832315444946,0.5051477517447549,2.982458,7.4045057,0.6161491,0.49007595,0.55030805,IDP-ESM2-8M,42,278,0.2550315856933594,0.9647684097290039,0.02114943598822583,0.007092714309692438,0.04516029698037327
A0A7S9XGD0,2.4885799884796143,6.185266494750977,0.6940948614555758,0.5733588933944702,0.4889448689261914,3.3242462,8.499413,0.7420887,0.5765857,0.38904884,IDP-ESM2-8M,42,278,0.8356661796569824,2.314146041870117,0.04799381404338665,0.0032268166542053223,0.09989602435030942
A0A7U3WA13,3.126995325088501,6.981460571289063,0.4847818689280945,0.3827652633190155,0.7001754481869048,4.1614904,9.740061,0.5572365,0.43221346,0.59343296,IDP-ESM2-8M,42,278,1.0344951152801514,2.7586002349853507,0.07245462370572509,0.04944819211959839,0.1067424852924651
A0A811BMM7,3.0670812129974365,7.437626838684082,0.6417744435406219,0.5354580283164978,0.517492195317939,3.0858932,7.6425543,0.6119872,0.49253917,0.54557174,IDP-ESM2-8M,42,278,0.018811941146850586,0.2049274444580078,0.02978726998334036,0.042918860912323,0.028079549124047087
A0A858MR12,1.857747197151184,4.161876201629639,0.407716195119446,0.3348939120769501,0.7633903476760597,1.7488768,3.8833613,0.42613584,0.36179918,0.7720098,IDP-ESM2-8M,42,278,0.10887038707733154,0.2785148620605469,0.018419642912322787,0.02690526843070984,0.008619442267635335
A0A8A4VK22,1.9295012950897217,4.8634867668151855,0.6364517088233197,0.4976744353771209,0.5106125744831022,2.071589,5.476372,0.6800685,0.54112905,0.44559956,IDP-ESM2-8M,42,278,0.14208769798278809,0.6128849983215332,0.0436167840660846,0.04345461726188665,0.06501301851386387
A0A8D9CCF9,1.888699650764465,4.801146030426025,0.6653807807206695,0.5427939891815186,0.4961610644689401,1.8766198,4.8885956,0.67083395,0.54047334,0.45442593,IDP-ESM2-8M,42,278,0.012079834938049094,0.08744955062866211,0.005453164553683498,0.0023206472396850586,0.04173513349207242
A0A8E5KAT9,2.107600450515747,5.130764007568359,0.6055292433371509,0.4913963079452514,0.5473178177355316,2.0068104,5.006334,0.60631967,0.48917207,0.55022967,IDP-ESM2-8M,42,278,0.10079002380371094,0.12443017959594727,0.000790422571662619,0.0022242367267608087,0.002911850881716971
A0A8F2E6U0,1.5742292404174805,3.0075788497924805,0.3664509954888639,0.3507096171379089,0.835116406220382,1.9103116,4.4073358,0.49109438,0.41357076,0.69055724,IDP-ESM2-8M,42,278,0.3360823392868042,1.399756908416748,0.12464338512827783,0.06286114454269415,0.14455916478056263
A0A8S5LF95,1.9036476612091064,4.733757972717285,0.595378790012683,0.4625234305858612,0.5305047980958139,1.899815,4.6901965,0.5759507,0.464829,0.5566859,IDP-ESM2-8M,42,278,0.003832697868347168,0.043561458587646484,0.019428107849444487,0.0023055672645568848,0.02618112643421544
A0A8S5LN82,1.4487820863723757,3.4539220333099365,0.5446376993270221,0.4372842311859131,0.5546914238471846,1.458387,3.5256896,0.560466,0.4523233,0.55309415,IDP-ESM2-8M,42,278,0.009604930877685325,0.07176756858825684,0.015828292170017688,0.015039056539535522,0.0015972752113203592
A0A8S5M1Q5,1.6188278198242188,4.0525803565979,0.6091546656783664,0.4869271218776703,0.5143534919425639,1.8130033,4.408707,0.5815154,0.46472847,0.54980236,IDP-ESM2-8M,42,278,0.19417548179626465,0.3561267852783203,0.02763929387889741,0.022198647260665894,0.0354488709762899
A0A8S5M989,1.5273394584655762,3.847961187362671,0.6156554636812315,0.4821216166019439,0.4856386249245935,1.5558544,4.0289774,0.6238137,0.4979012,0.48080298,IDP-ESM2-8M,42,278,0.028514981269836426,0.181016206741333,0.008158225073803926,0.01577958464622503,0.004835641879015473
A0A8S5MGS1,1.9107593297958367,4.852020263671875,0.6145630058256164,0.4736190438270569,0.5202174636303424,2.0632448,5.2864814,0.61861545,0.4890982,0.5149222,IDP-ESM2-8M,42,278,0.15248548984527655,0.4344611167907715,0.004052442649267629,0.01547914743423462,0.005295261996889011
A0A8S5N1K7,1.5024025440216064,3.473304033279419,0.4922121482579998,0.4123262166976928,0.6279645349292664,1.4306816,3.4258518,0.5200296,0.42081842,0.60142,IDP-ESM2-8M,42,278,0.07172095775604248,0.04745221138000488,0.027817456176967237,0.008492201566696223,0.026544549634924364
A0A8S5N469,1.5002455711364746,3.7594714164733887,0.5916984990871189,0.4573421478271484,0.5179651683412804,1.413658,3.5048342,0.5856434,0.47385848,0.5376094,IDP-ESM2-8M,42,278,0.08658754825592041,0.2546372413635254,0.006055088404440689,0.016516327857971247,0.019644230023740383
A0A8S5NE69,2.030045509338379,5.104433059692383,0.6345707147950939,0.5033239126205444,0.4981746807078459,1.9230207,4.814858,0.6065717,0.48266685,0.5349343,IDP-ESM2-8M,42,278,0.10702478885650635,0.28957509994506836,0.02799904044817003,0.020657062530517578,0.03675960159501057
A0A8S5NNF7,1.9517014026641848,4.897556781768799,0.661953113180614,0.5410682559013367,0.4976671545051648,1.9676414,5.224354,0.6980511,0.55936986,0.43357506,IDP-ESM2-8M,42,278,0.015939950942992942,0.3267970085144043,0.03609798182823609,0.01830160617828369,0.06409209056130188
A0A8S5NWD3,1.4935128688812256,3.536752939224243,0.5489920385111707,0.4366480708122253,0.5670953425423826,1.4659564,3.5962255,0.57653743,0.4617722,0.5365444,IDP-ESM2-8M,42,278,0.027556419372558594,0.05947256088256836,0.02754539177523674,0.025124132633209284,0.030550959970208513
A0A8S5NWX7,1.5306576490402222,3.837468147277832,0.5934941873277153,0.4608719646930694,0.5161819221930002,1.5017973,3.7826734,0.6065429,0.47998667,0.5110292,IDP-ESM2-8M,42,278,0.02886033058166504,0.0547947883605957,0.013048697975782009,0.019114702939987238,0.005152738328406681
A0A8S5PA77,1.7014834880828855,4.125463485717773,0.5999476691585635,0.4899712800979614,0.5434062828538955,1.637279,4.000925,0.56858236,0.4644915,0.5894444,IDP-ESM2-8M,42,278,0.06420445442199685,0.12453842163085938,0.03136531318245872,0.025479793548583984,0.04603811602610941
A0A8S5PGG1,1.9649776220321653,4.702488899230957,0.6116664473595982,0.4993565380573272,0.5572912870775322,2.215706,5.6943383,0.6662873,0.5310746,0.48360065,IDP-ESM2-8M,42,278,0.25072848796844505,0.991849422454834,0.054620855611288044,0.03171804547309881,0.07369064082013166
A0A8S5PHX0,2.0193347930908203,5.090493202209473,0.6470142805693997,0.5207337737083435,0.5086772371944519,1.9287443,4.81977,0.61443275,0.5048961,0.5496671,IDP-ESM2-8M,42,278,0.0905904769897461,0.2707233428955078,0.03258152843698392,0.015837669372558594,0.040989882785406495
A0A8S5PIQ8,2.428028106689453,6.43988847732544,0.6408430441750754,0.4950533211231231,0.492854037047624,2.5415215,6.521649,0.6485485,0.50891066,0.49197593,IDP-ESM2-8M,42,278,0.11349344253540039,0.08176040649413974,0.00770543967349635,0.013857334852218683,0.0008781037342542319
A0A8S5Q7R0,1.581579566001892,4.018025875091553,0.6030806045623411,0.469040036201477,0.499717847849186,1.6409724,4.104001,0.5944886,0.47493857,0.51381814,IDP-ESM2-8M,42,278,0.05939280986785889,0.08597517013549805,0.008591983804284498,0.005898535251617487,0.014100296949092817
A0A8S5RD61,1.585565209388733,3.8766930103302,0.5863274428010303,0.4733953773975372,0.544515694111578,1.7127814,4.261316,0.5866884,0.46714061,0.5265043,IDP-ESM2-8M,42,278,0.12721621990203857,0.38462281227111816,0.00036095651385004146,0.006254762411117498,0.018011415928594565
A0A8S5RFF7,1.844328045845032,4.676414966583252,0.6410543889807006,0.5111598372459412,0.5078577901047752,2.1588142,5.583536,0.6528133,0.52212906,0.48453465,IDP-ESM2-8M,42,278,0.31448614597320534,0.9071211814880371,0.011758926410839976,0.010969221591949463,0.02332313906374428
A0A8S5RGG2,1.6731501817703247,4.131866455078125,0.6323295490231226,0.5039330124855042,0.5214443721128859,1.5827335,3.8810444,0.58772326,0.49272722,0.57896274,IDP-ESM2-8M,42,278,0.09041666984558105,0.2508220672607422,0.04460629386565185,0.011205792427062988,0.05751837116943226
A0A8S5S9N0,1.6305373907089231,4.085838794708252,0.6420256873931043,0.5210772156715393,0.4840389397172496,1.7754626,4.576991,0.6326491,0.51943,0.50854075,IDP-ESM2-8M,42,278,0.14492523670196555,0.491152286529541,0.009376563724433629,0.0016472339630126953,0.024501809832616128
A0A8S5SDG1,1.5145087242126465,3.6690611839294434,0.5562481612163227,0.4518767893314361,0.5624669673767385,1.5684458,3.8364918,0.56689906,0.4558223,0.54846245,IDP-ESM2-8M,42,278,0.05393707752227783,0.16743063926696777,0.010650899986680229,0.00394549965858465,0.014004516872435535
A0A8S5SII4,2.219531297683716,5.632307052612305,0.6144867910634291,0.4854015707969665,0.5177156782020228,1.9761214,4.9280815,0.59864235,0.4761553,0.54460955,IDP-ESM2-8M,42,278,0.2434098720550537,0.7042255401611328,0.01584444182026501,0.009246259927749578,0.026893868459354153
A0A8S5SVB6,1.6948617696762085,4.304651737213135,0.6221495476219098,0.4877682030200958,0.499676692343539,1.7560761,4.445689,0.6103858,0.493097,0.5249441,IDP-ESM2-8M,42,278,0.061214327812194824,0.1410374641418457,0.011763772055808697,0.00532880425453186,0.02526743426244854
A0A8S5TCW6,1.5280166864395142,3.649013757705689,0.5455349685800355,0.4373179674148559,0.5736140332977716,1.6000252,3.8650188,0.55440253,0.4526636,0.58550215,IDP-ESM2-8M,42,278,0.07200849056243896,0.21600508689880327,0.008867561613293384,0.0153456330299378,0.011888114376788939
A0A8S5TKF0,1.775078535079956,4.53286075592041,0.6239396373432884,0.4973237216472626,0.5114393864752832,1.7759428,4.6682215,0.66720533,0.5300656,0.4282365,IDP-ESM2-8M,42,278,0.0008642673492431641,0.1353607177734375,0.04326569636642841,0.03274187445640564,0.08320287214537292
A0A8S5U5H8,1.677390456199646,4.325869083404541,0.6217713258164552,0.4871919155120849,0.5148979252547362,1.8840709,4.8102756,0.6248948,0.49728316,0.48832348,IDP-ESM2-8M,42,278,0.20668041706085205,0.4844064712524414,0.003123471985516213,0.010091245174408014,0.026574445363912846
A0A8S5UDW9,1.4940508604049685,3.527181625366211,0.550342339257543,0.4452720582485199,0.5529265692730365,1.4498346,3.5439126,0.5687341,0.455096,0.5432527,IDP-ESM2-8M,42,278,0.04421627521514915,0.01673102378845215,0.018391770144159936,0.00982394814491272,0.009673862745326556
A0A8S5UG11,3.617985486984253,8.952908515930176,0.6894880108572783,0.6176755428314209,0.5439317970759465,3.853119,9.535954,0.6688544,0.588045,0.6672581,IDP-ESM2-8M,42,278,0.23513340950012207,0.5830459594726562,0.02063359544056076,0.029630541801452637,0.1233262867443965
A0A8S5UGG4,2.042558193206787,4.943607330322266,0.6636830605940401,0.5591898560523987,0.5088606533072081,1.984102,5.1508126,0.6656438,0.54662675,0.5129379,IDP-ESM2-8M,42,278,0.0584561824798584,0.20720529556274414,0.0019607506318509715,0.012563109397888184,0.004077250097027751
A0A8S5UXR4,1.5032870769500732,3.793068170547485,0.5785252420268484,0.440199613571167,0.5263188604370659,1.566262,3.782895,0.5533902,0.44190457,0.5774279,IDP-ESM2-8M,42,278,0.06297492980957031,0.010173082351684126,0.025135037120384784,0.0017049610614776611,0.051109063242285924
A0A8S5UYA7,1.5256898403167725,3.586228132247925,0.5543581135853055,0.4419084191322326,0.5496271467410678,1.5730097,3.797465,0.5540668,0.4447426,0.5606665,IDP-ESM2-8M,42,278,0.047319889068603516,0.21123695373535156,0.00029133635599642993,0.002834171056747492,0.01103935478099638
A0A8S5V197,2.0072686672210693,5.133224010467529,0.66250286340173,0.5405694246292114,0.4833898872797093,1.7112257,4.308147,0.618336,0.5166054,0.5398569,IDP-ESM2-8M,42,278,0.29604291915893555,0.8250770568847656,0.044166841501553034,0.0239640474319458,0.05646702342585713
A0A8S5V2I6,1.4941134452819824,3.57685661315918,0.5466667315007193,0.440279871225357,0.5698091945814016,1.6347654,3.9609928,0.56615055,0.45218816,0.55448645,IDP-ESM2-8M,42,278,0.14065194129943848,0.38413619995117143,0.019483814573194258,0.011908292770385798,0.01532274104822895
A0A8S5VTX0,1.8457144498825075,4.5687255859375,0.6102651109091664,0.4962217807769775,0.5431282808424484,1.614825,4.1076894,0.60899943,0.5055755,0.56098247,IDP-ESM2-8M,42,278,0.23088943958282493,0.46103620529174805,0.0012656797758960892,0.009353697299957331,0.017854184901570203
A0A976N2M2,1.712059736251831,4.259273529052734,0.6410398596752954,0.5409592390060425,0.5199686212652983,1.9675529,5.1970224,0.69388115,0.5559165,0.43531522,IDP-ESM2-8M,42,278,0.2554931640625,0.937748908996582,0.05284129438506835,0.014957249164581299,0.08465339971721786
A0A976N2T1,1.791065335273743,4.6811699867248535,0.6848321109407567,0.5489040017127991,0.4744838248706819,1.7194114,4.459831,0.64108825,0.5218933,0.52239484,IDP-ESM2-8M,42,278,0.07165396213531516,0.22133874893188477,0.04374386364156235,0.027010679244995117,0.04791101107826218
A0A977TP41,2.467809200286865,6.04824161529541,0.598200778139049,0.4886225759983063,0.5483332796554973,2.4610956,6.3643866,0.6783234,0.5272056,0.40945518,IDP-ESM2-8M,42,278,0.006713628768920454,0.3161449432373047,0.08012260996062137,0.03858301043510437,0.13887809948734542
A0A9C7EYP6,2.100867986679077,4.281896591186523,0.4189230183631128,0.4110064208507538,0.7800285035924068,2.209885,4.8691077,0.45311064,0.38816807,0.764611,IDP-ESM2-8M,42,278,0.10901689529418945,0.5872111320495605,0.03418761691749633,0.022838354110717773,0.015417497809325775
A0A9E7E114,2.722678899765014,6.408597469329834,0.5123358717588065,0.4037770926952362,0.5924214946307245,2.8595853,6.7017574,0.5159197,0.39759347,0.5861827,IDP-ESM2-8M,42,278,0.13690638542175337,0.29315996170043945,0.003583813604963071,0.006183624267578125,0.0062387811221185085
A0A9E7MTP4,1.7495980262756348,4.456277847290039,0.6134079383404529,0.4723416268825531,0.5100184949769452,1.771209,4.639907,0.6450992,0.51383924,0.4514593,IDP-ESM2-8M,42,278,0.02161097526550293,0.18362903594970703,0.03169128431961177,0.041497617959976196,0.05855920637983825
A0A9E7NGQ3,1.9885833263397217,4.957414627075195,0.6216887247454475,0.4986245632171631,0.5215942666894215,1.7832403,4.465748,0.5971379,0.48711193,0.5470231,IDP-ESM2-8M,42,278,0.20534300804138184,0.4916667938232422,0.02455079673641425,0.0115126371383667,0.025428850852845297
A0A9E7PRV1,4.7598795890808105,11.301989555358888,0.6063573046905777,0.4653842151165008,0.6290428583293414,4.180912,10.201189,0.61782634,0.4903084,0.58027667,IDP-ESM2-8M,42,278,0.5789675712585449,1.1008005142211932,0.011469037892124945,0.024924188852310236,0.048766190257594544
A0A9E7QSB8,3.5035605430603027,8.565448760986328,0.6143039716832275,0.4790463149547577,0.5402276945724974,3.4538832,8.568411,0.6402591,0.50155973,0.49746558,IDP-ESM2-8M,42,278,0.049677371978759766,0.0029621124267578125,0.025955115402496398,0.02251341938972473,0.042762113870669416
A0A9E7YC22,2.485437393188477,6.31182861328125,0.6593176467663212,0.5219552516937256,0.4932652087296397,2.517022,6.662036,0.6980776,0.5443263,0.3801844,IDP-ESM2-8M,42,278,0.03158450126647905,0.3502073287963867,0.03875997230945394,0.02237105369567871,0.11308079672707622
A0A9E8JWV9,2.181483268737793,5.190298080444336,0.6377782430078034,0.5291301608085632,0.5383202493630637,2.1500545,5.6070213,0.6672355,0.5419736,0.47578853,IDP-ESM2-8M,42,278,0.03142881393432617,0.41672325134277344,0.029457250652169753,0.012843430042266846,0.06253171567547211
A0AA49BTX9,1.6486014127731323,3.9193248748779297,0.5230035827669768,0.4206258654594421,0.5966882303985965,1.59589,3.7618823,0.5133402,0.4200931,0.6287187,IDP-ESM2-8M,42,278,0.0527113676071167,0.15744256973266602,0.009663407615151831,0.0005327761173247736,0.032030443784295315
A0AA95EHV2,7.593418598175049,17.322364807128906,0.6209282925628756,0.5059811472892761,0.6982929242799344,7.973008,18.916481,0.70853055,0.5748806,0.61571044,IDP-ESM2-8M,42,278,0.3795895576477051,1.5941162109375,0.08760225267180455,0.06889945268630981,0.08258248698211335
A0AAE6H393,2.385593175888061,6.129269599914551,0.6511698452651443,0.5236186385154724,0.485076356565892,2.668516,7.063954,0.71209484,0.55180025,0.3510369,IDP-ESM2-8M,42,278,0.282922744750977,0.9346842765808105,0.06092499812245944,0.028181612491607666,0.13403945032352138
A0AAE6M5R2,3.602097988128662,8.933138847351074,0.6501717731912492,0.5115591287612915,0.4893208102858495,3.4486022,8.56344,0.63104904,0.48700812,0.48531562,IDP-ESM2-8M,42,278,0.15349578857421875,0.36969852447509766,0.0191227362115739,0.02455100417137146,0.004005189386649066
A0AAE6R6D0,2.9128904342651367,7.0374860763549805,0.6328708471971073,0.5052042603492737,0.5359020972009299,3.079504,7.782285,0.68313885,0.5321564,0.4501257,IDP-ESM2-8M,42,278,0.16661357879638672,0.7447991371154785,0.05026800015396693,0.026952147483825684,0.0857764029260275
A0AAE7RVV2,1.5406675338745115,3.941333532333374,0.6279399133477763,0.4891584515571594,0.4635923822263385,1.7657717,4.4203115,0.6047743,0.47989255,0.51595443,IDP-ESM2-8M,42,278,0.22510421276092552,0.47897791862487793,0.0231656170640544,0.009265899658203125,0.05236205264533511
A0AAE7RZ51,1.7154128551483154,4.453485012054443,0.6687049742684874,0.5323636531829834,0.4646689908742867,1.8557732,4.847402,0.65093815,0.5254485,0.4697656,IDP-ESM2-8M,42,278,0.14036035537719727,0.3939170837402344,0.017766821001580668,0.006915152072906494,0.005096612668041178
A0AAE7V272,1.8609368801116943,4.526987075805664,0.5965701253691015,0.4668177664279938,0.5418670104712826,1.8852091,4.704977,0.59645,0.47923043,0.5391527,IDP-ESM2-8M,42,278,0.02427220344543457,0.17798995971679688,0.00012015417006583373,0.012412667274475098,0.0027143286437374403
A0AAE8XJ71,2.729504108428955,6.946212291717529,0.5786923907214643,0.4289385080337524,0.5501487988493978,2.7419512,6.6954107,0.5960785,0.4729051,0.54954165,IDP-ESM2-8M,42,278,0.012447118759155273,0.25080156326293945,0.017386124331331132,0.04396659135818487,0.0006071466467916231
A0AAE8XN63,1.6352497339248655,3.7184417247772217,0.5967976434705996,0.5042163729667664,0.5359165943070261,1.5457906,3.6842573,0.5298385,0.44469285,0.63823074,IDP-ESM2-8M,42,278,0.08945918083190896,0.03418445587158203,0.06695914106352563,0.05952352285385132,0.10231414671699124
A0AAE8Y2B1,2.7945685386657715,7.060258865356445,0.6546827391604456,0.5173252820968628,0.5019823255343789,2.899485,7.241233,0.6418201,0.5030962,0.48181742,IDP-ESM2-8M,42,278,0.10491657257080078,0.18097400665283203,0.012862666032699033,0.014229059219360352,0.020164901237046173
A0AAE8Y3C7,3.03943419456482,7.856800079345703,0.6461987343248398,0.4992953836917877,0.5057863043873622,3.1220856,7.962852,0.6860421,0.5332377,0.44474596,IDP-ESM2-8M,42,278,0.08265137672424272,0.10605192184448242,0.03984333606395418,0.03394231200218201,0.06104034653595225
A0AAE8YWI4,1.609358549118042,3.962944984436035,0.5837959243711414,0.473062515258789,0.5460392207592222,1.5969998,3.8807042,0.56845134,0.460558,0.56939304,IDP-ESM2-8M,42,278,0.012358784675598145,0.08224081993103027,0.015344579404252934,0.012504518032073919,0.023353817990472647
A0AAE9BPG4,2.13710355758667,5.662214279174805,0.6702075954124107,0.5244467854499817,0.4716404994287084,2.0912132,5.324294,0.63668966,0.5162333,0.5250046,IDP-ESM2-8M,42,278,0.04589033126831055,0.3379201889038086,0.0335179324790611,0.008213460445404053,0.05336412589172618
A0AAE9BPT7,1.9431347846984863,5.012095928192139,0.654510875596267,0.520220160484314,0.47113137556629,1.8016117,4.5670176,0.61976486,0.5035631,0.5109096,IDP-ESM2-8M,42,278,0.14152312278747559,0.44507837295532227,0.034746011151534306,0.01665705442428589,0.039778241380884094
A0EXV0,2.9715380668640137,7.044875621795654,0.5019079358601082,0.4017245173454284,0.6499989920774839,3.255276,7.6481,0.524119,0.4208213,0.6263993,IDP-ESM2-8M,42,278,0.2837378978729248,0.6032242774963379,0.022211083648253638,0.019096791744232233,0.023599713436736836
A0EYY2,2.950136184692383,7.340090274810791,0.6471497186289694,0.5288049578666687,0.5022421655692799,2.966914,7.6880884,0.71508646,0.5554297,0.38307065,IDP-ESM2-8M,42,278,0.016777753829956055,0.34799814224243164,0.06793674148455597,0.026624739170074463,0.1191715178527577
A1YJ55,3.0555315017700195,7.718843936920166,0.6594888646173831,0.5147309899330139,0.4901965604397741,2.9768882,7.6436405,0.685056,0.53129274,0.4144392,IDP-ESM2-8M,42,278,0.0786433219909668,0.07520341873168945,0.025567106528246786,0.01656174659729004,0.07575735908479364
A1YMK7,1.6082894802093506,3.860753059387207,0.5596363963749251,0.4328824281692505,0.5430557278577346,1.5368756,3.7051933,0.53886664,0.43628737,0.5756989,IDP-ESM2-8M,42,278,0.07141387462615967,0.15555977821350098,0.02076975723765706,0.003404945135116577,0.03264318428597268
A4FTA6,2.3044581413269043,5.328023910522461,0.4864728750290131,0.3870003521442413,0.6432551111727393,2.3858743,5.5672827,0.5288753,0.4236304,0.58734214,IDP-ESM2-8M,42,278,0.08141613006591797,0.2392587661743164,0.042402416318490566,0.036630034446716364,0.0559129681139624
A4L236,3.559319496154785,8.869784355163574,0.667730566368653,0.5339686870574951,0.4974286742790714,2.4641259,6.3399224,0.66797304,0.52653277,0.45939478,IDP-ESM2-8M,42,278,1.09519362449646,2.5298619270324707,0.00024247516577080575,0.007435917854309082,0.03803389149747044
A4ZRA0,1.930630207061768,4.916701316833496,0.6281911872901215,0.4965169429779053,0.4888957930762339,1.9613948,5.0249825,0.63464165,0.50486875,0.47177583,IDP-ESM2-8M,42,278,0.030764579772948775,0.10828113555908203,0.006450460048745721,0.008351802825927734,0.01711996328421117
A4ZRD1,3.2809228897094727,8.368075370788574,0.6179694577636984,0.4722516238689422,0.5254609425360545,3.319405,8.201961,0.62832314,0.48384985,0.4957252,IDP-ESM2-8M,42,278,0.0384821891784668,0.16611480712890625,0.010353679996463971,0.011598229408264216,0.029735728054700705
A7IUH2,2.826446533203125,6.832785606384277,0.4540758367257929,0.3569191992282867,0.7188495505076886,2.8078725,6.522569,0.52059567,0.41645813,0.6205978,IDP-ESM2-8M,42,278,0.018573999404907227,0.31021642684936523,0.06651983302060605,0.05953893065452581,0.09825177075686464
A7IXA4,2.4438812732696533,6.074620246887207,0.506579246938697,0.377523124217987,0.6116393496159321,2.7189457,6.385611,0.53613883,0.4300966,0.60912424,IDP-ESM2-8M,42,278,0.27506446838378906,0.3109908103942871,0.029559585630425267,0.05257347226142889,0.002515106356502206
A7J7F5,2.7005112171173096,6.496243953704834,0.4789240499939991,0.3607677519321441,0.6640058348266143,2.709365,6.339017,0.5284744,0.42196304,0.61477983,IDP-ESM2-8M,42,278,0.008853673934936523,0.1572270393371582,0.04955034051274526,0.06119528412818914,0.04922600484767148
A7K957,3.4070727825164795,8.380545616149902,0.4768607213243008,0.3512023091316223,0.7092317688148461,3.2279177,7.349482,0.49781942,0.41128963,0.7051049,IDP-ESM2-8M,42,278,0.1791551113128662,1.0310635566711426,0.020958702351236314,0.06008732318878174,0.004126881329341914
A8UP82,2.797858238220215,6.424078464508057,0.488800198643554,0.3901183307170868,0.6444620010157824,2.897848,6.74651,0.5134856,0.4039662,0.609203,IDP-ESM2-8M,42,278,0.09998965263366699,0.3224315643310547,0.024685411841522897,0.01384785771369934,0.035259020020604215
A8UP87,2.795025110244751,6.090323448181152,0.4994972437511246,0.4039537012577057,0.6175862672511984,2.8816743,6.6901946,0.5095798,0.40209964,0.6160721,IDP-ESM2-8M,42,278,0.08664917945861816,0.5998711585998535,0.010082533966465745,0.0018540620803833008,0.0015141489688802467
A8UP89,2.813053607940674,6.291081428527832,0.4970560224704803,0.4094844162464142,0.6272078508741116,2.8986228,6.7487135,0.51297164,0.4035525,0.6098001,IDP-ESM2-8M,42,278,0.08556914329528809,0.45763206481933594,0.015915617162698403,0.00593191385269165,0.017407750547573486
A8UP92,2.781044006347656,6.233040809631348,0.491870007035643,0.3930676281452179,0.6323904125439261,2.8806772,6.6854296,0.50789016,0.40125397,0.61815774,IDP-ESM2-8M,42,278,0.0996332168579106,0.4523887634277344,0.016020157816499347,0.00818634033203125,0.01423266813627233
A8UPA2,2.711287260055542,5.889254093170166,0.4682308663125179,0.3711363971233368,0.6758299671714797,2.8979409,6.753674,0.5149875,0.404646,0.60673666,IDP-ESM2-8M,42,278,0.18665361404418945,0.8644199371337891,0.046756662011609273,0.03350961208343506,0.06909330716781759
A9YTD9,1.5036243200302124,3.6224205493927,0.5617844798064161,0.448904424905777,0.5620229995219682,1.4618899,3.67246,0.57353795,0.46455967,0.5380627,IDP-ESM2-8M,42,278,0.04173445701599121,0.05003952980041504,0.011753465940959384,0.01565524935722351,0.023960307833430616
N0DQS9,1.8298977613449097,4.686764717102051,0.6082825303872794,0.4708894789218902,0.4984122144597991,2.1460054,5.348709,0.59151775,0.4652397,0.5234235,IDP-ESM2-8M,42,278,0.3161076307296753,0.6619443893432617,0.016764783938762573,0.005649775266647283,0.025011278448678675
O11373,1.9061493873596191,4.399576187133789,0.5225890140609893,0.4293209314346313,0.5828948566171649,1.9697454,4.6746583,0.5367724,0.4276511,0.5710185,IDP-ESM2-8M,42,278,0.06359601020812988,0.2750821113586426,0.014183356277450598,0.0016698241233825128,0.01187633959980039
O11385,3.166628837585449,7.414531230926514,0.498361803355856,0.3848984241485595,0.646010880444372,3.277332,7.57306,0.49959737,0.394521,0.6575358,IDP-ESM2-8M,42,278,0.1107032299041748,0.15852880477905273,0.001235567268686233,0.009622573852539118,0.011524910952722678
O11680,3.018390893936157,6.932758808135986,0.4678177567356385,0.3664001822471618,0.7128741469555945,3.1062188,7.2358837,0.5152473,0.4056453,0.6289977,IDP-ESM2-8M,42,278,0.08782792091369673,0.30312490463256836,0.047429528630419826,0.03924512863159185,0.08387646343050903
O11889,2.256523370742798,5.089328289031982,0.5013871297242866,0.3971178531646728,0.6187533655069841,2.3433363,5.5674777,0.5345876,0.42140222,0.57564265,IDP-ESM2-8M,42,278,0.08681297302246094,0.4781494140625,0.03320049196455621,0.024284362792968806,0.043110720147944814
O12700,1.8580142259597776,4.628317356109619,0.5813886946879389,0.4569539129734039,0.5471539488685735,1.9417084,4.831951,0.57949185,0.4614289,0.5397705,IDP-ESM2-8M,42,278,0.08369421958923362,0.20363378524780273,0.0018968409739495984,0.004474997520446833,0.007383464897931402
O22002,2.436743259429932,5.611794471740723,0.4983128296294384,0.3906800150871277,0.6537748737007316,2.5234852,5.9421897,0.5258675,0.4114968,0.600892,IDP-ESM2-8M,42,278,0.08674192428588823,0.3303952217102051,0.027554692133409497,0.020816773176193237,0.05288286634980999
O36059,2.713164091110229,6.3821210861206055,0.5126840467200338,0.4018637835979461,0.6014513546905521,2.8575413,6.6870794,0.51298803,0.39985767,0.61966044,IDP-ESM2-8M,42,278,0.14437723159790083,0.3049583435058594,0.00030398419045818414,0.0020061135292052668,0.018209082416534073
O36067,2.760277032852173,6.466899394989014,0.5104296069654857,0.3967406153678894,0.6176836737985967,2.796198,6.5596104,0.5136068,0.4003098,0.61952597,IDP-ESM2-8M,42,278,0.03592085838317871,0.09271097183227539,0.003177179762419602,0.003569185733795166,0.001842295229876223
O36078,2.718585729598999,6.388082504272461,0.5111120281903013,0.3860728442668915,0.607414876596131,2.7293923,6.4006658,0.51544046,0.40302002,0.613884,IDP-ESM2-8M,42,278,0.010806560516357422,0.012583255767822266,0.004328435829474064,0.016947180032730103,0.006469095571837724
O36100,2.6216931343078613,6.022160530090332,0.4974014162001677,0.3783329725265503,0.6159474876851926,2.803382,6.534172,0.5085314,0.3992003,0.6270814,IDP-ESM2-8M,42,278,0.18168878555297852,0.5120115280151367,0.011129975420468285,0.02086731791496277,0.011133906510364056
O36115,2.7481720447540283,6.398575305938721,0.5160008248536102,0.4075352549552917,0.602526395147501,2.8195307,6.6105494,0.5203013,0.4055753,0.613905,IDP-ESM2-8M,42,278,0.07135868072509766,0.2119741439819336,0.004300457552243064,0.0019599497318267267,0.011378617460073515
O36117,2.693934917449951,6.19314432144165,0.4886672567871118,0.388326346874237,0.6536789678184627,2.8945374,6.781933,0.514024,0.40148637,0.62492603,IDP-ESM2-8M,42,278,0.20060253143310547,0.5887885093688965,0.025356762454221193,0.013160020112991389,0.028752937182628946
O36118,2.6910560131073,6.374130725860596,0.5237097936306376,0.4013272821903229,0.5734136279855012,2.8271594,6.612993,0.51559985,0.40257803,0.61666185,IDP-ESM2-8M,42,278,0.13610339164733887,0.2388620376586914,0.008109946790732847,0.0012507438659667969,0.04324821865222461
O36119,2.6023077964782715,5.91157341003418,0.4763904312085255,0.3762726187705993,0.6611159293321982,2.8738744,6.714665,0.50776476,0.39687857,0.626812,IDP-ESM2-8M,42,278,0.27156662940979004,0.8030915260314941,0.031374325471009434,0.020605951547622736,0.03430394813102633
O36121,2.7151269912719727,6.385210990905762,0.5222921448145863,0.4220526814460754,0.5801578097609134,2.9117472,6.8160634,0.51898426,0.40421435,0.6155864,IDP-ESM2-8M,42,278,0.19662022590637207,0.43085241317749023,0.003307886639690061,0.017838329076766912,0.0354285902711301
O36157,2.6895596981048584,6.015769004821777,0.4962576610830931,0.3894988894462585,0.6349840390119776,2.8867486,6.7735825,0.51862824,0.40411556,0.6174022,IDP-ESM2-8M,42,278,0.1971888542175293,0.7578134536743164,0.022370578548559727,0.014616668224334772,0.017581843081496684
O38492,2.239642381668091,5.519658088684082,0.5146513180520533,0.3889500498771667,0.610266167407041,2.0763497,4.8630004,0.5177975,0.4155718,0.6214547,IDP-ESM2-8M,42,278,0.16329264640808105,0.6566576957702637,0.0031462116453648825,0.02662175893783575,0.011188548321718783
O39165,1.8381026983261108,4.621636390686035,0.6141496098573748,0.4745384156703949,0.5085658286668665,1.6122825,4.1178827,0.62896645,0.51354456,0.49558523,IDP-ESM2-8M,42,278,0.22582018375396729,0.503753662109375,0.014816840833848377,0.03900614380836487,0.012980595693767749
O39372,2.239338159561157,5.402679443359375,0.5267797679683967,0.411638855934143,0.5855223042318786,2.3835235,5.6283793,0.5343959,0.42608026,0.59746516,IDP-ESM2-8M,42,278,0.14418530464172408,0.22569990158081055,0.007616105578203691,0.014441400766372736,0.011942853276971532
O39937,2.6948516368865967,6.326699256896973,0.5137531461875436,0.4039663970470428,0.5949689169992086,2.8556547,6.6944733,0.5170995,0.40313464,0.6137086,IDP-ESM2-8M,42,278,0.16080307960510254,0.36777400970458984,0.003346353514909972,0.000831753015518133,0.01873969830383093
O39943,2.7270376682281494,6.379767417907715,0.517975106116355,0.396638959646225,0.5940201277355475,2.8810158,6.7395797,0.5167975,0.40437236,0.6143923,IDP-ESM2-8M,42,278,0.1539781093597412,0.35981225967407227,0.0011776231489782907,0.007733404636383057,0.020372152843065816
O41014,3.505305528640747,8.303003311157227,0.5653160596262462,0.4370091259479522,0.6054935167283875,3.2192662,7.5564823,0.5433519,0.43286029,0.6429656,IDP-ESM2-8M,42,278,0.2860393524169922,0.74652099609375,0.021964170969629992,0.004148840904235784,0.037472098067297344
O41972,7.274738311767578,17.486520767211914,0.5111566939268246,0.39429771900177,0.6004825137595405,4.829826,11.119343,0.49858057,0.3867785,0.6879777,IDP-ESM2-8M,42,278,2.4449124336242676,6.367177963256836,0.012576118937505765,0.00751921534538269,0.08749515786368944
O41981,2.7155160903930664,6.670228481292725,0.5182273967818501,0.3977850377559662,0.5791287666241465,3.0998394,7.2807007,0.5336546,0.4104465,0.5764971,IDP-ESM2-8M,42,278,0.3843233585357666,0.6104722023010254,0.015427173797678662,0.012661457061767578,0.0026316886822519425
O55723,2.5323522090911865,6.050950527191162,0.6334654584399364,0.5173503756523132,0.5198821956720813,2.329709,6.0449243,0.6635442,0.52074313,0.47096202,IDP-ESM2-8M,42,278,0.20264315605163574,0.006026268005371094,0.0300787195690968,0.0033927559852600098,0.04892017789749936
O55724,2.770833730697632,6.9409284591674805,0.6619718367737232,0.5284374356269836,0.5202733564725903,2.7005365,7.042419,0.7138063,0.57031214,0.482425,IDP-ESM2-8M,42,278,0.0702972412109375,0.10149049758911133,0.051834434779316374,0.041874706745147705,0.03784835222873961
O70793,2.307673692703247,5.435315608978272,0.4473353128898799,0.3532614111900329,0.7279898798247326,2.3951814,5.3568273,0.46072266,0.39708665,0.7384056,IDP-ESM2-8M,42,278,0.08750772476196289,0.07848834991455167,0.013387342168027228,0.04382523894310003,0.010415705464268843
O70797,2.3914685249328613,5.586994647979736,0.4894790624483098,0.380684494972229,0.6537417447349383,2.6043162,6.079955,0.5245588,0.42249975,0.60795987,IDP-ESM2-8M,42,278,0.21284770965576172,0.49296045303344727,0.03507972012920485,0.04181525111198425,0.045781878211195615
O73497,2.770171403884888,6.535335063934326,0.5263663623142344,0.4174602031707763,0.589428913981355,2.736309,6.417294,0.52355796,0.41074815,0.6018994,IDP-ESM2-8M,42,278,0.033862352371216264,0.1180410385131836,0.0028084013271433284,0.006712049245834295,0.012470471470915512
O90676,2.085679769515991,5.034219264984131,0.546803639589487,0.4170252084732055,0.5534667844593957,2.0965962,5.2695055,0.6067591,0.4671023,0.45689088,IDP-ESM2-8M,42,278,0.010916471481323242,0.23528623580932617,0.05995543176061069,0.05007708072662359,0.09657590339784172
O90681,2.289219856262207,5.464588642120361,0.5403743837127102,0.4210497736930847,0.5683071707841123,2.3127239,5.7217402,0.59487,0.45754078,0.48285538,IDP-ESM2-8M,42,278,0.023504018783569336,0.25715160369873047,0.05449558756261941,0.03649100661277771,0.08545179120266089
O90688,2.3432891368865967,5.672690391540527,0.5628634663734398,0.4285344183444977,0.5401734100918094,2.3093176,5.7054157,0.5936873,0.46010134,0.49450284,IDP-ESM2-8M,42,278,0.033971548080444336,0.03272533416748047,0.03082382954025653,0.03156691789627075,0.045670567665509365
O90711,2.174336194992065,5.165025234222412,0.5515317400628879,0.4349943101406097,0.5571023991534819,2.2661808,5.353255,0.53347176,0.4232303,0.59101385,IDP-ESM2-8M,42,278,0.09184455871582076,0.18822956085205078,0.01805997692888517,0.011764019727706854,0.033911449628103774
O92312,1.9107741117477417,4.315771102905273,0.515424518730366,0.4174405634403229,0.5978607854906319,2.0163028,4.803998,0.5334514,0.42175803,0.5866959,IDP-ESM2-8M,42,278,0.10552871227264404,0.48822689056396484,0.018026859615123514,0.00431746244430542,0.01116487599050986
O92587,1.7821160554885864,4.3556318283081055,0.5598112148320997,0.4527174234390259,0.5499251033989555,1.7808608,4.25261,0.54006165,0.43175918,0.5749838,IDP-ESM2-8M,42,278,0.0012552738189697266,0.10302162170410156,0.01974956217172985,0.020958244800567627,0.025058672216736633
O92588,1.9747668504714968,4.647405624389648,0.5566357803569993,0.4377297163009643,0.5518433425716358,1.9659989,4.7064314,0.5542626,0.4428937,0.5583636,IDP-ESM2-8M,42,278,0.008767962455749734,0.05902576446533203,0.002373201869603103,0.005163997411727961,0.006520273894886408
P03181,7.405065536499023,16.940650939941406,0.4903569610708267,0.3908266723155975,0.709885557886784,4.2974443,9.893156,0.5093519,0.40121478,0.642161,IDP-ESM2-8M,42,278,3.107621192932129,7.047494888305664,0.0189949480897873,0.010388106107711848,0.06772454619092216
P03290,3.112959623336792,7.123302459716797,0.5464745388803227,0.4314043819904327,0.571139708918999,2.900385,6.920911,0.55806965,0.4384085,0.5536748,IDP-ESM2-8M,42,278,0.21257472038269043,0.2023916244506836,0.011595107478167277,0.00700411200523382,0.0174648918337329
P03779,1.860031723976136,4.370760440826416,0.5747545078096227,0.4660328030586242,0.5500835490455895,1.8650625,4.644704,0.5945914,0.4763693,0.5342012,IDP-ESM2-8M,42,278,0.005030751228331853,0.2739434242248535,0.019836871356026742,0.01033648848533636,0.01588234426882562
P04487,3.740555047988892,8.910425186157227,0.5344191002228147,0.4009999930858612,0.599616577306658,3.5155246,8.200699,0.5321804,0.41957834,0.6157509,IDP-ESM2-8M,42,278,0.2250304222106938,0.7097263336181641,0.0022386717178708437,0.01857835054397583,0.016134331544965574
P06923,2.341156005859375,5.441354751586914,0.4607863196585195,0.3642172217369079,0.6924271245982593,2.2606094,5.1082463,0.4610479,0.37923044,0.7134205,IDP-ESM2-8M,42,278,0.08054661750793457,0.33310842514038086,0.000261568143604507,0.015013217926025446,0.020993385693793942
P08804,1.7925219535827637,3.929074048995972,0.4868056290037892,0.4147535562515259,0.6591709868098714,1.9373381,4.612978,0.52191454,0.42627874,0.63625175,IDP-ESM2-8M,42,278,0.14481616020202637,0.6839039325714107,0.035108912717554785,0.011525183916091919,0.022919239201686592
P08807,1.7895528078079224,4.3801984786987305,0.6037788271976917,0.4780272245407104,0.5272451273059816,2.0310597,5.1660547,0.5980487,0.4723338,0.5095438,IDP-ESM2-8M,42,278,0.2415069341659546,0.7858562469482422,0.005730140216490542,0.005693435668945257,0.017701350793835613
P09702,3.543259620666504,8.028326034545898,0.5116190861206633,0.4019027054309845,0.6349735857370606,3.7079434,8.659128,0.52941835,0.4160462,0.6119417,IDP-ESM2-8M,42,278,0.16468381881713867,0.6308021545410156,0.017799263145388933,0.014143496751785278,0.02303189052374277
P0C724,3.0814013481140137,6.190314292907715,0.2601923279362901,0.2602740824222564,1.386118489724279,3.3968601,7.460299,0.4094603,0.3511486,0.8624884,IDP-ESM2-8M,42,278,0.3154587745666504,1.2699847221374512,0.14926797823131244,0.09087452292442327,0.5236301007090813
P0DJX3,2.4360222816467285,5.444389820098877,0.4954066348688546,0.4089968204498291,0.6546197458615949,2.4564776,5.8177686,0.53273135,0.419603,0.6006259,IDP-ESM2-8M,42,278,0.020455360412597656,0.3733787536621094,0.03732471936774817,0.010606169700622559,0.05399387324959537
P0DTC0,3.8922836780548096,8.96567153930664,0.4794475698472628,0.3925299942493438,0.7110433046674691,3.8169894,8.9185705,0.5103059,0.3975078,0.64610183,IDP-ESM2-8M,42,278,0.07529425621032715,0.04710102081298828,0.030858311652981363,0.0049777925014496405,0.06494147227763758
P10428,1.6910001039505005,4.069782733917236,0.5669321377699263,0.4482051134109497,0.5510757525046576,1.7109318,4.164721,0.5691172,0.45924804,0.5598622,IDP-ESM2-8M,42,278,0.019931674003601074,0.09493827819824219,0.002185050683747969,0.011042922735214233,0.00878644394080752
P12507,1.822255253791809,4.386811256408691,0.5691954327650687,0.442838579416275,0.5336004579217108,1.9120716,4.624078,0.5653792,0.44734618,0.5457298,IDP-ESM2-8M,42,278,0.08981633186340332,0.23726654052734375,0.003816230399193432,0.004507601261138916,0.012129358038219573
P12508,2.0140883922576904,4.784723281860352,0.553813923085913,0.4482794106006622,0.5667958607359503,2.0809283,4.9587827,0.546955,0.43572685,0.58227074,IDP-ESM2-8M,42,278,0.06683993339538574,0.17405939102172852,0.006858933652624466,0.012552559375762884,0.015474880726757179
P12512,1.4288041591644287,3.289330244064331,0.5172402802917017,0.439923882484436,0.59851336048708,1.469521,3.5261812,0.56035095,0.4568095,0.5562498,IDP-ESM2-8M,42,278,0.04071688652038574,0.23685097694396973,0.04311067424092163,0.01688560843467718,0.042263563142872274
P17356,2.006600379943848,4.917424201965332,0.5442571487534329,0.4249440133571625,0.5296452408932624,1.8739808,4.4893274,0.5556198,0.4402986,0.5405381,IDP-ESM2-8M,42,278,0.13261961936950728,0.4280967712402344,0.01136262749549899,0.015354573726654053,0.0108928316927972
P19127,3.3257381916046143,7.78192138671875,0.5156136392165004,0.4254224300384521,0.6133509591283565,3.401774,7.877051,0.5116384,0.4048962,0.6289001,IDP-ESM2-8M,42,278,0.07603573799133301,0.09512948989868164,0.003975236277657612,0.02052623033523554,0.01554915159323167
P20833,1.892179012298584,4.588736057281494,0.549907729609168,0.4314662218093872,0.5706535434514768,1.8056952,4.2926683,0.52631044,0.42968804,0.62465465,IDP-ESM2-8M,42,278,0.08648383617401123,0.2960677146911621,0.023597285730994177,0.0017781853675842285,0.0540011072366946
P24649,2.708787202835083,6.462658882141113,0.6130768842161018,0.4842517971992492,0.548156884554892,2.7937844,7.0624695,0.6440684,0.504242,0.4737242,IDP-ESM2-8M,42,278,0.08499717712402344,0.5998106002807617,0.030991535717217245,0.019990205764770563,0.0744326981344513
P41726,2.316164016723633,5.478352069854736,0.5646115480610284,0.4536003470420837,0.5855935748304303,2.319423,5.8569493,0.6370132,0.49705973,0.45712188,IDP-ESM2-8M,42,278,0.003258943557739258,0.3785972595214844,0.072401648884162,0.04345938563346868,0.1284716959680493
P57017,2.151736259460449,5.168681144714356,0.5628128436523877,0.4304284155368805,0.5426337444143957,2.1699686,5.1899104,0.54708934,0.4314199,0.5817068,IDP-ESM2-8M,42,278,0.018232345581054688,0.02122926712036044,0.015723505349775402,0.0009914934635162354,0.039073077504091835
P68828,2.9808897972106934,7.4242844581604,0.5611493865995003,0.438018262386322,0.5528571790782383,3.2766497,7.8577666,0.5738518,0.4491588,0.54276323,IDP-ESM2-8M,42,278,0.295759916305542,0.43348217010498047,0.012702437207262385,0.011140525341033936,0.010093945893423828
P69592,1.7513786554336548,4.164352893829346,0.5669606096928566,0.483927309513092,0.560739771728042,1.8016804,4.4373045,0.5806652,0.48039174,0.54564434,IDP-ESM2-8M,42,278,0.05030179023742676,0.272951602935791,0.013704561453536268,0.00353556871414179,0.015095428828719504
P87543,4.003713607788086,9.220807075500488,0.5363188642019665,0.4295553565025329,0.6013543189717759,4.015361,9.320029,0.5190747,0.40678647,0.64636046,IDP-ESM2-8M,42,278,0.011647224426269531,0.09922218322753906,0.017244185780945998,0.022768884897232,0.04500613797173603
P87914,2.507851839065552,5.9015302658081055,0.5172455753783786,0.4186477661132812,0.5839084382547154,2.6656854,6.245936,0.5187473,0.40687582,0.60180765,IDP-ESM2-8M,42,278,0.15783357620239213,0.3444056510925293,0.0015017543335354988,0.01177194714546198,0.017899215649245792
P89479,3.4197442531585693,7.726037502288818,0.4747982796018226,0.374724268913269,0.7226037112359825,3.3923745,7.83613,0.51228565,0.4089514,0.6542399,IDP-ESM2-8M,42,278,0.02736973762512207,0.1100926399230957,0.03748737017463616,0.034227132797241266,0.06836381827638782
P89827,1.9753745794296265,4.099424839019775,0.4093824113504276,0.3356965780258178,0.8102403527309183,1.994741,4.5691953,0.48086512,0.39837465,0.685817,IDP-ESM2-8M,42,278,0.01936638355255127,0.4697704315185547,0.07148270953732877,0.06267806887626654,0.12442334948079625
P89833,1.9173517227172847,3.901500225067138,0.3969877328052804,0.3435060977935791,0.8165980938850544,2.003303,4.5938473,0.4818451,0.3964815,0.6811798,IDP-ESM2-8M,42,278,0.08595132827758833,0.6923470497131357,0.08485737784955055,0.05297541618347168,0.135418272393813
P89841,2.18721342086792,5.080570697784424,0.5037516006319268,0.3925413489341736,0.613832290684203,2.312444,5.394206,0.51761216,0.41136917,0.6140094,IDP-ESM2-8M,42,278,0.1252305507659912,0.31363534927368164,0.013860558620239938,0.018827825784683228,0.00017708965637319718
P89878,1.4380486011505127,3.582058906555176,0.5691211780407178,0.4544344246387481,0.5259092702197611,1.5995717,3.8481512,0.5650015,0.45443565,0.5475499,IDP-ESM2-8M,42,278,0.16152310371398926,0.26609230041503906,0.00411969030878423,1.221895217951019e-06,0.021640633173030666
Q00DY4,1.9466793537139893,4.4241719245910645,0.4674324874742126,0.3666970133781433,0.6756741670218237,2.1287162,4.976559,0.5159266,0.41521707,0.612277,IDP-ESM2-8M,42,278,0.1820368766784668,0.5523872375488281,0.048494112028350855,0.048520058393478394,0.06339719568164426
Q03873,2.77470326423645,6.491849422454834,0.6045866135826563,0.5002999901771545,0.5460834807410428,2.7326322,6.727636,0.5664863,0.4606892,0.6057543,IDP-ESM2-8M,42,278,0.04207110404968262,0.23578643798828125,0.03810031454472296,0.03961080312728882,0.05967083511207605
Q04247,1.4281784296035769,3.3614892959594727,0.5405120398970047,0.4382727146148681,0.5636198490019194,1.3863521,3.3281407,0.5406606,0.43661314,0.5719771,IDP-ESM2-8M,42,278,0.041826367378235085,0.03334856033325195,0.000148579838713081,0.0016595721244811457,0.008357229912722919
Q04259,1.6998262405395508,4.135703086853027,0.5599713948144898,0.4334517419338226,0.5471368635802512,1.7305231,4.152588,0.53913385,0.4280273,0.5657114,IDP-ESM2-8M,42,278,0.030696868896484375,0.016884803771972656,0.020837548054693622,0.005424439907073919,0.018574515470957342
Q04397,5.406739711761475,12.5277099609375,0.5042368533796044,0.3994515538215637,0.6313344256186778,4.2574873,9.797108,0.51431936,0.4038053,0.6448768,IDP-ESM2-8M,42,278,1.1492524147033691,2.730602264404297,0.010082506876590625,0.004353731870651245,0.013542352507085131
Q04405,1.934775114059448,4.649515151977539,0.5363915079627751,0.4240773320198059,0.5873521350293817,1.8030419,4.2952414,0.5429379,0.43595472,0.5846006,IDP-ESM2-8M,42,278,0.131733179092407,0.35427379608154297,0.006546366831231221,0.011877387762069702,0.0027515076070488975
Q04420,1.805222749710083,4.253274917602539,0.5266987175116835,0.4111532866954803,0.5990907025057997,1.7413172,4.190362,0.5457375,0.4341043,0.5705327,IDP-ESM2-8M,42,278,0.06390559673309326,0.0629129409790039,0.019038787447422933,0.022951006889343317,0.028558022947999362
Q05293,1.9729517698287964,4.847043991088867,0.5825411555535686,0.4527886211872101,0.5481766579983381,1.792151,4.3389683,0.5635713,0.46580857,0.58931106,IDP-ESM2-8M,42,278,0.18080079555511475,0.5080757141113281,0.01896988127302046,0.013019949197769165,0.04113440529130419
Q06E77,1.8842843770980835,4.500761032104492,0.6109240488784817,0.5100039839744568,0.5257443016492127,1.699888,4.2064285,0.593205,0.47825235,0.55910903,IDP-ESM2-8M,42,278,0.1843963861465454,0.29433250427246094,0.0177190737503079,0.03175163269042969,0.03336473050487054
Q06IZ2,1.4356237649917605,3.31658148765564,0.5201992641313066,0.4140467941761017,0.5765742179486212,1.532889,3.6739857,0.5429265,0.4349881,0.56524956,IDP-ESM2-8M,42,278,0.09726524353027322,0.35740423202514604,0.022727226175547677,0.020941317081451416,0.011324655685132412
Q08IT9,1.4374035596847534,3.447927236557007,0.5274691890956827,0.4197149276733398,0.5646107573227759,1.5068786,3.5774317,0.53556836,0.43037403,0.5831742,IDP-ESM2-8M,42,278,0.06947505474090576,0.12950444221496582,0.008099167418294306,0.010659098625183161,0.01856347134543701
Q08IU0,1.4429516792297363,3.510183811187744,0.5467939184569621,0.4366958737373352,0.5388452848036009,1.4248321,3.3818238,0.5348988,0.43264395,0.5678208,IDP-ESM2-8M,42,278,0.01811957359313965,0.12836003303527832,0.011895100917747037,0.004051923751831055,0.028975502626208627
Q08IU3,1.4579089879989624,3.511536359786988,0.5299306398503467,0.4247118234634399,0.5697537726445597,1.5082115,3.6048932,0.5405676,0.43475008,0.5788875,IDP-ESM2-8M,42,278,0.05030250549316406,0.09335684776306064,0.01063693703487667,0.010038256645202692,0.009133749576051842
Q08IW3,1.4826449155807495,3.5181632041931152,0.5418432103206499,0.4348174333572387,0.5616421984480728,1.5295448,3.6412795,0.5427698,0.43653342,0.57392377,IDP-ESM2-8M,42,278,0.04689991474151611,0.12311625480651855,0.0009265793750898865,0.001715987920761164,0.012281568164933754
Q08IW4,1.417690396308899,3.368800163269043,0.5314883235337291,0.4246523976325989,0.550930743311933,1.4100631,3.3787189,0.5418505,0.43507147,0.560223,IDP-ESM2-8M,42,278,0.007627248764038086,0.009918689727783203,0.010362183725639795,0.010419070720672607,0.009292240048357492
Q08IW8,1.4577032327651978,3.549053430557251,0.5522056796709515,0.4314004480838775,0.5364896368268538,1.4647284,3.5057645,0.54091364,0.43351012,0.5617419,IDP-ESM2-8M,42,278,0.00702512264251709,0.0432889461517334,0.01129203821816216,0.002109676599502619,0.025252251696248007
Q08IX5,1.4896442890167236,3.519534111022949,0.5377851406354512,0.4421991109848022,0.5700232212940877,1.5029659,3.5964417,0.5442034,0.4372258,0.57077605,IDP-ESM2-8M,42,278,0.013321638107299805,0.07690763473510742,0.006418259976426199,0.004973322153091375,0.0007528240283305454
Q08J01,1.469356656074524,3.5599188804626465,0.5514252308487402,0.4417662322521209,0.5417599644985271,1.4951372,3.5624306,0.5406608,0.4353051,0.5717615,IDP-ESM2-8M,42,278,0.025780558586120605,0.002511739730834961,0.010764432299088078,0.006461143493652288,0.0300015244159626
Q08J02,1.4826217889785769,3.603677272796631,0.5520662226608327,0.4285859763622284,0.5463108186783282,1.509422,3.5928612,0.5434849,0.43731928,0.5580718,IDP-ESM2-8M,42,278,0.026800155639648215,0.010816097259521484,0.008581296437077834,0.008733302354812622,0.011760973447373702
Q0GGW6,4.312648296356201,10.013757705688477,0.555136638466714,0.4587820470333099,0.5539172135578856,3.7451286,8.752555,0.538465,0.42116705,0.6143362,IDP-ESM2-8M,42,278,0.5675196647644043,1.2612028121948242,0.016671615425942532,0.03761500120162958,0.06041897904999405
Q0GYC4,2.387162208557129,5.818487644195557,0.6232068874557244,0.4881665110588074,0.5181904870199305,2.333729,5.914278,0.60468537,0.48361814,0.5231389,IDP-ESM2-8M,42,278,0.05343317985534668,0.09579038619995117,0.01852152130200735,0.004548370838165283,0.004948393709744758
Q0IL14,4.035992622375488,9.764535903930664,0.6251751191396439,0.5060973167419434,0.5531101610142107,4.1551666,10.222923,0.63960004,0.5016182,0.52530164,IDP-ESM2-8M,42,278,0.11917400360107422,0.4583873748779297,0.01442491938879853,0.004479110240936279,0.02780852574886039
Q0IL90,2.561861276626587,6.199515342712402,0.5362777379898418,0.4180321395397186,0.575575906426962,2.5943732,6.0853276,0.527177,0.4167331,0.6093348,IDP-ESM2-8M,42,278,0.03251194953918457,0.11418771743774414,0.00910076178592334,0.0012990534305571955,0.033758920042459395
Q0NQ56,2.0972745418548584,5.227694034576416,0.5487729051962853,0.4231206476688385,0.5225763984892645,1.9914365,4.7668667,0.55271554,0.43561253,0.5387139,IDP-ESM2-8M,42,278,0.10583806037902832,0.4608273506164551,0.003942634735965678,0.012491881847381592,0.016137473943444225
Q0PEK1,2.4489595890045166,5.713934898376465,0.5070775142401297,0.3987160623073578,0.6283529767702944,2.162046,5.0060287,0.5049707,0.40506873,0.62926054,IDP-ESM2-8M,42,278,0.2869136333465576,0.7079062461853027,0.0021067848890859997,0.006352663040161133,0.000907563238250475
Q0PF77,2.421322822570801,5.455344676971436,0.4908326695039217,0.3733792603015899,0.6432492242511033,2.5222595,5.8851113,0.5138762,0.4065069,0.6162319,IDP-ESM2-8M,42,278,0.1009366512298584,0.42976665496826083,0.023043530218368358,0.03312763571739202,0.027017305916142376
Q0PF82,2.5909345149993896,6.1186842918396,0.5181508494513426,0.4070299863815307,0.6236717897404401,2.6039581,6.1353745,0.52676755,0.41305664,0.59973514,IDP-ESM2-8M,42,278,0.013023614883422852,0.01669025421142578,0.0086167024476137,0.006026655435562189,0.023936648939964056
Q0PF92,2.438351392745972,5.609350681304932,0.4963465059225466,0.403005987405777,0.6332669263802688,2.4991047,5.8260727,0.5109098,0.40550172,0.6208968,IDP-ESM2-8M,42,278,0.06075334548950151,0.2167220115661621,0.01456328983856181,0.0024957358837127686,0.012370110126606715
Q0PFA4,2.4556210041046143,5.689525127410889,0.494762319956208,0.3848390877246856,0.6423043247751689,2.5052025,5.848223,0.51187074,0.40605292,0.6236373,IDP-ESM2-8M,42,278,0.04958152770996094,0.15869808197021484,0.01710842188796924,0.021213829517364557,0.018667006164023836
Q0PFA9,2.530031442642212,6.113459587097168,0.5198990083389001,0.4059605300426483,0.6052942732150766,2.4366724,5.7348437,0.5196639,0.40739805,0.60258,IDP-ESM2-8M,42,278,0.09335899353027344,0.3786158561706543,0.00023513800427488185,0.0014375150203704834,0.002714262324115868
Q0QZD2,2.131593704223633,5.3235368728637695,0.6209087635914231,0.4970093071460724,0.5070948819568291,1.9577937,4.9609175,0.61576736,0.48657167,0.505737,IDP-ESM2-8M,42,278,0.17379999160766602,0.36261940002441406,0.005141403857841564,0.010437637567520142,0.0013578752925529347
Q0QZH2,1.916715264320373,4.196271896362305,0.4252235610441495,0.3501870036125183,0.7300252734490662,1.9887061,4.617188,0.47156006,0.3812723,0.6730529,IDP-ESM2-8M,42,278,0.0719908475875859,0.4209160804748535,0.0463364999337863,0.031085282564163208,0.056972366459014934
Q0WY62,1.5660996437072754,3.749598741531372,0.5676742006695908,0.4298533499240875,0.536216024823067,1.6517129,4.0115585,0.56328607,0.45008373,0.55241925,IDP-ESM2-8M,42,278,0.08561325073242188,0.2619597911834717,0.004388134614292993,0.020230382680892944,0.01620322042000555
Q102Z0,1.499362230300903,3.523333549499512,0.5210678533972369,0.4293972253799438,0.5897040759104045,1.5807642,3.7513795,0.5419617,0.43554989,0.5804258,IDP-ESM2-8M,42,278,0.08140194416046165,0.22804594039916948,0.02089387612928284,0.006152659654617365,0.00927827701742967
Q102Z1,1.5114619731903076,3.835897922515869,0.5671856114379641,0.4390173256397247,0.5255928235632996,1.5803725,3.77941,0.54516107,0.43817565,0.58046794,IDP-ESM2-8M,42,278,0.06891047954559326,0.056488037109375,0.022024542998480445,0.0008416771888732355,0.05487511581353144
Q102Z2,1.515132188796997,3.646566390991211,0.5500515597559897,0.415818989276886,0.5532418338677698,1.5034689,3.6141384,0.5461943,0.43973857,0.5722827,IDP-ESM2-8M,42,278,0.011663317680358887,0.03242802619934082,0.0038572447993246994,0.02391958236694336,0.019040838060635945
Q102Z3,1.5226575136184692,3.675213098526001,0.5370506543408452,0.4273405969142914,0.5745022427789431,1.7035699,4.0220833,0.5358393,0.4289985,0.5893156,IDP-ESM2-8M,42,278,0.18091237545013428,0.34687018394470215,0.001211335111719225,0.0016579031944274902,0.014813350463702135
Q102Z5,1.5663609504699707,3.843828201293945,0.5554004065160287,0.4452764093875885,0.5627144911054288,1.5776081,3.792404,0.55976564,0.44842532,0.55112416,IDP-ESM2-8M,42,278,0.01124715805053711,0.05142426490783647,0.004365230404900222,0.0031489133834838867,0.011590335584035993
Q102Z6,1.5005810260772705,3.5313215255737305,0.5306510556854136,0.4185928106307983,0.5760855601870156,1.7367113,4.074154,0.53249574,0.4296089,0.5941798,IDP-ESM2-8M,42,278,0.2361302375793457,0.5428323745727539,0.0018446813903920667,0.011016100645065363,0.01809424890645972
Q102Z7,1.5033129453659058,3.6720473766326895,0.5492955266916776,0.4355100393295288,0.5484462504595642,1.5828876,3.7893488,0.5482872,0.43938333,0.56568164,IDP-ESM2-8M,42,278,0.07957470417022705,0.11730146408081144,0.0010083138430142524,0.003873288631439209,0.017235385873901388
Q102Z8,1.5370064973831177,3.700448513031006,0.5550143502217387,0.448872834444046,0.5527218533493011,1.6444777,3.9342532,0.5477109,0.43576366,0.5655802,IDP-ESM2-8M,42,278,0.10747122764587402,0.23380470275878906,0.00730345468340865,0.013109177350997925,0.012858335878756733
Q102Z9,1.483626365661621,3.479201555252075,0.5412699644387938,0.4307369291782379,0.5530405685715047,1.5287614,3.628431,0.53663105,0.43334723,0.57855463,IDP-ESM2-8M,42,278,0.0451350212097168,0.1492295265197754,0.004638916713116337,0.0026102960109710693,0.025514061708036273
Q103A0,1.5284596681594849,3.71622896194458,0.5546812330322904,0.4352303445339203,0.5500571989958704,1.5333248,3.6506658,0.53641725,0.43003806,0.5820143,IDP-ESM2-8M,42,278,0.004865169525146484,0.06556320190429688,0.01826398716742228,0.005192279815673828,0.03195712328501343
Q103A1,1.5050746202468872,3.517319440841675,0.5554340254422345,0.4461743533611297,0.5405719477578262,1.5437975,3.74704,0.56001186,0.44642097,0.5394433,IDP-ESM2-8M,42,278,0.038722872734069824,0.2297205924987793,0.004577838266261569,0.0002466142177582342,0.0011286336823562726
Q103A2,1.5446945428848269,3.809352397918701,0.5710473258800727,0.4527680277824402,0.5313889111234903,1.6141942,3.8559773,0.5443413,0.43512052,0.56987906,IDP-ESM2-8M,42,278,0.069499611854553,0.04662489891052246,0.02670600012018498,0.017647504806518555,0.038490143899703066
Q103A3,1.4667996168136597,3.64899468421936,0.5713343361204221,0.4497934579849243,0.5233024857019118,1.5053376,3.5878837,0.5460844,0.4405546,0.5701242,IDP-ESM2-8M,42,278,0.03853797912597656,0.06111097335815385,0.02524993212872284,0.009238868951797485,0.046821723225242695
Q103A4,1.4526007175445557,3.5227160453796387,0.5480178515024783,0.43048956990242,0.5515331527600067,1.3898265,3.4020698,0.5616576,0.4484998,0.5414585,IDP-ESM2-8M,42,278,0.0627741813659668,0.12064623832702637,0.013639756052911123,0.01801022887229925,0.010074665249325543
Q103A5,1.451314091682434,3.5562000274658203,0.5455021460274727,0.418934017419815,0.5543850408484168,1.4958137,3.5931854,0.54006153,0.4325348,0.57137597,IDP-ESM2-8M,42,278,0.04449963569641113,0.03698539733886719,0.00544061257639239,0.013600796461105402,0.016990925223665743
Q103A6,1.429018497467041,3.3644111156463623,0.5543584494572299,0.4454344809055328,0.5437874993695134,1.4376419,3.453219,0.547453,0.43704742,0.5583849,IDP-ESM2-8M,42,278,0.008623361587524414,0.08880782127380371,0.006905463216842933,0.008387058973312322,0.014597395955193604
Q103A7,1.4941874742507937,3.8151917457580566,0.5779104832680144,0.4622054398059845,0.523716416735171,1.372233,3.3587914,0.56210244,0.45136723,0.55519325,IDP-ESM2-8M,42,278,0.12195444107055686,0.45640039443969727,0.015808046248666274,0.010838210582733154,0.03147682867574819
Q103A8,1.4836623668670654,3.637364387512207,0.5714937745501606,0.453369677066803,0.5290969944233359,1.4958338,3.5501118,0.5404471,0.43507993,0.575963,IDP-ESM2-8M,42,278,0.012171387672424316,0.08725261688232422,0.03104665865202827,0.01828974485397339,0.04686602590137112
Q103A9,1.4455969333648682,3.515743017196656,0.5487007493055792,0.4416884481906891,0.5577590927483108,1.454736,3.4659486,0.53991175,0.4358693,0.5779585,IDP-ESM2-8M,42,278,0.009139060974121094,0.04979443550109952,0.00878900232681945,0.005819141864776611,0.02019943147883152
Q107X9,2.822714328765869,6.549379348754883,0.5188409205836613,0.3996600210666656,0.5997834279958537,2.7322586,6.1482882,0.4492712,0.3736907,0.7548672,IDP-ESM2-8M,42,278,0.09045577049255371,0.4010910987854004,0.06956971849625893,0.025969326496124212,0.15508376808721513
Q14UX9,1.783287763595581,4.286310195922852,0.5483216005348963,0.4268178939819336,0.5696793046511595,1.7860819,4.339761,0.5438075,0.43661278,0.5761558,IDP-ESM2-8M,42,278,0.0027941465377807617,0.053450584411621094,0.004514093973617017,0.009794890880584717,0.006476477094751187
Q14UY3,1.8551685810089111,4.370429039001465,0.5658679846557889,0.4456781446933746,0.555234237051442,1.787261,4.329773,0.53464305,0.43062344,0.5861007,IDP-ESM2-8M,42,278,0.06790757179260254,0.040656089782714844,0.031224930647305027,0.015054702758789007,0.030866460465952983
Q152W2,1.3592116832733154,2.729971408843994,0.3594327543581604,0.3521990180015564,0.8076276652356189,1.5881138,3.7506456,0.50931823,0.4104619,0.60952705,IDP-ESM2-8M,42,278,0.22890210151672363,1.020674228668213,0.1498854781781555,0.05826288461685181,0.1981006137867969
Q159G2,1.834389090538025,4.393428802490234,0.5295314281657505,0.400502860546112,0.5503162700200773,1.8542595,4.532819,0.56507176,0.43630198,0.51102364,IDP-ESM2-8M,42,278,0.019870400428771973,0.1393899917602539,0.035540333442373284,0.03579911589622503,0.03929262938744793
Q159G5,2.264542818069458,5.432994842529297,0.5248023603879138,0.4097082614898681,0.5648368014368876,2.2679007,5.405923,0.5444475,0.42413422,0.5511355,IDP-ESM2-8M,42,278,0.0033578872680664062,0.02707195281982422,0.01964512124431883,0.01442596316337591,0.01370132103298749
Q159M3,1.548293113708496,3.586411476135254,0.5080187844477576,0.401477575302124,0.5767502351435645,1.6238048,3.9224613,0.53719485,0.42300418,0.54842204,IDP-ESM2-8M,42,278,0.07551169395446777,0.33604979515075684,0.0291760636128503,0.021526604890823364,0.02832819658841923
Q19B12,2.211629629135132,5.427496910095215,0.5703948772460266,0.4385860562324524,0.5495392576932107,2.1214678,5.0935717,0.5379802,0.43548658,0.61261153,IDP-ESM2-8M,42,278,0.09016180038452148,0.3339252471923828,0.0324146783858581,0.0030994713306427,0.06307227451809305
Q19B37,1.7492132186889648,4.319702625274658,0.5998632061252894,0.4712064266204834,0.520111095106797,1.7211646,4.2914505,0.5882296,0.47673804,0.5397335,IDP-ESM2-8M,42,278,0.02804863452911377,0.028252124786376953,0.011633609510451781,0.005531609058380127,0.019622433984084364
Q19CE6,1.8610514402389529,4.336532115936279,0.5832183359914176,0.4892588853836059,0.5527130727823699,1.7981551,4.3673196,0.55997574,0.45324567,0.5862478,IDP-ESM2-8M,42,278,0.06289637088775657,0.03078746795654297,0.023242592697655384,0.03601321578025812,0.033534728998330765
Q19CW0,1.5930460691452026,3.826406240463257,0.5515965885556707,0.4375797510147095,0.5787984380743307,1.6712298,4.0558276,0.55617326,0.4494586,0.56592137,IDP-ESM2-8M,42,278,0.07818377017974854,0.22942137718200684,0.004576676424645432,0.0118788480758667,0.012877071859578537
Q19D16,1.5336685180664062,3.8403007984161377,0.5972858620007954,0.4669265747070312,0.5119937568610844,1.5912257,3.951559,0.58770907,0.4723149,0.53536403,IDP-ESM2-8M,42,278,0.05755722522735596,0.11125826835632324,0.009576792748781204,0.005388319492340143,0.02337027493060262
Q19NX3,2.234902858734131,5.079492568969727,0.4291541928903484,0.3584992587566376,0.7156905540885549,2.0507767,4.608231,0.43853617,0.36021227,0.7216169,IDP-ESM2-8M,42,278,0.1841261386871338,0.47126150131225586,0.009381974254426995,0.0017130076885223389,0.005926369720496649
Q19UQ1,2.2450613975524902,5.595417499542236,0.6079161859136146,0.4764726758003235,0.5300707059985871,2.381387,6.0601273,0.62540543,0.49363223,0.5155672,IDP-ESM2-8M,42,278,0.13632559776306152,0.4647097587585449,0.01748924488014758,0.01715955138206482,0.014503522504019206
Q19XC2,1.959297776222229,4.646962642669678,0.5508413068512953,0.4299237132072449,0.5842901482468013,1.899112,4.719737,0.5952465,0.47409147,0.5251585,IDP-ESM2-8M,42,278,0.060185790061950684,0.07277441024780273,0.044405186965080445,0.04416775703430176,0.059131623733556626
Q19XF8,1.7609339952468872,4.231517791748047,0.5615303129932926,0.4530632793903351,0.5651863572145935,1.8630055,4.5807323,0.5772087,0.46208006,0.54054,IDP-ESM2-8M,42,278,0.10207152366638184,0.3492145538330078,0.01567838480257533,0.00901678204536438,0.024646377279901155
Q19XJ8,1.449294090270996,3.4961540699005127,0.5553077438425218,0.4536588788032532,0.5493758555860766,1.4814137,3.487967,0.51295155,0.4159942,0.6082567,IDP-ESM2-8M,42,278,0.03211963176727295,0.008187055587768555,0.04235619097463239,0.03766468167304993,0.05888084206864752
Q19XN7,1.620885729789734,3.888865470886232,0.5629454370239381,0.4520831704139709,0.551669278802583,1.6814904,4.0358143,0.5412179,0.44102523,0.5905597,IDP-ESM2-8M,42,278,0.06060469150543191,0.1469488143920885,0.02172751385957039,0.011057943105697576,0.03889044219045901
Q19XV8,2.24051570892334,5.364731311798096,0.5634451496638241,0.4421781301498413,0.5752650112572254,2.1587515,5.1631665,0.54663634,0.43160522,0.60246825,IDP-ESM2-8M,42,278,0.08176422119140625,0.20156478881835938,0.01680880666150475,0.01057291030883789,0.027203240924781436
Q19XW1,2.417217493057251,6.3097825050354,0.6430258798034243,0.5007662773132324,0.497582860792249,2.7736022,7.1931844,0.67748386,0.53440285,0.4543637,IDP-ESM2-8M,42,278,0.3563847541809082,0.8834018707275391,0.03445797687458474,0.03363656997680664,0.043219157064526836
Q19YI2,1.433469295501709,3.4788055419921875,0.5556946922136737,0.4404576122760772,0.5433192382367114,1.5943364,3.9349906,0.5715563,0.45127785,0.52879906,IDP-ESM2-8M,42,278,0.1608670949935913,0.45618510246276855,0.015861637513499116,0.01082023978233343,0.014520181229875417
Q19YS5,2.509005546569824,6.224976062774658,0.6123559802241153,0.4827567338943481,0.52291608488541,2.5114634,6.269426,0.6234062,0.4998213,0.54423386,IDP-ESM2-8M,42,278,0.002457857131958008,0.044449806213378906,0.01105019157459075,0.01706457138061529,0.021317773699947695
Q19YU1,1.830377459526062,4.259548187255859,0.5014464185275656,0.3902711570262909,0.6103768529140493,1.8067131,4.332568,0.5394214,0.42700475,0.5774837,IDP-ESM2-8M,42,278,0.023664355278015137,0.07301998138427734,0.037974961038627075,0.03673359751701355,0.032893139287187734
Q19Z22,3.610361099243164,8.792882919311523,0.5913250944368096,0.4360303580760956,0.5426928585253091,3.4718437,8.498316,0.61950487,0.4785443,0.501791,IDP-ESM2-8M,42,278,0.1385173797607422,0.2945671081542969,0.028179774547412828,0.04251393675804138,0.04090185815909819
Q19ZG3,2.0498640537261963,5.066999435424805,0.5476594887554228,0.4172506332397461,0.5694497664205019,2.089941,4.9042788,0.5195916,0.4195466,0.62163866,IDP-ESM2-8M,42,278,0.04007697105407715,0.1627206802368164,0.028067859250265337,0.002295970916748047,0.052188889242034686
Q1A0D0,2.0117902755737305,4.840494632720947,0.585427564987628,0.4871120750904083,0.5527767376129556,1.9093752,4.6674566,0.5816492,0.46222475,0.5256737,IDP-ESM2-8M,42,278,0.10241508483886719,0.17303800582885742,0.0037783807606383,0.0248873233795166,0.02710305015491732
Q1A4M9,2.4065253734588623,5.741313457489014,0.6097460730243157,0.5021095871925354,0.5319882794812009,2.284999,5.8444996,0.6518531,0.50858265,0.43732703,IDP-ESM2-8M,42,278,0.12152647972106934,0.10318613052368164,0.04210701153989327,0.006473064422607422,0.09466125216033905
Q1A4P9,2.4463934898376465,4.989071369171143,0.3480121295258905,0.3102081418037414,0.933514891192447,3.217464,7.3782125,0.48522693,0.38530707,0.69775075,IDP-ESM2-8M,42,278,0.7710704803466797,2.389141082763672,0.13721479966188416,0.07509893178939825,0.2357641439886201
Q1EGY8,3.1265597343444824,7.155166149139404,0.5703690899977161,0.4566038846969604,0.5610895422427136,3.1562238,7.6760254,0.6007707,0.46542266,0.50243086,IDP-ESM2-8M,42,278,0.029664039611816406,0.5208592414855957,0.03040162190108764,0.008818775415420588,0.05865868601483881
Q1EGZ1,3.4056167602539062,7.968268394470215,0.5947712354603126,0.4696680307388305,0.5426061868120443,3.3472784,8.149238,0.60469073,0.468212,0.50861204,IDP-ESM2-8M,42,278,0.05833840370178223,0.18096923828125,0.009919495111434196,0.0014560222625731867,0.03399415010702722
Q1EGZ2,3.5031933784484863,8.548798561096191,0.5897512037839148,0.4738803207874298,0.5362516565215248,3.2796123,7.9211707,0.584332,0.45267865,0.53443736,IDP-ESM2-8M,42,278,0.22358107566833496,0.6276278495788574,0.00541921449558469,0.021201670169830322,0.0018142981421608306
Q1EH05,4.231586456298828,9.734313011169434,0.5946766513353124,0.4627497494220733,0.5750471470459002,3.8200567,9.160124,0.59095824,0.4598827,0.5474689,IDP-ESM2-8M,42,278,0.4115297794342041,0.5741891860961914,0.003718413687302191,0.002867043018341009,0.027578246365358217
Q1EH28,3.274857521057129,7.711866855621338,0.5745293263346657,0.4540619254112243,0.563308600373996,3.15707,7.6713247,0.59706324,0.46278158,0.5102207,IDP-ESM2-8M,42,278,0.11778759956359863,0.0405421257019043,0.022533917054463948,0.008719652891159113,0.053087893911135886
Q1EH30,3.386964797973633,8.140742301940918,0.5953981747351553,0.4812785387039184,0.5375101305855615,3.2167563,7.8474836,0.5995344,0.4645437,0.516933,IDP-ESM2-8M,42,278,0.17020845413208008,0.2932586669921875,0.004136217621717231,0.016734838485717718,0.02057710665596557
Q1EH36,3.319199800491333,7.794743537902832,0.5762966484251398,0.4507927596569061,0.5670266519335291,3.287693,8.019576,0.6098478,0.47125918,0.49986935,IDP-ESM2-8M,42,278,0.03150677680969238,0.22483253479003906,0.033551135617218564,0.020466417074203547,0.06715730531487674
Q1EH45,4.061820030212402,9.814848899841309,0.6149045882994666,0.4826643466949463,0.5341519651475415,3.831948,9.285066,0.61005795,0.47229943,0.5170786,IDP-ESM2-8M,42,278,0.2298719882965088,0.5297832489013672,0.004846638279630167,0.010364919900894165,0.017073386675404034
Q1EH47,4.756464004516602,11.516890525817873,0.6355219191652368,0.515194833278656,0.5188231590234329,3.9843264,9.637271,0.61118734,0.47031677,0.512182,IDP-ESM2-8M,42,278,0.7721376419067383,1.8796195983886737,0.024334580336196288,0.04487806558609009,0.0066411617242385645
Q1EH77,3.759675025939941,9.018773078918455,0.6117442188512954,0.4963003396987915,0.5251683857273518,3.512164,8.493388,0.59618366,0.46065667,0.52902746,IDP-ESM2-8M,42,278,0.24751091003417924,0.5253849029540998,0.015560561205116175,0.03564366698265076,0.003859076278263429
Q1KWA0,2.266329526901245,5.175235748291016,0.5078245299276055,0.4277339279651642,0.6260248226778236,2.3003316,5.3599057,0.519269,0.41688243,0.61423475,IDP-ESM2-8M,42,278,0.034002065658569336,0.18466997146606445,0.011444459635382764,0.010851502418518066,0.011790077175351632
Q1MWN9,3.644352912902832,8.612133979797363,0.5362177910705039,0.4108991324901581,0.6081242274873826,3.3743002,7.897395,0.53588945,0.43026528,0.61237514,IDP-ESM2-8M,42,278,0.2700526714324951,0.7147388458251953,0.0003283443351218551,0.019366145133972168,0.004250912702741916
Q1WIU5,2.449371576309204,5.7530035972595215,0.5017834025543009,0.3933050632476806,0.6490502325507498,2.4254038,5.6933565,0.52884746,0.42233637,0.61781293,IDP-ESM2-8M,42,278,0.023967742919921875,0.0596470832824707,0.027064053424092682,0.029031306505203303,0.03123730101312161
Q1WIU7,2.4873201847076416,5.833576679229736,0.5132401290284015,0.3952361643314361,0.6306394819186886,2.41897,5.646667,0.5164768,0.41406283,0.6356705,IDP-ESM2-8M,42,278,0.06835007667541504,0.18690967559814453,0.003236680950083559,0.018826663494110163,0.005031001193646634
Q1XDV1,1.4097092151641846,3.3468384742736816,0.546371558958506,0.4365255236625671,0.5475437894537415,1.4984411,3.6666458,0.5612623,0.4454475,0.5361121,IDP-ESM2-8M,42,278,0.08873188495635986,0.3198072910308838,0.014890750592733037,0.008921980857849177,0.011431659765478552
Q1ZYP5,2.0133485794067383,4.651703357696533,0.5658208267972317,0.4708400666713714,0.5516029800507317,1.908143,4.6234727,0.5549543,0.44124693,0.5666128,IDP-ESM2-8M,42,278,0.10520553588867188,0.028230667114257812,0.01086653640721702,0.029593139886856024,0.015009800043415011
Q20BU0,1.675989031791687,3.9460599422454834,0.5598636645892914,0.4508988857269287,0.5324649741288506,1.6125783,3.9017138,0.5488984,0.4340397,0.54909515,IDP-ESM2-8M,42,278,0.06341075897216797,0.04434609413146973,0.010965265713101191,0.01685917377471924,0.016630179679743118
Q20BW6,1.883022665977478,4.535182476043701,0.5211943021171908,0.4094647169113159,0.5793236183353192,1.8352921,4.409535,0.54494053,0.42984954,0.56256795,IDP-ESM2-8M,42,278,0.04773056507110596,0.12564754486083984,0.023746229136623942,0.02038481831550598,0.016755669040275256
Q20HY6,3.4272234439849854,7.730515003204346,0.5020360947796206,0.4064349234104156,0.6507092968521133,3.1987114,7.440863,0.5221797,0.4150493,0.62798303,IDP-ESM2-8M,42,278,0.22851204872131348,0.28965187072753906,0.020143628006329073,0.008614391088485773,0.022726263195039342
Q27Q61,1.912902474403381,4.381959915161133,0.5348802986785199,0.4179033637046814,0.5709192694826893,1.9549255,4.6489,0.5364124,0.4298789,0.59465605,IDP-ESM2-8M,42,278,0.042023062705994096,0.2669401168823242,0.0015321192101214187,0.011975526809692383,0.023736780722541373
Q27Q66,1.764868140220642,3.611447811126709,0.4198887711041412,0.3462188243865967,0.747621333219466,1.8186026,4.240787,0.5058297,0.41077018,0.6340638,IDP-ESM2-8M,42,278,0.053734421730041504,0.6293392181396484,0.08594092078276067,0.06455135345458984,0.11355755291169622
Q27Q71,1.97069787979126,4.649993419647217,0.5521214556808535,0.4504066407680511,0.5635602093669775,1.963686,4.699639,0.5465294,0.4354981,0.58001274,IDP-ESM2-8M,42,278,0.007011890411377175,0.049645423889160156,0.005592043411261183,0.01490855216979975,0.016452529337703914
Q27Q76,1.874428153038025,3.979820489883423,0.4858307429677991,0.4048692286014557,0.6564294305747066,1.8679227,4.423076,0.5311771,0.42677614,0.6008267,IDP-ESM2-8M,42,278,0.006505489349365234,0.4432556629180908,0.0453463605516406,0.021906912326812744,0.05560274991445879
Q27Q84,1.5186445713043213,3.692368984222412,0.5541937162763632,0.4385304749011993,0.5468118846773209,1.7224185,4.2007785,0.55477667,0.43796626,0.54821956,IDP-ESM2-8M,42,278,0.20377397537231445,0.5084095001220703,0.0005829522722208269,0.0005642175674437921,0.0014076768995223699
Q287B2,2.223140001296997,5.374475002288818,0.5422026786609587,0.4108061194419861,0.5525155317714838,2.3128023,5.40944,0.515687,0.41131756,0.61858726,IDP-ESM2-8M,42,278,0.08966231346130371,0.03496503829956055,0.02651568983039232,0.0005114376544952393,0.06607172370642145
Q287K0,3.1761834621429443,7.840703010559082,0.6344230598392175,0.5084116458892822,0.5235674108808667,3.2619123,8.470374,0.7087893,0.5476173,0.37182963,IDP-ESM2-8M,42,278,0.08572888374328613,0.6296710968017578,0.0743662291584326,0.03920567035675049,0.1517377819364697
Q2EQ07,1.717362880706787,3.853877067565918,0.4488257026194064,0.3693666756153106,0.683817064134816,1.861006,4.2415466,0.47908887,0.392608,0.65619636,IDP-ESM2-8M,42,278,0.14364314079284668,0.38766956329345703,0.03026317005172091,0.023241311311721857,0.027620708315113873
Q2EQJ4,2.4139554500579834,5.693259239196777,0.5619540371544205,0.4456268548965454,0.5618041659494524,2.1781929,5.12778,0.5367698,0.43086264,0.602633,IDP-ESM2-8M,42,278,0.2357625961303711,0.5654792785644531,0.025184229815705894,0.014764219522476196,0.040828833470713644
Q2EX97,2.745781183242798,6.273816108703613,0.5279580493668932,0.4337955117225647,0.5906548335813632,2.6080647,6.120796,0.52862066,0.41623968,0.5846989,IDP-ESM2-8M,42,278,0.13771653175354004,0.15301990509033203,0.000662610938130026,0.017555832862854004,0.005955918099795787
Q2EXS5,3.1981451511383057,7.049169540405273,0.4611918702729324,0.3709659576416015,0.69779502662848,3.416774,7.9099855,0.506249,0.39634517,0.6213115,IDP-ESM2-8M,42,278,0.2186288833618164,0.8608160018920898,0.045057140289964326,0.025379210710525568,0.07648354086111553
Q2I7C2,2.764577388763428,6.37867546081543,0.5152492872560176,0.4183781445026397,0.6065251741578828,2.8561716,6.7219105,0.5260021,0.4090117,0.6024513,IDP-ESM2-8M,42,278,0.09159421920776323,0.3432350158691406,0.010752821794733136,0.009366452693939153,0.004073849694992138
Q2I7C9,2.6440422534942627,6.080379486083984,0.50180394933097,0.3861426115036011,0.6111371802297026,2.8383534,6.639832,0.51324517,0.4010989,0.62173873,IDP-ESM2-8M,42,278,0.19431114196777344,0.5594525337219238,0.011441216017083033,0.014956295490264893,0.010601551631411854
Q2I7D5,2.683099269866944,6.223268985748291,0.5061927334200619,0.3909780979156494,0.6097498517990454,2.8103487,6.608535,0.52173567,0.40553883,0.6055106,IDP-ESM2-8M,42,278,0.1272494792938228,0.3852658271789551,0.015542934762311167,0.014560729265213013,0.0042392593384130706
Q2I7D8,2.600615262985229,5.844457626342773,0.4816680580133202,0.381023496389389,0.647507769101929,2.9010975,6.781812,0.5136058,0.4009716,0.6198397,IDP-ESM2-8M,42,278,0.3004822731018071,0.937354564666748,0.031937715435623903,0.01994809508323675,0.02766804122335842
Q2I7D9,2.775620698928833,6.4981231689453125,0.5189394613978103,0.3913372755050659,0.6023762062855723,3.022982,7.0667424,0.52209294,0.40848735,0.6174645,IDP-ESM2-8M,42,278,0.2473611831665039,0.5686192512512207,0.0031534770253464073,0.017150074243545532,0.015088276498698927
Q2KRX9,3.130576133728028,7.289139270782471,0.5303296056952055,0.4161136150360107,0.6136507510225239,2.9436204,6.9548573,0.5344937,0.4264282,0.6100201,IDP-ESM2-8M,42,278,0.18695569038391158,0.33428192138671875,0.004164079073471272,0.010314583778381403,0.0036306499521198132
Q2LGY8,3.835165739059448,9.01799774169922,0.5283513623867917,0.4130070507526397,0.6162571858703546,3.942267,9.223073,0.53830993,0.41722128,0.6015246,IDP-ESM2-8M,42,278,0.10710120201110884,0.205075263977049,0.009958569368274217,0.004214227199554499,0.014732594424431755
Q2NNY0,2.592403650283813,6.4844465255737305,0.6401721510342688,0.4960617125034332,0.5161061495493314,2.8339999,7.410191,0.70718086,0.5481118,0.37972784,IDP-ESM2-8M,42,278,0.24159622192382857,0.9257445335388184,0.0670087066241174,0.05205008387565613,0.13637830912574744
Q2PDL2,2.628889799118042,6.155152797698975,0.5039179705159644,0.3981423079967499,0.6212381716118541,2.6916258,6.2595186,0.50588846,0.39908955,0.6238802,IDP-ESM2-8M,42,278,0.06273603439331055,0.10436582565307617,0.00197049155068596,0.0009472370147705078,0.0026420359267506077
Q2PZ57,2.596193313598633,6.102513313293457,0.5089660924932187,0.3856664896011352,0.6392885612885183,2.5976923,6.083207,0.525462,0.41852716,0.62428254,IDP-ESM2-8M,42,278,0.0014989376068115234,0.019306182861328125,0.016495879266577473,0.03286066651344305,0.015006022397679675
Q2PZ59,2.5694642066955566,6.052786350250244,0.516267495360765,0.4099701941013336,0.6152178713297423,2.4844296,5.8251762,0.5240622,0.4196252,0.625993,IDP-ESM2-8M,42,278,0.08503460884094238,0.22761011123657227,0.007794720921125875,0.009654998779296875,0.010775142052215747
Q2PZ62,2.5187876224517822,5.984058856964111,0.4864406210282443,0.3699057698249817,0.6709191903387994,2.513646,5.859433,0.5154148,0.41346574,0.6389202,IDP-ESM2-8M,42,278,0.005141735076904297,0.12462568283081055,0.028974153389632884,0.0435599684715271,0.031999002388665154
Q2PZ64,2.651885271072388,6.294162750244141,0.5277253271036667,0.4096809327602386,0.606448103478825,2.4940023,5.8615294,0.5285613,0.42079276,0.6166662,IDP-ESM2-8M,42,278,0.15788292884826705,0.4326333999633789,0.0008359669751601961,0.01111182570457464,0.010218094297969382
Q2PZ75,2.7186079025268555,6.453140735626221,0.5383169839386708,0.4228973388671875,0.5980465646388229,2.6140642,6.117216,0.5249076,0.4183073,0.62401617,IDP-ESM2-8M,42,278,0.10454368591308594,0.3359246253967285,0.013409394979930545,0.004590034484863281,0.025969601094514516
Q2TVL9,2.525146007537842,6.251913070678711,0.6050784191852622,0.4716086983680725,0.5142987695742257,2.6022995,6.2583003,0.5635634,0.45243904,0.57483274,IDP-ESM2-8M,42,278,0.07715344429016113,0.006387233734130859,0.04151501271782443,0.019169658422470093,0.06053396787160559
Q2VAE1,2.053507089614868,4.711138725280762,0.5164691498681752,0.4257328808307647,0.6041951135033781,2.07779,4.8737717,0.51930016,0.41440505,0.614483,IDP-ESM2-8M,42,278,0.02428293228149414,0.16263294219970703,0.0028310129240306514,0.011327832937240545,0.010287885344583358
Q2VF21,1.527622103691101,3.5281822681427,0.514598140719383,0.4174089133739471,0.6024317191850689,1.6423681,4.011789,0.5625174,0.4486571,0.55116355,IDP-ESM2-8M,42,278,0.11474597454071045,0.48360657691955566,0.04791926383689138,0.031248182058334406,0.051268164993479526
Q2WC16,1.6515027284622192,3.941368341445923,0.5637330545431826,0.4607311189174652,0.5603996425264003,1.6836071,4.7862406,0.66445035,0.49080816,0.35878223,IDP-ESM2-8M,42,278,0.03210437297821045,0.844872236251831,0.1007172928803709,0.030077040195465088,0.20161741071869155
Q2WC23,1.8073928356170648,4.163274765014648,0.5539824073264417,0.4452293515205383,0.5674647900476132,1.8271677,4.4805703,0.56881607,0.4562338,0.55769444,IDP-ESM2-8M,42,278,0.019774913787842463,0.31729555130004883,0.014833658461827381,0.011004447937011774,0.009770354927984282
Q2XT86,1.8819077014923096,4.578079700469971,0.5463177515648738,0.4374591410160064,0.5668293945706803,1.8636719,4.4574714,0.53952897,0.42992783,0.5747193,IDP-ESM2-8M,42,278,0.01823580265045166,0.12060832977294922,0.0067887856148616255,0.007531315088272039,0.007889915236143463
Q2Z0R7,2.217493057250977,5.346865177154541,0.5201526485533058,0.3948495090007782,0.6031569534811587,2.2982771,5.447536,0.5307568,0.41962972,0.5912733,IDP-ESM2-8M,42,278,0.08078408241271928,0.10067081451416016,0.010604123011177857,0.024780213832855225,0.011883645680865751
Q30BN4,4.855597496032715,11.31143283843994,0.5139539598237441,0.4017453491687774,0.6507280820927859,4.574486,10.811278,0.5532493,0.42436644,0.58958447,IDP-ESM2-8M,42,278,0.2811117172241211,0.500154495239256,0.039295339702470455,0.02262109518051153,0.061143612297558825
Q33CR5,2.7037134170532227,6.255992412567139,0.5130396661553126,0.3993525803089142,0.5987750045771213,2.90185,6.785107,0.5162557,0.40267843,0.61712915,IDP-ESM2-8M,42,278,0.198136568069458,0.5291147232055664,0.0032160105910558068,0.003325849771499634,0.018354142475643598
Q33CS0,2.704979181289673,6.271732330322266,0.5163915213029376,0.4065280854701996,0.5919850451778201,2.8608513,6.7141867,0.5183888,0.4029679,0.6124353,IDP-ESM2-8M,42,278,0.15587210655212402,0.44245433807373047,0.0019972864706524485,0.003560185432434082,0.020450236098882746
Q33CS7,2.688413619995117,6.412435531616211,0.514771824136116,0.3934896886348724,0.5921292640732188,2.9089594,6.769636,0.51126456,0.40202573,0.62729853,IDP-ESM2-8M,42,278,0.22054576873779297,0.35720062255859375,0.003507261529304473,0.008536040782928522,0.035169269843254636
Q33CU7,2.420177698135376,5.615860462188721,0.5208888997381987,0.40615314245224,0.5810151916083769,2.438629,5.7859225,0.52274513,0.4056754,0.5910783,IDP-ESM2-8M,42,278,0.018451213836669922,0.17006206512451172,0.0018562327080903218,0.00047773122787475586,0.010063089794211
Q33CV3,2.418550491333008,5.468828201293945,0.5102250611488028,0.4128703773021698,0.602488080399299,2.464894,5.837942,0.5243806,0.40687224,0.59361905,IDP-ESM2-8M,42,278,0.04634356498718262,0.3691139221191406,0.014155563145478167,0.005998134613037109,0.008869031803870553
Q33CV7,2.385971784591675,5.431142807006836,0.4994140806532609,0.3962891399860382,0.6175455409888689,2.5110512,5.9479923,0.52226955,0.40573797,0.59432703,IDP-ESM2-8M,42,278,0.12507939338684082,0.5168495178222656,0.02285546633236535,0.009448826313018799,0.02321850842279838
Q33CW2,2.4257402420043945,5.743682861328125,0.5198774714589601,0.4201698005199432,0.5836721657946169,2.5368872,5.983678,0.5238909,0.40807357,0.5967758,IDP-ESM2-8M,42,278,0.11114692687988281,0.23999500274658203,0.004013441073846269,0.012096226215362493,0.013103663997405812
Q33CX7,2.598165988922119,6.181950569152832,0.4966434687911719,0.3818082511425018,0.6126066658669053,2.8033304,6.565074,0.5168752,0.40269932,0.6040564,IDP-ESM2-8M,42,278,0.20516443252563477,0.38312339782714844,0.020231738632991936,0.020891070365905817,0.008550247924858145
Q33CX8,2.4378366470336914,5.856637477874756,0.5266713166462005,0.4197340309619903,0.5727043081399061,2.4513772,5.82482,0.52863246,0.41092157,0.58457476,IDP-ESM2-8M,42,278,0.013540506362915039,0.03181743621826172,0.0019611453784882382,0.008812457323074285,0.011870450866594107
Q33CZ4,2.422956943511963,5.71843147277832,0.5138198060255075,0.4012989699840545,0.5963017702586716,2.4764743,5.838476,0.5169923,0.40324053,0.599779,IDP-ESM2-8M,42,278,0.05351734161376953,0.12004470825195312,0.0031724649209952105,0.0019415616989136297,0.003477239560359169
Q33D00,2.4899251461029053,5.8455071449279785,0.5274233210392586,0.4072182476520538,0.5845136584511388,2.5218613,5.9673047,0.5203243,0.40443602,0.60027725,IDP-ESM2-8M,42,278,0.0319361686706543,0.12179756164550781,0.007099031240522025,0.002782225608825628,0.015763586593569467
Q33D03,2.711453914642334,6.485227108001709,0.5144323584913615,0.4130784571170807,0.5981573540232791,2.8445592,6.650141,0.5135226,0.40079185,0.6248858,IDP-ESM2-8M,42,278,0.13310527801513672,0.16491365432739258,0.0009097335218790636,0.012286603450775146,0.026728443477331276
Q33D07,2.4079978466033936,5.508765697479248,0.5066466540297271,0.3845072984695434,0.6077651224269346,2.4866962,5.8754487,0.5217033,0.40571445,0.5942454,IDP-ESM2-8M,42,278,0.07869839668273926,0.3666830062866211,0.015056648830532926,0.021207153797149714,0.013519748224206318
Q33D14,2.6202428340911865,5.955343246459961,0.4775321755483611,0.3713854849338531,0.6628492559922162,2.8079088,6.5839806,0.52031255,0.4051897,0.60893637,IDP-ESM2-8M,42,278,0.1876659393310547,0.6286373138427734,0.04278037213535474,0.03380420804023748,0.053912886573118324
Q33D20,2.492779016494751,5.8897223472595215,0.5367745597579133,0.4251755475997925,0.5659800678907532,2.613442,6.1638923,0.527738,0.41176468,0.59932256,IDP-ESM2-8M,42,278,0.12066292762756348,0.274169921875,0.009036584637368894,0.013410866260528564,0.03334248955858765
Q38506,1.630953311920166,3.9659361839294434,0.5582707642272565,0.4379411339759826,0.544711702735911,1.6133765,3.9023418,0.56199974,0.44519565,0.5357342,IDP-ESM2-8M,42,278,0.01757681369781494,0.06359434127807617,0.0037289739891436247,0.007254511117935236,0.008977526100168776
Q38583,2.3471462726593018,5.843185901641846,0.5888112513220319,0.4477116465568542,0.5506130109522454,2.3859944,5.8208294,0.5701949,0.44843128,0.5701281,IDP-ESM2-8M,42,278,0.038848161697387695,0.022356510162353516,0.018616351286173782,0.0007196366786957342,0.01951507227681959
Q38HE4,2.3265700340271,5.612617015838623,0.5480713852445145,0.4252542853355407,0.6083695549566897,2.5046039,6.019605,0.5571983,0.45001772,0.60304356,IDP-ESM2-8M,42,278,0.17803382873535112,0.40698814392089844,0.009126900812004068,0.024763435125351008,0.005325998743310745
Q38I94,2.6956026554107666,6.345583915710449,0.5368494733934898,0.4186443090438843,0.5789105650778726,2.9813373,7.027274,0.5434958,0.4247675,0.59668326,IDP-ESM2-8M,42,278,0.2857346534729004,0.6816902160644531,0.006646300875614242,0.006123185157775879,0.017772698700813883
Q38I97,2.708461284637451,6.404447078704834,0.5403266154083702,0.4222078025341034,0.5740723189332845,2.7955258,6.620989,0.5475899,0.42715093,0.58310235,IDP-ESM2-8M,42,278,0.08706450462341309,0.21654176712036133,0.0072632827010657985,0.004943132400512695,0.009030026533329294
Q38IM8,2.5940723419189453,6.17650318145752,0.5316202646439883,0.406524121761322,0.6293313404682193,2.5282135,6.013727,0.5475497,0.4401636,0.6102291,IDP-ESM2-8M,42,278,0.06585884094238281,0.16277599334716886,0.01592945993486916,0.033639490604400635,0.019102265513232686
Q38IP7,2.619170427322388,6.260839939117432,0.5358614876665986,0.4013506174087524,0.6273951409657668,2.494814,5.9512277,0.560916,0.45005003,0.5875509,IDP-ESM2-8M,42,278,0.12435650825500533,0.3096122741699219,0.025054518898495415,0.0486994087696076,0.03984426244098649
Q3C1Z8,1.563226342201233,3.67202091217041,0.5703775112282898,0.4601594805717468,0.5611951428031431,1.6807177,4.187763,0.5650696,0.45935267,0.57583565,IDP-ESM2-8M,42,278,0.11749136447906494,0.515742301940918,0.00530789538737797,0.0008068084716796875,0.014640502395678934
Q3C203,2.9055097103118896,6.819433689117432,0.5188346548243045,0.4001842737197876,0.6010732608133834,3.0523977,7.1581473,0.5368323,0.41741794,0.58385295,IDP-ESM2-8M,42,278,0.14688801765441895,0.3387136459350586,0.017997618182134745,0.017233669757843018,0.01722031405511315
Q3HNZ7,2.248901605606079,5.074997425079346,0.5086537306783011,0.4192546904087066,0.6247478736572001,2.2259612,5.2244563,0.5234689,0.4170958,0.6053855,IDP-ESM2-8M,42,278,0.022940397262573242,0.1494588851928711,0.014815180969495523,0.002158880233764593,0.019362391345951302
Q3HP08,2.2682666778564453,5.220270156860352,0.5182766052568126,0.418069064617157,0.6101443831399472,2.2644458,5.300275,0.5231172,0.41747996,0.6088033,IDP-ESM2-8M,42,278,0.0038208961486816406,0.08000469207763672,0.004840579382164423,0.0005891025066375732,0.0013411108926327797
Q3HP10,2.299499273300171,5.449819564819336,0.5268680410841126,0.4262064099311828,0.5968654049281042,2.226225,5.205744,0.51993775,0.4167315,0.6133495,IDP-ESM2-8M,42,278,0.07327437400817871,0.24407577514648438,0.006930287406744395,0.009474903345107977,0.016484092390163574
Q3HP12,2.176093816757202,4.901831150054932,0.4851301476145896,0.3840740323066711,0.6546090122969103,2.2685385,5.305297,0.5213028,0.41482562,0.60349566,IDP-ESM2-8M,42,278,0.09244465827941895,0.40346574783325195,0.03617267163742455,0.03075158596038824,0.05111335485291002
Q3HWX5,2.643917798995972,6.100706100463867,0.5158465697835045,0.4136318862438202,0.6049005805759529,2.687462,6.261291,0.51350784,0.40425268,0.6149666,IDP-ESM2-8M,42,278,0.04354429244995073,0.1605849266052246,0.002338726765926391,0.009379208087921143,0.010065990755071308
Q3HWX7,2.5393106937408447,5.775488376617432,0.5199500287385036,0.4090483486652374,0.5904949720396666,2.4131851,5.644268,0.5161074,0.40418085,0.59143955,IDP-ESM2-8M,42,278,0.12612557411193848,0.13122034072875977,0.003842648348336364,0.004867494106292725,0.000944573114904923
Q3HWY0,2.6273772716522217,6.317027568817139,0.5158899999645356,0.4031064212322235,0.6018299339491533,2.6341536,6.158144,0.5163388,0.40568653,0.61404634,IDP-ESM2-8M,42,278,0.006776332855224609,0.15888357162475586,0.0004488252612945276,0.002580106258392334,0.012216401271183619
Q3HWY5,2.8455817699432373,6.717368125915527,0.5355945797365547,0.4139824211597442,0.6077048524930281,2.8644996,6.778175,0.544622,0.43154693,0.58425534,IDP-ESM2-8M,42,278,0.01891779899597168,0.0608067512512207,0.009027424295580344,0.01756450533866888,0.023449514777879155
Q3HWY6,2.617349624633789,6.173736572265625,0.5075838678351747,0.3912077844142914,0.6182344410771499,2.6652288,6.193962,0.5098281,0.4026743,0.6223173,IDP-ESM2-8M,42,278,0.04787921905517578,0.02022552490234375,0.0022442228325498803,0.011466503143310547,0.004082873070799353
Q3KSP3,2.9411656856536865,6.976696014404297,0.5511259873379967,0.4351935088634491,0.5629063135019858,3.2443557,7.8102293,0.5765656,0.45137858,0.5217491,IDP-ESM2-8M,42,278,0.3031899929046631,0.8335332870483398,0.02543963594538956,0.016185075044631958,0.041157234274538324
Q3LUB4,2.6548757553100586,6.166135311126709,0.5032743760118064,0.3973786830902099,0.6369676936371307,2.646413,6.206472,0.52135044,0.41048026,0.607825,IDP-ESM2-8M,42,278,0.008462667465209961,0.04033660888671875,0.01807606735138334,0.013101577758789118,0.029142712424514716
Q3LUB6,2.7325127124786377,6.540383815765381,0.5296693086851129,0.4166505336761474,0.5952513993443052,2.9739742,6.9901724,0.5367141,0.42424363,0.5955704,IDP-ESM2-8M,42,278,0.24146151542663574,0.44978857040405273,0.007044768310736749,0.007593095302581843,0.00031898611178005076
Q3LWP3,3.195291042327881,7.615746021270752,0.493830629275991,0.3819872140884399,0.652833821547686,3.2170494,7.504277,0.5184138,0.40476537,0.62887996,IDP-ESM2-8M,42,278,0.021758317947387695,0.11146879196166992,0.024583152843760003,0.022778153419494684,0.023953857196031936
Q3S669,2.8899834156036377,6.563554763793945,0.5079496255613495,0.3965096175670624,0.6318211705991671,2.8864658,6.7449117,0.5188412,0.40844208,0.62548465,IDP-ESM2-8M,42,278,0.003517627716064453,0.18135690689086914,0.01089158146608582,0.011932462453842163,0.006336525232498391
Q3T244,1.815535068511963,4.261393070220947,0.5181590824090266,0.4272328615188598,0.6014268755217772,1.9181335,4.50971,0.52546465,0.42280945,0.6024645,IDP-ESM2-8M,42,278,0.10259842872619629,0.24831676483154297,0.007305571559784396,0.004423409700393621,0.0010376215676087819
Q3T364,1.8648574352264404,4.392354965209961,0.5111150351149358,0.3951925635337829,0.5975936691612355,1.8303926,4.2403336,0.5129786,0.42097694,0.61929405,IDP-ESM2-8M,42,278,0.03446483612060547,0.1520214080810547,0.0018635782616815977,0.025784373283386286,0.021700378194416392
Q3T393,1.859004259109497,4.336671829223633,0.496938765080857,0.3916642665863037,0.6226752141979042,1.9255675,4.4537606,0.50538194,0.41386354,0.6325389,IDP-ESM2-8M,42,278,0.06656324863433838,0.11708879470825195,0.008443176714492129,0.022199273109436035,0.009863700482576787
Q3T5T1,2.148629665374756,5.143334865570068,0.5635102558269667,0.4504676759243011,0.5626234491645971,2.0107214,4.7580037,0.5426572,0.43570417,0.581876,IDP-ESM2-8M,42,278,0.1379082202911377,0.3853311538696289,0.020853059305207644,0.014763504266738836,0.01925253073576305
Q3T5T2,2.172293186187744,5.095139026641846,0.5340007622387112,0.4205849468708038,0.5947889522652323,2.1169574,4.974839,0.53472596,0.43000358,0.5988743,IDP-ESM2-8M,42,278,0.05533576011657715,0.1202998161315918,0.0007252018306552754,0.009418636560440119,0.0040853186507527894
Q3T5T4,2.041001319885254,4.70478630065918,0.5417401373372668,0.4209246933460235,0.5720405606524355,1.9907979,4.7343197,0.5505203,0.44092366,0.57600135,IDP-ESM2-8M,42,278,0.05020344257354736,0.02953338623046875,0.00878016352790656,0.019998967647552546,0.003960785458862137
Q3T5T7,2.010944604873657,4.808868885040283,0.5228592856659725,0.412912368774414,0.5980449297314939,2.095584,4.933449,0.53354335,0.4289281,0.5961225,IDP-ESM2-8M,42,278,0.08463931083679244,0.12457990646362305,0.010684062646405423,0.01601573824882513,0.0019224264508542754
Q3T5U3,1.97994351387024,4.551219940185547,0.5340137187203224,0.4285311996936798,0.5854629610905601,1.9739027,4.6599293,0.5358601,0.43029976,0.5925889,IDP-ESM2-8M,42,278,0.006040811538696955,0.10870933532714844,0.001846402529830149,0.001768559217453003,0.007125940429215327
Q3T5U9,1.9685370922088623,4.637420654296875,0.53872949667314,0.431957334280014,0.5865817485880107,1.9461854,4.58208,0.53980017,0.43560582,0.5935767,IDP-ESM2-8M,42,278,0.022351741790771484,0.05534076690673828,0.0010706704106002718,0.0036484897136688788,0.00699498070962723
Q3T5V2,1.9077391624450684,4.49583911895752,0.5371470373940206,0.4314896464347839,0.5844557351748534,1.7975887,4.254578,0.5433587,0.44002393,0.5888934,IDP-ESM2-8M,42,278,0.11015045642852783,0.24126100540161222,0.006211646192100018,0.008534282445907648,0.004437678368847786
Q3T5V7,1.912316918373108,4.503401279449463,0.5473246040666202,0.4294395446777344,0.5688651773501178,1.8359905,4.332636,0.5377851,0.4351284,0.5915486,IDP-ESM2-8M,42,278,0.07632637023925781,0.17076539993286133,0.009539491208801598,0.005688846111297607,0.02268344430439273
Q3V5E4,1.8895797729492188,4.569919586181641,0.5837527900403929,0.4507188498973846,0.5383236631887641,1.9493613,4.868264,0.6076315,0.47513732,0.4861833,IDP-ESM2-8M,42,278,0.059781551361083984,0.29834461212158203,0.023878714495282116,0.024418473243713434,0.05214037747556832
Q3YB07,1.4751626253128052,3.287927865982056,0.4475912555535381,0.3708903789520263,0.6854339829491586,1.5542355,3.678515,0.5208332,0.42075226,0.6064767,IDP-ESM2-8M,42,278,0.07907283306121826,0.3905870914459224,0.07324193870229073,0.04986187815666204,0.07895725880136195
Q3YJX6,2.4833993911743164,5.834100246429443,0.5576018342152899,0.4376837015151977,0.5593912801799831,2.2573812,5.244895,0.50421,0.4076409,0.67269665,IDP-ESM2-8M,42,278,0.22601819038391113,0.589205265045166,0.05339183894551447,0.03004279732704157,0.11330536984824569
Q3YJY1,1.9627695083618164,4.622847080230713,0.5447880871685687,0.4281485378742218,0.5744920047720896,1.8910801,4.5326376,0.534932,0.4261639,0.59107774,IDP-ESM2-8M,42,278,0.07168936729431152,0.0902094841003418,0.009856069842213766,0.001984626054763794,0.016585740188695297
Q3YPN7,2.203567743301392,5.330409049987793,0.5682683143672569,0.4461241066455841,0.5559228502995563,2.0522194,4.887271,0.5354439,0.42442453,0.5977318,IDP-ESM2-8M,42,278,0.15134835243225142,0.44313812255859375,0.03282441235157085,0.021699577569961548,0.04180897839001885
Q45KG1,2.602738380432129,6.161858081817627,0.5263629865553863,0.4071241617202759,0.5667924305318844,2.887222,6.7483997,0.5200096,0.40614402,0.60929257,IDP-ESM2-8M,42,278,0.2844836711883545,0.5865416526794434,0.00635340928106376,0.0009801387786865234,0.042500136244391196
Q461X8,3.634354829788208,9.03159523010254,0.6425698146423082,0.5056512355804443,0.4978751057614262,3.6460326,9.084059,0.6421466,0.49333552,0.45988762,IDP-ESM2-8M,42,278,0.011677742004394531,0.05246353149413885,0.00042322727048205167,0.012315720319747925,0.037987481974499915
Q4A2Y9,3.760650634765625,8.837422370910645,0.5938989080078207,0.4813450574874878,0.5577116335490885,3.6940641,8.8911,0.5829007,0.45318136,0.566284,IDP-ESM2-8M,42,278,0.06658649444580078,0.05367755889892578,0.010998205054482124,0.02816370129585266,0.008572367324477193
Q4GZW3,1.595651149749756,3.643500566482544,0.4691101882049164,0.3792722225189209,0.6629408612790394,1.8064387,4.3044457,0.5321474,0.42798313,0.5811379,IDP-ESM2-8M,42,278,0.2107875347137449,0.6609451770782471,0.06303721932682188,0.048710912466049194,0.08180296569493295
Q4KPD1,2.2593207359313965,5.421452522277832,0.5299242694045037,0.4094525277614593,0.5757999726066912,2.2520006,5.3134394,0.53240514,0.4299325,0.60459244,IDP-ESM2-8M,42,278,0.0073201656341552734,0.10801315307617188,0.002480868611243414,0.020479977130889948,0.02879246990582096
Q4KPE0,1.9895477294921875,4.682952880859375,0.5055873679316507,0.3965713381767273,0.6062853168315114,1.8774316,4.5051446,0.530752,0.4196667,0.57365286,IDP-ESM2-8M,42,278,0.11211609840393066,0.17780828475952148,0.0251646352612509,0.023095369338989258,0.03263245332900899
Q4KPI4,2.507903814315796,5.707271575927734,0.4924125727097905,0.4007655084133148,0.6303779590785179,2.5662646,6.001023,0.51103,0.40485325,0.6149654,IDP-ESM2-8M,42,278,0.05836081504821777,0.29375123977661133,0.018617445619829864,0.0040877461433410645,0.01541257984038924
Q4KPI5,1.869944453239441,4.337810039520264,0.5187552324572864,0.4097700417041778,0.5852694662524828,2.08567,4.961038,0.52095747,0.416691,0.5959866,IDP-ESM2-8M,42,278,0.21572554111480713,0.6232280731201172,0.002202237482899161,0.00692096352577215,0.010717138438068985
Q4KS53,1.5859932899475098,3.0566039085388184,0.3812470605329089,0.3471607863903045,0.7929919152830035,1.7877876,4.1929307,0.5078083,0.407648,0.6080598,IDP-ESM2-8M,42,278,0.20179426670074463,1.136326789855957,0.1265612671419568,0.06048721075057989,0.1849320917699725
Q4KSY7,3.3586015701293945,8.493280410766602,0.6425312437872207,0.4985264539718628,0.4993624628960422,3.5521338,8.981787,0.6655525,0.5116001,0.43049246,IDP-ESM2-8M,42,278,0.19353222846984863,0.4885063171386719,0.023021253122874508,0.013073623180389404,0.06887000216835054
Q4PKB7,2.584132671356201,6.298776626586914,0.5496842741708646,0.4241842031478882,0.5847585349666514,2.7250404,6.399305,0.5335032,0.42384705,0.606928,IDP-ESM2-8M,42,278,0.14090776443481445,0.10052824020385742,0.016181099389065312,0.00033715367317199707,0.02216945594673969
Q4PRW0,1.5628750324249268,3.843123197555542,0.5732106386936171,0.4451998770236969,0.5255923628419837,1.60977,3.8515193,0.55111045,0.4424063,0.5694593,IDP-ESM2-8M,42,278,0.04689502716064453,0.008396148681640625,0.02210019224052262,0.0027935802936553955,0.04386695627270132
Q4QTS8,1.5685161352157593,3.935639619827272,0.6062949469229465,0.4810144901275635,0.5116257783296226,1.9636602,5.159761,0.6396344,0.49716824,0.41798332,IDP-ESM2-8M,42,278,0.39514410495758057,1.2241213321685778,0.03333942388088651,0.01615375280380249,0.09364245499397506
Q4QVU0,1.896323561668396,4.544623374938965,0.5472313525179398,0.4224304556846618,0.5635169508756477,1.9582556,4.608864,0.52636385,0.42384103,0.59505534,IDP-ESM2-8M,42,278,0.06193208694458008,0.0642404556274414,0.020867502878047173,0.0014105737209320623,0.03153839084493337
Q4QW70,1.8106675148010247,4.292553424835205,0.5404541070373685,0.4320404827594757,0.568648997783468,1.8223462,4.298888,0.5209696,0.4181078,0.6043612,IDP-ESM2-8M,42,278,0.011678695678711604,0.006334781646728516,0.019484477749648788,0.013932675123214722,0.03571217870731569
Q4QW80,1.7786544561386108,4.118035316467285,0.5173338867650604,0.4152013063430786,0.5979368580348203,1.7825007,4.2299395,0.5285144,0.42245343,0.58945376,IDP-ESM2-8M,42,278,0.003846287727355957,0.11190414428710938,0.011180498458328247,0.007252126932144165,0.00848310122558571
Q4U2B4,1.823952078819275,4.383563041687012,0.5589914388844873,0.4515811502933502,0.5570653538118822,1.7469825,4.1491847,0.53599447,0.43452072,0.60105705,IDP-ESM2-8M,42,278,0.07696962356567383,0.23437833786010742,0.022996968765011006,0.017060428857803345,0.04399169880042253
Q4W600,3.415895938873291,8.054618835449219,0.4964312910950855,0.3973641991615295,0.6335371195665518,3.5159478,8.159196,0.5180813,0.40549985,0.606988,IDP-ESM2-8M,42,278,0.1000518798828125,0.10457706451416016,0.021650016316108356,0.008135646581649836,0.026549106775871856
Q4Z9E7,2.280869245529175,5.654490947723389,0.6054216417537361,0.4783701300621032,0.5416182751354641,2.094334,5.0433965,0.55118537,0.449993,0.6147098,IDP-ESM2-8M,42,278,0.18653535842895508,0.6110944747924805,0.05423627226215899,0.028377115726470892,0.07309151938586766
Q4ZA14,2.0317742824554443,4.935419082641602,0.5897912898534738,0.4815948605537414,0.5447392377191751,1.9930077,4.8836207,0.5775554,0.46560797,0.56674254,IDP-ESM2-8M,42,278,0.03876662254333496,0.051798343658447266,0.012235871838947476,0.01598688960075373,0.02200330168664766
Q507B8,1.7400143146514893,3.981253862380981,0.4950251558570641,0.3966194987297058,0.6324116642863784,1.8144093,4.16929,0.49590677,0.4061426,0.64038473,IDP-ESM2-8M,42,278,0.07439494132995605,0.18803620338439986,0.0008816143722755188,0.009523093700408936,0.007973069390531995
Q507D5,1.7683093547821045,4.105979442596436,0.5115883063058048,0.4126014411449432,0.6117446762236274,1.93596,4.5759935,0.52886504,0.42501613,0.597414,IDP-ESM2-8M,42,278,0.16765069961547852,0.4700140953063956,0.017276733042797532,0.012414693832397516,0.014330659499994569
Q50G65,3.327842950820923,7.714828968048096,0.5129613064333923,0.4030658602714538,0.6833855297447534,3.192181,7.5568614,0.544678,0.4302432,0.60588044,IDP-ESM2-8M,42,278,0.13566184043884277,0.15796756744384766,0.031716666360186774,0.027177333831787165,0.0775050904632898
Q50GB0,3.161862134933472,7.460155487060547,0.4945171751585109,0.3922459483146667,0.705509654385573,2.7955425,6.456328,0.5030776,0.41074142,0.6838506,IDP-ESM2-8M,42,278,0.36631965637207076,1.0038275718688965,0.008560451069821617,0.018495470285415705,0.021659067971235846
Q50GB8,3.150815010070801,7.140175819396973,0.4913899562274835,0.3842806220054626,0.7122298471686979,2.9873214,6.9072905,0.5049712,0.40875277,0.6749166,IDP-ESM2-8M,42,278,0.16349363327026367,0.23288536071777344,0.013581249960718411,0.024472147226333674,0.03731322214580968
Q50GC3,3.202521324157715,7.641516208648682,0.5186015747188131,0.4101198315620422,0.6524283896116834,2.956524,6.880396,0.5163452,0.41414976,0.6504331,IDP-ESM2-8M,42,278,0.24599742889404297,0.7611203193664551,0.0022563717959920293,0.004029929637908991,0.0019952664999585146
Q50GD5,3.1988298892974854,7.508337497711182,0.4968561992831573,0.3940261900424957,0.7071098353117093,2.9507103,6.849179,0.51020473,0.41306713,0.6698714,IDP-ESM2-8M,42,278,0.24811959266662598,0.6591587066650391,0.013348533134903029,0.019040942192077637,0.0372384454458341
Q52PR2,1.5280972719192505,3.609102725982666,0.5665084658089079,0.4633879959583282,0.5330091936151058,1.5131246,3.6894102,0.5587974,0.44431058,0.54527617,IDP-ESM2-8M,42,278,0.014972686767578125,0.0803074836730957,0.007711046737710392,0.01907742023468012,0.01226697139343913
Q52PS8,1.7003320455551147,3.983438730239868,0.5598090828131275,0.4479936361312866,0.5483254828802336,1.7193561,4.2318363,0.5774001,0.45863187,0.5195237,IDP-ESM2-8M,42,278,0.019024014472961426,0.2483975887298584,0.01759100549711423,0.010638236999511719,0.028801802670120114
Q52RQ4,1.8969577550888064,4.500855445861816,0.5491470031205935,0.4381932914257049,0.5680583165562296,1.9076025,4.6239624,0.56352186,0.44164592,0.5369173,IDP-ESM2-8M,42,278,0.01064479351043679,0.1231069564819336,0.014374858909435795,0.003452628850936945,0.031140987721695934
Q52RR1,1.8545292615890503,4.295123100280762,0.5351867625083062,0.4222237467765808,0.5717521461903665,1.8790681,4.5207973,0.5559533,0.4390856,0.54857445,IDP-ESM2-8M,42,278,0.024538874626159668,0.22567415237426758,0.020766561332788758,0.01686185598373413,0.02317769855853058
Q52RR8,1.8671998977661133,4.517020225524902,0.550003466844716,0.4382120370864868,0.5501234523474045,1.789585,4.2742147,0.546675,0.4355123,0.565076,IDP-ESM2-8M,42,278,0.07761490345001221,0.24280548095703125,0.0033284404279374513,0.002699732780456543,0.01495254119049838
Q52RS0,1.8604415655136108,4.181222438812256,0.5203523648707822,0.4205418527126312,0.5995455094778895,1.8313277,4.3784924,0.54861635,0.43668085,0.55855495,IDP-ESM2-8M,42,278,0.02911388874053955,0.19726991653442383,0.028263984826330857,0.01613900065422058,0.04099056210163832
Q52RS2,1.8972605466842647,4.450162887573242,0.5529025054702009,0.4300046861171722,0.5548780786413712,1.8823664,4.5258417,0.5545076,0.43752605,0.54908586,IDP-ESM2-8M,42,278,0.014894127845763716,0.07567882537841797,0.0016051077118669488,0.00752136111259466,0.005792223157362386
Q52RT5,1.78923237323761,4.201460361480713,0.5232738444230111,0.4063994586467743,0.592291009105218,1.7939656,4.3361063,0.5675324,0.4498054,0.5385072,IDP-ESM2-8M,42,278,0.0047332048416135475,0.13464593887329102,0.04425857573537517,0.04340595006942749,0.053783785975945575
Q52RT9,1.9118961095809937,4.542126655578613,0.5600511958109858,0.4422539472579956,0.5538206504503305,1.8932896,4.552394,0.56027377,0.44342405,0.54829675,IDP-ESM2-8M,42,278,0.01860654354095459,0.010267257690429688,0.00022257070665332446,0.0011700987815856934,0.0055239008585030724
Q52RW0,1.7998613119125366,4.250568866729736,0.5504077401074856,0.4242693185806274,0.5573468309845113,1.7093931,4.039196,0.5398187,0.43746874,0.58515286,IDP-ESM2-8M,42,278,0.09046816825866699,0.21137285232543945,0.01058903597922023,0.013199418783187922,0.027806033471665437
Q52S07,1.8047469854354856,4.174027919769287,0.5373791829564885,0.4229709208011627,0.5813220913573365,1.8496959,4.458808,0.5656718,0.44878474,0.54205287,IDP-ESM2-8M,42,278,0.04494893550872825,0.28478002548217773,0.028292618610589182,0.025813817977905273,0.03926922632895513
Q53AF0,1.6694347858428955,3.99628210067749,0.5397586438118408,0.4270500242710113,0.5535793329739975,1.5927869,3.8631558,0.5459445,0.43520752,0.5669925,IDP-ESM2-8M,42,278,0.07664787769317627,0.1331262588500972,0.006185868078570578,0.008157491683960016,0.013413188312013213
Q53AG3,1.726228952407837,4.109877586364746,0.5459377878636946,0.4337984323501587,0.5626447294284672,1.8240889,4.4102736,0.5513961,0.4365706,0.5659388,IDP-ESM2-8M,42,278,0.09785997867584229,0.3003959655761719,0.005458284047163531,0.0027721822261810303,0.003294041342559395
Q53CQ0,3.496245145797729,8.516133308410645,0.5632829871970484,0.442209929227829,0.5289934834876225,3.6246543,8.553099,0.54225177,0.42897588,0.58779913,IDP-ESM2-8M,42,278,0.1284091472625737,0.036965370178222656,0.021031221469051564,0.013234049081802368,0.058805648382647235
Q53Z31,2.3604989051818848,5.473196029663086,0.5431243891664661,0.4325068295001983,0.5798631840230777,2.3927982,5.6555195,0.5194116,0.41781506,0.6256123,IDP-ESM2-8M,42,278,0.03229928016662598,0.18232345581054688,0.023712765688530313,0.014691770076751653,0.045749134492699906
Q56BB1,1.895300269126892,4.514037132263184,0.5621863527596956,0.4592821002006531,0.5659255322251276,1.8452442,4.423966,0.54719925,0.44228917,0.6023185,IDP-ESM2-8M,42,278,0.0500560998916626,0.09007120132446289,0.014987103492117515,0.016992926597595215,0.03639299308920341
Q56EV1,1.564664363861084,3.856833457946777,0.5556798370995272,0.4427803754806518,0.5719370756958407,1.5204803,3.7196019,0.5767509,0.46560976,0.5428181,IDP-ESM2-8M,42,278,0.044184088706970215,0.13723158836364702,0.02107103741982097,0.022829383611679133,0.029118946633188147
Q56II6,3.42074990272522,8.032140731811523,0.4930701917392366,0.3760040402412414,0.6937368321192967,3.6751652,8.509466,0.50531197,0.40379104,0.7000248,IDP-ESM2-8M,42,278,0.2544152736663814,0.477325439453125,0.012241774203146205,0.027786999940872248,0.006287951492000898
Q58I31,1.8965297937393188,4.537147045135498,0.5241555417385763,0.3911789059638977,0.554984219668111,2.1475167,5.0762486,0.5242755,0.4105468,0.58125615,IDP-ESM2-8M,42,278,0.2509869337081909,0.5391016006469727,0.00011993996232095849,0.019367903470993042,0.026271931531229864
Q58LM3,1.9457489252090447,4.758718967437744,0.5770425995669695,0.4357748031616211,0.5503563810412077,1.8347619,4.5432982,0.5806147,0.46630186,0.5542224,IDP-ESM2-8M,42,278,0.11098706722259455,0.21542072296142578,0.0035720864452986056,0.030527055263519287,0.003866023915609973
Q58MF1,2.645761013031006,6.101505279541016,0.4805568402805257,0.3691062033176422,0.6675314552949273,2.4962804,5.823255,0.51563,0.41127548,0.62022865,IDP-ESM2-8M,42,278,0.14948058128356934,0.27825021743774414,0.035073166509635434,0.042169272899627686,0.04730280710919732
Q58N36,2.857333183288574,6.823766708374023,0.5561324842289203,0.4298985302448272,0.5697829057655737,2.7153516,6.4396214,0.5417901,0.42527363,0.6023783,IDP-ESM2-8M,42,278,0.1419816017150879,0.38414525985717773,0.014342356474708828,0.004624903202056829,0.032595403007467105
Q58NB9,1.6775634288787842,4.155712604522705,0.5670313787133593,0.4315884709358215,0.5376778969410061,1.543269,3.6736486,0.536384,0.4362179,0.59398293,IDP-ESM2-8M,42,278,0.13429439067840576,0.48206400871276855,0.030647392240275795,0.00462943315505987,0.05630503801077613
Q58P45,3.008479118347168,7.009375095367432,0.5169588877231908,0.3903201222419739,0.6424385487310649,2.9517808,6.9250755,0.531516,0.41754922,0.6090696,IDP-ESM2-8M,42,278,0.05669832229614258,0.08429956436157227,0.014557127806441805,0.027229100465774536,0.033368962930893975
Q58P48,2.526963233947754,5.799196243286133,0.4943355711435678,0.3858128488063812,0.6663652855588109,2.6967022,6.395022,0.5423118,0.42757466,0.59506786,IDP-ESM2-8M,42,278,0.1697390079498291,0.5958256721496582,0.04797621646171785,0.041761815547943115,0.07129742686282703
Q596I4,3.300776958465576,7.96185302734375,0.5158891801066643,0.3957058191299438,0.6671023455194958,3.061492,7.2303863,0.53585017,0.42362186,0.61414295,IDP-ESM2-8M,42,278,0.23928499221801758,0.7314667701721191,0.019960987167810806,0.02791604399681097,0.05295939116997794
Q596I6,3.2176294326782227,7.819231986999512,0.534675743737409,0.4176131188869476,0.6313513304625022,2.97753,7.095386,0.54913753,0.4324693,0.59370136,IDP-ESM2-8M,42,278,0.24009943008422852,0.7238459587097168,0.014461788973620049,0.01485618948936468,0.037649967852638966
Q5BND6,2.69573187828064,6.658353328704834,0.5248738766818152,0.4168056845664978,0.6211138133802504,2.5447743,5.9697537,0.52996385,0.42275906,0.6193045,IDP-ESM2-8M,42,278,0.15095758438110396,0.6885995864868164,0.005089974293221444,0.005953371524810791,0.0018093352117628525
Q5DKQ8,3.270260095596313,7.47514533996582,0.4744892541023651,0.356365293264389,0.6803101400466061,3.7645426,8.773828,0.5255459,0.4109619,0.6144844,IDP-ESM2-8M,42,278,0.4942824840545659,1.2986822128295898,0.051056640997274805,0.054596602916717585,0.06582571068717002
Q5DRF7,3.161167621612549,7.452625274658203,0.5817013791495316,0.4507546126842499,0.5374504636247542,2.6250837,6.215694,0.5405796,0.4173959,0.5676792,IDP-ESM2-8M,42,278,0.5360839366912842,1.236931324005127,0.041121762126063555,0.03335872292518616,0.03022876277371378
Q5EM22,2.632052421569824,5.271783351898193,0.3854285712818971,0.3120782971382141,0.8204030838774352,3.5387986,8.14779,0.49608773,0.39914948,0.70683277,IDP-ESM2-8M,42,278,0.9067461490631104,2.876006603240967,0.11065915864898057,0.08707118034362793,0.11357031734453726
Q5EWN0,2.3123762607574463,5.303255558013916,0.4896498256271627,0.3903835713863373,0.6560045064276256,2.3497643,5.5316577,0.52968836,0.41943136,0.5948206,IDP-ESM2-8M,42,278,0.03738808631896973,0.22840213775634766,0.04003853267972207,0.029047787189483643,0.06118388779817008
Q5EWN1,2.350083827972412,5.405720233917236,0.5230126676342001,0.4106687903404236,0.5915825509004768,2.280996,5.355351,0.5238807,0.41616306,0.5997838,IDP-ESM2-8M,42,278,0.06908774375915527,0.0503692626953125,0.0008680525043497367,0.005494266748428345,0.008201227290135948
Q5FXX2,2.140477180480957,4.922486782073975,0.522380248092725,0.4150312542915344,0.6075316279802901,2.1803,5.103698,0.5239439,0.41917965,0.6022831,IDP-ESM2-8M,42,278,0.03982281684875488,0.18121099472045898,0.001563652969286733,0.004148393869400024,0.005248507824955673
Q5G246,1.8613439798355105,4.43787145614624,0.53197632300115,0.4272527396678924,0.57185575522907,2.046907,4.873825,0.543568,0.428349,0.55943465,IDP-ESM2-8M,42,278,0.18556296825408913,0.43595361709594727,0.011591692097421724,0.0010962486267090399,0.01242110290057874
Q5G5L6,1.92553186416626,4.497519493103027,0.5422972391826357,0.442199170589447,0.5805268453080179,1.8441522,4.4038725,0.5450316,0.43580094,0.58146614,IDP-ESM2-8M,42,278,0.08137965202331565,0.09364700317382812,0.002734367968395768,0.006398230791091919,0.000939293054866619
Q5G5M1,1.9219738245010376,4.609148025512695,0.5603528650341505,0.4533571600914001,0.5488238267410201,1.8844929,4.4819655,0.53924996,0.43250036,0.5927396,IDP-ESM2-8M,42,278,0.037480950355529785,0.1271824836730957,0.02110290842633189,0.020856797695159857,0.04391575532074743
Q5G5N5,1.883144497871399,4.597098350524902,0.5587094275388852,0.422209084033966,0.5485654492643023,1.8730354,4.4477854,0.5322925,0.42853883,0.6001948,IDP-ESM2-8M,42,278,0.0101090669631958,0.14931297302246094,0.026416942301763613,0.006329745054245051,0.0516293625566816
Q5G5P3,1.9507158994674685,4.6021223068237305,0.5537813331682352,0.4408882260322571,0.5685149470773025,1.9197007,4.563757,0.5388775,0.4308483,0.58892256,IDP-ESM2-8M,42,278,0.031015157699585183,0.03836536407470703,0.014903845985618003,0.010039925575256348,0.020407613137693792
Q5G5R6,1.9404181241989136,4.69538164138794,0.5655996998129265,0.444731056690216,0.5525562628315935,1.8883548,4.5166616,0.5477255,0.43615714,0.5752719,IDP-ESM2-8M,42,278,0.05206334590911865,0.17871999740600675,0.01787420113662641,0.008573919534683172,0.02271564163694284
Q5G5T2,1.8540928363800049,4.347699165344238,0.544813893897102,0.4309955835342407,0.561624834438201,1.8898356,4.4929314,0.5424406,0.4338767,0.5790231,IDP-ESM2-8M,42,278,0.035742759704589844,0.1452322006225586,0.0023733006544567337,0.0028811097145080566,0.017398288349274593
Q5GQU4,2.0219783782958984,5.05441427230835,0.6068936884516797,0.4757064878940582,0.5086997069949387,2.0123792,4.9287004,0.5776281,0.4585346,0.54982436,IDP-ESM2-8M,42,278,0.00959920883178711,0.12571382522583008,0.029265612375172112,0.017171889543533325,0.04112465003783716
Q5I4I5,2.323206901550293,5.6747236251831055,0.5901067573826103,0.4518946707248688,0.5109168879644158,2.2896113,5.519112,0.55915034,0.44117185,0.5709862,IDP-ESM2-8M,42,278,0.03359556198120117,0.15561151504516602,0.030956419209697716,0.010722815990447998,0.06006932333548043
Q5J596,1.5915614366531372,3.8310587406158447,0.5518375825497019,0.4436847567558288,0.5401249871582997,1.5101238,3.654873,0.54662114,0.436072,0.56233764,IDP-ESM2-8M,42,278,0.08143758773803711,0.17618584632873535,0.0052164387318003325,0.0076127648353576105,0.02221264978933213
Q5J5A1,1.5923405885696411,3.80961537361145,0.5487107968655007,0.4404170513153076,0.5540348174926963,1.6520532,3.9837103,0.55138195,0.44014314,0.55993783,IDP-ESM2-8M,42,278,0.05971264839172363,0.17409491539001465,0.0026711487445456594,0.0002739131450653076,0.005903017246988718
Q5J5A3,1.6238292455673218,3.983114242553711,0.5847119398201509,0.46352019906044,0.5109462662890943,1.6159747,3.8859289,0.5358945,0.42411876,0.5814574,IDP-ESM2-8M,42,278,0.007854580879211426,0.09718537330627441,0.04881742668996292,0.0394014418125152,0.0705111101910082
Q5J5A8,1.5979206562042236,3.9307515621185294,0.5678408971896804,0.4355120062828064,0.5278094195843526,1.5894433,3.8269591,0.5427702,0.4312066,0.5671675,IDP-ESM2-8M,42,278,0.008477330207824707,0.10379242897033603,0.025070690261427275,0.004305392503738403,0.03935810093871872
Q5L446,3.032435894012451,7.31948184967041,0.5507575940414005,0.4137134552001953,0.5729738307760803,3.185846,7.445009,0.5385819,0.42571726,0.6196751,IDP-ESM2-8M,42,278,0.1534101963043213,0.12552738189697266,0.01217568629222443,0.012003809213638306,0.0467012690736206
Q5MIE7,1.6123892068862915,3.694941997528076,0.5583582725902974,0.4752668738365173,0.5652093120268178,1.6252228,3.9758518,0.5647965,0.46292558,0.53968245,IDP-ESM2-8M,42,278,0.012833595275878906,0.28090977668762207,0.00643823476825367,0.012341290712356512,0.02552686411650895
Q5QF78,2.5721688270568848,6.040328502655029,0.5781218199753774,0.4680809080600738,0.5672638433808511,2.3366761,5.600243,0.5611991,0.45245624,0.5818939,IDP-ESM2-8M,42,278,0.23549270629882812,0.44008541107177734,0.01692269134760027,0.01562467217445368,0.014630077517586382
Q5UNW3,4.176350116729736,8.903111457824707,0.394389955711851,0.3399242162704468,0.9056192920451462,4.0775666,9.331918,0.4795872,0.37868404,0.6881615,IDP-ESM2-8M,42,278,0.09878349304199219,0.4288063049316406,0.08519724159192099,0.038759827613830566,0.21745779969742896
Q5UQA4,4.288362979888916,9.590642929077148,0.4204397445276925,0.33523690700531,0.8632941842710788,4.1529446,9.181184,0.4385118,0.3688308,0.8552029,IDP-ESM2-8M,42,278,0.13541841506958008,0.40945911407470703,0.01807204431736975,0.033593893051147516,0.008091270986777088
Q5UTC0,2.064415693283081,4.853263378143311,0.5560672146423837,0.4451625943183899,0.5646412186011407,1.942256,4.616265,0.53717965,0.42885938,0.5876438,IDP-ESM2-8M,42,278,0.12215971946716309,0.23699855804443448,0.018887565766193548,0.016303211450576782,0.023002583564844414
Q5UTC9,1.947137355804444,4.692725658416748,0.5755179566968628,0.4524588882923126,0.5244302729723085,1.9397684,4.605678,0.5338104,0.4237841,0.5853035,IDP-ESM2-8M,42,278,0.007368922233582209,0.08704757690429688,0.04170757957589111,0.028674781322479248,0.06087321242121568
Q5UTE2,2.0257084369659424,4.7440996170043945,0.539586295924092,0.4322715699672699,0.5900000426065137,1.9375422,4.6066523,0.53864264,0.43012738,0.58925617,IDP-ESM2-8M,42,278,0.0881662368774414,0.13744735717773438,0.0009436510418898703,0.0021441876888275146,0.0007438751947095312
Q5UTE6,1.9661085605621336,4.546449661254883,0.5329417476676558,0.4280754923820495,0.5902247905202948,2.0505924,4.8285813,0.53091353,0.42564353,0.60319793,IDP-ESM2-8M,42,278,0.084483861923218,0.2821316719055176,0.0020282158874128653,0.002431958913803045,0.012973141723052417
Q5Y0N1,2.8532183170318604,6.763218879699707,0.4770593487838001,0.3573148846626282,0.6823739384775259,2.950286,6.847698,0.5141213,0.41262597,0.6323905,IDP-ESM2-8M,42,278,0.09706759452819824,0.08447933197021484,0.03706194523780637,0.05531108379364014,0.04998343936253569
Q5YA80,1.805177927017212,4.607808589935303,0.618972161008033,0.488300085067749,0.5004530610751137,1.7786317,4.521996,0.6112444,0.48192134,0.5116638,IDP-ESM2-8M,42,278,0.026546239852905273,0.08581256866455078,0.007727780533942408,0.006378740072250366,0.01121073344240342
Q5YF20,2.020155906677246,4.851018905639648,0.5213421601420204,0.4190792143344879,0.5912531887589848,2.1050413,5.0290318,0.5386958,0.42318168,0.57373023,IDP-ESM2-8M,42,278,0.0848853588104248,0.17801284790039062,0.017353652083321403,0.004102468490600586,0.017522958427563906
Q5YFF2,3.935938596725464,9.088504791259766,0.4976142017725499,0.3970852196216583,0.6138350088366573,3.3945515,7.876479,0.5129308,0.40333351,0.6040887,IDP-ESM2-8M,42,278,0.5413870811462402,1.2120256423950195,0.015316608678957677,0.006248295307159424,0.009746285177141933
Q5ZQY2,1.462809920310974,3.439876079559326,0.5384904416741709,0.4248085916042328,0.5588590923763371,1.4829266,3.5823188,0.5480905,0.4387436,0.5566186,IDP-ESM2-8M,42,278,0.02011668682098411,0.1424427032470703,0.009600075846733613,0.013934999704360962,0.0022405210949040244
Q64921,2.8062593936920166,6.613053798675537,0.5748072139570746,0.4522846937179565,0.5664375830161884,2.6374974,6.3110437,0.5522909,0.43126544,0.56228405,IDP-ESM2-8M,42,278,0.1687619686126709,0.30201005935668945,0.022516297514203476,0.021019250154495184,0.0041535306442096465
Q64989,1.6101917028427124,3.74665093421936,0.5101505517563424,0.4034726023674011,0.5805376993343124,1.6684451,4.0122924,0.55152386,0.44077846,0.5530283,IDP-ESM2-8M,42,278,0.05825340747833252,0.26564145088195845,0.041373312512914207,0.037305861711502075,0.027509413830924978
Q65048,1.708402395248413,4.102147579193115,0.5628268128345577,0.4561106860637665,0.5540289456636274,1.7370739,4.123031,0.5415483,0.4341731,0.58608747,IDP-ESM2-8M,42,278,0.0286715030670166,0.020883560180664062,0.021278501124200044,0.021937578916549683,0.03205851962262751
Q65541,1.982517123222351,4.710317611694336,0.5445157837814081,0.4274928271770477,0.5618033923569079,1.8835795,4.601656,0.56824315,0.4438432,0.5257341,IDP-ESM2-8M,42,278,0.09893763065338135,0.10866165161132812,0.023727362161279908,0.01635035872459417,0.03606926578906733
Q65548,2.2841718196868896,4.838424682617188,0.2542812550601282,0.2474303096532821,1.2432856186895325,2.199571,4.278796,0.2878955,0.2993831,1.080482,IDP-ESM2-8M,42,278,0.08460092544555664,0.5596284866333017,0.03361424559981441,0.05195279419422155,0.16280361261653442
Q66544,1.5040301084518433,3.600674629211426,0.5500116321672981,0.4400971233844757,0.5384248609872133,1.4389364,3.489753,0.5500084,0.43871537,0.54157454,IDP-ESM2-8M,42,278,0.0650937557220459,0.11092162132263184,3.215991455807199e-06,0.0013817548751831055,0.0031496767668455217
Q66546,1.6744320392608645,4.035261631011963,0.5497971184078004,0.4397540986537933,0.554323464910064,1.6258807,3.942541,0.5660118,0.45824236,0.54277945,IDP-ESM2-8M,42,278,0.04855132102966331,0.09272074699401855,0.01621466805307603,0.018488258123397883,0.011544019261870653
Q66550,3.262364149093628,7.838839054107666,0.5646873720483536,0.4430989027023315,0.5504094625841484,3.0349631,7.270233,0.54812855,0.43092573,0.61199546,IDP-ESM2-8M,42,278,0.2274010181427002,0.568605899810791,0.01655882676408238,0.012173175811767523,0.06158599601875692
Q66741,1.4899526834487915,3.5714263916015625,0.5445481759038718,0.4443424344062805,0.5820105481558369,1.4467378,3.4620633,0.55118215,0.4515404,0.5841519,IDP-ESM2-8M,42,278,0.04321491718292236,0.10936307907104492,0.0066339749368874434,0.007197976112365723,0.002141375500626763
Q67285,1.9981613159179688,4.779419422149658,0.5345943754265906,0.4130080342292785,0.5661397922301091,1.9375458,4.654383,0.53228873,0.4170469,0.5718567,IDP-ESM2-8M,42,278,0.06061553955078125,0.12503623962402344,0.0023056452820898743,0.0040388703346253,0.005716885302086916
Q68556,1.6790385246276855,3.926142692565918,0.5423405699464513,0.4463479220867157,0.5760980825306253,1.5813016,3.7948673,0.5326384,0.430342,0.5938034,IDP-ESM2-8M,42,278,0.09773695468902588,0.13127541542053223,0.009702198955698127,0.01600593328475952,0.017705323231093417
Q68628,3.001649856567383,7.0392584800720215,0.4927372628955164,0.3721635043621063,0.6728314843849871,3.19129,7.427771,0.51940274,0.41143045,0.6426332,IDP-ESM2-8M,42,278,0.18964004516601562,0.38851261138916016,0.026665479490347865,0.03926694393157959,0.030198284693214617
Q68967,2.9141063690185547,7.155118942260742,0.5856582856760334,0.4439135789871216,0.5387840339686409,2.9848528,7.2632933,0.59000874,0.46677533,0.5370696,IDP-ESM2-8M,42,278,0.07074642181396484,0.10817432403564453,0.004350449980704885,0.022861748933792114,0.0017144152667061263
Q68UW8,1.443211555480957,3.4461536407470703,0.5514211012174295,0.4389624893665313,0.5535443598168016,1.5119812,3.6343217,0.54881746,0.4401326,0.55549973,IDP-ESM2-8M,42,278,0.06876969337463379,0.18816804885864258,0.002603645448844283,0.0011700987815857489,0.001955372677552636
Q69018,2.405474901199341,5.613498687744141,0.5572062628835205,0.4531680345535278,0.5840581272312672,2.5036955,5.976835,0.5135867,0.41936433,0.67445505,IDP-ESM2-8M,42,278,0.0982205867767334,0.36333608627319336,0.04361956292090452,0.03380370140075678,0.0903969194224804
Q69073,1.8761696815490725,4.352396011352539,0.518509610076913,0.4234879314899444,0.5932419751617057,2.0550382,4.9099646,0.5458157,0.4313284,0.5677768,IDP-ESM2-8M,42,278,0.1788685321807859,0.5575685501098633,0.027306096176138772,0.007840454578399714,0.025465175959740405
Q69092,1.803939700126648,4.126317977905273,0.4429211302040243,0.3966085016727447,0.6954622326907124,1.7073057,3.8292327,0.45184878,0.3778656,0.724177,IDP-ESM2-8M,42,278,0.09663403034210205,0.2970852851867676,0.00892764494436743,0.01874288916587824,0.028714770216086927
Q69144,2.2997281551361084,5.131192684173584,0.4817426658858202,0.3683267831802368,0.6380782148586501,2.4537308,5.7452793,0.5102253,0.40491843,0.6106663,IDP-ESM2-8M,42,278,0.15400266647338867,0.6140866279602051,0.028482630134687603,0.03659164905548096,0.027411939834236065
Q69192,1.813804030418396,4.138485908508301,0.521550543579343,0.4321619272232055,0.608952370646891,2.1246521,5.2786536,0.5849538,0.46741563,0.52484924,IDP-ESM2-8M,42,278,0.3108481168746948,1.1401677131652832,0.0634032413632839,0.03525370359420782,0.08410313463538588
Q69220,2.108153343200684,5.0375494956970215,0.5505101186798018,0.4119037687778473,0.5580439263711218,2.1820886,5.209279,0.5454019,0.42844817,0.5720391,IDP-ESM2-8M,42,278,0.0739352703094478,0.17172956466674805,0.005108247475425598,0.0165444016456604,0.013995200978731748
Q69CH6,4.825096607208252,11.533354759216309,0.5489369222299992,0.4182693064212799,0.6171398253036461,4.611815,10.934952,0.5792528,0.45560905,0.5762902,IDP-ESM2-8M,42,278,0.21328163146972656,0.5984029769897461,0.03031585725379593,0.037339746952056885,0.04084963508376693
Q69CK3,1.704636812210083,4.030740261077881,0.5190065877819494,0.4004803597927093,0.6008159674387333,1.6247838,3.9159558,0.54392165,0.43752787,0.57743937,IDP-ESM2-8M,42,278,0.07985305786132812,0.11478447914123535,0.024915061674074757,0.0370475053787232,0.023376599667584652
Q69CL1,1.7101638317108154,3.980125188827514,0.5021679136810185,0.3934818208217621,0.6325674291642869,1.8302457,4.4157634,0.5537402,0.44273674,0.5732744,IDP-ESM2-8M,42,278,0.12008190155029297,0.43563818931579634,0.051572289699566176,0.049254924058914185,0.059293055156108165
Q6DN18,2.2150673866271973,5.194150447845459,0.554582277473726,0.4417562186717987,0.5570044007206052,2.3712246,5.668043,0.5474894,0.4279165,0.5764236,IDP-ESM2-8M,42,278,0.1561572551727295,0.4738926887512207,0.007092872795381289,0.0138397216796875,0.019419184694281277
Q6GZR0,1.9460597038269043,4.562816143035889,0.556554151108591,0.4416142702102661,0.5260131735457498,1.9542973,4.7143826,0.5655897,0.44625187,0.5290655,IDP-ESM2-8M,42,278,0.008237600326538086,0.1515665054321289,0.009035574862630957,0.004637598991394043,0.003052316223232099
Q6I8V7,1.760059833526611,4.150196075439453,0.5333469076883808,0.4155747294425964,0.5718703837338284,2.0346344,4.8326325,0.53550625,0.42479584,0.5808523,IDP-ESM2-8M,42,278,0.2745745182037356,0.682436466217041,0.0021593407857403157,0.009221106767654474,0.00898194599715918
Q6IWY9,2.4755334854125977,6.119527816772461,0.5613303646292022,0.4291048049926758,0.5423357165621981,2.5073795,6.2052684,0.6036843,0.46389028,0.47989324,IDP-ESM2-8M,42,278,0.031846046447753906,0.08574056625366211,0.042353941515512195,0.03478547930717468,0.06244247920982693
Q6J7X0,1.8105701208114624,4.3078155517578125,0.5662340212704986,0.4436887800693512,0.557551038616223,1.807193,4.257564,0.5269288,0.43129474,0.6386527,IDP-ESM2-8M,42,278,0.003377079963684082,0.05025148391723633,0.03930523880742487,0.012394040822982788,0.08110164368815931
Q6JIB3,2.5467522144317627,5.828396797180176,0.4696639630714624,0.3564610183238983,0.6696156117854791,2.8094316,6.575851,0.5144088,0.40441442,0.6178067,IDP-ESM2-8M,42,278,0.2626793384552002,0.7474541664123535,0.04474486375654052,0.047953397035598755,0.05180893873555237
Q6JKC4,3.103557109832764,7.327255725860596,0.6009600194566068,0.4931573569774627,0.5503320182300144,2.9526055,7.204287,0.6048028,0.4753533,0.5249159,IDP-ESM2-8M,42,278,0.15095162391662642,0.12296867370605469,0.0038427678473177407,0.017804056406021063,0.025416144225650417
Q6JPE0,3.3715317249298096,7.864931106567383,0.595152524544004,0.4852381944656372,0.5514186692735729,3.2401452,7.772153,0.5817917,0.4587196,0.5631177,IDP-ESM2-8M,42,278,0.13138651847839355,0.09277820587158203,0.01336082561135632,0.026518583297729492,0.011699013660234514
Q6L620,2.7300567626953125,6.414680004119873,0.5129619559580005,0.4038593173027038,0.6180888949658273,2.7050745,6.308259,0.515182,0.4067834,0.6205568,IDP-ESM2-8M,42,278,0.024982213973999023,0.10642099380493164,0.0022200623220287596,0.002924084663391169,0.002467876789391199
Q6L8S9,2.855039596557617,6.694974899291992,0.5175029325756392,0.4102389514446258,0.6226740553241816,2.7055383,6.3842793,0.5419919,0.426921,0.5891323,IDP-ESM2-8M,42,278,0.14950132369995117,0.3106956481933594,0.02448895690113695,0.01668205857276922,0.03354174636422069
Q6LAM5,2.686969995498657,6.362833023071289,0.5074007830447218,0.3942491114139557,0.6135978826544621,2.6419587,6.1405554,0.4993785,0.39490914,0.6386207,IDP-ESM2-8M,42,278,0.04501128196716264,0.22227764129638672,0.008022280675794802,0.0006600320339202881,0.025022791955675805
Q6PL42,2.979783058166504,6.760753154754639,0.5269307824613643,0.4203212857246399,0.6527851519367678,2.9556885,6.922756,0.5327119,0.42793426,0.65720123,IDP-ESM2-8M,42,278,0.024094581604003906,0.1620030403137207,0.005781140661041739,0.00761297345161438,0.004416078589202677
Q6PNN9,3.210798740386963,7.429884433746338,0.5106872067165362,0.4177336394786834,0.6325136705215816,3.417271,8.019566,0.5401024,0.4248083,0.6049331,IDP-ESM2-8M,42,278,0.20647215843200684,0.5896811485290527,0.029415215520860016,0.007074654102325495,0.02758058746417802
Q6PNP1,3.295959234237671,7.4957275390625,0.5232143047913639,0.4321960508823395,0.6186128440562262,3.3171654,7.759864,0.5207468,0.4121292,0.6312092,IDP-ESM2-8M,42,278,0.021206140518188477,0.26413631439208984,0.002467477665814566,0.02006685733795166,0.012596350603960582
Q6Q435,1.569515347480774,3.623450994491577,0.5482776378670946,0.4350464344024658,0.565809868656093,1.5571268,3.7784603,0.55909747,0.45221683,0.56075305,IDP-ESM2-8M,42,278,0.01238858699798584,0.15500926971435547,0.010819830985902223,0.01717039942741394,0.005056821189814875
Q6QDP2,2.504112958908081,5.962371826171875,0.5182094610649537,0.4078279733657837,0.5878894559882436,2.5516548,5.987808,0.51060194,0.4005311,0.6175709,IDP-ESM2-8M,42,278,0.04754185676574707,0.0254364013671875,0.007607523294110186,0.007296860218048096,0.02968142108695171
Q6QDP3,2.4857544898986816,5.893543720245361,0.5197773127849609,0.4091088473796844,0.5810639090058001,2.630259,6.2193513,0.5258317,0.40922818,0.595098,IDP-ESM2-8M,42,278,0.14450454711914062,0.3258075714111328,0.006054386586377025,0.00011932849884038754,0.014034109640440162
Q6QK79,2.388691663742065,5.472387790679932,0.5198306599553745,0.4252979755401611,0.6247469905055736,2.2006307,5.158135,0.527335,0.42487517,0.617308,IDP-ESM2-8M,42,278,0.18806099891662553,0.3142528533935547,0.007504328161843543,0.0004228055477141779,0.007438969913837745
Q6QPN2,1.5223098993301392,3.58293080329895,0.5107606971999262,0.4067543148994446,0.5966313878154622,1.4782614,3.5346553,0.5441492,0.43618807,0.5669655,IDP-ESM2-8M,42,278,0.04404854774475098,0.04827547073364258,0.03338852278985038,0.029433757066726685,0.02966586743353472
Q6QQZ8,2.4530789852142334,5.73326301574707,0.5012001229635864,0.4095832407474518,0.6112171615336895,2.6591408,6.2973228,0.5238344,0.40659505,0.5959418,IDP-ESM2-8M,42,278,0.20606184005737305,0.5640597343444824,0.022634284365972923,0.002988189458847046,0.015275379536008882
Q6QX44,2.577435255050659,6.618072032928467,0.6539593616173206,0.5233137011528015,0.4836697570787251,2.3843062,5.968539,0.63258827,0.4981786,0.5075332,IDP-ESM2-8M,42,278,0.1931290626525879,0.6495327949523926,0.02137109429096562,0.0251350998878479,0.023863435555857404
Q6QX45,2.548379182815552,6.55000114440918,0.637565569497943,0.4993328750133514,0.4940226217017093,2.3479457,5.8881617,0.6295302,0.4955783,0.5040947,IDP-ESM2-8M,42,278,0.2004334926605229,0.661839485168457,0.008035378076434174,0.003754585981368963,0.010072098185070488
Q6QXN6,2.385141372680664,5.7368998527526855,0.5981758922616535,0.479215532541275,0.5250721679963289,2.230319,5.6890135,0.6374104,0.4991446,0.45202696,IDP-ESM2-8M,42,278,0.15482234954833984,0.04788637161254883,0.03923451003632017,0.019929081201553345,0.07304520476238119
Q6RJI1,2.175922155380249,5.267722606658936,0.5084100313414759,0.3967767357826233,0.6093327843300017,2.4273133,5.705487,0.5265127,0.41538292,0.5985715,IDP-ESM2-8M,42,278,0.2513911724090576,0.43776416778564364,0.01810265109642084,0.018606185913085938,0.010761305009475586
Q6SL65,2.249246597290039,5.864434719085693,0.662960523695181,0.523368775844574,0.4644699651142995,2.0465777,5.1842933,0.61997604,0.49282232,0.51648825,IDP-ESM2-8M,42,278,0.2026689052581787,0.6801414489746094,0.04298447999400912,0.030546456575393677,0.052018288955982483
Q6SPV7,2.15670132637024,5.044917106628418,0.5217881739317736,0.4114062488079071,0.6088913959715688,2.078101,4.885055,0.5276769,0.42348778,0.6014493,IDP-ESM2-8M,42,278,0.0786004066467294,0.15986204147338867,0.005888706427876089,0.012081533670425415,0.007442085191997294
Q6SPW0,2.068600416183472,4.881704330444336,0.5630669072270648,0.4554263055324554,0.5475722036957785,1.970008,4.6193323,0.5263893,0.42280647,0.6028652,IDP-ESM2-8M,42,278,0.09859240055084273,0.2623720169067383,0.03667760640385309,0.03261983394622797,0.05529301542043241
Q6SPW6,2.141937494277954,5.013397216796875,0.5491135153234311,0.43344247341156,0.5749001217324273,1.9669151,4.616168,0.52736354,0.42472327,0.60452664,IDP-ESM2-8M,42,278,0.17502236366271973,0.3972291946411133,0.021749976581365682,0.008719205856323187,0.02962651725225285
Q6TNN1,1.7355780601501465,4.198808670043945,0.5458814040432869,0.4264132380485534,0.543459855154081,1.7656773,4.235386,0.5454876,0.43193692,0.55624056,IDP-ESM2-8M,42,278,0.03009927272796631,0.03657722473144531,0.00039382135972365617,0.0055236816406250555,0.01278070347018656
Q6TVK4,4.622996807098389,10.999398231506348,0.5322841178961084,0.4036644995212555,0.6568998634119603,4.144997,9.755819,0.554713,0.43370628,0.61375695,IDP-ESM2-8M,42,278,0.4779996871948242,1.2435789108276367,0.022428892891855456,0.030041784048080444,0.04314290874200788
Q6TVY4,5.160731315612793,12.18231201171875,0.5612892167591542,0.4452931582927704,0.5987391277456245,4.698702,11.021179,0.55648816,0.43389335,0.61790955,IDP-ESM2-8M,42,278,0.46202945709228516,1.1611328125,0.004801060440489668,0.011399805545806885,0.019170422921184538
Q6U9S1,2.2176294326782227,5.229666709899902,0.5439869484146336,0.4367440044879913,0.5662179096803971,2.2223396,5.3088183,0.54578096,0.4285418,0.5769459,IDP-ESM2-8M,42,278,0.004710197448730469,0.07915163040161133,0.0017940083305141297,0.008202195167541448,0.010727991236656131
Q6UDH5,1.89371395111084,4.49859619140625,0.5391233355903525,0.4157811999320984,0.5841383148275676,1.7640953,4.06503,0.48063797,0.39582345,0.67922133,IDP-ESM2-8M,42,278,0.1296186447143557,0.4335660934448242,0.05848536800383519,0.019957751035690308,0.09508301724564405
Q6UGK8,1.75095796585083,3.946412563323975,0.5154716288470638,0.4309204220771789,0.6140196141033534,1.8750192,4.5720425,0.5605887,0.4468897,0.563123,IDP-ESM2-8M,42,278,0.1240612268447876,0.6256299018859859,0.04511708861356856,0.015969276428222712,0.05089662635616099
Q6VB58,1.7804934978485107,4.207399845123291,0.4946868446987339,0.3919892907142639,0.6123678549430593,1.878737,4.4438396,0.5207664,0.4129137,0.5842287,IDP-ESM2-8M,42,278,0.09824347496032715,0.23643970489501953,0.026079532750301726,0.020924419164657593,0.028139160504125016
Q6VB60,2.361301183700561,5.514676570892334,0.505517386392185,0.3970828354358673,0.6061691919002228,2.6032302,6.0831046,0.5312424,0.4201599,0.58786005,IDP-ESM2-8M,42,278,0.24192905426025435,0.5684280395507812,0.02572498421328373,0.023077070713043213,0.018309144082992557
Q6VB61,2.7251884937286377,6.624489784240723,0.5068698897817799,0.3958565890789032,0.6182959073170473,2.8537743,6.684599,0.5252007,0.4088954,0.59891176,IDP-ESM2-8M,42,278,0.1285858154296875,0.06010913848876953,0.01833083481996567,0.013038814067840576,0.019384145079498483
Q6VB71,1.889978289604187,4.539734363555908,0.567999905951457,0.4386162161827087,0.5212811410821006,1.9094658,4.664263,0.5681562,0.445579,0.5210629,IDP-ESM2-8M,42,278,0.019487500190734863,0.12452840805053711,0.00015627681450369746,0.006962776184082087,0.0002182305253073391
Q6VTP7,2.523654699325561,6.545114517211914,0.6646015984161495,0.5292112231254578,0.4926688448012834,2.6850991,7.0865455,0.7186649,0.5628927,0.36686885,IDP-ESM2-8M,42,278,0.1614444255828862,0.5414309501647949,0.05406328615111122,0.03368145227432251,0.12579999123225266
Q6VV29,1.4768187999725342,3.5848355293273926,0.564165690573797,0.4407295286655426,0.5079921485512091,1.5728701,3.8773198,0.5617612,0.44021273,0.5077167,IDP-ESM2-8M,42,278,0.09605133533477783,0.2924842834472656,0.0024044901457879186,0.0005168020725250244,0.00027543321536316334
Q6VV44,1.496960163116455,3.610794305801392,0.555870428561845,0.4393419027328491,0.5270747167742034,1.6326308,4.0499153,0.5794229,0.45324814,0.49100012,IDP-ESM2-8M,42,278,0.13567066192626953,0.4391210079193111,0.023552462578139144,0.013906240463256836,0.03607460090277392
Q6VXF3,1.496431589126587,3.572113037109375,0.5504090895512859,0.4494105279445648,0.5644991990579715,1.4821564,3.6240287,0.5596267,0.44926304,0.54818076,IDP-ESM2-8M,42,278,0.014275193214416504,0.051915645599365234,0.009217608942671651,0.0001474916934967041,0.01631844010487704
Q6VY62,2.336294174194336,5.757615566253662,0.6352348850230223,0.5048906207084656,0.4937905908069793,2.4078407,5.9043407,0.5723969,0.45537856,0.61018616,IDP-ESM2-8M,42,278,0.07154655456542969,0.14672517776489258,0.06283801059522687,0.04951205849647522,0.116395568803769
Q6VZE3,2.2830810546875,5.509891510009766,0.5867461616624042,0.4628623127937317,0.5214823521221142,2.3864377,5.762634,0.56535125,0.44093382,0.5659722,IDP-ESM2-8M,42,278,0.10335659980773926,0.25274229049682617,0.021394913874928645,0.021928489208221436,0.04448985685463136
Q6VZT0,2.222860813140869,5.493052959442139,0.5927051870787599,0.4729860424995422,0.5191162161766675,2.136307,5.1706414,0.5706591,0.4482474,0.5606281,IDP-ESM2-8M,42,278,0.08655381202697754,0.32241153717041016,0.022046086069390958,0.024738639593124334,0.04151189995416138
Q6WHL7,2.0659329891204834,4.679499626159668,0.551442388596942,0.4467962682247162,0.5792486044484434,2.0870073,5.0559864,0.55259216,0.4487252,0.599259,IDP-ESM2-8M,42,278,0.021074295043945312,0.37648677825927734,0.001149769720623972,0.0019289255142211914,0.02001041444956686
Q6WY30,2.535252332687378,5.869653224945068,0.4835562947544652,0.3890400826931,0.6734040822308472,2.5262198,6.011875,0.53084075,0.41506192,0.60201794,IDP-ESM2-8M,42,278,0.009032487869262695,0.14222192764282227,0.04728445975450696,0.026021838188171387,0.07138614314011849
Q6YH51,7.190715312957764,16.58771514892578,0.5832581693292588,0.4450670480728149,0.6904722174260642,5.182832,12.484947,0.6182173,0.4839727,0.59578097,IDP-ESM2-8M,42,278,2.0078835487365723,4.1027679443359375,0.034959120118525644,0.038905650377273615,0.09469124875998758
Q6YH62,2.483228206634521,5.66352653503418,0.4929331262702038,0.3920559287071228,0.6339869896463713,2.5308547,5.9298067,0.53197926,0.42048973,0.58468544,IDP-ESM2-8M,42,278,0.04762649536132857,0.2662801742553711,0.0390461365586231,0.028433799743652344,0.0493015448145232
Q70EH9,2.2204902172088623,5.060754776000977,0.4904101088526413,0.3805733621120453,0.6287876018190355,2.422125,5.6948223,0.51808894,0.40769726,0.6098253,IDP-ESM2-8M,42,278,0.20163488388061523,0.6340675354003906,0.027678827953083796,0.02712389826774597,0.018962288727757404
Q70EI1,2.2327921390533447,5.227630615234375,0.4928075459226384,0.3845210671424866,0.6269034665093045,2.4916956,5.8506746,0.5173471,0.40588126,0.60599965,IDP-ESM2-8M,42,278,0.25890350341796875,0.6230440139770508,0.024539551474212162,0.021360188722610474,0.020903817938290103
Q70EI2,2.2602035999298096,5.332523345947266,0.5307426617762604,0.4071062505245209,0.558029458668458,2.5141988,5.8989787,0.5154462,0.40567195,0.6131127,IDP-ESM2-8M,42,278,0.2539951801300049,0.5664553642272949,0.015296475710586566,0.0014342963695526123,0.055083229396117206
Q70EI3,2.5585477352142334,6.086280345916748,0.5103150254011275,0.4040671288967132,0.6003365710528767,2.8072364,6.57257,0.52154094,0.4088215,0.61136657,IDP-ESM2-8M,42,278,0.2486886978149414,0.48628950119018555,0.011225914406764348,0.004754364490509089,0.011029998943003383
Q70EI6,2.7396252155303955,6.504157543182373,0.5309076324724104,0.4127964675426483,0.590800095150861,2.7564511,6.489209,0.5332768,0.4200677,0.5946857,IDP-ESM2-8M,42,278,0.01682591438293457,0.014948368072509766,0.0023691638685320315,0.007271230220794678,0.003885578562823122
Q70EI7,2.259151697158813,5.345705986022949,0.5256979468369566,0.4038659632205963,0.5669513737846308,2.4206579,5.762523,0.52506125,0.40757525,0.5916586,IDP-ESM2-8M,42,278,0.1615061759948735,0.41681718826293945,0.0006366971039853953,0.0037092864513397217,0.02470721843949031
Q70EJ0,2.946126699447632,6.93138313293457,0.5274354637897314,0.3982725143432617,0.5983839992576988,3.0913467,7.289851,0.54307055,0.42773536,0.58562285,IDP-ESM2-8M,42,278,0.14522004127502441,0.35846805572509766,0.015635090943544983,0.029462844133377075,0.012761152177468094
Q70GQ7,1.9031580686569207,4.609791278839111,0.535149145866522,0.4299054443836212,0.5654713246592218,1.9398795,4.59777,0.52131295,0.41384706,0.5924956,IDP-ESM2-8M,42,278,0.036721467971802424,0.012021064758300781,0.013836193824895981,0.016058385372161865,0.02702429559148012
Q70VJ7,2.2840688228607178,5.272794246673584,0.5015037907369883,0.3946391642093658,0.6353563253763893,2.2006197,5.1529207,0.522249,0.4163817,0.6116292,IDP-ESM2-8M,42,278,0.08344912528991699,0.1198735237121582,0.020745192646190458,0.021742522716522272,0.02372713731562881
Q70VK5,2.270416736602783,5.210628509521484,0.5039475720406079,0.3985024392604828,0.6268890991535451,2.2159255,5.147703,0.50810677,0.40984818,0.63134164,IDP-ESM2-8M,42,278,0.054491281509399414,0.06292533874511719,0.004159196090648187,0.011345744132995605,0.004452537027332615
Q70VN3,2.3503806591033936,5.501303672790527,0.4835687301502548,0.380977064371109,0.6585453258781822,2.3077333,5.383945,0.5216346,0.4167835,0.6145279,IDP-ESM2-8M,42,278,0.042647361755371094,0.11735868453979492,0.038065848554579174,0.03580644726753235,0.04401744473270486
Q70VN5,2.328144788742065,5.349688529968262,0.4818844036988911,0.3761975765228271,0.6604934325594178,2.2566874,5.2243967,0.49932432,0.400444,0.6371397,IDP-ESM2-8M,42,278,0.07145738601684526,0.1252918243408203,0.0174399180479351,0.02424642443656927,0.023353754558014028
Q70VQ5,2.3534929752349854,5.393795013427734,0.4886084238850318,0.3994878530502319,0.6516451896254285,2.2857578,5.335791,0.52187324,0.41697466,0.60748047,IDP-ESM2-8M,42,278,0.06773519515991211,0.058003902435302734,0.033264811817482864,0.017486810684204157,0.04416472325961429
Q70VR9,2.067376136779785,4.861606597900391,0.492319339042806,0.3803656697273254,0.6307558327421172,2.2259793,5.215806,0.52115357,0.41416392,0.60416466,IDP-ESM2-8M,42,278,0.15860319137573242,0.3541994094848633,0.02883423017869058,0.03379824757575994,0.02659117276515799
Q70VT5,2.3780746459960938,5.475401401519775,0.4886131379765451,0.3945699334144592,0.6592773226770061,2.2880592,5.3295827,0.51721567,0.4138003,0.6150603,IDP-ESM2-8M,42,278,0.09001541137695312,0.14581871032714844,0.028602531178575752,0.019230365753173884,0.04421699323975026
Q70VT7,2.308176040649414,5.649242401123047,0.5255931675436645,0.4140330851078033,0.5915978838989071,2.1620936,5.0464735,0.5182415,0.41459286,0.61855805,IDP-ESM2-8M,42,278,0.14608240127563477,0.6027688980102539,0.007351642847314377,0.0005597770214081366,0.026960165303058226
Q716F8,1.8343291282653809,4.468036651611328,0.5544654828160952,0.4306521713733673,0.5463054751763011,1.8199956,4.4391623,0.5755468,0.45984843,0.5475257,IDP-ESM2-8M,42,278,0.014333486557006836,0.02887439727783203,0.021081318274145278,0.02919626235961914,0.0012202287307118143
Q719M9,2.177051305770874,5.105685234069824,0.4356166600401069,0.3900107443332672,0.7984378335978821,2.8427496,6.6399107,0.5516201,0.46073782,0.64674693,IDP-ESM2-8M,42,278,0.6656982898712158,1.5342254638671875,0.11600346573046194,0.07072708010673523,0.15169090013764652
Q71BY2,2.793951749801636,6.597213268280029,0.5366745162730544,0.4180016219615936,0.5838028098277559,3.0367293,7.1586714,0.5401221,0.4190007,0.5831634,IDP-ESM2-8M,42,278,0.24277758598327592,0.5614581108093262,0.0034475754971177164,0.0009990632534027655,0.000639429204892128
Q73233,1.5222233533859253,3.668420791625977,0.583341597010291,0.4677043259143829,0.5269748349030242,1.490483,3.6215167,0.55636734,0.44823796,0.55553496,IDP-ESM2-8M,42,278,0.03174030780792236,0.046904087066650835,0.026974259306586146,0.019466370344161932,0.02856012393639229
Q75QS2,2.588559865951538,6.088685512542725,0.5204848144367817,0.3869524300098419,0.6279963422523872,2.6159222,6.174918,0.53361124,0.42256233,0.60801595,IDP-ESM2-8M,42,278,0.027362346649169922,0.08623266220092773,0.01312642356599536,0.0356099009513855,0.01998038775791089
Q75QS3,2.462087392807007,5.946932315826416,0.535484702087569,0.4157106876373291,0.5852528256886979,2.581821,6.1426864,0.54819566,0.42997658,0.58078045,IDP-ESM2-8M,42,278,0.11973357200622559,0.1957540512084961,0.012710958026719288,0.014265894889831543,0.004472379159309425
Q75QT5,2.483459234237671,6.107471942901611,0.5578742866051468,0.4315719604492187,0.5587653319592867,2.3610287,5.646212,0.5458373,0.42859682,0.57187355,IDP-ESM2-8M,42,278,0.12243056297302246,0.4612598419189453,0.01203700347068637,0.00297513604164118,0.013108213687380799
Q75QT6,2.592742681503296,6.1141357421875,0.5249454228900549,0.4198246002197265,0.6180744299979298,2.6925697,6.3968186,0.54378146,0.42538157,0.58564174,IDP-ESM2-8M,42,278,0.09982705116271973,0.2826828956604004,0.018836036441457593,0.005556970834732111,0.03243268824530532
Q75R01,2.142366409301758,5.016373157501221,0.52268471986339,0.4192474484443664,0.5972775388810594,2.1923637,5.1577487,0.52518076,0.4165517,0.60706955,IDP-ESM2-8M,42,278,0.04999732971191406,0.14137554168701172,0.0024960371823558036,0.0026957392692565363,0.009792013063673277
Q75ZR8,2.480634450912476,5.733645439147949,0.5229552109411512,0.4121755957603454,0.5908881549829829,2.5768325,6.0935764,0.52528703,0.40796664,0.59084094,IDP-ESM2-8M,42,278,0.0961980819702144,0.35993099212646484,0.0023318211862292104,0.004208952188491766,4.7219275890575396e-05
Q75ZS3,2.398331880569458,5.476505279541016,0.4896256791247068,0.3861713409423828,0.6376973117598176,2.5144975,5.9667773,0.52584875,0.40835357,0.58081776,IDP-ESM2-8M,42,278,0.1161656379699707,0.49027204513549805,0.03622306717503687,0.022182226181030273,0.056879552722799764
Q75ZS7,2.4437477588653564,5.752856254577637,0.5217097533643328,0.4050562679767608,0.584757335314546,2.4886975,5.8814445,0.5209516,0.40614608,0.59909356,IDP-ESM2-8M,42,278,0.04494976997375488,0.12858819961547852,0.0007581246793352259,0.0010898113250732977,0.01433622108956778
Q76745,1.6104305982589722,3.803221464157105,0.5592122284746371,0.4524044096469879,0.5528972746794036,1.7640059,4.304532,0.5818514,0.46317092,0.534805,IDP-ESM2-8M,42,278,0.15357530117034912,0.5013105869293208,0.022639194312075506,0.01076650619506836,0.018092274851065016
Q77369,1.911983609199524,4.479825973510742,0.5214657421334765,0.3943254053592682,0.5893031681327184,1.9933287,4.6216083,0.50380635,0.41212517,0.634396,IDP-ESM2-8M,42,278,0.0813450813293457,0.14178228378295898,0.017659389518120072,0.01779976487159729,0.04509284846502937
Q778N1,2.5059502124786377,6.020733833312988,0.5169251247101464,0.4156159460544586,0.6091615172733248,2.447596,5.7835293,0.5277712,0.41548547,0.6016751,IDP-ESM2-8M,42,278,0.05835413932800293,0.23720455169677734,0.010846050197537926,0.00013047456741333008,0.00748642409934408
Q77F13,3.296870231628418,8.45973014831543,0.6453377038903204,0.5008435249328613,0.5244351052910141,3.0729022,7.8755636,0.678847,0.5325614,0.46593922,IDP-ESM2-8M,42,278,0.2239680290222168,0.5841665267944336,0.033509311013701804,0.031717896461486816,0.05849588152468721
Q77IW3,3.568814754486084,8.718031883239746,0.6302914968960939,0.5077582001686096,0.4907109935208522,3.5568652,8.861375,0.63040257,0.48625633,0.47742105,IDP-ESM2-8M,42,278,0.011949539184570312,0.1433429718017578,0.00011106810634753383,0.021501868963241577,0.013289948217507452
Q77MY7,3.0477216243743896,7.126034736633301,0.5464992719123841,0.4270378053188324,0.5674937798130403,3.0527022,7.1883345,0.54333484,0.42693868,0.5904737,IDP-ESM2-8M,42,278,0.004980564117431641,0.06229972839355469,0.003164430184173672,9.912252426147461e-05,0.022979931677590826
Q78226,1.7099188566207886,4.175300121307373,0.5475484941034893,0.4211493730545044,0.5553855650823888,1.7563429,4.0483427,0.49736232,0.4093361,0.6347632,IDP-ESM2-8M,42,278,0.046424031257629395,0.12695741653442383,0.05018617844873463,0.01181328296661377,0.07937761612717542
Q78501,1.4331810474395752,3.378065586090088,0.5315098582769341,0.4306705892086029,0.5670673579338252,1.4619759,3.642528,0.5830028,0.46166444,0.49996576,IDP-ESM2-8M,42,278,0.02879488468170166,0.2644624710083008,0.05149294743290478,0.03099384903907776,0.0671016008022487
Q78643,2.0367794036865234,4.576776504516602,0.4833793935960348,0.3984159231185913,0.6596890223978443,2.0550566,4.8020363,0.5128905,0.4121334,0.6242317,IDP-ESM2-8M,42,278,0.01827716827392578,0.22525978088378906,0.02951112411560458,0.013717472553253174,0.03545732626899911
Q78646,2.119753122329712,4.988603591918945,0.5193522883722064,0.4006803035736084,0.6086198680232129,2.0719616,4.8800097,0.5259081,0.42034057,0.6079419,IDP-ESM2-8M,42,278,0.047791481018066406,0.10859394073486328,0.006555824153733569,0.019660264253616333,0.0006779424975476012
Q78648,2.078975439071656,4.757822036743164,0.5086307781543812,0.4117514789104461,0.6223251807893123,2.1413012,5.010405,0.52121997,0.41813564,0.6121713,IDP-ESM2-8M,42,278,0.06232571601867587,0.25258302688598633,0.012589190641395187,0.006384164094924982,0.01015388848431964
Q78649,2.162814378738404,5.032278537750244,0.5321921258615248,0.4221030473709106,0.5952532989743682,2.1106157,4.9272265,0.5154537,0.4151277,0.6223277,IDP-ESM2-8M,42,278,0.05219864845275968,0.10505199432373047,0.01673842961060923,0.006975352764129583,0.027074386381771953
Q78652,2.147361516952514,5.103565216064453,0.5259105645937783,0.4118724465370178,0.5972288579413919,2.1905077,5.1601267,0.52935386,0.42308763,0.60548925,IDP-ESM2-8M,42,278,0.04314613342285201,0.05656147003173828,0.003443292446627,0.011215180158615112,0.008260396056410824
Q78653,2.0827536582946777,4.743349075317383,0.487765231518688,0.3931577205657959,0.6610988352674338,2.105562,4.912103,0.51490825,0.41476738,0.6230771,IDP-ESM2-8M,42,278,0.022808313369750977,0.16875410079956055,0.027143022627887925,0.02160966396331787,0.038021740712532726
Q79401,2.386814594268799,5.120201587677002,0.4464744187873151,0.3476446568965912,0.7451488482373015,2.6017902,5.9683943,0.49188465,0.39883322,0.6709422,IDP-ESM2-8M,42,278,0.21497559547424316,0.8481926918029785,0.045410230012581154,0.05118855834007263,0.0742066609280364
Q7LZ01,1.4965611696243286,3.4625403881073,0.5316362198127258,0.443822294473648,0.5825666929210473,1.4932842,3.5803304,0.54423857,0.44026408,0.56058866,IDP-ESM2-8M,42,278,0.0032769441604614258,0.11778998374938965,0.012602347539569125,0.0035582184791564386,0.021978035065059798
Q7LZT9,1.5547153949737549,3.760613441467285,0.5932205767997377,0.4843243658542633,0.5243878470535784,1.548111,3.8492544,0.58866143,0.4841047,0.5267255,IDP-ESM2-8M,42,278,0.006604433059692383,0.08864092826843262,0.004559144533502368,0.00021967291831970215,0.0023376239661664355
Q7SPR3,1.8682126998901367,4.303732395172119,0.4870458696129596,0.3871691823005676,0.6446296757808969,1.9373803,4.5646315,0.5213393,0.4161408,0.59803206,IDP-ESM2-8M,42,278,0.0691676139831543,0.26089906692504883,0.03429342768165711,0.028971612453460693,0.04659761849558808
Q7SPR5,1.954683542251587,4.53868579864502,0.4955234731391987,0.3968653976917267,0.6315786974160054,2.0824795,4.9033422,0.5220276,0.41438895,0.5973148,IDP-ESM2-8M,42,278,0.12779593467712402,0.3646564483642569,0.02650413859328421,0.01752355694770813,0.034263922425923576
Q7SPR7,1.857932686805725,4.479703903198242,0.5327747175764614,0.4162555038928985,0.5637235047847325,1.9183899,4.5269494,0.52436304,0.41715598,0.59182686,IDP-ESM2-8M,42,278,0.06045722961425781,0.04724550247192383,0.008411676652389177,0.0009004771709442694,0.02810335135158948
Q7SPR8,2.067652702331543,4.721304893493652,0.5370491906148561,0.4375988841056824,0.5878198106483188,1.9679606,4.6161723,0.5299057,0.42592594,0.6003108,IDP-ESM2-8M,42,278,0.09969210624694824,0.1051325798034668,0.00714351377312028,0.011672943830490112,0.012490991811398011
Q7SPR9,1.952785849571228,4.66126823425293,0.5534406062906199,0.4427624642848968,0.5500143382901513,1.998965,4.7028666,0.5251098,0.41828123,0.5943629,IDP-ESM2-8M,42,278,0.04617917537689209,0.04159832000732422,0.02833077877215673,0.02448123693466181,0.044348576272074
Q7SPS1,1.951497793197632,4.598913192749023,0.5086337922066453,0.3936481177806854,0.6115909595170049,2.0281262,4.793144,0.52634925,0.41768965,0.58726877,IDP-ESM2-8M,42,278,0.07662844657897927,0.1942310333251953,0.017715454295277322,0.02404153347015381,0.02432218977594658
Q7SPW1,2.4215879440307617,5.692611217498779,0.5567287758773508,0.4537263512611389,0.5927684422343072,2.245393,5.3414364,0.5396174,0.44656476,0.63456005,IDP-ESM2-8M,42,278,0.1761949062347412,0.35117483139038086,0.017111356634491925,0.007161587476730347,0.04179160634586243
Q7T5C0,3.495822668075561,8.019830703735352,0.5145173894905584,0.4108182787895202,0.6367592434820185,3.487482,8.034821,0.50040466,0.4100286,0.68950695,IDP-ESM2-8M,42,278,0.008340597152709517,0.014989852905273438,0.014112733557178236,0.0007896721363067072,0.05274770451221367
Q7T5F8,2.998732805252075,7.306483268737793,0.6115331210280514,0.47528275847435,0.5398510887681162,2.9598107,7.698391,0.70204854,0.53640455,0.3585168,IDP-ESM2-8M,42,278,0.03892207145690918,0.3919076919555664,0.0905154190873051,0.06112179160118103,0.18133427644359223
Q7T5M5,2.4727590084075928,5.673457145690918,0.3925318765896261,0.3184160888195038,0.8026438965920839,3.0891495,7.2401175,0.5202558,0.40256065,0.60035574,IDP-ESM2-8M,42,278,0.6163904666900635,1.5666604042053223,0.12772392747226352,0.08414456248283386,0.20228815223020646
Q7T9U3,2.4077577590942383,5.842880725860596,0.6191745478807488,0.5032048225402832,0.528279705659139,2.456413,6.2795005,0.6554998,0.5110469,0.4436097,IDP-ESM2-8M,42,278,0.04865527153015137,0.43661975860595703,0.03632526806010816,0.007842063903808594,0.08466999115108231
Q7TB66,2.3441925048828125,5.522297859191895,0.5500718264451805,0.4347755312919616,0.5630978779226303,2.4149985,5.7282386,0.54283035,0.42861703,0.58115804,IDP-ESM2-8M,42,278,0.07080602645874023,0.20594072341918856,0.0072414784303489466,0.006158500909805242,0.018060164031410197
Q7TDE5,1.732242226600647,4.318174362182617,0.6022654768594953,0.4861714839935303,0.5292113442448657,1.8077096,4.40754,0.56774116,0.45633838,0.567383,IDP-ESM2-8M,42,278,0.07546734809875488,0.08936548233032227,0.034524321235105626,0.029833108186721802,0.038171647069068615
Q7TDG1,2.369809150695801,5.547991752624512,0.498986190942275,0.368382066488266,0.6348222546331891,2.523902,5.929033,0.5161875,0.40485123,0.6140858,IDP-ESM2-8M,42,278,0.15409278869628906,0.3810410499572754,0.017201298090470385,0.03646916151046753,0.020736461138010864
Q7TDL0,1.865209698677063,4.6348395347595215,0.5897509767750998,0.4659371972084045,0.5211036259186613,2.0519512,5.089374,0.59237236,0.46479863,0.5090364,IDP-ESM2-8M,42,278,0.18674147129058838,0.45453453063964844,0.0026213810702065965,0.0011385679244994562,0.012067204142843457
Q7TDN1,1.6266489028930664,3.7783257961273193,0.5315436493894552,0.4362163543701172,0.5657388616608151,1.6727493,3.9014895,0.49035886,0.39564085,0.658017,IDP-ESM2-8M,42,278,0.04610037803649902,0.12316370010375977,0.041184790088841794,0.040575504302978516,0.09227811803355135
Q7TFN9,4.571025848388672,10.435481071472168,0.5342298017792231,0.4114221632480621,0.60178498146514,4.7936325,11.21171,0.54322696,0.4268262,0.6045886,IDP-ESM2-8M,42,278,0.22260665893554688,0.7762289047241211,0.008997155541943913,0.015404045581817682,0.002803646350106548
Q7TG50,1.7077478170394895,4.110406398773193,0.5490791797362159,0.4249894618988037,0.5435685072225824,1.6990525,4.084334,0.5371587,0.4245401,0.56551105,IDP-ESM2-8M,42,278,0.008695363998412864,0.02607250213623047,0.011920452090341871,0.0004493594169616699,0.021942540617535977
Q7THH5,1.4412338733673096,3.473487615585327,0.5531203314390196,0.4366949498653412,0.5496748317366498,1.4861813,3.573343,0.55201274,0.44472316,0.56116897,IDP-ESM2-8M,42,278,0.04494738578796387,0.09985542297363281,0.0011075898733152734,0.008028209209442139,0.01149413694087098
Q7THI5,1.4297255277633667,3.367047071456909,0.5310581575243742,0.4257408082485199,0.5776089166911328,1.5010282,3.6093981,0.5457615,0.4385793,0.56932807,IDP-ESM2-8M,42,278,0.07130265235900879,0.24235105514526367,0.014703368106576686,0.012838482856750488,0.008280847004243141
Q7ZGU1,1.4402328729629517,3.5296831130981445,0.5624663918922646,0.4429135918617248,0.5254037430749159,1.3817751,3.3013906,0.53572047,0.42846596,0.56982386,IDP-ESM2-8M,42,278,0.05845773220062256,0.22829246520996094,0.026745924324820702,0.014447629451751653,0.04442011804721546
Q7ZGU2,1.5582969188690186,3.754595279693604,0.5598303798334352,0.4598661363124847,0.553333205436224,1.5770127,3.957923,0.59906054,0.47271147,0.4940487,IDP-ESM2-8M,42,278,0.018715739250183105,0.20332765579223588,0.039230155597473004,0.012845337390899714,0.05928449079846765
Q7ZPK4,2.332268476486206,5.554332256317139,0.5152798011685079,0.4128588140010834,0.6054153812438103,2.2215688,5.179861,0.51553077,0.41115564,0.6159281,IDP-ESM2-8M,42,278,0.11069965362548828,0.37447118759155273,0.00025096388810219583,0.0017031729221343994,0.010512732216730436
Q80553,1.6738048791885376,4.151936531066895,0.5900351861505421,0.4551343023777008,0.5197193185088874,1.775321,4.3259954,0.5810207,0.46414834,0.5342866,IDP-ESM2-8M,42,278,0.10151612758636475,0.17405891418456942,0.00901447329806404,0.009014040231704712,0.014567299723839633
Q80889,3.2660906314849854,7.680535316467285,0.5854860641315652,0.4631927907466888,0.570999440624859,3.454147,8.125177,0.5156546,0.42140457,0.6918992,IDP-ESM2-8M,42,278,0.18805646896362305,0.4446420669555664,0.06983144062311186,0.04178822040557856,0.12089973978743351
Q80893,1.811437964439392,3.2815701961517334,0.2097650893491917,0.2688472867012024,1.32365235953992,1.8634591,4.1200037,0.40229613,0.34809783,0.81461215,IDP-ESM2-8M,42,278,0.052021145820617676,0.8384335041046143,0.19253103653963277,0.07925054430961609,0.5090402093476594
Q80GM7,2.5409836769104004,5.762401103973389,0.4611264870510096,0.3745792508125305,0.746670022479855,2.6220653,5.9905276,0.4860855,0.39915434,0.69455016,IDP-ESM2-8M,42,278,0.08108162879943848,0.22812652587890625,0.024959017242432158,0.024575084447860718,0.05211986588653228
Q80LM0,3.331693172454834,8.307703971862793,0.66340563427952,0.5350135564804077,0.4961817820903827,3.1272376,8.135311,0.71364033,0.5590587,0.3999079,IDP-ESM2-8M,42,278,0.20445561408996582,0.1723928451538086,0.05023469794246482,0.024045169353485107,0.0962738951084186
Q80RB4,2.6578757762908936,6.297651290893555,0.5181786182543666,0.4191198348999023,0.6280094951577608,2.46929,5.800044,0.5288917,0.4217453,0.61746246,IDP-ESM2-8M,42,278,0.18858575820922852,0.4976072311401367,0.010713064370450276,0.0026254653930664618,0.010547038931411956
Q81837,2.5872247219085693,6.013072490692139,0.4916103719450087,0.3739543259143829,0.6209636519197171,2.8077264,6.570834,0.51649934,0.4032092,0.6106188,IDP-ESM2-8M,42,278,0.22050166130065918,0.5577616691589355,0.024888968589201532,0.029254883527755793,0.01034482219254429
Q81839,2.477025032043457,5.823817253112793,0.5354382063656884,0.4257154166698456,0.5647378702526329,2.3551974,5.591672,0.52286285,0.4073481,0.5947626,IDP-ESM2-8M,42,278,0.12182760238647461,0.2321453094482422,0.012575354745967937,0.01836732029914856,0.03002475305745622
Q81846,2.5604283809661865,5.853387832641602,0.5099910635506884,0.4141511917114258,0.5945821302235968,2.6868064,6.331412,0.52047217,0.40598896,0.60632116,IDP-ESM2-8M,42,278,0.12637805938720703,0.4780240058898926,0.010481105371735966,0.008162230253219604,0.011739025801336012
Q81859,1.928916335105896,4.605202674865723,0.5436398826308143,0.426595389842987,0.5422031444855921,1.8369917,4.412793,0.5409622,0.42648038,0.55631375,IDP-ESM2-8M,42,278,0.09192466735839844,0.19240951538085938,0.0026776633925330584,0.0001150071620940607,0.01411060864245961
Q82401,1.831166386604309,4.3896260261535645,0.5183630903661675,0.4037471413612366,0.6078490874637572,1.8522699,4.404079,0.5449506,0.44048667,0.57946944,IDP-ESM2-8M,42,278,0.021103501319885254,0.014452934265136719,0.026587514072614282,0.0367395281791687,0.0283796450962035
Q82615,2.176388025283813,5.125534057617188,0.5512040327839184,0.4460991024971008,0.5692052735585957,2.3545399,5.6268096,0.55012155,0.43560982,0.57944643,IDP-ESM2-8M,42,278,0.17815184593200728,0.5012755393981925,0.0010824869922924085,0.010489284992217962,0.010241161416074673
Q83112,2.336902379989624,4.936823844909668,0.3380937121741774,0.3273904025554657,1.0116645150807946,2.8862984,6.5478315,0.4673812,0.38598806,0.71996605,IDP-ESM2-8M,42,278,0.5493960380554199,1.6110076904296875,0.12928749696087816,0.05859765410423279,0.29169846111808706
Q83190,1.7796467542648315,3.992709636688232,0.4786695389555369,0.3872520923614502,0.6489827101556922,1.8371792,4.280558,0.50930893,0.41172898,0.6285979,IDP-ESM2-8M,42,278,0.057532429695129395,0.2878484725952153,0.03063939525619408,0.02447688579559326,0.020384794983115295
Q83502,2.3029112815856934,5.496632099151611,0.5089174218855739,0.3878549337387085,0.6130971293929798,2.4298599,5.755438,0.53612554,0.41793168,0.5843922,IDP-ESM2-8M,42,278,0.12694859504699707,0.2588057518005371,0.02720811884776353,0.03007674217224121,0.028704939413426556
Q83508,2.278597593307495,5.424036026000977,0.5118065127381456,0.384306788444519,0.6002063262253106,2.4048347,5.6837225,0.5297309,0.4129817,0.58998114,IDP-ESM2-8M,42,278,0.126237154006958,0.2596864700317383,0.017924403285108803,0.028674900531768854,0.010225187519103285
Q84108,1.457655668258667,3.366739511489868,0.5256385387886628,0.4377702474594116,0.5863411245770551,1.495281,3.5952888,0.5327199,0.43098322,0.5900543,IDP-ESM2-8M,42,278,0.03762531280517578,0.22854924201965332,0.0070813713561430625,0.006787031888961792,0.0037131490282915625
Q84187,3.180120944976806,7.416873931884766,0.5140384188506483,0.4066470861434936,0.632496884497939,3.4147322,8.073337,0.55180454,0.42963627,0.57181096,IDP-ESM2-8M,42,278,0.2346112728118901,0.6564626693725586,0.037766123690855635,0.022989183664321955,0.06068592372828563
Q84188,3.2259228229522705,7.837432861328125,0.5172016063207746,0.4050092995166778,0.6272951164853872,3.430017,8.040617,0.5336624,0.41867685,0.5978687,IDP-ESM2-8M,42,278,0.20409417152404785,0.2031841278076172,0.016460772467219775,0.01366755366325384,0.02942643553140767
Q84265,1.705485224723816,4.334690570831299,0.6401344067486161,0.506040632724762,0.4990097189553152,1.6119609,4.3190007,0.6743588,0.5428892,0.43079677,IDP-ESM2-8M,42,278,0.09352433681488037,0.015689849853515625,0.0342243784038192,0.03684854507446289,0.0682129467137228
Q84494,2.579239845275879,6.104786396026611,0.5813868852975708,0.4686043262481689,0.5783968011736947,2.3393943,5.744026,0.59779674,0.4788382,0.53717095,IDP-ESM2-8M,42,278,0.23984551429748535,0.3607602119445801,0.01640985285016483,0.010233879089355524,0.04122585457564176
Q84648,2.491609573364258,5.58755350112915,0.5001416854577553,0.4227291047573089,0.6812930349234935,2.5591192,5.999882,0.53768235,0.43636146,0.63768137,IDP-ESM2-8M,42,278,0.06750965118408203,0.41232872009277344,0.03754066899247055,0.013632357120513972,0.04361166991037091
Q85298,2.1795594692230225,5.131240367889404,0.5149121566199537,0.4124712347984314,0.5793639147841216,2.239526,5.3009295,0.52376485,0.41021392,0.57726306,IDP-ESM2-8M,42,278,0.0599665641784668,0.16968917846679688,0.008852692089152736,0.002257317304611206,0.00210085755221856
Q85305,3.387103796005249,7.609576225280762,0.4926416997413941,0.3948681354522705,0.6533423862880356,3.2485821,7.5951557,0.5394647,0.42370364,0.5965616,IDP-ESM2-8M,42,278,0.13852167129516602,0.014420509338378906,0.046823012401550235,0.02883550524711609,0.0567807755893357
Q85470,2.3190741539001465,5.31719970703125,0.535983186576835,0.4349781274795532,0.6083790923669662,2.399955,5.675698,0.5490778,0.4403252,0.5985945,IDP-ESM2-8M,42,278,0.08088088035583496,0.35849809646606445,0.013094622280129142,0.005347073078155518,0.009784605653556766
Q85513,1.946499347686768,4.5694780349731445,0.5294544019876338,0.4206549823284149,0.5712388324789466,1.8629129,4.4223204,0.5332716,0.4228193,0.5768971,IDP-ESM2-8M,42,278,0.08358645439147994,0.1471576690673828,0.003817208749213097,0.002164304256439209,0.005658252234035599
Q85653,2.439301013946533,5.655583381652832,0.5275624809768947,0.4280654489994049,0.5951371390100053,2.4341946,5.795272,0.5441664,0.4310802,0.5767635,IDP-ESM2-8M,42,278,0.005106449127197266,0.13968849182128906,0.016603905150577192,0.0030147433280944824,0.018373628305964784
Q856E0,2.381712913513184,5.555893421173096,0.500593235881905,0.4002544283866882,0.6298957523081888,2.537634,6.005683,0.5298963,0.41400272,0.5927203,IDP-ESM2-8M,42,278,0.1559209823608394,0.44978952407836914,0.02930308303060114,0.013748288154602106,0.03717542254668371
Q856H1,2.787285804748535,6.294577598571777,0.4602373951979165,0.3710139393806457,0.705582336239781,2.8435466,6.6405153,0.508458,0.39983687,0.63330346,IDP-ESM2-8M,42,278,0.05626082420349121,0.34593772888183594,0.04822062310500097,0.028822928667068537,0.07227887278076606
Q857F1,1.958168625831604,4.721376419067383,0.5765393295711623,0.461663156747818,0.5462763454975896,2.081512,5.037502,0.5513699,0.44460768,0.57534575,IDP-ESM2-8M,42,278,0.12334334850311279,0.31612539291381836,0.025169424099360516,0.017055481672286987,0.029069409125823453
Q858H2,2.2514777183532715,5.391417026519775,0.5505167994402786,0.4298363029956817,0.5441667241522251,2.2858524,5.393958,0.52925026,0.41763347,0.59355754,IDP-ESM2-8M,42,278,0.03437471389770508,0.002541065216064453,0.021266535272493003,0.01220282912254328,0.04939081244979515
Q858N3,1.912603616714477,4.546543598175049,0.5660924816961849,0.4733447134494781,0.5716799690144517,1.8547586,4.5383024,0.5742565,0.46165872,0.56349784,IDP-ESM2-8M,42,278,0.0578449964523311,0.00824117660522461,0.008163998043957954,0.011685997247695867,0.008182127656266913
Q859F3,2.668384790420532,6.094333648681641,0.5005213286329151,0.3976112008094787,0.6609633177717368,2.6444418,6.2548423,0.53774273,0.42486143,0.6067214,IDP-ESM2-8M,42,278,0.02394294738769487,0.1605086326599121,0.037221405322468204,0.027250230312347468,0.05424191655713717
Q859H4,1.7422497272491455,3.846957683563232,0.5079941652086155,0.4195262789726257,0.6018564947939211,1.8591876,4.417102,0.5222732,0.4227376,0.6154751,IDP-ESM2-8M,42,278,0.11693787574768066,0.5701441764831547,0.014279017660342008,0.003211319446563776,0.013618623366326688
Q859K4,2.115252017974853,4.9018235206604,0.518020990267532,0.4194670617580414,0.6084682051178862,2.0894306,5.0349097,0.53675437,0.42023975,0.5760162,IDP-ESM2-8M,42,278,0.02582144737243608,0.1330862045288086,0.018733379468185762,0.0007726848125457764,0.03245201745003956
Q86596,1.8584637641906736,4.532985687255859,0.5831414022441888,0.4609532058238983,0.5372504923733498,1.8831694,4.69267,0.57257247,0.45633543,0.53969526,IDP-ESM2-8M,42,278,0.024705648422241433,0.1596841812133789,0.010568932532885045,0.004617780447006226,0.002444770535585783
Q86686,3.2398924827575684,7.852489471435547,0.5471346878861583,0.4357542693614959,0.5805316069086383,3.5637312,8.436751,0.5571712,0.44064218,0.5776986,IDP-ESM2-8M,42,278,0.3238387107849121,0.5842618942260742,0.010036537661632261,0.004887908697128351,0.002833018537361398
Q86818,1.4787906408309937,3.585883140563965,0.5611490788940011,0.4493292272090912,0.5533560717304078,1.6280937,4.0214114,0.5744668,0.4554142,0.5271126,IDP-ESM2-8M,42,278,0.14930307865142822,0.4355282783508301,0.013317745637554057,0.0060849785804748535,0.02624346854284676
Q86965,2.2708754539489746,5.376442909240723,0.5630397285299116,0.4455627501010895,0.5725962049053643,2.4420216,5.809863,0.56369287,0.44594055,0.5899342,IDP-ESM2-8M,42,278,0.17114615440368652,0.43342018127441406,0.0006531392259783164,0.0003778040409088135,0.01733796534075993
Q87071,1.933468461036682,4.647970199584961,0.5633339682286718,0.4434746205806732,0.5475006782231445,2.0279207,4.932049,0.5652476,0.446045,0.5444211,IDP-ESM2-8M,42,278,0.09445226192474387,0.28407859802246094,0.0019136270815394152,0.0025703907012939453,0.0030796014485473533
Q87072,2.3676650524139404,5.53907585144043,0.524378653643843,0.4169237911701202,0.5764505148169502,2.4953518,5.86305,0.52783763,0.41428852,0.5815929,IDP-ESM2-8M,42,278,0.1276867389678955,0.3239741325378418,0.0034589804427659354,0.0026352703571319025,0.005142402625371578
Q87076,3.689758062362671,8.77627944946289,0.6339903216911974,0.5639438629150391,0.5531522871604414,4.36402,10.351679,0.60485005,0.5085602,0.66653675,IDP-ESM2-8M,42,278,0.6742618083953857,1.575399398803711,0.029140267903965955,0.05538368225097656,0.11338446124882984
Q87171,1.7867960929870603,4.271870136260986,0.5416350254112631,0.4389387369155884,0.5588356899161061,1.8070045,4.263567,0.53196174,0.42514873,0.57751226,IDP-ESM2-8M,42,278,0.02020835876464866,0.008303165435791016,0.009673286348000132,0.013790011405944824,0.01867657433560288
Q87172,1.913458585739136,4.515614032745361,0.5543908934149788,0.4407261610031128,0.5567590089687375,1.9716442,4.6948957,0.5439278,0.43147233,0.56575155,IDP-ESM2-8M,42,278,0.0581855773925779,0.17928171157836914,0.01046310468054279,0.009253829717636108,0.008992543613049575
Q87175,1.843910217285156,4.423339366912842,0.5472327016569337,0.4323254823684692,0.554381192850532,2.0563383,4.92637,0.5494467,0.43089196,0.5507181,IDP-ESM2-8M,42,278,0.2124280929565432,0.5030307769775391,0.002214000346545286,0.0014335215091704767,0.0036630641693491395
Q87177,1.8357458114624023,4.202122688293457,0.5107170324199011,0.4118867516517639,0.6159398195244067,1.9683149,4.667204,0.5393795,0.43037906,0.57842225,IDP-ESM2-8M,42,278,0.1325690746307373,0.46508121490478516,0.028662445081014454,0.018492311239242554,0.03751757116091181
Q87184,1.8915594816207888,4.4158430099487305,0.5117818278878035,0.4070602357387543,0.6197725702686327,2.0099318,4.7529883,0.54174465,0.43339723,0.57457423,IDP-ESM2-8M,42,278,0.11837232112884499,0.3371453285217285,0.02996282152244434,0.026336997747421265,0.04519833816719232
Q87189,1.9849722385406487,4.635369777679443,0.5329716166372539,0.4355023503303528,0.5951577566512031,2.062397,4.9229155,0.5499101,0.43325022,0.55622536,IDP-ESM2-8M,42,278,0.07742476463317938,0.28754568099975586,0.01693851147935377,0.002252131700515747,0.03893239721135322
Q87190,1.9605032205581665,4.6441650390625,0.5500996460469585,0.4406257569789886,0.5641080589696921,2.037922,4.862004,0.54612446,0.4297806,0.5596118,IDP-ESM2-8M,42,278,0.07741868495941162,0.21783876419067383,0.003975187733970209,0.010845154523849432,0.0044962616369284
Q87209,1.866125464439392,4.408606052398682,0.5453520630576678,0.4271838366985321,0.5643276883344377,1.8547306,4.46546,0.55410373,0.43765685,0.5492261,IDP-ESM2-8M,42,278,0.011394858360290527,0.0568537712097168,0.008751669051402011,0.010473012924194336,0.01510158312127241
Q87272,1.774227261543274,4.202770709991455,0.539949296795623,0.430012583732605,0.573098398556012,1.8562601,4.435067,0.549381,0.4340989,0.5546314,IDP-ESM2-8M,42,278,0.08203279972076416,0.23229646682739258,0.009431720889313544,0.004086315631866455,0.01846698652674561
Q87273,1.919530153274536,4.592146396636963,0.5458944171522776,0.4200145602226257,0.560444011039654,2.062241,4.937561,0.5511934,0.4320548,0.5514801,IDP-ESM2-8M,42,278,0.1427109241485598,0.3454146385192871,0.005298998966344226,0.012040227651596125,0.008963896579662567
Q87596,1.5281474590301514,3.670018196105957,0.547248447220736,0.4309219121932983,0.5615386537035494,1.5273836,3.667671,0.5546551,0.44823363,0.56675947,IDP-ESM2-8M,42,278,0.0007638931274414062,0.002347230911254883,0.007406627852506231,0.017311722040176447,0.005220813421389581
Q89267,1.7671689987182615,4.315903663635254,0.5831234545948515,0.4695084691047668,0.5243187341882514,1.5991385,3.8735049,0.5540498,0.44696584,0.57171404,IDP-ESM2-8M,42,278,0.16803050041198708,0.4423987865447998,0.02907366468930339,0.022542625665664617,0.04739530942899717
Q8AEV4,2.159076452255249,4.879368305206299,0.5076646912075968,0.4223662614822387,0.626101273237856,2.072063,4.8639846,0.520686,0.4170835,0.61002207,IDP-ESM2-8M,42,278,0.08701348304748535,0.015383720397949219,0.013021279575636813,0.005282759666442816,0.016079205214174386
Q8AEV6,2.0557570457458496,4.649607658386231,0.4914917346053311,0.3996710181236267,0.6390137052704689,2.0394065,4.7902403,0.52208257,0.41828346,0.6078879,IDP-ESM2-8M,42,278,0.016350507736206055,0.14063262939453036,0.030590832609634744,0.018612444400787354,0.031125781552970078
Q8AEV8,2.153259992599488,4.976421356201172,0.5254148049108838,0.4255290329456329,0.5895762135934713,2.1007764,4.9101963,0.51571643,0.41416746,0.61837614,IDP-ESM2-8M,42,278,0.052483558654786044,0.06622505187988281,0.009698371385798321,0.011361569166183416,0.028799922232639497
Q8AM83,1.941663265228272,4.785359859466553,0.589079130615084,0.464430421590805,0.5363050860751829,2.0359468,4.9379926,0.56900203,0.45775467,0.5515946,IDP-ESM2-8M,42,278,0.09428358078002885,0.1526327133178711,0.02007709833511573,0.006675750017166082,0.015289528907422079
Q8ATK1,1.5050930976867676,3.6378602981567374,0.5227230576632625,0.4156895875930786,0.5703571758825682,1.4303674,3.4328032,0.55339456,0.44673124,0.5595527,IDP-ESM2-8M,42,278,0.07472574710845947,0.20505714416503817,0.03067149838226968,0.031041651964187622,0.01080444675277692
Q8B5D2,2.951312065124512,6.747812271118164,0.440132645050835,0.352781742811203,0.8094238948036026,2.7945626,6.3977823,0.48902902,0.40210554,0.708596,IDP-ESM2-8M,42,278,0.15674948692321822,0.35002994537353516,0.04889637502019467,0.04932379722595215,0.100827903668959
Q8B5E1,3.1393468379974365,7.432117938995361,0.5081379295543293,0.3875229656696319,0.6702619784714722,2.8369718,6.6628666,0.5251282,0.41898623,0.62524307,IDP-ESM2-8M,42,278,0.30237507820129395,0.7692513465881348,0.016990256194724607,0.0314632654190064,0.04501891073007813
Q8B6B2,3.5069808959960938,8.026479721069336,0.4829269754711981,0.3697400689125061,0.6728872873342963,4.3028865,10.049995,0.53531194,0.41489458,0.59974486,IDP-ESM2-8M,42,278,0.795905590057373,2.0235157012939453,0.052384961860955204,0.04515451192855835,0.0731424309767218
Q8BCG5,2.6516692638397217,6.216158390045166,0.4980552120385065,0.3884736895561218,0.6340542198705879,2.6896985,6.2695856,0.5172213,0.40998098,0.6159283,IDP-ESM2-8M,42,278,0.03802919387817383,0.05342721939086914,0.019166059953223236,0.021507292985916138,0.018125927596112756
Q8BEN1,4.583354949951172,10.436578750610352,0.5160239281627857,0.4103900492191314,0.6252000422538168,4.230932,9.953131,0.54272753,0.42018893,0.5785928,IDP-ESM2-8M,42,278,0.35242271423339844,0.4834480285644531,0.026703601839808244,0.009798884391784723,0.04660726500161949
Q8J4J0,1.874367952346801,4.334868431091309,0.5233204875626745,0.4120818972587585,0.6069227126887281,1.8435581,4.4015603,0.55142456,0.44157934,0.5733027,IDP-ESM2-8M,42,278,0.03080987930297785,0.06669187545776367,0.028104075368386328,0.029497444629669245,0.033620026474281084
Q8JKR9,3.4346065521240234,8.202266693115234,0.5944359084884867,0.4573423266410827,0.5712907413789529,3.1194441,7.299888,0.5317496,0.44038844,0.7408612,IDP-ESM2-8M,42,278,0.31516242027282715,0.9023785591125488,0.06268630235597938,0.01695388555526728,0.16957043606550515
Q8JL45,3.293867588043213,7.5566020011901855,0.5763265914617945,0.4641462564468384,0.5888954201692995,3.1198468,7.6461883,0.61326426,0.48607543,0.51248544,IDP-ESM2-8M,42,278,0.17402076721191406,0.08958625793457031,0.03693767121444447,0.021929174661636353,0.07640997562355367
Q8JLL5,2.6253550052642822,6.0808868408203125,0.4930976677980217,0.3778961300849914,0.6458749859072144,2.737023,6.3727746,0.5107772,0.40264434,0.62044114,IDP-ESM2-8M,42,278,0.11166810989379883,0.2918877601623535,0.017679507628461433,0.024748206138610895,0.025433847162860124
Q8JM67,3.080829381942749,7.588707447052002,0.6439657398258274,0.5098746418952942,0.5032146971064787,3.0310025,7.873396,0.7048725,0.5428259,0.37828213,IDP-ESM2-8M,42,278,0.049826860427856445,0.28468847274780273,0.060906749149697514,0.0329512357711792,0.12493256734192182
Q8JQG9,2.77852201461792,6.315378189086914,0.5064557000702163,0.3924426734447479,0.6590232844308764,3.232599,7.5678663,0.5320803,0.42177647,0.6175912,IDP-ESM2-8M,42,278,0.45407700538635254,1.252488136291504,0.02562459263150485,0.029333800077438354,0.04143208217181271
Q8JQR2,2.745342493057251,6.532309055328369,0.5213186490119641,0.4134487807750702,0.6122827817960521,3.087893,7.2254725,0.5309623,0.4194126,0.61797243,IDP-ESM2-8M,42,278,0.34255051612854004,0.6931633949279785,0.00964363936770507,0.005963832139968872,0.005689651770995008
Q8JQS3,2.799478769302368,6.425180435180664,0.507826959559027,0.3881712257862091,0.654184664835406,3.1048195,7.272053,0.5380096,0.42492983,0.61016995,IDP-ESM2-8M,42,278,0.3053407669067383,0.8468723297119141,0.03018262439101571,0.036758601665496826,0.044014717688036664
Q8JRY1,2.3029046058654785,5.476492404937744,0.6037231907912506,0.5110253691673279,0.5349149072029419,2.142845,5.5611143,0.6496298,0.5054368,0.43200377,IDP-ESM2-8M,42,278,0.16005969047546387,0.08462190628051758,0.04590658091819155,0.0055885910987854,0.10291114090464781
Q8JXK6,1.6211036443710327,3.799259662628174,0.5475897480216784,0.4417068362236023,0.5569448254310326,1.5869151,3.7805135,0.54224044,0.43532413,0.56964195,IDP-ESM2-8M,42,278,0.03418850898742676,0.018746137619018555,0.005349307176188867,0.00638270378112793,0.012697122315244225
Q8JYS1,2.691291093826294,6.497318267822266,0.5809050627640648,0.4661928117275238,0.5419705382814025,2.8667266,6.9051676,0.5763545,0.46317485,0.5624115,IDP-ESM2-8M,42,278,0.17543554306030273,0.4078493118286133,0.004550559132473042,0.0030179619789123535,0.02044094882110603
Q8LT64,2.1720545291900635,5.003452301025391,0.5197810037424136,0.4226855039596557,0.6212718414160598,2.044879,4.93219,0.5424279,0.42533275,0.5711403,IDP-ESM2-8M,42,278,0.12717556953430176,0.07126235961914062,0.022646893710894456,0.002647250890731867,0.05013155210941922
Q8QLE8,3.03128719329834,7.697125434875488,0.6563733045401704,0.5223445892333984,0.4774516322256737,3.0136857,7.7209063,0.6893913,0.5334432,0.40823704,IDP-ESM2-8M,42,278,0.017601490020751953,0.02378082275390625,0.03301801044319752,0.011098623275756836,0.06921459218279652
Q8QN60,2.4035606384277344,5.764294624328613,0.5317877220505423,0.4231294393539428,0.5827542014503235,2.5326934,5.9933615,0.53299665,0.42315933,0.5932602,IDP-ESM2-8M,42,278,0.12913274765014648,0.2290668487548828,0.0012089324599557916,2.989172935491391e-05,0.010506027183557087
Q8QNS2,1.9830255508422847,5.226910591125488,0.6277522959421727,0.4779042899608612,0.4952879251900067,2.2005515,5.5466013,0.6386283,0.5067924,0.48859838,IDP-ESM2-8M,42,278,0.21752595901489302,0.3196907043457031,0.010876008062496445,0.02888813614845276,0.006689548677479229
Q8QNS5,1.928346514701844,4.591409683227539,0.4953577109776396,0.3824181258678436,0.6360158296182683,1.947871,4.5847116,0.51742697,0.41466793,0.61427534,IDP-ESM2-8M,42,278,0.01952445507049494,0.006698131561279297,0.022069256643210022,0.03224980831146246,0.021740493352704338
Q8QPP9,1.9653348922729488,4.815957546234131,0.571341518484492,0.4368967115879059,0.5433689153773111,1.9531595,4.7478323,0.56222886,0.44835955,0.55252266,IDP-ESM2-8M,42,278,0.012175440788268599,0.06812524795532227,0.009112660013575247,0.01146283745765686,0.009153743924446678
Q8QPS6,2.001785516738892,5.02598762512207,0.587317028746391,0.4558817148208618,0.5267537297680378,2.0024722,4.91841,0.57583445,0.45814794,0.53557396,IDP-ESM2-8M,42,278,0.0006866455078120559,0.10757780075073242,0.01148257564046451,0.002266228199005127,0.008820229582548134
Q8QPU8,1.9376126527786253,4.666355133056641,0.5494431667826379,0.435775876045227,0.5579220947044913,2.0794172,5.0392046,0.5625591,0.4472639,0.55991876,IDP-ESM2-8M,42,278,0.1418045759201052,0.3728494644165039,0.01311596102497925,0.011488020420074518,0.0019966665488656554
Q8QRI8,3.1567444801330566,7.680585861206055,0.5420971636041438,0.4293708801269531,0.5680683245202264,3.4116707,8.052229,0.5378353,0.42848718,0.60046685,IDP-ESM2-8M,42,278,0.2549262046813965,0.37164306640625,0.004261863635424357,0.0008836984634399414,0.032398522899512394
Q8QRK4,3.1904497146606445,7.658655166625977,0.5368023516130134,0.4130543172359466,0.5899510916993069,3.3871975,7.9898386,0.5457909,0.43166867,0.5850783,IDP-ESM2-8M,42,278,0.1967477798461914,0.33118343353271484,0.008988559107811822,0.01861435174942022,0.004872792653744185
Q8QUL3,1.714313507080078,4.050164222717285,0.5437760509909112,0.4329612255096435,0.5616761822115663,1.8073254,4.3705025,0.549043,0.43308204,0.5527585,IDP-ESM2-8M,42,278,0.09301185607910178,0.32033824920654297,0.005266948753504086,0.00012081861495977231,0.00891766733043231
Q8QUU2,2.812160015106201,7.037248611450195,0.6467774547133153,0.522243857383728,0.5183826038053814,3.133004,7.750207,0.6372906,0.5132725,0.5546885,IDP-ESM2-8M,42,278,0.3208439350128174,0.7129583358764648,0.009486857751340172,0.008971333503723145,0.03630590947357981
Q8QUW5,2.4314229488372803,5.736767768859863,0.5457260816610429,0.4340470433235168,0.5613398143689516,2.591173,6.1677265,0.5526809,0.42980352,0.56621444,IDP-ESM2-8M,42,278,0.15974998474121094,0.43095874786376953,0.0069548279725936135,0.004243522882461492,0.0048746278841611534
Q8QVQ9,2.661855459213257,6.006308555603027,0.5012465356530009,0.408208280801773,0.6223515071516433,2.809533,6.557928,0.5109419,0.4022844,0.61446506,IDP-ESM2-8M,42,278,0.14767765998840332,0.5516195297241211,0.00969538701164141,0.005923867225646917,0.007886449301759302
Q8QYT4,1.4109797477722168,3.2352609634399414,0.4884518190921773,0.4125504195690155,0.6147365343230246,1.5877044,3.8072133,0.5370252,0.42869288,0.5697942,IDP-ESM2-8M,42,278,0.17672467231750488,0.5719523429870605,0.04857339414939987,0.016142457723617554,0.04494235631399135
Q8QYT7,1.4401655197143557,3.488144874572754,0.5498358155654819,0.4431613087654114,0.5331681491171439,1.5146195,3.605315,0.5318721,0.4257058,0.5738235,IDP-ESM2-8M,42,278,0.07445394992828347,0.11717009544372559,0.017963721887961137,0.01745551824569702,0.04065536248335044
Q8UU17,2.2439939975738525,5.315147876739502,0.4875874130400375,0.3726096749305725,0.645707289575578,2.2947311,5.3666472,0.5262772,0.41825438,0.5942858,IDP-ESM2-8M,42,278,0.05073714256286621,0.051499366760253906,0.03868977144635166,0.04564470052719116,0.051421503423692005
Q8UZB3,3.3593904972076416,7.656904220581055,0.4751756863632303,0.3670142292976379,0.6957214711845601,3.8964715,9.102318,0.52576315,0.40744585,0.59879434,IDP-ESM2-8M,42,278,0.5370810031890869,1.445413589477539,0.05058746766661587,0.04043161869049078,0.09692713009721876
Q8UZG8,2.982679843902588,5.231381416320801,0.2000000000001817,0.2448797672986984,1.6947284833575682,4.0625896,8.957601,0.40998197,0.34879965,0.884673,IDP-ESM2-8M,42,278,1.0799098014831543,3.7262191772460938,0.20998196601849506,0.10391987860202792,0.8100554839755492
Q8V337,3.721240758895874,8.707688331604004,0.5671943862333709,0.4620004296302795,0.5767438345351695,3.4643297,8.207421,0.55858797,0.43750864,0.58179426,IDP-ESM2-8M,42,278,0.256911039352417,0.5002670288085938,0.008606417883914141,0.024491786956787054,0.005050427397203516
Q8V339,3.812500953674317,8.968060493469238,0.5865630963580064,0.4744903147220611,0.545563395944751,3.6351676,8.687912,0.58491725,0.45378092,0.53801256,IDP-ESM2-8M,42,278,0.17733335494995162,0.2801485061645508,0.0016458490626267697,0.020709395408630316,0.007550831762469512
Q8V364,3.968456506729126,9.212738990783691,0.6162000718758861,0.5002020001411438,0.5207925103430048,3.6384797,8.778114,0.5941682,0.45870626,0.53066266,IDP-ESM2-8M,42,278,0.32997679710388184,0.43462467193603516,0.02203188568814196,0.04149574041366577,0.009870145487378523
Q8V367,3.814874649047852,8.887572288513184,0.5805846920774209,0.466538518667221,0.5621000229031125,3.6388958,8.749152,0.5924749,0.45866728,0.52932984,IDP-ESM2-8M,42,278,0.17597889900207564,0.13842010498046875,0.011890185756899152,0.007871240377426092,0.03277018653455166
Q8V371,3.925068855285645,9.233461380004885,0.5956081253985852,0.4743430614471435,0.5424398695957324,3.658127,8.80872,0.5921155,0.45859936,0.5316613,IDP-ESM2-8M,42,278,0.2669417858123784,0.42474174499511896,0.0034926039676159704,0.015743702650070135,0.010778597546782231
Q8V5H6,2.665778875350952,6.219506740570068,0.5472830371553624,0.4458613991737366,0.5830924219007169,2.591017,6.142772,0.55233616,0.43501043,0.57616645,IDP-ESM2-8M,42,278,0.07476186752319336,0.07673454284667969,0.005053119212893198,0.010850965976715088,0.006925970923391422
Q8V5I4,2.711183547973633,6.411514759063721,0.5489814781249392,0.434239387512207,0.5746709395469146,2.6210175,6.182064,0.5344454,0.42188147,0.599412,IDP-ESM2-8M,42,278,0.09016609191894531,0.22945070266723633,0.014536073118530557,0.012357920408248846,0.024741084474234065
Q8V636,2.650491237640381,6.117858409881592,0.5202099857799084,0.4136419594287872,0.6109921090654375,2.7228098,6.2670836,0.47907773,0.396111,0.7169042,IDP-ESM2-8M,42,278,0.07231855392456055,0.14922523498535156,0.04113225917735408,0.017530947923660223,0.10591211389980293
Q8V650,1.6869524717330933,4.0475006103515625,0.5488975353695327,0.4230318367481231,0.5446767914879553,1.5874207,3.8457937,0.5505625,0.4417651,0.56835866,IDP-ESM2-8M,42,278,0.09953176975250244,0.2017068862915039,0.0016649655841416422,0.018733263015747126,0.02368186825630736
Q8V652,1.7427548170089722,4.225039482116699,0.537294068773349,0.4297369122505188,0.5816184666361931,1.728754,4.1478224,0.5439016,0.43432415,0.5767539,IDP-ESM2-8M,42,278,0.014000773429870605,0.07721710205078125,0.006607553522030685,0.004587233066558838,0.004864552279961409
Q8V654,1.762346625328064,4.354401588439941,0.590183175435276,0.4664421081542969,0.5050740593959874,1.6618167,4.0302796,0.55322134,0.44262114,0.5636922,IDP-ESM2-8M,42,278,0.10052990913391113,0.32412195205688477,0.036961830487461045,0.023820966482162476,0.05861815270880999
Q8V660,1.742783784866333,4.119569301605225,0.5377893245206269,0.422678679227829,0.581651920682356,1.7951007,4.277254,0.54113513,0.43494558,0.58887684,IDP-ESM2-8M,42,278,0.052316904067993164,0.1576848030090332,0.0033458077921477702,0.01226690411567688,0.007224922770097564
Q8V6V1,1.949802279472351,4.525241851806641,0.559491184281244,0.4592229425907135,0.5800471129310022,1.9677315,4.963567,0.56658113,0.4477601,0.5698292,IDP-ESM2-8M,42,278,0.01792919635772705,0.4383249282836914,0.007089945746526993,0.01146283745765686,0.010217887390841063
Q8W6W3,3.292443037033081,8.117854118347168,0.6011104910555237,0.4563746750354767,0.5615585487747086,3.2138968,7.907914,0.6171269,0.47852004,0.51817554,IDP-ESM2-8M,42,278,0.07854628562927246,0.20993995666503906,0.016016391020739706,0.022145360708236694,0.043383006420124826
Q8W6Y8,2.8014581203460693,6.529656887054443,0.5467401052855531,0.4213325977325439,0.5745660102154404,2.7499232,6.5201735,0.54327756,0.42348734,0.5827476,IDP-ESM2-8M,42,278,0.05153489112854004,0.00948333740234375,0.0034625436209717586,0.0021547377109528143,0.008181568405470241
Q90060,1.8325934410095213,4.432022571563721,0.5866172328403094,0.4569278359413147,0.5252906818880851,1.8215828,4.3897977,0.57154274,0.45556372,0.5454181,IDP-ESM2-8M,42,278,0.011010646820068137,0.042224884033203125,0.015074492972145359,0.0013641119003295898,0.020127401779669984
Q902W3,1.447216510772705,3.291898727416992,0.4548428483176714,0.40003302693367,0.6778028866633155,1.4799349,3.4087005,0.4880039,0.40357414,0.6564577,IDP-ESM2-8M,42,278,0.03271842002868652,0.11680173873901367,0.033161061270188696,0.0035411119461060125,0.021345164476273215
Q90CH1,2.512590408325196,5.990075588226318,0.5052123874650672,0.405522882938385,0.6323080146671678,2.6012602,6.1102366,0.5281369,0.42294523,0.6116051,IDP-ESM2-8M,42,278,0.08866977691650302,0.12016105651855469,0.022924521542958876,0.017422348260879517,0.020702906882896555
Q90QE2,2.328920364379883,5.622971057891846,0.5083696213166894,0.3775186836719513,0.6120770253406855,2.192639,5.107778,0.5147518,0.41186684,0.6183076,IDP-ESM2-8M,42,278,0.13628125190734863,0.515192985534668,0.006382170637351137,0.03434816002845764,0.0062305651439336085
Q90QF6,2.4444386959075928,5.538819789886475,0.5079361558514415,0.3990944027900696,0.6437412026045226,2.280082,5.31828,0.51639783,0.41237518,0.61298585,IDP-ESM2-8M,42,278,0.16435670852661133,0.22053956985473633,0.008461677972716242,0.013280779123306274,0.030755353224029447
Q90SM4,1.711442232131958,4.004370212554932,0.5268256109448133,0.4313333034515381,0.5886363100628046,1.7992423,4.248666,0.52994186,0.42974505,0.5967983,IDP-ESM2-8M,42,278,0.0878000259399414,0.24429559707641602,0.003116245916301219,0.0015882551670074463,0.008161990680298437
Q90VH2,2.5316312313079834,5.529348373413086,0.462269783016232,0.3692858517169952,0.7219761535985514,2.7488112,6.3845344,0.51973647,0.41373423,0.6281453,IDP-ESM2-8M,42,278,0.2171800136566162,0.8551859855651855,0.057466685775729665,0.04444837570190435,0.0938308760983988
Q912E2,2.358527183532715,5.513632297515869,0.521836279660642,0.397655576467514,0.5835132862187077,2.4677148,5.881639,0.5311589,0.41212827,0.5825415,IDP-ESM2-8M,42,278,0.10918760299682617,0.36800670623779297,0.009322644442141148,0.014472693204879816,0.0009717608547855638
Q912E3,2.624267578125,5.974280834197998,0.4905695481041757,0.398916095495224,0.6305076813851749,2.805497,6.5539703,0.51646936,0.40327963,0.61177665,IDP-ESM2-8M,42,278,0.1812293529510498,0.5796895027160645,0.025899811293712494,0.004363536834716797,0.018731031433240064
Q912E6,2.3736684322357178,5.464625358581543,0.4919331006176318,0.375508040189743,0.6358408593876905,2.5640793,6.048167,0.5197734,0.4052617,0.6022912,IDP-ESM2-8M,42,278,0.19041085243225098,0.5835418701171875,0.02784032305409062,0.02975365519523626,0.0335496330006666
Q914M9,1.501566767692566,3.596609115600586,0.5669527540941869,0.4475937783718109,0.5425485630440285,1.518455,3.7507894,0.5711685,0.46555495,0.57085794,IDP-ESM2-8M,42,278,0.01688826084136963,0.15418028831481934,0.004215728209432501,0.017961174249649048,0.028309379060311057
Q917U3,2.6011056900024414,6.125728607177734,0.465905389856962,0.3711982071399688,0.6947535144704717,2.6551006,6.0298114,0.46420458,0.37637132,0.70242465,IDP-ESM2-8M,42,278,0.05399489402770996,0.0959172248840332,0.0017008102652109058,0.0051731169223785956,0.007671130953417427
Q919P6,2.840925931930542,7.079200267791748,0.6566791718885439,0.5193538665771484,0.4969404133091558,2.7993844,7.3138084,0.70179784,0.5522481,0.4042452,IDP-ESM2-8M,42,278,0.04154157638549805,0.23460817337036133,0.0451186710908873,0.032894253730773926,0.09269521553617605
Q91BD7,2.977334499359131,7.213064670562744,0.5989931237749452,0.4810509085655212,0.5389739975209769,2.8462014,7.2553196,0.6552366,0.5059018,0.42744264,IDP-ESM2-8M,42,278,0.1311330795288086,0.04225492477416992,0.05624347805458363,0.024850904941558893,0.11153135745483
Q91DT1,1.490201711654663,3.4774718284606934,0.5528427586351523,0.453871876001358,0.548357874727816,1.5897844,3.847303,0.5589421,0.44982812,0.5450206,IDP-ESM2-8M,42,278,0.09958267211914062,0.3698310852050781,0.0060993209089150735,0.004043757915496771,0.0033372944360680057
Q91EW9,2.140745162963867,5.088291168212891,0.5816182846042962,0.4889532327651977,0.5646025923294935,2.0397835,5.29327,0.6553819,0.5121917,0.44240087,IDP-ESM2-8M,42,278,0.10096168518066406,0.20497894287109375,0.073763633349195,0.023238480091095026,0.12220171962212656
Q91EY8,2.3527700901031494,5.24808406829834,0.4530141588348895,0.3794625997543335,0.6982397388292562,2.3334482,5.303546,0.4686447,0.37938964,0.71656877,IDP-ESM2-8M,42,278,0.019321918487548828,0.055461883544921875,0.01563054956011478,7.295608520507812e-05,0.018329029195188418
Q91FZ1,1.954678058624268,4.704527378082275,0.5546169390913245,0.4487155973911285,0.5605939218364193,1.8915905,4.5981703,0.5559385,0.4370897,0.5624138,IDP-ESM2-8M,42,278,0.06308758258819624,0.10635709762573242,0.0013215431932214194,0.011625885963439886,0.0018198898472354674
Q91HB7,1.4309669733047483,3.486081123352051,0.5770872172574768,0.4443450272083282,0.513595058601443,1.4998188,3.599143,0.5490686,0.4423067,0.55920714,IDP-ESM2-8M,42,278,0.0688518285751345,0.11306190490722656,0.028018587515808102,0.0020383298397063654,0.04561208279794049
Q91HB9,1.4794366359710691,3.629405498504639,0.5754257320341591,0.4516141414642334,0.5333468495669424,1.4426949,3.4718957,0.5570284,0.45144424,0.5657308,IDP-ESM2-8M,42,278,0.03674173355102517,0.1575098037719731,0.01839731921525045,0.00016990303993225098,0.032383960598462824
Q91HC5,1.4298086166381836,3.4009549617767334,0.5587078702608097,0.4357098340988159,0.5384386826589663,1.5166637,3.6241436,0.54501444,0.4396255,0.5636443,IDP-ESM2-8M,42,278,0.08685505390167236,0.2231886386871338,0.01369342924747352,0.003915667533874512,0.02520560731143162
Q91HC6,1.4273672103881836,3.4857094287872314,0.5709593800259029,0.4571225643157959,0.519751878323428,1.4961789,3.5755522,0.5464564,0.4421578,0.5660548,IDP-ESM2-8M,42,278,0.06881165504455566,0.0898427963256836,0.02450298344616042,0.014964759349822998,0.046302942690976345
Q91HD2,1.4018763303756714,3.3643605709075928,0.5455821665542883,0.4297882914543152,0.5448603347392248,1.435019,3.4825234,0.5455161,0.43536198,0.5468758,IDP-ESM2-8M,42,278,0.033142685890197754,0.11816287040710449,6.609285052239233e-05,0.005573689937591553,0.002015440121157286
Q91IB8,1.8807306289672847,4.399371147155762,0.5176646912887355,0.4039241075515747,0.5854888822863704,1.8839682,4.4991503,0.53894496,0.42479172,0.56569934,IDP-ESM2-8M,42,278,0.003237605094910112,0.09977912902832031,0.02128026835176744,0.020867615938186646,0.01978954337340655
Q91IC2,1.899337887763977,4.423069000244141,0.5014840221048616,0.3913325071334839,0.5913382795268085,2.0090113,4.7509823,0.52412194,0.4131877,0.58263206,IDP-ESM2-8M,42,278,0.1096733808517456,0.3279132843017578,0.022637918031094162,0.021855205297470093,0.00870621470747257
Q91IC3,1.82411539554596,4.393439769744873,0.5450424901435311,0.4246112406253814,0.5384089996490206,1.8628954,4.431488,0.5332204,0.42240933,0.5737097,IDP-ESM2-8M,42,278,0.038779973983764204,0.03804826736450195,0.011822079796546259,0.002201914787292425,0.035300726684597605
Q91J04,1.4278308153152466,3.197216272354126,0.485413155941182,0.4061138033866882,0.617265000510479,1.3746884,3.2308314,0.5217128,0.43105334,0.5949666,IDP-ESM2-8M,42,278,0.053142428398132324,0.0336151123046875,0.03629962405759729,0.0249395370483399,0.022298410105968447
Q91J05,1.5015236139297483,3.603487491607666,0.5547891347693521,0.4338016211986542,0.5395780584990785,1.4598811,3.4828038,0.5361792,0.43266064,0.57879233,IDP-ESM2-8M,42,278,0.04164254665374734,0.12068367004394531,0.018609949855716845,0.001140981912612915,0.0392142751038268
Q91J06,1.5210174322128296,3.618021011352539,0.5475730487167483,0.4529653787612915,0.5568446757640754,1.4268264,3.3641493,0.5277736,0.43168938,0.5899487,IDP-ESM2-8M,42,278,0.09419107437133789,0.2538716793060303,0.01979943001862816,0.021275997161865234,0.03310403801537409
Q91J12,1.4696661233901978,3.464779853820801,0.5293127842096452,0.4325999021530151,0.5639957495919604,1.3446182,3.213805,0.52758837,0.42825896,0.57813144,IDP-ESM2-8M,42,278,0.12504792213439941,0.2509748935699463,0.0017244167474870231,0.004340946674346868,0.014135687709675326
Q91J15,1.4997373819351196,3.502169847488404,0.5356706456246473,0.428698718547821,0.5680148938528266,1.393978,3.3062527,0.53484917,0.43631867,0.57827425,IDP-ESM2-8M,42,278,0.1057593822479248,0.19591712951660245,0.0008214787545300917,0.007619947195053156,0.010259356177691026
Q91KJ0,2.4759409427642822,5.528730392456055,0.4858389930048888,0.396820068359375,0.6632633124169653,2.70475,6.309162,0.50465304,0.40426314,0.63601357,IDP-ESM2-8M,42,278,0.22880911827087402,0.7804317474365234,0.01881404358950206,0.007443070411682129,0.02724974496930299
Q91N87,2.1258437633514404,4.956357479095459,0.5396702300057187,0.4313276410102844,0.5824420296768451,2.0476825,4.9162817,0.5392419,0.4261241,0.57960594,IDP-ESM2-8M,42,278,0.07816123962402344,0.04007577896118164,0.0004283200249447505,0.005203545093536377,0.0028360926727557523
Q91PE4,1.4842596054077148,3.524902582168579,0.524894300899303,0.4194786846637726,0.5781094931273242,1.4692111,3.569744,0.5485164,0.4399527,0.56338096,IDP-ESM2-8M,42,278,0.015048503875732422,0.04484152793884277,0.023622091808521706,0.020474016666412354,0.014728536477543908
Q91PF9,1.6877179145812988,4.011973857879639,0.5321082144627154,0.4202072918415069,0.564534806227961,1.7241433,4.1697297,0.5415508,0.4286104,0.56875753,IDP-ESM2-8M,42,278,0.03642535209655762,0.15775585174560547,0.009442600642722843,0.008403122425079401,0.00422272779913857
Q91PG3,1.6642751693725586,3.9831597805023193,0.5142629607324231,0.3992822766304016,0.5855933354597936,1.6526566,3.9709532,0.5394803,0.4296625,0.57163703,IDP-ESM2-8M,42,278,0.011618614196777344,0.012206554412841797,0.02521736782745243,0.030380219221115112,0.01395630104359491
Q91PI7,1.5999244451522827,3.715418815612793,0.4931489108426952,0.3909585475921631,0.6233898261203673,1.6484699,4.001857,0.5437012,0.42969725,0.5628125,IDP-ESM2-8M,42,278,0.0485454797744751,0.28643798828125,0.05055226103230481,0.03873869776725769,0.060577318967809934
Q91QS1,2.108952760696411,4.785914897918701,0.4944399608724077,0.3860179483890533,0.6144723458591524,1.8401673,4.264588,0.4813055,0.38763025,0.6497102,IDP-ESM2-8M,42,278,0.2687854766845703,0.521327018737793,0.013134451066728392,0.001612305641174372,0.035237832516091694
Q91QS3,2.2070586681365967,5.3651204109191895,0.5329603334208921,0.4076468646526336,0.5567486560069808,1.9760629,4.6563187,0.50001556,0.39504427,0.62041354,IDP-ESM2-8M,42,278,0.230995774269104,0.7088017463684082,0.03294477660860573,0.012602597475051824,0.06366488578684248
Q91QU6,2.149642944335937,4.979980945587158,0.523670112047196,0.4154392182826996,0.5778182549763867,1.9038742,4.3716683,0.47106868,0.38384286,0.68020445,IDP-ESM2-8M,42,278,0.24576878547668413,0.6083126068115234,0.052601431760788575,0.031596362590789795,0.10238619610775024
Q91QZ4,2.0269596576690674,4.705663681030273,0.4745832677230563,0.3725432455539703,0.6397540398869745,1.9302197,4.4933114,0.48193923,0.38516232,0.6465379,IDP-ESM2-8M,42,278,0.0967400074005127,0.21235227584838867,0.007355958665874962,0.012619078159332331,0.006783860084033755
Q91QZ5,2.050182580947876,4.927171230316162,0.5098936570594065,0.3954658806324005,0.5804837659635215,1.946998,4.6583138,0.5154351,0.40073097,0.5831558,IDP-ESM2-8M,42,278,0.10318458080291748,0.268857479095459,0.005541442542339126,0.005265086889266968,0.002672044869455825
Q91R07,2.1950836181640625,5.130979061126709,0.5214095618795357,0.414153128862381,0.6196555492616692,2.1784842,5.1990795,0.52938795,0.42358378,0.6134589,IDP-ESM2-8M,42,278,0.016599416732788086,0.0681004524230957,0.007978389017681109,0.009430646896362305,0.00619667742023855
Q91S26,6.816437721252441,16.048179626464844,0.6154423418658873,0.4864402711391449,0.6153166768618439,5.025547,12.179789,0.6295234,0.49265754,0.57229555,IDP-ESM2-8M,42,278,1.7908906936645508,3.8683910369873047,0.014081054626117084,0.006217271089553833,0.043021130330166635
Q91TH0,2.005590438842773,4.666938304901123,0.5151546753728043,0.4005824327468872,0.5991551163705093,2.1463964,5.0947046,0.52615035,0.41577575,0.58922654,IDP-ESM2-8M,42,278,0.14080595970153853,0.4277663230895996,0.01099567042950278,0.015193313360214233,0.009928572467158503
Q91TH1,2.0764501094818115,4.754005432128906,0.5153897557866625,0.4023963809013366,0.5884404107933588,2.2953796,5.4397984,0.5322097,0.4150769,0.5739669,IDP-ESM2-8M,42,278,0.21892952919006348,0.6857929229736328,0.016819938598866102,0.012680530548095759,0.014473490417534873
Q91TK2,3.225302696228028,7.671135425567627,0.5670693513192747,0.4454530477523803,0.5632235868462772,3.4351058,8.3040695,0.5762059,0.45981994,0.5517618,IDP-ESM2-8M,42,278,0.20980310440063432,0.6329340934753418,0.009136557932892031,0.014366894960403498,0.011461780835077207
Q91TN0,2.3844919204711914,5.725210189819336,0.5250197086191121,0.4029875993728637,0.5795765270797134,2.6997948,6.260767,0.50800115,0.40193808,0.6229619,IDP-ESM2-8M,42,278,0.31530284881591797,0.5355567932128906,0.017018559918397957,0.0010495185852050226,0.04338535169683688
Q91TN2,3.606498718261719,8.519588470458984,0.493388595066996,0.3779464960098266,0.6568868413345507,3.71379,8.689837,0.5362806,0.4185846,0.60777485,IDP-ESM2-8M,42,278,0.1072912216186519,0.17024898529052734,0.04289197734740219,0.04063808917999273,0.0491119876281908
Q94MN5,2.1914186477661133,5.511419296264648,0.583197597812788,0.4615620672702789,0.5268057333709539,2.1168787,5.1631866,0.5800509,0.46575725,0.5287709,IDP-ESM2-8M,42,278,0.0745398998260498,0.3482327461242676,0.003146712135450369,0.0041951835155487616,0.0019651902435480206
Q96677,2.115176200866699,4.915756702423096,0.4957391182855236,0.3899624645709991,0.6270495840134734,2.162549,4.9801273,0.48211065,0.38758504,0.67011625,IDP-ESM2-8M,42,278,0.04737281799316406,0.06437063217163086,0.013628468938218286,0.0023774206638335627,0.04306666173313911
Q96799,1.5411829948425293,3.655155658721924,0.5291358534249927,0.4387304782867431,0.5835127353096431,1.5687739,3.75073,0.54588825,0.44043407,0.5722471,IDP-ESM2-8M,42,278,0.02759087085723877,0.09557437896728516,0.01675239168075071,0.0017035901546478827,0.01126564735416824
Q98001,2.586568593978882,5.940981388092041,0.5297970226930061,0.4404025375843048,0.6010615774150959,2.617473,6.187101,0.53516513,0.43066597,0.60570097,IDP-ESM2-8M,42,278,0.030904293060302734,0.24611949920654297,0.00536810839906543,0.009736567735671997,0.004639392280949006
Q98476,2.6765289306640625,6.429562568664551,0.4781508620158842,0.3589927554130554,0.6519181725024004,2.9219742,6.7812896,0.5171451,0.4138631,0.6297979,IDP-ESM2-8M,42,278,0.24544525146484375,0.3517270088195801,0.038994235239822594,0.05487033724784851,0.022120296621205293
Q98487,2.380972385406494,5.93532657623291,0.5876804231188356,0.4545639455318451,0.5324803494741346,2.2741861,5.641424,0.5990538,0.47425294,0.5262482,IDP-ESM2-8M,42,278,0.10678625106811523,0.2939023971557617,0.011373376987212969,0.01968899369239807,0.006232132845106264
Q991N9,1.6054048538208008,3.744776964187622,0.5117262683661838,0.4165031909942627,0.5912469374059711,1.3427485,3.2494643,0.5444566,0.43541214,0.55201656,IDP-ESM2-8M,42,278,0.2626563310623169,0.4953126907348633,0.032730332776699456,0.018908947706222534,0.03923038114300115
Q991P5,1.4142065048217771,3.285865545272827,0.508214910264853,0.4204912483692169,0.6054629064953053,1.2793913,3.1737616,0.5706194,0.4539051,0.520026,IDP-ESM2-8M,42,278,0.1348152160644529,0.11210393905639648,0.062404494051095494,0.033413857221603394,0.0854368783390248
Q991P6,1.404189109802246,3.391371488571167,0.5284572497603635,0.4216712117195129,0.5703659106406993,1.3030092,3.2009745,0.5633413,0.450978,0.5345059,IDP-ESM2-8M,42,278,0.10117995738983154,0.19039702415466309,0.03488406980064118,0.029306799173355158,0.03586000691984359
Q991P7,1.402359127998352,3.252006769180298,0.4978307467842849,0.4261381924152374,0.6162557170102788,1.3108227,3.2718992,0.5793281,0.46133876,0.5078622,IDP-ESM2-8M,42,278,0.09153640270233154,0.019892454147338867,0.08149737297050635,0.0352005660533905,0.10839350673653614
Q993H4,3.1366231441497803,6.201716899871826,0.3299039595277707,0.3185545206069946,1.0924926430754165,3.558383,7.898381,0.39787462,0.33791763,0.8800787,IDP-ESM2-8M,42,278,0.42175984382629395,1.6966643333435059,0.06797066400929291,0.01936310529708868,0.21241396971268456
Q993Q8,2.069531440734864,5.047287464141846,0.5755492277923804,0.4575447738170624,0.538532572294481,1.9059767,4.5068483,0.53370714,0.42814165,0.5934545,IDP-ESM2-8M,42,278,0.1635547876358041,0.5404391288757324,0.04184208591615968,0.029403120279312134,0.054921907876722575
Q994F3,2.219534158706665,5.337138652801514,0.5133368639272768,0.4091295003890991,0.611348247997497,2.1475258,4.866153,0.46128953,0.37970084,0.72171026,IDP-ESM2-8M,42,278,0.07200837135314941,0.47098588943481445,0.052047338895233386,0.02942866086959839,0.11036201668527279
Q99CW6,3.989720106124878,9.661019325256348,0.5538531401800437,0.415954977273941,0.5724800548171242,3.5669672,8.426029,0.53691936,0.41959128,0.62513274,IDP-ESM2-8M,42,278,0.42275285720825195,1.234990119934082,0.01693378478758767,0.0036363005638123114,0.05265268472679063
Q9DSX3,2.1036765575408936,4.704140186309815,0.4311017166862347,0.3707163631916046,0.7286612054060566,2.219231,5.005354,0.44630897,0.36798543,0.71856976,IDP-ESM2-8M,42,278,0.1155543327331543,0.30121374130248935,0.015207253765120277,0.00273093581199646,0.010091449851857393
Q9DUB6,3.245934247970581,7.278485298156738,0.4805168231725789,0.4020827114582062,0.6681653969050395,3.0193386,6.8834124,0.4664207,0.384641,0.73150474,IDP-ESM2-8M,42,278,0.22659564018249512,0.39507293701171875,0.014096113085756368,0.01744171977043152,0.06333934142580155
Q9DUC0,3.1336822509765625,6.720455169677734,0.3982664260395439,0.3332771956920624,0.881654317500952,3.5269313,7.9479966,0.43588775,0.37307903,0.8159652,IDP-ESM2-8M,42,278,0.3932490348815918,1.227541446685791,0.037621327923926584,0.039801836013793945,0.06568914187228991
Q9DUC3,2.6080071926116943,5.599854946136475,0.5010537643974005,0.4389950931072235,0.6576291769911529,2.4743872,5.8864713,0.51882434,0.42861214,0.67322195,IDP-ESM2-8M,42,278,0.133620023727417,0.28661632537841797,0.01777057451556341,0.01038295030593872,0.015592768771481413
Q9DUC6,2.615426540374756,6.174342155456543,0.5170310035718219,0.4226961135864258,0.6206291449489149,2.299774,5.119465,0.4335666,0.37720123,0.80622137,IDP-ESM2-8M,42,278,0.31565260887145996,1.0548772811889648,0.08346440348751705,0.04549488425254822,0.18559222097973505
Q9DVW6,2.526439428329468,6.268594741821289,0.6388052123277339,0.5193175673484802,0.5144878600334954,2.5534134,6.6766925,0.70149034,0.5490761,0.41874155,IDP-ESM2-8M,42,278,0.026973962783813032,0.4080977439880371,0.062685130289301,0.0297585129737854,0.09574630601166012
Q9DW22,3.653111696243286,8.138067245483398,0.4206820814155605,0.3258551955223083,0.8166276371112696,3.8224897,8.678068,0.47389284,0.3813741,0.7182219,IDP-ESM2-8M,42,278,0.16937804222106934,0.5400009155273438,0.053210756347272126,0.05551889538764959,0.09840573426397958
Q9DW68,1.6011124849319458,3.965951442718506,0.582463279763659,0.463755339384079,0.5245896433006679,1.61666,4.0022697,0.5636192,0.44499266,0.5428246,IDP-ESM2-8M,42,278,0.015547513961791992,0.036318302154541016,0.01884408334871146,0.018762677907943726,0.018234982668265176
Q9DWD6,4.629940986633301,10.524277687072754,0.4967767337039573,0.3865310251712799,0.6477282500245765,4.2930818,9.941851,0.5045196,0.39281112,0.6454531,IDP-ESM2-8M,42,278,0.33685922622680664,0.5824270248413086,0.007742848090781462,0.006280094385147095,0.002275154588480266
Q9DWG9,4.544446468353272,10.499134063720703,0.4718119746667017,0.3710501492023468,0.7605146255358993,4.677313,10.989097,0.5450076,0.42972088,0.6072671,IDP-ESM2-8M,42,278,0.13286638259887606,0.4899625778198242,0.0731956118124853,0.05867072939872742,0.15324754379838101
Q9DWH1,3.553987741470337,8.22957992553711,0.5329433265970519,0.4227588772773742,0.619217079349584,3.8546174,9.110988,0.5432205,0.43370283,0.6170871,IDP-ESM2-8M,42,278,0.3006296157836914,0.8814077377319336,0.010277193422479347,0.010943949222564753,0.0021299535713857898
Q9DWH9,3.616208553314209,8.012261390686035,0.3705011079466353,0.305389404296875,1.0084032894715935,3.981944,9.083729,0.46423858,0.37971514,0.7453033,IDP-ESM2-8M,42,278,0.3657355308532715,1.071467399597168,0.09373747609496014,0.07432574033737183,0.26310001627060475
Q9DYK3,2.1807291507720947,4.970689296722412,0.4915940071886682,0.3878690600395202,0.6464857385442991,2.1803951,5.0803866,0.5133053,0.41180775,0.6214443,IDP-ESM2-8M,42,278,0.00033402442932128906,0.10969734191894531,0.021711299245963156,0.023938685655593928,0.025041453628375065
Q9DYK6,2.193166971206665,4.934322357177734,0.4946416023187828,0.401964783668518,0.6386610648488869,2.1755157,5.061472,0.5109219,0.4093243,0.62135714,IDP-ESM2-8M,42,278,0.01765131950378418,0.1271495819091797,0.01628029318521501,0.007359504699707087,0.0173039219236244
Q9DYY2,2.256243944168091,5.207077503204346,0.4696994546072779,0.3709967136383056,0.6852911583066494,2.2468119,5.2210603,0.5070141,0.40688926,0.6292169,IDP-ESM2-8M,42,278,0.009432077407836914,0.013982772827148438,0.03731464117595573,0.035892546176910456,0.056074248898080103
Q9DZ98,1.616113543510437,4.089858531951904,0.5796712401303513,0.4628013372421264,0.5431717146337608,1.5363054,3.7449923,0.56718874,0.45934075,0.55497366,IDP-ESM2-8M,42,278,0.07980811595916748,0.3448662757873535,0.01248250035373999,0.003460586071014349,0.011801947265805857
Q9G051,1.833681464195252,4.493597507476807,0.6038211648316565,0.4750145077705383,0.5309793647070902,1.7237909,4.307312,0.6068078,0.48857647,0.52542984,IDP-ESM2-8M,42,278,0.10989058017730757,0.18628549575805664,0.0029866631178674385,0.013561964035034235,0.005549519850827966
Q9G054,2.181901931762696,5.299741744995117,0.6001258077596843,0.467110276222229,0.5333977386575665,2.1529613,5.577544,0.6593004,0.5217138,0.4564454,IDP-ESM2-8M,42,278,0.028940677642823154,0.2778024673461914,0.059174579145985895,0.054603517055511475,0.07695234271106377
Q9HBF8,2.264566421508789,5.07148027420044,0.5120851674979253,0.4223302602767944,0.6373283360079354,2.2588785,5.291614,0.53050095,0.4262928,0.6021578,IDP-ESM2-8M,42,278,0.0056879520416259766,0.22013378143310458,0.018415780931182346,0.003962546586990412,0.035170564420563544
Q9IF13,2.262802124023437,5.0660481452941895,0.4793020472702015,0.3902946412563324,0.6655150225205253,2.3088517,5.38099,0.5153585,0.41267297,0.6185861,IDP-ESM2-8M,42,278,0.046049594879150835,0.3149418830871582,0.03605646036300775,0.02237832546234131,0.04692889953087076
Q9IF25,2.254697561264038,5.323593616485596,0.5199091041546157,0.4151841104030609,0.6036367498628604,2.1856546,5.0845556,0.5114343,0.4106393,0.6239203,IDP-ESM2-8M,42,278,0.06904292106628418,0.23903799057006836,0.008474787519483828,0.0045448243618011475,0.020283571601678152
Q9IGT7,3.5380845069885254,8.011676788330078,0.5005317573395284,0.3813453912734985,0.6498430352770856,3.5779545,8.355414,0.5266226,0.4148537,0.6142851,IDP-ESM2-8M,42,278,0.03987002372741699,0.3437376022338867,0.026090836063334177,0.033508300781250056,0.03555792384977852
Q9IMR4,2.0153229236602783,4.610864639282227,0.5371550002311029,0.4489640295505523,0.5895972230505343,1.9072349,4.5463896,0.5565855,0.4469625,0.580233,IDP-ESM2-8M,42,278,0.10808801651000977,0.06447505950927734,0.01943049047247991,0.0020015239715575617,0.009364245183407838
Q9IMY1,1.4453210830688477,3.486630916595459,0.5590962442120135,0.440591961145401,0.5327863147347116,1.4927909,3.5841901,0.54192567,0.4354694,0.56018865,IDP-ESM2-8M,42,278,0.0474698543548584,0.09755921363830566,0.017170575495582874,0.005122572183609009,0.027402336350188294
Q9INB5,1.582047939300537,3.801606416702272,0.5482937667736586,0.4394698739051819,0.569563630751401,1.5009221,3.5982866,0.53821975,0.43218923,0.5743979,IDP-ESM2-8M,42,278,0.08112585544586182,0.2033197879791273,0.010074016846137845,0.0072806477546691895,0.004834290810793784
Q9IUC3,3.2503368854522705,7.261940956115723,0.4996196297523541,0.3992744088172912,0.7008114813127146,3.0273137,7.1095605,0.53094345,0.42194906,0.6215377,IDP-ESM2-8M,42,278,0.2230231761932373,0.15238046646118164,0.03132382355956609,0.02267464995384222,0.07927379591842754
Q9IUD3,3.065659523010254,6.964694976806641,0.4533316601152994,0.3542799353599548,0.788541767466009,2.8927023,6.6791935,0.5019019,0.40769133,0.6790348,IDP-ESM2-8M,42,278,0.172957181930542,0.28550148010253906,0.04857026449483853,0.05341139435768133,0.10950693832629954
Q9IWB2,2.5686028003692627,6.046530723571777,0.4972082223842847,0.3911418616771698,0.6281171000135656,2.507752,5.8520956,0.5029775,0.39712158,0.6292206,IDP-ESM2-8M,42,278,0.06085085868835449,0.19443511962890625,0.005769268040825171,0.005979716777801514,0.0011035048829798333
Q9J050,2.471503257751465,5.735693454742432,0.4973765235893549,0.3916654288768768,0.629746641343884,2.6282065,6.1306763,0.5087449,0.40093145,0.6201955,IDP-ESM2-8M,42,278,0.15670323371887207,0.39498281478881836,0.011368371868866523,0.009266018867492731,0.009551133340649165
Q9J1C9,1.9908874034881592,4.783167839050293,0.5601336499273625,0.4522044062614441,0.5692078692096479,2.100134,4.9949374,0.5571526,0.44539878,0.5761548,IDP-ESM2-8M,42,278,0.10924649238586426,0.21176958084106445,0.0029810210287418704,0.006805628538131714,0.006946958861946295
Q9J2I4,2.5893707275390625,6.184803485870361,0.563873991849523,0.4413600564002991,0.558473307971695,2.6335518,6.291173,0.55248594,0.43603912,0.5810637,IDP-ESM2-8M,42,278,0.044181108474731445,0.1063694953918457,0.011388049008946854,0.005320936441421509,0.022590379829666052
Q9J3S0,1.5079927444458008,3.671056270599365,0.5216503942185251,0.4184331595897674,0.5817059923906501,1.5547718,3.7081442,0.5337929,0.4268148,0.57409596,IDP-ESM2-8M,42,278,0.04677903652191162,0.0370879173278813,0.012142518741527386,0.008381634950637873,0.007610027958887433
Q9J4U3,3.026488304138184,6.922140121459961,0.4823205365280585,0.3776816427707672,0.6799544108671984,3.3462226,7.7649693,0.50785047,0.40254113,0.654122,IDP-ESM2-8M,42,278,0.31973433494567827,0.8428292274475098,0.025529931630663416,0.024859488010406494,0.02583241589496943
Q9J870,3.1007208824157715,7.938847541809082,0.6500983528238298,0.5067172050476074,0.5044136790347337,3.1287193,8.128719,0.7174043,0.5545199,0.3770488,IDP-ESM2-8M,42,278,0.02799844741821289,0.18987178802490234,0.06730595311107623,0.04780268669128418,0.12736488857986916
Q9JG27,1.4760866165161133,3.591573476791382,0.5578879206003294,0.4379743337631225,0.5360399451780083,1.5601101,3.6934762,0.52838844,0.4257674,0.5829874,IDP-ESM2-8M,42,278,0.08402347564697266,0.10190272331237793,0.029499479991351163,0.012206941843032781,0.04694748253347847
Q9JG66,2.8033759593963623,6.146939754486084,0.4265328815996519,0.3936993479728699,0.8084472795426774,2.717062,6.0231423,0.41679943,0.3626852,0.83029675,IDP-ESM2-8M,42,278,0.08631396293640137,0.12379741668701172,0.009733455520855527,0.03101414442062378,0.021849475294358767
Q9JGA4,2.281801223754883,5.565869331359863,0.5932358575299329,0.4726116061210632,0.5111962924638309,2.3029506,5.526388,0.58673316,0.4596097,0.511813,IDP-ESM2-8M,42,278,0.021149396896362305,0.039481163024902344,0.006502695126826219,0.013001918792724554,0.0006166924795589779
Q9JGA7,2.1695995330810547,5.153400897979736,0.5562275569886074,0.4302217960357666,0.5482589394353921,2.2507076,5.421529,0.57355,0.44649354,0.5273976,IDP-ESM2-8M,42,278,0.08110809326171875,0.2681279182434082,0.017322428897012743,0.016271740198135376,0.02086136644115988
Q9JGB0,2.249352216720581,5.325419902801514,0.5738218768434691,0.4562984406948089,0.5365267333173339,2.1515744,5.2417955,0.5807826,0.45006332,0.5156115,IDP-ESM2-8M,42,278,0.0977778434753418,0.08362436294555664,0.006960715453131261,0.006235122680664007,0.020915203967053153
Q9JGB2,2.186596393585205,5.110601902008057,0.5479458972302512,0.429350197315216,0.5673634705073287,2.2155352,5.3383274,0.5730704,0.44736817,0.5312672,IDP-ESM2-8M,42,278,0.028938770294189453,0.22772550582885742,0.025124509683506102,0.01801797747612005,0.03609624476498863
Q9JGB3,2.185464859008789,5.200220108032227,0.5617176938564323,0.4421248733997345,0.5420231136393421,2.2108252,5.333835,0.57891816,0.45097557,0.5211547,IDP-ESM2-8M,42,278,0.0253603458404541,0.13361501693725586,0.01720046515159379,0.008850693702697754,0.020868411929594766
Q9JGS4,1.837574481964112,4.3795366287231445,0.5323678455822197,0.4196849465370178,0.5641443549440245,1.9387608,4.5671487,0.5147347,0.40867817,0.6014043,IDP-ESM2-8M,42,278,0.10118627548217707,0.18761205673217773,0.017633160161229733,0.011006772518157959,0.03725995432874163
Q9JGT0,1.8453136682510376,4.313457012176514,0.5216707049565642,0.4067186415195465,0.5856361974907487,1.8969955,4.485092,0.52307254,0.41769806,0.5965955,IDP-ESM2-8M,42,278,0.05168187618255615,0.17163515090942383,0.0014018358034760814,0.010979413986206055,0.01095932825082846
Q9JGT3,1.8291200399398804,4.283942699432373,0.5260019177718986,0.4098417162895202,0.5726121474994231,1.908155,4.5059648,0.5203659,0.41291323,0.5915792,IDP-ESM2-8M,42,278,0.07903492450714111,0.22202205657958984,0.005636023931108847,0.0030715167522430975,0.018967051337857144
Q9KX95,2.074213743209839,5.095034122467041,0.5514575349731659,0.4227651953697204,0.5521603204406982,2.206755,5.2778425,0.54516643,0.43439275,0.5856852,IDP-ESM2-8M,42,278,0.13254117965698242,0.18280839920043945,0.006291102115652425,0.011627554893493708,0.03352487309796759
Q9MBM5,1.7829678058624268,4.479499340057373,0.6254315273077452,0.5006691217422485,0.5115926876244027,1.8409297,4.6747303,0.6233768,0.50317806,0.51423717,IDP-ESM2-8M,42,278,0.05796194076538086,0.19523096084594727,0.002054740598913418,0.0025089383125305176,0.002644477826647118
Q9PX71,2.5975682735443115,6.4868340492248535,0.5549496312090662,0.4114205837249756,0.569213786828555,2.626614,6.301175,0.550552,0.4402407,0.60088193,IDP-ESM2-8M,42,278,0.029045820236206055,0.18565893173217773,0.004397620672872304,0.028820127248764038,0.031668147337399644
Q9PYU9,2.542886734008789,6.091681957244873,0.6160128427244694,0.4911843240261078,0.534944817441723,2.4405932,6.284209,0.6649945,0.52467465,0.44218022,IDP-ESM2-8M,42,278,0.10229349136352539,0.19252681732177734,0.048981635501238574,0.03349032998085022,0.0927646011293145
Q9Q0D0,2.2579894065856934,5.292762279510498,0.5157800557067495,0.4048793911933899,0.6036908549002423,2.3520026,5.52907,0.52208745,0.41868013,0.61155516,IDP-ESM2-8M,42,278,0.09401321411132812,0.23630762100219727,0.0063073990890879505,0.013800740242004395,0.007864304191707139
Q9Q0D1,2.342282772064209,5.711767673492432,0.5484793335510314,0.4294732809066772,0.5613428589937517,2.4239097,5.7766805,0.5487231,0.43250465,0.5655103,IDP-ESM2-8M,42,278,0.08162689208984375,0.06491279602050781,0.0002437680648743612,0.003031373023986872,0.004167413985984636
Q9Q5K3,2.014817237854004,4.659890174865723,0.4749373774652287,0.369151771068573,0.6403612063034959,1.8350713,4.289006,0.49131373,0.39152098,0.6243719,IDP-ESM2-8M,42,278,0.17974591255187988,0.3708839416503906,0.01637634824468648,0.022369205951690674,0.015989320050138978
Q9Q5K9,8.01645278930664,18.170175552368164,0.5413950204937015,0.4325032830238342,0.6062376228113248,4.670564,10.994671,0.54894644,0.4269191,0.5809305,IDP-ESM2-8M,42,278,3.345888614654541,7.175504684448242,0.007551419726177677,0.005584180355071966,0.025307151391036675
Q9Q9G2,2.1771631240844727,5.199876308441162,0.5403447747272567,0.4160575568675995,0.5677893954642423,2.0330186,4.857782,0.5406492,0.42616105,0.5761223,IDP-ESM2-8M,42,278,0.14414453506469727,0.34209442138671875,0.00030440091666417146,0.010103493928909302,0.008332888471304534
Q9QAM5,2.010489225387573,4.696798801422119,0.5434137240862789,0.4335242509841919,0.566059860707018,2.0688832,5.058653,0.5781354,0.44843048,0.5060985,IDP-ESM2-8M,42,278,0.058393955230713335,0.36185407638549805,0.03472164712191206,0.014906227588653564,0.0599613518721791
Q9QAN0,2.0066559314727783,4.84959888458252,0.553732626584748,0.4187650978565216,0.5477009962096526,2.196253,5.3231707,0.5640023,0.44000039,0.52754366,IDP-ESM2-8M,42,278,0.18959712982177734,0.4735717773437491,0.010269648882170967,0.021235287189483643,0.020157332231075964
Q9QAN3,2.7910168170928955,7.002756118774414,0.6017217067016004,0.4577145278453827,0.5124108004411704,2.672567,6.605168,0.60920393,0.46810868,0.48652998,IDP-ESM2-8M,42,278,0.11844992637634277,0.39758825302124023,0.007482227967894217,0.010394155979156494,0.025880824311638517
Q9QAN7,2.4848380088806152,6.113774299621582,0.5902768540482313,0.4649828374385834,0.5127447055998111,2.4057832,5.9905605,0.6140326,0.47112057,0.46212283,IDP-ESM2-8M,42,278,0.0790548324584961,0.1232137680053711,0.023755772103807304,0.006137728691101074,0.05062187783148531
Q9QCK1,1.7041608095169067,3.873772382736206,0.4634740985241098,0.3656983077526092,0.656197039809361,1.6768812,3.907514,0.49183995,0.3966639,0.6375039,IDP-ESM2-8M,42,278,0.02727961540222168,0.03374171257019043,0.028365846792204885,0.03096559643745428,0.01869311782373473
Q9QEJ2,3.2139508724212646,7.425721645355225,0.5465408664637621,0.4317298233509063,0.5921761107264565,2.876813,6.7544885,0.53190964,0.42415482,0.61560154,IDP-ESM2-8M,42,278,0.33713793754577637,0.6712331771850586,0.01463122186003285,0.0075750052928924005,0.023425428885359922
Q9QGE5,1.828621506690979,4.25688362121582,0.4686851663256556,0.3776154220104217,0.6667923992277179,2.0262573,4.674486,0.50314873,0.41049862,0.6298688,IDP-ESM2-8M,42,278,0.19763576984405518,0.4176025390625,0.03446356824389396,0.032883197069168146,0.03692359381924015
Q9T127,1.5221561193466189,3.673488140106201,0.5302120817580626,0.4199313223361969,0.5651023879321737,1.6145992,3.8597438,0.5331759,0.4272435,0.57645935,IDP-ESM2-8M,42,278,0.09244310855865456,0.18625569343566895,0.0029638039192750876,0.007312178611755371,0.011356960269577998
Q9WIE5,1.7322287559509275,4.203291416168213,0.5750828757009979,0.4376606345176697,0.5357716403257735,1.819226,4.390742,0.5630818,0.4481998,0.5628342,IDP-ESM2-8M,42,278,0.08699727058410667,0.18745040893554688,0.012001074763345332,0.01053917407989502,0.027062562917482103
Q9WMX5,1.479040265083313,3.608541965484619,0.5589499807417716,0.4443309307098388,0.5453590265171918,1.5480965,3.7722788,0.5637334,0.45041877,0.54366225,IDP-ESM2-8M,42,278,0.06905627250671387,0.16373682022094727,0.004783418172565557,0.006087839603424128,0.001696776475230144
Q9WS24,1.7707046270370483,4.157768726348877,0.5417389195126291,0.4382513463497162,0.583939529371048,1.6217726,3.9196117,0.5475112,0.44129497,0.57685155,IDP-ESM2-8M,42,278,0.14893198013305664,0.23815703392028809,0.005772300465703428,0.003043621778488159,0.0070879826066742035
Q9WS26,1.738070368766785,4.145135879516602,0.5471701243182353,0.442179799079895,0.5638287914475624,1.7508733,4.2210293,0.5489281,0.43755555,0.56817955,IDP-ESM2-8M,42,278,0.012802958488464133,0.07589340209960938,0.0017579576710530231,0.0046242475509643555,0.004350756339150275
Q9WS27,1.699068546295166,4.104615688323975,0.5562009867842289,0.4354717135429382,0.5370344829210341,1.6994735,4.117604,0.54391855,0.43178388,0.56861234,IDP-ESM2-8M,42,278,0.0004049539566040039,0.012988090515136719,0.012282436769733063,0.0036878287792205255,0.031577854191392696
Q9WSW3,1.9721887111663816,4.61280632019043,0.5319726867487525,0.416441947221756,0.5814397842709021,1.9131069,4.555116,0.52772343,0.421536,0.6134596,IDP-ESM2-8M,42,278,0.059081792831420676,0.05769014358520508,0.004249255161533294,0.005094051361083984,0.03201980282626582
Q9YM30,1.6517850160598757,4.112072467803955,0.5781416809784035,0.4544959664344787,0.5389455341873101,1.5516313,3.801607,0.5754781,0.46145982,0.55268645,IDP-ESM2-8M,42,278,0.10015368461608909,0.31046557426452637,0.0026636040435890074,0.006963849067688044,0.013740918678290526
Q9YM71,1.5803712606430054,3.876248836517334,0.5632577803567007,0.4338760673999786,0.5372365526053515,1.6246128,3.9228077,0.5504417,0.4362249,0.56710297,IDP-ESM2-8M,42,278,0.04424154758453369,0.04655885696411133,0.01281609801798611,0.002348840236663874,0.029866416087428016
Q9YMA2,1.575654149055481,3.819833993911743,0.5399339435545967,0.4174912273883819,0.5704617678551523,1.5647372,3.7605479,0.5405469,0.43278825,0.57604164,IDP-ESM2-8M,42,278,0.010916948318481445,0.05928611755371094,0.0006129505188896545,0.015297025442123469,0.005579870996013425
Q9YMA3,1.5980768203735352,3.8468925952911377,0.5537956861124224,0.4246951639652252,0.5570607281571294,1.5141839,3.661446,0.5524576,0.4445869,0.56991184,IDP-ESM2-8M,42,278,0.08389294147491455,0.18544650077819824,0.0013381150827592725,0.019891738891601562,0.012851109420690454
Q9YMA4,1.5942798852920532,4.0362982749938965,0.5727314503103924,0.4404690563678741,0.5275172520815501,1.5387233,3.7551184,0.56214094,0.4488531,0.55782026,IDP-ESM2-8M,42,278,0.055556535720825195,0.28117990493774414,0.010590508690519362,0.008384048938751276,0.030303008443199664
Q9YMM6,3.4519689083099365,8.671731948852539,0.643714469712565,0.5105518102645874,0.4793274814808922,3.3770335,8.503086,0.6660159,0.51135916,0.4074495,IDP-ESM2-8M,42,278,0.0749354362487793,0.16864585876464844,0.022301453310658914,0.000807344913482666,0.07187796780710987
Q9YMQ8,1.9262830018997192,4.551499366760254,0.5268995546165445,0.4030650854110718,0.5954611001293257,2.083744,5.008786,0.54618573,0.44042438,0.5865173,IDP-ESM2-8M,42,278,0.1574610471725464,0.4572868347167969,0.01928617727127291,0.03735929727554321,0.008943825749595513
Q9YNX5,1.807967185974121,4.340127944946289,0.5441058154813202,0.41974937915802,0.5551287494549475,1.7111529,4.1042833,0.5390042,0.42897373,0.5733377,IDP-ESM2-8M,42,278,0.09681427478790283,0.23584461212158203,0.005101608823910531,0.009224355220794678,0.018208924685982675
Q9YNX6,1.892056584358216,4.449362277984619,0.5358166986131166,0.4147041440010071,0.589998658758134,1.8397291,4.4919257,0.5625186,0.44727552,0.5449346,IDP-ESM2-8M,42,278,0.05232751369476385,0.042563438415527344,0.026701898036053273,0.032571375370025635,0.045064087968796795
Q9YNX8,1.7939752340316772,4.330946445465088,0.5524801827880144,0.4332164824008941,0.5584484131112127,1.7110705,4.117205,0.5408814,0.43006963,0.5797534,IDP-ESM2-8M,42,278,0.08290469646453857,0.21374130249023438,0.011598787448048542,0.0031468570232390802,0.021304985784050934
Q9YPA9,4.512254238128662,6.875372886657715,0.2000000000000037,0.249333769083023,2.280689628099509,3.9586644,9.146948,0.5151272,0.40194488,0.6366093,IDP-ESM2-8M,42,278,0.5535898208618164,2.2715749740600586,0.3151271820068322,0.1526111066341401,1.6440803122273167
Q9YPD8,1.5398569107055664,3.961629867553711,0.6170600558389637,0.4823064804077148,0.477493736780907,1.744998,4.219654,0.55805075,0.44777194,0.5570599,IDP-ESM2-8M,42,278,0.2051410675048828,0.2580242156982422,0.05900930415286754,0.03453454375267023,0.07956614729044309
Q9YPG8,1.606947898864746,3.847220659255981,0.5293073359869714,0.4286176562309265,0.5552595813958029,1.7026318,4.111534,0.5345567,0.41959488,0.5521858,IDP-ESM2-8M,42,278,0.09568393230438232,0.26431345939636275,0.005249350891232907,0.009022772312164307,0.003073807546315588
Q9YR10,1.4435824155807495,3.5656237602233887,0.5726790233214882,0.4536713361740112,0.5235526360581871,1.3394877,3.195456,0.5412731,0.4411667,0.5644147,IDP-ESM2-8M,42,278,0.1040947437286377,0.37016773223876953,0.03140590625605855,0.01250463724136347,0.040862043945932736
Q9ZWY9,2.317267179489136,5.414470195770264,0.5877510662365408,0.4799017310142517,0.5563600147903522,2.1964402,5.192447,0.55805665,0.45751333,0.61506253,IDP-ESM2-8M,42,278,0.1208269596099858,0.22202301025390625,0.029694413690611876,0.02238839864730835,0.05870252001876031
A0A060BGV2,1.9466845989227293,5.067971706390381,0.7129679222390012,0.5865793824195862,0.4685962485748225,1.4262636,3.6188438,0.6248615,0.5176625,0.545977,IDP-ESM2-8M,67,278,0.5204210281372068,1.4491279125213623,0.08810644343345919,0.06891685724258423,0.07738074784699145
A0A068LKJ5,3.073653221130371,7.422324180603027,0.6235674877615224,0.5066956877708435,0.526526042318913,3.0247848,7.3100595,0.5971277,0.46660507,0.5123217,IDP-ESM2-8M,67,278,0.048868417739868164,0.11226463317871094,0.02643981175139054,0.04009062051773071,0.014204331732365127
A0A068QKP9,3.781899929046631,9.748181343078612,0.6796296242642609,0.5474928021430969,0.4941238918618665,4.6721735,11.619467,0.7019786,0.545525,0.5021714,IDP-ESM2-8M,67,278,0.8902735710144043,1.8712854385375994,0.022348999602774033,0.001967787742614746,0.008047505347300976
A0A075FGF0,3.0392067432403564,6.117240905761719,0.2529240675551638,0.2617270052433014,1.410427146255084,3.5180426,7.5278535,0.37499297,0.3344904,0.94022715,IDP-ESM2-8M,67,278,0.4788358211517334,1.4106125831604004,0.12206889909675273,0.07276338338851929,0.4701999953380307
A0A088MZV7,1.7236555814743042,3.378725290298462,0.2845940245881171,0.2910119295120239,1.0400381685649598,1.9777249,4.3678317,0.44597885,0.3734496,0.7310085,IDP-ESM2-8M,67,278,0.25406932830810547,0.9891064167022705,0.16138482553814937,0.082437664270401,0.30902963890187385
A0A088N936,1.7729852199554443,3.413412809371948,0.2873456939576882,0.3010227978229522,1.0594010475621054,1.98518,4.4370947,0.46055803,0.38238373,0.70382166,IDP-ESM2-8M,67,278,0.2121948003768921,1.0236818790435795,0.17321233307134926,0.08136093616485601,0.35557938847397064
A0A0A0RNI5,1.795749545097351,4.456056594848633,0.6091256170759287,0.4751231074333191,0.5118457236815459,1.7814167,4.4603357,0.61910534,0.49610594,0.50957894,IDP-ESM2-8M,67,278,0.014332890510559082,0.004279136657714844,0.009979721974364253,0.020982831716537476,0.002266780428982429
A0A0A0UYW6,1.5053898096084597,3.748894929885864,0.5955680885741205,0.4759475588798523,0.5147762125582415,1.4746746,3.6598713,0.59252656,0.471682,0.5022014,IDP-ESM2-8M,67,278,0.030715227127075417,0.08902359008789018,0.003041533512780137,0.004265546798706055,0.012574834212751962
A0A0A7KTD7,3.1537880897521973,7.421866416931152,0.6005818132667066,0.4804815053939819,0.5570706408401724,3.093545,7.555604,0.6326288,0.4929186,0.4587802,IDP-ESM2-8M,67,278,0.06024312973022461,0.13373756408691406,0.03204698521809568,0.012437105178833063,0.09829044155085054
A0A0B4VGH4,3.497132539749145,8.55925464630127,0.6502923232929433,0.5309977531433105,0.5324286637397587,3.476923,8.17012,0.60558987,0.50186825,0.59993726,IDP-ESM2-8M,67,278,0.0202095508575435,0.38913440704345703,0.04470245665475969,0.029129505157470703,0.0675085964111507
A0A0B4ZUM6,3.3797593116760254,8.253604888916016,0.6394671622866669,0.5047334432601929,0.507852863542672,3.5390701,8.713671,0.6358539,0.48957503,0.44741452,IDP-ESM2-8M,67,278,0.15931081771850586,0.4600658416748047,0.0036132756823578083,0.015158414840698242,0.06043834614002308
A0A0B5JAX3,3.623250722885132,9.133085250854492,0.3515601502168439,0.3236335515975952,1.1006311893005774,3.508399,7.418987,0.36241174,0.35236013,1.0408559,IDP-ESM2-8M,67,278,0.11485171318054199,1.7140984535217285,0.01085158722517271,0.028726577758789062,0.0597753047485754
A0A0C5B347,2.5254065990448,5.995307445526123,0.6199352224181771,0.5124143958091736,0.5350323678060749,2.675325,6.6292105,0.6398269,0.50514454,0.4911371,IDP-ESM2-8M,67,278,0.1499183177947998,0.6339030265808105,0.019891671388280407,0.007269859313964844,0.04389528046095159
A0A0C7TJV6,3.188424587249756,6.254737377166748,0.2795826862762988,0.3030257523059845,1.3145511780560923,3.5477424,7.5868425,0.37468213,0.33472097,0.943426,IDP-ESM2-8M,67,278,0.3593177795410156,1.3321051597595215,0.09509944215311406,0.03169521689414978,0.37112516506323345
A0A0C7TQD0,3.106126308441162,6.339704036712647,0.265125330083358,0.2660461664199829,1.3657748663587217,3.4918604,7.4668474,0.375021,0.33490542,0.9401643,IDP-ESM2-8M,67,278,0.38573408126831055,1.1271433830261222,0.10989568055392535,0.06885924935340881,0.42561053873726173
A0A0C7TTX4,3.0519442558288574,6.34882116317749,0.2549867720859863,0.259836196899414,1.403659796161559,3.5279784,7.526457,0.37062833,0.3329463,0.9529813,IDP-ESM2-8M,67,278,0.47603416442871094,1.177635669708252,0.11564155504528506,0.07311010360717779,0.45067850296011236
A0A0C7TY93,3.148688793182373,6.227638244628906,0.2744628569301132,0.2906990945339203,1.3285720956463638,3.5362256,7.5613174,0.37332946,0.333892,0.94478697,IDP-ESM2-8M,67,278,0.38753676414489746,1.33367919921875,0.09886660369076694,0.043192893266677856,0.3837851297993484
A0A0E3FC10,1.880479097366333,4.209773063659668,0.4161564785089945,0.3334609866142273,0.7177423124528997,1.9635742,4.3768573,0.44532278,0.35669664,0.69982505,IDP-ESM2-8M,67,278,0.08309507369995117,0.1670842170715332,0.029166303292229245,0.02323564887046814,0.017917264006244382
A0A0E3FG91,2.0131211280822754,4.862473964691162,0.5718018347712035,0.448374330997467,0.5493445814937292,1.9451478,4.6043873,0.5587237,0.45826054,0.5773915,IDP-ESM2-8M,67,278,0.06797337532043457,0.2580866813659668,0.013078146645593147,0.00988620519638067,0.02804692374766482
A0A0E3GI14,3.773081779479981,9.077367782592772,0.627791825679274,0.4856157004833221,0.5043793255026896,3.755024,9.037802,0.5657223,0.4365775,0.56275165,IDP-ESM2-8M,67,278,0.018057823181152788,0.039566040039060724,0.06206953897807166,0.04903820157051081,0.0583723253075521
A0A0E3HAY2,2.0226192474365234,4.744606971740723,0.5654119321108492,0.4621042013168335,0.5621568172093305,2.007535,4.75834,0.5674462,0.467024,0.56924707,IDP-ESM2-8M,67,278,0.015084266662597656,0.01373291015625,0.002034240126547071,0.00491979718208313,0.007090249765309364
A0A0E3HBF5,1.9836127758026123,4.875771045684815,0.6203108658269878,0.484820544719696,0.5073980712262678,1.9132226,4.6439643,0.58184326,0.46787006,0.5584639,IDP-ESM2-8M,67,278,0.07039022445678711,0.23180675506591886,0.03846760887660938,0.01695048809051508,0.051065800252766635
A0A0E3IAD2,1.9471136331558228,4.787200450897217,0.6015847856356431,0.4739196002483368,0.525911541176124,1.8607405,4.540205,0.5838902,0.46822533,0.54875726,IDP-ESM2-8M,67,278,0.08637309074401855,0.2469954490661621,0.01769458597438822,0.005694270133972168,0.02284571390123802
A0A0E3Z619,4.6458234786987305,11.554898262023926,0.6481136998929391,0.4964110255241394,0.5204471831828791,4.549521,11.06955,0.6174275,0.4856745,0.5640117,IDP-ESM2-8M,67,278,0.09630250930786133,0.4853487014770508,0.0306861719884286,0.010736525058746338,0.043564509817914376
A0A0F6YQQ5,2.431192874908448,5.88455057144165,0.5781898777838793,0.4457144439220428,0.5673257093884235,2.7659848,6.741449,0.60052377,0.47076797,0.53339034,IDP-ESM2-8M,67,278,0.3347918987274161,0.856898307800293,0.022333892071619954,0.025053530931472834,0.033935366199184025
A0A0F7L2H1,2.073246717453003,4.924455642700195,0.5255543124309948,0.4187829494476318,0.5664040142905191,2.3126628,5.628635,0.5900516,0.478564,0.52098507,IDP-ESM2-8M,67,278,0.23941612243652344,0.7041792869567871,0.06449727896533697,0.05978104472160345,0.04541894739980257
A0A0F7L948,2.9397494792938232,7.174188613891602,0.6163832423289565,0.4765016138553619,0.5128500886215313,2.7557492,6.8084254,0.6159787,0.47906625,0.50059044,IDP-ESM2-8M,67,278,0.18400025367736816,0.36576318740844727,0.0004045245250013929,0.0025646388530731756,0.012259645010386233
A0A0H4SM67,1.9843988418579104,4.266936302185059,0.3062166494019788,0.2807266116142273,1.010876224195074,2.1774101,4.571193,0.39061418,0.34275195,0.8321378,IDP-ESM2-8M,67,278,0.1930112838745115,0.3042569160461426,0.08439753235499448,0.06202533841133118,0.17873840109021555
A0A0H4XWL8,4.315979480743408,9.955765724182127,0.5084613407263553,0.3972390592098236,0.640781402152695,3.980548,9.451759,0.533392,0.41372013,0.62031543,IDP-ESM2-8M,67,278,0.3354315757751465,0.5040063858032209,0.02493067139293792,0.016481071710586548,0.02046596960417202
A0A0K0KVV5,1.9332348108291624,4.84041690826416,0.652502016610558,0.5271721482276917,0.4880014727369794,1.9832846,4.9529147,0.6320995,0.50122577,0.47329572,IDP-ESM2-8M,67,278,0.05004978179931663,0.11249780654907227,0.020402507371361178,0.025946378707885742,0.014705754305506635
A0A0K0UUV8,1.504486083984375,3.645750999450684,0.5843328633671061,0.4797887504100799,0.5301404720415408,1.4376289,3.5654645,0.5984808,0.47828048,0.49496865,IDP-ESM2-8M,67,278,0.0668572187423706,0.08028650283813521,0.01414795728871665,0.0015082657337188166,0.035171819316321074
A0A0M4RBN9,1.762556791305542,3.64371919631958,0.3319584637603658,0.306751936674118,0.9226113466819614,1.9434909,4.20374,0.42282352,0.36504146,0.78634375,IDP-ESM2-8M,67,278,0.18093407154083252,0.560020923614502,0.09086505475426737,0.05828952789306646,0.13626759334410132
A0A0N9R406,2.724632501602173,6.881143569946289,0.6377364459373973,0.5010972023010254,0.5063251559667581,2.6958606,6.574153,0.61542,0.49885836,0.54598397,IDP-ESM2-8M,67,278,0.02877187728881836,0.3069906234741211,0.022316462073566745,0.002238839864730835,0.039658814198494596
A0A0R7EYS2,2.6900744438171387,6.6449294090271,0.6371846980636799,0.5069941878318787,0.5222454109551008,2.9504592,7.250808,0.63861436,0.50030005,0.5169314,IDP-ESM2-8M,67,278,0.26038479804992676,0.6058783531188965,0.001429658454111804,0.006694138050079346,0.0053139963509137855
A0A0S0BY46,2.893683910369873,5.116574287414551,0.2,0.2353168576955795,1.6426073756181838,3.9499984,8.3819685,0.3449927,0.3187702,1.02759,IDP-ESM2-8M,67,278,1.056314468383789,3.2653942108154297,0.1449926972389221,0.08345334231853488,0.6150173392259719
A0A0U3U0D7,3.17332410812378,6.3300323486328125,0.2737225946963084,0.2895107567310333,1.3442246515464111,3.5899487,7.7112575,0.3786734,0.33624512,0.9356253,IDP-ESM2-8M,67,278,0.4166245460510245,1.3812251091003418,0.10495080975887655,0.046734362840652466,0.4085993368338867
A0A0X9FL12,2.499018669128418,6.090692043304443,0.6322264254009219,0.5119125843048096,0.514227041776762,2.3444092,5.708713,0.60402435,0.47842187,0.5488759,IDP-ESM2-8M,67,278,0.15460944175720215,0.38197898864746094,0.02820207475776393,0.03349071741104126,0.034648886148347824
A0A127KLB1,2.1190025806427,5.252792835235596,0.6144869530672417,0.4761258363723755,0.5079373941017518,2.050851,5.053135,0.6053015,0.48215058,0.51834637,IDP-ESM2-8M,67,278,0.06815147399902344,0.19965791702270508,0.009185453700481405,0.006024748086929321,0.01040897516475825
A0A127KLJ5,1.8778077363967896,3.969946622848511,0.385921489141911,0.3239397406578064,0.7900150587473994,1.9651096,4.4304304,0.4625904,0.37224978,0.67658794,IDP-ESM2-8M,67,278,0.08730185031890869,0.4604837894439693,0.07666890726235537,0.048310041427612305,0.11342711948500928
A0A140F9E7,2.682987689971924,6.262972354888916,0.5033012214408389,0.3957318067550659,0.6128287548226748,2.7646186,6.47972,0.5205264,0.40808013,0.5955812,IDP-ESM2-8M,67,278,0.08163094520568848,0.21674776077270508,0.017225187708331036,0.012348324060440063,0.017247580925885297
A0A140HQX3,3.5185742378234863,8.663448333740234,0.6205833621752056,0.4868972301483154,0.5172761543123339,3.5756383,8.547354,0.5668997,0.44218048,0.56958824,IDP-ESM2-8M,67,278,0.057064056396484375,0.11609458923339844,0.05368364532111014,0.04471674561500544,0.05231208964900036
A0A142KCK0,2.0349373817443848,4.737380504608154,0.5104756664931029,0.4065235257148742,0.6053974661579655,2.0916467,4.846268,0.5032943,0.40093148,0.6305579,IDP-ESM2-8M,67,278,0.05670928955078125,0.1088876724243164,0.0071813773810118775,0.0055920481681823175,0.02516042854876055
A0A192GNU8,5.7325439453125,13.2327241897583,0.6076169698661501,0.4898139834403991,0.6274918948381998,4.990912,11.864967,0.56750554,0.46579075,0.7300653,IDP-ESM2-8M,67,278,0.7416319847106934,1.3677568435668945,0.040111431402557574,0.024023234844207708,0.1025733913213156
A0A1B1MQX9,3.636563777923584,8.983659744262695,0.6222812069105729,0.4917813241481781,0.5247150571106248,3.7158148,8.817553,0.5666985,0.45294264,0.6019468,IDP-ESM2-8M,67,278,0.07925105094909668,0.166107177734375,0.05558271533723913,0.03883868455886841,0.07723171403424212
A0A1B1SEH4,1.5573220252990725,3.8965466022491455,0.5832444875340534,0.45973601937294,0.5396028485422335,1.6203859,4.1309752,0.62248856,0.4899518,0.48076117,IDP-ESM2-8M,67,278,0.06306385993957497,0.23442864418029785,0.03924407075833547,0.030215770006179865,0.05884167815496544
A0A1B2CSH8,2.485731601715088,5.971592426300049,0.6065935045650473,0.49430713057518,0.5614668686400435,2.8670022,7.213582,0.67360747,0.5277965,0.46521783,IDP-ESM2-8M,67,278,0.3812706470489502,1.2419896125793457,0.06701396403999416,0.03348937630653387,0.09624903988943312
A0A1C9EI46,2.4554202556610107,6.337825298309326,0.6453417474742582,0.4903135001659393,0.4971227054091682,2.4589262,6.087241,0.62470174,0.502502,0.5485112,IDP-ESM2-8M,67,278,0.0035059452056884766,0.25058412551879883,0.020640009116714264,0.012188524007797297,0.05138850169456105
A0A1D7RB72,1.9049149751663208,4.26450252532959,0.4393348887550805,0.3645156919956207,0.6874126643433466,2.000505,4.5309277,0.46573967,0.37304363,0.6782364,IDP-ESM2-8M,67,278,0.09558999538421631,0.26642513275146484,0.02640477866053842,0.008527934551239014,0.009176239420403465
A0A1D7RFJ1,2.119343042373657,5.180019378662109,0.6110240777318784,0.4808630645275116,0.5133276678023542,2.0528736,5.1188846,0.616339,0.48647606,0.50587463,IDP-ESM2-8M,67,278,0.06646943092346147,0.06113481521606445,0.0053149501497439244,0.005612999200820923,0.007453034013291671
A0A1D7RII7,1.8909165859222408,3.929341316223145,0.4019441831493663,0.3523488640785217,0.7648124245245772,2.0169392,4.6013975,0.4747497,0.3785923,0.66236556,IDP-ESM2-8M,67,278,0.12602257728576705,0.6720561981201167,0.07280553098675735,0.026243448257446345,0.10244686876133258
A0A1D7S6P1,1.912898659706116,4.0502238273620605,0.4204396745835724,0.3427617251873016,0.735536932456827,2.0197906,4.594123,0.47253233,0.3780186,0.66794217,IDP-ESM2-8M,67,278,0.10689198970794656,0.5438990592956543,0.052092657359939565,0.035256862640380915,0.06759476612839688
A0A1D7SND7,2.027412414550781,5.064353466033936,0.6014824055213335,0.4671358466148376,0.5118930111089554,2.0536923,5.039837,0.5964303,0.47219378,0.5213076,IDP-ESM2-8M,67,278,0.026279926300049272,0.02451658248901456,0.0050521038550737085,0.005057930946350153,0.009414576514640838
A0A1D8KSZ5,2.1301910877227783,5.291312217712402,0.61338376255938,0.4820922911167145,0.51918731776532,2.0407329,5.082332,0.6238908,0.4958864,0.504037,IDP-ESM2-8M,67,278,0.08945822715759277,0.20898008346557617,0.01050705460599477,0.013794094324111938,0.015150295174682804
A0A1S5YE66,2.5283663272857666,6.014689922332764,0.6144904740173595,0.5057743191719055,0.5331045654360697,2.5761945,6.346357,0.62526524,0.49494323,0.50860137,IDP-ESM2-8M,67,278,0.04782819747924805,0.3316669464111328,0.010774766651891032,0.010831087827682495,0.02450319796246736
A0A1V0EDG6,1.5763734579086304,3.4868197441101074,0.3068296425146934,0.310068666934967,0.9500125684347482,1.6231053,3.195352,0.39099944,0.3623078,0.85483754,IDP-ESM2-8M,67,278,0.04673182964324951,0.29146766662597656,0.08416979386378559,0.052239120006561335,0.09517503162291963
A0A1V0SDB7,4.330148220062256,10.940457344055176,0.6213148286294141,0.4816248416900635,0.5632182594808528,4.158612,10.144695,0.6023921,0.47570175,0.57050174,IDP-ESM2-8M,67,278,0.17153644561767578,0.7957620620727539,0.01892275118343023,0.005923092365264893,0.007283485266309064
A0A1V0SEI4,1.8054633140563965,4.368613243103027,0.5979153270886731,0.4888360500335693,0.5700438881923519,1.7851299,4.267638,0.5864662,0.48437694,0.5839045,IDP-ESM2-8M,67,278,0.020333409309387207,0.10097503662109375,0.011449133889515406,0.00445911288261408,0.013860616583649121
A0A1V0SIV1,4.1048736572265625,10.162138938903809,0.6645964185969084,0.5229781270027161,0.5328955406856537,4.01245,10.149969,0.6774976,0.5235297,0.46534532,IDP-ESM2-8M,67,278,0.0924234390258789,0.012169837951660156,0.012901206754043715,0.0005515813827514648,0.06755021759986879
A0A1Z1LW78,1.987473964691162,4.400740623474121,0.4591689865677923,0.3771038353443146,0.6578689888008009,1.9783399,4.392191,0.45259,0.37142694,0.7096827,IDP-ESM2-8M,67,278,0.009134054183959961,0.008549690246582031,0.006578997859296221,0.005676895380020142,0.05181371421738756
A0A218MKB4,2.420564651489258,6.291011810302734,0.638200934645876,0.4804953634738922,0.5008979651892149,2.764318,6.80527,0.6195382,0.49239776,0.5643748,IDP-ESM2-8M,67,278,0.3437533378601074,0.5142583847045898,0.01866274666522416,0.011902391910552979,0.06347683930755021
A0A218MLX2,2.2364635467529297,5.674166202545166,0.619369086183255,0.4787430465221405,0.515479431758483,2.1220903,5.239327,0.6041702,0.48167908,0.54399914,IDP-ESM2-8M,67,278,0.11437320709228516,0.43483924865722656,0.015198882974331696,0.002936035394668579,0.02851970373574919
A0A218MLZ4,2.047249794006348,5.174904823303223,0.6699496338764966,0.5274516940116882,0.4834665530288211,2.0767438,5.3511815,0.6704185,0.53437674,0.47536692,IDP-ESM2-8M,67,278,0.029494047164916548,0.17627668380737305,0.0004688670237719128,0.006925046443939209,0.00809963279604825
A0A218MM47,3.0601587295532227,7.780268669128418,0.6267185265191563,0.4853298962116241,0.5179308176273886,2.971105,7.29482,0.61103344,0.47978795,0.5538441,IDP-ESM2-8M,67,278,0.08905363082885742,0.48544883728027344,0.015685086882925803,0.005541950464248602,0.03591327664903965
A0A218MM62,3.9608118534088135,9.773451805114746,0.6112229547785968,0.4591792225837707,0.5621217231966981,4.153472,10.309305,0.66286623,0.51054996,0.4966165,IDP-ESM2-8M,67,278,0.19266009330749512,0.535853385925293,0.05164328000076113,0.05137073993682867,0.0655052106596955
A0A218MME3,2.253435134887696,5.859304428100586,0.6571256868571886,0.5031654238700867,0.4806869800322141,2.3116753,5.6318083,0.60062593,0.48643047,0.57993746,IDP-ESM2-8M,67,278,0.058240175247191495,0.22749614715576172,0.05649975464054435,0.016734957695007324,0.09925047800611597
A0A218MMI9,2.028818130493164,5.205209732055664,0.6454134359833859,0.5056187510490417,0.4974971138925941,2.1449847,5.4455967,0.6581948,0.52337694,0.47868493,IDP-ESM2-8M,67,278,0.11616659164428711,0.240386962890625,0.012781344366345593,0.017758190631866455,0.018812181899109603
A0A222ZRZ9,1.88077175617218,3.983983039855957,0.3847965184132947,0.343037337064743,0.8358709388703613,2.0934577,4.675108,0.45767522,0.38178468,0.71969694,IDP-ESM2-8M,67,278,0.21268594264984153,0.6911249160766602,0.07287870016885861,0.03874734044075018,0.11617399987881472
A0A249XMM6,1.587058663368225,3.9025182723999023,0.6081996666131302,0.4853251576423645,0.5151467459662195,1.751621,4.427385,0.6260239,0.49687523,0.49753323,IDP-ESM2-8M,67,278,0.16456234455108643,0.5248665809631348,0.017824221974821475,0.011550068855285645,0.017613513992571384
A0A290GQ28,1.591983437538147,3.9459362030029297,0.5996545610865007,0.476247638463974,0.5284702797433743,1.5291656,3.8143647,0.62003493,0.5031489,0.51300997,IDP-ESM2-8M,67,278,0.06281781196594238,0.13157153129577637,0.020380372003709235,0.026901274919509888,0.015460314323605062
A0A2D1GNS7,1.8562084436416624,4.6157307624816895,0.6068438149232709,0.5070620179176331,0.5411538626987368,1.6173003,3.878188,0.57063913,0.4850238,0.6016855,IDP-ESM2-8M,67,278,0.23890817165374734,0.7375428676605225,0.036204681469901745,0.02203822135925293,0.06053166128807963
A0A2D1M0A0,3.0987584590911865,6.217294216156006,0.2680757490699053,0.2750036120414734,1.347373444504014,3.5170922,7.5122404,0.37261045,0.33372077,0.947318,IDP-ESM2-8M,67,278,0.4183337688446045,1.2949461936950684,0.10453470072104931,0.058717161417007446,0.4000554270212564
A0A2D3I5T4,3.427800178527832,8.643939018249512,0.629855979435968,0.4775140285491943,0.5422103768411841,3.3505304,8.341478,0.6399248,0.50550485,0.5473093,IDP-ESM2-8M,67,278,0.0772697925567627,0.3024606704711914,0.010068844801855437,0.027990818023681696,0.00509890260064938
A0A2I6SBY4,2.5025556087493896,6.354439735412598,0.6815675888338483,0.5499695539474487,0.4962654650488172,2.4217465,6.3239183,0.73726314,0.5835761,0.33548743,IDP-ESM2-8M,67,278,0.08080911636352539,0.030521392822265625,0.05569555422874328,0.033606529235839844,0.16077803972151616
A0A2I6SCK6,2.685833215713501,6.94218635559082,0.6846655819840384,0.5485411286354065,0.4931653674896652,2.3131106,5.538161,0.602648,0.49985972,0.5941323,IDP-ESM2-8M,67,278,0.3727226257324219,1.4040255546569824,0.08201756219338896,0.048681408166885376,0.10096693670192414
A0A2K9VSC6,3.317457914352417,8.031097412109375,0.6374334320329164,0.5192162394523621,0.5119018801837045,3.3903563,8.181206,0.6089522,0.48422223,0.53851,IDP-ESM2-8M,67,278,0.07289838790893555,0.15010833740234375,0.028481207778308204,0.03499400615692139,0.026608144363872377
A0A2P1GNK0,3.24163031578064,7.594503879547119,0.5287660869184808,0.4188036024570465,0.6058451871805083,3.3280785,7.7877026,0.5076413,0.3990841,0.6490313,IDP-ESM2-8M,67,278,0.0864481925964351,0.19319868087768555,0.021124771458275737,0.01971951127052307,0.04318609429074416
A0A2R3UAC7,1.909107089042664,4.803678512573242,0.6248474794221456,0.4938169419765472,0.5046491026065458,1.8018262,4.4249387,0.59882635,0.47719237,0.52589995,IDP-ESM2-8M,67,278,0.10728085041046187,0.3787398338317871,0.026021130640559886,0.016624569892883245,0.021250844083059883
A0A2R8FEN2,2.1930902004241943,4.634369373321533,0.3689266547135045,0.3035509884357452,0.8144768411593042,2.6611094,5.8609953,0.41124767,0.33376515,0.7869235,IDP-ESM2-8M,67,278,0.4680192470550537,1.226625919342041,0.04232101593697768,0.03021416068077093,0.027553313441713856
A0A2S1MMK3,3.054756164550781,5.755621433258057,0.2443340797938483,0.2603816986083984,1.4692458294885395,3.5447295,7.5764503,0.37454647,0.33526072,0.94499016,IDP-ESM2-8M,67,278,0.48997330665588423,1.820828914642334,0.13021238846405575,0.07487902045249945,0.5242556714074849
A0A2S1MQZ2,3.09568452835083,6.610805988311768,0.2671375760899254,0.2756531536579132,1.347184486038522,3.5509706,7.59334,0.3745493,0.33483234,0.94486177,IDP-ESM2-8M,67,278,0.45528602600097656,0.9825339317321777,0.1074117233886055,0.05917918682098389,0.40232271636231354
A0A2S1MU58,3.075150728225708,5.945162296295166,0.2468645342491461,0.2820548415184021,1.4606909791679732,3.599924,7.712298,0.3735981,0.3338386,0.94495785,IDP-ESM2-8M,67,278,0.524773359298706,1.7671356201171875,0.12673356450573672,0.05178377032279968,0.5157331268043868
A0A2S1N1Y6,3.179504156112671,6.537221431732178,0.2816311771264032,0.2890353202819824,1.301375550070033,3.5505323,7.5737915,0.36933574,0.33227307,0.9566958,IDP-ESM2-8M,67,278,0.37102818489074707,1.0365700721740723,0.08770456367826907,0.04323774576187134,0.3446797550108289
A0A2S1N210,3.1431422233581543,6.254472732543945,0.2714263842871782,0.2792133688926697,1.3428809366069938,3.5523705,7.598014,0.3757138,0.3352216,0.9402844,IDP-ESM2-8M,67,278,0.4092283248901367,1.343541145324707,0.1042874111363295,0.056008219718933105,0.4025965652309562
A0A2U7U7R7,3.1205430030822754,6.778926849365234,0.4592673357785028,0.385464072227478,0.7301072784220611,3.2216177,7.32819,0.47973034,0.38746792,0.6857865,IDP-ESM2-8M,67,278,0.1010746955871582,0.5492630004882812,0.020463002079697257,0.0020038485527038574,0.044320792750064064
A0A2Z4HI38,2.954874277114868,7.174960136413574,0.6268339086129926,0.5197823643684387,0.5162812855125954,3.2159352,7.8219347,0.60024583,0.46152735,0.5079263,IDP-ESM2-8M,67,278,0.2610609531402588,0.6469745635986328,0.026588075216080975,0.058255016803741455,0.008355000245719224
A0A2Z4Q913,2.0818893909454346,4.352743148803711,0.4065735649905433,0.3618420362472534,0.7710158002272716,1.9286038,3.861669,0.34672993,0.32114092,0.9340936,IDP-ESM2-8M,67,278,0.15328562259674072,0.4910740852355957,0.05984363077499766,0.04070112109184265,0.16307779432381486
A0A2Z6E9I5,2.231046438217163,5.186451435089111,0.4916681080623618,0.3802611827850342,0.6373151950915709,2.1956642,5.119997,0.5176082,0.41172898,0.6122426,IDP-ESM2-8M,67,278,0.03538227081298828,0.06645441055297852,0.025940117283249797,0.03146779537200928,0.02507261563142682
A0A345L4V0,2.6901886463165283,6.946934700012207,0.6541822893736157,0.5048134326934814,0.4945165928134548,2.637471,6.568283,0.63563704,0.50133175,0.5203597,IDP-ESM2-8M,67,278,0.05271768569946289,0.37865161895751953,0.018545244466999455,0.0034816861152648926,0.025843102144278374
A0A345M6E7,2.5816779136657715,6.490684986114502,0.6346638902961372,0.4900546967983246,0.5230252523728157,2.6332884,6.587009,0.64013076,0.503241,0.50943583,IDP-ESM2-8M,67,278,0.051610469818115234,0.09632396697998047,0.005466867989385227,0.01318630576133728,0.013589419872357955
A0A346RNU7,3.259810209274292,8.10822582244873,0.6464056539714221,0.4960938692092895,0.5162357243902729,3.5831428,8.54669,0.5842599,0.46898508,0.60002345,IDP-ESM2-8M,67,278,0.3233325481414795,0.4384641647338867,0.0621457266986255,0.027108788490295355,0.08378772407698176
A0A346TPN1,4.243413925170898,10.441936492919922,0.6247509968525825,0.4940012097358703,0.5532275159006739,4.4014387,10.58268,0.5932582,0.47298867,0.5762756,IDP-ESM2-8M,67,278,0.15802478790283203,0.14074325561523438,0.031492794776624256,0.021012544631957952,0.023048071181235308
A0A346TQ06,3.2180731296539307,7.943965435028076,0.6412923183914179,0.499872475862503,0.5230447745098089,3.0108094,7.404298,0.6370316,0.49919784,0.4826788,IDP-ESM2-8M,67,278,0.20726370811462402,0.5396676063537598,0.004260703610991845,0.0006746351718902033,0.040365973688504586
A0A385DYQ6,1.898411512374878,4.318800449371338,0.4564160211965485,0.3884804546833038,0.6796028359240008,1.7124019,3.77321,0.46006927,0.37559298,0.694008,IDP-ESM2-8M,67,278,0.18600964546203613,0.5455904006958008,0.0036532477453307677,0.012887477874755804,0.014405156820444964
A0A385UFY3,2.3389768600463867,5.940270900726318,0.6405308140128818,0.5049679279327393,0.5051973138416984,2.3965771,5.938019,0.62718594,0.4966323,0.52376646,IDP-ESM2-8M,67,278,0.05760025978088379,0.0022521018981933594,0.013344873270389135,0.008335620164871216,0.018569144192816966
A0A386QVQ8,2.573846340179444,5.729276657104492,0.4631419003350513,0.378161072731018,0.6760992868441105,2.7494042,6.430091,0.5171984,0.40499768,0.593866,IDP-ESM2-8M,67,278,0.1755578517913814,0.7008142471313477,0.05405648347308467,0.026836603879928644,0.08223329620537756
A0A3G1T4F7,3.006868362426758,5.367626667022705,0.2000000000000003,0.239039197564125,1.7127553017701085,4.049209,8.692419,0.3623223,0.32636148,0.98850054,IDP-ESM2-8M,67,278,1.0423407554626465,3.3247923851013184,0.16232230067253084,0.08732227981090551,0.7242547662819798
A0A3G2JTZ9,3.2143261432647705,7.936268329620361,0.6364447115675985,0.4988506734371185,0.5099624199321988,3.3075867,8.008066,0.61825025,0.4884182,0.49451077,IDP-ESM2-8M,67,278,0.09326052665710449,0.07179784774780273,0.018194460751253305,0.010432481765747015,0.015451650088143642
A0A3G3M5R8,1.9766877889633176,4.035877704620361,0.4158830836262941,0.3478423655033111,0.7506323136418169,2.051397,4.607661,0.45848086,0.3716519,0.7000393,IDP-ESM2-8M,67,278,0.07470929622650169,0.5717830657958984,0.04259778113696577,0.023809522390365656,0.050592986497194126
A0A3G4S8X8,3.0624771118164062,7.581181526184082,0.597758600944666,0.4773288667201996,0.5371702295859963,2.9884243,7.1477547,0.582583,0.4591694,0.54477894,IDP-ESM2-8M,67,278,0.07405281066894531,0.4334268569946289,0.01517559074798025,0.018159478902816772,0.007608713475832363
A0A3G4ZTT1,1.9542526006698608,3.954479455947876,0.2857037838019497,0.2974981963634491,1.0646122481537337,2.68395,6.06897,0.4463273,0.37039858,0.75362664,IDP-ESM2-8M,67,278,0.7296973466873169,2.1144907474517822,0.1606235150776737,0.07290038466453552,0.31098560354237503
A0A3G4ZXU7,4.592154026031494,11.532073974609377,0.6536719100706516,0.5041574835777283,0.5624642205305675,4.7964964,11.983117,0.6671932,0.51835054,0.49606305,IDP-ESM2-8M,67,278,0.20434236526489258,0.4510431289672834,0.013521264291530999,0.014193058013916016,0.06640116692262688
A0A3G5A3I8,1.553621768951416,3.685656070709229,0.5127582973428999,0.3974073529243469,0.5491458110800546,1.5858251,3.8050146,0.5246289,0.402884,0.5314044,IDP-ESM2-8M,67,278,0.0322033166885376,0.11935853958129838,0.011870580296870603,0.005476653575897217,0.017741435050086296
A0A3G5A3J2,3.1199047565460205,7.602824211120605,0.6279122835472387,0.4969390630722046,0.5389113067448091,3.3741007,8.4880295,0.63306767,0.49965075,0.51747537,IDP-ESM2-8M,67,278,0.2541959285736084,0.8852052688598642,0.005155383937044733,0.002711683511734009,0.02143594015240191
A0A3G5AHA4,1.7230678796768188,4.382834434509277,0.63723826889638,0.5017737746238708,0.5077618298403009,1.6854889,4.0723743,0.59165955,0.48004782,0.56060344,IDP-ESM2-8M,67,278,0.03757894039154053,0.31046009063720703,0.04557872299794252,0.021725952625274658,0.05284160996759091
A0A3G5AK89,2.0694711208343506,5.184629440307617,0.663990454008367,0.540742814540863,0.5067364439326713,2.0609834,5.146713,0.658479,0.53435683,0.5048518,IDP-ESM2-8M,67,278,0.008487701416015625,0.03791666030883789,0.005511478712346474,0.006385982036590576,0.0018846258479544575
A0A3G5Q4F5,1.5298995971679688,3.517494440078736,0.5406184241580713,0.4478425085544586,0.5820102964947816,1.6884099,3.9657714,0.53369236,0.43587902,0.5866716,IDP-ESM2-8M,67,278,0.15851032733917236,0.4482769966125484,0.006926064233754858,0.011963486671447754,0.004661294310272068
A0A3Q8Q9R0,2.365200519561768,5.595171451568604,0.5462541918616481,0.4400821328163147,0.5607812108182438,2.471119,5.8587403,0.53408504,0.42167732,0.6030393,IDP-ESM2-8M,67,278,0.1059184074401851,0.26356887817382724,0.012169156537551462,0.01840481162071228,0.04225811346535602
A0A3R5WKS6,3.128736734390259,6.250781536102295,0.2727410874179128,0.2730020582675934,1.3352994684341946,3.5869846,7.7014637,0.37807882,0.3354976,0.9342791,IDP-ESM2-8M,67,278,0.4582479000091553,1.4506821632385254,0.10533773090331522,0.062495529651641846,0.4010203842285671
A0A401IPA0,2.9975976943969727,7.675229549407959,0.6451161718794156,0.5009886026382446,0.5197397813892928,3.1564097,7.886985,0.6460977,0.5062645,0.53459597,IDP-ESM2-8M,67,278,0.1588120460510254,0.21175527572631836,0.000981547789926429,0.005275905132293701,0.014856184949818552
A0A410I670,3.244960308074951,6.343748569488525,0.2791006434145139,0.2873978018760681,1.3422990106211006,3.586068,7.7050934,0.37919843,0.33630702,0.9332471,IDP-ESM2-8M,67,278,0.3411076068878174,1.361344814300537,0.10009778855417506,0.04890921711921692,0.40905192123511425
A0A410S812,3.267818689346313,8.442427635192871,0.6790268172560489,0.5419377684593201,0.4639142143138185,3.2389147,7.835867,0.61928713,0.49180645,0.51246566,IDP-ESM2-8M,67,278,0.02890396118164018,0.6065607070922852,0.05973968403919094,0.05013132095336914,0.0485514414898619
A0A411HB56,3.061797380447388,7.849083423614502,0.672850586325103,0.5274837613105774,0.4876099426654795,3.0170288,7.302469,0.589653,0.46925524,0.6077379,IDP-ESM2-8M,67,278,0.04476857185363814,0.5466146469116211,0.08319757118838422,0.058228522539138794,0.1201279561611196
A0A481TD43,1.5442233085632324,3.899429321289064,0.614812140105491,0.4832353889942169,0.5024498942417553,1.5332357,3.8370528,0.59924424,0.47913647,0.51355106,IDP-ESM2-8M,67,278,0.010987639427185059,0.06237649917602672,0.015567903159385055,0.00409892201423645,0.011101162143284937
A0A481V8U6,3.620218515396118,8.928796768188477,0.6320218049798477,0.4929403662681579,0.5129130826055708,3.565234,8.576801,0.59077895,0.45920256,0.522983,IDP-ESM2-8M,67,278,0.05498456954956055,0.35199546813964844,0.041242858103321844,0.033737808465957586,0.010069931978016866
A0A481Z0P8,2.332705497741699,5.724720478057861,0.6820730240770069,0.6032056212425232,0.5226296396881983,2.0388489,4.988805,0.654296,0.55866027,0.55741715,IDP-ESM2-8M,67,278,0.2938566207885742,0.7359156608581543,0.027777043146678504,0.04454535245895386,0.03478751462393548
A0A481Z6X1,5.761097431182861,13.947094917297363,0.609779469011824,0.4603673219680786,0.5822898264496337,5.062772,12.286975,0.6337037,0.4850132,0.47965777,IDP-ESM2-8M,67,278,0.6983256340026855,1.6601200103759766,0.023924239636857636,0.024645864963531494,0.10263205724644764
A0A482JE07,1.7827786207199097,3.7496509552001953,0.3402145896258686,0.3243014812469482,0.9147243993052128,1.9342737,4.1430273,0.4144328,0.35821927,0.7882265,IDP-ESM2-8M,67,278,0.151495099067688,0.39337635040283203,0.07421820422979852,0.03391778469085699,0.1264979140528324
A0A4D5XEU4,1.5674667358398438,3.4381988048553467,0.3862880596379595,0.4034710228443146,0.7771499086771628,1.4304773,2.936976,0.3725111,0.31640866,0.85525155,IDP-ESM2-8M,67,278,0.13698947429656982,0.5012228488922119,0.013776970789845466,0.08706235885620117,0.07810164199727565
A0A4D5XFS9,5.242965221405029,13.085946083068848,0.6557979151272705,0.5125316381454468,0.5867808827252472,4.9099665,12.329462,0.6998029,0.56963027,0.5360742,IDP-ESM2-8M,67,278,0.33299875259399414,0.7564840316772461,0.04400496039152835,0.0570986270904541,0.05070666159106141
A0A4D5XFZ8,2.8947439193725586,7.357184886932373,0.6698645050648893,0.5511986017227173,0.5295215252982225,2.9743803,6.9990406,0.5610831,0.48618636,0.6956221,IDP-ESM2-8M,67,278,0.0796363353729248,0.35814428329467773,0.10878142668048985,0.06501224637031555,0.16610056122674088
A0A4P1QFK2,1.5769423246383667,3.9907727241516113,0.601099123084095,0.489146888256073,0.5206487896645681,1.544419,3.801127,0.5934149,0.4780478,0.5217153,IDP-ESM2-8M,67,278,0.032523274421691895,0.18964576721191406,0.007684220397022212,0.011099100112915039,0.0010664937292917953
A0A4Y1NU38,2.05042028427124,5.2004899978637695,0.6318165474368713,0.4935110509395599,0.5065606352520838,2.0463116,5.1375294,0.6297842,0.50068146,0.51110214,IDP-ESM2-8M,67,278,0.0041086673736567825,0.06296062469482422,0.002032321019329819,0.00717040896415716,0.004541504697714749
A0A4Y5NGG5,1.5171821117401123,3.800815105438232,0.6079902709298288,0.486662894487381,0.5026298461758542,1.5261965,3.7629673,0.58575344,0.47074363,0.51710886,IDP-ESM2-8M,67,278,0.009014368057250977,0.037847757339477095,0.02223683007289523,0.015919268131256104,0.014479011455829194
A0A4Y6EML4,1.5889664888381958,3.911598920822144,0.6041871372028834,0.4794623553752899,0.5328990918125099,1.7184956,4.3852787,0.6331662,0.50490165,0.4969651,IDP-ESM2-8M,67,278,0.12952911853790283,0.47367978096008256,0.02897905675921375,0.025439292192459106,0.035933981510538504
A0A515J3G6,2.9944839477539062,7.03131103515625,0.5097993618682929,0.3988792300224304,0.5944336636247909,3.1773715,7.4004073,0.50802803,0.39789855,0.62038475,IDP-ESM2-8M,67,278,0.18288755416870117,0.3690962791442871,0.001771331472785076,0.000980675220489502,0.025951089125605842
A0A5B8IIW6,1.9006930589675903,4.830367565155029,0.6535139474210855,0.529382586479187,0.4957562834234626,1.8882749,4.85867,0.6701233,0.5251567,0.44682264,IDP-ESM2-8M,67,278,0.012418150901794434,0.028302669525146484,0.01660933167361056,0.00422590970993042,0.04893364014343332
A0A5C0PG83,1.4672784805297852,3.4528045654296875,0.5621860974750106,0.4580844044685364,0.5362758238839155,1.389552,3.4122565,0.5758372,0.4629939,0.51913613,IDP-ESM2-8M,67,278,0.07772648334503174,0.040548086166381836,0.0136510974445756,0.004909485578536987,0.017139693074131546
A0A5C0ZRE4,2.6661126613616943,6.326581954956055,0.4658143776661049,0.3765358030796051,0.7112461918578401,2.8595507,6.6809263,0.51745486,0.41625294,0.62220967,IDP-ESM2-8M,67,278,0.19343805313110352,0.35434436798095703,0.0516404849284996,0.039717137813568115,0.08903652369835524
A0A5C0ZSQ4,2.545008897781372,6.029515266418457,0.444463782045835,0.3410599529743194,0.7356126392563154,2.7224815,6.2474747,0.48687738,0.3940086,0.67232984,IDP-ESM2-8M,67,278,0.17747259140014648,0.21795940399169922,0.04241359975577025,0.052948653697967585,0.06328279621203436
A0A5C0ZTE6,2.677662372589112,6.272698879241943,0.4681365660763472,0.3687142133712768,0.709375405201528,2.8674645,6.728025,0.5251133,0.4216064,0.6104771,IDP-ESM2-8M,67,278,0.1898021697998038,0.4553260803222656,0.056976718511512925,0.0528921782970429,0.098898315319631
A0A5C0ZTP4,2.597158908843994,6.122961521148682,0.4511941121320432,0.3557023108005523,0.7306013046576049,2.8404517,6.623115,0.5142515,0.4138155,0.6266528,IDP-ESM2-8M,67,278,0.24329280853271484,0.5001535415649414,0.06305735843375271,0.05811318755149847,0.10394852746262806
A0A5C0ZTQ7,2.584814548492432,5.955605506896973,0.4455159856743504,0.3573756814002991,0.7429921396287029,2.8585424,6.638203,0.50971764,0.4102641,0.6394658,IDP-ESM2-8M,67,278,0.27372789382934526,0.6825976371765137,0.0642016575866054,0.052888423204422,0.10352633076029472
A0A5J6VNB5,4.43790864944458,10.92771816253662,0.6070650528690373,0.4745469689369201,0.5514989412224033,4.3115373,10.289152,0.56891334,0.45677665,0.6482136,IDP-ESM2-8M,67,278,0.1263713836669922,0.6385660171508771,0.038151712300494856,0.01777032017707819,0.09671468373182035
A0A5K0U8Q2,3.1471762657165527,7.154059886932373,0.27001465200043,0.2995531558990478,1.428445635479139,4.6316233,10.684225,0.4842107,0.40236893,0.7840445,IDP-ESM2-8M,67,278,1.4844470024108887,3.530165195465088,0.21419604779624662,0.1028157770633698,0.6444011313134896
A0A5K0UBH9,4.377170562744141,10.752802848815918,0.6188259007539436,0.5179035663604736,0.5529834863234949,4.1086493,10.176573,0.6268795,0.4884497,0.54416007,IDP-ESM2-8M,67,278,0.2685213088989258,0.5762300491333008,0.008053612509758779,0.02945387363433838,0.00882341828836919
A0A5P9UM97,2.1314737796783447,5.469008922576904,0.6097184296072277,0.4673957824707031,0.5182220689547932,1.980785,4.6114745,0.5207807,0.4308344,0.6589436,IDP-ESM2-8M,67,278,0.1506887674331665,0.8575344085693359,0.08893774704344592,0.03656136989593506,0.1407215245472515
A0A646QWB4,1.878915429115296,4.6874165534973145,0.6060478071227473,0.4707807302474975,0.5153158031832196,1.9063106,4.711751,0.60768765,0.48351046,0.51287305,IDP-ESM2-8M,67,278,0.02739512920379572,0.024334430694580078,0.0016398449883061605,0.012729734182357844,0.0024427496324993525
A0A646QWN2,1.7721363306045532,4.608987331390381,0.6641320664252924,0.5187904834747314,0.4761010747766399,1.8862402,4.7381616,0.6515608,0.52949023,0.5006243,IDP-ESM2-8M,67,278,0.11410391330718994,0.12917423248291016,0.012571283039061965,0.010699748992919922,0.024523224272737565
A0A649VCB5,1.5268571376800537,3.6301403045654297,0.5060559101829343,0.419342577457428,0.6355288198206392,1.321146,3.03729,0.5069398,0.42136303,0.63952374,IDP-ESM2-8M,67,278,0.20571112632751465,0.5928502082824707,0.0008839182129092293,0.0020204484462738037,0.003994924762490637
A0A6B9LZ63,1.4485865831375122,3.4184932708740234,0.5290313887029996,0.4173169732093811,0.5779464587698795,1.5535241,3.7529032,0.5777064,0.4671421,0.54152596,IDP-ESM2-8M,67,278,0.10493755340576172,0.3344099521636963,0.04867500787674284,0.04982513189315796,0.036420498801312595
A0A6C0RTL1,1.9477744102478027,4.953113555908203,0.6751518940374736,0.5500271320343018,0.4789383224175402,1.8482366,4.8075385,0.6733959,0.5331967,0.4558885,IDP-ESM2-8M,67,278,0.09953784942626953,0.14557504653930664,0.0017560219213846873,0.0168304443359375,0.023049812667173986
A0A6F9F3M6,1.6702297925949097,4.013767242431641,0.5448578489146423,0.4344554245471954,0.552450070908999,1.823369,4.466887,0.57716846,0.45512146,0.50717634,IDP-ESM2-8M,67,278,0.15313923358917236,0.45311975479125977,0.03231061574600225,0.02066603302955633,0.04527373128268675
A0A6G7AB66,2.321918249130249,5.384494781494141,0.5018268343534142,0.4031600952148437,0.6142194327159488,2.3254075,5.4377584,0.5137836,0.40033215,0.6106155,IDP-ESM2-8M,67,278,0.003489255905151367,0.05326366424560547,0.01195673975089484,0.0028279423713683527,0.00360394084888338
A0A6G7AB88,2.5087578296661377,5.888238906860352,0.4947683171464599,0.3996161222457886,0.6328081086843298,2.513353,5.831481,0.50097513,0.3913585,0.6338387,IDP-ESM2-8M,67,278,0.004595279693603516,0.05675792694091797,0.006206814842065478,0.008257627487182617,0.001030604484768105
A0A6G8MYF8,2.797440767288208,6.094493389129639,0.4276329720124927,0.3466676473617553,0.7338739047135627,3.1994548,7.0862837,0.41853482,0.3372534,0.7686653,IDP-ESM2-8M,67,278,0.40201401710510254,0.9917902946472168,0.009098156701060789,0.009414255619049017,0.034791409007140395
A0A6H0YEW0,1.4517817497253418,3.4585723876953125,0.5568597056855416,0.4462162256240845,0.5491226731313735,1.3521824,3.265774,0.5669683,0.45807412,0.54927003,IDP-ESM2-8M,67,278,0.09959936141967773,0.19279837608337402,0.010108616114690383,0.01185789704322815,0.00014736070499121734
A0A6J5KPB0,1.9391398429870603,4.933845043182373,0.6420353636325445,0.5163862705230713,0.495535435744577,1.8455943,4.536935,0.5991309,0.4821785,0.531655,IDP-ESM2-8M,67,278,0.09354555606842019,0.3969101905822754,0.0429044351161566,0.03420776128768921,0.0361195778166718
A0A6J5KRS4,1.7713096141815186,4.383134841918945,0.6026525478801068,0.4676600694656372,0.5151548788451072,1.7811662,4.4447846,0.6203501,0.4951093,0.49293682,IDP-ESM2-8M,67,278,0.009856581687927246,0.06164979934692383,0.017697574571675423,0.027449220418930054,0.02221805905331342
A0A6J5KVQ0,2.03214955329895,4.888143539428711,0.6163497233889532,0.5053057074546814,0.5178343382457055,1.9645908,4.981989,0.6370861,0.5037866,0.49730477,IDP-ESM2-8M,67,278,0.06755876541137695,0.09384536743164062,0.020736370036797513,0.0015190839767456055,0.020529570875481462
A0A6J5L216,1.6680256128311155,4.347125053405762,0.650349917436056,0.5026524066925049,0.4963638241010943,1.9205782,4.8971806,0.6390366,0.5016543,0.44190574,IDP-ESM2-8M,67,278,0.2525526285171511,0.5500555038452148,0.011313321614675353,0.000998079776763916,0.054458087177876535
A0A6J5L2N6,2.2989559173583984,5.436499118804932,0.4621160371227775,0.3621842265129089,0.6851269594366337,2.409479,5.55649,0.4886387,0.3897961,0.64621747,IDP-ESM2-8M,67,278,0.11052298545837402,0.11999082565307617,0.026522661931940528,0.02761188149452215,0.03890949403593791
A0A6J5L2W6,2.8065874576568604,7.203927516937256,0.6702668348348889,0.5267476439476013,0.4899572184079447,2.95911,7.293748,0.68829143,0.54893047,0.4390413,IDP-ESM2-8M,67,278,0.15252256393432617,0.08982038497924805,0.018024595638438723,0.022182822227478027,0.05091593170102027
A0A6J5L549,2.506929636001587,6.672206878662109,0.7020623178986034,0.5587549805641174,0.4812575806749918,2.5440881,6.5760183,0.70488894,0.56271,0.40984213,IDP-ESM2-8M,67,278,0.03715848922729492,0.09618854522705078,0.002826621958879505,0.0039550065994262695,0.07141544715295811
A0A6J5L8Y0,1.690171718597412,3.855520725250244,0.5027241069046839,0.4108612537384033,0.5989975287218855,1.7639289,4.0662117,0.49686405,0.38906893,0.62047714,IDP-ESM2-8M,67,278,0.07375717163085938,0.21069097518920898,0.005860056277929182,0.021792322397232056,0.021479611227913087
A0A6J5LE62,1.8723387718200684,4.90720272064209,0.6350305528546061,0.4870165288448334,0.4794861016185628,2.1410112,5.2074666,0.6029573,0.49001262,0.5507818,IDP-ESM2-8M,67,278,0.26867246627807617,0.3002638816833496,0.03207324456221716,0.002996087074279785,0.07129568482324017
A0A6J5LH85,2.0278542041778564,5.112582206726074,0.6143388418842416,0.4615023136138916,0.5210087176727277,2.1156669,5.229158,0.61079806,0.48470315,0.49815467,IDP-ESM2-8M,67,278,0.08781266212463379,0.11657571792602539,0.003540780990229142,0.02320083975791931,0.022854047672651423
A0A6J5LWJ3,2.130364179611206,5.3557844161987305,0.6206703540345822,0.481553316116333,0.5299881910987323,2.2492764,5.3554616,0.58099395,0.47620475,0.56563216,IDP-ESM2-8M,67,278,0.1189122200012207,0.0003228187561035156,0.03967640366760827,0.005348563194274902,0.035643973379569704
A0A6J5LYG1,2.246100187301636,5.662235736846924,0.5924075914238613,0.4635239839553833,0.5368733334284397,2.3036525,5.6793275,0.6050263,0.47726366,0.5300022,IDP-ESM2-8M,67,278,0.05755233764648393,0.017091751098632812,0.01261871329797093,0.013739675283432007,0.0068711566668124835
A0A6J5M0M6,1.7771401405334473,4.456646919250488,0.6192509000015146,0.4827207624912262,0.5011183911512269,1.7941442,4.4128184,0.6008365,0.48044062,0.5282383,IDP-ESM2-8M,67,278,0.017004013061523438,0.043828487396240234,0.018414384574878873,0.0022801458835601807,0.027119905357562146
A0A6J5M1A9,1.7769579887390137,4.359809875488281,0.5835114264136912,0.4459495544433594,0.5367675563885651,1.6445626,4.119602,0.6095999,0.48798808,0.51746017,IDP-ESM2-8M,67,278,0.13239538669586182,0.24020767211914062,0.0260884619110463,0.042038530111312866,0.0193073889805756
A0A6J5M383,1.4792567491531372,3.551586866378784,0.5779234131200273,0.462022602558136,0.5301891335071303,1.4989146,3.6861734,0.6034622,0.48123226,0.49580535,IDP-ESM2-8M,67,278,0.01965785026550293,0.13458657264709473,0.025538806118253987,0.01920965313911438,0.03438378058087599
A0A6J5M440,1.5295896530151367,3.3604073524475098,0.2900469858504883,0.3233417570590973,0.9950001919393234,1.2261256,2.3602052,0.39565882,0.360528,0.8528126,IDP-ESM2-8M,67,278,0.30346405506134033,1.0002021789550781,0.10561183501705013,0.037186235189437866,0.14218760372444916
A0A6J5M597,2.368009567260742,5.3564629554748535,0.3797726870868477,0.2845461368560791,0.7673448003456302,2.365581,5.4677963,0.45625493,0.3467402,0.65423596,IDP-ESM2-8M,67,278,0.0024285316467285156,0.11133337020874023,0.07648224221727523,0.06219404935836792,0.11310884129259069
A0A6J5M692,1.7779672145843506,4.5860748291015625,0.6375848981772269,0.4900106787681579,0.4757229214037429,1.8785346,4.668416,0.6358722,0.5156397,0.5048751,IDP-ESM2-8M,67,278,0.10056734085083008,0.08234119415283203,0.0017127129469717284,0.025629043579101618,0.02915220209708108
A0A6J5MAS8,2.1566946506500244,5.333974838256836,0.6308056516303989,0.5052657723426819,0.5123894251621289,2.1637418,5.400133,0.63025177,0.5007198,0.51144475,IDP-ESM2-8M,67,278,0.007047176361083984,0.06615829467773438,0.0005538863792392545,0.004545986652374268,0.0009446777141614016
A0A6J5MC63,2.8006591796875,6.929624080657959,0.6062615183598775,0.4717980325222015,0.5218427316666221,2.7353024,6.7330093,0.6106153,0.4782294,0.510567,IDP-ESM2-8M,67,278,0.06535673141479492,0.19661474227905273,0.004353794693253588,0.006431370973587092,0.011275722217616968
A0A6J5MCB3,1.910890460014344,4.856009006500244,0.6572073805781288,0.5447538495063782,0.5022710943150148,1.8440413,4.6969175,0.65380865,0.5174749,0.4948574,IDP-ESM2-8M,67,278,0.06684911251068182,0.15909147262573242,0.0033987272234839994,0.02727895975112915,0.007413693659268361
A0A6J5MEY7,1.807762861251831,4.6377854347229,0.6033643188660649,0.4538577198982239,0.5242467780867908,1.9465837,4.720054,0.6054638,0.49520925,0.5391816,IDP-ESM2-8M,67,278,0.13882088661193848,0.08226871490478516,0.0020994839484187455,0.041351526975631714,0.014934811993470465
A0A6J5MKW9,2.013401746749878,5.113126754760742,0.6115603743380448,0.4853740632534027,0.5280121430275041,1.9682888,4.62232,0.55907255,0.46234256,0.5986795,IDP-ESM2-8M,67,278,0.0451129674911499,0.49080657958984375,0.052487820226564064,0.023031502962112427,0.07066733990935503
A0A6J5MMF3,2.966634511947632,7.532067775726318,0.6390296231065321,0.5121700763702393,0.487953309190075,2.9422207,7.301499,0.6209227,0.48316035,0.50995076,IDP-ESM2-8M,67,278,0.0244138240814209,0.23056888580322266,0.01810693843703748,0.029009729623794556,0.02199744783659735
A0A6J5MV94,1.9901422262191768,5.100870609283447,0.6515797842048011,0.520313024520874,0.4953597478624896,2.0039418,5.068648,0.6364032,0.5014069,0.49896842,IDP-ESM2-8M,67,278,0.01379954814910933,0.032222747802734375,0.015176581194242034,0.018906116485595703,0.0036086745503827178
A0A6J5N0T2,1.4794939756393433,3.64854907989502,0.5767917549243526,0.4533455669879913,0.5311476346136877,1.6480012,3.9050298,0.557112,0.45395702,0.5650237,IDP-ESM2-8M,67,278,0.16850721836090088,0.25648069381713823,0.01967977639346885,0.0006114542484284002,0.03387608565074707
A0A6J5NF31,2.0758919715881348,5.361358642578125,0.6146768380769808,0.4765161275863647,0.5096443454355845,2.220442,5.4118667,0.59682703,0.47500733,0.5180172,IDP-ESM2-8M,67,278,0.14455008506774902,0.05050802230834961,0.017849807895096048,0.001508802175521795,0.008372827377831071
A0A6J5P529,2.1715567111968994,5.691701889038086,0.6942436293058728,0.5560112595558167,0.4881359709119605,2.025717,5.0302806,0.6226847,0.5330838,0.5814751,IDP-ESM2-8M,67,278,0.14583969116210938,0.6614212989807129,0.07155891212752807,0.022927463054656982,0.09333910814764035
A0A6J5PE78,1.9296947717666624,4.921981334686279,0.6228106583347692,0.4946843385696411,0.4964535332763607,1.8544829,4.802471,0.64629614,0.49583006,0.4561233,IDP-ESM2-8M,67,278,0.07521188259124734,0.11951017379760742,0.023485485197030087,0.0011457204818725586,0.04033024083022424
A0A6J5PLB7,2.0593435764312744,5.114406108856201,0.6412099258643065,0.5151833295822144,0.5022955029121112,2.3781383,5.5494823,0.55634946,0.46485302,0.62533516,IDP-ESM2-8M,67,278,0.31879472732543945,0.4350762367248535,0.08486046955403426,0.05033031105995178,0.1230396540054608
A0A6J5PPF9,1.649208664894104,4.055289268493652,0.6141783023535871,0.4969793558120727,0.5270954509026198,1.7298043,4.2820573,0.6168007,0.50872934,0.50082225,IDP-ESM2-8M,67,278,0.08059561252593994,0.22676801681518555,0.0026224231064654324,0.01174998283386236,0.026273204827943264
A0A6J5PZI4,1.5852831602096558,3.871628522872925,0.5714721067072182,0.4665172696113586,0.5661752308900863,1.4569519,3.4459593,0.5644836,0.46692425,0.59226483,IDP-ESM2-8M,67,278,0.12833130359649658,0.42566919326782227,0.006988523733737928,0.0004069805145264227,0.026089600176045336
A0A6J5SKE0,2.8375437259674072,6.862978458404541,0.6122303069226669,0.481911301612854,0.526227942014457,2.6621735,6.5764728,0.6168791,0.48569298,0.5083874,IDP-ESM2-8M,67,278,0.1753702163696289,0.28650569915771484,0.00464879864526524,0.0037816762924194336,0.017840555215598353
A0A6J5SLP1,2.0629498958587646,5.110167980194092,0.6344943512416883,0.5255350470542908,0.5125686355999645,1.9243095,4.793598,0.6129473,0.49358237,0.53300446,IDP-ESM2-8M,67,278,0.1386404037475586,0.31656980514526367,0.021547066066364806,0.03195267915725708,0.02043582711899916
A0A6J7W7Z1,1.706135869026184,4.159934043884277,0.580598923738705,0.4490261077880859,0.5451158908266778,1.6659814,3.987466,0.5702935,0.4624365,0.56307214,IDP-ESM2-8M,67,278,0.040154457092285156,0.17246794700622559,0.01030543762038838,0.013410389423370417,0.0179562541585212
A0A6J7WAM5,2.0190422534942627,5.0516886711120605,0.608292004762785,0.4848085641860962,0.5269745416808834,2.109777,5.0783877,0.58891237,0.48020142,0.5442611,IDP-ESM2-8M,67,278,0.09073472023010254,0.026699066162109375,0.019379636942045253,0.004607141017913818,0.017286556227136596
A0A6J7WD77,2.065450668334961,5.317498683929443,0.6367366560826982,0.4977577924728393,0.4958055996826885,2.1887982,5.3575425,0.59210956,0.46730164,0.5372784,IDP-ESM2-8M,67,278,0.12334752082824707,0.04004383087158203,0.04462709511620655,0.030456155538558904,0.041472814089894505
A0A6J7WRV8,1.9835727214813232,4.924563407897949,0.629770255357348,0.4972354173660278,0.5091708188231399,1.9876409,4.941719,0.614247,0.48436505,0.50729674,IDP-ESM2-8M,67,278,0.004068136215209961,0.01715564727783203,0.015523231298052331,0.012870371341705267,0.0018740778143813142
A0A6J7WTJ4,1.6627225875854492,4.18943977355957,0.6091298171038624,0.4820884764194488,0.5175178834716834,1.9406025,4.810403,0.61347497,0.48764232,0.50553423,IDP-ESM2-8M,67,278,0.2778799533843994,0.6209630966186523,0.0043451479916576385,0.005553841590881403,0.011983651808933127
A0A6J7WZ48,3.885434627532959,9.614404678344728,0.6499424909373895,0.5193446278572083,0.5243535589083568,3.7500715,9.350225,0.6454883,0.50183123,0.5180704,IDP-ESM2-8M,67,278,0.13536310195922852,0.2641792297363299,0.0044541691562310914,0.017513394355773926,0.006283159147156825
A0A6J7WZH5,2.054415941238404,5.135563373565674,0.6643603057578221,0.5420795679092407,0.4849197219207882,1.9976563,5.039686,0.6245924,0.49102265,0.50079215,IDP-ESM2-8M,67,278,0.05675959587097257,0.09587717056274414,0.039767882318796244,0.05105692148208618,0.015872423808276748
A0A6J7X3M2,1.8259435892105105,4.499699115753174,0.6280365013171239,0.5116533637046814,0.5206012336643361,1.8091862,4.3601665,0.59405124,0.48918325,0.5732648,IDP-ESM2-8M,67,278,0.016757369041443093,0.13953256607055664,0.03398525944242903,0.02247011661529541,0.05266354399603379
A0A6J7X4W8,2.220386505126953,5.811255931854248,0.6546679176380377,0.5121362805366516,0.4915143969534887,2.0330603,5.2347784,0.6561478,0.5126857,0.47527105,IDP-ESM2-8M,67,278,0.18732619285583496,0.5764775276184082,0.0014798603961725387,0.0005494356155395508,0.016243350791837086
A0A6J7XE11,2.867974281311035,7.108263969421387,0.5912745728787324,0.4590451121330261,0.5382690851789024,2.7820098,6.8490505,0.6074193,0.47596958,0.5245027,IDP-ESM2-8M,67,278,0.08596444129943848,0.2592134475708008,0.01614473912154224,0.01692447066307068,0.013766390572121368
A0A6M2ZHS1,2.086543321609497,5.3327813148498535,0.6192001411376857,0.4680312275886535,0.4931761862639989,1.9469793,4.8519793,0.61168194,0.48418236,0.51312697,IDP-ESM2-8M,67,278,0.13956403732299805,0.480802059173584,0.007518202966299015,0.01615113019943243,0.019950783073464484
A0A6M3TA11,1.4792953729629517,3.54923939704895,0.5658585775931937,0.47309410572052,0.5455142778983091,1.5156217,3.7801554,0.6007841,0.48271388,0.5133861,IDP-ESM2-8M,67,278,0.03632628917694092,0.23091602325439453,0.034925545350684484,0.00961977243423462,0.032128207170007084
A0A6S4P8D4,3.010774612426758,7.695930004119873,0.6266026752171043,0.4826346933841705,0.486841866896009,3.1691632,7.8396454,0.62830126,0.4859486,0.48560384,IDP-ESM2-8M,67,278,0.15838861465454102,0.14371538162231445,0.0016985876384254528,0.0033138990402222235,0.0012380277369971604
A0A6S4P9N8,1.994699597358704,4.9840407371521,0.6075660193484059,0.4695645272731781,0.5228486875881853,2.049787,5.0425987,0.6038809,0.47964182,0.53552294,IDP-ESM2-8M,67,278,0.05508744716644243,0.058557987213134766,0.003685137085222334,0.010077297687530518,0.012674250186472946
A0A6S4PA87,3.191801071166992,8.126220703125,0.6450589130815632,0.4895275831222534,0.4909669837610159,3.2143407,7.966952,0.64023685,0.50132054,0.51080424,IDP-ESM2-8M,67,278,0.022539615631103516,0.15926885604858398,0.0048220585283405,0.011792957782745361,0.019837252174195297
A0A6S4PGH2,1.961340308189392,4.901705265045166,0.6495913470255821,0.5296774506568909,0.4903317431394223,1.9035912,4.776525,0.6363138,0.51517874,0.50721,IDP-ESM2-8M,67,278,0.057749152183532715,0.12518024444580078,0.013277550982186082,0.014498710632324219,0.016878273111188058
A0A7D3USN0,4.526209831237793,11.20574951171875,0.6469354913635087,0.5100375413894653,0.5403739769259076,4.1765203,10.199076,0.5983699,0.4673025,0.56459785,IDP-ESM2-8M,67,278,0.3496894836425781,1.006673812866211,0.048565594951612945,0.04273504018783569,0.024223868151607042
A0A7D5FH32,2.834763288497925,6.554789543151856,0.4832117212955027,0.3755437731742859,0.6505368966521501,2.972656,6.9446545,0.50825244,0.39772555,0.62218827,IDP-ESM2-8M,67,278,0.1378927230834961,0.38986492156982333,0.025040720587584442,0.022181779146194458,0.02834862656013959
A0A7I6MYG1,1.7066164016723633,3.9409029483795166,0.4579449251607356,0.3678095936775207,0.6756351617808283,1.8208027,4.2057977,0.50857747,0.40930727,0.5969349,IDP-ESM2-8M,67,278,0.11418628692626953,0.2648947238922119,0.05063254085031177,0.04149767756462103,0.07870024719190005
A0A7M1CLG8,2.553478240966797,6.814207077026367,0.6561642208782253,0.4836627840995788,0.4933826249543369,2.4977324,6.2088833,0.61133164,0.49112454,0.55681837,IDP-ESM2-8M,67,278,0.055745840072631836,0.6053237915039062,0.0448325792041836,0.007461756467819269,0.06343574109638334
A0A7M1RZ47,1.7411084175109863,4.519622325897217,0.6642954888159576,0.5219975113868713,0.4576218950356466,1.8528688,4.702466,0.6414621,0.5135875,0.4880107,IDP-ESM2-8M,67,278,0.11176037788391113,0.18284368515014648,0.022833401184731983,0.008410036563873291,0.030388809481717904
A0A7S5RCY4,1.730492353439331,4.066667079925537,0.4737203245955578,0.3666132688522339,0.6473329039809342,1.7554083,3.9916878,0.49147898,0.40066925,0.63632005,IDP-ESM2-8M,67,278,0.02491593360900879,0.07497930526733398,0.017758654991997136,0.03405597805976868,0.011012849449836826
A0A7S5UT98,1.775291085243225,4.230935096740723,0.4852103003348316,0.387211799621582,0.6406845221328701,1.6808054,3.763006,0.47419006,0.3896327,0.6600777,IDP-ESM2-8M,67,278,0.09448564052581787,0.4679291248321533,0.011020244010826463,0.002420902252197321,0.019393168945315953
A0A7S9SUD3,3.237489700317383,8.369274139404297,0.6372985634715937,0.4829832315444946,0.5051477517447549,3.0912037,7.702499,0.64017934,0.49916348,0.50403905,IDP-ESM2-8M,67,278,0.1462860107421875,0.6667752265930176,0.0028807725994206557,0.016180247068405207,0.0011087025961953323
A0A7S9XGD0,2.4885799884796143,6.185266494750977,0.6940948614555758,0.5733588933944702,0.4889448689261914,2.2992866,5.619848,0.65174115,0.5513558,0.5338044,IDP-ESM2-8M,67,278,0.18929338455200195,0.5654187202453613,0.04235371441425495,0.022003114223480225,0.04485954773030276
A0A7U3WA13,3.126995325088501,6.981460571289063,0.4847818689280945,0.3827652633190155,0.7001754481869048,4.2624235,10.214899,0.5568305,0.42473292,0.5689128,IDP-ESM2-8M,67,278,1.1354281902313232,3.233438491821288,0.0720486564701599,0.04196766018867493,0.1312626440601653
A0A811BMM7,3.0670812129974365,7.437626838684082,0.6417744435406219,0.5354580283164978,0.517492195317939,3.0805519,7.454665,0.58164954,0.4671365,0.6102011,IDP-ESM2-8M,67,278,0.013470649719238281,0.017038345336914062,0.060124901685763454,0.06832152605056763,0.09270892505864792
A0A858MR12,1.857747197151184,4.161876201629639,0.407716195119446,0.3348939120769501,0.7633903476760597,1.7756729,3.7325811,0.40826327,0.34682256,0.8015407,IDP-ESM2-8M,67,278,0.08207428455352783,0.42929506301879883,0.000547070967132357,0.011928647756576538,0.03815032510302352
A0A8A4VK22,1.9295012950897217,4.8634867668151855,0.6364517088233197,0.4976744353771209,0.5106125744831022,1.9744668,5.058647,0.6652624,0.5295949,0.48798814,IDP-ESM2-8M,67,278,0.044965505599975586,0.1951603889465332,0.028810692280653694,0.03192046284675604,0.02262443032378514
A0A8D9CCF9,1.888699650764465,4.801146030426025,0.6653807807206695,0.5427939891815186,0.4961610644689401,1.9115846,4.8960567,0.65861183,0.52105767,0.45069933,IDP-ESM2-8M,67,278,0.02288496494293235,0.0949106216430664,0.0067689466714446755,0.021736323833465576,0.04546173509271939
A0A8E5KAT9,2.107600450515747,5.130764007568359,0.6055292433371509,0.4913963079452514,0.5473178177355316,2.003653,4.9453354,0.6113418,0.4908743,0.5391056,IDP-ESM2-8M,67,278,0.10394740104675293,0.18542861938476562,0.005812531126502707,0.0005220174789428156,0.008212223577358957
A0A8F2E6U0,1.5742292404174805,3.0075788497924805,0.3664509954888639,0.3507096171379089,0.835116406220382,1.6184244,3.3355055,0.4192264,0.38493648,0.83259004,IDP-ESM2-8M,67,278,0.04419517517089844,0.3279266357421875,0.05277541251589685,0.03422686457633978,0.002526362675612681
A0A8S5LF95,1.9036476612091064,4.733757972717285,0.595378790012683,0.4625234305858612,0.5305047980958139,1.969439,4.81312,0.57944584,0.46460798,0.56033766,IDP-ESM2-8M,67,278,0.06579136848449707,0.0793619155883789,0.015932951084460356,0.0020845532417297363,0.029832864601024522
A0A8S5LN82,1.4487820863723757,3.4539220333099365,0.5446376993270221,0.4372842311859131,0.5546914238471846,1.4529454,3.522953,0.5688794,0.45302182,0.5301422,IDP-ESM2-8M,67,278,0.004163265228271262,0.0690310001373291,0.024241726198643176,0.015737593173980713,0.024549235774980027
A0A8S5M1Q5,1.6188278198242188,4.0525803565979,0.6091546656783664,0.4869271218776703,0.5143534919425639,1.6130273,3.8636463,0.57855797,0.4691323,0.54525405,IDP-ESM2-8M,67,278,0.005800485610961914,0.1889340877532959,0.030596697538717965,0.017794817686080933,0.030900559742769396
A0A8S5M989,1.5273394584655762,3.847961187362671,0.6156554636812315,0.4821216166019439,0.4856386249245935,1.5181243,3.8734312,0.6206744,0.49463323,0.49584547,IDP-ESM2-8M,67,278,0.009215116500854492,0.02547001838684082,0.0050189080381288775,0.012511610984802302,0.010206841927594634
A0A8S5MGS1,1.9107593297958367,4.852020263671875,0.6145630058256164,0.4736190438270569,0.5202174636303424,2.0202088,4.9607,0.5980017,0.4768759,0.5380715,IDP-ESM2-8M,67,278,0.1094495058059699,0.10867977142333984,0.01656128730449824,0.003256857395172119,0.017854049545621975
A0A8S5N1K7,1.5024025440216064,3.473304033279419,0.4922121482579998,0.4123262166976928,0.6279645349292664,1.4678963,3.4400144,0.52798426,0.42471805,0.585168,IDP-ESM2-8M,67,278,0.03450620174407959,0.03328967094421387,0.03577211325475654,0.012391835451126154,0.0427965308933167
A0A8S5N469,1.5002455711364746,3.7594714164733887,0.5916984990871189,0.4573421478271484,0.5179651683412804,1.49226,3.7234478,0.6045753,0.48439452,0.50523126,IDP-ESM2-8M,67,278,0.007985591888427734,0.036023616790771484,0.012876777287697982,0.02705237269401556,0.012733907087923435
A0A8S5NE69,2.030045509338379,5.104433059692383,0.6345707147950939,0.5033239126205444,0.4981746807078459,1.932241,4.803678,0.5991098,0.47275272,0.53229475,IDP-ESM2-8M,67,278,0.09780454635620117,0.30075502395629883,0.03546088632295641,0.030571192502975464,0.03412006950577717
A0A8S5NNF7,1.9517014026641848,4.897556781768799,0.661953113180614,0.5410682559013367,0.4976671545051648,1.8338543,4.703962,0.67028075,0.54001355,0.48163292,IDP-ESM2-8M,67,278,0.1178470849990847,0.19359493255615234,0.008327641385578621,0.0010547041893005371,0.016034236385734257
A0A8S5NWD3,1.4935128688812256,3.536752939224243,0.5489920385111707,0.4366480708122253,0.5670953425423826,1.4786946,3.5769062,0.57290936,0.45802554,0.53356016,IDP-ESM2-8M,67,278,0.014818310737609863,0.04015326499938965,0.023917316652403486,0.021377474069595392,0.033535185720177996
A0A8S5NWX7,1.5306576490402222,3.837468147277832,0.5934941873277153,0.4608719646930694,0.5161819221930002,1.5347493,3.9112926,0.62189305,0.48541847,0.47383216,IDP-ESM2-8M,67,278,0.004091620445251465,0.07382440567016602,0.028398860958722683,0.024546504020690973,0.04234976195854889
A0A8S5PA77,1.7014834880828855,4.125463485717773,0.5999476691585635,0.4899712800979614,0.5434062828538955,1.7043309,4.0873957,0.57665604,0.46804532,0.56840163,IDP-ESM2-8M,67,278,0.002847433090210183,0.03806781768798828,0.02329162562905296,0.02192595601081848,0.02499535183925028
A0A8S5PGG1,1.9649776220321653,4.702488899230957,0.6116664473595982,0.4993565380573272,0.5572912870775322,2.1815233,5.4804487,0.65166634,0.51871294,0.51137394,IDP-ESM2-8M,67,278,0.21654570102691673,0.7779598236083984,0.0399998958525295,0.019356399774551447,0.045917349947557806
A0A8S5PHX0,2.0193347930908203,5.090493202209473,0.6470142805693997,0.5207337737083435,0.5086772371944519,1.9201959,4.716809,0.6129125,0.5019546,0.556625,IDP-ESM2-8M,67,278,0.09913885593414307,0.3736844062805176,0.03410180450662503,0.01877915859222412,0.047947771388616944
A0A8S5PIQ8,2.428028106689453,6.43988847732544,0.6408430441750754,0.4950533211231231,0.492854037047624,2.3286414,5.970907,0.6430377,0.5010548,0.4898649,IDP-ESM2-8M,67,278,0.09938669204711914,0.4689812660217294,0.0021946326361428348,0.0060015022754669745,0.0029891512405866294
A0A8S5Q7R0,1.581579566001892,4.018025875091553,0.6030806045623411,0.469040036201477,0.499717847849186,1.6487169,4.0978327,0.6007869,0.47821563,0.5002582,IDP-ESM2-8M,67,278,0.06713736057281494,0.07980680465698242,0.002293680200158521,0.009175598621368464,0.0005403594719810001
A0A8S5RD61,1.585565209388733,3.8766930103302,0.5863274428010303,0.4733953773975372,0.544515694111578,1.683748,4.1151133,0.58585405,0.46453497,0.52793217,IDP-ESM2-8M,67,278,0.0981827974319458,0.2384202480316162,0.0004733893037158765,0.008860409259796087,0.016583527058355307
A0A8S5RFF7,1.844328045845032,4.676414966583252,0.6410543889807006,0.5111598372459412,0.5078577901047752,2.298715,6.0056143,0.6736427,0.52708054,0.4420418,IDP-ESM2-8M,67,278,0.4543870687484739,1.3291993141174316,0.03258830596940321,0.015920698642730713,0.06581597577753517
A0A8S5RGG2,1.6731501817703247,4.131866455078125,0.6323295490231226,0.5039330124855042,0.5214443721128859,1.5223957,3.5928516,0.57819355,0.4886546,0.6001227,IDP-ESM2-8M,67,278,0.15075445175170898,0.5390148162841797,0.05413600368163085,0.015278398990631104,0.07867831808791981
A0A8S5S9N0,1.6305373907089231,4.085838794708252,0.6420256873931043,0.5210772156715393,0.4840389397172496,1.6312523,3.9801335,0.6103841,0.50504524,0.5543326,IDP-ESM2-8M,67,278,0.0007148981094362572,0.10570526123046875,0.03164158075705692,0.016031980514526367,0.07029367422775773
A0A8S5SDG1,1.5145087242126465,3.6690611839294434,0.5562481612163227,0.4518767893314361,0.5624669673767385,1.6379676,3.9514923,0.57542896,0.4597369,0.53928655,IDP-ESM2-8M,67,278,0.1234588623046875,0.28243112564086914,0.01918080149119683,0.007860124111175593,0.02318041351702782
A0A8S5SII4,2.219531297683716,5.632307052612305,0.6144867910634291,0.4854015707969665,0.5177156782020228,1.9545629,4.7925024,0.5909687,0.4684139,0.55133325,IDP-ESM2-8M,67,278,0.2649683952331543,0.8398046493530273,0.02351806299793835,0.016987681388854925,0.03361757041324209
A0A8S5SVB6,1.6948617696762085,4.304651737213135,0.6221495476219098,0.4877682030200958,0.499676692343539,1.8359234,4.57024,0.61662036,0.49157202,0.5147588,IDP-ESM2-8M,67,278,0.1410616636276245,0.26558828353881836,0.005529185816947613,0.003803819417953491,0.015082132958585015
A0A8S5TCW6,1.5280166864395142,3.649013757705689,0.5455349685800355,0.4373179674148559,0.5736140332977716,1.6546638,3.9964418,0.57031536,0.45967704,0.5619674,IDP-ESM2-8M,67,278,0.12664711475372314,0.34742808341979936,0.024780392442913746,0.022359073162078913,0.011646660403484499
A0A8S5TKF0,1.775078535079956,4.53286075592041,0.6239396373432884,0.4973237216472626,0.5114393864752832,1.8167803,4.5550632,0.6195007,0.49582875,0.49418798,IDP-ESM2-8M,67,278,0.0417017936706543,0.022202491760253906,0.004438940684200254,0.00149497389793396,0.01725140558500915
A0A8S5U5H8,1.677390456199646,4.325869083404541,0.6217713258164552,0.4871919155120849,0.5148979252547362,1.9459443,4.9238234,0.6481565,0.5087543,0.46350706,IDP-ESM2-8M,67,278,0.26855385303497314,0.597954273223877,0.026385197888073586,0.021562397480011042,0.05139086901846912
A0A8S5UDW9,1.4940508604049685,3.527181625366211,0.550342339257543,0.4452720582485199,0.5529265692730365,1.4699552,3.6195583,0.5842452,0.46344507,0.5146331,IDP-ESM2-8M,67,278,0.024095654487610085,0.092376708984375,0.033902865667994164,0.018173009157180786,0.03829345016674379
A0A8S5UG11,3.617985486984253,8.952908515930176,0.6894880108572783,0.6176755428314209,0.5439317970759465,3.476036,8.408208,0.62038505,0.5725887,0.7735275,IDP-ESM2-8M,67,278,0.14194941520690918,0.5447006225585938,0.06910296008365768,0.04508686065673828,0.22959570593766432
A0A8S5UGG4,2.042558193206787,4.943607330322266,0.6636830605940401,0.5591898560523987,0.5088606533072081,1.9537644,4.9544806,0.6593554,0.54043746,0.5098476,IDP-ESM2-8M,67,278,0.08879375457763672,0.01087331771850586,0.00432765860124229,0.01875239610671997,0.0009869280793580737
A0A8S5UXR4,1.5032870769500732,3.793068170547485,0.5785252420268484,0.440199613571167,0.5263188604370659,1.4764898,3.582434,0.55588394,0.43939114,0.5628365,IDP-ESM2-8M,67,278,0.02679729461669922,0.21063423156738237,0.02264129799227199,0.0008084774017333984,0.03651766738733597
A0A8S5UYA7,1.5256898403167725,3.586228132247925,0.5543581135853055,0.4419084191322326,0.5496271467410678,1.5294828,3.6978586,0.5631653,0.4467688,0.5412792,IDP-ESM2-8M,67,278,0.003793001174926758,0.11163043975830078,0.008807193459677398,0.004860371351242121,0.008347950001871052
A0A8S5V197,2.0072686672210693,5.133224010467529,0.66250286340173,0.5405694246292114,0.4833898872797093,1.6019373,3.8525996,0.5952607,0.49156305,0.5637674,IDP-ESM2-8M,67,278,0.4053313732147217,1.2806243896484375,0.06724218367989776,0.049006372690200806,0.08037748628214986
A0A8S5V2I6,1.4941134452819824,3.57685661315918,0.5466667315007193,0.440279871225357,0.5698091945814016,1.6431351,4.010479,0.57972383,0.45731413,0.53328794,IDP-ESM2-8M,67,278,0.14902162551879883,0.43362236022949174,0.03305710349073576,0.017034262418747004,0.036521252171886176
A0A8S5VTX0,1.8457144498825075,4.5687255859375,0.6102651109091664,0.4962217807769775,0.5431282808424484,1.6532247,4.0827475,0.61882466,0.5041153,0.53157467,IDP-ESM2-8M,67,278,0.19248974323272727,0.4859781265258789,0.008559549868879301,0.007893502712249811,0.0115536143423568
A0A976N2M2,1.712059736251831,4.259273529052734,0.6410398596752954,0.5409592390060425,0.5199686212652983,1.6928401,4.3351316,0.6668671,0.53905123,0.48481172,IDP-ESM2-8M,67,278,0.019219636917114258,0.07585811614990234,0.025827217675321035,0.0019080042839050293,0.035156898033029016
A0A976N2T1,1.791065335273743,4.6811699867248535,0.6848321109407567,0.5489040017127991,0.4744838248706819,1.6365621,3.9732978,0.6058668,0.49252447,0.5477394,IDP-ESM2-8M,67,278,0.15450322628021262,0.7078721523284912,0.07896532112294663,0.0563795268535614,0.0732555616878508
A0A977TP41,2.467809200286865,6.04824161529541,0.598200778139049,0.4886225759983063,0.5483332796554973,2.7296126,6.8889146,0.6648302,0.5181725,0.46083224,IDP-ESM2-8M,67,278,0.2618033885955815,0.8406729698181152,0.06662942968565799,0.02954992651939392,0.08750104145817061
A0A9C7EYP6,2.100867986679077,4.281896591186523,0.4189230183631128,0.4110064208507538,0.7800285035924068,1.9850925,4.2359886,0.41317663,0.36670706,0.8172386,IDP-ESM2-8M,67,278,0.115775465965271,0.04590797424316406,0.005746392396087041,0.04429936408996582,0.0372101252718815
A0A9E7E114,2.722678899765014,6.408597469329834,0.5123358717588065,0.4037770926952362,0.5924214946307245,2.8880172,6.786129,0.5161853,0.3990284,0.5861074,IDP-ESM2-8M,67,278,0.1653382778167729,0.3775315284729004,0.0038494119020822115,0.004748702049255371,0.006314121393114602
A0A9E7MTP4,1.7495980262756348,4.456277847290039,0.6134079383404529,0.4723416268825531,0.5100184949769452,1.7505083,4.4379134,0.6384308,0.5070914,0.46159777,IDP-ESM2-8M,67,278,0.0009102821350097656,0.018364429473876953,0.025022835871430615,0.034749776124954224,0.04842072452444579
A0A9E7NGQ3,1.9885833263397217,4.957414627075195,0.6216887247454475,0.4986245632171631,0.5215942666894215,1.7372353,4.2539654,0.59625506,0.4808045,0.5464866,IDP-ESM2-8M,67,278,0.25134801864624023,0.7034492492675781,0.025433660734827335,0.01782006025314331,0.024892349445222006
A0A9E7PRV1,4.7598795890808105,11.301989555358888,0.6063573046905777,0.4653842151165008,0.6290428583293414,4.314183,10.323273,0.5825478,0.47467282,0.67045623,IDP-ESM2-8M,67,278,0.4456963539123535,0.9787168502807635,0.023809520838954157,0.009288609027862604,0.04141337231107001
A0A9E7QSB8,3.5035605430603027,8.565448760986328,0.6143039716832275,0.4790463149547577,0.5402276945724974,3.6179876,8.820652,0.61427164,0.47868854,0.5373001,IDP-ESM2-8M,67,278,0.11442708969116211,0.2552032470703125,3.233090563958818e-05,0.0003577768802642822,0.002927584709216169
A0A9E7YC22,2.485437393188477,6.31182861328125,0.6593176467663212,0.5219552516937256,0.4932652087296397,2.6898885,6.7144985,0.65234804,0.51453364,0.47031504,IDP-ESM2-8M,67,278,0.20445108413696245,0.40266990661621094,0.00696960523189738,0.007421612739562988,0.02295016957177226
A0A9E8JWV9,2.181483268737793,5.190298080444336,0.6377782430078034,0.5291301608085632,0.5383202493630637,2.1464243,5.378637,0.6524862,0.5266451,0.50198627,IDP-ESM2-8M,67,278,0.03505897521972656,0.1883387565612793,0.014707962093209792,0.002485036849975586,0.036333984180568546
A0AA49BTX9,1.6486014127731323,3.9193248748779297,0.5230035827669768,0.4206258654594421,0.5966882303985965,1.6981151,4.0143194,0.51445836,0.4121528,0.6177983,IDP-ESM2-8M,67,278,0.04951369762420654,0.09499454498291016,0.008545224479165503,0.008473068475723211,0.021110098001061672
A0AA95EHV2,7.593418598175049,17.322364807128906,0.6209282925628756,0.5059811472892761,0.6982929242799344,6.815507,16.099218,0.64602816,0.5593433,0.7275233,IDP-ESM2-8M,67,278,0.7779116630554199,1.2231464385986328,0.025099868486013532,0.053362131118774414,0.029230402593844906
A0AAE6H393,2.385593175888061,6.129269599914551,0.6511698452651443,0.5236186385154724,0.485076356565892,2.6558294,6.5463133,0.64407885,0.5084266,0.4769149,IDP-ESM2-8M,67,278,0.27023625373840376,0.41704368591308594,0.007090994518989535,0.015192031860351562,0.00816144410365749
A0AAE6M5R2,3.602097988128662,8.933138847351074,0.6501717731912492,0.5115591287612915,0.4893208102858495,3.557365,8.582124,0.58760536,0.4544798,0.539113,IDP-ESM2-8M,67,278,0.04473304748535156,0.3510150909423828,0.06256641602114421,0.057079315185546875,0.04979217484827525
A0AAE6R6D0,2.9128904342651367,7.0374860763549805,0.6328708471971073,0.5052042603492737,0.5359020972009299,3.1804774,7.820652,0.63740516,0.507789,0.53100026,IDP-ESM2-8M,67,278,0.26758694648742676,0.7831659317016602,0.004534309892126109,0.0025847554206848145,0.004901840662538737
A0AAE7RVV2,1.5406675338745115,3.941333532333374,0.6279399133477763,0.4891584515571594,0.4635923822263385,1.6781979,4.224943,0.6147183,0.48552173,0.48780173,IDP-ESM2-8M,67,278,0.13753032684326194,0.28360962867736816,0.013221595362241656,0.0036367177963256836,0.02420934840644351
A0AAE7RZ51,1.7154128551483154,4.453485012054443,0.6687049742684874,0.5323636531829834,0.4646689908742867,1.8898009,4.769332,0.64525384,0.5159552,0.4854732,IDP-ESM2-8M,67,278,0.17438805103302002,0.31584692001342773,0.023451137159875346,0.016408443450927734,0.020804194903377482
A0AAE7V272,1.8609368801116943,4.526987075805664,0.5965701253691015,0.4668177664279938,0.5418670104712826,1.9497072,4.803892,0.60372925,0.48388448,0.5226501,IDP-ESM2-8M,67,278,0.08877027034759521,0.2769050598144531,0.007159122677773522,0.01706671714782715,0.019216887828765516
A0AAE8XJ71,2.729504108428955,6.946212291717529,0.5786923907214643,0.4289385080337524,0.5501487988493978,2.8070688,6.759976,0.58547276,0.46406487,0.5678934,IDP-ESM2-8M,67,278,0.07756471633911133,0.18623638153076172,0.006780371863222001,0.0351263582706452,0.017744587037748172
A0AAE8XN63,1.6352497339248655,3.7184417247772217,0.5967976434705996,0.5042163729667664,0.5359165943070261,1.6518987,3.858776,0.5345219,0.4473916,0.63674736,IDP-ESM2-8M,67,278,0.016649007797241433,0.1403343677520752,0.062275765704944086,0.05682477355003357,0.10083076592246609
A0AAE8Y2B1,2.7945685386657715,7.060258865356445,0.6546827391604456,0.5173252820968628,0.5019823255343789,3.0791538,7.530418,0.6267575,0.49514997,0.5253211,IDP-ESM2-8M,67,278,0.28458523750305176,0.47015905380249023,0.027925236604598447,0.022175312042236328,0.023338800449812958
A0AAE8Y3C7,3.03943419456482,7.856800079345703,0.6461987343248398,0.4992953836917877,0.5057863043873622,3.4214847,8.341743,0.6205794,0.48710293,0.58102894,IDP-ESM2-8M,67,278,0.38205051422119096,0.4849433898925781,0.02561931280460661,0.012192457914352417,0.07524263390609487
A0AAE8YWI4,1.609358549118042,3.962944984436035,0.5837959243711414,0.473062515258789,0.5460392207592222,1.7079399,4.1339197,0.5766155,0.46242994,0.55449164,IDP-ESM2-8M,67,278,0.09858131408691406,0.1709747314453125,0.007180412000078129,0.010632574558258001,0.00845241837804589
A0AAE9BPG4,2.13710355758667,5.662214279174805,0.6702075954124107,0.5244467854499817,0.4716404994287084,2.0444465,5.020113,0.615947,0.5023723,0.56121695,IDP-ESM2-8M,67,278,0.09265708923339844,0.6421012878417969,0.054260587279476136,0.022074460983276367,0.08957645098785655
A0AAE9BPT7,1.9431347846984863,5.012095928192139,0.654510875596267,0.520220160484314,0.47113137556629,1.8161623,4.4644275,0.61153144,0.498791,0.53183496,IDP-ESM2-8M,67,278,0.12697243690490723,0.54766845703125,0.042979439152938115,0.0214291512966156,0.060703584417535705
A0EXV0,2.9715380668640137,7.044875621795654,0.5019079358601082,0.4017245173454284,0.6499989920774839,3.137642,7.3618984,0.51612663,0.4106835,0.63677245,IDP-ESM2-8M,67,278,0.16610383987426758,0.31702280044555664,0.014218696830321509,0.008958995342254694,0.013226538292541279
A0EYY2,2.950136184692383,7.340090274810791,0.6471497186289694,0.5288049578666687,0.5022421655692799,3.0130737,7.4879055,0.6489848,0.5125013,0.47981146,IDP-ESM2-8M,67,278,0.06293749809265137,0.14781522750854492,0.0018350712193582197,0.016303658485412598,0.02243070578954054
A1YJ55,3.0555315017700195,7.718843936920166,0.6594888646173831,0.5147309899330139,0.4901965604397741,2.9111218,7.13113,0.6235032,0.48973098,0.49872527,IDP-ESM2-8M,67,278,0.1444096565246582,0.5877137184143066,0.035985656456982706,0.025000005960464478,0.008528704824736999
A1YMK7,1.6082894802093506,3.860753059387207,0.5596363963749251,0.4328824281692505,0.5430557278577346,1.5274514,3.6108391,0.5395706,0.4373535,0.5829242,IDP-ESM2-8M,67,278,0.08083808422088623,0.24991393089294434,0.020065766778214922,0.0044710636138916016,0.03986845932564553
A4FTA6,2.3044581413269043,5.328023910522461,0.4864728750290131,0.3870003521442413,0.6432551111727393,2.4295044,5.710196,0.5433563,0.43169472,0.5599557,IDP-ESM2-8M,67,278,0.1250462532043457,0.3821721076965332,0.05688342437131649,0.04469436407089239,0.08329939503962158
A4L236,3.559319496154785,8.869784355163574,0.667730566368653,0.5339686870574951,0.4974286742790714,2.8065112,7.0866375,0.6617198,0.5294998,0.4910245,IDP-ESM2-8M,67,278,0.7528083324432373,1.783146858215332,0.0060107673269049755,0.004468858242034912,0.006404180107928814
A4ZRA0,1.930630207061768,4.916701316833496,0.6281911872901215,0.4965169429779053,0.4888957930762339,1.9751545,4.8414664,0.6117559,0.4923154,0.5151783,IDP-ESM2-8M,67,278,0.0445243120193477,0.07523488998413086,0.016435279754568488,0.004201531410217285,0.026282529715819347
A4ZRD1,3.2809228897094727,8.368075370788574,0.6179694577636984,0.4722516238689422,0.5254609425360545,3.3376768,8.10822,0.59575146,0.4569865,0.5480862,IDP-ESM2-8M,67,278,0.05675387382507324,0.2598552703857422,0.02221799339678554,0.015265136957168524,0.022625283450426248
A7IUH2,2.826446533203125,6.832785606384277,0.4540758367257929,0.3569191992282867,0.7188495505076886,3.011618,7.0003896,0.5011101,0.40281156,0.6590859,IDP-ESM2-8M,67,278,0.18517136573791504,0.1676039695739746,0.047034240178503994,0.045892357826232966,0.05976362111392031
A7IXA4,2.4438812732696533,6.074620246887207,0.506579246938697,0.377523124217987,0.6116393496159321,2.535732,5.7979393,0.49402136,0.40617824,0.6897864,IDP-ESM2-8M,67,278,0.09185075759887695,0.27668094635009766,0.012557890832892604,0.028655111789703425,0.07814702495300707
A7J7F5,2.7005112171173096,6.496243953704834,0.4789240499939991,0.3607677519321441,0.6640058348266143,2.846825,6.6351504,0.5093519,0.40920296,0.6400845,IDP-ESM2-8M,67,278,0.14631366729736328,0.13890647888183594,0.03042785916661489,0.04843521118164068,0.02392132974543759
A7K957,3.4070727825164795,8.380545616149902,0.4768607213243008,0.3512023091316223,0.7092317688148461,3.3506968,7.816397,0.5216968,0.41476658,0.6602064,IDP-ESM2-8M,67,278,0.056375980377197266,0.5641484260559082,0.044836084629678696,0.06356427073478699,0.04902539130858996
A8UP82,2.797858238220215,6.424078464508057,0.488800198643554,0.3901183307170868,0.6444620010157824,2.9199455,6.843057,0.52111375,0.40763867,0.5919381,IDP-ESM2-8M,67,278,0.12208724021911621,0.4189786911010742,0.032313554675232614,0.01752033829689026,0.05252392261230954
A8UP87,2.795025110244751,6.090323448181152,0.4994972437511246,0.4039537012577057,0.6175862672511984,2.894861,6.778529,0.5195396,0.40588447,0.59657896,IDP-ESM2-8M,67,278,0.09983587265014648,0.6882057189941406,0.020042350899143968,0.0019307732582092285,0.021007311600868772
A8UP89,2.813053607940674,6.291081428527832,0.4970560224704803,0.4094844162464142,0.6272078508741116,2.918938,6.8389063,0.5199691,0.40643486,0.5939935,IDP-ESM2-8M,67,278,0.10588431358337402,0.5478248596191406,0.022913083250039712,0.0030495524406433105,0.0332143659002041
A8UP92,2.781044006347656,6.233040809631348,0.491870007035643,0.3930676281452179,0.6323904125439261,2.8836071,6.74365,0.51735055,0.4044799,0.59847593,IDP-ESM2-8M,67,278,0.1025631427764897,0.5106091499328613,0.025480547430604572,0.011412262916564941,0.03391447946897497
A8UPA2,2.711287260055542,5.889254093170166,0.4682308663125179,0.3711363971233368,0.6758299671714797,2.933644,6.881479,0.5223451,0.40805778,0.5909846,IDP-ESM2-8M,67,278,0.22235679626464844,0.9922246932983398,0.05411425936268349,0.03692138195037842,0.08484538427047872
A9YTD9,1.5036243200302124,3.6224205493927,0.5617844798064161,0.448904424905777,0.5620229995219682,1.2869055,3.08413,0.57314557,0.47157457,0.5394493,IDP-ESM2-8M,67,278,0.21671879291534424,0.5382905006408691,0.011361088564402988,0.02267014980316162,0.022573724982020704
N0DQS9,1.8298977613449097,4.686764717102051,0.6082825303872794,0.4708894789218902,0.4984122144597991,1.9688417,4.72764,0.55270535,0.4347433,0.5969148,IDP-ESM2-8M,67,278,0.13894391059875488,0.04087543487548828,0.055577182849285034,0.03614619374275202,0.09850261336383981
O11373,1.9061493873596191,4.399576187133789,0.5225890140609893,0.4293209314346313,0.5828948566171649,1.9238769,4.4935746,0.5279404,0.42419338,0.59610736,IDP-ESM2-8M,67,278,0.01772749423980713,0.09399843215942383,0.005351378433212317,0.005127549171447698,0.013212507083701808
O11385,3.166628837585449,7.414531230926514,0.498361803355856,0.3848984241485595,0.646010880444372,3.167138,7.328576,0.49410972,0.39026916,0.6637315,IDP-ESM2-8M,67,278,0.0005092620849609375,0.08595514297485352,0.0042520833641720435,0.005370736122131403,0.017720634963190207
O11680,3.018390893936157,6.932758808135986,0.4678177567356385,0.3664001822471618,0.7128741469555945,3.0098095,7.001202,0.5027215,0.39522883,0.6437776,IDP-ESM2-8M,67,278,0.008581399917602095,0.06844329833984375,0.03490373174016104,0.028828650712966974,0.06909653808413452
O11889,2.256523370742798,5.089328289031982,0.5013871297242866,0.3971178531646728,0.6187533655069841,2.2558079,5.3373103,0.5380203,0.423672,0.57353204,IDP-ESM2-8M,67,278,0.0007154941558837891,0.24798202514648438,0.03663318306181573,0.026554137468338068,0.045221320619441396
O12700,1.8580142259597776,4.628317356109619,0.5813886946879389,0.4569539129734039,0.5471539488685735,2.0509026,4.963697,0.579072,0.46209416,0.53406656,IDP-ESM2-8M,67,278,0.19288837909698509,0.33537960052490234,0.00231669609174745,0.005140244960784968,0.013087390984357183
O22002,2.436743259429932,5.611794471740723,0.4983128296294384,0.3906800150871277,0.6537748737007316,2.451037,5.8357344,0.52755845,0.4116455,0.5976056,IDP-ESM2-8M,67,278,0.014293670654296431,0.2239398956298828,0.029245616301042554,0.020965486764907837,0.0561692876487907
O36059,2.713164091110229,6.3821210861206055,0.5126840467200338,0.4018637835979461,0.6014513546905521,2.8055706,6.5519876,0.500903,0.38786224,0.63091546,IDP-ESM2-8M,67,278,0.09240651130676314,0.16986656188964844,0.011781036351686591,0.01400154829025263,0.029464108280181533
O36067,2.760277032852173,6.466899394989014,0.5104296069654857,0.3967406153678894,0.6176836737985967,2.73907,6.386037,0.5002936,0.38636482,0.6347073,IDP-ESM2-8M,67,278,0.021207094192504883,0.08086252212524414,0.010135994485322097,0.010375797748565674,0.017023598254168215
O36078,2.718585729598999,6.388082504272461,0.5111120281903013,0.3860728442668915,0.607414876596131,2.690693,6.281621,0.50477535,0.39159295,0.6251941,IDP-ESM2-8M,67,278,0.0278928279876709,0.1064615249633789,0.0063366828648313556,0.0055201053619384766,0.017779196127257646
O36100,2.6216931343078613,6.022160530090332,0.4974014162001677,0.3783329725265503,0.6159474876851926,2.7400677,6.366483,0.49816322,0.38829684,0.63850594,IDP-ESM2-8M,67,278,0.11837458610534668,0.34432268142700195,0.0007618070664338616,0.00996387004852295,0.022558447983752727
O36115,2.7481720447540283,6.398575305938721,0.5160008248536102,0.4075352549552917,0.602526395147501,2.7658544,6.4523716,0.5038317,0.392422,0.6339154,IDP-ESM2-8M,67,278,0.017682313919067383,0.05379629135131836,0.01216914026422422,0.015113264322280828,0.03138902919942288
O36117,2.693934917449951,6.19314432144165,0.4886672567871118,0.388326346874237,0.6536789678184627,2.8596632,6.610689,0.48707992,0.37969545,0.66528624,IDP-ESM2-8M,67,278,0.16572833061218262,0.4175448417663574,0.0015873384025598125,0.008630901575088445,0.011607275143420859
O36118,2.6910560131073,6.374130725860596,0.5237097936306376,0.4013272821903229,0.5734136279855012,2.767091,6.452506,0.50378174,0.39239413,0.6326755,IDP-ESM2-8M,67,278,0.0760350227355957,0.07837533950805664,0.019928057733573423,0.008933156728744507,0.059261900540804935
O36119,2.6023077964782715,5.91157341003418,0.4763904312085255,0.3762726187705993,0.6611159293321982,2.879708,6.7087307,0.49672642,0.38345167,0.63772774,IDP-ESM2-8M,67,278,0.27740025520324707,0.7971572875976562,0.020335992293442906,0.007179051637649592,0.023388191905440392
O36121,2.7151269912719727,6.385210990905762,0.5222921448145863,0.4220526814460754,0.5801578097609134,2.858861,6.675281,0.50159293,0.3905336,0.6365332,IDP-ESM2-8M,67,278,0.14373397827148438,0.2900700569152832,0.020699210682963987,0.031519085168838445,0.05637539097990085
O36157,2.6895596981048584,6.015769004821777,0.4962576610830931,0.3894988894462585,0.6349840390119776,2.8303714,6.610853,0.49982518,0.38731807,0.6391586,IDP-ESM2-8M,67,278,0.14081168174743652,0.5950841903686523,0.0035675184937806748,0.0021808147430419367,0.004174567517258199
O38492,2.239642381668091,5.519658088684082,0.5146513180520533,0.3889500498771667,0.610266167407041,2.1698174,5.0850782,0.522409,0.41702285,0.6117809,IDP-ESM2-8M,67,278,0.0698249340057373,0.43457984924316406,0.007757703802347304,0.028072804212570246,0.0015147144746728847
O39165,1.8381026983261108,4.621636390686035,0.6141496098573748,0.4745384156703949,0.5085658286668665,1.6951444,4.198216,0.61131513,0.49887568,0.53803194,IDP-ESM2-8M,67,278,0.14295828342437744,0.42342042922973633,0.0028344786699358027,0.02433726191520691,0.029466107024966992
O39372,2.239338159561157,5.402679443359375,0.5267797679683967,0.411638855934143,0.5855223042318786,2.4044938,5.7217603,0.5365892,0.4238419,0.5995763,IDP-ESM2-8M,67,278,0.1651556491851811,0.31908082962036133,0.009809437296648515,0.012203037738800104,0.014053990190271093
O39937,2.6948516368865967,6.326699256896973,0.5137531461875436,0.4039663970470428,0.5949689169992086,2.7899725,6.525116,0.50555134,0.39172623,0.62557846,IDP-ESM2-8M,67,278,0.09512090682983398,0.19841670989990234,0.00820180799174286,0.012240171432495062,0.030609546078336547
O39943,2.7270376682281494,6.379767417907715,0.517975106116355,0.396638959646225,0.5940201277355475,2.8300893,6.600203,0.5011588,0.38947493,0.633867,IDP-ESM2-8M,67,278,0.10305166244506836,0.22043561935424805,0.01681633221727663,0.007164031267166138,0.039846897639818746
O41014,3.505305528640747,8.303003311157227,0.5653160596262462,0.4370091259479522,0.6054935167283875,3.3384275,7.874572,0.54437834,0.43766978,0.6342794,IDP-ESM2-8M,67,278,0.16687798500061035,0.42843151092529297,0.02093771938195299,0.0006606578826904852,0.028785853579534892
O41972,7.274738311767578,17.486520767211914,0.5111566939268246,0.39429771900177,0.6004825137595405,4.7525616,10.89798,0.44692716,0.3458575,0.74116975,IDP-ESM2-8M,67,278,2.522176742553711,6.588541030883789,0.06422953390218167,0.04844021797180176,0.14068723693091967
O41981,2.7155160903930664,6.670228481292725,0.5182273967818501,0.3977850377559662,0.5791287666241465,3.141145,7.4215727,0.52132463,0.40213215,0.60408807,IDP-ESM2-8M,67,278,0.4256289005279541,0.7513442039489746,0.003097237770151806,0.004347115755081177,0.024959301384276378
O55723,2.5323522090911865,6.050950527191162,0.6334654584399364,0.5173503756523132,0.5198821956720813,2.5452707,6.355793,0.6457708,0.51390284,0.51780164,IDP-ESM2-8M,67,278,0.012918472290039062,0.304842472076416,0.012305329752812622,0.0034475326538085938,0.002080553254173556
O55724,2.770833730697632,6.9409284591674805,0.6619718367737232,0.5284374356269836,0.5202733564725903,2.953789,7.4087887,0.6726067,0.53634155,0.56609017,IDP-ESM2-8M,67,278,0.18295526504516602,0.46786022186279297,0.010634869845539519,0.007904112339019775,0.04581681009616578
O70793,2.307673692703247,5.435315608978272,0.4473353128898799,0.3532614111900329,0.7279898798247326,2.2958217,5.108278,0.46909505,0.3960638,0.70966357,IDP-ESM2-8M,67,278,0.011852025985717773,0.32703781127929776,0.02175973839872486,0.04280239343643194,0.018326309897517046
O70797,2.3914685249328613,5.586994647979736,0.4894790624483098,0.380684494972229,0.6537417447349383,2.5306132,6.027021,0.5512611,0.4387102,0.54460067,IDP-ESM2-8M,67,278,0.1391446590423584,0.44002628326416016,0.06178206454677687,0.05802571773529053,0.10914107916563287
O73497,2.770171403884888,6.535335063934326,0.5263663623142344,0.4174602031707763,0.589428913981355,2.7122273,6.386735,0.5275779,0.41483417,0.5989783,IDP-ESM2-8M,67,278,0.057944059371948686,0.14860010147094727,0.0012115147304433416,0.002626031637191717,0.009549367039763168
O90676,2.085679769515991,5.034219264984131,0.546803639589487,0.4170252084732055,0.5534667844593957,2.087652,5.101166,0.59112406,0.4603181,0.49175546,IDP-ESM2-8M,67,278,0.001972198486328125,0.06694650650024414,0.04432041818028842,0.04329288005828863,0.0617113287270501
O90681,2.289219856262207,5.464588642120361,0.5403743837127102,0.4210497736930847,0.5683071707841123,2.3794787,5.8378115,0.5972019,0.45961547,0.47705913,IDP-ESM2-8M,67,278,0.09025883674621582,0.37322282791137695,0.056827500080167015,0.03856569528579712,0.09124804488384375
O90688,2.3432891368865967,5.672690391540527,0.5628634663734398,0.4285344183444977,0.5401734100918094,2.3646944,5.7267075,0.5908692,0.46147442,0.50043625,IDP-ESM2-8M,67,278,0.02140522003173828,0.054017066955566406,0.028005721935276062,0.03294000029563904,0.03973716369669833
O90711,2.174336194992065,5.165025234222412,0.5515317400628879,0.4349943101406097,0.5571023991534819,2.19532,5.2196097,0.5377947,0.4227843,0.57862824,IDP-ESM2-8M,67,278,0.020983695983887163,0.054584503173828125,0.013737030857260413,0.012210011482238714,0.021525842862356703
O92312,1.9107741117477417,4.315771102905273,0.515424518730366,0.4174405634403229,0.5978607854906319,1.945405,4.6736183,0.54768467,0.4273993,0.5540442,IDP-ESM2-8M,67,278,0.03463089466094971,0.3578472137451172,0.03226015076426292,0.009958744049072266,0.04381659842169272
O92587,1.7821160554885864,4.3556318283081055,0.5598112148320997,0.4527174234390259,0.5499251033989555,1.7633438,4.188134,0.547446,0.4353194,0.5601877,IDP-ESM2-8M,67,278,0.018772244453430176,0.1674976348876953,0.012365202335151482,0.017398029565811157,0.01026259401162799
O92588,1.9747668504714968,4.647405624389648,0.5566357803569993,0.4377297163009643,0.5518433425716358,1.9917305,4.7280803,0.54981035,0.43969527,0.56458896,IDP-ESM2-8M,67,278,0.0169636011123655,0.08067464828491211,0.006825430415745681,0.0019655525684357245,0.012745621413807307
P03181,7.405065536499023,16.940650939941406,0.4903569610708267,0.3908266723155975,0.709885557886784,4.3958282,10.267544,0.51114845,0.4029717,0.6378754,IDP-ESM2-8M,67,278,3.009237289428711,6.673107147216797,0.02079149168796235,0.01214504241943365,0.07201017975491752
P03290,3.112959623336792,7.123302459716797,0.5464745388803227,0.4314043819904327,0.571139708918999,2.8411503,6.8358006,0.55835855,0.43823227,0.5614811,IDP-ESM2-8M,67,278,0.27180933952331543,0.28750181198120117,0.011884011191393595,0.006827890872955378,0.009658590716789539
P03779,1.860031723976136,4.370760440826416,0.5747545078096227,0.4660328030586242,0.5500835490455895,1.8348355,4.519448,0.5912825,0.4720048,0.5279606,IDP-ESM2-8M,67,278,0.025196194648743342,0.14868736267089844,0.016527979105965707,0.005971997976303156,0.02212295057680902
P04487,3.740555047988892,8.910425186157227,0.5344191002228147,0.4009999930858612,0.599616577306658,3.6618228,8.635226,0.5249211,0.41293684,0.63308793,IDP-ESM2-8M,67,278,0.07873225212097212,0.27519893646240234,0.009497981009710443,0.011936843395233154,0.03347135575684912
P06923,2.341156005859375,5.441354751586914,0.4607863196585195,0.3642172217369079,0.6924271245982593,2.2357862,4.9835806,0.45448726,0.37339082,0.7252998,IDP-ESM2-8M,67,278,0.10536980628967285,0.45777416229248047,0.006299055502177964,0.009173601865768488,0.03287265100217407
P08804,1.7925219535827637,3.929074048995972,0.4868056290037892,0.4147535562515259,0.6591709868098714,1.8448462,4.2836514,0.5304058,0.43800348,0.61607754,IDP-ESM2-8M,67,278,0.05232429504394531,0.3545773029327388,0.043600190412256934,0.023249924182891846,0.04309344450487873
P08807,1.7895528078079224,4.3801984786987305,0.6037788271976917,0.4780272245407104,0.5272451273059816,1.7919257,4.4432673,0.60558254,0.49438477,0.51065606,IDP-ESM2-8M,67,278,0.0023728609085083008,0.06306886672973633,0.0018037080691845064,0.016357541084289606,0.01658906851768205
P09702,3.543259620666504,8.028326034545898,0.5116190861206633,0.4019027054309845,0.6349735857370606,3.809577,9.047794,0.5453753,0.4220051,0.57023984,IDP-ESM2-8M,67,278,0.26631736755371094,1.0194683074951172,0.03375620141214308,0.020102381706237793,0.06473374379904184
P0C724,3.0814013481140137,6.190314292907715,0.2601923279362901,0.2602740824222564,1.386118489724279,3.5416431,7.5601654,0.37103012,0.33295432,0.9521198,IDP-ESM2-8M,67,278,0.46024179458618164,1.3698511123657227,0.11083779410541217,0.07268023490905767,0.4339986624537713
P0DJX3,2.4360222816467285,5.444389820098877,0.4954066348688546,0.4089968204498291,0.6546197458615949,2.492228,5.9704146,0.54737365,0.4261297,0.5724403,IDP-ESM2-8M,67,278,0.05620574951171875,0.5260248184204102,0.051967017589336306,0.017132878303527832,0.08217941964775821
P0DTC0,3.8922836780548096,8.96567153930664,0.4794475698472628,0.3925299942493438,0.7110433046674691,3.9306564,9.244245,0.5181246,0.3975676,0.6371452,IDP-ESM2-8M,67,278,0.03837275505065918,0.27857303619384766,0.038677010536038,0.005037605762481745,0.0738980834341012
P10428,1.6910001039505005,4.069782733917236,0.5669321377699263,0.4482051134109497,0.5510757525046576,1.7033935,4.147314,0.57020754,0.45173225,0.55358297,IDP-ESM2-8M,67,278,0.012393355369567871,0.07753133773803711,0.0032753984506241896,0.003527134656906128,0.0025072138230096686
P12507,1.822255253791809,4.386811256408691,0.5691954327650687,0.442838579416275,0.5336004579217108,1.8595653,4.5286803,0.5647888,0.44370306,0.5391164,IDP-ESM2-8M,67,278,0.037310004234313965,0.14186906814575195,0.004406614405693676,0.0008644759654998779,0.005515924677166106
P12508,2.0140883922576904,4.784723281860352,0.553813923085913,0.4482794106006622,0.5667958607359503,2.0044403,4.8302855,0.54930407,0.43205193,0.56846845,IDP-ESM2-8M,67,278,0.00964808464050293,0.0455622673034668,0.004509854997381546,0.016227483749389593,0.001672590763988624
P12512,1.4288041591644287,3.289330244064331,0.5172402802917017,0.439923882484436,0.59851336048708,1.4193804,3.410328,0.5638351,0.45703396,0.54263407,IDP-ESM2-8M,67,278,0.00942373275756836,0.12099766731262207,0.046594804146622315,0.0171100795269013,0.055879290567493856
P17356,2.006600379943848,4.917424201965332,0.5442571487534329,0.4249440133571625,0.5296452408932624,1.757863,4.193103,0.5451992,0.42095986,0.53202903,IDP-ESM2-8M,67,278,0.24873733520507857,0.7243213653564453,0.000942066658706997,0.0039841532707214355,0.0023837918139519854
P19127,3.3257381916046143,7.78192138671875,0.5156136392165004,0.4254224300384521,0.6133509591283565,3.4570353,8.075862,0.5072056,0.39593965,0.63400334,IDP-ESM2-8M,67,278,0.13129711151123047,0.29394054412841797,0.008408033709603413,0.029482781887054388,0.020652382069611064
P20833,1.892179012298584,4.588736057281494,0.549907729609168,0.4314662218093872,0.5706535434514768,1.9132161,4.5644093,0.5435802,0.4358589,0.5936917,IDP-ESM2-8M,67,278,0.02103710174560547,0.024326801300048828,0.006327555163062049,0.004392683506011963,0.023038163205932882
P24649,2.708787202835083,6.462658882141113,0.6130768842161018,0.4842517971992492,0.548156884554892,2.7171905,6.4663982,0.5753353,0.46571255,0.5911952,IDP-ESM2-8M,67,278,0.008403301239013672,0.0037393569946289062,0.037741560405524455,0.01853924989700312,0.04303834116074523
P41726,2.316164016723633,5.478352069854736,0.5646115480610284,0.4536003470420837,0.5855935748304303,2.523378,6.2304316,0.62205756,0.48946252,0.4962452,IDP-ESM2-8M,67,278,0.2072138786315918,0.7520794868469238,0.05744600904498964,0.035862177610397394,0.08934836942805602
P57017,2.151736259460449,5.168681144714356,0.5628128436523877,0.4304284155368805,0.5426337444143957,2.2215433,5.3129554,0.54827654,0.42992103,0.56960714,IDP-ESM2-8M,67,278,0.06980705261230469,0.14427423477172763,0.014536300035139171,0.0005073845386505127,0.026973394219332314
P68828,2.9808897972106934,7.4242844581604,0.5611493865995003,0.438018262386322,0.5528571790782383,3.3818333,8.150974,0.5828943,0.453462,0.5425426,IDP-ESM2-8M,67,278,0.4009435176849365,0.7266898155212402,0.021744938656847346,0.015443742275238037,0.010314602288382324
P69592,1.7513786554336548,4.164352893829346,0.5669606096928566,0.483927309513092,0.560739771728042,1.7811388,4.2095475,0.5717476,0.47265428,0.57534605,IDP-ESM2-8M,67,278,0.029760122299194336,0.04519462585449219,0.004786991339400526,0.011273026466369573,0.01460628091859495
P87543,4.003713607788086,9.220807075500488,0.5363188642019665,0.4295553565025329,0.6013543189717759,4.0823708,9.562036,0.5137333,0.4026022,0.65917283,IDP-ESM2-8M,67,278,0.07865715026855469,0.3412284851074219,0.022585536813203078,0.02695316076278681,0.057818513994074894
P87914,2.507851839065552,5.9015302658081055,0.5172455753783786,0.4186477661132812,0.5839084382547154,2.5887897,6.001926,0.5011738,0.396311,0.63071036,IDP-ESM2-8M,67,278,0.08093786239623979,0.10039567947387695,0.016071781108816796,0.022336751222610418,0.046801925133346134
P89479,3.4197442531585693,7.726037502288818,0.4747982796018226,0.374724268913269,0.7226037112359825,3.4598184,8.136264,0.52096057,0.40936673,0.6342795,IDP-ESM2-8M,67,278,0.04007411003112793,0.41022634506225586,0.046162289779891286,0.03464245796203619,0.08832422171877063
P89827,1.9753745794296265,4.099424839019775,0.4093824113504276,0.3356965780258178,0.8102403527309183,1.9964606,4.5053434,0.47777095,0.3967616,0.7049498,IDP-ESM2-8M,67,278,0.02108597755432129,0.40591859817504883,0.06838854302007108,0.061065018177032526,0.10529055653111974
P89833,1.9173517227172847,3.901500225067138,0.3969877328052804,0.3435060977935791,0.8165980938850544,2.0033789,4.5437694,0.477641,0.39453384,0.6948397,IDP-ESM2-8M,67,278,0.08602714538574263,0.6422691345214853,0.08065325363728554,0.05102774500846863,0.12175837792741284
P89841,2.18721342086792,5.080570697784424,0.5037516006319268,0.3925413489341736,0.613832290684203,2.2159858,5.186769,0.5253945,0.4169691,0.5961126,IDP-ESM2-8M,67,278,0.028772354125976562,0.10619831085205078,0.02164289866998359,0.024427741765975952,0.01771968177459604
P89878,1.4380486011505127,3.582058906555176,0.5691211780407178,0.4544344246387481,0.5259092702197611,1.4890528,3.5923996,0.5701682,0.45801073,0.52930385,IDP-ESM2-8M,67,278,0.05100417137145996,0.010340690612792969,0.001047019114280956,0.0035763084888458807,0.0033945785236776382
Q00DY4,1.9466793537139893,4.4241719245910645,0.4674324874742126,0.3666970133781433,0.6756741670218237,2.179999,5.043706,0.513309,0.4143431,0.6113475,IDP-ESM2-8M,67,278,0.23331975936889648,0.6195340156555176,0.0458765144483948,0.04764607548713684,0.0643266705122717
Q03873,2.77470326423645,6.491849422454834,0.6045866135826563,0.5002999901771545,0.5460834807410428,2.413199,5.703784,0.57067406,0.47310352,0.5829553,IDP-ESM2-8M,67,278,0.36150431632995605,0.7880654335021973,0.03391255180744879,0.02719646692276001,0.03687182006691003
Q04247,1.4281784296035769,3.3614892959594727,0.5405120398970047,0.4382727146148681,0.5636198490019194,1.3729227,3.323968,0.5601239,0.4453395,0.52605546,IDP-ESM2-8M,67,278,0.055255770683288796,0.0375213623046875,0.019611880543669136,0.007066786289215143,0.03756439379409471
Q04259,1.6998262405395508,4.135703086853027,0.5599713948144898,0.4334517419338226,0.5471368635802512,1.7853155,4.250065,0.5426549,0.43143573,0.5597095,IDP-ESM2-8M,67,278,0.08548927307128906,0.11436176300048828,0.01731652287387697,0.0020160079002379816,0.012572625765299383
Q04397,5.406739711761475,12.5277099609375,0.5042368533796044,0.3994515538215637,0.6313344256186778,4.3158484,10.009293,0.49862912,0.39405376,0.6612531,IDP-ESM2-8M,67,278,1.0908913612365723,2.5184173583984375,0.0056077304071160405,0.005397796630859375,0.02991866905447893
Q04405,1.934775114059448,4.649515151977539,0.5363915079627751,0.4240773320198059,0.5873521350293817,1.8837276,4.6259937,0.5744821,0.44805855,0.5360518,IDP-ESM2-8M,67,278,0.05104756355285622,0.02352142333984375,0.03809057535784255,0.023981213569641113,0.05130032524163142
Q04420,1.805222749710083,4.253274917602539,0.5266987175116835,0.4111532866954803,0.5990907025057997,1.8057128,4.4713745,0.5801925,0.44909483,0.5203015,IDP-ESM2-8M,67,278,0.0004900693893432617,0.21809959411621094,0.05349378880164046,0.03794154524803167,0.07878918168136728
Q05293,1.9729517698287964,4.847043991088867,0.5825411555535686,0.4527886211872101,0.5481766579983381,1.8567355,4.415397,0.57221705,0.46599323,0.56000435,IDP-ESM2-8M,67,278,0.11621630191802979,0.43164682388305664,0.0103241083390605,0.013204604387283325,0.011827695524916249
Q06E77,1.8842843770980835,4.500761032104492,0.6109240488784817,0.5100039839744568,0.5257443016492127,1.7881231,4.3360214,0.58390087,0.47284457,0.5706665,IDP-ESM2-8M,67,278,0.09616124629974365,0.16473960876464844,0.02702317998581205,0.03715941309928894,0.044922190336108336
Q06IZ2,1.4356237649917605,3.31658148765564,0.5201992641313066,0.4140467941761017,0.5765742179486212,1.5423123,3.7044785,0.5523208,0.4416729,0.5438555,IDP-ESM2-8M,67,278,0.10668849945068337,0.3878970146179195,0.03212151423859699,0.027626097202301025,0.032718729648297695
Q08IT9,1.4374035596847534,3.447927236557007,0.5274691890956827,0.4197149276733398,0.5646107573227759,1.4605466,3.443161,0.53704923,0.42804343,0.56281185,IDP-ESM2-8M,67,278,0.02314305305480957,0.004766225814819336,0.009580044817738886,0.008328497409820612,0.0017989058213110365
Q08IU0,1.4429516792297363,3.510183811187744,0.5467939184569621,0.4366958737373352,0.5388452848036009,1.3512623,3.187042,0.54917896,0.443688,0.5387783,IDP-ESM2-8M,67,278,0.0916893482208252,0.32314181327819824,0.0023850394821858245,0.006992131471633911,6.697974989000599e-05
Q08IU3,1.4579089879989624,3.511536359786988,0.5299306398503467,0.4247118234634399,0.5697537726445597,1.4448073,3.4275682,0.53831536,0.42876014,0.5596512,IDP-ESM2-8M,67,278,0.013101696968078613,0.08396816253662198,0.00838471592739376,0.004048317670822199,0.010102576641599526
Q08IW3,1.4826449155807495,3.5181632041931152,0.5418432103206499,0.4348174333572387,0.5616421984480728,1.5330862,3.6353319,0.54599303,0.43669704,0.5558759,IDP-ESM2-8M,67,278,0.05044126510620117,0.11716866493225098,0.004149819750608685,0.0018796026706696112,0.0057663010405411
Q08IW4,1.417690396308899,3.368800163269043,0.5314883235337291,0.4246523976325989,0.550930743311933,1.3609041,3.2323406,0.5467304,0.43774572,0.547569,IDP-ESM2-8M,67,278,0.056786298751831055,0.1364595890045166,0.015242075598045801,0.013093322515487671,0.0033617664328131625
Q08IW8,1.4577032327651978,3.549053430557251,0.5522056796709515,0.4314004480838775,0.5364896368268538,1.3947623,3.304097,0.54459953,0.43705663,0.5529253,IDP-ESM2-8M,67,278,0.06294095516204834,0.24495649337768555,0.007606146589896778,0.005656182765960749,0.016435651850361777
Q08IX5,1.4896442890167236,3.519534111022949,0.5377851406354512,0.4421991109848022,0.5700232212940877,1.4954671,3.5711126,0.5501345,0.437789,0.54642653,IDP-ESM2-8M,67,278,0.00582277774810791,0.051578521728515625,0.012349339364090994,0.004410117864608709,0.023596686641377707
Q08J01,1.469356656074524,3.5599188804626465,0.5514252308487402,0.4417662322521209,0.5417599644985271,1.4561785,3.4689221,0.54782236,0.437033,0.5440667,IDP-ESM2-8M,67,278,0.013178110122680664,0.09099674224853516,0.003602874624680119,0.004733234643936102,0.002306762662880324
Q08J02,1.4826217889785769,3.603677272796631,0.5520662226608327,0.4285859763622284,0.5463108186783282,1.4004793,3.3319697,0.5554601,0.44571212,0.535812,IDP-ESM2-8M,67,278,0.0821424722671511,0.27170753479003906,0.003393872744745896,0.017126142978668213,0.010498798376509355
Q0GGW6,4.312648296356201,10.013757705688477,0.555136638466714,0.4587820470333099,0.5539172135578856,3.9449065,9.330134,0.5383353,0.41631675,0.60273623,IDP-ESM2-8M,67,278,0.36774182319641113,0.6836233139038086,0.016801315132973782,0.04246529936790461,0.0488190211070314
Q0GYC4,2.387162208557129,5.818487644195557,0.6232068874557244,0.4881665110588074,0.5181904870199305,2.4261768,5.69911,0.548044,0.4511511,0.63267434,IDP-ESM2-8M,67,278,0.039014577865600586,0.11937761306762695,0.07516286155774465,0.0370154082775116,0.11448384941348011
Q0IL14,4.035992622375488,9.764535903930664,0.6251751191396439,0.5060973167419434,0.5531101610142107,4.1970243,10.059553,0.57586133,0.46074912,0.61757606,IDP-ESM2-8M,67,278,0.16103172302246094,0.2950172424316406,0.04931378433892364,0.04534819722175598,0.06446590166508004
Q0IL90,2.561861276626587,6.199515342712402,0.5362777379898418,0.4180321395397186,0.575575906426962,2.5636468,6.0720363,0.5354797,0.42058942,0.5948576,IDP-ESM2-8M,67,278,0.0017855167388916016,0.12747907638549805,0.0007980135826457513,0.002557277679443415,0.019281667082254317
Q0NQ56,2.0972745418548584,5.227694034576416,0.5487729051962853,0.4231206476688385,0.5225763984892645,1.9101833,4.5340157,0.53816557,0.4161358,0.54115903,IDP-ESM2-8M,67,278,0.18709123134613037,0.6936783790588379,0.010607335890865377,0.0069848597049713135,0.018582635286065075
Q0PEK1,2.4489595890045166,5.713934898376465,0.5070775142401297,0.3987160623073578,0.6283529767702944,2.3150008,5.2402263,0.48434266,0.3900452,0.69150937,IDP-ESM2-8M,67,278,0.1339588165283203,0.4737086296081543,0.02273484975992035,0.0086708664894104,0.06315638926516698
Q0PF77,2.421322822570801,5.455344676971436,0.4908326695039217,0.3733792603015899,0.6432492242511033,2.505291,5.8900337,0.51785105,0.40605697,0.6107989,IDP-ESM2-8M,67,278,0.0839681625366211,0.4346890449523917,0.027018385164504832,0.03267771005630499,0.032450328892064007
Q0PF82,2.5909345149993896,6.1186842918396,0.5181508494513426,0.4070299863815307,0.6236717897404401,2.5671182,6.1133156,0.534765,0.41439545,0.58637154,IDP-ESM2-8M,67,278,0.023816347122192383,0.005368709564208984,0.016614155660351737,0.007365465164184626,0.037300248717185736
Q0PF92,2.438351392745972,5.609350681304932,0.4963465059225466,0.403005987405777,0.6332669263802688,2.5115538,5.8769684,0.51119787,0.4034596,0.62069243,IDP-ESM2-8M,67,278,0.0732023715972896,0.26761770248413086,0.014851359086761273,0.00045362114906311035,0.01257449445354153
Q0PFA4,2.4556210041046143,5.689525127410889,0.494762319956208,0.3848390877246856,0.6423043247751689,2.5449417,6.0010934,0.51897734,0.40623525,0.60913175,IDP-ESM2-8M,67,278,0.08932065963745117,0.3115682601928711,0.024215024079894287,0.021396160125732477,0.033172571330497225
Q0PFA9,2.530031442642212,6.113459587097168,0.5198990083389001,0.4059605300426483,0.6052942732150766,2.4043176,5.6852617,0.5231877,0.40642118,0.5961671,IDP-ESM2-8M,67,278,0.12571382522583008,0.42819786071777344,0.003288688594846212,0.00046065449714660645,0.00912718566014492
Q0QZD2,2.131593704223633,5.3235368728637695,0.6209087635914231,0.4970093071460724,0.5070948819568291,1.9882438,4.9667172,0.613976,0.48161915,0.5027634,IDP-ESM2-8M,67,278,0.14334988594055176,0.35681962966918945,0.006932761851921154,0.015390157699584961,0.004331491415752398
Q0QZH2,1.916715264320373,4.196271896362305,0.4252235610441495,0.3501870036125183,0.7300252734490662,2.0270824,4.5460835,0.46150923,0.3768557,0.70093405,IDP-ESM2-8M,67,278,0.1103671789169316,0.3498115539550781,0.03628566670853606,0.026668697595596313,0.029091220981720012
Q0WY62,1.5660996437072754,3.749598741531372,0.5676742006695908,0.4298533499240875,0.536216024823067,1.6308856,3.9208913,0.56096417,0.44817525,0.54638964,IDP-ESM2-8M,67,278,0.06478595733642578,0.17129254341125488,0.006710033551518335,0.018321901559829712,0.010173614554527033
Q102Z0,1.499362230300903,3.523333549499512,0.5210678533972369,0.4293972253799438,0.5897040759104045,1.4834496,3.4540431,0.538697,0.43678656,0.5805335,IDP-ESM2-8M,67,278,0.015912652015685813,0.06929039955139205,0.01762915092100037,0.00738933682441717,0.00917057142432054
Q102Z1,1.5114619731903076,3.835897922515869,0.5671856114379641,0.4390173256397247,0.5255928235632996,1.5422564,3.654273,0.55486244,0.44649202,0.5648503,IDP-ESM2-8M,67,278,0.030794382095336914,0.1816248893737793,0.012323171805548316,0.007474690675735529,0.03925744718483881
Q102Z2,1.515132188796997,3.646566390991211,0.5500515597559897,0.415818989276886,0.5532418338677698,1.5063081,3.5948496,0.5578419,0.4512767,0.55201614,IDP-ESM2-8M,67,278,0.00882411003112793,0.05171680450439453,0.007790337254813484,0.03545770049095154,0.0012256948373132737
Q102Z3,1.5226575136184692,3.675213098526001,0.5370506543408452,0.4273405969142914,0.5745022427789431,1.6336896,3.788307,0.5274299,0.42402813,0.59085536,IDP-ESM2-8M,67,278,0.11103212833404541,0.11309385299682617,0.009620775629144762,0.0033124685287475586,0.0163531172521848
Q102Z5,1.5663609504699707,3.843828201293945,0.5554004065160287,0.4452764093875885,0.5627144911054288,1.7157125,4.160471,0.57148266,0.45838377,0.5372071,IDP-ESM2-8M,67,278,0.1493515968322754,0.3166427612304692,0.016082251870201736,0.013107359409332275,0.025507364487997175
Q102Z6,1.5005810260772705,3.5313215255737305,0.5306510556854136,0.4185928106307983,0.5760855601870156,1.624905,3.7310104,0.52071214,0.4230005,0.6072235,IDP-ESM2-8M,67,278,0.12432396411895752,0.19968891143798828,0.009938918463123558,0.004407703876495417,0.031137950555171878
Q102Z7,1.5033129453659058,3.6720473766326895,0.5492955266916776,0.4355100393295288,0.5484462504595642,1.5136522,3.5702126,0.5434549,0.436196,0.5595432,IDP-ESM2-8M,67,278,0.01033926010131836,0.1018347740173331,0.0058406412088894966,0.000685960054397583,0.011096941927063009
Q102Z8,1.5370064973831177,3.700448513031006,0.5550143502217387,0.448872834444046,0.5527218533493011,1.5692663,3.700867,0.5435542,0.43521327,0.567524,IDP-ESM2-8M,67,278,0.03225982189178467,0.0004184246063232422,0.011460163400754841,0.013659566640853882,0.014802162554171772
Q102Z9,1.483626365661621,3.479201555252075,0.5412699644387938,0.4307369291782379,0.5530405685715047,1.4701222,3.4331462,0.5362212,0.43285272,0.5711048,IDP-ESM2-8M,67,278,0.01350414752960205,0.04605531692504883,0.005048758250591923,0.002115786075592041,0.018064255971494525
Q103A0,1.5284596681594849,3.71622896194458,0.5546812330322904,0.4352303445339203,0.5500571989958704,1.4877068,3.4749966,0.5357803,0.43020552,0.5780931,IDP-ESM2-8M,67,278,0.04075288772583008,0.24123239517211914,0.018900922401492104,0.005024820566177368,0.02803591251917481
Q103A1,1.5050746202468872,3.517319440841675,0.5554340254422345,0.4461743533611297,0.5405719477578262,1.6383668,3.9190278,0.55753505,0.44682637,0.55001885,IDP-ESM2-8M,67,278,0.13329219818115234,0.40170836448669434,0.002101026857264987,0.0006520152091980536,0.009446899230851735
Q103A2,1.5446945428848269,3.809352397918701,0.5710473258800727,0.4527680277824402,0.5313889111234903,1.5092518,3.597238,0.547238,0.43754953,0.5597315,IDP-ESM2-8M,67,278,0.03544270992279075,0.2121143341064453,0.023809333593390547,0.015218496322631836,0.028342572335982363
Q103A3,1.4667996168136597,3.64899468421936,0.5713343361204221,0.4497934579849243,0.5233024857019118,1.4255832,3.3333652,0.5420107,0.43621257,0.5770071,IDP-ESM2-8M,67,278,0.041216373443603516,0.31562948226928667,0.029323611575896913,0.013580888509750366,0.0537046291853257
Q103A4,1.4526007175445557,3.5227160453796387,0.5480178515024783,0.43048956990242,0.5515331527600067,1.3952713,3.3584344,0.5579172,0.4449202,0.54555905,IDP-ESM2-8M,67,278,0.057329416275024414,0.16428160667419434,0.00989932617467626,0.014430642127990778,0.005974104107357769
Q103A5,1.451314091682434,3.5562000274658203,0.5455021460274727,0.418934017419815,0.5543850408484168,1.4943444,3.5431747,0.5405429,0.432997,0.5731289,IDP-ESM2-8M,67,278,0.0430302619934082,0.013025283813476562,0.004959245465186335,0.014062970876693781,0.018743838221865206
Q103A6,1.429018497467041,3.3644111156463623,0.5543584494572299,0.4454344809055328,0.5437874993695134,1.4471121,3.459499,0.5616267,0.4516247,0.5391179,IDP-ESM2-8M,67,278,0.018093585968017578,0.09508776664733887,0.007268223287521081,0.006190210580825861,0.0046696266545170895
Q103A7,1.4941874742507937,3.8151917457580566,0.5779104832680144,0.4622054398059845,0.523716416735171,1.3893039,3.381375,0.5647184,0.44797716,0.5340456,IDP-ESM2-8M,67,278,0.10488355159759544,0.43381667137145996,0.013192057994119155,0.014228284358978271,0.010329160314084374
Q103A8,1.4836623668670654,3.637364387512207,0.5714937745501606,0.453369677066803,0.5290969944233359,1.3941903,3.2474806,0.53415275,0.42999306,0.58344764,IDP-ESM2-8M,67,278,0.08947205543518066,0.38988375663757324,0.03734102834959907,0.02337661385536194,0.0543506407504617
Q103A9,1.4455969333648682,3.515743017196656,0.5487007493055792,0.4416884481906891,0.5577590927483108,1.4700972,3.4261725,0.5356412,0.43188572,0.58591926,IDP-ESM2-8M,67,278,0.024500250816345215,0.0895705223083505,0.013059555915686638,0.00980272889137268,0.028160168230387916
Q107X9,2.822714328765869,6.549379348754883,0.5188409205836613,0.3996600210666656,0.5997834279958537,3.00658,6.8675885,0.4821902,0.3942356,0.6947574,IDP-ESM2-8M,67,278,0.18386578559875488,0.318209171295166,0.03665072883790321,0.005424410104751531,0.09497397394735307
Q14UX9,1.783287763595581,4.286310195922852,0.5483216005348963,0.4268178939819336,0.5696793046511595,1.6635135,3.8799946,0.5305173,0.4296411,0.60144067,IDP-ESM2-8M,67,278,0.1197742223739624,0.40631556510925293,0.01780432043312019,0.0028232038021087646,0.031761363454919644
Q14UY3,1.8551685810089111,4.370429039001465,0.5658679846557889,0.4456781446933746,0.555234237051442,1.6819174,3.9098516,0.53360885,0.4341268,0.5968961,IDP-ESM2-8M,67,278,0.17325115203857422,0.46057748794555664,0.03225913083880283,0.01155135035514826,0.04166187491373741
Q152W2,1.3592116832733154,2.729971408843994,0.3594327543581604,0.3521990180015564,0.8076276652356189,1.5185962,3.5419898,0.5104495,0.4131077,0.599681,IDP-ESM2-8M,67,278,0.15938448905944824,0.8120183944702148,0.15101677433599242,0.06090867519378662,0.2079466454525989
Q159G2,1.834389090538025,4.393428802490234,0.5295314281657505,0.400502860546112,0.5503162700200773,1.811426,4.347213,0.549823,0.42556265,0.52237666,IDP-ESM2-8M,67,278,0.02296304702758789,0.04621601104736328,0.02029155796019555,0.02505978941917425,0.027939613487789727
Q159G5,2.264542818069458,5.432994842529297,0.5248023603879138,0.4097082614898681,0.5648368014368876,2.2909,5.4915094,0.55388945,0.4258942,0.5204007,IDP-ESM2-8M,67,278,0.026357173919677734,0.05851459503173828,0.02908709302318846,0.016185939311981257,0.044436098483549014
Q159M3,1.548293113708496,3.586411476135254,0.5080187844477576,0.401477575302124,0.5767502351435645,1.5925268,3.7929618,0.5377297,0.42123225,0.54006016,IDP-ESM2-8M,67,278,0.04423367977142334,0.20655035972595215,0.02971089609041988,0.019754678010940552,0.036690072599314005
Q19B12,2.211629629135132,5.427496910095215,0.5703948772460266,0.4385860562324524,0.5495392576932107,2.0576615,4.8475547,0.53588384,0.4321821,0.6040828,IDP-ESM2-8M,67,278,0.15396809577941895,0.5799422264099121,0.03451103334725336,0.0064039528369903564,0.05454356510647196
Q19B37,1.7492132186889648,4.319702625274658,0.5998632061252894,0.4712064266204834,0.520111095106797,1.677946,4.058107,0.58340067,0.47610092,0.54958266,IDP-ESM2-8M,67,278,0.07126724720001221,0.2615957260131836,0.016462539411574828,0.0048944950103759766,0.029471565091414686
Q19CE6,1.8610514402389529,4.336532115936279,0.5832183359914176,0.4892588853836059,0.5527130727823699,1.8570976,4.460286,0.56952846,0.4609426,0.56700075,IDP-ESM2-8M,67,278,0.003953814506530984,0.12375402450561523,0.01368987548879308,0.028316289186477606,0.014287673944619828
Q19CW0,1.5930460691452026,3.826406240463257,0.5515965885556707,0.4375797510147095,0.5787984380743307,1.5915091,3.7904227,0.5531478,0.451994,0.5806916,IDP-ESM2-8M,67,278,0.0015369653701782227,0.03598356246948242,0.001551204260491379,0.01441425085067749,0.0018931379296975859
Q19D16,1.5336685180664062,3.8403007984161377,0.5972858620007954,0.4669265747070312,0.5119937568610844,1.5454882,3.8330688,0.5934926,0.47175267,0.515767,IDP-ESM2-8M,67,278,0.011819720268249512,0.007231950759887695,0.0037932348569355012,0.004826098680496271,0.003773221402770588
Q19NX3,2.234902858734131,5.079492568969727,0.4291541928903484,0.3584992587566376,0.7156905540885549,2.0652742,4.5687723,0.44055775,0.3612927,0.7264753,IDP-ESM2-8M,67,278,0.16962862014770508,0.5107202529907227,0.01140355518895153,0.002793431282043457,0.010784744316138739
Q19UQ1,2.2450613975524902,5.595417499542236,0.6079161859136146,0.4764726758003235,0.5300707059985871,2.258367,5.698396,0.6284004,0.49897134,0.52936053,IDP-ESM2-8M,67,278,0.0133056640625,0.10297870635986328,0.020484199466176634,0.022498667240142822,0.0007101732379669601
Q19XC2,1.959297776222229,4.646962642669678,0.5508413068512953,0.4299237132072449,0.5842901482468013,1.8415124,4.591835,0.6024943,0.47436965,0.51979744,IDP-ESM2-8M,67,278,0.11778533458709717,0.055127620697021484,0.051652992560478395,0.044445931911468506,0.06449270390323436
Q19XF8,1.7609339952468872,4.231517791748047,0.5615303129932926,0.4530632793903351,0.5651863572145935,1.8423836,4.5010204,0.5907329,0.46957812,0.5159443,IDP-ESM2-8M,67,278,0.08144962787628174,0.2695026397705078,0.02920255949282191,0.016514837741851807,0.04924205513253177
Q19XJ8,1.449294090270996,3.4961540699005127,0.5553077438425218,0.4536588788032532,0.5493758555860766,1.4700856,3.4458778,0.5158613,0.4156521,0.60090107,IDP-ESM2-8M,67,278,0.02079153060913086,0.05027627944946289,0.039446471030632146,0.03800678253173828,0.05152521167085089
Q19XN7,1.620885729789734,3.888865470886232,0.5629454370239381,0.4520831704139709,0.551669278802583,1.6601455,3.88267,0.5406355,0.44675088,0.60351366,IDP-ESM2-8M,67,278,0.03925979137420632,0.006195545196534535,0.022309910843670733,0.005332291126251165,0.05184437924413943
Q19XV8,2.24051570892334,5.364731311798096,0.5634451496638241,0.4421781301498413,0.5752650112572254,2.3042502,5.4984617,0.55232733,0.43169203,0.5898247,IDP-ESM2-8M,67,278,0.06373453140258789,0.13373041152954102,0.011117814782995228,0.010486096143722534,0.014559665256446475
Q19XW1,2.417217493057251,6.3097825050354,0.6430258798034243,0.5007662773132324,0.497582860792249,2.7332242,6.6837926,0.6162853,0.4975227,0.57369554,IDP-ESM2-8M,67,278,0.3160066604614258,0.3740100860595703,0.026740555706744606,0.003243565559387207,0.07611267963591262
Q19YI2,1.433469295501709,3.4788055419921875,0.5556946922136737,0.4404576122760772,0.5433192382367114,1.5811032,3.8488767,0.5739472,0.4564349,0.5268469,IDP-ESM2-8M,67,278,0.14763391017913818,0.3700711727142334,0.018252499024729585,0.015977293252945002,0.01647235255555901
Q19YS5,2.509005546569824,6.224976062774658,0.6123559802241153,0.4827567338943481,0.52291608488541,2.5740266,6.2012377,0.5897947,0.47660848,0.59482116,IDP-ESM2-8M,67,278,0.06502103805541992,0.023738384246826172,0.02256128484676545,0.006148248910903875,0.07190507018584857
Q19YU1,1.830377459526062,4.259548187255859,0.5014464185275656,0.3902711570262909,0.6103768529140493,1.8071902,4.356066,0.55771273,0.43866652,0.54596645,IDP-ESM2-8M,67,278,0.02318727970123291,0.09651803970336914,0.0562663152180094,0.048395365476608276,0.06441040651436059
Q19Z22,3.610361099243164,8.792882919311523,0.5913250944368096,0.4360303580760956,0.5426928585253091,3.6100168,8.7437525,0.59315306,0.45727256,0.53945553,IDP-ESM2-8M,67,278,0.00034427642822265625,0.04913043975830078,0.0018279650457648788,0.021242201328277588,0.003237325497660204
Q19ZG3,2.0498640537261963,5.066999435424805,0.5476594887554228,0.4172506332397461,0.5694497664205019,2.1278896,4.996117,0.52459157,0.4213848,0.60943586,IDP-ESM2-8M,67,278,0.07802557945251465,0.07088232040405273,0.023067923623281694,0.004134178161621094,0.03998608992181374
Q1A0D0,2.0117902755737305,4.840494632720947,0.585427564987628,0.4871120750904083,0.5527767376129556,1.9464308,4.743499,0.5936201,0.4723509,0.49781287,IDP-ESM2-8M,67,278,0.06535947322845459,0.09699583053588867,0.008192556491406378,0.014761179685592651,0.05496387044834383
Q1A4M9,2.4065253734588623,5.741313457489014,0.6097460730243157,0.5021095871925354,0.5319882794812009,2.5700293,6.3896694,0.6341926,0.49888414,0.4875321,IDP-ESM2-8M,67,278,0.16350388526916504,0.6483559608459473,0.02444651292081368,0.0032254457473754883,0.04445617045906036
Q1A4P9,2.4463934898376465,4.989071369171143,0.3480121295258905,0.3102081418037414,0.933514891192447,3.3782685,7.6496487,0.4768392,0.38403854,0.7206663,IDP-ESM2-8M,67,278,0.9318749904632568,2.6605772972106934,0.12882708503747925,0.073830395936966,0.2128486018629182
Q1EGY8,3.1265597343444824,7.155166149139404,0.5703690899977161,0.4566038846969604,0.5610895422427136,3.1243227,7.5154195,0.5866812,0.45955786,0.51210004,IDP-ESM2-8M,67,278,0.002237081527709961,0.36025333404541016,0.016312097155146477,0.002953976392746027,0.048989501330085394
Q1EGZ1,3.4056167602539062,7.968268394470215,0.5947712354603126,0.4696680307388305,0.5426061868120443,3.3185759,8.017681,0.5892663,0.45923492,0.51381195,IDP-ESM2-8M,67,278,0.08704090118408203,0.04941272735595703,0.005504935258896615,0.010433107614517156,0.028794240896822143
Q1EGZ2,3.5031933784484863,8.548798561096191,0.5897512037839148,0.4738803207874298,0.5362516565215248,3.3048568,7.9248023,0.5684421,0.4435865,0.5467576,IDP-ESM2-8M,67,278,0.19833660125732422,0.6239962577819824,0.021309097536966526,0.030293822288513184,0.010505922328267636
Q1EH05,4.231586456298828,9.734313011169434,0.5946766513353124,0.4627497494220733,0.5750471470459002,3.9608467,9.489776,0.58720946,0.45911416,0.5362681,IDP-ESM2-8M,67,278,0.2707397937774658,0.244537353515625,0.007467188215805609,0.0036355853080748957,0.03877903200226007
Q1EH28,3.274857521057129,7.711866855621338,0.5745293263346657,0.4540619254112243,0.563308600373996,3.1522717,7.588898,0.58831656,0.45964265,0.50747335,IDP-ESM2-8M,67,278,0.12258577346801758,0.12296867370605469,0.01378723345689925,0.005580723285675104,0.055835250802767966
Q1EH30,3.386964797973633,8.140742301940918,0.5953981747351553,0.4812785387039184,0.5375101305855615,3.2453976,7.8130636,0.58468044,0.45845103,0.51978177,IDP-ESM2-8M,67,278,0.14156723022460938,0.3276786804199219,0.010717736693468316,0.022827506065368597,0.017728362263570552
Q1EH36,3.319199800491333,7.794743537902832,0.5762966484251398,0.4507927596569061,0.5670266519335291,3.259564,7.85159,0.5845385,0.457818,0.5283005,IDP-ESM2-8M,67,278,0.05963587760925293,0.05684661865234375,0.008241870957336972,0.007025241851806696,0.03872612817559451
Q1EH45,4.061820030212402,9.814848899841309,0.6149045882994666,0.4826643466949463,0.5341519651475415,3.9235094,9.45089,0.59882885,0.46756038,0.5235906,IDP-ESM2-8M,67,278,0.13831067085266113,0.36395931243896484,0.016075736122800333,0.015103965997695923,0.010561340815113507
Q1EH47,4.756464004516602,11.516890525817873,0.6355219191652368,0.515194833278656,0.5188231590234329,4.1718388,10.047253,0.5991314,0.4637819,0.5208344,IDP-ESM2-8M,67,278,0.584625244140625,1.469637870788576,0.03639051381169067,0.05141294002532959,0.0020112273252914648
Q1EH77,3.759675025939941,9.018773078918455,0.6117442188512954,0.4963003396987915,0.5251683857273518,3.6032166,8.69214,0.5920249,0.45828032,0.5140063,IDP-ESM2-8M,67,278,0.15645837783813432,0.32663345336913885,0.01971929648038473,0.03802001476287842,0.011162069065517088
Q1KWA0,2.266329526901245,5.175235748291016,0.5078245299276055,0.4277339279651642,0.6260248226778236,2.3683763,5.5470433,0.52516085,0.4152664,0.59915596,IDP-ESM2-8M,67,278,0.10204672813415527,0.3718075752258301,0.017336319166785352,0.012467533349990845,0.026868860210629952
Q1MWN9,3.644352912902832,8.612133979797363,0.5362177910705039,0.4108991324901581,0.6081242274873826,3.4491262,8.174255,0.5468523,0.42730287,0.5989231,IDP-ESM2-8M,67,278,0.19522666931152344,0.4378786087036133,0.010634499559836641,0.01640373468399048,0.009201140367326444
Q1WIU5,2.449371576309204,5.7530035972595215,0.5017834025543009,0.3933050632476806,0.6490502325507498,2.3177764,5.478131,0.5278925,0.41631725,0.61026025,IDP-ESM2-8M,67,278,0.13159513473510742,0.2748727798461914,0.026109067805501374,0.023012191057205256,0.03878998436654568
Q1WIU7,2.4873201847076416,5.833576679229736,0.5132401290284015,0.3952361643314361,0.6306394819186886,2.2534766,5.281464,0.51328206,0.40586016,0.6313477,IDP-ESM2-8M,67,278,0.23384356498718262,0.5521125793457031,4.193159476739705e-05,0.010623991489410456,0.000708233935956204
Q1XDV1,1.4097092151641846,3.3468384742736816,0.546371558958506,0.4365255236625671,0.5475437894537415,1.4425312,3.5168555,0.56214964,0.44377068,0.52756494,IDP-ESM2-8M,67,278,0.03282201290130615,0.17001700401306152,0.015778084939504278,0.0072451531887055,0.019978846616980017
Q1ZYP5,2.0133485794067383,4.651703357696533,0.5658208267972317,0.4708400666713714,0.5516029800507317,1.8826716,4.5513153,0.55568725,0.440783,0.5735449,IDP-ESM2-8M,67,278,0.1306769847869873,0.1003880500793457,0.010133578090414042,0.030057072639465277,0.021941939440082492
Q20BU0,1.675989031791687,3.9460599422454834,0.5598636645892914,0.4508988857269287,0.5324649741288506,1.5727874,3.7836752,0.5580177,0.44144952,0.52740055,IDP-ESM2-8M,67,278,0.10320162773132324,0.1623847484588623,0.001845993481045527,0.009449362754821777,0.005064420902379685
Q20BW6,1.883022665977478,4.535182476043701,0.5211943021171908,0.4094647169113159,0.5793236183353192,1.798622,4.2489986,0.53978956,0.4261517,0.5615393,IDP-ESM2-8M,67,278,0.08440065383911133,0.28618383407592773,0.01859525533977946,0.016686975955963135,0.017784325999808948
Q20HY6,3.4272234439849854,7.730515003204346,0.5020360947796206,0.4064349234104156,0.6507092968521133,3.1678543,7.3607063,0.518345,0.41259494,0.63009924,IDP-ESM2-8M,67,278,0.2593691349029541,0.3698086738586426,0.01630890358005954,0.006160020828247126,0.020610059886933874
Q27Q61,1.912902474403381,4.381959915161133,0.5348802986785199,0.4179033637046814,0.5709192694826893,1.9131036,4.561371,0.53713316,0.42846727,0.59464437,IDP-ESM2-8M,67,278,0.00020110607147261206,0.1794109344482422,0.002252858574745442,0.010563910007476807,0.023725098212165396
Q27Q66,1.764868140220642,3.611447811126709,0.4198887711041412,0.3462188243865967,0.747621333219466,1.8492945,4.271511,0.49762195,0.4041342,0.64609283,IDP-ESM2-8M,67,278,0.0844264030456543,0.6600632667541504,0.07773318238325505,0.05791538953781128,0.10152850113099554
Q27Q71,1.97069787979126,4.649993419647217,0.5521214556808535,0.4504066407680511,0.5635602093669775,1.9007448,4.564043,0.5449005,0.4321357,0.580294,IDP-ESM2-8M,67,278,0.06995308399200462,0.08595037460327148,0.007220978748327833,0.018270939588546697,0.016733803656398982
Q27Q76,1.874428153038025,3.979820489883423,0.4858307429677991,0.4048692286014557,0.6564294305747066,1.8803802,4.4688478,0.5353035,0.427251,0.59317786,IDP-ESM2-8M,67,278,0.005952000617980957,0.4890272617340088,0.049472730504796114,0.02238178253173828,0.06325157555990557
Q27Q84,1.5186445713043213,3.692368984222412,0.5541937162763632,0.4385304749011993,0.5468118846773209,1.827926,4.385928,0.55216193,0.43508017,0.54924303,IDP-ESM2-8M,67,278,0.30928146839141846,0.6935591697692871,0.002031784284786009,0.003450304269790594,0.0024311482549606023
Q287B2,2.223140001296997,5.374475002288818,0.5422026786609587,0.4108061194419861,0.5525155317714838,2.3419588,5.492765,0.51625526,0.40743786,0.61177075,IDP-ESM2-8M,67,278,0.11881875991821289,0.11828994750976562,0.025947419147103745,0.0033682584762573242,0.059255217320618225
Q287K0,3.1761834621429443,7.840703010559082,0.6344230598392175,0.5084116458892822,0.5235674108808667,3.11514,7.6614923,0.6353003,0.4994795,0.48033416,IDP-ESM2-8M,67,278,0.061043500900268555,0.17921066284179688,0.0008772188244177137,0.008932143449783325,0.0432332481687695
Q2EQ07,1.717362880706787,3.853877067565918,0.4488257026194064,0.3693666756153106,0.683817064134816,1.8662153,4.221277,0.47839487,0.39013797,0.6490103,IDP-ESM2-8M,67,278,0.14885246753692627,0.3674001693725586,0.02956916337027865,0.02077129483222967,0.03480676349852452
Q2EQJ4,2.4139554500579834,5.693259239196777,0.5619540371544205,0.4456268548965454,0.5618041659494524,2.2390263,5.3062177,0.54634035,0.4322919,0.58026594,IDP-ESM2-8M,67,278,0.17492914199829102,0.3870415687561035,0.015613690818055748,0.013334959745407104,0.018461773286234884
Q2EX97,2.745781183242798,6.273816108703613,0.5279580493668932,0.4337955117225647,0.5906548335813632,2.6118708,6.133242,0.525025,0.4120668,0.59159917,IDP-ESM2-8M,67,278,0.1339104175567627,0.14057397842407227,0.0029330392579454134,0.021728724241256714,0.0009443328119168592
Q2EXS5,3.1981451511383057,7.049169540405273,0.4611918702729324,0.3709659576416015,0.69779502662848,3.4081829,7.8963337,0.50149757,0.3948626,0.62520844,IDP-ESM2-8M,67,278,0.2100377082824707,0.8471641540527344,0.04030569642704929,0.02389663457870489,0.07258658918570049
Q2I7C2,2.764577388763428,6.37867546081543,0.5152492872560176,0.4183781445026397,0.6065251741578828,2.802169,6.545204,0.50580025,0.3928968,0.6296508,IDP-ESM2-8M,67,278,0.03759169578552202,0.16652870178222656,0.009449040063634784,0.02548134326934809,0.02312559746000664
Q2I7C9,2.6440422534942627,6.080379486083984,0.50180394933097,0.3861426115036011,0.6111371802297026,2.786457,6.488874,0.49678305,0.38643098,0.64422446,IDP-ESM2-8M,67,278,0.14241480827331543,0.4084944725036621,0.00502090141646494,0.00028836727142333984,0.03308728466363842
Q2I7D5,2.683099269866944,6.223268985748291,0.5061927334200619,0.3909780979156494,0.6097498517990454,2.7642138,6.4990673,0.51168036,0.39443916,0.61458886,IDP-ESM2-8M,67,278,0.08111453056335405,0.27579832077026367,0.0054876311887027684,0.0034610629081726074,0.004839004898037125
Q2I7D8,2.600615262985229,5.844457626342773,0.4816680580133202,0.381023496389389,0.647507769101929,2.8465981,6.6158447,0.49445787,0.38600612,0.6496079,IDP-ESM2-8M,67,278,0.24598288536071822,0.7713871002197266,0.012789812708496828,0.004982620477676447,0.0021001277028805942
Q2I7D9,2.775620698928833,6.4981231689453125,0.5189394613978103,0.3913372755050659,0.6023762062855723,2.951542,6.879269,0.50424695,0.39456105,0.63863367,IDP-ESM2-8M,67,278,0.17592120170593262,0.3811459541320801,0.014692511248274198,0.0032237768173217773,0.03625746213712666
Q2KRX9,3.130576133728028,7.289139270782471,0.5303296056952055,0.4161136150360107,0.6136507510225239,2.9747891,7.073489,0.5414811,0.42556444,0.59659773,IDP-ESM2-8M,67,278,0.1557869911193852,0.21565008163452148,0.01115147197584554,0.00945082306861883,0.017053019909090028
Q2LGY8,3.835165739059448,9.01799774169922,0.5283513623867917,0.4130070507526397,0.6162571858703546,4.370185,10.328625,0.5392118,0.41616023,0.602491,IDP-ESM2-8M,67,278,0.535019159317017,1.3106269836425763,0.010860447248370653,0.0031531751155853827,0.013766164714043572
Q2NNY0,2.592403650283813,6.4844465255737305,0.6401721510342688,0.4960617125034332,0.5161061495493314,2.811818,6.9768257,0.6520069,0.5159956,0.4892045,IDP-ESM2-8M,67,278,0.2194142341613774,0.49237918853759766,0.011834773118105435,0.01993390917778015,0.026901653404083015
Q2PDL2,2.628889799118042,6.155152797698975,0.5039179705159644,0.3981423079967499,0.6212381716118541,2.7106771,6.308724,0.50916874,0.40239465,0.6231498,IDP-ESM2-8M,67,278,0.0817873477935791,0.15357112884521484,0.005250773571254808,0.004252344369888306,0.001911640609672971
Q2PZ57,2.596193313598633,6.102513313293457,0.5089660924932187,0.3856664896011352,0.6392885612885183,2.4867263,5.8549795,0.5151694,0.40472114,0.6289608,IDP-ESM2-8M,67,278,0.1094670295715332,0.24753379821777344,0.006203289602118245,0.019054651260376032,0.010327773038548815
Q2PZ59,2.5694642066955566,6.052786350250244,0.516267495360765,0.4099701941013336,0.6152178713297423,2.4146595,5.676219,0.5155031,0.40737072,0.6300094,IDP-ESM2-8M,67,278,0.15480470657348633,0.37656736373901367,0.000764386859330668,0.002599477767944336,0.014791541435760669
Q2PZ62,2.5187876224517822,5.984058856964111,0.4864406210282443,0.3699057698249817,0.6709191903387994,2.4058638,5.6207743,0.5087196,0.40274468,0.64182633,IDP-ESM2-8M,67,278,0.11292386054992676,0.3632845878601074,0.022279002060592357,0.032838910818099976,0.029092858723351434
Q2PZ64,2.651885271072388,6.294162750244141,0.5277253271036667,0.4096809327602386,0.606448103478825,2.4538014,5.762226,0.5205126,0.41000378,0.627882,IDP-ESM2-8M,67,278,0.198083877563477,0.5319366455078125,0.007212746232084677,0.00032284855842595883,0.021433900305354636
Q2PZ75,2.7186079025268555,6.453140735626221,0.5383169839386708,0.4228973388671875,0.5980465646388229,2.5753312,6.021247,0.5099184,0.40349457,0.6462145,IDP-ESM2-8M,67,278,0.14327669143676758,0.43189382553100586,0.028398592234111453,0.019402772188186646,0.048167920529634145
Q2TVL9,2.525146007537842,6.251913070678711,0.6050784191852622,0.4716086983680725,0.5142987695742257,2.4365206,5.6822844,0.5390549,0.44225588,0.63008475,IDP-ESM2-8M,67,278,0.08862543106079102,0.5696287155151367,0.06602354857979342,0.029352813959121704,0.11578598346227331
Q2VAE1,2.053507089614868,4.711138725280762,0.5164691498681752,0.4257328808307647,0.6041951135033781,2.0121114,4.731865,0.5271908,0.41725606,0.59789026,IDP-ESM2-8M,67,278,0.04139566421508789,0.02072620391845703,0.010721654613331189,0.00847682356834406,0.006304855667989884
Q2VF21,1.527622103691101,3.5281822681427,0.514598140719383,0.4174089133739471,0.6024317191850689,1.597656,3.8299048,0.5598972,0.44798335,0.55989426,IDP-ESM2-8M,67,278,0.07003390789031982,0.30172252655029297,0.04529904365256521,0.030574440956115778,0.04253745544071463
Q2WC16,1.6515027284622192,3.941368341445923,0.5637330545431826,0.4607311189174652,0.5603996425264003,1.3850043,3.249639,0.5636672,0.45958593,0.5761,IDP-ESM2-8M,67,278,0.2664984464645386,0.6917293071746826,6.587638919086647e-05,0.00114518404006958,0.01570034927200059
Q2WC23,1.8073928356170648,4.163274765014648,0.5539824073264417,0.4452293515205383,0.5674647900476132,1.8306234,4.4195447,0.5689001,0.45632544,0.5539011,IDP-ESM2-8M,67,278,0.02323055267334051,0.2562699317932129,0.014917701010960682,0.011096090078353937,0.013563713730779692
Q2XT86,1.8819077014923096,4.578079700469971,0.5463177515648738,0.4374591410160064,0.5668293945706803,1.8422358,4.3909965,0.54605514,0.43227997,0.56278056,IDP-ESM2-8M,67,278,0.039671897888183594,0.18708324432373047,0.00026261345375933054,0.005179166793823187,0.0040488355077225036
Q2Z0R7,2.217493057250977,5.346865177154541,0.5201526485533058,0.3948495090007782,0.6031569534811587,2.3090928,5.409155,0.5286735,0.41945535,0.59892654,IDP-ESM2-8M,67,278,0.09159970283508256,0.06228971481323242,0.00852088107163318,0.02460584044456482,0.004230409291705595
Q30BN4,4.855597496032715,11.31143283843994,0.5139539598237441,0.4017453491687774,0.6507280820927859,4.8606977,11.557869,0.54512787,0.41765618,0.60446435,IDP-ESM2-8M,67,278,0.005100250244140625,0.24643611907959162,0.031173908828599606,0.01591083407402044,0.04626372996189598
Q33CR5,2.7037134170532227,6.255992412567139,0.5130396661553126,0.3993525803089142,0.5987750045771213,2.8789759,6.6930246,0.49687648,0.38836783,0.6456955,IDP-ESM2-8M,67,278,0.175262451171875,0.43703222274780273,0.016163187960122172,0.010984748601913452,0.04692050294927641
Q33CS0,2.704979181289673,6.271732330322266,0.5163915213029376,0.4065280854701996,0.5919850451778201,2.8250322,6.5707946,0.4967209,0.38611263,0.6420793,IDP-ESM2-8M,67,278,0.12005305290222168,0.29906225204467773,0.01967061123061098,0.020415455102920532,0.05009424855005462
Q33CS7,2.688413619995117,6.412435531616211,0.514771824136116,0.3934896886348724,0.5921292640732188,2.843066,6.6099453,0.5013187,0.39382887,0.6393445,IDP-ESM2-8M,67,278,0.15465235710144043,0.197509765625,0.013453130975105254,0.00033918023109441586,0.04721524934307153
Q33CU7,2.420177698135376,5.615860462188721,0.5208888997381987,0.40615314245224,0.5810151916083769,2.385448,5.5873036,0.51386195,0.39671966,0.6024686,IDP-ESM2-8M,67,278,0.034729719161987305,0.02855682373046875,0.00702694552601002,0.009433478116989136,0.021453418201498597
Q33CV3,2.418550491333008,5.468828201293945,0.5102250611488028,0.4128703773021698,0.602488080399299,2.3808448,5.58268,0.5134779,0.39678624,0.60682446,IDP-ESM2-8M,67,278,0.03770565986633301,0.11385202407836914,0.0032528603370980402,0.016084134578704834,0.00433637724611724
Q33CV7,2.385971784591675,5.431142807006836,0.4994140806532609,0.3962891399860382,0.6175455409888689,2.4547887,5.739379,0.51226676,0.39665896,0.6056949,IDP-ESM2-8M,67,278,0.0688169002532959,0.30823612213134766,0.012852674450804069,0.00036981701850891113,0.011850650966591103
Q33CW2,2.4257402420043945,5.743682861328125,0.5198774714589601,0.4201698005199432,0.5836721657946169,2.4618368,5.784665,0.51909894,0.40434057,0.6043154,IDP-ESM2-8M,67,278,0.03609657287597656,0.04098224639892578,0.0007785339475160358,0.01582923531532282,0.0206432343289793
Q33CX7,2.598165988922119,6.181950569152832,0.4966434687911719,0.3818082511425018,0.6126066658669053,2.7133152,6.3529825,0.50639516,0.39037347,0.6201196,IDP-ESM2-8M,67,278,0.11514925956726074,0.17103195190429688,0.009751692360714104,0.008565217256546076,0.007512905818885751
Q33CX8,2.4378366470336914,5.856637477874756,0.5266713166462005,0.4197340309619903,0.5727043081399061,2.3764715,5.590077,0.51858324,0.40037248,0.59592766,IDP-ESM2-8M,67,278,0.06136512756347656,0.26656055450439453,0.00808807852135307,0.019361555576324407,0.02322334755696276
Q33CZ4,2.422956943511963,5.71843147277832,0.5138198060255075,0.4012989699840545,0.5963017702586716,2.401137,5.605962,0.50565994,0.3915955,0.61903715,IDP-ESM2-8M,67,278,0.0218198299407959,0.11246967315673828,0.008159868166925932,0.009703457355499212,0.02273538107799833
Q33D00,2.4899251461029053,5.8455071449279785,0.5274233210392586,0.4072182476520538,0.5845136584511388,2.4560187,5.7338963,0.508859,0.39425942,0.613099,IDP-ESM2-8M,67,278,0.03390645980834961,0.11161088943481445,0.018564342290937064,0.012958824634551946,0.02858532054513807
Q33D03,2.711453914642334,6.485227108001709,0.5144323584913615,0.4130784571170807,0.5981573540232791,2.8175108,6.539977,0.4946063,0.38514665,0.6478124,IDP-ESM2-8M,67,278,0.10605692863464355,0.05474996566772461,0.019826072204053746,0.027931809425354004,0.0496550720669614
Q33D07,2.4079978466033936,5.508765697479248,0.5066466540297271,0.3845072984695434,0.6077651224269346,2.4423013,5.71351,0.50993234,0.39501333,0.6118879,IDP-ESM2-8M,67,278,0.03430342674255371,0.2047443389892578,0.003285685161709684,0.010506033897399958,0.004122749792151104
Q33D14,2.6202428340911865,5.955343246459961,0.4775321755483611,0.3713854849338531,0.6628492559922162,2.7529526,6.455493,0.50880325,0.39410225,0.62123483,IDP-ESM2-8M,67,278,0.13270974159240723,0.5001497268676758,0.03127107285709546,0.022716760635376032,0.041614421798032875
Q33D20,2.492779016494751,5.8897223472595215,0.5367745597579133,0.4251755475997925,0.5659800678907532,2.5505786,5.998949,0.51894754,0.40490013,0.61004275,IDP-ESM2-8M,67,278,0.057799577713012695,0.10922670364379883,0.017827018044198728,0.020275413990020752,0.04406268294466553
Q38506,1.630953311920166,3.9659361839294434,0.5582707642272565,0.4379411339759826,0.544711702735911,1.5829747,3.9072394,0.57853866,0.45128736,0.5081752,IDP-ESM2-8M,67,278,0.04797863960266113,0.058696746826171875,0.02026789200748469,0.013346225023269709,0.03653650847245271
Q38583,2.3471462726593018,5.843185901641846,0.5888112513220319,0.4477116465568542,0.5506130109522454,2.386797,5.9056144,0.59792304,0.46462637,0.53421634,IDP-ESM2-8M,67,278,0.039650678634643555,0.06242847442626953,0.009111789067982712,0.016914725303649958,0.016396666595708487
Q38HE4,2.3265700340271,5.612617015838623,0.5480713852445145,0.4252542853355407,0.6083695549566897,2.4439096,5.7771378,0.5596519,0.4542698,0.5939545,IDP-ESM2-8M,67,278,0.11733961105346635,0.1645207405090332,0.011580526014183024,0.029015511274337824,0.014415051420465286
Q38I94,2.6956026554107666,6.345583915710449,0.5368494733934898,0.4186443090438843,0.5789105650778726,2.9312022,6.9355993,0.5394125,0.4179842,0.5914129,IDP-ESM2-8M,67,278,0.23559951782226562,0.5900154113769531,0.0025630250806313315,0.0006601214408874512,0.012502336800484293
Q38I97,2.708461284637451,6.404447078704834,0.5403266154083702,0.4222078025341034,0.5740723189332845,2.742658,6.517726,0.5420088,0.41818395,0.5769465,IDP-ESM2-8M,67,278,0.03419661521911621,0.11327886581420898,0.0016822017875220974,0.004023849964141846,0.002874178030216501
Q38IM8,2.5940723419189453,6.17650318145752,0.5316202646439883,0.406524121761322,0.6293313404682193,2.5082388,5.8798833,0.54921424,0.44289064,0.60238385,IDP-ESM2-8M,67,278,0.08583354949951172,0.2966198921203622,0.01759397924486672,0.03636652231216431,0.026947488463214375
Q38IP7,2.619170427322388,6.260839939117432,0.5358614876665986,0.4013506174087524,0.6273951409657668,2.5391412,6.0067787,0.55769783,0.44556507,0.58039916,IDP-ESM2-8M,67,278,0.08002924919128462,0.254061222076416,0.021836344917782524,0.04421445727348333,0.04699598534900651
Q3C1Z8,1.563226342201233,3.67202091217041,0.5703775112282898,0.4601594805717468,0.5611951428031431,1.5213765,3.6414366,0.5664807,0.47618347,0.55169004,IDP-ESM2-8M,67,278,0.04184985160827637,0.030584335327148438,0.0038968150269653723,0.016023993492126465,0.009505100784252707
Q3C203,2.9055097103118896,6.819433689117432,0.5188346548243045,0.4001842737197876,0.6010732608133834,2.9857683,7.080832,0.54053766,0.419616,0.5791379,IDP-ESM2-8M,67,278,0.08025860786437988,0.2613983154296875,0.02170300052924168,0.019431740045547485,0.021935339480070426
Q3HNZ7,2.248901605606079,5.074997425079346,0.5086537306783011,0.4192546904087066,0.6247478736572001,2.2836595,5.350824,0.5233832,0.41712895,0.6046953,IDP-ESM2-8M,67,278,0.03475785255432129,0.27582645416259766,0.014729469490308511,0.0021257400512694757,0.02005255352780555
Q3HP08,2.2682666778564453,5.220270156860352,0.5182766052568126,0.418069064617157,0.6101443831399472,2.325121,5.4546666,0.5282374,0.42150295,0.59741807,IDP-ESM2-8M,67,278,0.056854248046875,0.23439645767211914,0.009960797182304804,0.0034338831901550293,0.012726313300469694
Q3HP10,2.299499273300171,5.449819564819336,0.5268680410841126,0.4262064099311828,0.5968654049281042,2.3206692,5.408682,0.522937,0.4176504,0.60700566,IDP-ESM2-8M,67,278,0.02116990089416504,0.0411376953125,0.0039310412862915145,0.008556008338928167,0.010140250837429199
Q3HP12,2.176093816757202,4.901831150054932,0.4851301476145896,0.3840740323066711,0.6546090122969103,2.3358078,5.479539,0.52784526,0.4193864,0.59284025,IDP-ESM2-8M,67,278,0.1597139835357666,0.5777077674865723,0.042715115866550524,0.035312354564666804,0.06176875799011705
Q3HWX5,2.643917798995972,6.100706100463867,0.5158465697835045,0.4136318862438202,0.6049005805759529,2.603497,6.10444,0.51446235,0.40228236,0.6134187,IDP-ESM2-8M,67,278,0.040420770645142046,0.003734111785888672,0.0013842179844932856,0.011349529027938843,0.008518117734899189
Q3HWX7,2.5393106937408447,5.775488376617432,0.5199500287385036,0.4090483486652374,0.5904949720396666,2.360387,5.542065,0.5048662,0.3923341,0.60863566,IDP-ESM2-8M,67,278,0.1789236068725586,0.23342323303222656,0.015083845934395934,0.016714245080947876,0.018140691946539445
Q3HWY0,2.6273772716522217,6.317027568817139,0.5158899999645356,0.4031064212322235,0.6018299339491533,2.5789175,6.105093,0.5226405,0.40562102,0.6019589,IDP-ESM2-8M,67,278,0.048459768295288086,0.21193456649780273,0.006750526330172701,0.0025146007537841797,0.00012893693860305255
Q3HWY5,2.8455817699432373,6.717368125915527,0.5355945797365547,0.4139824211597442,0.6077048524930281,2.792509,6.6652393,0.55506885,0.438422,0.56865877,IDP-ESM2-8M,67,278,0.05307269096374512,0.05212879180908203,0.019474270780718284,0.024439573287963923,0.03904608336232129
Q3HWY6,2.617349624633789,6.173736572265625,0.5075838678351747,0.3912077844142914,0.6182344410771499,2.598968,6.0816593,0.5093706,0.399118,0.62410843,IDP-ESM2-8M,67,278,0.018381595611572266,0.09207725524902344,0.0017867571838987573,0.007910221815109253,0.0058739926462998415
Q3KSP3,2.9411656856536865,6.976696014404297,0.5511259873379967,0.4351935088634491,0.5629063135019858,3.1961176,7.6056514,0.55744606,0.4391401,0.5518662,IDP-ESM2-8M,67,278,0.25495195388793945,0.6289553642272949,0.0063200752268531835,0.0039466023445129395,0.011040139757784173
Q3LUB4,2.6548757553100586,6.166135311126709,0.5032743760118064,0.3973786830902099,0.6369676936371307,2.6188233,6.1796002,0.52401245,0.40995428,0.60192806,IDP-ESM2-8M,67,278,0.03605246543884277,0.013464927673339844,0.02073807039169706,0.012575596570968683,0.03503963835072321
Q3LUB6,2.7325127124786377,6.540383815765381,0.5296693086851129,0.4166505336761474,0.5952513993443052,2.937038,6.982795,0.542727,0.4267995,0.59116316,IDP-ESM2-8M,67,278,0.20452523231506348,0.442410945892334,0.013057684875678155,0.01014897227287298,0.0040882409275571074
Q3LWP3,3.195291042327881,7.615746021270752,0.493830629275991,0.3819872140884399,0.652833821547686,3.194334,7.5041647,0.52229345,0.40586773,0.6157653,IDP-ESM2-8M,67,278,0.0009570121765136719,0.11158132553100586,0.02846281917219018,0.023880511522293146,0.037068547976671584
Q3S669,2.8899834156036377,6.563554763793945,0.5079496255613495,0.3965096175670624,0.6318211705991671,2.8373108,6.605781,0.5133736,0.4041168,0.6434417,IDP-ESM2-8M,67,278,0.052672624588012695,0.042226314544677734,0.005423987796194463,0.007607191801071167,0.011620506494338767
Q3T244,1.815535068511963,4.261393070220947,0.5181590824090266,0.4272328615188598,0.6014268755217772,1.9027948,4.483134,0.52858907,0.4229521,0.5917666,IDP-ESM2-8M,67,278,0.08725976943969727,0.22174072265625,0.010429987434265597,0.0042807757854461115,0.009660279681323103
Q3T364,1.8648574352264404,4.392354965209961,0.5111150351149358,0.3951925635337829,0.5975936691612355,1.8502905,4.2588015,0.51185495,0.41808602,0.614323,IDP-ESM2-8M,67,278,0.014566898345947266,0.13355350494384766,0.0007399114983759336,0.022893458604812678,0.016729350820148814
Q3T393,1.859004259109497,4.336671829223633,0.496938765080857,0.3916642665863037,0.6226752141979042,1.897059,4.3584404,0.5017606,0.40965936,0.6307101,IDP-ESM2-8M,67,278,0.038054704666137695,0.021768569946289062,0.004821836916518496,0.017995089292526245,0.008034910771578252
Q3T5T1,2.148629665374756,5.143334865570068,0.5635102558269667,0.4504676759243011,0.5626234491645971,2.0889668,4.958249,0.5409633,0.42715475,0.57475394,IDP-ESM2-8M,67,278,0.059662818908691406,0.18508577346801758,0.02254696370507947,0.023312926292419378,0.012130490940841177
Q3T5T2,2.172293186187744,5.095139026641846,0.5340007622387112,0.4205849468708038,0.5947889522652323,2.194502,5.1642723,0.5365409,0.4255044,0.5879555,IDP-ESM2-8M,67,278,0.02220892906188965,0.06913328170776367,0.00254016326406592,0.004919439554214533,0.006833477411716693
Q3T5T4,2.041001319885254,4.70478630065918,0.5417401373372668,0.4209246933460235,0.5720405606524355,1.998508,4.7711587,0.5522397,0.4353889,0.5583567,IDP-ESM2-8M,67,278,0.042493343353271484,0.06637239456176758,0.010499578715742253,0.014464199542999323,0.013683858324707199
Q3T5T7,2.010944604873657,4.808868885040283,0.5228592856659725,0.412912368774414,0.5980449297314939,2.094427,4.919957,0.5308351,0.4211799,0.5934202,IDP-ESM2-8M,67,278,0.08348250389099166,0.11108827590942383,0.007975806401746,0.008267521858215388,0.00462472223103616
Q3T5U3,1.97994351387024,4.551219940185547,0.5340137187203224,0.4285311996936798,0.5854629610905601,2.0470233,4.853596,0.5440845,0.43068978,0.57056755,IDP-ESM2-8M,67,278,0.06707978248596125,0.30237627029418945,0.010070770625228098,0.0021585822105407715,0.014895412815566167
Q3T5U9,1.9685370922088623,4.637420654296875,0.53872949667314,0.431957334280014,0.5865817485880107,2.0678165,4.908084,0.5509922,0.4373735,0.55770504,IDP-ESM2-8M,67,278,0.09927940368652344,0.2706632614135742,0.012262694164720145,0.005416154861450251,0.028876703841611784
Q3T5V2,1.9077391624450684,4.49583911895752,0.5371470373940206,0.4314896464347839,0.5844557351748534,1.9183699,4.5576897,0.5507965,0.43826622,0.5606499,IDP-ESM2-8M,67,278,0.01063072681427002,0.061850547790526456,0.013649471395041912,0.0067765712738037664,0.02380586334868151
Q3T5V7,1.912316918373108,4.503401279449463,0.5473246040666202,0.4294395446777344,0.5688651773501178,1.9566159,4.6307387,0.54509515,0.43294176,0.5694508,IDP-ESM2-8M,67,278,0.04429900646209717,0.12733745574951172,0.002229458364258141,0.0035022199153900146,0.00058561830036441
Q3V5E4,1.8895797729492188,4.569919586181641,0.5837527900403929,0.4507188498973846,0.5383236631887641,1.8548386,4.4742637,0.57494855,0.45732668,0.5399658,IDP-ESM2-8M,67,278,0.03474116325378418,0.09565591812133789,0.00880424076976305,0.006607830524444636,0.0016421452028069217
Q3YB07,1.4751626253128052,3.287927865982056,0.4475912555535381,0.3708903789520263,0.6854339829491586,1.5899036,3.7378733,0.53271216,0.4271989,0.5813203,IDP-ESM2-8M,67,278,0.11474096775054932,0.4499454498291011,0.08512090598744698,0.05630850791931158,0.10411369715203944
Q3YJX6,2.4833993911743164,5.834100246429443,0.5576018342152899,0.4376837015151977,0.5593912801799831,2.222095,5.0529995,0.47873273,0.39380777,0.707329,IDP-ESM2-8M,67,278,0.2613043785095215,0.7811007499694824,0.0788690992966955,0.04387593269348139,0.14793769502067
Q3YJY1,1.9627695083618164,4.622847080230713,0.5447880871685687,0.4281485378742218,0.5744920047720896,1.8659999,4.4461703,0.5424959,0.42929336,0.5748395,IDP-ESM2-8M,67,278,0.09676957130432129,0.17667675018310547,0.0022921808155719203,0.0011448264122009277,0.00034746799860130295
Q3YPN7,2.203567743301392,5.330409049987793,0.5682683143672569,0.4461241066455841,0.5559228502995563,1.9936419,4.7295504,0.5325739,0.41757002,0.5931465,IDP-ESM2-8M,67,278,0.20992588996887251,0.6008586883544922,0.03569443560215069,0.028554081916809082,0.03722365267209282
Q45KG1,2.602738380432129,6.161858081817627,0.5263629865553863,0.4071241617202759,0.5667924305318844,2.8386352,6.6138234,0.5046344,0.3959442,0.63017565,IDP-ESM2-8M,67,278,0.23589682579040527,0.45196533203125,0.021728606214810098,0.011179953813552856,0.06338321958789706
Q461X8,3.634354829788208,9.03159523010254,0.6425698146423082,0.5056512355804443,0.4978751057614262,3.5667791,8.580288,0.59119827,0.45985603,0.5242297,IDP-ESM2-8M,67,278,0.06757569313049316,0.45130729675293146,0.05137154908978747,0.04579520225524902,0.026354599572283532
Q4A2Y9,3.760650634765625,8.837422370910645,0.5938989080078207,0.4813450574874878,0.5577116335490885,3.8358173,9.2890625,0.59614795,0.4609573,0.5420751,IDP-ESM2-8M,67,278,0.07516670227050781,0.45164012908935547,0.002249046456137993,0.020387768745422363,0.015636535988205913
Q4GZW3,1.595651149749756,3.643500566482544,0.4691101882049164,0.3792722225189209,0.6629408612790394,1.814174,4.1925683,0.5110701,0.40767583,0.60584295,IDP-ESM2-8M,67,278,0.21852290630340554,0.5490677356719971,0.04195988444599302,0.02840360999107361,0.05709791331913949
Q4KPD1,2.2593207359313965,5.421452522277832,0.5299242694045037,0.4094525277614593,0.5757999726066912,2.1540778,5.072771,0.5356053,0.4307552,0.6063835,IDP-ESM2-8M,67,278,0.10524296760559082,0.3486814498901367,0.005681041989234137,0.021302670240402277,0.030583529876676674
Q4KPE0,1.9895477294921875,4.682952880859375,0.5055873679316507,0.3965713381767273,0.6062853168315114,1.9185367,4.492136,0.5216142,0.41690505,0.60048366,IDP-ESM2-8M,67,278,0.07101106643676758,0.19081687927246094,0.01602682598467009,0.020333707332611084,0.005801660901946004
Q4KPI4,2.507903814315796,5.707271575927734,0.4924125727097905,0.4007655084133148,0.6303779590785179,2.4841816,5.7829065,0.50589323,0.3983604,0.61790127,IDP-ESM2-8M,67,278,0.023722171783447266,0.07563495635986328,0.013480657728441925,0.002405107021331787,0.0124766934573326
Q4KPI5,1.869944453239441,4.337810039520264,0.5187552324572864,0.4097700417041778,0.5852694662524828,2.0157561,4.765246,0.5267022,0.41751498,0.57447326,IDP-ESM2-8M,67,278,0.14581167697906494,0.42743587493896484,0.007946992750996085,0.00774493813514715,0.010796204419291855
Q4KS53,1.5859932899475098,3.0566039085388184,0.3812470605329089,0.3471607863903045,0.7929919152830035,1.6848984,3.924329,0.5120844,0.41217873,0.59182364,IDP-ESM2-8M,67,278,0.09890508651733398,0.867725133895874,0.1308373639627881,0.06501793861389166,0.20116827779749935
Q4KSY7,3.3586015701293945,8.493280410766602,0.6425312437872207,0.4985264539718628,0.4993624628960422,3.517475,8.56248,0.62238157,0.48203948,0.47873586,IDP-ESM2-8M,67,278,0.1588733196258545,0.0691995620727539,0.020149675832203617,0.01648697257041931,0.020626598733597123
Q4PKB7,2.584132671356201,6.298776626586914,0.5496842741708646,0.4241842031478882,0.5847585349666514,2.7662604,6.4573207,0.5126045,0.4100092,0.63746315,IDP-ESM2-8M,67,278,0.1821277141571045,0.15854406356811523,0.037079799149502324,0.014174997806549072,0.05270461744194843
Q4PRW0,1.5628750324249268,3.843123197555542,0.5732106386936171,0.4451998770236969,0.5255923628419837,1.6078358,3.8890502,0.56625515,0.4476339,0.53123087,IDP-ESM2-8M,67,278,0.044960737228393555,0.04592704772949219,0.006955486468122718,0.0024340152740478516,0.0056385040670433595
Q4QTS8,1.5685161352157593,3.935639619827272,0.6062949469229465,0.4810144901275635,0.5116257783296226,1.7235401,4.3491144,0.628111,0.5081366,0.45467675,IDP-ESM2-8M,67,278,0.15502393245697021,0.4134747982025133,0.02181605790646024,0.027122080326080322,0.05694903100754012
Q4QVU0,1.896323561668396,4.544623374938965,0.5472313525179398,0.4224304556846618,0.5635169508756477,1.9703171,4.602501,0.52564514,0.422381,0.5889588,IDP-ESM2-8M,67,278,0.07399356365203857,0.057877540588378906,0.021586215684748833,4.944205284113101e-05,0.025441848963372093
Q4QW70,1.8106675148010247,4.292553424835205,0.5404541070373685,0.4320404827594757,0.568648997783468,1.8295686,4.2908044,0.5242715,0.4205417,0.5983301,IDP-ESM2-8M,67,278,0.018901109695435236,0.0017490386962890625,0.01618261884767125,0.011498779058456421,0.02968108272571779
Q4QW80,1.7786544561386108,4.118035316467285,0.5173338867650604,0.4152013063430786,0.5979368580348203,1.7825513,4.2277555,0.53605473,0.4270938,0.57141125,IDP-ESM2-8M,67,278,0.0038968324661254883,0.10972023010253906,0.018720843650283814,0.011892497539520264,0.026525606013030778
Q4U2B4,1.823952078819275,4.383563041687012,0.5589914388844873,0.4515811502933502,0.5570653538118822,1.7869396,4.345304,0.57014614,0.45136988,0.55098826,IDP-ESM2-8M,67,278,0.037012457847595215,0.038259029388427734,0.011154704551944561,0.00021126866340637207,0.006077096880577226
Q4W600,3.415895938873291,8.054618835449219,0.4964312910950855,0.3973641991615295,0.6335371195665518,3.563615,8.28516,0.5116309,0.40330276,0.61284286,IDP-ESM2-8M,67,278,0.147719144821167,0.23054122924804688,0.015199601658515582,0.005938559770584162,0.020694261728874785
Q4Z9E7,2.280869245529175,5.654490947723389,0.6054216417537361,0.4783701300621032,0.5416182751354641,1.9914241,4.6709633,0.5460403,0.44365707,0.62150127,IDP-ESM2-8M,67,278,0.289445161819458,0.983527660369873,0.05938134519917071,0.03471305966377253,0.07988299182086522
Q4ZA14,2.0317742824554443,4.935419082641602,0.5897912898534738,0.4815948605537414,0.5447392377191751,1.9966865,4.8181443,0.5753866,0.46396843,0.5653756,IDP-ESM2-8M,67,278,0.03508782386779785,0.11727476119995117,0.014404706048389615,0.0176264345645904,0.020636388368013625
Q507B8,1.7400143146514893,3.981253862380981,0.4950251558570641,0.3966194987297058,0.6324116642863784,1.8081934,4.1381283,0.5037196,0.4091211,0.62234926,IDP-ESM2-8M,67,278,0.06817913055419922,0.15687441825866744,0.008694472000144171,0.01250159740447998,0.010062402048829577
Q507D5,1.7683093547821045,4.105979442596436,0.5115883063058048,0.4126014411449432,0.6117446762236274,1.9016869,4.4816303,0.5345277,0.42703092,0.5801336,IDP-ESM2-8M,67,278,0.1333775520324707,0.3756508827209464,0.022939412715038743,0.014429479837417658,0.03161105929934149
Q50G65,3.327842950820923,7.714828968048096,0.5129613064333923,0.4030658602714538,0.6833855297447534,3.3561401,7.9883075,0.5423429,0.42481115,0.6199152,IDP-ESM2-8M,67,278,0.02829718589782715,0.27347850799560547,0.02938159479646607,0.021745294332504328,0.06347034238589722
Q50GB0,3.161862134933472,7.460155487060547,0.4945171751585109,0.3922459483146667,0.705509654385573,2.9166274,6.7682986,0.49807063,0.40059805,0.694692,IDP-ESM2-8M,67,278,0.24523472785949751,0.691856861114502,0.003553452292432091,0.008352100849151667,0.01081763873768482
Q50GB8,3.150815010070801,7.140175819396973,0.4913899562274835,0.3842806220054626,0.7122298471686979,3.0828276,7.192721,0.50443155,0.40091825,0.67557704,IDP-ESM2-8M,67,278,0.06798744201660156,0.05254507064819336,0.013041589506922024,0.016637623310089167,0.03665280268169835
Q50GC3,3.202521324157715,7.641516208648682,0.5186015747188131,0.4101198315620422,0.6524283896116834,3.0578241,7.161017,0.5113382,0.40513632,0.6631603,IDP-ESM2-8M,67,278,0.1446971893310547,0.480499267578125,0.007263400375703943,0.004983514547347967,0.01073193448499632
Q50GD5,3.1988298892974854,7.508337497711182,0.4968561992831573,0.3940261900424957,0.7071098353117093,3.015636,7.027567,0.50321424,0.401486,0.6847112,IDP-ESM2-8M,67,278,0.18319392204284668,0.4807705879211426,0.006358040791000441,0.007459819316864014,0.02239861743146032
Q52PR2,1.5280972719192505,3.609102725982666,0.5665084658089079,0.4633879959583282,0.5330091936151058,1.4869804,3.64068,0.574891,0.45700866,0.5175651,IDP-ESM2-8M,67,278,0.04111683368682861,0.031577348709106445,0.008382505374868954,0.006379336118698065,0.015444122032311602
Q52PS8,1.7003320455551147,3.983438730239868,0.5598090828131275,0.4479936361312866,0.5483254828802336,1.5555898,3.8680756,0.5747386,0.45003384,0.5211052,IDP-ESM2-8M,67,278,0.14474225044250488,0.11536312103271484,0.01492953889860349,0.0020402073860168457,0.027220312630294674
Q52RQ4,1.8969577550888064,4.500855445861816,0.5491470031205935,0.4381932914257049,0.5680583165562296,1.9080156,4.7688756,0.5891509,0.4517028,0.49836257,IDP-ESM2-8M,67,278,0.011057853698730247,0.2680201530456543,0.04000390248853736,0.013509511947631891,0.06969574555517677
Q52RR1,1.8545292615890503,4.295123100280762,0.5351867625083062,0.4222237467765808,0.5717521461903665,1.895421,4.6171875,0.5645697,0.44175488,0.5416277,IDP-ESM2-8M,67,278,0.04089176654815674,0.3220643997192383,0.02938294917687445,0.01953113079071045,0.03012444109316803
Q52RR8,1.8671998977661133,4.517020225524902,0.550003466844716,0.4382120370864868,0.5501234523474045,1.8184664,4.417276,0.5623681,0.4420319,0.54320794,IDP-ESM2-8M,67,278,0.04873347282409668,0.09974431991577148,0.012364628076396045,0.0038198530673980713,0.006915508907920809
Q52RS0,1.8604415655136108,4.181222438812256,0.5203523648707822,0.4205418527126312,0.5995455094778895,1.8800197,4.551587,0.5552083,0.435556,0.5500514,IDP-ESM2-8M,67,278,0.019578099250793457,0.3703646659851074,0.03485596051526518,0.01501414179801941,0.049494118353164196
Q52RS2,1.8972605466842647,4.450162887573242,0.5529025054702009,0.4300046861171722,0.5548780786413712,1.9257101,4.694985,0.5644113,0.43992397,0.5409939,IDP-ESM2-8M,67,278,0.02844953536987349,0.24482202529907227,0.011508777069166753,0.009919285774231013,0.013884149732069417
Q52RT5,1.78923237323761,4.201460361480713,0.5232738444230111,0.4063994586467743,0.592291009105218,1.814271,4.4349823,0.57081234,0.44791546,0.5407165,IDP-ESM2-8M,67,278,0.02503859996795632,0.2335219383239746,0.04753850012807537,0.041516005992889404,0.051574480212700946
Q52RT9,1.9118961095809937,4.542126655578613,0.5600511958109858,0.4422539472579956,0.5538206504503305,1.9220384,4.7064857,0.5701014,0.4435637,0.5369492,IDP-ESM2-8M,67,278,0.010142326354980469,0.16435909271240234,0.01005018453721973,0.0013097524642944336,0.01687143313084194
Q52RW0,1.7998613119125366,4.250568866729736,0.5504077401074856,0.4242693185806274,0.5573468309845113,1.6839304,4.045844,0.5510436,0.44052464,0.56759137,IDP-ESM2-8M,67,278,0.11593091487884521,0.20472478866577148,0.0006358895388156593,0.01625531911849981,0.01024453816755777
Q52S07,1.8047469854354856,4.174027919769287,0.5373791829564885,0.4229709208011627,0.5813220913573365,1.878971,4.6477413,0.58666384,0.4557535,0.5083831,IDP-ESM2-8M,67,278,0.07422399520874046,0.47371339797973633,0.049284659244744455,0.03278258442878723,0.07293899609290166
Q53AF0,1.6694347858428955,3.99628210067749,0.5397586438118408,0.4270500242710113,0.5535793329739975,1.6648569,4.013857,0.5487238,0.4331383,0.5554503,IDP-ESM2-8M,67,278,0.0045778751373291016,0.017574787139893022,0.008965173059802267,0.006088286638259943,0.0018709872698379204
Q53AG3,1.726228952407837,4.109877586364746,0.5459377878636946,0.4337984323501587,0.5626447294284672,1.8310515,4.3766026,0.5459775,0.43180797,0.5706126,IDP-ESM2-8M,67,278,0.10482251644134521,0.2667250633239746,3.9685395277544444e-05,0.0019904673099517822,0.007967879957976876
Q53CQ0,3.496245145797729,8.516133308410645,0.5632829871970484,0.442209929227829,0.5289934834876225,3.6313372,8.645098,0.55787003,0.43686306,0.57736355,IDP-ESM2-8M,67,278,0.13509202003479048,0.12896442413330078,0.005412956793911183,0.005346864461898804,0.048370067175371845
Q53Z31,2.3604989051818848,5.473196029663086,0.5431243891664661,0.4325068295001983,0.5798631840230777,2.3356166,5.502013,0.5345996,0.42883807,0.59895915,IDP-ESM2-8M,67,278,0.02488231658935547,0.028817176818847656,0.008524786944023477,0.0036687552928924005,0.01909596390706758
Q56BB1,1.895300269126892,4.514037132263184,0.5621863527596956,0.4592821002006531,0.5659255322251276,1.8642929,4.4026446,0.54049164,0.43828923,0.6073237,IDP-ESM2-8M,67,278,0.03100740909576416,0.11139249801635742,0.0216947121919161,0.02099287509918213,0.041398173924927284
Q56EV1,1.564664363861084,3.856833457946777,0.5556798370995272,0.4427803754806518,0.5719370756958407,1.4708598,3.5500264,0.57285875,0.46824312,0.5558473,IDP-ESM2-8M,67,278,0.09380459785461426,0.30680704116821245,0.017178913720632738,0.025462746620178278,0.016089788517801185
Q56II6,3.42074990272522,8.032140731811523,0.4930701917392366,0.3760040402412414,0.6937368321192967,3.6136613,8.373085,0.5079785,0.40836895,0.6953618,IDP-ESM2-8M,67,278,0.19291138648986772,0.3409442901611328,0.014908307196462856,0.03236490488052374,0.001624960921932539
Q58I31,1.8965297937393188,4.537147045135498,0.5241555417385763,0.3911789059638977,0.554984219668111,2.1539834,5.0919914,0.5235352,0.40736195,0.5833163,IDP-ESM2-8M,67,278,0.2574535608291626,0.5548443794250488,0.0006203497257893931,0.016183048486709595,0.028332106473246466
Q58LM3,1.9457489252090447,4.758718967437744,0.5770425995669695,0.4357748031616211,0.5503563810412077,1.8843327,4.5915337,0.58296597,0.4660698,0.5418609,IDP-ESM2-8M,67,278,0.06141626834869318,0.16718530654907227,0.005923370472398215,0.030294984579086304,0.00849550257364784
Q58MF1,2.645761013031006,6.101505279541016,0.4805568402805257,0.3691062033176422,0.6675314552949273,2.3920755,5.6099544,0.5134461,0.40690854,0.61381435,IDP-ESM2-8M,67,278,0.25368547439575195,0.49155092239379883,0.03288925232506512,0.03780233860015869,0.05371710135205621
Q58N36,2.857333183288574,6.823766708374023,0.5561324842289203,0.4298985302448272,0.5697829057655737,2.7389507,6.5100646,0.5343097,0.41355667,0.601626,IDP-ESM2-8M,67,278,0.11838245391845703,0.3137021064758301,0.021822798998665127,0.016341865062713568,0.031843073181112125
Q58NB9,1.6775634288787842,4.155712604522705,0.5670313787133593,0.4315884709358215,0.5376778969410061,1.5050958,3.5135722,0.53365207,0.43018705,0.59447676,IDP-ESM2-8M,67,278,0.17246758937835693,0.6421403884887695,0.03337931152891105,0.0014014244079589289,0.05679886249274024
Q58P45,3.008479118347168,7.009375095367432,0.5169588877231908,0.3903201222419739,0.6424385487310649,2.920676,6.868453,0.5234364,0.41049895,0.6179866,IDP-ESM2-8M,67,278,0.08780312538146973,0.14092206954956055,0.00647753939320328,0.02017882466316223,0.02445192925856121
Q58P48,2.526963233947754,5.799196243286133,0.4943355711435678,0.3858128488063812,0.6663652855588109,2.7337122,6.476931,0.5339262,0.41687128,0.6074347,IDP-ESM2-8M,67,278,0.20674896240234375,0.6777348518371582,0.039590617802202466,0.031058430671691895,0.05893059556018421
Q596I4,3.300776958465576,7.96185302734375,0.5158891801066643,0.3957058191299438,0.6671023455194958,3.2012968,7.602317,0.5361847,0.4193269,0.617602,IDP-ESM2-8M,67,278,0.09948015213012695,0.35953617095947266,0.020295548038935074,0.02362108230590826,0.0495003548197277
Q596I6,3.2176294326782227,7.819231986999512,0.534675743737409,0.4176131188869476,0.6313513304625022,3.1049924,7.4256225,0.5434602,0.42319462,0.6108588,IDP-ESM2-8M,67,278,0.11263704299926758,0.39360952377319336,0.008784446558764092,0.005581498146057184,0.020492532435463673
Q5BND6,2.69573187828064,6.658353328704834,0.5248738766818152,0.4168056845664978,0.6211138133802504,2.471606,5.807521,0.5180923,0.40870106,0.6321254,IDP-ESM2-8M,67,278,0.22412586212158248,0.850832462310791,0.006781602015982657,0.00810462236404419,0.011011564274778896
Q5DKQ8,3.270260095596313,7.47514533996582,0.4744892541023651,0.356365293264389,0.6803101400466061,3.874102,9.126648,0.5218562,0.40479517,0.61333656,IDP-ESM2-8M,67,278,0.6038420200347905,1.6515026092529297,0.0473669346717438,0.04842987656593328,0.0669735769362545
Q5DRF7,3.161167621612549,7.452625274658203,0.5817013791495316,0.4507546126842499,0.5374504636247542,3.140025,7.5601144,0.5564913,0.42579025,0.55320245,IDP-ESM2-8M,67,278,0.02114272117614746,0.10748910903930664,0.025210063784693926,0.024964362382888794,0.015751986650666905
Q5EM22,2.632052421569824,5.271783351898193,0.3854285712818971,0.3120782971382141,0.8204030838774352,3.7897828,8.6260805,0.45573774,0.3673179,0.7836385,IDP-ESM2-8M,67,278,1.1577303409576416,3.354297161102295,0.07030916851950975,0.055239588022232056,0.03676460655199576
Q5EWN0,2.3123762607574463,5.303255558013916,0.4896498256271627,0.3903835713863373,0.6560045064276256,2.2614295,5.3633494,0.5264934,0.4106481,0.59659314,IDP-ESM2-8M,67,278,0.050946712493896484,0.06009387969970703,0.03684354490582681,0.020264536142349243,0.05941136487183951
Q5EWN1,2.350083827972412,5.405720233917236,0.5230126676342001,0.4106687903404236,0.5915825509004768,2.2040272,5.1941214,0.5194717,0.4079181,0.6051326,IDP-ESM2-8M,67,278,0.1460566520690918,0.21159887313842773,0.0035409626743306832,0.002750694751739502,0.013550028902989952
Q5FXX2,2.140477180480957,4.922486782073975,0.522380248092725,0.4150312542915344,0.6075316279802901,2.1656044,5.1098785,0.5355008,0.42307603,0.57665026,IDP-ESM2-8M,67,278,0.025127172470092773,0.1873917579650879,0.013120576358721547,0.008044779300689697,0.03088136610132286
Q5G246,1.8613439798355105,4.43787145614624,0.53197632300115,0.4272527396678924,0.57185575522907,2.0061536,4.786911,0.54625005,0.42915055,0.5576973,IDP-ESM2-8M,67,278,0.14480960369110085,0.34903955459594727,0.014273722298379976,0.001897811889648493,0.014158459086491826
Q5G5L6,1.92553186416626,4.497519493103027,0.5422972391826357,0.442199170589447,0.5805268453080179,1.9190671,4.622689,0.56389093,0.44543582,0.53995115,IDP-ESM2-8M,67,278,0.006464719772339089,0.1251692771911621,0.02159369480784279,0.0032366514205932617,0.040575699659061604
Q5G5M1,1.9219738245010376,4.609148025512695,0.5603528650341505,0.4533571600914001,0.5488238267410201,1.9137269,4.564165,0.55038536,0.43894285,0.5623882,IDP-ESM2-8M,67,278,0.008246898651123047,0.04498291015625,0.009967509084748638,0.01441431045532221,0.013564354945381218
Q5G5N5,1.883144497871399,4.597098350524902,0.5587094275388852,0.422209084033966,0.5485654492643023,1.8397394,4.3859587,0.55258626,0.4422823,0.5583178,IDP-ESM2-8M,67,278,0.04340505599975586,0.21113967895507812,0.006123170081152041,0.020073205232620295,0.009752331230387656
Q5G5P3,1.9507158994674685,4.6021223068237305,0.5537813331682352,0.4408882260322571,0.5685149470773025,1.909296,4.5655785,0.5499037,0.43623295,0.5598523,IDP-ESM2-8M,67,278,0.04141986370086692,0.036543846130371094,0.0038776423532632665,0.004655271768569946,0.008662645002870173
Q5G5R6,1.9404181241989136,4.69538164138794,0.5655996998129265,0.444731056690216,0.5525562628315935,1.8082092,4.348735,0.5576386,0.44208637,0.5500657,IDP-ESM2-8M,67,278,0.1322089433670044,0.3466467857360849,0.007961114245452094,0.002644687891006414,0.002490566592122101
Q5G5T2,1.8540928363800049,4.347699165344238,0.544813893897102,0.4309955835342407,0.561624834438201,1.884489,4.485403,0.5500347,0.4385586,0.55525804,IDP-ESM2-8M,67,278,0.030396223068237305,0.13770389556884766,0.005220807927086235,0.0075630247592926025,0.006366798778410954
Q5GQU4,2.0219783782958984,5.05441427230835,0.6068936884516797,0.4757064878940582,0.5086997069949387,2.1632748,5.267893,0.57980275,0.4543856,0.5420776,IDP-ESM2-8M,67,278,0.14129638671875,0.21347856521606445,0.027090936910541985,0.021320879459381104,0.03337789396102442
Q5I4I5,2.323206901550293,5.6747236251831055,0.5901067573826103,0.4518946707248688,0.5109168879644158,2.3434477,5.625603,0.5669522,0.44574773,0.5429895,IDP-ESM2-8M,67,278,0.02024078369140625,0.049120426177978516,0.023154528836467736,0.006146937608718872,0.032072604451966025
Q5J596,1.5915614366531372,3.8310587406158447,0.5518375825497019,0.4436847567558288,0.5401249871582997,1.5430124,3.7293248,0.55719095,0.43892747,0.5372737,IDP-ESM2-8M,67,278,0.04854905605316162,0.10173392295837402,0.005353372135509238,0.004757285118102972,0.0028512821526539556
Q5J5A1,1.5923405885696411,3.80961537361145,0.5487107968655007,0.4404170513153076,0.5540348174926963,1.6258228,3.9016886,0.5586611,0.44617242,0.54605234,IDP-ESM2-8M,67,278,0.03348219394683838,0.09207320213317871,0.009950306383095464,0.005755364894866943,0.007982480799886282
Q5J5A3,1.6238292455673218,3.983114242553711,0.5847119398201509,0.46352019906044,0.5109462662890943,1.5533348,3.7005832,0.5362379,0.4231074,0.569955,IDP-ESM2-8M,67,278,0.07049441337585449,0.2825310230255127,0.04847404433141189,0.04041281342506403,0.059008725051542865
Q5J5A8,1.5979206562042236,3.9307515621185294,0.5678408971896804,0.4355120062828064,0.5278094195843526,1.5707728,3.7935722,0.55842257,0.4418889,0.5367459,IDP-ESM2-8M,67,278,0.027147889137268066,0.13717937469482333,0.009418331729475371,0.006376892328262329,0.0089364862918071
Q5L446,3.032435894012451,7.31948184967041,0.5507575940414005,0.4137134552001953,0.5729738307760803,3.263988,7.731796,0.53991693,0.42461964,0.61065733,IDP-ESM2-8M,67,278,0.2315521240234375,0.41231393814086914,0.010840661458545231,0.010906189680099487,0.037683503551617425
Q5MIE7,1.6123892068862915,3.694941997528076,0.5583582725902974,0.4752668738365173,0.5652093120268178,1.5274919,3.5137913,0.53225833,0.44188285,0.60418814,IDP-ESM2-8M,67,278,0.08489727973937988,0.1811506748199463,0.026099940814632072,0.033384025096893255,0.03897883218018294
Q5QF78,2.5721688270568848,6.040328502655029,0.5781218199753774,0.4680809080600738,0.5672638433808511,2.313552,5.4391108,0.5332194,0.42913356,0.6137051,IDP-ESM2-8M,67,278,0.25861692428588867,0.6012177467346191,0.04490242290735369,0.03894734382629389,0.046441255248146684
Q5UNW3,4.176350116729736,8.903111457824707,0.394389955711851,0.3399242162704468,0.9056192920451462,4.277123,9.76705,0.45792022,0.3637195,0.73321015,IDP-ESM2-8M,67,278,0.10077285766601562,0.8639383316040039,0.06353026776265158,0.023795276880264282,0.1724091456179917
Q5UQA4,4.288362979888916,9.590642929077148,0.4204397445276925,0.33523690700531,0.8632941842710788,4.508952,9.862213,0.39746907,0.35164618,0.95775145,IDP-ESM2-8M,67,278,0.22058916091918945,0.27157020568847656,0.022970670993680664,0.016409277915954645,0.0944572686517422
Q5UTC0,2.064415693283081,4.853263378143311,0.5560672146423837,0.4451625943183899,0.5646412186011407,1.9242177,4.577779,0.54613024,0.4335338,0.563827,IDP-ESM2-8M,67,278,0.1401979923248291,0.2754845619201669,0.00993697467885224,0.011628806591033936,0.0008142403945061716
Q5UTC9,1.947137355804444,4.692725658416748,0.5755179566968628,0.4524588882923126,0.5244302729723085,1.9345074,4.617415,0.5464214,0.4309223,0.55586946,IDP-ESM2-8M,67,278,0.012629985809326838,0.07531070709228516,0.02909654804360351,0.021536588668823242,0.03143918713358751
Q5UTE2,2.0257084369659424,4.7440996170043945,0.539586295924092,0.4322715699672699,0.5900000426065137,2.0000062,4.72773,0.5409067,0.43036065,0.57622504,IDP-ESM2-8M,67,278,0.025702238082885742,0.01636981964111328,0.0013204313899033426,0.0019109249114990234,0.013775000263374082
Q5UTE6,1.9661085605621336,4.546449661254883,0.5329417476676558,0.4280754923820495,0.5902247905202948,2.0454726,4.861874,0.54568654,0.43174067,0.5657108,IDP-ESM2-8M,67,278,0.07936406135559104,0.31542444229125977,0.012744795320167701,0.003665179014205988,0.02451400751553401
Q5Y0N1,2.8532183170318604,6.763218879699707,0.4770593487838001,0.3573148846626282,0.6823739384775259,2.851928,6.6441364,0.5065175,0.40099692,0.6419785,IDP-ESM2-8M,67,278,0.0012903213500976562,0.11908245086669922,0.02945818070380979,0.0436820387840271,0.04039543620396635
Q5YA80,1.805177927017212,4.607808589935303,0.618972161008033,0.488300085067749,0.5004530610751137,1.7553455,4.4433126,0.6102533,0.47943786,0.5133338,IDP-ESM2-8M,67,278,0.04983246326446533,0.16449594497680664,0.008718886567267603,0.008862227201461792,0.012880736379720314
Q5YF20,2.020155906677246,4.851018905639648,0.5213421601420204,0.4190792143344879,0.5912531887589848,2.0050402,4.7700424,0.53869665,0.42234945,0.56426144,IDP-ESM2-8M,67,278,0.015115737915039062,0.08097648620605469,0.017354486548348258,0.0032702386379241943,0.02699175229658246
Q5YFF2,3.935938596725464,9.088504791259766,0.4976142017725499,0.3970852196216583,0.6138350088366573,3.460658,8.146268,0.50640917,0.39242476,0.619735,IDP-ESM2-8M,67,278,0.4752805233001709,0.9422369003295898,0.008794966470858312,0.004660457372665405,0.005899993681042881
Q5ZQY2,1.462809920310974,3.439876079559326,0.5384904416741709,0.4248085916042328,0.5588590923763371,1.4536525,3.5022697,0.5570417,0.445091,0.5417364,IDP-ESM2-8M,67,278,0.009157419204711692,0.0623936653137207,0.018551262980522676,0.02028241753578186,0.01712266840706833
Q64921,2.8062593936920166,6.613053798675537,0.5748072139570746,0.4522846937179565,0.5664375830161884,2.5856555,6.2230067,0.5416564,0.4169964,0.58514744,IDP-ESM2-8M,67,278,0.22060394287109375,0.3900470733642578,0.03315083902573912,0.03528830409049982,0.01870985741731379
Q64989,1.6101917028427124,3.74665093421936,0.5101505517563424,0.4034726023674011,0.5805376993343124,1.6286451,3.858636,0.5431719,0.43210194,0.56569415,IDP-ESM2-8M,67,278,0.018453359603881836,0.11198496818542525,0.033021330873052146,0.028629332780838013,0.014843546025444021
Q65048,1.708402395248413,4.102147579193115,0.5628268128345577,0.4561106860637665,0.5540289456636274,1.7031312,4.0461807,0.54825354,0.43603972,0.5697201,IDP-ESM2-8M,67,278,0.005271196365356445,0.055966854095458984,0.014573276610192476,0.020070970058441162,0.015691143771950022
Q65541,1.982517123222351,4.710317611694336,0.5445157837814081,0.4274928271770477,0.5618033923569079,1.8686867,4.5072207,0.55689055,0.436484,0.54650444,IDP-ESM2-8M,67,278,0.11383044719696045,0.20309686660766602,0.012374763494135133,0.008991181850433405,0.015298954433476508
Q65548,2.2841718196868896,4.838424682617188,0.2542812550601282,0.2474303096532821,1.2432856186895325,2.1936872,4.0720224,0.2720479,0.29000795,1.1272653,IDP-ESM2-8M,67,278,0.090484619140625,0.766402244567872,0.01776665205390071,0.042577639222145136,0.11602028456019897
Q66544,1.5040301084518433,3.600674629211426,0.5500116321672981,0.4400971233844757,0.5384248609872133,1.4064656,3.3831897,0.5517333,0.4377447,0.546028,IDP-ESM2-8M,67,278,0.0975644588470459,0.2174849510192871,0.001721682823699222,0.002352416515350342,0.007603157010528383
Q66546,1.6744320392608645,4.035261631011963,0.5497971184078004,0.4397540986537933,0.554323464910064,1.6235654,3.9162543,0.57134366,0.46048385,0.5286809,IDP-ESM2-8M,67,278,0.05086660385131858,0.11900734901428223,0.021546541946813824,0.020729750394821223,0.0256425443091729
Q66550,3.262364149093628,7.838839054107666,0.5646873720483536,0.4430989027023315,0.5504094625841484,2.9965413,7.0241776,0.53286624,0.4230445,0.6190838,IDP-ESM2-8M,67,278,0.2658228874206543,0.8146615028381348,0.03182113250062413,0.020054399967193548,0.0686743591893807
Q66741,1.4899526834487915,3.5714263916015625,0.5445481759038718,0.4443424344062805,0.5820105481558369,1.6942039,4.0186634,0.55469084,0.45136875,0.5774893,IDP-ESM2-8M,67,278,0.20425117015838623,0.4472370147705078,0.010142661956235588,0.007026314735412598,0.004521231692366401
Q67285,1.9981613159179688,4.779419422149658,0.5345943754265906,0.4130080342292785,0.5661397922301091,1.8172737,4.30124,0.5190437,0.40311533,0.592282,IDP-ESM2-8M,67,278,0.18088757991790771,0.4781794548034668,0.015550691420853302,0.009892702102661077,0.026142204973717775
Q68556,1.6790385246276855,3.926142692565918,0.5423405699464513,0.4463479220867157,0.5760980825306253,1.6660497,3.945358,0.54104245,0.43384314,0.5811849,IDP-ESM2-8M,67,278,0.012988805770874023,0.01921534538269043,0.001298122856302375,0.012504786252975464,0.005086841118208896
Q68628,3.001649856567383,7.0392584800720215,0.4927372628955164,0.3721635043621063,0.6728314843849871,3.210486,7.437843,0.5055621,0.4020655,0.66946584,IDP-ESM2-8M,67,278,0.20883607864379883,0.39858436584472656,0.012824863740988734,0.029901981353759766,0.003365644522163591
Q68967,2.9141063690185547,7.155118942260742,0.5856582856760334,0.4439135789871216,0.5387840339686409,3.0144165,7.3107805,0.58661914,0.45985878,0.5384606,IDP-ESM2-8M,67,278,0.10031008720397949,0.15566158294677734,0.0009608530416179706,0.0159451961517334,0.0003234216715828353
Q68UW8,1.443211555480957,3.4461536407470703,0.5514211012174295,0.4389624893665313,0.5535443598168016,1.4816128,3.5216205,0.5458125,0.43639517,0.56246793,IDP-ESM2-8M,67,278,0.038401246070861816,0.07546687126159668,0.005608613615195601,0.002567321062087957,0.008923572884309228
Q69018,2.405474901199341,5.613498687744141,0.5572062628835205,0.4531680345535278,0.5840581272312672,2.4383013,5.554004,0.51780194,0.42810658,0.68260866,IDP-ESM2-8M,67,278,0.03282642364501953,0.0594944953918457,0.039404322442388895,0.02506145834922785,0.09855053680452996
Q69073,1.8761696815490725,4.352396011352539,0.518509610076913,0.4234879314899444,0.5932419751617057,1.9110732,4.541108,0.54079515,0.42600518,0.5662453,IDP-ESM2-8M,67,278,0.03490352630615212,0.18871212005615234,0.022285537342062844,0.00251725316047674,0.02699665770259929
Q69092,1.803939700126648,4.126317977905273,0.4429211302040243,0.3966085016727447,0.6954622326907124,1.7081716,3.6451356,0.42956996,0.37038648,0.7666378,IDP-ESM2-8M,67,278,0.09576809406280518,0.481182336807251,0.013351170563521364,0.02622202038764948,0.07117556943331105
Q69144,2.2997281551361084,5.131192684173584,0.4817426658858202,0.3683267831802368,0.6380782148586501,2.3588889,5.500617,0.5350659,0.42875785,0.56279737,IDP-ESM2-8M,67,278,0.059160709381103516,0.36942434310913086,0.0533232234727003,0.060431063175201416,0.0752808472858657
Q69192,1.813804030418396,4.138485908508301,0.521550543579343,0.4321619272232055,0.608952370646891,1.8266821,4.2401505,0.5457777,0.45953903,0.6064602,IDP-ESM2-8M,67,278,0.012878060340881348,0.10166454315185547,0.024227134910342008,0.027377098798751887,0.002492156985697158
Q69220,2.108153343200684,5.0375494956970215,0.5505101186798018,0.4119037687778473,0.5580439263711218,2.1741002,5.241283,0.5526335,0.4290865,0.5564538,IDP-ESM2-8M,67,278,0.06594681739807084,0.2037334442138672,0.0021234052612382204,0.017182737588882446,0.0015901023278478421
Q69CH6,4.825096607208252,11.533354759216309,0.5489369222299992,0.4182693064212799,0.6171398253036461,4.796412,11.419064,0.567832,0.44746843,0.6009209,IDP-ESM2-8M,67,278,0.028684616088867188,0.11429119110107422,0.018895070873028108,0.02919912338256836,0.016218909700008388
Q69CK3,1.704636812210083,4.030740261077881,0.5190065877819494,0.4004803597927093,0.6008159674387333,1.670162,4.025725,0.5544347,0.44044057,0.5509369,IDP-ESM2-8M,67,278,0.034474849700927734,0.005015373229980469,0.035428128919558155,0.039960205554962214,0.04987908971122479
Q69CL1,1.7101638317108154,3.980125188827514,0.5021679136810185,0.3934818208217621,0.6325674291642869,1.8301883,4.4011292,0.55844206,0.4452117,0.5592389,IDP-ESM2-8M,67,278,0.12002444267272949,0.42100405693054244,0.05627414249802809,0.05172988772392273,0.07332851848923805
Q6DN18,2.2150673866271973,5.194150447845459,0.554582277473726,0.4417562186717987,0.5570044007206052,2.2922535,5.5452046,0.5602367,0.43205497,0.5536958,IDP-ESM2-8M,67,278,0.07718610763549805,0.35105419158935547,0.005654414954862852,0.009701251983642578,0.0033086028003781465
Q6GZR0,1.9460597038269043,4.562816143035889,0.556554151108591,0.4416142702102661,0.5260131735457498,1.6774223,4.05656,0.56585073,0.4496627,0.5326183,IDP-ESM2-8M,67,278,0.26863741874694824,0.506256103515625,0.009296583602102393,0.008048415184020996,0.006605110679714032
Q6I8V7,1.760059833526611,4.150196075439453,0.5333469076883808,0.4155747294425964,0.5718703837338284,2.1360843,5.0307426,0.528865,0.41772634,0.5871622,IDP-ESM2-8M,67,278,0.37602448463439964,0.8805465698242188,0.0044819279444232585,0.0021516084671021063,0.015291812902371582
Q6IWY9,2.4755334854125977,6.119527816772461,0.5613303646292022,0.4291048049926758,0.5423357165621981,2.5121233,6.083208,0.58838964,0.45895374,0.50923604,IDP-ESM2-8M,67,278,0.036589860916137695,0.036319732666015625,0.02705927045685741,0.029848933219909668,0.03309967883102749
Q6J7X0,1.8105701208114624,4.3078155517578125,0.5662340212704986,0.4436887800693512,0.557551038616223,1.7843736,4.222101,0.53553134,0.43724966,0.6216777,IDP-ESM2-8M,67,278,0.02619647979736328,0.08571434020996094,0.030702679240927067,0.006439119577407837,0.06412665808864149
Q6JIB3,2.5467522144317627,5.828396797180176,0.4696639630714624,0.3564610183238983,0.6696156117854791,2.7419777,6.4107447,0.514662,0.40686852,0.6180605,IDP-ESM2-8M,67,278,0.19522547721862793,0.5823478698730469,0.04499806428754638,0.05040749907493591,0.05155508255345398
Q6JKC4,3.103557109832764,7.327255725860596,0.6009600194566068,0.4931573569774627,0.5503320182300144,3.2900157,7.9270988,0.58736736,0.4619621,0.57476544,IDP-ESM2-8M,67,278,0.18645858764648393,0.5998430252075195,0.013592663633089974,0.031195253133773748,0.024433425571865452
Q6JPE0,3.3715317249298096,7.864931106567383,0.595152524544004,0.4852381944656372,0.5514186692735729,3.5863245,8.476126,0.55634475,0.44072753,0.61953473,IDP-ESM2-8M,67,278,0.21479272842407227,0.6111946105957031,0.038807777000669064,0.04451066255569458,0.06811606163768202
Q6L620,2.7300567626953125,6.414680004119873,0.5129619559580005,0.4038593173027038,0.6180888949658273,2.6166894,6.114082,0.5071227,0.39844486,0.62655395,IDP-ESM2-8M,67,278,0.11336731910705566,0.30059814453125,0.005839260511986133,0.005414456129074041,0.008465057728111902
Q6L8S9,2.855039596557617,6.694974899291992,0.5175029325756392,0.4102389514446258,0.6226740553241816,2.73838,6.4751205,0.54640096,0.43029705,0.57955325,IDP-ESM2-8M,67,278,0.11665964126586914,0.21985435485839844,0.028898031684462144,0.020058095455169733,0.04312080882607372
Q6LAM5,2.686969995498657,6.362833023071289,0.5074007830447218,0.3942491114139557,0.6135978826544621,2.5876112,5.990922,0.49755073,0.39232576,0.6456676,IDP-ESM2-8M,67,278,0.09935879707336381,0.37191104888916016,0.009850057107832155,0.0019233524799346924,0.03206972989818069
Q6PL42,2.979783058166504,6.760753154754639,0.5269307824613643,0.4203212857246399,0.6527851519367678,3.2105799,7.619608,0.54368,0.42825624,0.6208126,IDP-ESM2-8M,67,278,0.23079681396484375,0.8588547706604004,0.01674922976474047,0.00793495774269104,0.0319725570461733
Q6PNN9,3.210798740386963,7.429884433746338,0.5106872067165362,0.4177336394786834,0.6325136705215816,3.4199607,8.007022,0.5366231,0.42401358,0.6178375,IDP-ESM2-8M,67,278,0.20916199684143066,0.5771374702453613,0.02593591359138614,0.006279945373535212,0.014676181870305949
Q6PNP1,3.295959234237671,7.4957275390625,0.5232143047913639,0.4321960508823395,0.6186128440562262,3.2956574,7.6703196,0.5275975,0.4222056,0.6281137,IDP-ESM2-8M,67,278,0.0003018379211425781,0.1745920181274414,0.004383182181444956,0.009990453720092773,0.009500842982195445
Q6Q435,1.569515347480774,3.623450994491577,0.5482776378670946,0.4350464344024658,0.565809868656093,1.5174354,3.7097578,0.5790229,0.46620697,0.52725905,IDP-ESM2-8M,67,278,0.05207991600036621,0.08630681037902832,0.03074524650180188,0.03116053342819214,0.03855081685631878
Q6QDP2,2.504112958908081,5.962371826171875,0.5182094610649537,0.4078279733657837,0.5878894559882436,2.5348277,5.8937035,0.50681514,0.39403936,0.62302804,IDP-ESM2-8M,67,278,0.030714750289916992,0.06866836547851562,0.011394325585980303,0.013788610696792603,0.03513858394400737
Q6QDP3,2.4857544898986816,5.893543720245361,0.5197773127849609,0.4091088473796844,0.5810639090058001,2.5601401,6.0118217,0.514376,0.39752078,0.6056886,IDP-ESM2-8M,67,278,0.0743856430053711,0.11827802658081055,0.005401328116229176,0.0115880668163299,0.02462466292413157
Q6QK79,2.388691663742065,5.472387790679932,0.5198306599553745,0.4252979755401611,0.6247469905055736,2.2617753,5.3133497,0.5318853,0.4239765,0.6063687,IDP-ESM2-8M,67,278,0.12691640853881792,0.15903806686401367,0.012054665953286414,0.0013214647769927423,0.018378269974109962
Q6QPN2,1.5223098993301392,3.58293080329895,0.5107606971999262,0.4067543148994446,0.5966313878154622,1.4731898,3.5493503,0.5631603,0.44581512,0.53035176,IDP-ESM2-8M,67,278,0.04912006855010986,0.03358054161071777,0.05239960305489555,0.0390608012676239,0.06627962981222735
Q6QQZ8,2.4530789852142334,5.73326301574707,0.5012001229635864,0.4095832407474518,0.6112171615336895,2.6062834,6.1096597,0.5132399,0.39595956,0.6085691,IDP-ESM2-8M,67,278,0.15320444107055664,0.37639665603637695,0.012039797175726341,0.013623684644699097,0.0026480759356976025
Q6QX44,2.577435255050659,6.618072032928467,0.6539593616173206,0.5233137011528015,0.4836697570787251,2.6253688,6.4787006,0.6291592,0.49301267,0.51818806,IDP-ESM2-8M,67,278,0.04793357849121094,0.13937139511108398,0.024800149504893843,0.030301034450531006,0.03451830225126146
Q6QX45,2.548379182815552,6.55000114440918,0.637565569497943,0.4993328750133514,0.4940226217017093,2.564414,6.3588243,0.62717354,0.49102232,0.5174283,IDP-ESM2-8M,67,278,0.016034841537475142,0.1911768913269043,0.010392026521563569,0.008310556411743109,0.02340565722132537
Q6QXN6,2.385141372680664,5.7368998527526855,0.5981758922616535,0.479215532541275,0.5250721679963289,2.4731157,6.0380974,0.6003924,0.4714467,0.51636195,IDP-ESM2-8M,67,278,0.08797430992126465,0.30119752883911133,0.002216508956760843,0.007768839597702026,0.008710216168326013
Q6RJI1,2.175922155380249,5.267722606658936,0.5084100313414759,0.3967767357826233,0.6093327843300017,2.2420979,5.219799,0.50711924,0.39939594,0.6297773,IDP-ESM2-8M,67,278,0.06617569923400879,0.04792356491088956,0.001290792964858456,0.0026192069053649902,0.02044452794874585
Q6SL65,2.249246597290039,5.864434719085693,0.662960523695181,0.523368775844574,0.4644699651142995,2.0447361,5.041505,0.60869986,0.4854595,0.53027,IDP-ESM2-8M,67,278,0.20451045036315918,0.822929859161377,0.05426066550655184,0.03790926933288574,0.06580001531630353
Q6SPV7,2.15670132637024,5.044917106628418,0.5217881739317736,0.4114062488079071,0.6088913959715688,2.0760922,4.852343,0.5231675,0.41773993,0.60724205,IDP-ESM2-8M,67,278,0.08060908317566007,0.19257402420043945,0.0013793170273939115,0.006333678960800171,0.0016493481848561808
Q6SPW0,2.068600416183472,4.881704330444336,0.5630669072270648,0.4554263055324554,0.5475722036957785,2.0947075,4.9322324,0.53354806,0.42341143,0.5873425,IDP-ESM2-8M,67,278,0.02610707283019975,0.05052804946899414,0.029518850147749576,0.032014876604080145,0.03977029699086698
Q6SPW6,2.141937494277954,5.013397216796875,0.5491135153234311,0.43344247341156,0.5749001217324273,2.0436168,4.8098984,0.53160506,0.42509034,0.5952272,IDP-ESM2-8M,67,278,0.09832072257995605,0.20349884033203125,0.01750845045450411,0.008352130651473944,0.02032706017904118
Q6TNN1,1.7355780601501465,4.198808670043945,0.5458814040432869,0.4264132380485534,0.543459855154081,1.7054416,4.052074,0.5447199,0.43370417,0.56005037,IDP-ESM2-8M,67,278,0.030136466026306152,0.14673471450805664,0.0011615291844306874,0.007290929555893,0.01659051315493998
Q6TVK4,4.622996807098389,10.999398231506348,0.5322841178961084,0.4036644995212555,0.6568998634119603,4.311878,10.249208,0.55376995,0.4307047,0.61202306,IDP-ESM2-8M,67,278,0.31111860275268555,0.7501897811889648,0.021485828202219226,0.027040213346481323,0.04487680785852399
Q6TVY4,5.160731315612793,12.18231201171875,0.5612892167591542,0.4452931582927704,0.5987391277456245,5.044873,12.019495,0.5659353,0.43847224,0.5972657,IDP-ESM2-8M,67,278,0.11585807800292969,0.16281700134277344,0.0046460969424754195,0.0068209171295166016,0.0014734073781929036
Q6U9S1,2.2176294326782227,5.229666709899902,0.5439869484146336,0.4367440044879913,0.5662179096803971,2.1684616,5.194136,0.5463737,0.4263478,0.56544036,IDP-ESM2-8M,67,278,0.04916787147521973,0.03553056716918945,0.0023867765228053894,0.01039621233940119,0.0007775529489822963
Q6UDH5,1.89371395111084,4.49859619140625,0.5391233355903525,0.4157811999320984,0.5841383148275676,1.7558483,3.8937657,0.4709353,0.3965653,0.6963137,IDP-ESM2-8M,67,278,0.1378656625747683,0.6048305034637451,0.06818802069662999,0.019215911626815796,0.11217536439072462
Q6UGK8,1.75095796585083,3.946412563323975,0.5154716288470638,0.4309204220771789,0.6140196141033534,1.8860755,4.5740047,0.56760836,0.45095804,0.5469811,IDP-ESM2-8M,67,278,0.1351175308227539,0.6275920867919917,0.05213672762876631,0.020037621259689387,0.06703851783565318
Q6VB58,1.7804934978485107,4.207399845123291,0.4946868446987339,0.3919892907142639,0.6123678549430593,1.8462839,4.3382425,0.51869583,0.40854788,0.5898934,IDP-ESM2-8M,67,278,0.06579041481018066,0.1308426856994629,0.024008986600094206,0.016558587551116943,0.02247445427396144
Q6VB60,2.361301183700561,5.514676570892334,0.505517386392185,0.3970828354358673,0.6061691919002228,2.6630127,6.216112,0.5266214,0.41563952,0.58621264,IDP-ESM2-8M,67,278,0.30171155929565474,0.7014355659484863,0.02110401491778202,0.018556684255599976,0.019956556859939578
Q6VB61,2.7251884937286377,6.624489784240723,0.5068698897817799,0.3958565890789032,0.6182959073170473,2.8494885,6.6930676,0.51923335,0.40529674,0.60670733,IDP-ESM2-8M,67,278,0.12430000305175781,0.06857776641845703,0.012363456203632661,0.00944015383720398,0.011588572798614694
Q6VB71,1.889978289604187,4.539734363555908,0.567999905951457,0.4386162161827087,0.5212811410821006,1.8764724,4.612835,0.5730193,0.44662294,0.51768357,IDP-ESM2-8M,67,278,0.013505935668945312,0.07310056686401367,0.0050194197817278186,0.008006721735000666,0.003597575465492886
Q6VTP7,2.523654699325561,6.545114517211914,0.6646015984161495,0.5292112231254578,0.4926688448012834,2.8058298,6.953931,0.6593763,0.5259989,0.49740952,IDP-ESM2-8M,67,278,0.2821750640869145,0.4088163375854492,0.005225275193035506,0.0032123327255249023,0.004740677732133325
Q6VV29,1.4768187999725342,3.5848355293273926,0.564165690573797,0.4407295286655426,0.5079921485512091,1.6040182,3.9438028,0.5804485,0.45793995,0.4820963,IDP-ESM2-8M,67,278,0.12719941139221191,0.35896730422973633,0.016282817688837325,0.017210423946380615,0.025895834120972294
Q6VV44,1.496960163116455,3.610794305801392,0.555870428561845,0.4393419027328491,0.5270747167742034,1.7200289,4.2167497,0.586525,0.46304476,0.48117143,IDP-ESM2-8M,67,278,0.2230687141418457,0.6059553623199458,0.03065459442170604,0.02370285987854004,0.04590328761694629
Q6VXF3,1.496431589126587,3.572113037109375,0.5504090895512859,0.4494105279445648,0.5644991990579715,1.4981875,3.597325,0.5625105,0.45198086,0.5346819,IDP-ESM2-8M,67,278,0.0017559528350830078,0.02521204948425293,0.0121014008661946,0.00257033109664917,0.029817282821094082
Q6VY62,2.336294174194336,5.757615566253662,0.6352348850230223,0.5048906207084656,0.4937905908069793,1.9878145,4.740443,0.5459477,0.4533647,0.6134551,IDP-ESM2-8M,67,278,0.34847962856292725,1.0171723365783691,0.0892872140864378,0.05152592062950134,0.11966452594183052
Q6VZE3,2.2830810546875,5.509891510009766,0.5867461616624042,0.4628623127937317,0.5214823521221142,2.3722057,5.719741,0.5585239,0.4350173,0.56681997,IDP-ESM2-8M,67,278,0.08912467956542969,0.20984935760498047,0.02822226830608099,0.027845025062561035,0.04533761371727174
Q6VZT0,2.222860813140869,5.493052959442139,0.5927051870787599,0.4729860424995422,0.5191162161766675,2.1357727,5.1920795,0.57106984,0.44555482,0.55792475,IDP-ESM2-8M,67,278,0.08708810806274414,0.30097341537475586,0.02163535046224374,0.02743121981620783,0.03880853129037354
Q6WHL7,2.0659329891204834,4.679499626159668,0.551442388596942,0.4467962682247162,0.5792486044484434,2.06113,4.840526,0.5411244,0.44343752,0.619668,IDP-ESM2-8M,67,278,0.0048029422760009766,0.1610264778137207,0.010317985120226858,0.0033587515354156494,0.04041940244852926
Q6WY30,2.535252332687378,5.869653224945068,0.4835562947544652,0.3890400826931,0.6734040822308472,2.4856207,5.834051,0.5167671,0.40859428,0.6154062,IDP-ESM2-8M,67,278,0.049631595611572266,0.03560209274291992,0.03321078984407605,0.019554197788238525,0.057997867039959794
Q6YH51,7.190715312957764,16.58771514892578,0.5832581693292588,0.4450670480728149,0.6904722174260642,5.5017724,13.173151,0.5761921,0.45844287,0.6853862,IDP-ESM2-8M,67,278,1.6889429092407227,3.4145641326904297,0.0070660883546799225,0.01337581872940069,0.005086036548378692
Q6YH62,2.483228206634521,5.66352653503418,0.4929331262702038,0.3920559287071228,0.6339869896463713,2.664936,6.2839785,0.5251173,0.41249228,0.59576195,IDP-ESM2-8M,67,278,0.18170785903930708,0.6204519271850586,0.032184151828856256,0.020436346530914307,0.038225034861978036
Q70EH9,2.2204902172088623,5.060754776000977,0.4904101088526413,0.3805733621120453,0.6287876018190355,2.315518,5.375986,0.50632364,0.39772418,0.6219495,IDP-ESM2-8M,67,278,0.09502768516540527,0.3152313232421875,0.015913526725514215,0.017150819301605225,0.006838107933995197
Q70EI1,2.2327921390533447,5.227630615234375,0.4928075459226384,0.3845210671424866,0.6269034665093045,2.3937001,5.566215,0.5121285,0.40047586,0.60792667,IDP-ESM2-8M,67,278,0.16090798377990723,0.33858442306518555,0.01932092640554761,0.015954792499542236,0.018976799772701725
Q70EI2,2.2602035999298096,5.332523345947266,0.5307426617762604,0.4071062505245209,0.558029458668458,2.4125845,5.5852633,0.49939924,0.39463392,0.6371583,IDP-ESM2-8M,67,278,0.15238094329833984,0.25273990631103516,0.031343416990951556,0.012472331523895264,0.07912881598211574
Q70EI3,2.5585477352142334,6.086280345916748,0.5103150254011275,0.4040671288967132,0.6003365710528767,2.787713,6.4369774,0.5012043,0.393146,0.6395305,IDP-ESM2-8M,67,278,0.22916531562805176,0.35069704055786133,0.00911071355344073,0.010921120643615667,0.03919390885511276
Q70EI6,2.7396252155303955,6.504157543182373,0.5309076324724104,0.4127964675426483,0.590800095150861,2.7047768,6.367893,0.53123295,0.41867852,0.5975875,IDP-ESM2-8M,67,278,0.03484845161437988,0.13626432418823242,0.000325320599183887,0.005882054567337036,0.006787430693713015
Q70EI7,2.259151697158813,5.345705986022949,0.5256979468369566,0.4038659632205963,0.5669513737846308,2.3534791,5.51184,0.51759666,0.40155816,0.5967942,IDP-ESM2-8M,67,278,0.09432744979858443,0.16613388061523438,0.00810128479243144,0.002307802438735962,0.02984281423798274
Q70EJ0,2.946126699447632,6.93138313293457,0.5274354637897314,0.3982725143432617,0.5983839992576988,3.0457838,7.1878405,0.54295146,0.4272178,0.58710694,IDP-ESM2-8M,67,278,0.09965705871582031,0.2564573287963867,0.015516000863283752,0.02894529700279236,0.011277056127205642
Q70GQ7,1.9031580686569207,4.609791278839111,0.535149145866522,0.4299054443836212,0.5654713246592218,1.8594894,4.405374,0.52583724,0.41369635,0.5749214,IDP-ESM2-8M,67,278,0.04366862773895197,0.20441722869873047,0.009311903263219956,0.01620909571647644,0.009450104498035294
Q70VJ7,2.2840688228607178,5.272794246673584,0.5015037907369883,0.3946391642093658,0.6353563253763893,2.3270695,5.4732347,0.53138626,0.42218947,0.5904542,IDP-ESM2-8M,67,278,0.04300069808959961,0.2004404067993164,0.02988246548096829,0.02755030989646917,0.04490210460459976
Q70VK5,2.270416736602783,5.210628509521484,0.5039475720406079,0.3985024392604828,0.6268890991535451,2.387303,5.527842,0.51354766,0.41249844,0.62791747,IDP-ESM2-8M,67,278,0.11688637733459473,0.3172135353088379,0.00960008687968017,0.013996005058288574,0.0010283693942759742
Q70VN3,2.3503806591033936,5.501303672790527,0.4835687301502548,0.380977064371109,0.6585453258781822,2.4146056,5.654997,0.5309176,0.4224424,0.59334254,IDP-ESM2-8M,67,278,0.0642249584197998,0.15369319915771484,0.047348854745832836,0.04146534204483032,0.06520278322986672
Q70VN5,2.328144788742065,5.349688529968262,0.4818844036988911,0.3761975765228271,0.6604934325594178,2.4357111,5.6443896,0.5047195,0.40323448,0.63955575,IDP-ESM2-8M,67,278,0.10756635665893599,0.29470109939575195,0.022835092074424357,0.027036905288696345,0.02093768028204357
Q70VQ5,2.3534929752349854,5.393795013427734,0.4886084238850318,0.3994878530502319,0.6516451896254285,2.4062285,5.6163087,0.522719,0.4142753,0.604349,IDP-ESM2-8M,67,278,0.05273556709289551,0.22251367568969727,0.03411060172684566,0.014787435531616266,0.04729617248217899
Q70VR9,2.067376136779785,4.861606597900391,0.492319339042806,0.3803656697273254,0.6307558327421172,2.201161,5.1757026,0.5279244,0.41858092,0.59046,IDP-ESM2-8M,67,278,0.13378477096557617,0.31409597396850586,0.03560507940659585,0.038215249776840265,0.040295830319784454
Q70VT5,2.3780746459960938,5.475401401519775,0.4886131379765451,0.3945699334144592,0.6592773226770061,2.376905,5.5574236,0.5243447,0.41747823,0.6049439,IDP-ESM2-8M,67,278,0.0011696815490722656,0.08202219009399414,0.03573154471693635,0.02290830016136175,0.05433345117889821
Q70VT7,2.308176040649414,5.649242401123047,0.5255931675436645,0.4140330851078033,0.5915978838989071,2.293218,5.364435,0.525739,0.41884366,0.6014236,IDP-ESM2-8M,67,278,0.01495814323425293,0.2848072052001953,0.00014584660504768365,0.004810571670532282,0.009825737278766233
Q716F8,1.8343291282653809,4.468036651611328,0.5544654828160952,0.4306521713733673,0.5463054751763011,1.8670923,4.5745807,0.583824,0.46036392,0.5253349,IDP-ESM2-8M,67,278,0.032763123512268066,0.10654401779174805,0.029358496084814223,0.029711753129959106,0.020970580519166115
Q719M9,2.177051305770874,5.105685234069824,0.4356166600401069,0.3900107443332672,0.7984378335978821,2.5697958,5.989179,0.5416808,0.4567309,0.6174273,IDP-ESM2-8M,67,278,0.3927445411682129,0.8834939002990723,0.10606415279558645,0.0667201578617096,0.18101054411195072
Q71BY2,2.793951749801636,6.597213268280029,0.5366745162730544,0.4180016219615936,0.5838028098277559,3.076337,7.2699647,0.5391328,0.4213188,0.5917222,IDP-ESM2-8M,67,278,0.2823853492736812,0.6727514266967773,0.002458257603135783,0.00331717729568487,0.007919380552340538
Q73233,1.5222233533859253,3.668420791625977,0.583341597010291,0.4677043259143829,0.5269748349030242,1.4917128,3.574149,0.55943257,0.45263037,0.5590805,IDP-ESM2-8M,67,278,0.030510544776916504,0.09427189826965376,0.023909030844366908,0.015073955059051458,0.032105646626211626
Q75QS2,2.588559865951538,6.088685512542725,0.5204848144367817,0.3869524300098419,0.6279963422523872,2.6223009,6.198788,0.5298209,0.41659406,0.61409795,IDP-ESM2-8M,67,278,0.033740997314453125,0.11010265350341797,0.009336104600083495,0.02964162826538086,0.013898389409674805
Q75QS3,2.462087392807007,5.946932315826416,0.535484702087569,0.4157106876373291,0.5852528256886979,2.6127307,6.270288,0.5511326,0.42654967,0.57379085,IDP-ESM2-8M,67,278,0.15064334869384766,0.32335567474365234,0.015647917293381886,0.010838985443115234,0.011461977433540382
Q75QT5,2.483459234237671,6.107471942901611,0.5578742866051468,0.4315719604492187,0.5587653319592867,2.3593912,5.6208973,0.5374777,0.41960615,0.5887139,IDP-ESM2-8M,67,278,0.12406802177429199,0.486574649810791,0.02039661450507968,0.011965811252593939,0.029948552394351013
Q75QT6,2.592742681503296,6.1141357421875,0.5249454228900549,0.4198246002197265,0.6180744299979298,2.7693524,6.6096296,0.54406023,0.42320135,0.5877037,IDP-ESM2-8M,67,278,0.17660975456237793,0.49549388885498047,0.019114807365072095,0.003376752138137873,0.030370725163945456
Q75R01,2.142366409301758,5.016373157501221,0.52268471986339,0.4192474484443664,0.5972775388810594,2.0521073,4.812926,0.5313855,0.42097116,0.59465253,IDP-ESM2-8M,67,278,0.09025907516479492,0.2034473419189453,0.008700761494184417,0.001723706722259577,0.002625005349870424
Q75ZR8,2.480634450912476,5.733645439147949,0.5229552109411512,0.4121755957603454,0.5908881549829829,2.549406,5.9911513,0.5230663,0.40406302,0.5890807,IDP-ESM2-8M,67,278,0.06877160072326616,0.2575058937072754,0.00011107133118770651,0.008112579584121649,0.0018074636453974113
Q75ZS3,2.398331880569458,5.476505279541016,0.4896256791247068,0.3861713409423828,0.6376973117598176,2.54538,5.98432,0.52397037,0.40436095,0.58245945,IDP-ESM2-8M,67,278,0.1470482349395752,0.507814884185791,0.03434468639958521,0.018189609050750732,0.05523786199175118
Q75ZS7,2.4437477588653564,5.752856254577637,0.5217097533643328,0.4050562679767608,0.584757335314546,2.456942,5.7459984,0.51066583,0.3949981,0.61151016,IDP-ESM2-8M,67,278,0.01319432258605957,0.006857872009277344,0.01104391941429006,0.010058164596557562,0.026752822270598053
Q76745,1.6104305982589722,3.803221464157105,0.5592122284746371,0.4524044096469879,0.5528972746794036,1.7857996,4.3913836,0.59153086,0.46643353,0.51558053,IDP-ESM2-8M,67,278,0.1753690242767334,0.5881621837615962,0.03231863099573029,0.014029115438461304,0.03731673974440608
Q77369,1.911983609199524,4.479825973510742,0.5214657421334765,0.3943254053592682,0.5893031681327184,1.9772663,4.5312257,0.4988962,0.40816924,0.63017315,IDP-ESM2-8M,67,278,0.06528270244598389,0.05139970779418945,0.02256953074774959,0.013843834400177002,0.04086997859198249
Q778N1,2.5059502124786377,6.020733833312988,0.5169251247101464,0.4156159460544586,0.6091615172733248,2.5064142,5.8339977,0.51147723,0.40647322,0.622095,IDP-ESM2-8M,67,278,0.0004639625549316406,0.1867361068725586,0.0054478927307762826,0.00914272665977478,0.012933471549612219
Q77F13,3.296870231628418,8.45973014831543,0.6453377038903204,0.5008435249328613,0.5244351052910141,3.2489302,8.119015,0.6405817,0.50649834,0.5457976,IDP-ESM2-8M,67,278,0.04794001579284668,0.3407154083251953,0.004755976862427347,0.005654811859130859,0.021362481150025925
Q77IW3,3.568814754486084,8.718031883239746,0.6302914968960939,0.5077582001686096,0.4907109935208522,3.614583,8.6988,0.5665933,0.43764013,0.56048566,IDP-ESM2-8M,67,278,0.04576826095581055,0.019231796264648438,0.0636982075207887,0.07011806964874268,0.0697746675089635
Q77MY7,3.0477216243743896,7.126034736633301,0.5464992719123841,0.4270378053188324,0.5674937798130403,3.0377853,7.156002,0.5370942,0.41934964,0.5960859,IDP-ESM2-8M,67,278,0.009936332702636719,0.029967308044433594,0.009405096096801846,0.007688164710998535,0.02859212621570728
Q78226,1.7099188566207886,4.175300121307373,0.5475484941034893,0.4211493730545044,0.5553855650823888,1.8408757,4.2423086,0.5073777,0.41233107,0.61205125,IDP-ESM2-8M,67,278,0.13095688819885254,0.06700849533081055,0.040170809987125744,0.008818298578262329,0.05666568346802625
Q78501,1.4331810474395752,3.378065586090088,0.5315098582769341,0.4306705892086029,0.5670673579338252,1.432838,3.3800435,0.5578079,0.4614594,0.5645844,IDP-ESM2-8M,67,278,0.00034308433532714844,0.0019779205322265625,0.02629806408634716,0.030788809061050415,0.0024829835060298233
Q78643,2.0367794036865234,4.576776504516602,0.4833793935960348,0.3984159231185913,0.6596890223978443,2.126813,4.962302,0.5167873,0.41413042,0.6179354,IDP-ESM2-8M,67,278,0.09003353118896484,0.3855257034301758,0.033407896977085294,0.01571449637413025,0.041753603315202725
Q78646,2.119753122329712,4.988603591918945,0.5193522883722064,0.4006803035736084,0.6086198680232129,2.150515,5.0751967,0.53262293,0.4248694,0.59282315,IDP-ESM2-8M,67,278,0.0307619571685791,0.0865931510925293,0.013270645015549976,0.024189084768295288,0.01579672024947021
Q78648,2.078975439071656,4.757822036743164,0.5086307781543812,0.4117514789104461,0.6223251807893123,2.2132797,5.1829276,0.5278888,0.42168754,0.5912768,IDP-ESM2-8M,67,278,0.1343042850494376,0.42510557174682617,0.019257996717444992,0.009936064481735285,0.0310483563149776
Q78649,2.162814378738404,5.032278537750244,0.5321921258615248,0.4221030473709106,0.5952532989743682,2.1608994,5.0592127,0.52045333,0.41704547,0.6134834,IDP-ESM2-8M,67,278,0.0019149780273446382,0.026934146881103516,0.011738792006849463,0.00505757331848139,0.01823012998070994
Q78652,2.147361516952514,5.103565216064453,0.5259105645937783,0.4118724465370178,0.5972288579413919,2.2047296,5.1956186,0.5338144,0.4257573,0.59016985,IDP-ESM2-8M,67,278,0.05736804008483931,0.09205341339111328,0.007903806038393357,0.01388484239578247,0.007059010929825749
Q78653,2.0827536582946777,4.743349075317383,0.487765231518688,0.3931577205657959,0.6610988352674338,2.1837497,5.1091795,0.5203364,0.4165583,0.6098393,IDP-ESM2-8M,67,278,0.10099601745605469,0.3658304214477539,0.032571158022937974,0.023400574922561646,0.051259515084633556
Q79401,2.386814594268799,5.120201587677002,0.4464744187873151,0.3476446568965912,0.7451488482373015,2.6243172,6.052824,0.49554372,0.39742267,0.6497871,IDP-ESM2-8M,67,278,0.2375025749206543,0.9326224327087402,0.04906929955069761,0.04977801442146301,0.09536172026565237
Q7LZ01,1.4965611696243286,3.4625403881073,0.5316362198127258,0.443822294473648,0.5825666929210473,1.4309878,3.3623493,0.5433173,0.44357914,0.5716577,IDP-ESM2-8M,67,278,0.06557333469390869,0.10019111633300781,0.011681098149920688,0.00024315714836115054,0.010908975693111556
Q7LZT9,1.5547153949737549,3.760613441467285,0.5932205767997377,0.4843243658542633,0.5243878470535784,1.6732544,4.092884,0.5885457,0.48141107,0.52903944,IDP-ESM2-8M,67,278,0.11853897571563721,0.33227062225341797,0.004674896753656177,0.0029132962226867676,0.00465159548563665
Q7SPR3,1.8682126998901367,4.303732395172119,0.4870458696129596,0.3871691823005676,0.6446296757808969,1.9270264,4.548193,0.5302985,0.42215627,0.5849776,IDP-ESM2-8M,67,278,0.05881369113922119,0.2444605827331543,0.04325260183784607,0.03498709201812744,0.059652048980359806
Q7SPR5,1.954683542251587,4.53868579864502,0.4955234731391987,0.3968653976917267,0.6315786974160054,2.0479953,4.832546,0.52750003,0.4173764,0.5846393,IDP-ESM2-8M,67,278,0.09331178665161133,0.29386043548583896,0.031976560239402374,0.020511001348495483,0.04693938657921337
Q7SPR7,1.857932686805725,4.479703903198242,0.5327747175764614,0.4162555038928985,0.5637235047847325,1.8629625,4.380708,0.5315284,0.4243145,0.58082014,IDP-ESM2-8M,67,278,0.005029797554016113,0.09899568557739258,0.0012463042807155933,0.008058995008468683,0.017096638438076295
Q7SPR8,2.067652702331543,4.721304893493652,0.5370491906148561,0.4375988841056824,0.5878198106483188,2.099309,4.921541,0.5331738,0.4260579,0.59172153,IDP-ESM2-8M,67,278,0.03165626525878906,0.20023632049560547,0.0038753911000856123,0.011540979146957397,0.0039017240806851206
Q7SPR9,1.952785849571228,4.66126823425293,0.5534406062906199,0.4427624642848968,0.5500143382901513,1.9806073,4.6665835,0.54047513,0.43343085,0.569904,IDP-ESM2-8M,67,278,0.02782142162322998,0.005315303802490234,0.012965476209443105,0.009331613779067938,0.01988969107920291
Q7SPS1,1.951497793197632,4.598913192749023,0.5086337922066453,0.3936481177806854,0.6115909595170049,1.9654112,4.6636877,0.53256524,0.4218862,0.57184964,IDP-ESM2-8M,67,278,0.01391339302062966,0.0647745132446289,0.023931443884968484,0.02823808789253235,0.03974131533289238
Q7SPW1,2.4215879440307617,5.692611217498779,0.5567287758773508,0.4537263512611389,0.5927684422343072,2.2320747,5.1678233,0.53085405,0.43653038,0.6441073,IDP-ESM2-8M,67,278,0.1895132064819336,0.5247879028320312,0.025874729532593732,0.017195969820022583,0.0513388399274054
Q7T5C0,3.495822668075561,8.019830703735352,0.5145173894905584,0.4108182787895202,0.6367592434820185,3.7047029,8.734767,0.5343006,0.42695254,0.62491345,IDP-ESM2-8M,67,278,0.20888018608093306,0.7149362564086914,0.019783235833690904,0.016134262084960993,0.011845789426232378
Q7T5F8,2.998732805252075,7.306483268737793,0.6115331210280514,0.47528275847435,0.5398510887681162,3.2141771,8.073861,0.6834432,0.52346903,0.3924113,IDP-ESM2-8M,67,278,0.21544432640075684,0.7673778533935547,0.07191006763924601,0.048186272382736206,0.14743979716884248
Q7T5M5,2.4727590084075928,5.673457145690918,0.3925318765896261,0.3184160888195038,0.8026438965920839,3.1099944,7.3238387,0.5168131,0.39267698,0.59328717,IDP-ESM2-8M,67,278,0.6372354030609131,1.6503815650939941,0.12428122279468173,0.0742608904838562,0.2093567266587648
Q7T9U3,2.4077577590942383,5.842880725860596,0.6191745478807488,0.5032048225402832,0.528279705659139,2.7785473,6.8827934,0.6361028,0.49751922,0.49767765,IDP-ESM2-8M,67,278,0.3707895278930664,1.0399127006530762,0.016928247720142342,0.005685597658157349,0.03060205163120011
Q7TB66,2.3441925048828125,5.522297859191895,0.5500718264451805,0.4347755312919616,0.5630978779226303,2.3750134,5.6622367,0.54599255,0.42688704,0.5737602,IDP-ESM2-8M,67,278,0.030820846557617188,0.13993883132934481,0.004079273211080148,0.007888495922088568,0.01066233354511259
Q7TDE5,1.732242226600647,4.318174362182617,0.6022654768594953,0.4861714839935303,0.5292113442448657,1.6942875,4.0346565,0.56963736,0.46765122,0.5746689,IDP-ESM2-8M,67,278,0.03795468807220459,0.28351783752441406,0.032628118670866124,0.018520265817642212,0.04545754003247804
Q7TDG1,2.369809150695801,5.547991752624512,0.498986190942275,0.368382066488266,0.6348222546331891,2.4740345,5.809533,0.5082716,0.39628944,0.6209483,IDP-ESM2-8M,67,278,0.10422539710998535,0.26154136657714844,0.009285384031785082,0.027907371520996094,0.01387393996644104
Q7TDL0,1.865209698677063,4.6348395347595215,0.5897509767750998,0.4659371972084045,0.5211036259186613,1.9415531,4.778598,0.5920809,0.46784803,0.50211525,IDP-ESM2-8M,67,278,0.07634341716766357,0.14375829696655273,0.0023299143572549363,0.0019108355045319159,0.018988376284872266
Q7TDN1,1.6266489028930664,3.7783257961273193,0.5315436493894552,0.4362163543701172,0.5657388616608151,1.7984035,4.1411123,0.4900084,0.40038288,0.6528906,IDP-ESM2-8M,67,278,0.1717545986175537,0.36278653144836426,0.0415352355977987,0.03583347797393799,0.0871517609549991
Q7TFN9,4.571025848388672,10.435481071472168,0.5342298017792231,0.4114221632480621,0.60178498146514,4.7766232,11.276467,0.5428267,0.42610058,0.602278,IDP-ESM2-8M,67,278,0.2055974006652832,0.8409862518310547,0.008596910352277165,0.014678418636322077,0.0004930126907437549
Q7TG50,1.7077478170394895,4.110406398773193,0.5490791797362159,0.4249894618988037,0.5435685072225824,1.6420944,3.9334776,0.5408488,0.42682883,0.55569017,IDP-ESM2-8M,67,278,0.0656534433364866,0.17692875862121582,0.008230388136942213,0.001839369535446167,0.01212166211182919
Q7THH5,1.4412338733673096,3.473487615585327,0.5531203314390196,0.4366949498653412,0.5496748317366498,1.5232497,3.7472143,0.5821326,0.46009457,0.5111822,IDP-ESM2-8M,67,278,0.08201587200164795,0.2737267017364502,0.029012246457098545,0.02339962124824524,0.03849264274891784
Q7THI5,1.4297255277633667,3.367047071456909,0.5310581575243742,0.4257408082485199,0.5776089166911328,1.5631768,3.7903779,0.5641613,0.44584417,0.54193056,IDP-ESM2-8M,67,278,0.13345122337341309,0.42333078384399414,0.033103143134805446,0.020103365182876587,0.035678360393830544
Q7ZGU1,1.4402328729629517,3.5296831130981445,0.5624663918922646,0.4429135918617248,0.5254037430749159,1.372607,3.239347,0.5393675,0.43042096,0.54997754,IDP-ESM2-8M,67,278,0.06762588024139404,0.29033613204956055,0.023098894924948876,0.012492626905441229,0.024573797894932747
Q7ZGU2,1.5582969188690186,3.754595279693604,0.5598303798334352,0.4598661363124847,0.553333205436224,1.5853004,3.8618777,0.59089184,0.47196895,0.5132987,IDP-ESM2-8M,67,278,0.02700352668762207,0.10728240013122514,0.03106145824029527,0.012102812528610285,0.04003451511716272
Q7ZPK4,2.332268476486206,5.554332256317139,0.5152798011685079,0.4128588140010834,0.6054153812438103,2.3413525,5.496628,0.52398694,0.4157332,0.60562146,IDP-ESM2-8M,67,278,0.009083986282348633,0.05770444869995117,0.00870713444703164,0.0028743743896484375,0.0002060758561042153
Q80553,1.6738048791885376,4.151936531066895,0.5900351861505421,0.4551343023777008,0.5197193185088874,1.8130089,4.436637,0.5891424,0.46516705,0.5147502,IDP-ESM2-8M,67,278,0.1392040252685547,0.2847003936767569,0.0008928040056140896,0.010032743215560913,0.004969135880255826
Q80889,3.2660906314849854,7.680535316467285,0.5854860641315652,0.4631927907466888,0.570999440624859,3.3911047,7.964157,0.558796,0.45541808,0.6235135,IDP-ESM2-8M,67,278,0.125014066696167,0.28362178802490234,0.02669007557184233,0.007774710655212347,0.052514079139087566
Q80893,1.811437964439392,3.2815701961517334,0.2097650893491917,0.2688472867012024,1.32365235953992,1.8585258,3.8118343,0.37667674,0.33143675,0.856949,IDP-ESM2-8M,67,278,0.047087788581848145,0.530264139175415,0.16691164891298482,0.06258946657180786,0.46670338779156806
Q80GM7,2.5409836769104004,5.762401103973389,0.4611264870510096,0.3745792508125305,0.746670022479855,2.5662222,5.842713,0.4837609,0.398518,0.69217134,IDP-ESM2-8M,67,278,0.025238513946533203,0.08031177520751953,0.022634406293869536,0.023938745260238647,0.05449868725951812
Q80LM0,3.331693172454834,8.307703971862793,0.66340563427952,0.5350135564804077,0.4961817820903827,3.252413,7.95899,0.6324102,0.5045255,0.55515075,IDP-ESM2-8M,67,278,0.07928013801574707,0.34871387481689453,0.03099540602710915,0.03048807382583618,0.05896896520881162
Q80RB4,2.6578757762908936,6.297651290893555,0.5181786182543666,0.4191198348999023,0.6280094951577608,2.3629282,5.567176,0.5224575,0.41084766,0.62031496,IDP-ESM2-8M,67,278,0.29494762420654297,0.7304754257202148,0.004278862176236409,0.008272171020507757,0.007694539446396087
Q81837,2.5872247219085693,6.013072490692139,0.4916103719450087,0.3739543259143829,0.6209636519197171,2.7228348,6.392254,0.51377994,0.3985027,0.61076915,IDP-ESM2-8M,67,278,0.13561010360717773,0.3791813850402832,0.02216956627596911,0.0245483815670014,0.010194499278420754
Q81839,2.477025032043457,5.823817253112793,0.5354382063656884,0.4257154166698456,0.5647378702526329,2.2945387,5.388232,0.52444845,0.40553647,0.58779,IDP-ESM2-8M,67,278,0.18248629570007324,0.43558502197265625,0.010989751985652996,0.020178943872451782,0.02305214210698625
Q81846,2.5604283809661865,5.853387832641602,0.5099910635506884,0.4141511917114258,0.5945821302235968,2.600096,6.057007,0.5038923,0.39078873,0.6267917,IDP-ESM2-8M,67,278,0.039667606353759766,0.20361900329589844,0.006098761037565792,0.023362457752227783,0.03220958539835139
Q81859,1.928916335105896,4.605202674865723,0.5436398826308143,0.426595389842987,0.5422031444855921,1.7383776,4.15841,0.5458494,0.43089274,0.5437433,IDP-ESM2-8M,67,278,0.19053876399993896,0.4467926025390625,0.002209500246535545,0.004297345876693781,0.0015401678732640534
Q82401,1.831166386604309,4.3896260261535645,0.5183630903661675,0.4037471413612366,0.6078490874637572,1.7724817,4.1923075,0.5459314,0.44135535,0.579654,IDP-ESM2-8M,67,278,0.058684706687927246,0.19731855392456055,0.027568308502393335,0.037608206272125244,0.02819510911597889
Q82615,2.176388025283813,5.125534057617188,0.5512040327839184,0.4460991024971008,0.5692052735585957,2.4795468,5.880695,0.55183744,0.4359746,0.56926024,IDP-ESM2-8M,67,278,0.3031587600708012,0.7551608085632315,0.0006334115215015368,0.010124504566192571,5.496604253951709e-05
Q83112,2.336902379989624,4.936823844909668,0.3380937121741774,0.3273904025554657,1.0116645150807946,2.9154294,6.531253,0.465602,0.3867634,0.7309993,IDP-ESM2-8M,67,278,0.5785269737243652,1.5944290161132812,0.12750829831433275,0.05937299132347107,0.2806652241376488
Q83190,1.7796467542648315,3.992709636688232,0.4786695389555369,0.3872520923614502,0.6489827101556922,1.893415,4.4080405,0.51757634,0.4128316,0.6099402,IDP-ESM2-8M,67,278,0.11376821994781494,0.41533088684082076,0.03890679790511986,0.025579512119293213,0.039042538913931946
Q83502,2.3029112815856934,5.496632099151611,0.5089174218855739,0.3878549337387085,0.6130971293929798,2.3967843,5.6852355,0.53028417,0.41209856,0.5881557,IDP-ESM2-8M,67,278,0.0938730239868164,0.18860340118408203,0.021366744450485697,0.02424362301826477,0.024941442537663616
Q83508,2.278597593307495,5.424036026000977,0.5118065127381456,0.384306788444519,0.6002063262253106,2.3742769,5.6077557,0.52342355,0.40754116,0.59656924,IDP-ESM2-8M,67,278,0.09567928314208984,0.18371963500976562,0.011617039774976967,0.023234367370605524,0.003637086132079359
Q84108,1.457655668258667,3.366739511489868,0.5256385387886628,0.4377702474594116,0.5863411245770551,1.5168992,3.625485,0.5444005,0.4384831,0.5735926,IDP-ESM2-8M,67,278,0.05924355983734131,0.2587454319000244,0.018761974383486812,0.0007128417491912842,0.012748521370420596
Q84187,3.180120944976806,7.416873931884766,0.5140384188506483,0.4066470861434936,0.632496884497939,3.3252583,7.935923,0.5545373,0.430637,0.57452846,IDP-ESM2-8M,67,278,0.14513731002807662,0.5190491676330566,0.040498877444517745,0.023989915847778376,0.05796842876368602
Q84188,3.2259228229522705,7.837432861328125,0.5172016063207746,0.4050092995166778,0.6272951164853872,3.5163574,8.336189,0.53704214,0.4194491,0.6005357,IDP-ESM2-8M,67,278,0.2904345989227295,0.49875640869140625,0.01984053463991875,0.0144397914409638,0.026759425700932815
Q84265,1.705485224723816,4.334690570831299,0.6401344067486161,0.506040632724762,0.4990097189553152,1.6578282,4.2151556,0.6353022,0.51599973,0.49451143,IDP-ESM2-8M,67,278,0.047657012939453125,0.11953496932983398,0.004832220736348036,0.009959101676940918,0.004498293460167502
Q84494,2.579239845275879,6.104786396026611,0.5813868852975708,0.4686043262481689,0.5783968011736947,2.4984434,6.0052667,0.5921318,0.47320724,0.5504984,IDP-ESM2-8M,67,278,0.08079648017883301,0.09951972961425781,0.010744908201422154,0.004602909088134821,0.02789837521315397
Q84648,2.491609573364258,5.58755350112915,0.5001416854577553,0.4227291047573089,0.6812930349234935,2.5957205,5.949314,0.5026838,0.42101017,0.6967957,IDP-ESM2-8M,67,278,0.1041109561920166,0.36176061630249023,0.002542132882546233,0.0017189383506774347,0.015502667057097352
Q85298,2.1795594692230225,5.131240367889404,0.5149121566199537,0.4124712347984314,0.5793639147841216,2.329144,5.445488,0.52501816,0.41351476,0.58201313,IDP-ESM2-8M,67,278,0.14958453178405762,0.31424760818481445,0.010105998954844875,0.0010435283184051514,0.002649215403866645
Q85305,3.387103796005249,7.609576225280762,0.4926416997413941,0.3948681354522705,0.6533423862880356,3.4258773,7.9894857,0.5122941,0.41110587,0.6482337,IDP-ESM2-8M,67,278,0.038773536682128906,0.3799095153808594,0.019652413894622744,0.016237735748291016,0.005108674568522709
Q85470,2.3190741539001465,5.31719970703125,0.535983186576835,0.4349781274795532,0.6083790923669662,2.3618398,5.6522074,0.5598939,0.4449634,0.5736556,IDP-ESM2-8M,67,278,0.04276561737060547,0.3350076675415039,0.023910719539650627,0.009985268115997314,0.03472348705080408
Q85513,1.946499347686768,4.5694780349731445,0.5294544019876338,0.4206549823284149,0.5712388324789466,1.8841848,4.440682,0.5227096,0.41888618,0.59897894,IDP-ESM2-8M,67,278,0.06231451034545943,0.12879610061645508,0.006744793909630897,0.0017687976360321045,0.027740104193264115
Q85653,2.439301013946533,5.655583381652832,0.5275624809768947,0.4280654489994049,0.5951371390100053,2.4799018,5.845694,0.5404957,0.4282763,0.5906179,IDP-ESM2-8M,67,278,0.04060077667236328,0.1901106834411621,0.012933212706729535,0.00021085143089294434,0.004519243883662538
Q856E0,2.381712913513184,5.555893421173096,0.500593235881905,0.4002544283866882,0.6298957523081888,2.550745,6.0116434,0.5256957,0.4116128,0.5973347,IDP-ESM2-8M,67,278,0.16903209686279252,0.4557499885559082,0.025102445690055486,0.011358380317688044,0.03256106936675207
Q856H1,2.787285804748535,6.294577598571777,0.4602373951979165,0.3710139393806457,0.705582336239781,2.8405254,6.6559134,0.51460505,0.40239397,0.6161409,IDP-ESM2-8M,67,278,0.05323958396911621,0.36133575439453125,0.054367650120687006,0.03138002753257757,0.08944143419739203
Q857F1,1.958168625831604,4.721376419067383,0.5765393295711623,0.461663156747818,0.5462763454975896,2.109347,5.161658,0.5722576,0.451422,0.54509765,IDP-ESM2-8M,67,278,0.1511784791946411,0.44028139114379883,0.004281751198206951,0.010241150856018066,0.0011786964001470057
Q858H2,2.2514777183532715,5.391417026519775,0.5505167994402786,0.4298363029956817,0.5441667241522251,2.3490338,5.5432425,0.52700806,0.4117698,0.5901,IDP-ESM2-8M,67,278,0.09755611419677734,0.1518254280090332,0.023508742799653648,0.018066495656967108,0.04593326621566429
Q858N3,1.912603616714477,4.546543598175049,0.5660924816961849,0.4733447134494781,0.5716799690144517,1.9021553,4.6487412,0.5842444,0.4643468,0.53516674,IDP-ESM2-8M,67,278,0.01044833660125688,0.10219764709472656,0.018151888764325386,0.008997917175292913,0.03651322859697126
Q859F3,2.668384790420532,6.094333648681641,0.5005213286329151,0.3976112008094787,0.6609633177717368,2.7261927,6.465518,0.5379247,0.41983652,0.58909535,IDP-ESM2-8M,67,278,0.057807922363281694,0.3711843490600586,0.03740337830296747,0.022225320339202936,0.07186796369153658
Q859H4,1.7422497272491455,3.846957683563232,0.5079941652086155,0.4195262789726257,0.6018564947939211,1.8155634,4.2826295,0.5185178,0.42129838,0.6208256,IDP-ESM2-8M,67,278,0.07331371307373047,0.43567180633544966,0.010523627016268522,0.0017721056938171942,0.018969093909234402
Q859K4,2.115252017974853,4.9018235206604,0.518020990267532,0.4194670617580414,0.6084682051178862,2.0983994,4.9594593,0.52445424,0.4119692,0.60024846,IDP-ESM2-8M,67,278,0.0168526172637935,0.05763578414916992,0.006433245763046602,0.007497847080230713,0.008219749116604502
Q86596,1.8584637641906736,4.532985687255859,0.5831414022441888,0.4609532058238983,0.5372504923733498,1.74475,4.1472635,0.55885637,0.45004606,0.5769073,IDP-ESM2-8M,67,278,0.11371374130249001,0.38572216033935547,0.024285034179308385,0.010907143354415894,0.039656784733889006
Q86686,3.2398924827575684,7.852489471435547,0.5471346878861583,0.4357542693614959,0.5805316069086383,3.6176238,8.645218,0.56977755,0.4468153,0.55509543,IDP-ESM2-8M,67,278,0.3777313232421875,0.7927284240722656,0.022642860426982603,0.011061042547226008,0.02543617271979548
Q86818,1.4787906408309937,3.585883140563965,0.5611490788940011,0.4493292272090912,0.5533560717304078,1.5220068,3.740143,0.5812812,0.46260047,0.5070668,IDP-ESM2-8M,67,278,0.04321610927581787,0.15425992012023926,0.020132106256145366,0.013271242380142212,0.04628928544119271
Q86965,2.2708754539489746,5.376442909240723,0.5630397285299116,0.4455627501010895,0.5725962049053643,2.6883168,6.5367374,0.5873302,0.45885554,0.5345836,IDP-ESM2-8M,67,278,0.41744136810302734,1.160294532775879,0.0242904935999102,0.013292789459228516,0.038012576727721514
Q87071,1.933468461036682,4.647970199584961,0.5633339682286718,0.4434746205806732,0.5475006782231445,1.9660147,4.7487063,0.56831324,0.4510571,0.54688567,IDP-ESM2-8M,67,278,0.03254628181457542,0.10073614120483398,0.004979272776272081,0.007582485675811768,0.0006150089917297263
Q87072,2.3676650524139404,5.53907585144043,0.524378653643843,0.4169237911701202,0.5764505148169502,2.5221653,5.952421,0.52202076,0.40608335,0.5919685,IDP-ESM2-8M,67,278,0.15450024604797363,0.4133453369140625,0.002357896445509211,0.010840445756912176,0.01551796195535815
Q87076,3.689758062362671,8.77627944946289,0.6339903216911974,0.5639438629150391,0.5531522871604414,3.4920933,8.15088,0.6062285,0.5240912,0.6339698,IDP-ESM2-8M,67,278,0.19766473770141602,0.6253995895385742,0.02776185088889027,0.039852678775787354,0.08081749662251758
Q87171,1.7867960929870603,4.271870136260986,0.5416350254112631,0.4389387369155884,0.5588356899161061,1.7952008,4.28112,0.5401832,0.42696637,0.5635536,IDP-ESM2-8M,67,278,0.008404731750488503,0.009249687194824219,0.0014518388801961768,0.011972367763519287,0.0047178817849437005
Q87172,1.913458585739136,4.515614032745361,0.5543908934149788,0.4407261610031128,0.5567590089687375,2.0151207,4.931134,0.57112044,0.4418674,0.5244734,IDP-ESM2-8M,67,278,0.10166215896606423,0.41552019119262695,0.016729547544951595,0.0011412501335144043,0.032285580242541245
Q87175,1.843910217285156,4.423339366912842,0.5472327016569337,0.4323254823684692,0.554381192850532,2.0835025,5.1080065,0.56607044,0.43492827,0.5354279,IDP-ESM2-8M,67,278,0.23959231376647971,0.6846671104431152,0.01883773577440173,0.0026027858257294256,0.01895326487964577
Q87177,1.8357458114624023,4.202122688293457,0.5107170324199011,0.4118867516517639,0.6159398195244067,2.0396326,4.958253,0.5533594,0.42794913,0.55280685,IDP-ESM2-8M,67,278,0.2038867473602295,0.7561302185058594,0.04264235688521367,0.016062378883361816,0.06313296527635981
Q87184,1.8915594816207888,4.4158430099487305,0.5117818278878035,0.4070602357387543,0.6197725702686327,2.012054,4.8247623,0.55205804,0.43400007,0.5578379,IDP-ESM2-8M,67,278,0.120494484901428,0.4089193344116211,0.04027621320793018,0.026939839124679565,0.06193466676902948
Q87189,1.9849722385406487,4.635369777679443,0.5329716166372539,0.4355023503303528,0.5951577566512031,2.1125615,5.1491737,0.56544095,0.43788064,0.5403247,IDP-ESM2-8M,67,278,0.12758922576904363,0.5138039588928223,0.03246933614060865,0.0023782849311828613,0.0548330686934394
Q87190,1.9605032205581665,4.6441650390625,0.5500996460469585,0.4406257569789886,0.5641080589696921,2.1151066,5.1236825,0.55351126,0.42729875,0.5606428,IDP-ESM2-8M,67,278,0.15460336208343506,0.47951745986938477,0.003411615893043951,0.013327002525329534,0.0034652800962484687
Q87209,1.866125464439392,4.408606052398682,0.5453520630576678,0.4271838366985321,0.5643276883344377,1.8156087,4.4490833,0.5714965,0.4467046,0.5309679,IDP-ESM2-8M,67,278,0.050516724586486816,0.04047727584838867,0.026144423606150546,0.01952075958251953,0.03335979711815962
Q87272,1.774227261543274,4.202770709991455,0.539949296795623,0.430012583732605,0.573098398556012,1.9071246,4.606229,0.5519766,0.4321942,0.56066614,IDP-ESM2-8M,67,278,0.13289737701416016,0.4034581184387207,0.01202732435534748,0.00218161940574646,0.012432254661816411
Q87273,1.919530153274536,4.592146396636963,0.5458944171522776,0.4200145602226257,0.560444011039654,2.1337287,5.213229,0.5631747,0.43419558,0.5425828,IDP-ESM2-8M,67,278,0.2141985893249514,0.6210827827453613,0.017280307426579822,0.014181017875671442,0.017861201114574676
Q87596,1.5281474590301514,3.670018196105957,0.547248447220736,0.4309219121932983,0.5615386537035494,1.5329336,3.710991,0.5626376,0.45016527,0.54789805,IDP-ESM2-8M,67,278,0.004786133766174316,0.04097270965576172,0.01538917990405042,0.01924335956573492,0.01364059958062458
Q89267,1.7671689987182615,4.315903663635254,0.5831234545948515,0.4695084691047668,0.5243187341882514,1.59408,3.8312373,0.5565505,0.445187,0.55702174,IDP-ESM2-8M,67,278,0.17308902740478493,0.4846663475036621,0.026572951817751878,0.024321466684341375,0.03270300291044248
Q8AEV4,2.159076452255249,4.879368305206299,0.5076646912075968,0.4223662614822387,0.626101273237856,2.15113,5.040847,0.52447623,0.41870776,0.6035149,IDP-ESM2-8M,67,278,0.007946491241455078,0.16147851943969727,0.016811538936903903,0.0036585032939910334,0.02258636349359333
Q8AEV6,2.0557570457458496,4.649607658386231,0.4914917346053311,0.3996710181236267,0.6390137052704689,2.1950397,5.1206408,0.52387524,0.41794875,0.604157,IDP-ESM2-8M,67,278,0.1392827033996582,0.4710330963134757,0.03238350190589939,0.018277734518051147,0.034856734292685654
Q8AEV8,2.153259992599488,4.976421356201172,0.5254148049108838,0.4255290329456329,0.5895762135934713,2.127409,4.958072,0.51636666,0.41424704,0.618622,IDP-ESM2-8M,67,278,0.025851011276246005,0.018349170684814453,0.009048144315943585,0.01128199696540827,0.029045791392337983
Q8AM83,1.941663265228272,4.785359859466553,0.589079130615084,0.464430421590805,0.5363050860751829,1.9189036,4.524283,0.5586066,0.4562588,0.58116955,IDP-ESM2-8M,67,278,0.022759675979614702,0.2610769271850586,0.030472506011812506,0.008171617984771673,0.044864459575299276
Q8ATK1,1.5050930976867676,3.6378602981567374,0.5227230576632625,0.4156895875930786,0.5703571758825682,1.4206216,3.4371483,0.5652802,0.45137927,0.52963823,IDP-ESM2-8M,67,278,0.08447146415710449,0.2007119655609122,0.04255714138764077,0.03568968176841736,0.04071894508193952
Q8B5D2,2.951312065124512,6.747812271118164,0.440132645050835,0.352781742811203,0.8094238948036026,2.860052,6.6191645,0.49356738,0.39638686,0.69837534,IDP-ESM2-8M,67,278,0.09125995635986373,0.1286478042602539,0.05343473227803769,0.04360511898994446,0.11104855052717433
Q8B5E1,3.1393468379974365,7.432117938995361,0.5081379295543293,0.3875229656696319,0.6702619784714722,2.8517916,6.7059393,0.51759696,0.4071627,0.63980967,IDP-ESM2-8M,67,278,0.2875552177429199,0.7261786460876465,0.009459030513419675,0.019639730453491266,0.030452310407354743
Q8B6B2,3.5069808959960938,8.026479721069336,0.4829269754711981,0.3697400689125061,0.6728872873342963,4.4523363,10.474577,0.52488256,0.4057601,0.61996824,IDP-ESM2-8M,67,278,0.9453554153442383,2.4480972290039062,0.041955579536736454,0.03602004051208496,0.05291905184158996
Q8BCG5,2.6516692638397217,6.216158390045166,0.4980552120385065,0.3884736895561218,0.6340542198705879,2.6702576,6.267816,0.519642,0.405963,0.6083101,IDP-ESM2-8M,67,278,0.01858830451965332,0.051657676696777344,0.021586783391486175,0.017489314079284668,0.025744116454144983
Q8BEN1,4.583354949951172,10.436578750610352,0.5160239281627857,0.4103900492191314,0.6252000422538168,4.2594914,9.999246,0.5040908,0.3876231,0.6465104,IDP-ESM2-8M,67,278,0.32386350631713867,0.4373331069946289,0.01193314218256114,0.0227669477462768,0.02131037997595009
Q8J4J0,1.874367952346801,4.334868431091309,0.5233204875626745,0.4120818972587585,0.6069227126887281,1.8934879,4.676486,0.5757063,0.44705644,0.5291243,IDP-ESM2-8M,67,278,0.01911997795105047,0.3416175842285156,0.05238581555698496,0.03497454524040228,0.07779839313535286
Q8JKR9,3.4346065521240234,8.202266693115234,0.5944359084884867,0.4573423266410827,0.5712907413789529,3.1725261,7.5182257,0.54227656,0.44340882,0.6963545,IDP-ESM2-8M,67,278,0.26208043098449707,0.6840410232543945,0.05215934722826332,0.013933509588241522,0.12506376702101052
Q8JL45,3.293867588043213,7.5566020011901855,0.5763265914617945,0.4641462564468384,0.5888954201692995,3.3182716,8.033473,0.58063775,0.45835385,0.5686801,IDP-ESM2-8M,67,278,0.024404048919677734,0.4768710136413574,0.004311161548001596,0.005792409181594849,0.020215312575763145
Q8JLL5,2.6253550052642822,6.0808868408203125,0.4930976677980217,0.3778961300849914,0.6458749859072144,2.6826499,6.240866,0.5136887,0.4055731,0.6182938,IDP-ESM2-8M,67,278,0.05729484558105469,0.15997934341430664,0.02059101571180494,0.027676969766616877,0.027581164095538346
Q8JM67,3.080829381942749,7.588707447052002,0.6439657398258274,0.5098746418952942,0.5032146971064787,3.0173588,7.437345,0.643803,0.5030547,0.46450537,IDP-ESM2-8M,67,278,0.06347060203552246,0.15136241912841797,0.0001627393756931106,0.006819963455200195,0.038709322674868596
Q8JQG9,2.77852201461792,6.315378189086914,0.5064557000702163,0.3924426734447479,0.6590232844308764,3.0956647,7.2468834,0.53211176,0.4219217,0.6113323,IDP-ESM2-8M,67,278,0.3171427249908447,0.9315052032470703,0.025656063883946256,0.029479026794433594,0.047690987105742155
Q8JQR2,2.745342493057251,6.532309055328369,0.5213186490119641,0.4134487807750702,0.6122827817960521,3.005902,7.0174227,0.52138567,0.413575,0.6224967,IDP-ESM2-8M,67,278,0.2605595588684082,0.48511362075805664,6.702069628783391e-05,0.00012621283531188965,0.010213942332671033
Q8JQS3,2.799478769302368,6.425180435180664,0.507826959559027,0.3881712257862091,0.654184664835406,2.9925702,7.015942,0.5286618,0.4174144,0.6134869,IDP-ESM2-8M,67,278,0.19309139251708984,0.590761661529541,0.0208348279508912,0.029243171215057373,0.04069777881093095
Q8JRY1,2.3029046058654785,5.476492404937744,0.6037231907912506,0.5110253691673279,0.5349149072029419,2.3114069,5.7551203,0.62653047,0.4894693,0.4857312,IDP-ESM2-8M,67,278,0.00850224494934082,0.278627872467041,0.02280727767264712,0.021556079387664795,0.04918369291804503
Q8JXK6,1.6211036443710327,3.799259662628174,0.5475897480216784,0.4417068362236023,0.5569448254310326,1.5405302,3.6776545,0.548436,0.43414313,0.55001837,IDP-ESM2-8M,67,278,0.0805734395980835,0.12160515785217285,0.0008462380203443365,0.0075637102127075195,0.006926455279512855
Q8JYS1,2.691291093826294,6.497318267822266,0.5809050627640648,0.4661928117275238,0.5419705382814025,2.8259013,6.7868667,0.5703537,0.4545759,0.58022845,IDP-ESM2-8M,67,278,0.13461017608642578,0.289548397064209,0.010551375954525044,0.011616915464401245,0.03825790963272102
Q8LT64,2.1720545291900635,5.003452301025391,0.5197810037424136,0.4226855039596557,0.6212718414160598,2.1423912,5.0885277,0.53385067,0.41767988,0.5900283,IDP-ESM2-8M,67,278,0.0296633243560791,0.08507537841796875,0.014069666118426194,0.005005627870559637,0.031243555435835235
Q8QLE8,3.03128719329834,7.697125434875488,0.6563733045401704,0.5223445892333984,0.4774516322256737,3.1328237,7.7189884,0.64277077,0.5003624,0.46889007,IDP-ESM2-8M,67,278,0.10153651237487793,0.02186298370361328,0.013602537328256337,0.021982192993164062,0.008561561310451549
Q8QN60,2.4035606384277344,5.764294624328613,0.5317877220505423,0.4231294393539428,0.5827542014503235,2.462191,5.8254433,0.53198516,0.4204339,0.59599704,IDP-ESM2-8M,67,278,0.05863046646118164,0.061148643493652344,0.00019744163811741267,0.0026955306529998224,0.013242834053063923
Q8QNS2,1.9830255508422847,5.226910591125488,0.6277522959421727,0.4779042899608612,0.4952879251900067,2.2320056,5.5561733,0.6286142,0.4998019,0.50298864,IDP-ESM2-8M,67,278,0.24898004531860396,0.32926273345947266,0.0008618912984278415,0.021897614002227783,0.0077007113036761665
Q8QNS5,1.928346514701844,4.591409683227539,0.4953577109776396,0.3824181258678436,0.6360158296182683,1.9023924,4.5082264,0.52460635,0.4151464,0.5991787,IDP-ESM2-8M,67,278,0.02595412731170721,0.08318328857421875,0.029248636106405823,0.032728284597396906,0.036837157781415275
Q8QPP9,1.9653348922729488,4.815957546234131,0.571341518484492,0.4368967115879059,0.5433689153773111,1.9907839,4.7438517,0.55519336,0.441567,0.56232625,IDP-ESM2-8M,67,278,0.025449037551880327,0.07210588455200195,0.016148153864283254,0.004670292139053345,0.0189573370831686
Q8QPS6,2.001785516738892,5.02598762512207,0.587317028746391,0.4558817148208618,0.5267537297680378,2.0585063,4.976182,0.57384634,0.45367703,0.53994215,IDP-ESM2-8M,67,278,0.05672073364257768,0.049805641174316406,0.013470688566947664,0.002204686403274536,0.013188415579557411
Q8QPU8,1.9376126527786253,4.666355133056641,0.5494431667826379,0.435775876045227,0.5579220947044913,2.0392308,4.8795533,0.5584961,0.44286457,0.55819446,IDP-ESM2-8M,67,278,0.10161817073822044,0.21319818496704102,0.009052950809219973,0.0070886909961700995,0.00027236378015838003
Q8QRI8,3.1567444801330566,7.680585861206055,0.5420971636041438,0.4293708801269531,0.5680683245202264,3.4290662,8.112511,0.5401194,0.42457289,0.584722,IDP-ESM2-8M,67,278,0.2723217010498047,0.43192481994628906,0.0019777540429866125,0.004797995090484619,0.016653657958869084
Q8QRK4,3.1904497146606445,7.658655166625977,0.5368023516130134,0.4130543172359466,0.5899510916993069,3.359894,7.9608393,0.55166566,0.43273747,0.57677644,IDP-ESM2-8M,67,278,0.16944432258605957,0.3021841049194336,0.014863312106163873,0.01968315243721014,0.013174646787350142
Q8QUL3,1.714313507080078,4.050164222717285,0.5437760509909112,0.4329612255096435,0.5616761822115663,1.766295,4.2574167,0.55933267,0.43831536,0.5399655,IDP-ESM2-8M,67,278,0.05198144912719749,0.20725250244140625,0.01555661779036932,0.005354136228561457,0.021710671843219176
Q8QUU2,2.812160015106201,7.037248611450195,0.6467774547133153,0.522243857383728,0.5183826038053814,3.1973999,7.784505,0.61467946,0.49823985,0.6120284,IDP-ESM2-8M,67,278,0.385239839553833,0.7472562789916992,0.032097998956174156,0.0240040123462677,0.0936458161660847
Q8QUW5,2.4314229488372803,5.736767768859863,0.5457260816610429,0.4340470433235168,0.5613398143689516,2.646846,6.337758,0.55378807,0.4288541,0.55963403,IDP-ESM2-8M,67,278,0.2154231071472168,0.6009902954101562,0.008061984249296494,0.005192935466766302,0.001705784503686747
Q8QVQ9,2.661855459213257,6.006308555603027,0.5012465356530009,0.408208280801773,0.6223515071516433,2.8658946,6.7020807,0.51305735,0.3999431,0.60663944,IDP-ESM2-8M,67,278,0.2040390968322754,0.6957721710205078,0.011810815459364798,0.008265167474746649,0.015712062323609888
Q8QYT4,1.4109797477722168,3.2352609634399414,0.4884518190921773,0.4125504195690155,0.6147365343230246,1.564757,3.7491593,0.5421779,0.43212947,0.556932,IDP-ESM2-8M,67,278,0.15377724170684814,0.5138983726501465,0.05372609648094284,0.019579052925109863,0.05780456181936244
Q8QYT7,1.4401655197143557,3.488144874572754,0.5498358155654819,0.4431613087654114,0.5331681491171439,1.4478173,3.4214883,0.53649926,0.43087623,0.557217,IDP-ESM2-8M,67,278,0.007651805877685325,0.06665658950805664,0.013336553709402788,0.012285083532333374,0.024048852797834086
Q8UU17,2.2439939975738525,5.315147876739502,0.4875874130400375,0.3726096749305725,0.645707289575578,2.2178276,5.1864977,0.5276979,0.4189295,0.5926034,IDP-ESM2-8M,67,278,0.026166439056396484,0.12865018844604492,0.04011050775921787,0.046319812536239624,0.05310390412712218
Q8UZB3,3.3593904972076416,7.656904220581055,0.4751756863632303,0.3670142292976379,0.6957214711845601,3.9109256,9.205862,0.5214927,0.40211985,0.61406624,IDP-ESM2-8M,67,278,0.5515351295471191,1.5489578247070312,0.046317033287038234,0.03510561585426336,0.08165522801286818
Q8UZG8,2.982679843902588,5.231381416320801,0.2000000000001817,0.2448797672986984,1.6947284833575682,4.1901608,9.082553,0.37685722,0.333464,0.9589244,IDP-ESM2-8M,67,278,1.2074809074401855,3.8511714935302734,0.1768572211263747,0.08858422935009005,0.7358040706302122
Q8V337,3.721240758895874,8.707688331604004,0.5671943862333709,0.4620004296302795,0.5767438345351695,3.5708961,8.486679,0.5514884,0.4318346,0.57443047,IDP-ESM2-8M,67,278,0.1503446102142334,0.2210092544555664,0.015705986727755694,0.030165821313857977,0.002313368836927343
Q8V339,3.812500953674317,8.968060493469238,0.5865630963580064,0.4744903147220611,0.545563395944751,3.5818546,8.550506,0.56422335,0.43943986,0.5545071,IDP-ESM2-8M,67,278,0.2306463718414311,0.4175548553466797,0.02233974726361554,0.035050451755523626,0.008943680795513886
Q8V364,3.968456506729126,9.212738990783691,0.6162000718758861,0.5002020001411438,0.5207925103430048,3.7252765,8.949121,0.58496004,0.45470226,0.531862,IDP-ESM2-8M,67,278,0.2431800365447998,0.26361751556396484,0.031240028445557733,0.04549974203109741,0.011069510149548933
Q8V367,3.814874649047852,8.887572288513184,0.5805846920774209,0.466538518667221,0.5621000229031125,3.8205566,9.171346,0.588836,0.4589258,0.5278508,IDP-ESM2-8M,67,278,0.005681991577147993,0.28377342224121094,0.008251322193361554,0.007612705230712835,0.0342492161900082
Q8V371,3.925068855285645,9.233461380004885,0.5956081253985852,0.4743430614471435,0.5424398695957324,3.831431,9.189018,0.5888648,0.45733613,0.5230253,IDP-ESM2-8M,67,278,0.09363794326782271,0.04444313049316584,0.006743322084376224,0.017006933689117376,0.01941459531899903
Q8V5H6,2.665778875350952,6.219506740570068,0.5472830371553624,0.4458613991737366,0.5830924219007169,2.492867,5.905031,0.5412241,0.423968,0.58224195,IDP-ESM2-8M,67,278,0.1729118824005127,0.31447553634643555,0.006058915107938101,0.021893411874771118,0.000850469481435856
Q8V5I4,2.711183547973633,6.411514759063721,0.5489814781249392,0.434239387512207,0.5746709395469146,2.593313,6.1391506,0.5291929,0.4128887,0.6066987,IDP-ESM2-8M,67,278,0.11787056922912598,0.27236413955688477,0.01978855362542753,0.021350681781768743,0.03202775229802557
Q8V636,2.650491237640381,6.117858409881592,0.5202099857799084,0.4136419594287872,0.6109921090654375,2.6730137,6.132709,0.48532706,0.3956678,0.71001846,IDP-ESM2-8M,67,278,0.022522449493408203,0.014850616455078125,0.03488292078891109,0.017974168062210027,0.0990263469167707
Q8V650,1.6869524717330933,4.0475006103515625,0.5488975353695327,0.4230318367481231,0.5446767914879553,1.5274491,3.695878,0.5597927,0.44533607,0.5436809,IDP-ESM2-8M,67,278,0.15950334072113037,0.3516225814819336,0.010895162060124308,0.022304236888885554,0.000995885192178969
Q8V652,1.7427548170089722,4.225039482116699,0.537294068773349,0.4297369122505188,0.5816184666361931,1.7400907,4.142949,0.543857,0.43141162,0.5700463,IDP-ESM2-8M,67,278,0.0026640892028808594,0.08209037780761719,0.006562909643093917,0.0016747117042541504,0.011572160979759993
Q8V654,1.762346625328064,4.354401588439941,0.590183175435276,0.4664421081542969,0.5050740593959874,1.6210413,3.9003732,0.5546048,0.44143882,0.5532291,IDP-ESM2-8M,67,278,0.1413053274154663,0.4540283679962158,0.03557834707757945,0.025003284215927124,0.04815503415564837
Q8V660,1.742783784866333,4.119569301605225,0.5377893245206269,0.422678679227829,0.581651920682356,1.8133242,4.318518,0.54330444,0.4318233,0.5746156,IDP-ESM2-8M,67,278,0.0705404281616211,0.19894886016845703,0.005515118838748112,0.009144634008407593,0.007036322957441499
Q8V6V1,1.949802279472351,4.525241851806641,0.559491184281244,0.4592229425907135,0.5800471129310022,1.773165,4.003497,0.5101095,0.42996445,0.671666,IDP-ESM2-8M,67,278,0.17663729190826416,0.5217447280883789,0.049381700085534774,0.02925848960876465,0.09161891318441528
Q8W6W3,3.292443037033081,8.117854118347168,0.6011104910555237,0.4563746750354767,0.5615585487747086,3.299765,7.990568,0.58983725,0.45450923,0.5608308,IDP-ESM2-8M,67,278,0.007322072982788086,0.12728595733642578,0.011273237961804239,0.0018654465675354004,0.0007277768516433802
Q8W6Y8,2.8014581203460693,6.529656887054443,0.5467401052855531,0.4213325977325439,0.5745660102154404,2.7280385,6.49812,0.5435472,0.420036,0.5693773,IDP-ESM2-8M,67,278,0.07341957092285156,0.03153705596923828,0.0031928922080078914,0.0012966096401214044,0.0051887070919662825
Q90060,1.8325934410095213,4.432022571563721,0.5866172328403094,0.4569278359413147,0.5252906818880851,1.8871483,4.5240793,0.5747016,0.46067718,0.5282082,IDP-ESM2-8M,67,278,0.0545548200607302,0.0920567512512207,0.011915625612983982,0.003749340772628784,0.0029175142750923477
Q902W3,1.447216510772705,3.291898727416992,0.4548428483176714,0.40003302693367,0.6778028866633155,1.48001,3.3498201,0.4945651,0.4091035,0.6456396,IDP-ESM2-8M,67,278,0.032793521881103516,0.057921409606933594,0.03972225116009653,0.009070485830307062,0.03216328829371706
Q90CH1,2.512590408325196,5.990075588226318,0.5052123874650672,0.405522882938385,0.6323080146671678,2.5569618,5.9977503,0.5327078,0.425817,0.6095552,IDP-ESM2-8M,67,278,0.044371366500853604,0.007674694061279297,0.027495422936849256,0.020294129848480225,0.02275282982601179
Q90QE2,2.328920364379883,5.622971057891846,0.5083696213166894,0.3775186836719513,0.6120770253406855,2.3681772,5.5268054,0.5219161,0.41426983,0.608999,IDP-ESM2-8M,67,278,0.03925681114196777,0.09616565704345703,0.013546470125418764,0.0367511510848999,0.003078011439928696
Q90QF6,2.4444386959075928,5.538819789886475,0.5079361558514415,0.3990944027900696,0.6437412026045226,2.3986347,5.6018753,0.5234624,0.4165612,0.6014671,IDP-ESM2-8M,67,278,0.04580402374267578,0.06305551528930664,0.01552625889007464,0.01746678352355957,0.04227412964080801
Q90SM4,1.711442232131958,4.004370212554932,0.5268256109448133,0.4313333034515381,0.5886363100628046,1.8229918,4.3027587,0.5388218,0.43226087,0.5728613,IDP-ESM2-8M,67,278,0.11154961585998535,0.2983884811401367,0.01199620549958369,0.0009275674819946289,0.015774996242919337
Q90VH2,2.5316312313079834,5.529348373413086,0.462269783016232,0.3692858517169952,0.7219761535985514,2.8207207,6.572872,0.51976347,0.41142902,0.6212054,IDP-ESM2-8M,67,278,0.2890894412994385,1.0435237884521484,0.057493686679812916,0.04214316606521612,0.10077076409888708
Q912E2,2.358527183532715,5.513632297515869,0.521836279660642,0.397655576467514,0.5835132862187077,2.4628406,5.7889986,0.5210529,0.40255564,0.59471214,IDP-ESM2-8M,67,278,0.10431337356567383,0.27536630630493164,0.0007833826841711078,0.004900068044662531,0.011198851957256672
Q912E3,2.624267578125,5.974280834197998,0.4905695481041757,0.398916095495224,0.6305076813851749,2.7458265,6.341568,0.4921328,0.38406128,0.64959455,IDP-ESM2-8M,67,278,0.12155890464782715,0.36728715896606445,0.001563264634242889,0.01485481858253479,0.019086863979205004
Q912E6,2.3736684322357178,5.464625358581543,0.4919331006176318,0.375508040189743,0.6358408593876905,2.538478,5.9306436,0.50871176,0.3940259,0.6154083,IDP-ESM2-8M,67,278,0.1648094654083252,0.4660181999206543,0.016778654658094527,0.018517851829528864,0.020432558034235937
Q914M9,1.501566767692566,3.596609115600586,0.5669527540941869,0.4475937783718109,0.5425485630440285,1.5757642,3.8495495,0.58006966,0.46787953,0.536358,IDP-ESM2-8M,67,278,0.07419741153717041,0.25294041633605957,0.01311690704625501,0.020285755395889282,0.0061905641960671165
Q917U3,2.6011056900024414,6.125728607177734,0.465905389856962,0.3711982071399688,0.6947535144704717,2.781161,6.278375,0.46648672,0.37653312,0.7180158,IDP-ESM2-8M,67,278,0.1800553798675537,0.15264654159545898,0.0005813323739492504,0.005334913730621393,0.023262275515185005
Q919P6,2.840925931930542,7.079200267791748,0.6566791718885439,0.5193538665771484,0.4969404133091558,3.051387,7.7072434,0.68049604,0.54396284,0.47537756,IDP-ESM2-8M,67,278,0.21046113967895508,0.6280431747436523,0.023816865117834318,0.024608969688415527,0.021562853647290547
Q91BD7,2.977334499359131,7.213064670562744,0.5989931237749452,0.4810509085655212,0.5389739975209769,2.8740306,6.8915462,0.58525926,0.45755118,0.5270799,IDP-ESM2-8M,67,278,0.10330390930175781,0.3215184211730957,0.01373386502784435,0.023499727249145452,0.01189411728339751
Q91DT1,1.490201711654663,3.4774718284606934,0.5528427586351523,0.453871876001358,0.548357874727816,1.5489848,3.6947672,0.55314165,0.4459942,0.55179447,IDP-ESM2-8M,67,278,0.05878305435180664,0.21729540824890137,0.00029889490259793483,0.007877677679061834,0.0034365946287208127
Q91EW9,2.140745162963867,5.088291168212891,0.5816182846042962,0.4889532327651977,0.5646025923294935,2.2887106,5.75357,0.63887024,0.49988472,0.47213355,IDP-ESM2-8M,67,278,0.1479654312133789,0.6652789115905762,0.05725195465351629,0.010931491851806696,0.09246904526185129
Q91EY8,2.3527700901031494,5.24808406829834,0.4530141588348895,0.3794625997543335,0.6982397388292562,2.29392,5.1619325,0.474312,0.37653974,0.69708383,IDP-ESM2-8M,67,278,0.05885004997253418,0.0861515998840332,0.021297848592326085,0.0029228627681732178,0.0011559079958211038
Q91FZ1,1.954678058624268,4.704527378082275,0.5546169390913245,0.4487155973911285,0.5605939218364193,1.9184296,4.628079,0.5603841,0.43828842,0.5496985,IDP-ESM2-8M,67,278,0.0362484455108647,0.07644844055175781,0.005767155623793929,0.010427176952362005,0.010895449813409064
Q91HB7,1.4309669733047483,3.486081123352051,0.5770872172574768,0.4443450272083282,0.513595058601443,1.4977319,3.5705245,0.554884,0.44522014,0.5477669,IDP-ESM2-8M,67,278,0.06676495075225852,0.08444333076477051,0.02220320074365234,0.0008751153945923407,0.03417186530297589
Q91HB9,1.4794366359710691,3.629405498504639,0.5754257320341591,0.4516141414642334,0.5333468495669424,1.4883546,3.6297545,0.58058953,0.4653193,0.529198,IDP-ESM2-8M,67,278,0.008917927742004617,0.0003490447998042434,0.0051638008180137085,0.013705164194107056,0.004148858672624822
Q91HC5,1.4298086166381836,3.4009549617767334,0.5587078702608097,0.4357098340988159,0.5384386826589663,1.5040592,3.564683,0.55124176,0.44435078,0.55233747,IDP-ESM2-8M,67,278,0.07425057888031006,0.1637279987335205,0.0074661147752750345,0.008640944957733154,0.013898785011474346
Q91HC6,1.4273672103881836,3.4857094287872314,0.5709593800259029,0.4571225643157959,0.519751878323428,1.5368106,3.6440103,0.55402565,0.4464818,0.5533339,IDP-ESM2-8M,67,278,0.10944342613220215,0.15830087661743164,0.01693373000148879,0.010640770196914673,0.03358200019372293
Q91HD2,1.4018763303756714,3.3643605709075928,0.5455821665542883,0.4297882914543152,0.5448603347392248,1.4866918,3.5074017,0.5408275,0.43363598,0.5622466,IDP-ESM2-8M,67,278,0.08481550216674805,0.14304113388061523,0.004754653813199394,0.0038476884365081787,0.01738628591583502
Q91IB8,1.8807306289672847,4.399371147155762,0.5176646912887355,0.4039241075515747,0.5854888822863704,1.8512168,4.4101653,0.5436848,0.42700335,0.55108976,IDP-ESM2-8M,67,278,0.029513835906981978,0.01079416275024414,0.026020089308951277,0.023079246282577515,0.034399118645012994
Q91IC2,1.899337887763977,4.423069000244141,0.5014840221048616,0.3913325071334839,0.5913382795268085,1.9322093,4.542501,0.52827543,0.41622806,0.5697077,IDP-ESM2-8M,67,278,0.032871365547180176,0.11943197250366211,0.026791408097622482,0.024895548820495605,0.021630587857344397
Q91IC3,1.82411539554596,4.393439769744873,0.5450424901435311,0.4246112406253814,0.5384089996490206,1.8244541,4.3398504,0.54071593,0.42582542,0.5524897,IDP-ESM2-8M,67,278,0.00033867359161332544,0.0535893440246582,0.004326557297461786,0.0012141764163971502,0.014080698284176463
Q91J04,1.4278308153152466,3.197216272354126,0.485413155941182,0.4061138033866882,0.617265000510479,1.5297314,3.5432224,0.5243693,0.4252041,0.58930385,IDP-ESM2-8M,67,278,0.10190057754516602,0.3460061550140381,0.038956143470591675,0.019090294837951716,0.027961149382854433
Q91J05,1.5015236139297483,3.603487491607666,0.5547891347693521,0.4338016211986542,0.5395780584990785,1.4376645,3.4006996,0.5445072,0.43798086,0.5558418,IDP-ESM2-8M,67,278,0.06385910511016823,0.2027878761291504,0.010281929283054492,0.004179239273071289,0.016263745051641743
Q91J06,1.5210174322128296,3.618021011352539,0.5475730487167483,0.4529653787612915,0.5568446757640754,1.4649394,3.423398,0.5358644,0.43323842,0.5754686,IDP-ESM2-8M,67,278,0.05607807636260986,0.19462299346923828,0.011708635932171862,0.019726961851119995,0.018623924032219796
Q91J12,1.4696661233901978,3.464779853820801,0.5293127842096452,0.4325999021530151,0.5639957495919604,1.4133599,3.3365397,0.5398656,0.43412814,0.56245506,IDP-ESM2-8M,67,278,0.05630624294281006,0.12824010848999023,0.010552828774058387,0.0015282332897186834,0.0015406914941210603
Q91J15,1.4997373819351196,3.502169847488404,0.5356706456246473,0.428698718547821,0.5680148938528266,1.4418186,3.4066827,0.5485369,0.44379625,0.55657685,IDP-ESM2-8M,67,278,0.05791878700256348,0.09548711776733487,0.012866251080980162,0.015097528696060236,0.01143804582273622
Q91KJ0,2.4759409427642822,5.528730392456055,0.4858389930048888,0.396820068359375,0.6632633124169653,2.6245675,6.0863743,0.49338564,0.39089704,0.64800745,IDP-ESM2-8M,67,278,0.14862656593322754,0.5576438903808594,0.007546649762063706,0.005923032760620117,0.015255859929019788
Q91N87,2.1258437633514404,4.956357479095459,0.5396702300057187,0.4313276410102844,0.5824420296768451,2.066049,4.9283547,0.5428882,0.42971128,0.578352,IDP-ESM2-8M,67,278,0.05979466438293457,0.02800273895263672,0.003217994119189771,0.001616358757019043,0.00409005518954042
Q91PE4,1.4842596054077148,3.524902582168579,0.524894300899303,0.4194786846637726,0.5781094931273242,1.3690052,3.3214288,0.55626124,0.44315302,0.54132736,IDP-ESM2-8M,67,278,0.11525440216064453,0.20347380638122559,0.03136694053670164,0.023674339056015015,0.03678213583514889
Q91PF9,1.6877179145812988,4.011973857879639,0.5321082144627154,0.4202072918415069,0.564534806227961,1.7487285,4.226882,0.5468713,0.4275012,0.5564943,IDP-ESM2-8M,67,278,0.06101059913635254,0.21490812301635742,0.014763090049308536,0.007293909788131769,0.008040510630884623
Q91PG3,1.6642751693725586,3.9831597805023193,0.5142629607324231,0.3992822766304016,0.5855933354597936,1.6446664,3.9442332,0.5460194,0.43217218,0.55048525,IDP-ESM2-8M,67,278,0.019608736038208008,0.03892660140991211,0.03175641459182621,0.03288990259170532,0.03510808212574823
Q91PI7,1.5999244451522827,3.715418815612793,0.4931489108426952,0.3909585475921631,0.6233898261203673,1.6592826,4.00609,0.545582,0.42923918,0.56004465,IDP-ESM2-8M,67,278,0.05935811996459961,0.29067134857177734,0.052433085598192264,0.038280636072158813,0.06334517985724475
Q91QS1,2.108952760696411,4.785914897918701,0.4944399608724077,0.3860179483890533,0.6144723458591524,1.8873028,4.205785,0.46456873,0.37864655,0.69544816,IDP-ESM2-8M,67,278,0.22165000438690186,0.5801301002502441,0.029871226703401366,0.007371395826339666,0.08097581431235634
Q91QS3,2.2070586681365967,5.3651204109191895,0.5329603334208921,0.4076468646526336,0.5567486560069808,2.0988257,4.8471923,0.5033878,0.40145305,0.6317542,IDP-ESM2-8M,67,278,0.10823297500610352,0.5179281234741211,0.029572524621148455,0.006193816661834661,0.07500556352503218
Q91QU6,2.149642944335937,4.979980945587158,0.523670112047196,0.4154392182826996,0.5778182549763867,1.9468832,4.374578,0.475945,0.38491997,0.6849637,IDP-ESM2-8M,67,278,0.20275974273681596,0.605402946472168,0.04772511616706909,0.03051924705505371,0.10714544817913085
Q91QZ4,2.0269596576690674,4.705663681030273,0.4745832677230563,0.3725432455539703,0.6397540398869745,1.9083376,4.3182936,0.47364205,0.38087434,0.6709251,IDP-ESM2-8M,67,278,0.1186220645904541,0.38737010955810547,0.0009412165031161268,0.008331090211868342,0.031171040889240054
Q91QZ5,2.050182580947876,4.927171230316162,0.5098936570594065,0.3954658806324005,0.5804837659635215,1.9210856,4.528777,0.51584905,0.4008606,0.5880725,IDP-ESM2-8M,67,278,0.12909698486328125,0.3983941078186035,0.0059553968003042135,0.005394726991653442,0.007588712807688247
Q91R07,2.1950836181640625,5.130979061126709,0.5214095618795357,0.414153128862381,0.6196555492616692,2.2346852,5.1793737,0.5186443,0.4180547,0.637605,IDP-ESM2-8M,67,278,0.03960156440734863,0.04839468002319336,0.002765288598438276,0.003901571035385132,0.01794946220149607
Q91S26,6.816437721252441,16.048179626464844,0.6154423418658873,0.4864402711391449,0.6153166768618439,5.3848605,12.927378,0.58917534,0.4706987,0.6639476,IDP-ESM2-8M,67,278,1.431577205657959,3.1208019256591797,0.02626699835239854,0.015741556882858276,0.048630905383029166
Q91TH0,2.005590438842773,4.666938304901123,0.5151546753728043,0.4005824327468872,0.5991551163705093,2.127021,5.004908,0.5217894,0.40989906,0.59531116,IDP-ESM2-8M,67,278,0.12143063545227095,0.3379697799682617,0.0066346965945113245,0.009316623210906982,0.0038439515145523018
Q91TH1,2.0764501094818115,4.754005432128906,0.5153897557866625,0.4023963809013366,0.5884404107933588,2.2024868,5.200666,0.53150207,0.41670448,0.572709,IDP-ESM2-8M,67,278,0.1260366439819336,0.44666051864624023,0.016112312256092665,0.014308094978332575,0.015731386840874717
Q91TK2,3.225302696228028,7.671135425567627,0.5670693513192747,0.4454530477523803,0.5632235868462772,3.4332495,8.250539,0.5812818,0.45534945,0.53330195,IDP-ESM2-8M,67,278,0.20794677734374956,0.5794034004211426,0.014212429877319521,0.009896397590637263,0.02992163734523956
Q91TN0,2.3844919204711914,5.725210189819336,0.5250197086191121,0.4029875993728637,0.5795765270797134,2.6177561,6.145198,0.5169635,0.4048492,0.60329485,IDP-ESM2-8M,67,278,0.23326420783996582,0.41998767852783203,0.008056226716035897,0.0018616020679474432,0.023718322316038543
Q91TN2,3.606498718261719,8.519588470458984,0.493388595066996,0.3779464960098266,0.6568868413345507,3.691782,8.752326,0.52713615,0.41017,0.62677646,IDP-ESM2-8M,67,278,0.08528327941894487,0.23273754119873047,0.03374755195525131,0.03222349286079412,0.030110384501664922
Q94MN5,2.1914186477661133,5.511419296264648,0.583197597812788,0.4615620672702789,0.5268057333709539,2.1566947,5.2092333,0.57450813,0.45803845,0.5397599,IDP-ESM2-8M,67,278,0.03472399711608887,0.3021860122680664,0.008689467262403494,0.0035236179828643244,0.012954140972918138
Q96677,2.115176200866699,4.915756702423096,0.4957391182855236,0.3899624645709991,0.6270495840134734,2.1466072,4.7380095,0.45631054,0.38361633,0.7261261,IDP-ESM2-8M,67,278,0.031430959701538086,0.17774724960327148,0.03942857784782522,0.006346136331558172,0.09907649077748115
Q96799,1.5411829948425293,3.655155658721924,0.5291358534249927,0.4387304782867431,0.5835127353096431,1.5579205,3.7375793,0.55403894,0.43987006,0.5557343,IDP-ESM2-8M,67,278,0.01673746109008789,0.08242368698120117,0.024903088435206278,0.0011395812034607489,0.027778458538097683
Q98001,2.586568593978882,5.940981388092041,0.5297970226930061,0.4404025375843048,0.6010615774150959,2.5927331,6.085804,0.53073305,0.42400596,0.60833174,IDP-ESM2-8M,67,278,0.00616455078125,0.1448225975036621,0.0009360262228569338,0.01639658212661743,0.007270162487400422
Q98476,2.6765289306640625,6.429562568664551,0.4781508620158842,0.3589927554130554,0.6519181725024004,2.9913604,6.9985504,0.50780225,0.40270746,0.6336727,IDP-ESM2-8M,67,278,0.3148314952850342,0.5689878463745117,0.02965138598521444,0.043714702129364014,0.018245458269001924
Q98487,2.380972385406494,5.93532657623291,0.5876804231188356,0.4545639455318451,0.5324803494741346,2.4273124,5.871142,0.58319974,0.46000984,0.55636805,IDP-ESM2-8M,67,278,0.046339988708496094,0.06418466567993164,0.0044806836626588575,0.005445897579193115,0.023887703485307554
Q991N9,1.6054048538208008,3.744776964187622,0.5117262683661838,0.4165031909942627,0.5912469374059711,1.4285586,3.415993,0.5550428,0.4440975,0.5398218,IDP-ESM2-8M,67,278,0.17684626579284668,0.3287839889526367,0.04331653492132226,0.027594298124313354,0.05142513383617742
Q991P5,1.4142065048217771,3.285865545272827,0.508214910264853,0.4204912483692169,0.6054629064953053,1.2378893,2.9882832,0.57302636,0.4671043,0.5306126,IDP-ESM2-8M,67,278,0.1763172149658201,0.29758238792419434,0.06481144881641532,0.04661303758621216,0.07485031856653335
Q991P6,1.404189109802246,3.391371488571167,0.5284572497603635,0.4216712117195129,0.5703659106406993,1.3172834,3.160167,0.56752527,0.46572208,0.5425067,IDP-ESM2-8M,67,278,0.08690571784973145,0.23120450973510742,0.03906801784064973,0.04405087232589727,0.02785921584699813
Q991P7,1.402359127998352,3.252006769180298,0.4978307467842849,0.4261381924152374,0.6162557170102788,1.2854877,3.1084423,0.5734114,0.46916807,0.53546906,IDP-ESM2-8M,67,278,0.11687147617340088,0.14356446266174316,0.07558065830223243,0.04302987456321716,0.08078666183449756
Q993H4,3.1366231441497803,6.201716899871826,0.3299039595277707,0.3185545206069946,1.0924926430754165,3.5365794,7.7332945,0.39379758,0.3398581,0.88527393,IDP-ESM2-8M,67,278,0.39995622634887695,1.5315775871276855,0.06389361689968903,0.021303594112396296,0.20721870966477196
Q993Q8,2.069531440734864,5.047287464141846,0.5755492277923804,0.4575447738170624,0.538532572294481,1.9498303,4.6122274,0.53901935,0.43014693,0.58032906,IDP-ESM2-8M,67,278,0.11970114707946866,0.4350600242614746,0.03652988155519776,0.027397841215133667,0.04179648826002336
Q994F3,2.219534158706665,5.337138652801514,0.5133368639272768,0.4091295003890991,0.611348247997497,2.2424607,5.0678844,0.47135603,0.38639694,0.7013061,IDP-ESM2-8M,67,278,0.02292656898498535,0.269254207611084,0.041980829648407214,0.022732555866241455,0.0899578566625372
Q99CW6,3.989720106124878,9.661019325256348,0.5538531401800437,0.415954977273941,0.5724800548171242,3.6947365,8.627312,0.52407616,0.41147816,0.63136417,IDP-ESM2-8M,67,278,0.2949836254119873,1.033707618713379,0.029776976411275413,0.004476815462112371,0.05888411191947862
Q9DSX3,2.1036765575408936,4.704140186309815,0.4311017166862347,0.3707163631916046,0.7286612054060566,2.206027,4.9569545,0.4498195,0.36798787,0.71057165,IDP-ESM2-8M,67,278,0.10235047340393066,0.25281429290771396,0.018717788528456458,0.002728492021560669,0.01808955871568796
Q9DUB6,3.245934247970581,7.278485298156738,0.4805168231725789,0.4020827114582062,0.6681653969050395,3.2450707,7.4599886,0.47780997,0.3873331,0.6841233,IDP-ESM2-8M,67,278,0.0008635520935058594,0.1815032958984375,0.002706857562074727,0.014749616384506226,0.01595788075914506
Q9DUC0,3.1336822509765625,6.720455169677734,0.3982664260395439,0.3332771956920624,0.881654317500952,3.6960459,8.385271,0.45583183,0.38431713,0.7715178,IDP-ESM2-8M,67,278,0.5623636245727539,1.664815902709961,0.05756539969364094,0.051039934158325195,0.11013650429523303
Q9DUC3,2.6080071926116943,5.599854946136475,0.5010537643974005,0.4389950931072235,0.6576291769911529,2.5052989,5.82501,0.5231243,0.43010697,0.6643846,IDP-ESM2-8M,67,278,0.10270833969116211,0.22515487670898438,0.022070513194304864,0.0088881254196167,0.006755426509213347
Q9DUC6,2.615426540374756,6.174342155456543,0.5170310035718219,0.4226961135864258,0.6206291449489149,2.3866262,5.260893,0.45322075,0.38639754,0.7707978,IDP-ESM2-8M,67,278,0.22880029678344727,0.9134492874145508,0.06381024870999019,0.03629857301712036,0.15016864414791742
Q9DVW6,2.526439428329468,6.268594741821289,0.6388052123277339,0.5193175673484802,0.5144878600334954,2.882374,7.2137733,0.6627523,0.5197705,0.48497212,IDP-ESM2-8M,67,278,0.355934619903564,0.9451785087585449,0.023947058370813457,0.00045293569564819336,0.029515740702135584
Q9DW22,3.653111696243286,8.138067245483398,0.4206820814155605,0.3258551955223083,0.8166276371112696,3.808074,8.69869,0.45237982,0.36879262,0.7410389,IDP-ESM2-8M,67,278,0.15496230125427246,0.5606231689453125,0.03169774131545755,0.04293742775917059,0.0755887186160914
Q9DW68,1.6011124849319458,3.965951442718506,0.582463279763659,0.463755339384079,0.5245896433006679,1.7259957,4.2169695,0.5765313,0.451515,0.5195892,IDP-ESM2-8M,67,278,0.12488317489624023,0.25101804733276367,0.005931988755663364,0.012240350246429443,0.00500045758594625
Q9DWD6,4.629940986633301,10.524277687072754,0.4967767337039573,0.3865310251712799,0.6477282500245765,4.468971,10.378592,0.4960861,0.38778695,0.6540505,IDP-ESM2-8M,67,278,0.16097021102905273,0.14568614959716797,0.0006906429008109449,0.0012559294700622559,0.006322278978566853
Q9DWG9,4.544446468353272,10.499134063720703,0.4718119746667017,0.3710501492023468,0.7605146255358993,4.7571087,11.263676,0.54534525,0.43033406,0.60264516,IDP-ESM2-8M,67,278,0.21266222000121981,0.7645416259765625,0.07353327212513788,0.05928391218185425,0.15786946676819913
Q9DWH1,3.553987741470337,8.22957992553711,0.5329433265970519,0.4227588772773742,0.619217079349584,3.8900352,9.195736,0.5500115,0.43683317,0.6126234,IDP-ESM2-8M,67,278,0.3360474109649658,0.966156005859375,0.017068189020318703,0.014074295759201105,0.006593685813970018
Q9DWH9,3.616208553314209,8.012261390686035,0.3705011079466353,0.305389404296875,1.0084032894715935,3.957425,9.061673,0.4456631,0.36491254,0.76795185,IDP-ESM2-8M,67,278,0.3412165641784668,1.0494117736816406,0.07516198657393353,0.05952313542366028,0.24045144334885182
Q9DYK3,2.1807291507720947,4.970689296722412,0.4915940071886682,0.3878690600395202,0.6464857385442991,2.3005922,5.347486,0.51616085,0.41239956,0.6163347,IDP-ESM2-8M,67,278,0.11986303329467773,0.3767967224121094,0.02456683856786257,0.02453050017356878,0.030151061801745427
Q9DYK6,2.193166971206665,4.934322357177734,0.4946416023187828,0.401964783668518,0.6386610648488869,2.2847836,5.333284,0.51974607,0.4147292,0.61295104,IDP-ESM2-8M,67,278,0.09161663055419922,0.39896154403686523,0.025104462820987716,0.012764424085617121,0.025710024580942514
Q9DYY2,2.256243944168091,5.207077503204346,0.4696994546072779,0.3709967136383056,0.6852911583066494,2.3474367,5.447593,0.5109018,0.40711486,0.6245681,IDP-ESM2-8M,67,278,0.09119272232055664,0.24051570892333984,0.041202354131430585,0.03611814975738531,0.06072305356269192
Q9DZ98,1.616113543510437,4.089858531951904,0.5796712401303513,0.4628013372421264,0.5431717146337608,1.6443778,3.9622505,0.56638926,0.45476052,0.5664165,IDP-ESM2-8M,67,278,0.028264284133911133,0.127608060836792,0.013281977454112304,0.008040815591812078,0.023244787365140573
Q9G051,1.833681464195252,4.493597507476807,0.6038211648316565,0.4750145077705383,0.5309793647070902,1.754786,4.3086467,0.5954877,0.47338712,0.54127055,IDP-ESM2-8M,67,278,0.07889544963836714,0.1849508285522461,0.008333451017874749,0.0016273856163024347,0.010291189358614172
Q9G054,2.181901931762696,5.299741744995117,0.6001258077596843,0.467110276222229,0.5333977386575665,2.1711922,5.458803,0.6293377,0.50023764,0.50941813,IDP-ESM2-8M,67,278,0.010709762573243076,0.15906143188476562,0.02921192026384478,0.03312736749649048,0.023979608736606983
Q9HBF8,2.264566421508789,5.07148027420044,0.5120851674979253,0.4223302602767944,0.6373283360079354,2.280762,5.362697,0.53088343,0.42315972,0.5972673,IDP-ESM2-8M,67,278,0.01619553565979004,0.29121685028076083,0.018798263936706028,0.0008294582366943914,0.040061006315094794
Q9IF13,2.262802124023437,5.0660481452941895,0.4793020472702015,0.3902946412563324,0.6655150225205253,2.3821769,5.543284,0.51584786,0.40996915,0.6188816,IDP-ESM2-8M,67,278,0.11937475204467818,0.4772357940673828,0.036545814496613704,0.01967450976371765,0.04663343930671915
Q9IF25,2.254697561264038,5.323593616485596,0.5199091041546157,0.4151841104030609,0.6036367498628604,2.2719047,5.2819567,0.5151359,0.41152653,0.61564904,IDP-ESM2-8M,67,278,0.01720714569091797,0.04163694381713867,0.00477321986964252,0.0036575794219970703,0.01201229465084197
Q9IGT7,3.5380845069885254,8.011676788330078,0.5005317573395284,0.3813453912734985,0.6498430352770856,3.6666117,8.639153,0.5254317,0.41027066,0.61146176,IDP-ESM2-8M,67,278,0.12852716445922852,0.6274757385253906,0.024899935260721873,0.028925269842147883,0.03838127666349922
Q9IMR4,2.0153229236602783,4.610864639282227,0.5371550002311029,0.4489640295505523,0.5895972230505343,1.9335463,4.6268687,0.55601156,0.44380507,0.570583,IDP-ESM2-8M,67,278,0.08177661895751953,0.016004085540771484,0.018856557347937675,0.005158960819244329,0.01901423717254358
Q9IMY1,1.4453210830688477,3.486630916595459,0.5590962442120135,0.440591961145401,0.5327863147347116,1.4838345,3.4956372,0.5366198,0.43179703,0.5725413,IDP-ESM2-8M,67,278,0.0385134220123291,0.009006261825561523,0.022476461764198596,0.008794933557510376,0.039754981747374574
Q9INB5,1.582047939300537,3.801606416702272,0.5482937667736586,0.4394698739051819,0.569563630751401,1.5035602,3.5873897,0.54563683,0.4343126,0.56448543,IDP-ESM2-8M,67,278,0.07848775386810303,0.21421670913696422,0.002656934059577787,0.005157262086868286,0.005078200033932778
Q9IUC3,3.2503368854522705,7.261940956115723,0.4996196297523541,0.3992744088172912,0.7008114813127146,3.173934,7.4665427,0.51981974,0.40973818,0.64395505,IDP-ESM2-8M,67,278,0.07640290260314941,0.20460176467895508,0.020200106728358813,0.010463774204254206,0.05685642941375835
Q9IUD3,3.065659523010254,6.964694976806641,0.4533316601152994,0.3542799353599548,0.788541767466009,2.9417243,6.8138027,0.49458623,0.39663258,0.69734544,IDP-ESM2-8M,67,278,0.12393522262573242,0.1508922576904297,0.041254569209041414,0.04235264658927923,0.09119633184665477
Q9IWB2,2.5686028003692627,6.046530723571777,0.4972082223842847,0.3911418616771698,0.6281171000135656,2.4596167,5.716395,0.5040407,0.39801744,0.62782586,IDP-ESM2-8M,67,278,0.10898613929748535,0.3301358222961426,0.006832495694328589,0.006875574588775635,0.00029124380476430733
Q9J050,2.471503257751465,5.735693454742432,0.4973765235893549,0.3916654288768768,0.629746641343884,2.562914,5.958807,0.5090468,0.4038211,0.6180831,IDP-ESM2-8M,67,278,0.09141063690185547,0.2231135368347168,0.011670269394653876,0.012155681848526056,0.011663521951489009
Q9J1C9,1.9908874034881592,4.783167839050293,0.5601336499273625,0.4522044062614441,0.5692078692096479,2.1505349,5.1752768,0.5644908,0.44365388,0.5542772,IDP-ESM2-8M,67,278,0.15964746475219727,0.3921089172363281,0.004357145208135571,0.008550524711608887,0.014930687584281732
Q9J2I4,2.5893707275390625,6.184803485870361,0.563873991849523,0.4413600564002991,0.558473307971695,2.6010778,6.2041864,0.5514419,0.43317422,0.5792774,IDP-ESM2-8M,67,278,0.011707067489624023,0.019382953643798828,0.012432083966832597,0.00818583369255066,0.02080408823039237
Q9J3S0,1.5079927444458008,3.671056270599365,0.5216503942185251,0.4184331595897674,0.5817059923906501,1.5293115,3.5952303,0.5363697,0.4262729,0.57195103,IDP-ESM2-8M,67,278,0.021318793296813965,0.07582592964172319,0.014719287139812298,0.007839739322662409,0.00975496070577464
Q9J4U3,3.026488304138184,6.922140121459961,0.4823205365280585,0.3776816427707672,0.6799544108671984,3.2780192,7.5700436,0.4959148,0.3976982,0.6767168,IDP-ESM2-8M,67,278,0.2515308856964107,0.6479034423828125,0.013594250526003382,0.02001655101776123,0.003237606362803902
Q9J870,3.1007208824157715,7.938847541809082,0.6500983528238298,0.5067172050476074,0.5044136790347337,3.1314974,7.699108,0.6442904,0.50563824,0.4748511,IDP-ESM2-8M,67,278,0.030776500701904297,0.23973941802978516,0.005807965193367126,0.001078963279724121,0.029562577397847067
Q9JG27,1.4760866165161133,3.591573476791382,0.5578879206003294,0.4379743337631225,0.5360399451780083,1.5162234,3.5848355,0.53953004,0.434288,0.5694803,IDP-ESM2-8M,67,278,0.04013681411743164,0.006737947463989258,0.01835788176671127,0.0036863386631011408,0.03344035477163765
Q9JG66,2.8033759593963623,6.146939754486084,0.4265328815996519,0.3936993479728699,0.8084472795426774,2.7904787,6.117686,0.42695722,0.37111735,0.8236313,IDP-ESM2-8M,67,278,0.012897253036499023,0.02925395965576172,0.0004243382394441553,0.02258199453353882,0.015184007078416384
Q9JGA4,2.281801223754883,5.565869331359863,0.5932358575299329,0.4726116061210632,0.5111962924638309,2.3349888,5.5687146,0.5627984,0.445388,0.54338276,IDP-ESM2-8M,67,278,0.05318760871887207,0.002845287322998047,0.030437476678187303,0.027223616838455145,0.03218647139877895
Q9JGA7,2.1695995330810547,5.153400897979736,0.5562275569886074,0.4302217960357666,0.5482589394353921,2.3164172,5.5774245,0.5649439,0.44196635,0.5436134,IDP-ESM2-8M,67,278,0.14681768417358398,0.4240236282348633,0.008716352656473192,0.011744558811187744,0.004645565202146207
Q9JGB0,2.249352216720581,5.325419902801514,0.5738218768434691,0.4562984406948089,0.5365267333173339,2.2231529,5.416273,0.57252765,0.4452495,0.53654516,IDP-ESM2-8M,67,278,0.0261993408203125,0.09085321426391602,0.0012942298250364637,0.011048942804336492,1.8424115222237525e-05
Q9JGB2,2.186596393585205,5.110601902008057,0.5479458972302512,0.429350197315216,0.5673634705073287,2.2671793,5.4726477,0.56431353,0.44197655,0.5437444,IDP-ESM2-8M,67,278,0.08058285713195801,0.3620457649230957,0.016367633691684813,0.012626349925994929,0.023619085264866557
Q9JGB3,2.185464859008789,5.200220108032227,0.5617176938564323,0.4421248733997345,0.5420231136393421,2.256494,5.46875,0.57142013,0.44763798,0.5392282,IDP-ESM2-8M,67,278,0.0710291862487793,0.26852989196777344,0.009702439257428752,0.005513101816177368,0.002794912726866494
Q9JGS4,1.837574481964112,4.3795366287231445,0.5323678455822197,0.4196849465370178,0.5641443549440245,1.8155922,4.249695,0.5199427,0.41165516,0.58756995,IDP-ESM2-8M,67,278,0.02198231220245428,0.12984180450439453,0.012425144719335202,0.008029788732528687,0.023425597067083914
Q9JGT0,1.8453136682510376,4.313457012176514,0.5216707049565642,0.4067186415195465,0.5856361974907487,1.8978631,4.458061,0.52637476,0.4178864,0.5905358,IDP-ESM2-8M,67,278,0.05254948139190674,0.14460420608520508,0.004704052333322273,0.011167764663696289,0.004899622039738372
Q9JGT3,1.8291200399398804,4.283942699432373,0.5260019177718986,0.4098417162895202,0.5726121474994231,1.8554215,4.345288,0.5231857,0.41449627,0.58393764,IDP-ESM2-8M,67,278,0.02630150318145752,0.06134510040283203,0.002816247396074667,0.004654556512832697,0.011325497459072964
Q9KX95,2.074213743209839,5.095034122467041,0.5514575349731659,0.4227651953697204,0.5521603204406982,2.0919788,4.9543867,0.53734815,0.42882717,0.5846933,IDP-ESM2-8M,67,278,0.017765045166015625,0.14064741134643555,0.014109383766195638,0.006061971187591608,0.032532992204260314
Q9MBM5,1.7829678058624268,4.479499340057373,0.6254315273077452,0.5006691217422485,0.5115926876244027,1.6868452,4.2253203,0.62029254,0.5071546,0.5227843,IDP-ESM2-8M,67,278,0.0961226224899292,0.2541790008544922,0.005138982942816006,0.006485462188720703,0.011191605073503808
Q9PX71,2.5975682735443115,6.4868340492248535,0.5549496312090662,0.4114205837249756,0.569213786828555,2.6454334,6.2720222,0.54515016,0.43512714,0.623927,IDP-ESM2-8M,67,278,0.04786515235900879,0.2148118019104004,0.009799470419576406,0.023706555366516113,0.05471321035619847
Q9PYU9,2.542886734008789,6.091681957244873,0.6160128427244694,0.4911843240261078,0.534944817441723,2.7597039,6.7497387,0.6271197,0.50061625,0.5281597,IDP-ESM2-8M,67,278,0.21681714057922363,0.6580567359924316,0.011106877257677783,0.009431928396224976,0.006785139459392631
Q9Q0D0,2.2579894065856934,5.292762279510498,0.5157800557067495,0.4048793911933899,0.6036908549002423,2.2360864,5.2456574,0.518076,0.41137952,0.6098138,IDP-ESM2-8M,67,278,0.021903038024902344,0.047104835510253906,0.002295946891059386,0.006500124931335449,0.006122954494594102
Q9Q0D1,2.342282772064209,5.711767673492432,0.5484793335510314,0.4294732809066772,0.5613428589937517,2.3108404,5.499714,0.5395425,0.42330027,0.5736381,IDP-ESM2-8M,67,278,0.03144240379333496,0.21205377578735352,0.00893683734665518,0.00617301464080805,0.012295222556846452
Q9Q5K3,2.014817237854004,4.659890174865723,0.4749373774652287,0.369151771068573,0.6403612063034959,1.831303,4.186139,0.48369515,0.38493076,0.64169943,IDP-ESM2-8M,67,278,0.18351423740386963,0.4737510681152344,0.008757771956463212,0.01577898859977722,0.0013382270232252802
Q9Q5K9,8.01645278930664,18.170175552368164,0.5413950204937015,0.4325032830238342,0.6062376228113248,4.793796,11.303558,0.51815,0.39885154,0.63109636,IDP-ESM2-8M,67,278,3.222656726837158,6.866617202758789,0.023245048531726376,0.03365173935890192,0.024858740256302192
Q9Q9G2,2.1771631240844727,5.199876308441162,0.5403447747272567,0.4160575568675995,0.5677893954642423,1.9786341,4.761922,0.5488101,0.42864624,0.5549804,IDP-ESM2-8M,67,278,0.19852900505065918,0.4379544258117676,0.008465349670021105,0.012588679790496826,0.012808998239816072
Q9QAM5,2.010489225387573,4.696798801422119,0.5434137240862789,0.4335242509841919,0.566059860707018,2.022781,4.8770475,0.567056,0.4496004,0.5352194,IDP-ESM2-8M,67,278,0.012291669845581499,0.18024873733520508,0.023642276146417673,0.01607614755630493,0.03084048938820083
Q9QAN0,2.0066559314727783,4.84959888458252,0.553732626584748,0.4187650978565216,0.5477009962096526,2.075582,5.0075407,0.56447047,0.44530883,0.52770084,IDP-ESM2-8M,67,278,0.06892609596252441,0.1579418182373038,0.01073784336688166,0.026543736457824707,0.02000015478280326
Q9QAN3,2.7910168170928955,7.002756118774414,0.6017217067016004,0.4577145278453827,0.5124108004411704,2.6823986,6.539798,0.5981808,0.46447104,0.50072306,IDP-ESM2-8M,67,278,0.10861825942993164,0.46295833587646484,0.0035409358275769742,0.006756514310836792,0.011687736495400114
Q9QAN7,2.4848380088806152,6.113774299621582,0.5902768540482313,0.4649828374385834,0.5127447055998111,2.4087539,5.8520207,0.58832943,0.45813033,0.5094142,IDP-ESM2-8M,67,278,0.07608413696289062,0.26175355911254883,0.001947419653394844,0.006852507591247559,0.0033305095854068156
Q9QCK1,1.7041608095169067,3.873772382736206,0.4634740985241098,0.3656983077526092,0.656197039809361,1.643766,3.7133055,0.4864595,0.39485258,0.6429538,IDP-ESM2-8M,67,278,0.0603947639465332,0.16046690940856934,0.02298539511297515,0.029154270887374933,0.013243226733341662
Q9QEJ2,3.2139508724212646,7.425721645355225,0.5465408664637621,0.4317298233509063,0.5921761107264565,2.8890135,6.7964582,0.5419654,0.43125996,0.6007735,IDP-ESM2-8M,67,278,0.3249373435974121,0.6292634010314941,0.004575441449266249,0.0004698634147643488,0.00859740259065167
Q9QGE5,1.828621506690979,4.25688362121582,0.4686851663256556,0.3776154220104217,0.6667923992277179,2.0652535,4.759931,0.50847363,0.41178367,0.6123357,IDP-ESM2-8M,67,278,0.23663198947906494,0.5030474662780762,0.03978846839419303,0.03416824340820318,0.05445671731243473
Q9T127,1.5221561193466189,3.673488140106201,0.5302120817580626,0.4199313223361969,0.5651023879321737,1.6282954,3.8538332,0.53658646,0.42785984,0.5666299,IDP-ESM2-8M,67,278,0.10613930225372292,0.1803450584411621,0.006374381693322939,0.007928520441055298,0.0015274986950235547
Q9WIE5,1.7322287559509275,4.203291416168213,0.5750828757009979,0.4376606345176697,0.5357716403257735,1.7930229,4.4154778,0.5810606,0.45360798,0.5230268,IDP-ESM2-8M,67,278,0.06079411506652854,0.21218633651733398,0.005977712658834844,0.015947341918945312,0.012744816328275954
Q9WMX5,1.479040265083313,3.608541965484619,0.5589499807417716,0.4443309307098388,0.5453590265171918,1.5436807,3.731326,0.5590738,0.4403926,0.546577,IDP-ESM2-8M,67,278,0.06464040279388428,0.12278413772583008,0.00012382506724939457,0.003938317298889105,0.001217950258931233
Q9WS24,1.7707046270370483,4.157768726348877,0.5417389195126291,0.4382513463497162,0.583939529371048,1.6632633,4.013449,0.55283207,0.43911117,0.5583341,IDP-ESM2-8M,67,278,0.10744130611419678,0.1443195343017578,0.011093147500157774,0.0008598268032073975,0.025605417203689584
Q9WS26,1.738070368766785,4.145135879516602,0.5471701243182353,0.442179799079895,0.5638287914475624,1.7309605,4.156289,0.55069304,0.4362926,0.5573472,IDP-ESM2-8M,67,278,0.007109880447387917,0.011153221130371094,0.003522910807497115,0.005887210369110107,0.006481612988394891
Q9WS27,1.699068546295166,4.104615688323975,0.5562009867842289,0.4354717135429382,0.5370344829210341,1.7521793,4.2422414,0.5508078,0.4291649,0.5507599,IDP-ESM2-8M,67,278,0.053110718727111816,0.13762569427490234,0.0053932127173038635,0.006306827068328802,0.013725428616136348
Q9WSW3,1.9721887111663816,4.61280632019043,0.5319726867487525,0.416441947221756,0.5814397842709021,1.9598224,4.6074142,0.52440816,0.41989002,0.6141387,IDP-ESM2-8M,67,278,0.012366294860839622,0.0053920745849609375,0.007564525108585296,0.0034480690956115723,0.03269893814883662
Q9YM30,1.6517850160598757,4.112072467803955,0.5781416809784035,0.4544959664344787,0.5389455341873101,1.5979161,3.899572,0.57718736,0.45922118,0.53991777,IDP-ESM2-8M,67,278,0.05386888980865501,0.21250057220458984,0.0009543216453651304,0.004725217819213923,0.0009722328605720199
Q9YM71,1.5803712606430054,3.876248836517334,0.5632577803567007,0.4338760673999786,0.5372365526053515,1.5116552,3.6938334,0.5615887,0.4393266,0.53230834,IDP-ESM2-8M,67,278,0.06871604919433594,0.18241548538208008,0.0016690757706716575,0.005450546741485651,0.004928212532719689
Q9YMA2,1.575654149055481,3.819833993911743,0.5399339435545967,0.4174912273883819,0.5704617678551523,1.56703,3.7154095,0.53906876,0.42989898,0.5693514,IDP-ESM2-8M,67,278,0.00862419605255127,0.10442447662353516,0.0008651850668952576,0.012407749891281183,0.0011103927521555201
Q9YMA3,1.5980768203735352,3.8468925952911377,0.5537956861124224,0.4246951639652252,0.5570607281571294,1.5758172,3.7872632,0.55591226,0.44277623,0.5540943,IDP-ESM2-8M,67,278,0.02225959300994873,0.05962944030761719,0.002116570128422368,0.018081068992614746,0.0029664135819340576
Q9YMA4,1.5942798852920532,4.0362982749938965,0.5727314503103924,0.4404690563678741,0.5275172520815501,1.5226716,3.7032504,0.5672688,0.4513325,0.5398619,IDP-ESM2-8M,67,278,0.07160830497741699,0.33304786682128906,0.0054626614958477315,0.010863453149795588,0.012344665414177447
Q9YMM6,3.4519689083099365,8.671731948852539,0.643714469712565,0.5105518102645874,0.4793274814808922,3.3966255,8.134558,0.57659876,0.45012197,0.55153185,IDP-ESM2-8M,67,278,0.0553433895111084,0.5371742248535156,0.06711570624668362,0.06042984127998352,0.07220436981076428
Q9YMQ8,1.9262830018997192,4.551499366760254,0.5268995546165445,0.4030650854110718,0.5954611001293257,1.9722524,4.700888,0.5466091,0.43820122,0.57764065,IDP-ESM2-8M,67,278,0.045969367027282715,0.14938879013061523,0.019709549063112508,0.035136133432388306,0.017820447472770562
Q9YNX5,1.807967185974121,4.340127944946289,0.5441058154813202,0.41974937915802,0.5551287494549475,1.7062638,4.0818996,0.5540779,0.44000366,0.5532633,IDP-ESM2-8M,67,278,0.10170340538024902,0.2582283020019531,0.009972107816561881,0.020254284143447876,0.0018654428372106846
Q9YNX6,1.892056584358216,4.449362277984619,0.5358166986131166,0.4147041440010071,0.589998658758134,1.7562156,4.2090106,0.56059825,0.44528198,0.5524283,IDP-ESM2-8M,67,278,0.13584101200103826,0.24035167694091797,0.024781555590679738,0.03057783842086792,0.037570353609055585
Q9YNX8,1.7939752340316772,4.330946445465088,0.5524801827880144,0.4332164824008941,0.5584484131112127,1.6815283,4.1046066,0.5720791,0.44713622,0.52829283,IDP-ESM2-8M,67,278,0.11244690418243408,0.22633981704711914,0.01959893927848344,0.013919740915298517,0.030155578352454193
Q9YPA9,4.512254238128662,6.875372886657715,0.2000000000000037,0.249333769083023,2.280689628099509,4.064216,9.509328,0.5139177,0.3999645,0.63763034,IDP-ESM2-8M,67,278,0.44803810119628906,2.6339550018310547,0.31391768455505,0.15063074231147774,1.6430592846623142
Q9YPD8,1.5398569107055664,3.961629867553711,0.6170600558389637,0.4823064804077148,0.477493736780907,1.6736596,4.0682464,0.57143456,0.4603145,0.5288193,IDP-ESM2-8M,67,278,0.1338026523590088,0.10661649703979492,0.045625498401067,0.02199196815490717,0.05132558580515256
Q9YPG8,1.606947898864746,3.847220659255981,0.5293073359869714,0.4286176562309265,0.5552595813958029,1.6542568,3.9899812,0.54058474,0.42010453,0.54438883,IDP-ESM2-8M,67,278,0.047308921813964844,0.14276051521301314,0.011277407035947262,0.008513122797012329,0.010870750734029211
Q9YR10,1.4435824155807495,3.5656237602233887,0.5726790233214882,0.4536713361740112,0.5235526360581871,1.3330281,3.1412706,0.5416227,0.43895754,0.55765045,IDP-ESM2-8M,67,278,0.11055433750152588,0.42435312271118164,0.03105632501445088,0.01471379399299616,0.03409781083359753
Q9ZWY9,2.317267179489136,5.414470195770264,0.5877510662365408,0.4799017310142517,0.5563600147903522,2.1940298,5.200557,0.5628894,0.4577273,0.59028375,IDP-ESM2-8M,67,278,0.12323737144470259,0.2139129638671875,0.024861669092223204,0.022174417972564697,0.03392373669737969
A0A060BGV2,1.9466845989227293,5.067971706390381,0.7129679222390012,0.5865793824195862,0.4685962485748225,2.1419,5.0961413,0.65755457,0.56025213,0.520759,IDP-ESM2-8M,93,278,0.19521546363830589,0.028169631958007812,0.05541335537880221,0.02632725238800049,0.05216273789826098
A0A068LKJ5,3.073653221130371,7.422324180603027,0.6235674877615224,0.5066956877708435,0.526526042318913,3.2178614,8.06101,0.6597884,0.5124914,0.44187683,IDP-ESM2-8M,93,278,0.14420819282531738,0.6386861801147461,0.03622094197556869,0.005795717239379883,0.08464921364841127
A0A068QKP9,3.781899929046631,9.748181343078612,0.6796296242642609,0.5474928021430969,0.4941238918618665,4.568776,11.479481,0.74475014,0.5724712,0.42767304,IDP-ESM2-8M,93,278,0.7868762016296387,1.7312994003295916,0.06512051783321227,0.0249783992767334,0.06645085004134038
A0A075FGF0,3.0392067432403564,6.117240905761719,0.2529240675551638,0.2617270052433014,1.410427146255084,3.4768543,7.707292,0.4231469,0.35788012,0.83224815,IDP-ESM2-8M,93,278,0.43764758110046387,1.5900511741638184,0.17022283595969828,0.09615311026573181,0.5781789949527463
A0A088MZV7,1.7236555814743042,3.378725290298462,0.2845940245881171,0.2910119295120239,1.0400381685649598,1.9872581,4.4969397,0.47528026,0.386323,0.68165606,IDP-ESM2-8M,93,278,0.26360249519348145,1.1182143688201904,0.1906862304911523,0.09531107544898987,0.35838210596196296
A0A088N936,1.7729852199554443,3.413412809371948,0.2873456939576882,0.3010227978229522,1.0594010475621054,1.965253,4.4612274,0.47935116,0.38954672,0.677307,IDP-ESM2-8M,93,278,0.1922677755355835,1.0478146076202397,0.1920054689527732,0.08852392435073858,0.38209403786514495
A0A0A0RNI5,1.795749545097351,4.456056594848633,0.6091256170759287,0.4751231074333191,0.5118457236815459,1.6544482,4.0843544,0.5989448,0.47819996,0.5243708,IDP-ESM2-8M,93,278,0.14130139350891113,0.3717021942138672,0.010180833865174321,0.0030768513679504395,0.012525065846347161
A0A0A0UYW6,1.5053898096084597,3.748894929885864,0.5955680885741205,0.4759475588798523,0.5147762125582415,1.4112579,3.4808998,0.58410555,0.46400535,0.50739473,IDP-ESM2-8M,93,278,0.09413194656372093,0.2679951190948482,0.0114625373312921,0.01194220781326294,0.007381481513472177
A0A0A7KTD7,3.1537880897521973,7.421866416931152,0.6005818132667066,0.4804815053939819,0.5570706408401724,3.2223144,8.073701,0.67182696,0.52193606,0.4301117,IDP-ESM2-8M,93,278,0.0685262680053711,0.6518344879150391,0.07124514538960447,0.04145455360412603,0.12695893458330598
A0A0B4VGH4,3.497132539749145,8.55925464630127,0.6502923232929433,0.5309977531433105,0.5324286637397587,3.8327227,9.15855,0.6562835,0.5313919,0.5110806,IDP-ESM2-8M,93,278,0.33559012413024947,0.5992956161499023,0.005991174517420483,0.0003941655158996582,0.021348041066724055
A0A0B4ZUM6,3.3797593116760254,8.253604888916016,0.6394671622866669,0.5047334432601929,0.507852863542672,3.5298502,8.772682,0.6634059,0.51772636,0.4515261,IDP-ESM2-8M,93,278,0.15009093284606934,0.5190773010253906,0.023938732946487407,0.012992918491363525,0.05632675813877186
A0A0B5JAX3,3.623250722885132,9.133085250854492,0.3515601502168439,0.3236335515975952,1.1006311893005774,3.7540805,8.08268,0.37981504,0.35533667,0.9769657,IDP-ESM2-8M,93,278,0.1308298110961914,1.050405502319336,0.02825489180204649,0.03170311450958252,0.12366546387867183
A0A0C5B347,2.5254065990448,5.995307445526123,0.6199352224181771,0.5124143958091736,0.5350323678060749,2.568525,6.5809555,0.6854331,0.53473836,0.404423,IDP-ESM2-8M,93,278,0.04311847686767578,0.5856480598449707,0.06549786731494667,0.022323966026306152,0.13060936937773016
A0A0C7TJV6,3.188424587249756,6.254737377166748,0.2795826862762988,0.3030257523059845,1.3145511780560923,3.5119593,7.7724895,0.4196832,0.3563717,0.84156597,IDP-ESM2-8M,93,278,0.3235347270965576,1.5177521705627441,0.14010050192369816,0.053345948457717896,0.4729852114499522
A0A0C7TQD0,3.106126308441162,6.339704036712647,0.265125330083358,0.2660461664199829,1.3657748663587217,3.4542933,7.63598,0.41866577,0.35567293,0.8414153,IDP-ESM2-8M,93,278,0.34816694259643555,1.296276092529296,0.15354043663264544,0.08962675929069519,0.5243595802945737
A0A0C7TTX4,3.0519442558288574,6.34882116317749,0.2549867720859863,0.259836196899414,1.403659796161559,3.516546,7.7790375,0.4184599,0.35562122,0.8448123,IDP-ESM2-8M,93,278,0.4646017551422119,1.4302163124084473,0.16347312018696292,0.09578502178192144,0.5588475221823719
A0A0C7TY93,3.148688793182373,6.227638244628906,0.2744628569301132,0.2906990945339203,1.3285720956463638,3.5128415,7.7716136,0.41787335,0.35493493,0.8438858,IDP-ESM2-8M,93,278,0.3641526699066162,1.5439753532409668,0.1434104958359238,0.06423583626747131,0.48468631626556546
A0A0E3FC10,1.880479097366333,4.209773063659668,0.4161564785089945,0.3334609866142273,0.7177423124528997,1.8540978,4.1877365,0.46239364,0.36952665,0.6728301,IDP-ESM2-8M,93,278,0.026381254196166992,0.02203655242919922,0.04623716296286828,0.03606566786766052,0.044912207625018796
A0A0E3FG91,2.0131211280822754,4.862473964691162,0.5718018347712035,0.448374330997467,0.5493445814937292,1.8754661,4.474862,0.54923004,0.4478477,0.5937829,IDP-ESM2-8M,93,278,0.13765501976013184,0.38761186599731445,0.02257179565148304,0.0005266368389129084,0.04443832027018679
A0A0E3GI14,3.773081779479981,9.077367782592772,0.627791825679274,0.4856157004833221,0.5043793255026896,3.6268487,8.8970585,0.6126487,0.48084602,0.52940226,IDP-ESM2-8M,93,278,0.1462330818176274,0.1803092956542951,0.015143100169630497,0.004769682884216253,0.02502293050927329
A0A0E3HAY2,2.0226192474365234,4.744606971740723,0.5654119321108492,0.4621042013168335,0.5621568172093305,1.959393,4.724019,0.56511307,0.45757592,0.5693529,IDP-ESM2-8M,93,278,0.06322622299194336,0.020587921142578125,0.00029886448389604414,0.0045282840728759766,0.007196107614430458
A0A0E3HBF5,1.9836127758026123,4.875771045684815,0.6203108658269878,0.484820544719696,0.5073980712262678,1.9133921,4.7244906,0.5918943,0.4691114,0.5252369,IDP-ESM2-8M,93,278,0.0702207088470459,0.15128040313720792,0.028416537232780037,0.01570913195610041,0.01783883339485648
A0A0E3IAD2,1.9471136331558228,4.787200450897217,0.6015847856356431,0.4739196002483368,0.525911541176124,1.8637209,4.595113,0.58589816,0.4621267,0.5232703,IDP-ESM2-8M,93,278,0.08339273929595947,0.19208765029907227,0.015686624701194862,0.011792898178100586,0.002641232204719013
A0A0E3Z619,4.6458234786987305,11.554898262023926,0.6481136998929391,0.4964110255241394,0.5204471831828791,4.370642,10.816713,0.6729289,0.5235859,0.4593313,IDP-ESM2-8M,93,278,0.27518129348754883,0.738184928894043,0.024815229435979358,0.02717489004135132,0.06111587934796392
A0A0F6YQQ5,2.431192874908448,5.88455057144165,0.5781898777838793,0.4457144439220428,0.5673257093884235,2.4820266,6.087433,0.59078074,0.46948266,0.5564859,IDP-ESM2-8M,93,278,0.050833702087401456,0.2028822898864746,0.012590857231989827,0.02376821637153631,0.010839818046260441
A0A0F7L2H1,2.073246717453003,4.924455642700195,0.5255543124309948,0.4187829494476318,0.5664040142905191,2.3473072,5.856778,0.60888404,0.4743222,0.4770523,IDP-ESM2-8M,93,278,0.2740604877471924,0.9323225021362305,0.08332972410999029,0.05553925037384039,0.08935171312207735
A0A0F7L948,2.9397494792938232,7.174188613891602,0.6163832423289565,0.4765016138553619,0.5128500886215313,2.77997,6.8507338,0.6065187,0.47196513,0.5139175,IDP-ESM2-8M,93,278,0.15977954864501953,0.3234548568725586,0.009864556511237965,0.004536479711532537,0.0010674171195881321
A0A0H4SM67,1.9843988418579104,4.266936302185059,0.3062166494019788,0.2807266116142273,1.010876224195074,2.298625,5.085326,0.4463892,0.37324142,0.74251664,IDP-ESM2-8M,93,278,0.3142261505126951,0.818389892578125,0.14017254890124387,0.09251481294631958,0.26835958734662424
A0A0H4XWL8,4.315979480743408,9.955765724182127,0.5084613407263553,0.3972390592098236,0.640781402152695,3.8901234,9.193766,0.52995837,0.4130469,0.6372007,IDP-ESM2-8M,93,278,0.4258561134338379,0.7620000839233381,0.021497026621361992,0.01580783724784851,0.003580688995041159
A0A0K0KVV5,1.9332348108291624,4.84041690826416,0.652502016610558,0.5271721482276917,0.4880014727369794,1.8607526,4.730682,0.63346153,0.5004444,0.47101766,IDP-ESM2-8M,93,278,0.07248222827911355,0.10973501205444336,0.019040481633598727,0.026727735996246338,0.016983814026499677
A0A0K0UUV8,1.504486083984375,3.645750999450684,0.5843328633671061,0.4797887504100799,0.5301404720415408,1.3992387,3.4377239,0.58410615,0.46694568,0.51627606,IDP-ESM2-8M,93,278,0.1052473783493042,0.20802712440490767,0.00022671607782998038,0.012843072414398138,0.013864410506659208
A0A0M4RBN9,1.762556791305542,3.64371919631958,0.3319584637603658,0.306751936674118,0.9226113466819614,1.9543483,4.2981625,0.436731,0.3689011,0.7615446,IDP-ESM2-8M,93,278,0.19179153442382812,0.6544432640075684,0.10477254691506449,0.062149167060852106,0.16106676145399512
A0A0N9R406,2.724632501602173,6.881143569946289,0.6377364459373973,0.5010972023010254,0.5063251559667581,2.601416,6.3872075,0.6112033,0.48823413,0.5373345,IDP-ESM2-8M,93,278,0.12321639060974121,0.49393606185913086,0.02653313306355698,0.012863069772720337,0.03100934577655856
A0A0R7EYS2,2.6900744438171387,6.6449294090271,0.6371846980636799,0.5069941878318787,0.5222454109551008,2.8685606,7.2320566,0.6866897,0.53882796,0.42596442,IDP-ESM2-8M,93,278,0.17848610877990723,0.5871272087097168,0.04950497679059862,0.031833767890930176,0.09628099588170602
A0A0S0BY46,2.893683910369873,5.116574287414551,0.2,0.2353168576955795,1.6426073756181838,4.0408106,8.875563,0.38793826,0.33999252,0.9261464,IDP-ESM2-8M,93,278,1.1471266746520996,3.758988380432129,0.18793826103210448,0.10467566549777987,0.7164609875642898
A0A0U3U0D7,3.17332410812378,6.3300323486328125,0.2737225946963084,0.2895107567310333,1.3442246515464111,3.5571609,7.901476,0.42513126,0.35880363,0.8313284,IDP-ESM2-8M,93,278,0.3838367462158194,1.5714435577392578,0.15140866665241598,0.06929287314414978,0.5128962595176025
A0A0X9FL12,2.499018669128418,6.090692043304443,0.6322264254009219,0.5119125843048096,0.514227041776762,2.4767406,6.2451587,0.6601421,0.51820326,0.43317568,IDP-ESM2-8M,93,278,0.0222780704498291,0.1544666290283203,0.027915698298266345,0.0062906742095947266,0.08105135875521663
A0A127KLB1,2.1190025806427,5.252792835235596,0.6144869530672417,0.4761258363723755,0.5079373941017518,1.9909419,4.912398,0.5973401,0.4730099,0.51799524,IDP-ESM2-8M,93,278,0.1280606985092163,0.3403949737548828,0.01714684610313033,0.003115922212600708,0.010057844202386423
A0A127KLJ5,1.8778077363967896,3.969946622848511,0.385921489141911,0.3239397406578064,0.7900150587473994,1.965696,4.555962,0.49708846,0.39149836,0.61764646,IDP-ESM2-8M,93,278,0.08788824081420898,0.5860154628753658,0.11116697297242312,0.06755861639976501,0.1723686029826289
A0A140F9E7,2.682987689971924,6.262972354888916,0.5033012214408389,0.3957318067550659,0.6128287548226748,2.7733955,6.537094,0.5242312,0.4079652,0.5958148,IDP-ESM2-8M,93,278,0.0904078483581543,0.2741217613220215,0.020929974008990215,0.01223340630531311,0.017013930718365766
A0A140HQX3,3.5185742378234863,8.663448333740234,0.6205833621752056,0.4868972301483154,0.5172761543123339,3.5105038,8.726313,0.6548411,0.50742495,0.44129008,IDP-ESM2-8M,93,278,0.00807046890258789,0.06286430358886719,0.03425776283623849,0.020527720451355036,0.0759860737650011
A0A142KCK0,2.0349373817443848,4.737380504608154,0.5104756664931029,0.4065235257148742,0.6053974661579655,2.09202,4.8980274,0.51002395,0.40313268,0.6117627,IDP-ESM2-8M,93,278,0.0570826530456543,0.16064691543579102,0.000451714962646399,0.0033908486366271418,0.006365236307091848
A0A192GNU8,5.7325439453125,13.2327241897583,0.6076169698661501,0.4898139834403991,0.6274918948381998,4.8543177,11.849937,0.6428234,0.50403154,0.56203663,IDP-ESM2-8M,93,278,0.8782262802124023,1.382786750793457,0.03520642824710063,0.014217555522918757,0.06545526134668367
A0A1B1MQX9,3.636563777923584,8.983659744262695,0.6222812069105729,0.4917813241481781,0.5247150571106248,3.599648,8.888087,0.64451575,0.5035594,0.47495577,IDP-ESM2-8M,93,278,0.03691577911376953,0.09557247161865234,0.022234545881785528,0.011778086423873901,0.049759289717512645
A0A1B1SEH4,1.5573220252990725,3.8965466022491455,0.5832444875340534,0.45973601937294,0.5396028485422335,1.6808083,4.2682467,0.6113427,0.47758046,0.4739818,IDP-ESM2-8M,93,278,0.12348628044128396,0.3717000484466553,0.028098240603916524,0.0178444385528565,0.06562105084707359
A0A1B2CSH8,2.485731601715088,5.971592426300049,0.6065935045650473,0.49430713057518,0.5614668686400435,2.683351,6.8936286,0.7010684,0.54740214,0.40606606,IDP-ESM2-8M,93,278,0.19761943817138672,0.9220361709594727,0.09447489677162257,0.053095012903213556,0.15540080857382033
A0A1C9EI46,2.4554202556610107,6.337825298309326,0.6453417474742582,0.4903135001659393,0.4971227054091682,2.36233,5.779645,0.60333097,0.49431956,0.58545566,IDP-ESM2-8M,93,278,0.09309029579162598,0.5581803321838379,0.04201077766377237,0.004006057977676447,0.08833295064246754
A0A1D7RB72,1.9049149751663208,4.26450252532959,0.4393348887550805,0.3645156919956207,0.6874126643433466,1.9490099,4.4837465,0.4859598,0.38560152,0.63920504,IDP-ESM2-8M,93,278,0.04409492015838623,0.21924400329589844,0.046624909342529997,0.02108582854270935,0.04820762579583071
A0A1D7RFJ1,2.119343042373657,5.180019378662109,0.6110240777318784,0.4808630645275116,0.5133276678023542,2.0120492,5.018795,0.6029775,0.4745982,0.5169474,IDP-ESM2-8M,93,278,0.10729384422302202,0.161224365234375,0.008046563464910617,0.006264865398406982,0.003619720846632646
A0A1D7RII7,1.8909165859222408,3.929341316223145,0.4019441831493663,0.3523488640785217,0.7648124245245772,2.0045419,4.645069,0.49434984,0.39045572,0.62563264,IDP-ESM2-8M,93,278,0.113625288009644,0.7157278060913081,0.09240565415379531,0.03810685873031622,0.1391797808249312
A0A1D7S6P1,1.912898659706116,4.0502238273620605,0.4204396745835724,0.3427617251873016,0.735536932456827,1.9866303,4.592783,0.4917644,0.38953814,0.6314199,IDP-ESM2-8M,93,278,0.07373166084289529,0.5425591468811035,0.07132472184548949,0.04677641391754156,0.10411703537735928
A0A1D7SND7,2.027412414550781,5.064353466033936,0.6014824055213335,0.4671358466148376,0.5118930111089554,1.9715283,4.863057,0.5892266,0.46576855,0.52682567,IDP-ESM2-8M,93,278,0.0558841228485103,0.2012963294982919,0.012255802013337869,0.0013673007488250177,0.014932655318656951
A0A1D8KSZ5,2.1301910877227783,5.291312217712402,0.61338376255938,0.4820922911167145,0.51918731776532,2.0427086,5.0754642,0.6099573,0.48645988,0.52423185,IDP-ESM2-8M,93,278,0.08748245239257812,0.21584796905517578,0.003426484784569195,0.0043675899505615234,0.00504453333560162
A0A1S5YE66,2.5283663272857666,6.014689922332764,0.6144904740173595,0.5057743191719055,0.5331045654360697,2.5813978,6.491123,0.65603215,0.5138246,0.4394917,IDP-ESM2-8M,93,278,0.05303144454956055,0.47643327713012695,0.04154167100598649,0.008050262928009033,0.09361287623089998
A0A1V0EDG6,1.5763734579086304,3.4868197441101074,0.3068296425146934,0.310068666934967,0.9500125684347482,1.4064531,2.6488767,0.37379318,0.34833747,0.90006304,IDP-ESM2-8M,93,278,0.16992032527923584,0.8379430770874023,0.06696354224253925,0.038268804550170954,0.049949530562433786
A0A1V0SDB7,4.330148220062256,10.940457344055176,0.6213148286294141,0.4816248416900635,0.5632182594808528,4.028592,10.099543,0.6525767,0.5066316,0.48114398,IDP-ESM2-8M,93,278,0.3015561103820801,0.8409147262573242,0.03126185632236811,0.025006771087646484,0.08207427826251479
A0A1V0SEI4,1.8054633140563965,4.368613243103027,0.5979153270886731,0.4888360500335693,0.5700438881923519,1.8192127,4.4837494,0.5950126,0.47974557,0.5451264,IDP-ESM2-8M,93,278,0.013749361038208008,0.11513614654541016,0.0029027218983960212,0.009090483188629095,0.02491750965612749
A0A1V0SIV1,4.1048736572265625,10.162138938903809,0.6645964185969084,0.5229781270027161,0.5328955406856537,4.01702,10.331074,0.7315165,0.5673926,0.37258625,IDP-ESM2-8M,93,278,0.08785343170166016,0.16893482208251953,0.06692006184895338,0.0444144606590271,0.16030929038047792
A0A1Z1LW78,1.987473964691162,4.400740623474121,0.4591689865677923,0.3771038353443146,0.6578689888008009,1.9831083,4.5771656,0.49496722,0.39241272,0.63027096,IDP-ESM2-8M,93,278,0.004365682601928711,0.17642498016357422,0.0357982356459528,0.015308886766433716,0.02759803085402357
A0A218MKB4,2.420564651489258,6.291011810302734,0.638200934645876,0.4804953634738922,0.5008979651892149,2.4730148,6.1640773,0.6171795,0.48672855,0.5326575,IDP-ESM2-8M,93,278,0.05245018005371094,0.12693452835083008,0.02102142166827592,0.006233185529708862,0.03175953889251115
A0A218MLX2,2.2364635467529297,5.674166202545166,0.619369086183255,0.4787430465221405,0.515479431758483,2.1117678,5.2263546,0.5981618,0.479652,0.5523313,IDP-ESM2-8M,93,278,0.1246957778930664,0.4478116035461426,0.021207269586270172,0.0009089410305023193,0.03685189663354582
A0A218MLZ4,2.047249794006348,5.174904823303223,0.6699496338764966,0.5274516940116882,0.4834665530288211,1.9980242,5.158066,0.67018104,0.5309207,0.4577143,IDP-ESM2-8M,93,278,0.04922556877136275,0.016839027404785156,0.00023140211898675656,0.0034689903259277344,0.02575226360201749
A0A218MM47,3.0601587295532227,7.780268669128418,0.6267185265191563,0.4853298962116241,0.5179308176273886,2.9139495,7.1563582,0.59447575,0.4705712,0.5686406,IDP-ESM2-8M,93,278,0.1462092399597168,0.6239104270935059,0.032242780364371115,0.014758706092834417,0.05070977208666172
A0A218MM62,3.9608118534088135,9.773451805114746,0.6112229547785968,0.4591792225837707,0.5621217231966981,3.9876225,9.924612,0.6500343,0.5008036,0.504656,IDP-ESM2-8M,93,278,0.026810646057128906,0.15116024017333984,0.03881135365493593,0.04162436723709112,0.057465706370068426
A0A218MME3,2.253435134887696,5.859304428100586,0.6571256868571886,0.5031654238700867,0.4806869800322141,2.4435399,6.171365,0.63004893,0.49707416,0.52145404,IDP-ESM2-8M,93,278,0.19010472297668368,0.3120603561401367,0.027076756212199626,0.006091266870498657,0.04076705620359522
A0A218MMI9,2.028818130493164,5.205209732055664,0.6454134359833859,0.5056187510490417,0.4974971138925941,2.1309192,5.4946413,0.6745563,0.52614105,0.43956086,IDP-ESM2-8M,93,278,0.10210108757019043,0.2894315719604492,0.029142878961835095,0.02052229642868042,0.05793625349716258
A0A222ZRZ9,1.88077175617218,3.983983039855957,0.3847965184132947,0.343037337064743,0.8358709388703613,2.0815253,4.7187734,0.47160968,0.38613585,0.6966387,IDP-ESM2-8M,93,278,0.20075356960296653,0.7347903251647949,0.0868131634314166,0.04309850931167608,0.1392322355241089
A0A249XMM6,1.587058663368225,3.9025182723999023,0.6081996666131302,0.4853251576423645,0.5151467459662195,1.7878561,4.536693,0.64262575,0.5046636,0.45539933,IDP-ESM2-8M,93,278,0.200797438621521,0.6341748237609863,0.03442608249804535,0.01933842897415161,0.059747411535524875
A0A290GQ28,1.591983437538147,3.9459362030029297,0.5996545610865007,0.476247638463974,0.5284702797433743,1.6229715,4.035541,0.6194121,0.49970406,0.508597,IDP-ESM2-8M,93,278,0.030988097190856934,0.08960485458374023,0.01975756307045118,0.023456424474716187,0.019873263408840658
A0A2D1GNS7,1.8562084436416624,4.6157307624816895,0.6068438149232709,0.5070620179176331,0.5411538626987368,1.8079715,4.3104053,0.59592116,0.5018288,0.5768895,IDP-ESM2-8M,93,278,0.048236966133117454,0.3053255081176758,0.010922656132682507,0.0052332282066345215,0.03573565222435893
A0A2D1M0A0,3.0987584590911865,6.217294216156006,0.2680757490699053,0.2750036120414734,1.347373444504014,3.4690094,7.6847234,0.42272785,0.35788515,0.834092,IDP-ESM2-8M,93,278,0.370250940322876,1.4674291610717773,0.1546521039898634,0.08288154006004333,0.5132814235155496
A0A2D3I5T4,3.427800178527832,8.643939018249512,0.629855979435968,0.4775140285491943,0.5422103768411841,3.2035463,8.090565,0.657094,0.5125429,0.47913885,IDP-ESM2-8M,93,278,0.22425389289855957,0.5533742904663086,0.02723802233405148,0.035028874874115046,0.06307152567541263
A0A2I6SBY4,2.5025556087493896,6.354439735412598,0.6815675888338483,0.5499695539474487,0.4962654650488172,2.592041,6.4522786,0.73122245,0.5915259,0.36290735,IDP-ESM2-8M,93,278,0.08948540687561035,0.0978388786315918,0.049654861899336544,0.041556358337402344,0.13335811498549321
A0A2I6SCK6,2.685833215713501,6.94218635559082,0.6846655819840384,0.5485411286354065,0.4931653674896652,2.292192,5.4776487,0.6186004,0.5176226,0.5628483,IDP-ESM2-8M,93,278,0.39364123344421387,1.4645376205444336,0.06606515387963774,0.030918538570404053,0.06968296205440216
A0A2K9VSC6,3.317457914352417,8.031097412109375,0.6374334320329164,0.5192162394523621,0.5119018801837045,3.2922833,8.262741,0.67119336,0.5231854,0.432276,IDP-ESM2-8M,93,278,0.025174617767333984,0.2316436767578125,0.033759929249432274,0.003969132900238037,0.07962586967039886
A0A2P1GNK0,3.24163031578064,7.594503879547119,0.5287660869184808,0.4188036024570465,0.6058451871805083,3.3067448,7.729614,0.5085432,0.4059673,0.6590176,IDP-ESM2-8M,93,278,0.06511449813842729,0.13510990142822266,0.020222893578179302,0.012836307287216187,0.05317243529034743
A0A2R3UAC7,1.909107089042664,4.803678512573242,0.6248474794221456,0.4938169419765472,0.5046491026065458,1.8401713,4.5568905,0.6012226,0.48029327,0.5219933,IDP-ESM2-8M,93,278,0.06893575191497847,0.24678802490234375,0.023624904711299632,0.013523668050765936,0.017344176850546456
A0A2R8FEN2,2.1930902004241943,4.634369373321533,0.3689266547135045,0.3035509884357452,0.8144768411593042,2.9410176,6.571131,0.42987514,0.35241646,0.77221024,IDP-ESM2-8M,93,278,0.7479274272918701,1.9367618560791016,0.06094848070824843,0.04886546730995184,0.04226660079522948
A0A2S1MMK3,3.054756164550781,5.755621433258057,0.2443340797938483,0.2603816986083984,1.4692458294885395,3.5099502,7.7746935,0.42119718,0.35707515,0.83880246,IDP-ESM2-8M,93,278,0.4551939964294438,2.0190720558166504,0.17686309618576596,0.09669345617294317,0.6304433726327656
A0A2S1MQZ2,3.09568452835083,6.610805988311768,0.2671375760899254,0.2756531536579132,1.347184486038522,3.5136201,7.7753067,0.41950575,0.35627753,0.84274447,IDP-ESM2-8M,93,278,0.4179356098175049,1.1645007133483887,0.15236816908257522,0.08062437176704407,0.5044400163958829
A0A2S1MU58,3.075150728225708,5.945162296295166,0.2468645342491461,0.2820548415184021,1.4606909791679732,3.5668108,7.8942604,0.4174582,0.35465977,0.8453288,IDP-ESM2-8M,93,278,0.49166011810302734,1.9490981101989746,0.1705936721660303,0.07260492444038391,0.6153621713371626
A0A2S1N1Y6,3.179504156112671,6.537221431732178,0.2816311771264032,0.2890353202819824,1.301375550070033,3.5189195,7.7765827,0.41617045,0.35445997,0.8501072,IDP-ESM2-8M,93,278,0.3394153118133545,1.23936128616333,0.1345392709384009,0.06542465090751648,0.45126835707686896
A0A2S1N210,3.1431422233581543,6.254472732543945,0.2714263842871782,0.2792133688926697,1.3428809366069938,3.5147228,7.78358,0.42068624,0.35655272,0.8394533,IDP-ESM2-8M,93,278,0.3715806007385254,1.5291070938110352,0.14925986067742142,0.07733935117721558,0.5034276566349174
A0A2U7U7R7,3.1205430030822754,6.778926849365234,0.4592673357785028,0.385464072227478,0.7301072784220611,3.289057,7.5756717,0.488377,0.39096457,0.68209296,IDP-ESM2-8M,93,278,0.16851401329040527,0.7967448234558105,0.02910966908332885,0.005500495433807373,0.048014313772860695
A0A2Z4HI38,2.954874277114868,7.174960136413574,0.6268339086129926,0.5197823643684387,0.5162812855125954,3.1517675,7.8574424,0.65162206,0.5073362,0.45694724,IDP-ESM2-8M,93,278,0.19689321517944336,0.6824822425842285,0.024788148348066974,0.012446165084838867,0.05933404825940636
A0A2Z4Q913,2.0818893909454346,4.352743148803711,0.4065735649905433,0.3618420362472534,0.7710158002272716,2.029221,4.240206,0.38272524,0.3439737,0.8683506,IDP-ESM2-8M,93,278,0.05266833305358887,0.11253738403320312,0.023848326190494484,0.017868340015411377,0.09733482481087541
A0A2Z6E9I5,2.231046438217163,5.186451435089111,0.4916681080623618,0.3802611827850342,0.6373151950915709,2.2828503,5.384963,0.5260364,0.41744685,0.5917465,IDP-ESM2-8M,93,278,0.0518038272857666,0.19851160049438477,0.03436827365913481,0.0371856689453125,0.04556868601640607
A0A345L4V0,2.6901886463165283,6.946934700012207,0.6541822893736157,0.5048134326934814,0.4945165928134548,2.608818,6.571431,0.6542066,0.5158544,0.48243982,IDP-ESM2-8M,93,278,0.08137059211730957,0.3755035400390625,2.4284589549616875e-05,0.011040985584259033,0.012076776815377388
A0A345M6E7,2.5816779136657715,6.490684986114502,0.6346638902961372,0.4900546967983246,0.5230252523728157,2.5938523,6.4659896,0.6306664,0.5021857,0.52467865,IDP-ESM2-8M,93,278,0.012174367904663086,0.024695396423339844,0.003997515135919949,0.01213100552558899,0.0016533951453422402
A0A346RNU7,3.259810209274292,8.10822582244873,0.6464056539714221,0.4960938692092895,0.5162357243902729,3.5552506,8.789133,0.6494153,0.51184297,0.5077695,IDP-ESM2-8M,93,278,0.2954404354095459,0.6809072494506836,0.0030096602261181493,0.01574909687042242,0.008466199339155933
A0A346TPN1,4.243413925170898,10.441936492919922,0.6247509968525825,0.4940012097358703,0.5532275159006739,4.1223774,10.13389,0.6399996,0.5012628,0.51024157,IDP-ESM2-8M,93,278,0.12103652954101562,0.3080463409423828,0.015248631214434094,0.00726157426834112,0.04298594781214238
A0A346TQ06,3.2180731296539307,7.943965435028076,0.6412923183914179,0.499872475862503,0.5230447745098089,3.119532,7.9378643,0.6852995,0.5309528,0.4140963,IDP-ESM2-8M,93,278,0.0985410213470459,0.006101131439208984,0.04400719733276426,0.031080335378646906,0.10894847867622126
A0A385DYQ6,1.898411512374878,4.318800449371338,0.4564160211965485,0.3884804546833038,0.6796028359240008,1.7121896,3.9075634,0.48581284,0.39403272,0.6622072,IDP-ESM2-8M,93,278,0.18622195720672607,0.4112370014190674,0.029396821649368243,0.005552262067794855,0.01739564970192442
A0A385UFY3,2.3389768600463867,5.940270900726318,0.6405308140128818,0.5049679279327393,0.5051973138416984,2.284889,5.785886,0.6451703,0.5108084,0.48644423,IDP-ESM2-8M,93,278,0.05408787727355957,0.15438508987426758,0.004639457383755152,0.005840480327606201,0.018753078993675953
A0A386QVQ8,2.573846340179444,5.729276657104492,0.4631419003350513,0.378161072731018,0.6760992868441105,2.767455,6.5211887,0.5200785,0.40463096,0.59725684,IDP-ESM2-8M,93,278,0.1936087608337398,0.7919120788574219,0.056936579908631546,0.026469886302948054,0.07884244756875036
A0A3G1T4F7,3.006868362426758,5.367626667022705,0.2000000000000003,0.239039197564125,1.7127553017701085,4.0840545,9.004159,0.39872795,0.34607488,0.90351784,IDP-ESM2-8M,93,278,1.077186107635498,3.6365323066711426,0.1987279534339902,0.1070356816053391,0.8092374594773228
A0A3G2JTZ9,3.2143261432647705,7.936268329620361,0.6364447115675985,0.4988506734371185,0.5099624199321988,3.252065,8.1476145,0.66317284,0.515203,0.43929332,IDP-ESM2-8M,93,278,0.037738800048828125,0.21134614944458008,0.026728129504484,0.01635232567787176,0.07066909498484164
A0A3G3M5R8,1.9766877889633176,4.035877704620361,0.4158830836262941,0.3478423655033111,0.7506323136418169,1.9801581,4.5132413,0.4763408,0.3808083,0.66520834,IDP-ESM2-8M,93,278,0.003470301628113015,0.47736358642578125,0.06045771689746382,0.03296592831611639,0.08542397395065482
A0A3G4S8X8,3.0624771118164062,7.581181526184082,0.597758600944666,0.4773288667201996,0.5371702295859963,2.9459908,7.392148,0.64781266,0.50187194,0.45393217,IDP-ESM2-8M,93,278,0.1164863109588623,0.18903350830078125,0.05005406356415354,0.024543076753616333,0.08323806348644791
A0A3G4ZTT1,1.9542526006698608,3.954479455947876,0.2857037838019497,0.2974981963634491,1.0646122481537337,2.7834334,6.344112,0.47605497,0.40267703,0.7489027,IDP-ESM2-8M,93,278,0.8291808366775513,2.3896324634552,0.19035118264778783,0.1051788330078125,0.3157095696640486
A0A3G4ZXU7,4.592154026031494,11.532073974609377,0.6536719100706516,0.5041574835777283,0.5624642205305675,4.6336923,11.779323,0.7128279,0.55261844,0.42572707,IDP-ESM2-8M,93,278,0.041538238525390625,0.2472486495971662,0.05915601084304467,0.048460960388183594,0.13673715115266838
A0A3G5A3I8,1.553621768951416,3.685656070709229,0.5127582973428999,0.3974073529243469,0.5491458110800546,1.5611874,3.7447844,0.53463537,0.41419742,0.54463637,IDP-ESM2-8M,93,278,0.007565617561340332,0.05912828445434526,0.021877067666407957,0.016790062189102173,0.004509442328528679
A0A3G5A3J2,3.1199047565460205,7.602824211120605,0.6279122835472387,0.4969390630722046,0.5389113067448091,3.2585974,8.264221,0.65508664,0.51224977,0.48824272,IDP-ESM2-8M,93,278,0.13869261741638184,0.6613969802856454,0.02717435299603521,0.015310704708099365,0.05066859114765643
A0A3G5AHA4,1.7230678796768188,4.382834434509277,0.63723826889638,0.5017737746238708,0.5077618298403009,1.6404555,4.0617127,0.6033511,0.4800847,0.5230391,IDP-ESM2-8M,93,278,0.08261239528656006,0.3211216926574707,0.0338871527159601,0.02168908715248108,0.015277272714020351
A0A3G5AK89,2.0694711208343506,5.184629440307617,0.663990454008367,0.540742814540863,0.5067364439326713,1.8665497,4.850816,0.66861916,0.5342611,0.48073226,IDP-ESM2-8M,93,278,0.20292139053344727,0.3338136672973633,0.004628701875422081,0.0064817070960998535,0.026004181798119252
A0A3G5Q4F5,1.5298995971679688,3.517494440078736,0.5406184241580713,0.4478425085544586,0.5820102964947816,1.7294424,4.0993176,0.536213,0.429332,0.58336735,IDP-ESM2-8M,93,278,0.19954276084899902,0.5818231105804439,0.004405443410848364,0.018510520458221436,0.0013570512225035136
A0A3Q8Q9R0,2.365200519561768,5.595171451568604,0.5462541918616481,0.4400821328163147,0.5607812108182438,2.3723774,5.5746593,0.5192938,0.4106626,0.62908345,IDP-ESM2-8M,93,278,0.00717687606811479,0.020512104034424716,0.026960406766433298,0.029419541358947754,0.0683022437906734
A0A3R5WKS6,3.128736734390259,6.250781536102295,0.2727410874179128,0.2730020582675934,1.3352994684341946,3.5450494,7.871686,0.42428118,0.35813314,0.83056813,IDP-ESM2-8M,93,278,0.41631269454956055,1.6209044456481934,0.15154009248702494,0.08513107895851135,0.5047313336494961
A0A401IPA0,2.9975976943969727,7.675229549407959,0.6451161718794156,0.5009886026382446,0.5197397813892928,3.1255953,7.923027,0.66447663,0.5163909,0.46696848,IDP-ESM2-8M,93,278,0.12799763679504395,0.24779748916625977,0.019360461192483802,0.01540231704711914,0.05277130461698443
A0A410I670,3.244960308074951,6.343748569488525,0.2791006434145139,0.2873978018760681,1.3422990106211006,3.5544884,7.897286,0.4255284,0.35900217,0.8296131,IDP-ESM2-8M,93,278,0.309528112411499,1.553537368774414,0.1464277636823489,0.07160437107086182,0.5126859210596382
A0A410S812,3.267818689346313,8.442427635192871,0.6790268172560489,0.5419377684593201,0.4639142143138185,3.2772303,8.197128,0.67366076,0.5266346,0.43543714,IDP-ESM2-8M,93,278,0.009411573410034624,0.2452993392944336,0.00536606209857815,0.015303194522857666,0.028477071464850012
A0A411HB56,3.061797380447388,7.849083423614502,0.672850586325103,0.5274837613105774,0.4876099426654795,3.0562425,7.705416,0.676734,0.5310627,0.45084172,IDP-ESM2-8M,93,278,0.005554914474487749,0.14366722106933594,0.003883384316986871,0.00357896089553833,0.03676821779289041
A0A481TD43,1.5442233085632324,3.899429321289064,0.614812140105491,0.4832353889942169,0.5024498942417553,1.589334,3.9589026,0.59981674,0.47446293,0.49801245,IDP-ESM2-8M,93,278,0.04511070251464844,0.05947327613830433,0.014995400546317428,0.008772462606430054,0.004437440924113134
A0A481V8U6,3.620218515396118,8.928796768188477,0.6320218049798477,0.4929403662681579,0.5129130826055708,3.7150755,9.136215,0.63517696,0.49599072,0.48583117,IDP-ESM2-8M,93,278,0.09485697746276855,0.20741844177246094,0.0031551516737472474,0.003050357103347834,0.0270819113313856
A0A481Z0P8,2.332705497741699,5.724720478057861,0.6820730240770069,0.6032056212425232,0.5226296396881983,2.3482885,5.9853234,0.69132435,0.5639186,0.4630407,IDP-ESM2-8M,93,278,0.015583038330078125,0.2606029510498047,0.00925132914107174,0.039287030696868896,0.05958893019265388
A0A481Z6X1,5.761097431182861,13.947094917297363,0.609779469011824,0.4603673219680786,0.5822898264496337,4.9020014,11.856667,0.6470872,0.4973266,0.48133773,IDP-ESM2-8M,93,278,0.8590960502624512,2.090428352355957,0.037307747365434296,0.036959290504455566,0.10095210033345325
A0A482JE07,1.7827786207199097,3.7496509552001953,0.3402145896258686,0.3243014812469482,0.9147243993052128,1.9245641,4.1777315,0.4245451,0.36154306,0.7804793,IDP-ESM2-8M,93,278,0.14178550243377686,0.42808055877685547,0.08433051964613458,0.03724157810211187,0.13424508736215857
A0A4D5XEU4,1.5674667358398438,3.4381988048553467,0.3862880596379595,0.4034710228443146,0.7771499086771628,1.7171307,3.4246855,0.40646416,0.36742494,0.84426326,IDP-ESM2-8M,93,278,0.14966392517089844,0.013513326644897461,0.0201760998507185,0.03604608774185181,0.06711334691899806
A0A4D5XFS9,5.242965221405029,13.085946083068848,0.6557979151272705,0.5125316381454468,0.5867808827252472,4.5837617,11.74721,0.7768878,0.6107708,0.40827882,IDP-ESM2-8M,93,278,0.6592035293579102,1.3387365341186523,0.12108985934019778,0.09823918342590332,0.17850205982638245
A0A4D5XFZ8,2.8947439193725586,7.357184886932373,0.6698645050648893,0.5511986017227173,0.5295215252982225,3.056623,7.4480634,0.6096683,0.5065958,0.6153817,IDP-ESM2-8M,93,278,0.1618790626525879,0.09087848663330078,0.06019619060794956,0.044602811336517334,0.08586019238366227
A0A4P1QFK2,1.5769423246383667,3.9907727241516113,0.601099123084095,0.489146888256073,0.5206487896645681,1.5528665,3.8057625,0.5903702,0.47269037,0.51605296,IDP-ESM2-8M,93,278,0.024075865745544434,0.18501019477844238,0.010728944861438716,0.016456514596939087,0.004595828315080763
A0A4Y1NU38,2.05042028427124,5.2004899978637695,0.6318165474368713,0.4935110509395599,0.5065606352520838,2.0315104,5.0659323,0.6161708,0.4877672,0.51209426,IDP-ESM2-8M,93,278,0.018909931182860884,0.13455772399902344,0.01564572386280516,0.0057438611984252375,0.005533624010001126
A0A4Y5NGG5,1.5171821117401123,3.800815105438232,0.6079902709298288,0.486662894487381,0.5026298461758542,1.4629163,3.5740829,0.576807,0.45903736,0.527063,IDP-ESM2-8M,93,278,0.05426585674285889,0.22673225402831987,0.031183248835102262,0.02762553095817566,0.024433165947253754
A0A4Y6EML4,1.5889664888381958,3.911598920822144,0.6041871372028834,0.4794623553752899,0.5328990918125099,1.7893083,4.563161,0.64704365,0.5078441,0.4537423,IDP-ESM2-8M,93,278,0.2003418207168579,0.6515619754791255,0.04285650817904407,0.02838173508644104,0.0791567963088936
A0A515J3G6,2.9944839477539062,7.03131103515625,0.5097993618682929,0.3988792300224304,0.5944336636247909,3.2250586,7.5702925,0.5154267,0.4012704,0.6147427,IDP-ESM2-8M,93,278,0.2305746078491211,0.5389814376831055,0.005627333478539387,0.0023911595344543457,0.020309032660456916
A0A5B8IIW6,1.9006930589675903,4.830367565155029,0.6535139474210855,0.529382586479187,0.4957562834234626,1.9282151,4.8453083,0.64165145,0.5100058,0.48729417,IDP-ESM2-8M,93,278,0.02752208709716797,0.014940738677978516,0.011862495833408482,0.019376814365386963,0.008462116143265475
A0A5C0PG83,1.4672784805297852,3.4528045654296875,0.5621860974750106,0.4580844044685364,0.5362758238839155,1.4262509,3.4669,0.5641091,0.448608,0.5323072,IDP-ESM2-8M,93,278,0.04102754592895508,0.014095544815063477,0.0019229895153458632,0.009476393461227417,0.003968616299534378
A0A5C0ZRE4,2.6661126613616943,6.326581954956055,0.4658143776661049,0.3765358030796051,0.7112461918578401,2.8348505,6.591396,0.50661844,0.4054523,0.64808303,IDP-ESM2-8M,93,278,0.16873788833618164,0.2648138999938965,0.040804062485109704,0.028916507959365845,0.06316316068031935
A0A5C0ZSQ4,2.545008897781372,6.029515266418457,0.444463782045835,0.3410599529743194,0.7356126392563154,2.7272115,6.2783723,0.48960432,0.3931952,0.6708632,IDP-ESM2-8M,93,278,0.18220257759094238,0.2488570213317871,0.04514054205656676,0.05213525891304022,0.06474942810137763
A0A5C0ZTE6,2.677662372589112,6.272698879241943,0.4681365660763472,0.3687142133712768,0.709375405201528,2.8221684,6.578188,0.5108463,0.40799865,0.6416373,IDP-ESM2-8M,93,278,0.14450597763061435,0.30548906326293945,0.042709750738075425,0.03928443789482122,0.06773807991466274
A0A5C0ZTP4,2.597158908843994,6.122961521148682,0.4511941121320432,0.3557023108005523,0.7306013046576049,2.8104968,6.503231,0.4988529,0.40131593,0.6625356,IDP-ESM2-8M,93,278,0.21333789825439453,0.38026952743530273,0.04765879647925442,0.04561361670494085,0.06806569684281605
A0A5C0ZTQ7,2.584814548492432,5.955605506896973,0.4455159856743504,0.3573756814002991,0.7429921396287029,2.8422787,6.586491,0.50108653,0.40137547,0.65722775,IDP-ESM2-8M,93,278,0.2574641704559322,0.6308856010437012,0.055570547395260184,0.04399979114532471,0.08576438503580741
A0A5J6VNB5,4.43790864944458,10.92771816253662,0.6070650528690373,0.4745469689369201,0.5514989412224033,3.8967266,9.432531,0.58801836,0.4658675,0.58431166,IDP-ESM2-8M,93,278,0.5411820411682129,1.4951868057250959,0.019046695115283674,0.008679479360580389,0.03281272288205839
A0A5K0U8Q2,3.1471762657165527,7.154059886932373,0.27001465200043,0.2995531558990478,1.428445635479139,4.315615,10.067599,0.5090906,0.40841222,0.71046996,IDP-ESM2-8M,93,278,1.1684389114379883,2.913539409637451,0.2390759503974887,0.10885906219482427,0.7179756743127572
A0A5K0UBH9,4.377170562744141,10.752802848815918,0.6188259007539436,0.5179035663604736,0.5529834863234949,4.0910087,10.1593075,0.62970746,0.4880718,0.5178349,IDP-ESM2-8M,93,278,0.2861618995666504,0.5934953689575195,0.010881554881127187,0.029831767082214355,0.03514858451380254
A0A5P9UM97,2.1314737796783447,5.469008922576904,0.6097184296072277,0.4673957824707031,0.5182220689547932,1.917262,4.4856577,0.5197918,0.4226727,0.65173286,IDP-ESM2-8M,93,278,0.2142118215560913,0.9833512306213379,0.08992664770491443,0.04472309350967407,0.13351079304090385
A0A646QWB4,1.878915429115296,4.6874165534973145,0.6060478071227473,0.4707807302474975,0.5153158031832196,1.8658732,4.5718384,0.58242106,0.46415442,0.5607509,IDP-ESM2-8M,93,278,0.01304221153259344,0.11557817459106445,0.02362674274591625,0.006626307964324896,0.045435098515846595
A0A646QWN2,1.7721363306045532,4.608987331390381,0.6641320664252924,0.5187904834747314,0.4761010747766399,1.9106052,4.89565,0.6513703,0.51226395,0.46665198,IDP-ESM2-8M,93,278,0.13846886157989502,0.28666257858276367,0.012761779483764113,0.006526529788970947,0.009449098668088851
A0A649VCB5,1.5268571376800537,3.6301403045654297,0.5060559101829343,0.419342577457428,0.6355288198206392,1.4421647,3.382707,0.53363365,0.4386795,0.60166353,IDP-ESM2-8M,93,278,0.08469247817993164,0.24743318557739258,0.02757773916627837,0.01933690905570984,0.03386528994774496
A0A6B9LZ63,1.4485865831375122,3.4184932708740234,0.5290313887029996,0.4173169732093811,0.5779464587698795,1.5389678,3.7528167,0.5828921,0.46471083,0.53038734,IDP-ESM2-8M,93,278,0.09038126468658447,0.3343234062194824,0.05386073118149137,0.047393858432769775,0.04755911679371372
A0A6C0RTL1,1.9477744102478027,4.953113555908203,0.6751518940374736,0.5500271320343018,0.4789383224175402,1.7721691,4.7275825,0.67450094,0.5301132,0.43793792,IDP-ESM2-8M,93,278,0.17560529708862305,0.22553110122680664,0.0006509518072489451,0.019913911819458008,0.0410004070923754
A0A6F9F3M6,1.6702297925949097,4.013767242431641,0.5448578489146423,0.4344554245471954,0.552450070908999,1.8497943,4.4299374,0.54588586,0.42987046,0.5573037,IDP-ESM2-8M,93,278,0.1795644760131836,0.4161701202392578,0.0010280120053101083,0.0045849680900573175,0.004853655764127218
A0A6G7AB66,2.321918249130249,5.384494781494141,0.5018268343534142,0.4031600952148437,0.6142194327159488,2.4968443,5.8948774,0.52725154,0.40825078,0.589871,IDP-ESM2-8M,93,278,0.1749260425567627,0.5103826522827148,0.02542470726111823,0.00509068369865423,0.024348443393286456
A0A6G7AB88,2.5087578296661377,5.888238906860352,0.4947683171464599,0.3996161222457886,0.6328081086843298,2.6245322,6.1874456,0.5243566,0.40557975,0.5961108,IDP-ESM2-8M,93,278,0.11577439308166504,0.2992067337036133,0.02958828647597661,0.005963623523712158,0.03669728791406612
A0A6G8MYF8,2.797440767288208,6.094493389129639,0.4276329720124927,0.3466676473617553,0.7338739047135627,3.2843292,7.5233917,0.4762405,0.37656665,0.6711769,IDP-ESM2-8M,93,278,0.48688840866088867,1.4288983345031738,0.04860751389410828,0.02989900112152105,0.0626969943131721
A0A6H0YEW0,1.4517817497253418,3.4585723876953125,0.5568597056855416,0.4462162256240845,0.5491226731313735,1.4045328,3.37399,0.55999947,0.45119548,0.5490948,IDP-ESM2-8M,93,278,0.0472489595413208,0.08458232879638672,0.003139760256841262,0.004979252815246582,2.7876950648431098e-05
A0A6J5KPB0,1.9391398429870603,4.933845043182373,0.6420353636325445,0.5163862705230713,0.495535435744577,1.8316897,4.507989,0.5953864,0.47790202,0.53994507,IDP-ESM2-8M,93,278,0.10745012760162331,0.4258561134338379,0.04664897771488097,0.03848424553871155,0.04440963023061223
A0A6J5KRS4,1.7713096141815186,4.383134841918945,0.6026525478801068,0.4676600694656372,0.5151548788451072,1.7547568,4.427266,0.61632603,0.48521388,0.49255273,IDP-ESM2-8M,93,278,0.01655280590057373,0.04413127899169922,0.013673486188954476,0.01755380630493164,0.02260215138424604
A0A6J5KVQ0,2.03214955329895,4.888143539428711,0.6163497233889532,0.5053057074546814,0.5178343382457055,2.0703855,5.177398,0.61470973,0.4827825,0.5131062,IDP-ESM2-8M,93,278,0.03823590278625488,0.28925466537475586,0.0016399884722662073,0.022523194551467896,0.004728111324623918
A0A6J5L216,1.6680256128311155,4.347125053405762,0.650349917436056,0.5026524066925049,0.4963638241010943,1.7665718,4.521393,0.6306607,0.49093157,0.45733094,IDP-ESM2-8M,93,278,0.0985461473464968,0.17426776885986328,0.019689204717092346,0.011720836162567139,0.039032881947163645
A0A6J5L2N6,2.2989559173583984,5.436499118804932,0.4621160371227775,0.3621842265129089,0.6851269594366337,2.3168118,5.3344545,0.4852373,0.38957834,0.66428113,IDP-ESM2-8M,93,278,0.01785588264465332,0.10204458236694336,0.023121263273188086,0.02739411592483526,0.020845829599597576
A0A6J5L2W6,2.8065874576568604,7.203927516937256,0.6702668348348889,0.5267476439476013,0.4899572184079447,3.3367608,8.19758,0.7056414,0.562027,0.4101142,IDP-ESM2-8M,93,278,0.5301733016967773,0.9936528205871582,0.03537455405823853,0.03527933359146118,0.07984301948483374
A0A6J5L549,2.506929636001587,6.672206878662109,0.7020623178986034,0.5587549805641174,0.4812575806749918,2.7992373,6.953667,0.714009,0.5808236,0.43838614,IDP-ESM2-8M,93,278,0.29230761528015137,0.2814602851867676,0.011946669051317249,0.02206861972808838,0.04287143842111607
A0A6J5L8Y0,1.690171718597412,3.855520725250244,0.5027241069046839,0.4108612537384033,0.5989975287218855,1.7191789,3.9672272,0.49252108,0.39338845,0.6365559,IDP-ESM2-8M,93,278,0.0290071964263916,0.11170649528503418,0.01020302951019847,0.017472803592681885,0.037558381388588136
A0A6J5LE62,1.8723387718200684,4.90720272064209,0.6350305528546061,0.4870165288448334,0.4794861016185628,1.9837439,4.972876,0.6002302,0.47035685,0.5202972,IDP-ESM2-8M,93,278,0.1114051342010498,0.0656733512878418,0.03480033587462561,0.016659677028656006,0.040811127671445735
A0A6J5LH85,2.0278542041778564,5.112582206726074,0.6143388418842416,0.4615023136138916,0.5210087176727277,2.0165467,5.0758343,0.60816157,0.47215188,0.4856458,IDP-ESM2-8M,93,278,0.011307477951049805,0.03674793243408203,0.006177273242578996,0.010649561882019043,0.035362916843794
A0A6J5LWJ3,2.130364179611206,5.3557844161987305,0.6206703540345822,0.481553316116333,0.5299881910987323,1.9620616,4.7734203,0.56726766,0.4520888,0.575549,IDP-ESM2-8M,93,278,0.1683025360107422,0.5823640823364258,0.053402697708288205,0.029464513063430786,0.04556081536336487
A0A6J5LYG1,2.246100187301636,5.662235736846924,0.5924075914238613,0.4635239839553833,0.5368733334284397,2.2713494,5.6551213,0.5973005,0.46691084,0.52509195,IDP-ESM2-8M,93,278,0.02524924278259233,0.007114410400390625,0.004892938056119123,0.003386855125427246,0.011781387303409163
A0A6J5M0M6,1.7771401405334473,4.456646919250488,0.6192509000015146,0.4827207624912262,0.5011183911512269,1.7430699,4.3717356,0.600631,0.47414103,0.51319456,IDP-ESM2-8M,93,278,0.03407025337219238,0.08491134643554688,0.01861990139006442,0.008579730987548828,0.012076169853411756
A0A6J5M1A9,1.7769579887390137,4.359809875488281,0.5835114264136912,0.4459495544433594,0.5367675563885651,1.6787131,4.148362,0.5905376,0.47172222,0.53736717,IDP-ESM2-8M,93,278,0.09824490547180176,0.21144771575927734,0.007026181256139075,0.025772660970687866,0.0005996087000884609
A0A6J5M383,1.4792567491531372,3.551586866378784,0.5779234131200273,0.462022602558136,0.5301891335071303,1.4405824,3.5686755,0.593008,0.4660876,0.501965,IDP-ESM2-8M,93,278,0.038674354553222656,0.017088651657104492,0.0150845686571639,0.004065006971359253,0.02822414718281996
A0A6J5M440,1.5295896530151367,3.3604073524475098,0.2900469858504883,0.3233417570590973,0.9950001919393234,1.0761682,1.6238742,0.3276285,0.33916563,1.0064758,IDP-ESM2-8M,93,278,0.4534214735031128,1.7365331649780273,0.03758150745853267,0.01582387089729309,0.01147561429694366
A0A6J5M597,2.368009567260742,5.3564629554748535,0.3797726870868477,0.2845461368560791,0.7673448003456302,2.3289886,5.3575296,0.4840206,0.37762576,0.61106914,IDP-ESM2-8M,93,278,0.03902101516723633,0.0010666847229003906,0.10424790369531783,0.09307962656021118,0.1562756575271793
A0A6J5M692,1.7779672145843506,4.5860748291015625,0.6375848981772269,0.4900106787681579,0.4757229214037429,1.901828,4.884885,0.6306046,0.49753812,0.4885346,IDP-ESM2-8M,93,278,0.12386083602905273,0.2988100051879883,0.006980273428996875,0.00752744078636175,0.012811678138874905
A0A6J5MAS8,2.1566946506500244,5.333974838256836,0.6308056516303989,0.5052657723426819,0.5123894251621289,2.1411161,5.31734,0.6126288,0.48521245,0.5284274,IDP-ESM2-8M,93,278,0.015578508377075195,0.01663494110107422,0.01817683407211035,0.020053327083587646,0.016037996884532446
A0A6J5MC63,2.8006591796875,6.929624080657959,0.6062615183598775,0.4717980325222015,0.5218427316666221,2.7712898,6.802473,0.5986789,0.46735287,0.5198317,IDP-ESM2-8M,93,278,0.029369354248046875,0.1271510124206543,0.007582631469466139,0.004445165395736639,0.002011014652309351
A0A6J5MCB3,1.910890460014344,4.856009006500244,0.6572073805781288,0.5447538495063782,0.5022710943150148,1.8550085,4.661305,0.6406765,0.513578,0.5014013,IDP-ESM2-8M,93,278,0.055881977081299494,0.1947040557861328,0.016530882165042837,0.031175851821899414,0.0008697891163453875
A0A6J5MEY7,1.807762861251831,4.6377854347229,0.6033643188660649,0.4538577198982239,0.5242467780867908,1.7449274,4.292721,0.5960454,0.47995412,0.5545907,IDP-ESM2-8M,93,278,0.0628354549407959,0.345064640045166,0.007318943995764604,0.0260964035987854,0.030343923970094
A0A6J5MKW9,2.013401746749878,5.113126754760742,0.6115603743380448,0.4853740632534027,0.5280121430275041,1.8341718,4.416196,0.5645671,0.45479208,0.58119,IDP-ESM2-8M,93,278,0.1792299747467041,0.6969308853149414,0.04699328525723423,0.03058198094367981,0.05317784701613604
A0A6J5MMF3,2.966634511947632,7.532067775726318,0.6390296231065321,0.5121700763702393,0.487953309190075,2.9880166,7.3957453,0.615209,0.4791536,0.51079845,IDP-ESM2-8M,93,278,0.02138209342956543,0.1363224983215332,0.023820639685206424,0.033016473054885864,0.022845145094592956
A0A6J5MV94,1.9901422262191768,5.100870609283447,0.6515797842048011,0.520313024520874,0.4953597478624896,1.993436,5.064367,0.6388625,0.505618,0.48954636,IDP-ESM2-8M,93,278,0.00329375267028853,0.03650379180908203,0.012717293550809416,0.014695048332214355,0.005813389277131931
A0A6J5N0T2,1.4794939756393433,3.64854907989502,0.5767917549243526,0.4533455669879913,0.5311476346136877,1.5553977,3.748605,0.5568302,0.4442213,0.5584862,IDP-ESM2-8M,93,278,0.07590377330780029,0.10005593299865678,0.019961527549322122,0.009124279022216741,0.02733858860713745
A0A6J5NF31,2.0758919715881348,5.361358642578125,0.6146768380769808,0.4765161275863647,0.5096443454355845,2.0396743,5.0279,0.5763911,0.45164928,0.54769474,IDP-ESM2-8M,93,278,0.036217689514160156,0.33345842361450195,0.03828573719349693,0.0248668491840362,0.03805039724401149
A0A6J5P529,2.1715567111968994,5.691701889038086,0.6942436293058728,0.5560112595558167,0.4881359709119605,2.2674007,5.43453,0.66983974,0.566628,0.5067745,IDP-ESM2-8M,93,278,0.09584403038024902,0.2571721076965332,0.02440388950637329,0.010616719722747803,0.01863851419927609
A0A6J5PE78,1.9296947717666624,4.921981334686279,0.6228106583347692,0.4946843385696411,0.4964535332763607,1.890076,4.8241067,0.62194043,0.48115152,0.47759092,IDP-ESM2-8M,93,278,0.03961873054504372,0.09787464141845703,0.0008702243557348055,0.013532817363739014,0.018862614735406125
A0A6J5PLB7,2.0593435764312744,5.114406108856201,0.6412099258643065,0.5151833295822144,0.5022955029121112,2.0331917,4.9891496,0.56607926,0.44696125,0.5964457,IDP-ESM2-8M,93,278,0.02615189552307129,0.12525653839111328,0.07513066694554427,0.06822207570075989,0.09415017675250059
A0A6J5PPF9,1.649208664894104,4.055289268493652,0.6141783023535871,0.4969793558120727,0.5270954509026198,1.8007457,4.584428,0.6604056,0.5294801,0.42887703,IDP-ESM2-8M,93,278,0.15153706073760986,0.5291385650634766,0.0462272738755084,0.03250074386596685,0.09821842505995315
A0A6J5PZI4,1.5852831602096558,3.871628522872925,0.5714721067072182,0.4665172696113586,0.5661752308900863,1.39969,3.2166247,0.54734695,0.4628654,0.6082977,IDP-ESM2-8M,93,278,0.1855931282043457,0.6550037860870361,0.02412515712988661,0.0036518573760985773,0.042122474760243334
A0A6J5SKE0,2.8375437259674072,6.862978458404541,0.6122303069226669,0.481911301612854,0.526227942014457,2.6662,6.595349,0.6117372,0.47808057,0.5047007,IDP-ESM2-8M,93,278,0.17134380340576172,0.26762962341308594,0.0004931152455733834,0.00383073091506958,0.021527221704245814
A0A6J5SLP1,2.0629498958587646,5.110167980194092,0.6344943512416883,0.5255350470542908,0.5125686355999645,1.8700502,4.6223903,0.5968979,0.4803008,0.55467874,IDP-ESM2-8M,93,278,0.1928997039794922,0.4877777099609375,0.03759645113716559,0.045234233140945435,0.042110102517253556
A0A6J7W7Z1,1.706135869026184,4.159934043884277,0.580598923738705,0.4490261077880859,0.5451158908266778,1.5804029,3.800143,0.5609632,0.45341247,0.5722272,IDP-ESM2-8M,93,278,0.12573301792144775,0.3597910404205322,0.019635710294948927,0.004386365413665827,0.0271112891774421
A0A6J7WAM5,2.0190422534942627,5.0516886711120605,0.608292004762785,0.4848085641860962,0.5269745416808834,1.8750753,4.602523,0.5773509,0.45719236,0.55346066,IDP-ESM2-8M,93,278,0.1439669132232666,0.44916582107543945,0.030941090284482997,0.02761620283126831,0.02648611591570471
A0A6J7WD77,2.065450668334961,5.317498683929443,0.6367366560826982,0.4977577924728393,0.4958055996826885,2.1117933,5.2557745,0.5879345,0.4575358,0.5282351,IDP-ESM2-8M,93,278,0.04634261131286621,0.061724185943603516,0.04880216206414356,0.04022198915481562,0.03242947817528269
A0A6J7WRV8,1.9835727214813232,4.924563407897949,0.629770255357348,0.4972354173660278,0.5091708188231399,1.9725695,4.966591,0.61997724,0.48883227,0.49661112,IDP-ESM2-8M,93,278,0.011003255844116211,0.04202747344970703,0.009793019563280603,0.008403152227401678,0.012559700506489468
A0A6J7WTJ4,1.6627225875854492,4.18943977355957,0.6091298171038624,0.4820884764194488,0.5175178834716834,1.7404063,4.400702,0.61074156,0.4790631,0.50282204,IDP-ESM2-8M,93,278,0.07768368721008301,0.21126222610473633,0.0016117385869029999,0.003025382757186834,0.014695841960147726
A0A6J7WZ48,3.885434627532959,9.614404678344728,0.6499424909373895,0.5193446278572083,0.5243535589083568,3.7608092,9.441692,0.66172415,0.51438636,0.4901836,IDP-ESM2-8M,93,278,0.12462544441223145,0.17271232604980646,0.011781659243427112,0.0049582719802856445,0.03416996706570541
A0A6J7WZH5,2.054415941238404,5.135563373565674,0.6643603057578221,0.5420795679092407,0.4849197219207882,1.9213262,4.921588,0.6364362,0.49942008,0.4788162,IDP-ESM2-8M,93,278,0.133089780807496,0.2139754295349121,0.027924081774057474,0.042659491300582886,0.006103510697185899
A0A6J7X3M2,1.8259435892105105,4.499699115753174,0.6280365013171239,0.5116533637046814,0.5206012336643361,1.7492259,4.366844,0.6124978,0.4857776,0.5174175,IDP-ESM2-8M,93,278,0.07671773433685325,0.13285493850708008,0.015538694768051586,0.025875777006149292,0.0031837431820057605
A0A6J7X4W8,2.220386505126953,5.811255931854248,0.6546679176380377,0.5121362805366516,0.4915143969534887,2.0418327,5.244995,0.6454203,0.5077148,0.47769088,IDP-ESM2-8M,93,278,0.17855381965637207,0.566260814666748,0.00924760475656794,0.0044214725494384766,0.013823521423245777
A0A6J7XE11,2.867974281311035,7.108263969421387,0.5912745728787324,0.4590451121330261,0.5382690851789024,2.7539268,6.7714562,0.59856486,0.46782723,0.52935606,IDP-ESM2-8M,93,278,0.11404752731323242,0.3368077278137207,0.007290290326223636,0.008782118558883667,0.00891302276664041
A0A6M2ZHS1,2.086543321609497,5.3327813148498535,0.6192001411376857,0.4680312275886535,0.4931761862639989,1.9666076,4.9048915,0.6122628,0.48319468,0.50114316,IDP-ESM2-8M,93,278,0.11993575096130371,0.4278898239135742,0.006937355702962833,0.015163451433181818,0.007966971218148322
A0A6M3TA11,1.4792953729629517,3.54923939704895,0.5658585775931937,0.47309410572052,0.5455142778983091,1.5766677,3.904855,0.58777434,0.46648988,0.5148542,IDP-ESM2-8M,93,278,0.09737229347229004,0.35561561584472656,0.021915758744849523,0.006604224443435669,0.030660085164544437
A0A6S4P8D4,3.010774612426758,7.695930004119873,0.6266026752171043,0.4826346933841705,0.486841866896009,3.1413307,7.7395163,0.6093907,0.47320375,0.5185744,IDP-ESM2-8M,93,278,0.1305561065673828,0.04358625411987305,0.017211999195528405,0.009430944919586126,0.03173254974141165
A0A6S4P9N8,1.994699597358704,4.9840407371521,0.6075660193484059,0.4695645272731781,0.5228486875881853,1.9600971,4.840788,0.5946798,0.47323903,0.53681624,IDP-ESM2-8M,93,278,0.034602522850037065,0.14325284957885742,0.01288624649455461,0.0036745071411132812,0.013967551768809372
A0A6S4PA87,3.191801071166992,8.126220703125,0.6450589130815632,0.4895275831222534,0.4909669837610159,3.1261458,7.7758656,0.63356125,0.49723795,0.5187036,IDP-ESM2-8M,93,278,0.06565523147583008,0.3503551483154297,0.0114976595338947,0.007710367441177368,0.02773659614163304
A0A6S4PGH2,1.961340308189392,4.901705265045166,0.6495913470255821,0.5296774506568909,0.4903317431394223,1.9277043,4.8131776,0.6181078,0.49790752,0.52767134,IDP-ESM2-8M,93,278,0.03363597393035889,0.08852767944335938,0.031483551310250046,0.03176993131637573,0.03733959398826325
A0A7D3USN0,4.526209831237793,11.20574951171875,0.6469354913635087,0.5100375413894653,0.5403739769259076,4.2261844,10.505663,0.6572201,0.5155487,0.48096174,IDP-ESM2-8M,93,278,0.30002546310424805,0.7000865936279297,0.010284633834855561,0.005511164665222168,0.05941223690897035
A0A7D5FH32,2.834763288497925,6.554789543151856,0.4832117212955027,0.3755437731742859,0.6505368966521501,3.0200007,7.103913,0.5179585,0.40374917,0.61033934,IDP-ESM2-8M,93,278,0.18523740768432617,0.5491232872009268,0.03474680054745383,0.028205394744873047,0.04019755310432904
A0A7I6MYG1,1.7066164016723633,3.9409029483795166,0.4579449251607356,0.3678095936775207,0.6756351617808283,1.7602856,4.1347666,0.5224433,0.41405997,0.5907324,IDP-ESM2-8M,93,278,0.05366921424865723,0.1938636302947998,0.06449836936441089,0.04625037312507635,0.08490276613187198
A0A7M1CLG8,2.553478240966797,6.814207077026367,0.6561642208782253,0.4836627840995788,0.4933826249543369,2.4495082,6.0139923,0.59237725,0.4871409,0.6004401,IDP-ESM2-8M,93,278,0.10397005081176758,0.8002147674560547,0.06378697545204737,0.0034781098365784247,0.10705745997989774
A0A7M1RZ47,1.7411084175109863,4.519622325897217,0.6642954888159576,0.5219975113868713,0.4576218950356466,1.9190893,4.922901,0.6523965,0.51522386,0.46220773,IDP-ESM2-8M,93,278,0.17798089981079102,0.40327882766723633,0.011898988705331348,0.006773650646209717,0.004585839549161752
A0A7S5RCY4,1.730492353439331,4.066667079925537,0.4737203245955578,0.3666132688522339,0.6473329039809342,1.6875048,3.9268253,0.505778,0.40581822,0.6157321,IDP-ESM2-8M,93,278,0.04298758506774902,0.13984179496765137,0.032057690064323796,0.039204955101013184,0.031600830197059726
A0A7S5UT98,1.775291085243225,4.230935096740723,0.4852103003348316,0.387211799621582,0.6406845221328701,1.6249909,3.7447388,0.49342546,0.39767563,0.63369316,IDP-ESM2-8M,93,278,0.15030014514923096,0.48619627952575684,0.008215158334830885,0.010463833808898981,0.006991363506313686
A0A7S9SUD3,3.237489700317383,8.369274139404297,0.6372985634715937,0.4829832315444946,0.5051477517447549,2.87504,7.2119966,0.61435765,0.47949,0.5214346,IDP-ESM2-8M,93,278,0.36244964599609375,1.1572775840759277,0.02294091319159497,0.003493219614028875,0.016286853376857646
A0A7S9XGD0,2.4885799884796143,6.185266494750977,0.6940948614555758,0.5733588933944702,0.4889448689261914,2.8217304,6.752389,0.67937976,0.5624647,0.4982621,IDP-ESM2-8M,93,278,0.33315038681030273,0.5671224594116211,0.014715100236551093,0.010894179344177246,0.009317238446092557
A0A7U3WA13,3.126995325088501,6.981460571289063,0.4847818689280945,0.3827652633190155,0.7001754481869048,4.328379,10.273329,0.5512898,0.4272361,0.6011775,IDP-ESM2-8M,93,278,1.2013838291168213,3.2918682098388663,0.06650792790112914,0.04447084665298462,0.09899793458750905
A0A811BMM7,3.0670812129974365,7.437626838684082,0.6417744435406219,0.5354580283164978,0.517492195317939,3.0076094,7.3500147,0.5925216,0.47249323,0.5709918,IDP-ESM2-8M,93,278,0.059471845626831055,0.08761215209960938,0.04925283566479788,0.0629647970199585,0.05349961881856613
A0A858MR12,1.857747197151184,4.161876201629639,0.407716195119446,0.3348939120769501,0.7633903476760597,1.6586537,3.5997179,0.4353468,0.36653638,0.7606312,IDP-ESM2-8M,93,278,0.19909346103668213,0.5621583461761475,0.02763061689036539,0.03164246678352356,0.00275914402463151
A0A8A4VK22,1.9295012950897217,4.8634867668151855,0.6364517088233197,0.4976744353771209,0.5106125744831022,1.9928544,4.9953327,0.6371079,0.50933355,0.5032108,IDP-ESM2-8M,93,278,0.06335306167602539,0.13184595108032227,0.0006561999024188303,0.011659115552902277,0.007401791478341413
A0A8D9CCF9,1.888699650764465,4.801146030426025,0.6653807807206695,0.5427939891815186,0.4961610644689401,1.7646182,4.5692625,0.65821654,0.5230853,0.46721372,IDP-ESM2-8M,93,278,0.12408149242401101,0.23188352584838867,0.007164244675595066,0.019708693027496338,0.0289473443857034
A0A8E5KAT9,2.107600450515747,5.130764007568359,0.6055292433371509,0.4913963079452514,0.5473178177355316,1.9950709,4.876345,0.5961532,0.47569174,0.5465572,IDP-ESM2-8M,93,278,0.11252951622009277,0.25441884994506836,0.009376043664451883,0.01570457220077509,0.0007606297014739472
A0A8F2E6U0,1.5742292404174805,3.0075788497924805,0.3664509954888639,0.3507096171379089,0.835116406220382,1.8589001,4.1352067,0.49438217,0.41877717,0.6827899,IDP-ESM2-8M,93,278,0.2846708297729492,1.1276278495788574,0.12793117733408838,0.06806755065917974,0.1523264844598229
A0A8S5LF95,1.9036476612091064,4.733757972717285,0.595378790012683,0.4625234305858612,0.5305047980958139,1.8878791,4.595763,0.5689377,0.45411348,0.566696,IDP-ESM2-8M,93,278,0.01576852798461914,0.13799476623535156,0.026441071144427397,0.008409947156906128,0.03619119008243932
A0A8S5LN82,1.4487820863723757,3.4539220333099365,0.5446376993270221,0.4372842311859131,0.5546914238471846,1.419337,3.4636724,0.5676269,0.44966048,0.5253892,IDP-ESM2-8M,93,278,0.029445052146911843,0.0097503662109375,0.022989194193333118,0.012376248836517334,0.029302229358659226
A0A8S5M1Q5,1.6188278198242188,4.0525803565979,0.6091546656783664,0.4869271218776703,0.5143534919425639,1.575018,3.900003,0.5836836,0.46836445,0.546226,IDP-ESM2-8M,93,278,0.04380977153778076,0.15257740020751953,0.025471055715903024,0.018562674522399902,0.03187253268512169
A0A8S5M989,1.5273394584655762,3.847961187362671,0.6156554636812315,0.4821216166019439,0.4856386249245935,1.6379943,4.1904154,0.626229,0.49316537,0.46971846,IDP-ESM2-8M,93,278,0.11065483093261719,0.342454195022583,0.010573524489392305,0.011043757200241144,0.01592016865628293
A0A8S5MGS1,1.9107593297958367,4.852020263671875,0.6145630058256164,0.4736190438270569,0.5202174636303424,2.0383782,5.196636,0.62944347,0.48977095,0.47822273,IDP-ESM2-8M,93,278,0.12761890888214178,0.3446159362792969,0.014880460837744192,0.016151905059814453,0.04199473585476865
A0A8S5N1K7,1.5024025440216064,3.473304033279419,0.4922121482579998,0.4123262166976928,0.6279645349292664,1.3871269,3.278635,0.5300725,0.4242459,0.58057356,IDP-ESM2-8M,93,278,0.11527562141418457,0.19466900825500488,0.037860361984462354,0.011919677257537897,0.04739097612189336
A0A8S5N469,1.5002455711364746,3.7594714164733887,0.5916984990871189,0.4573421478271484,0.5179651683412804,1.5071164,3.687206,0.58376634,0.46670157,0.5235958,IDP-ESM2-8M,93,278,0.006870865821838379,0.0722653865814209,0.007932157877707291,0.009359419345855768,0.005630641595243069
A0A8S5NE69,2.030045509338379,5.104433059692383,0.6345707147950939,0.5033239126205444,0.4981746807078459,1.8825902,4.74226,0.60957706,0.47755164,0.502879,IDP-ESM2-8M,93,278,0.1474553346633911,0.36217308044433594,0.024993655049305286,0.025772273540496826,0.004704342844095044
A0A8S5NNF7,1.9517014026641848,4.897556781768799,0.661953113180614,0.5410682559013367,0.4976671545051648,2.2052364,5.717386,0.7065197,0.5588361,0.40833312,IDP-ESM2-8M,93,278,0.25353503227233865,0.819828987121582,0.04456660975792359,0.01776784658432007,0.08933403177490967
A0A8S5NWD3,1.4935128688812256,3.536752939224243,0.5489920385111707,0.4366480708122253,0.5670953425423826,1.4420173,3.554954,0.5746929,0.4577231,0.5274507,IDP-ESM2-8M,93,278,0.05149555206298828,0.018201112747192383,0.0257008664380175,0.02107504010200506,0.039644661809655535
A0A8S5NWX7,1.5306576490402222,3.837468147277832,0.5934941873277153,0.4608719646930694,0.5161819221930002,1.5499287,3.8963041,0.6024586,0.47111914,0.49575442,IDP-ESM2-8M,93,278,0.019271016120910645,0.05883598327636719,0.008964408901837917,0.010247170925140436,0.020427501435706485
A0A8S5PA77,1.7014834880828855,4.125463485717773,0.5999476691585635,0.4899712800979614,0.5434062828538955,1.6838373,4.055594,0.5700185,0.457219,0.5640992,IDP-ESM2-8M,93,278,0.017646193504333274,0.0698695182800293,0.02992919887124046,0.032752275466918945,0.020692909765428258
A0A8S5PGG1,1.9649776220321653,4.702488899230957,0.6116664473595982,0.4993565380573272,0.5572912870775322,2.3248725,5.900399,0.66895556,0.5254139,0.45825225,IDP-ESM2-8M,93,278,0.3598948717117312,1.1979103088378906,0.05728911713930318,0.026057332754135187,0.0990390359293083
A0A8S5PHX0,2.0193347930908203,5.090493202209473,0.6470142805693997,0.5207337737083435,0.5086772371944519,2.0043433,4.9359355,0.6123066,0.4931032,0.5393286,IDP-ESM2-8M,93,278,0.014991521835327148,0.1545577049255371,0.03470768572076688,0.02763056755065918,0.03065133793982544
A0A8S5PIQ8,2.428028106689453,6.43988847732544,0.6408430441750754,0.4950533211231231,0.492854037047624,2.4806917,6.324746,0.63280153,0.4936454,0.47934255,IDP-ESM2-8M,93,278,0.052663564682006836,0.11514234542846769,0.008041511429714099,0.0014079213142394464,0.013511487008332601
A0A8S5Q7R0,1.581579566001892,4.018025875091553,0.6030806045623411,0.469040036201477,0.499717847849186,1.6943872,4.233772,0.6054032,0.47646675,0.48487642,IDP-ESM2-8M,93,278,0.11280763149261475,0.2157459259033203,0.002322580328405932,0.00742670893669134,0.014841423775013018
A0A8S5RD61,1.585565209388733,3.8766930103302,0.5863274428010303,0.4733953773975372,0.544515694111578,1.6684628,4.089076,0.58381134,0.45769894,0.5201582,IDP-ESM2-8M,93,278,0.08289754390716553,0.21238303184509277,0.0025161000848132886,0.01569643616676325,0.024357522457830405
A0A8S5RFF7,1.844328045845032,4.676414966583252,0.6410543889807006,0.5111598372459412,0.5078577901047752,2.2867987,5.829998,0.64416265,0.506116,0.4872121,IDP-ESM2-8M,93,278,0.4424706697463987,1.15358304977417,0.003108265896008433,0.0050438642501831055,0.020645698420433733
A0A8S5RGG2,1.6731501817703247,4.131866455078125,0.6323295490231226,0.5039330124855042,0.5214443721128859,1.7574911,4.3454905,0.5992097,0.49116927,0.5497099,IDP-ESM2-8M,93,278,0.08434092998504639,0.2136240005493164,0.033119823166341544,0.012763738632202148,0.028265544001921272
A0A8S5S9N0,1.6305373907089231,4.085838794708252,0.6420256873931043,0.5210772156715393,0.4840389397172496,1.8346393,4.640316,0.6350752,0.51689285,0.5058563,IDP-ESM2-8M,93,278,0.20410192012786887,0.5544772148132324,0.006950475868140904,0.004184365272521973,0.021817335841222085
A0A8S5SDG1,1.5145087242126465,3.6690611839294434,0.5562481612163227,0.4518767893314361,0.5624669673767385,1.6983204,4.121913,0.57541776,0.45631438,0.5263378,IDP-ESM2-8M,93,278,0.18381166458129883,0.4528517723083496,0.019169595817979057,0.004437595605850275,0.03612916496661278
A0A8S5SII4,2.219531297683716,5.632307052612305,0.6144867910634291,0.4854015707969665,0.5177156782020228,1.9680278,4.8190837,0.5912117,0.4690576,0.5382653,IDP-ESM2-8M,93,278,0.25150346755981445,0.8132233619689941,0.023275114465833857,0.016343981027603094,0.02054960967410635
A0A8S5SVB6,1.6948617696762085,4.304651737213135,0.6221495476219098,0.4877682030200958,0.499676692343539,1.768436,4.4040833,0.61062455,0.48902896,0.5197377,IDP-ESM2-8M,93,278,0.07357418537139893,0.09943151473999023,0.011524995848838482,0.0012607574462890625,0.020061028145962945
A0A8S5TCW6,1.5280166864395142,3.649013757705689,0.5455349685800355,0.4373179674148559,0.5736140332977716,1.5872514,3.8628116,0.5728889,0.45588008,0.5442915,IDP-ESM2-8M,93,278,0.05923473834991455,0.213797807693481,0.027353942190380787,0.01856210827827459,0.02932253702091614
A0A8S5TKF0,1.775078535079956,4.53286075592041,0.6239396373432884,0.4973237216472626,0.5114393864752832,1.8286405,4.638091,0.6307886,0.49995685,0.4676707,IDP-ESM2-8M,93,278,0.05356192588806152,0.10523033142089844,0.006848986943363222,0.002633124589920044,0.04376867758055358
A0A8S5U5H8,1.677390456199646,4.325869083404541,0.6217713258164552,0.4871919155120849,0.5148979252547362,1.8849986,4.6340594,0.6047761,0.48068,0.5196457,IDP-ESM2-8M,93,278,0.20760810375213623,0.30819034576416016,0.016995241393390037,0.006511926651000921,0.004747765663232539
A0A8S5UDW9,1.4940508604049685,3.527181625366211,0.550342339257543,0.4452720582485199,0.5529265692730365,1.4837343,3.6104994,0.5713957,0.4515055,0.52437663,IDP-ESM2-8M,93,278,0.010316610336303933,0.08331775665283203,0.02105335595196023,0.0062334537506103516,0.028549938489955462
A0A8S5UG11,3.617985486984253,8.952908515930176,0.6894880108572783,0.6176755428314209,0.5439317970759465,3.6223488,8.936054,0.66682374,0.58747935,0.68728745,IDP-ESM2-8M,93,278,0.004363298416137695,0.016854286193847656,0.022664266083413542,0.030196189880371094,0.14335565276078444
A0A8S5UGG4,2.042558193206787,4.943607330322266,0.6636830605940401,0.5591898560523987,0.5088606533072081,2.1194532,5.3973575,0.67223233,0.538212,0.47229892,IDP-ESM2-8M,93,278,0.07689499855041504,0.4537501335144043,0.008549269251388325,0.02097785472869873,0.036561733152636555
A0A8S5UXR4,1.5032870769500732,3.793068170547485,0.5785252420268484,0.440199613571167,0.5263188604370659,1.5051073,3.6246326,0.55981374,0.44523138,0.5527751,IDP-ESM2-8M,93,278,0.001820206642150879,0.16843557357788042,0.018711504157585712,0.005031764507293701,0.02645622453531571
A0A8S5UYA7,1.5256898403167725,3.586228132247925,0.5543581135853055,0.4419084191322326,0.5496271467410678,1.4929917,3.634136,0.56367046,0.44826037,0.5352487,IDP-ESM2-8M,93,278,0.03269815444946289,0.04790782928466797,0.009312342824148834,0.006351947784423884,0.014378449937021198
A0A8S5V197,2.0072686672210693,5.133224010467529,0.66250286340173,0.5405694246292114,0.4833898872797093,1.9382257,4.8220177,0.6267177,0.5121788,0.5213602,IDP-ESM2-8M,93,278,0.06904292106628418,0.3112063407897949,0.03578517674859283,0.02839064598083496,0.03797033124522359
A0A8S5V2I6,1.4941134452819824,3.57685661315918,0.5466667315007193,0.440279871225357,0.5698091945814016,1.557763,3.81896,0.567893,0.4513401,0.5504494,IDP-ESM2-8M,93,278,0.06364953517913818,0.2421033382415767,0.021226296758558028,0.01106023788452154,0.019359823243510932
A0A8S5VTX0,1.8457144498825075,4.5687255859375,0.6102651109091664,0.4962217807769775,0.5431282808424484,1.676177,4.158725,0.6155665,0.4982364,0.526541,IDP-ESM2-8M,93,278,0.16953742504119895,0.4100008010864258,0.005301381171522124,0.002014607191085871,0.016587286198283313
A0A976N2M2,1.712059736251831,4.259273529052734,0.6410398596752954,0.5409592390060425,0.5199686212652983,2.1735148,5.628398,0.703907,0.5552525,0.40215248,IDP-ESM2-8M,93,278,0.4614551067352295,1.369124412536621,0.0628671532641577,0.014293253421783447,0.11781614257038253
A0A976N2T1,1.791065335273743,4.6811699867248535,0.6848321109407567,0.5489040017127991,0.4744838248706819,2.014036,5.267422,0.689796,0.5380961,0.40717953,IDP-ESM2-8M,93,278,0.2229706048965452,0.5862522125244141,0.004963859975991358,0.010807931423187256,0.0673042904354097
A0A977TP41,2.467809200286865,6.04824161529541,0.598200778139049,0.4886225759983063,0.5483332796554973,2.7750285,7.03771,0.688578,0.53328145,0.3926513,IDP-ESM2-8M,93,278,0.30721926689147994,0.9894685745239258,0.09037723146635868,0.04465886950492859,0.15568198995403548
A0A9C7EYP6,2.100867986679077,4.281896591186523,0.4189230183631128,0.4110064208507538,0.7800285035924068,2.1107688,4.553917,0.4487247,0.39232063,0.7772642,IDP-ESM2-8M,93,278,0.009900808334350586,0.2720203399658203,0.02980166873634399,0.01868578791618347,0.0027643257931819765
A0A9E7E114,2.722678899765014,6.408597469329834,0.5123358717588065,0.4037770926952362,0.5924214946307245,2.9014232,6.8605914,0.51987547,0.40190303,0.5828532,IDP-ESM2-8M,93,278,0.17874431610107466,0.4519939422607422,0.0075395950647714205,0.0018740594387054443,0.009568296579271829
A0A9E7MTP4,1.7495980262756348,4.456277847290039,0.6134079383404529,0.4723416268825531,0.5100184949769452,1.8141596,4.5479174,0.6254852,0.4992609,0.486324,IDP-ESM2-8M,93,278,0.06456160545349121,0.09163951873779297,0.01207724346801875,0.026919275522232056,0.023694482697434682
A0A9E7NGQ3,1.9885833263397217,4.957414627075195,0.6216887247454475,0.4986245632171631,0.5215942666894215,1.8463466,4.4556847,0.57992274,0.47000048,0.57169133,IDP-ESM2-8M,93,278,0.14223670959472656,0.5017299652099609,0.041765989054376895,0.02862408757209778,0.05009706755816756
A0A9E7PRV1,4.7598795890808105,11.301989555358888,0.6063573046905777,0.4653842151165008,0.6290428583293414,4.2379284,10.371905,0.6287762,0.49540254,0.56319374,IDP-ESM2-8M,93,278,0.5219511985778809,0.9300842285156268,0.022418887974522406,0.030018329620361384,0.0658491198688006
A0A9E7QSB8,3.5035605430603027,8.565448760986328,0.6143039716832275,0.4790463149547577,0.5402276945724974,3.5052755,8.659497,0.635931,0.49395514,0.4909461,IDP-ESM2-8M,93,278,0.001714944839477539,0.09404850006103516,0.02162704333142096,0.014908820390701294,0.04928158050923448
A0A9E7YC22,2.485437393188477,6.31182861328125,0.6593176467663212,0.5219552516937256,0.4932652087296397,2.6715775,6.887249,0.70435643,0.54831463,0.3734965,IDP-ESM2-8M,93,278,0.18614006042480424,0.5754203796386719,0.04503878519473836,0.026359379291534424,0.11976870609177653
A0A9E8JWV9,2.181483268737793,5.190298080444336,0.6377782430078034,0.5291301608085632,0.5383202493630637,2.1728413,5.48527,0.6546964,0.5212296,0.47693127,IDP-ESM2-8M,93,278,0.008641958236694336,0.29497194290161133,0.016918161926126052,0.007900536060333252,0.06138897542583832
A0AA49BTX9,1.6486014127731323,3.9193248748779297,0.5230035827669768,0.4206258654594421,0.5966882303985965,1.7497343,4.127678,0.5263833,0.4180072,0.5973833,IDP-ESM2-8M,93,278,0.10113286972045898,0.20835304260253906,0.003379697987112573,0.002618670463561956,0.0006950899329769555
A0AA95EHV2,7.593418598175049,17.322364807128906,0.6209282925628756,0.5059811472892761,0.6982929242799344,7.1129327,17.07582,0.73972386,0.5916396,0.5127812,IDP-ESM2-8M,93,278,0.4804859161376953,0.24654388427734375,0.11879556865462315,0.08565843105316162,0.18551172148681305
A0AAE6H393,2.385593175888061,6.129269599914551,0.6511698452651443,0.5236186385154724,0.485076356565892,2.6163557,6.823262,0.7199745,0.5585612,0.34383294,IDP-ESM2-8M,93,278,0.23076248168945357,0.6939926147460938,0.0688046725571213,0.034942567348480225,0.14124341670268703
A0AAE6M5R2,3.602097988128662,8.933138847351074,0.6501717731912492,0.5115591287612915,0.4893208102858495,3.5116916,8.62738,0.6269629,0.4912219,0.5046464,IDP-ESM2-8M,93,278,0.09040641784667969,0.3057584762573242,0.023208873029506027,0.020337224006652832,0.015325610192971295
A0AAE6R6D0,2.9128904342651367,7.0374860763549805,0.6328708471971073,0.5052042603492737,0.5359020972009299,3.2702358,8.238188,0.68982804,0.5373632,0.4326453,IDP-ESM2-8M,93,278,0.3573453426361084,1.2007017135620117,0.05695719101852992,0.03215891122817993,0.10325680611091825
A0AAE7RVV2,1.5406675338745115,3.941333532333374,0.6279399133477763,0.4891584515571594,0.4635923822263385,1.6912932,4.250104,0.60897326,0.47794315,0.494162,IDP-ESM2-8M,93,278,0.15062570571899436,0.30877041816711426,0.018966648653562457,0.011215299367904663,0.030569611038813504
A0AAE7RZ51,1.7154128551483154,4.453485012054443,0.6687049742684874,0.5323636531829834,0.4646689908742867,2.0165534,5.1577554,0.65737903,0.52100194,0.45647788,IDP-ESM2-8M,93,278,0.30114054679870605,0.7042703628540039,0.011325943087151957,0.01136171817779541,0.008191110396381429
A0AAE7V272,1.8609368801116943,4.526987075805664,0.5965701253691015,0.4668177664279938,0.5418670104712826,1.9060302,4.669608,0.58623874,0.46527267,0.5341537,IDP-ESM2-8M,93,278,0.04509329795837402,0.14262104034423828,0.010331383494406654,0.0015451014041900635,0.007713310596404677
A0AAE8XJ71,2.729504108428955,6.946212291717529,0.5786923907214643,0.4289385080337524,0.5501487988493978,2.7017748,6.5501328,0.5805549,0.46010095,0.5647256,IDP-ESM2-8M,93,278,0.027729272842407227,0.39607954025268555,0.0018625118320940715,0.031162440776825007,0.014576778981870486
A0AAE8XN63,1.6352497339248655,3.7184417247772217,0.5967976434705996,0.5042163729667664,0.5359165943070261,1.6192441,3.81493,0.538755,0.440833,0.6163588,IDP-ESM2-8M,93,278,0.016005635261535422,0.09648823738098145,0.058042643832995844,0.06338337063789368,0.08044222231666165
A0AAE8Y2B1,2.7945685386657715,7.060258865356445,0.6546827391604456,0.5173252820968628,0.5019823255343789,3.1279168,7.842862,0.67656916,0.5274949,0.4321795,IDP-ESM2-8M,93,278,0.33334827423095703,0.7826032638549805,0.021886424638840274,0.010169625282287598,0.06980281494096463
A0AAE8Y3C7,3.03943419456482,7.856800079345703,0.6461987343248398,0.4992953836917877,0.5057863043873622,3.3460965,8.395242,0.6836235,0.5337845,0.45565706,IDP-ESM2-8M,93,278,0.3066623210906978,0.5384416580200195,0.03742475839290316,0.03448912501335144,0.05012923947265879
A0AAE8YWI4,1.609358549118042,3.962944984436035,0.5837959243711414,0.473062515258789,0.5460392207592222,1.5543993,3.7717319,0.5639139,0.44959655,0.5594289,IDP-ESM2-8M,93,278,0.05495929718017578,0.19121313095092773,0.01988204259242432,0.023465961217880194,0.013389649918725821
A0AAE9BPG4,2.13710355758667,5.662214279174805,0.6702075954124107,0.5244467854499817,0.4716404994287084,2.023698,5.0441065,0.62400657,0.49923286,0.52129644,IDP-ESM2-8M,93,278,0.11340546607971191,0.618107795715332,0.04620102602688214,0.025213927030563354,0.0496559421263148
A0AAE9BPT7,1.9431347846984863,5.012095928192139,0.654510875596267,0.520220160484314,0.47113137556629,1.781885,4.4863567,0.6195821,0.4934457,0.4962775,IDP-ESM2-8M,93,278,0.16124975681304932,0.5257391929626465,0.034928758992415654,0.026774466037750244,0.02514613555355255
A0EXV0,2.9715380668640137,7.044875621795654,0.5019079358601082,0.4017245173454284,0.6499989920774839,3.2473695,7.660225,0.5219203,0.41408858,0.6281858,IDP-ESM2-8M,93,278,0.2758314609527588,0.615349292755127,0.02001238751177903,0.012364059686660822,0.021813183418884052
A0EYY2,2.950136184692383,7.340090274810791,0.6471497186289694,0.5288049578666687,0.5022421655692799,3.114752,7.9638267,0.70132357,0.543551,0.39187545,IDP-ESM2-8M,93,278,0.16461586952209473,0.6237363815307617,0.05417385019198395,0.01474606990814209,0.110366719726537
A1YJ55,3.0555315017700195,7.718843936920166,0.6594888646173831,0.5147309899330139,0.4901965604397741,2.9694772,7.55587,0.6731521,0.5216922,0.42445093,IDP-ESM2-8M,93,278,0.08605432510375977,0.16297388076782227,0.013663224501574422,0.006961226463317871,0.06574562650651605
A1YMK7,1.6082894802093506,3.860753059387207,0.5596363963749251,0.4328824281692505,0.5430557278577346,1.6186283,3.896256,0.5522889,0.43976766,0.5514906,IDP-ESM2-8M,93,278,0.010338783264160156,0.03550291061401367,0.0073475064899763964,0.006885230541229248,0.00843487701973733
A4FTA6,2.3044581413269043,5.328023910522461,0.4864728750290131,0.3870003521442413,0.6432551111727393,2.462169,5.7129865,0.50873935,0.40377232,0.6197356,IDP-ESM2-8M,93,278,0.15771079063415527,0.3849625587463379,0.022266477197244228,0.016771972179412897,0.02351951260859131
A4L236,3.559319496154785,8.869784355163574,0.667730566368653,0.5339686870574951,0.4974286742790714,2.7886462,7.1442003,0.69298506,0.5369309,0.4015277,IDP-ESM2-8M,93,278,0.7706732749938965,1.7255840301513672,0.025254491462157524,0.0029622316360473633,0.09590097147069127
A4ZRA0,1.930630207061768,4.916701316833496,0.6281911872901215,0.4965169429779053,0.4888957930762339,1.9378703,4.846283,0.6189436,0.49229378,0.49011236,IDP-ESM2-8M,93,278,0.007240056991576704,0.0704183578491211,0.009247615245748908,0.004223167896270752,0.0012165712159109
A4ZRD1,3.2809228897094727,8.368075370788574,0.6179694577636984,0.4722516238689422,0.5254609425360545,3.2712626,8.099301,0.62095946,0.47864175,0.50428057,IDP-ESM2-8M,93,278,0.00966024398803711,0.26877403259277344,0.002990002971622663,0.006390124559402521,0.021180375366865012
A7IUH2,2.826446533203125,6.832785606384277,0.4540758367257929,0.3569191992282867,0.7188495505076886,3.2162764,7.6044407,0.5260843,0.4149085,0.6236567,IDP-ESM2-8M,93,278,0.3898298740386963,0.7716550827026367,0.07200846713010312,0.05798929929733282,0.0951928603869916
A7IXA4,2.4438812732696533,6.074620246887207,0.506579246938697,0.377523124217987,0.6116393496159321,2.9741368,7.107026,0.55365133,0.43478438,0.5861044,IDP-ESM2-8M,93,278,0.5302555561065674,1.0324058532714844,0.04707208591652756,0.05726125836372381,0.025534956610561044
A7J7F5,2.7005112171173096,6.496243953704834,0.4789240499939991,0.3607677519321441,0.6640058348266143,3.053537,7.25253,0.5379014,0.42382494,0.60438716,IDP-ESM2-8M,93,278,0.3530256748199463,0.7562861442565918,0.05897735152577627,0.06305718421936041,0.05961867071070859
A7K957,3.4070727825164795,8.380545616149902,0.4768607213243008,0.3512023091316223,0.7092317688148461,3.4677472,8.049446,0.5030094,0.40464413,0.7066778,IDP-ESM2-8M,93,278,0.060674428939819336,0.3310995101928711,0.0261486575857639,0.05344182252883911,0.0025539743583641306
A8UP82,2.797858238220215,6.424078464508057,0.488800198643554,0.3901183307170868,0.6444620010157824,2.9474297,6.937389,0.5202549,0.40494114,0.6016382,IDP-ESM2-8M,93,278,0.14957141876220703,0.513310432434082,0.03145471134866401,0.014822810888290405,0.04282380311691769
A8UP87,2.795025110244751,6.090323448181152,0.4994972437511246,0.4039537012577057,0.6175862672511984,2.936207,6.9049273,0.5176662,0.4034366,0.6080973,IDP-ESM2-8M,93,278,0.14118194580078125,0.8146038055419922,0.01816897691385344,0.0005171000957489014,0.009488952416603635
A8UP89,2.813053607940674,6.291081428527832,0.4970560224704803,0.4094844162464142,0.6272078508741116,2.9521003,6.947963,0.5199164,0.40466663,0.6024578,IDP-ESM2-8M,93,278,0.13904666900634766,0.6568818092346191,0.022860392744058267,0.004817783832550049,0.02475002950494043
A8UP92,2.781044006347656,6.233040809631348,0.491870007035643,0.3930676281452179,0.6323904125439261,2.9629457,6.964866,0.51636493,0.402725,0.61035645,IDP-ESM2-8M,93,278,0.18190169334411666,0.7318253517150879,0.024494925024598713,0.00965738296508789,0.022033962463054557
A8UPA2,2.711287260055542,5.889254093170166,0.4682308663125179,0.3711363971233368,0.6758299671714797,2.937043,6.91675,0.52112716,0.40542698,0.60089284,IDP-ESM2-8M,93,278,0.2257556915283203,1.0274958610534668,0.05289629805134316,0.034290581941604614,0.07493712535553121
A9YTD9,1.5036243200302124,3.6224205493927,0.5617844798064161,0.448904424905777,0.5620229995219682,1.3710035,3.2892523,0.57374936,0.47037375,0.53701425,IDP-ESM2-8M,93,278,0.13262081146240234,0.33316826820373535,0.011964883615977695,0.021469324827194214,0.025008753535029737
N0DQS9,1.8298977613449097,4.686764717102051,0.6082825303872794,0.4708894789218902,0.4984122144597991,2.0989695,5.2652326,0.61772704,0.48590118,0.48223078,IDP-ESM2-8M,93,278,0.26907169818878174,0.578467845916748,0.009444510857227417,0.015011698007583674,0.01618143195094901
O11373,1.9061493873596191,4.399576187133789,0.5225890140609893,0.4293209314346313,0.5828948566171649,1.9884909,4.7407036,0.54433495,0.42772126,0.55467784,IDP-ESM2-8M,93,278,0.08234155178070068,0.3411273956298828,0.021745934001907385,0.001599669456481878,0.028217012569618505
O11385,3.166628837585449,7.414531230926514,0.498361803355856,0.3848984241485595,0.646010880444372,3.1892958,7.401312,0.5007103,0.3959213,0.6482444,IDP-ESM2-8M,93,278,0.02266693115234375,0.013219356536865234,0.0023485051959323267,0.01102286577224737,0.0022335005065556857
O11680,3.018390893936157,6.932758808135986,0.4678177567356385,0.3664001822471618,0.7128741469555945,3.0290496,7.0975633,0.51654565,0.40534484,0.6215888,IDP-ESM2-8M,93,278,0.010658740997314897,0.16480445861816406,0.04872789660756216,0.03894466161727911,0.09128532077609008
O11889,2.256523370742798,5.089328289031982,0.5013871297242866,0.3971178531646728,0.6187533655069841,2.3039527,5.4835124,0.5375901,0.41844347,0.5634445,IDP-ESM2-8M,93,278,0.04742932319641113,0.3941841125488281,0.03620295673582696,0.021325618028640803,0.05530887030587328
O12700,1.8580142259597776,4.628317356109619,0.5813886946879389,0.4569539129734039,0.5471539488685735,2.037317,4.964302,0.58061117,0.4594966,0.53748864,IDP-ESM2-8M,93,278,0.17930281162261985,0.3359847068786621,0.0007775253497125378,0.002542674541473444,0.009665309513867681
O22002,2.436743259429932,5.611794471740723,0.4983128296294384,0.3906800150871277,0.6537748737007316,2.4171364,5.704541,0.51739275,0.40453613,0.6191341,IDP-ESM2-8M,93,278,0.01960682868957564,0.09274673461914062,0.019079924925310132,0.013856112957000732,0.034640745607012136
O36059,2.713164091110229,6.3821210861206055,0.5126840467200338,0.4018637835979461,0.6014513546905521,2.8320217,6.6402674,0.51496077,0.4012249,0.61305195,IDP-ESM2-8M,93,278,0.11885762214660689,0.2581462860107422,0.0022767191185892877,0.0006388723850249689,0.011600596240996963
O36067,2.760277032852173,6.466899394989014,0.5104296069654857,0.3967406153678894,0.6176836737985967,2.7483613,6.4449983,0.5155245,0.40203965,0.61540097,IDP-ESM2-8M,93,278,0.01191568374633789,0.02190113067626953,0.00509489960342302,0.005299031734466553,0.0022827038164494606
O36078,2.718585729598999,6.388082504272461,0.5111120281903013,0.3860728442668915,0.607414876596131,2.6864526,6.303031,0.51846135,0.40469703,0.6095653,IDP-ESM2-8M,93,278,0.03213310241699219,0.0850515365600586,0.007349318435980412,0.018624186515808105,0.0021504410346367964
O36100,2.6216931343078613,6.022160530090332,0.4974014162001677,0.3783329725265503,0.6159474876851926,2.7659452,6.4805365,0.5159084,0.4022185,0.61250186,IDP-ESM2-8M,93,278,0.14425206184387207,0.4583759307861328,0.01850700388573928,0.023885518312454224,0.003445628020275593
O36115,2.7481720447540283,6.398575305938721,0.5160008248536102,0.4075352549552917,0.602526395147501,2.8012874,6.5569315,0.51600546,0.40293217,0.61977065,IDP-ESM2-8M,93,278,0.0531153678894043,0.1583561897277832,4.631593991111238e-06,0.004603087902069036,0.01724425094777493
O36117,2.693934917449951,6.19314432144165,0.4886672567871118,0.388326346874237,0.6536789678184627,2.8758068,6.705925,0.5100993,0.39905238,0.63102245,IDP-ESM2-8M,93,278,0.18187189102172852,0.5127806663513184,0.021432035014340822,0.010726034641265925,0.022656514510357217
O36118,2.6910560131073,6.374130725860596,0.5237097936306376,0.4013272821903229,0.5734136279855012,2.7715423,6.5032263,0.5196742,0.40430412,0.60716987,IDP-ESM2-8M,93,278,0.08048629760742188,0.12909555435180664,0.0040356116924662455,0.002976834774017334,0.03375623857638843
O36119,2.6023077964782715,5.91157341003418,0.4763904312085255,0.3762726187705993,0.6611159293321982,2.837106,6.6402397,0.50894135,0.3972475,0.62617254,IDP-ESM2-8M,93,278,0.23479819297790527,0.7286663055419922,0.032550921158875645,0.020974874496460016,0.03494338676017672
O36121,2.7151269912719727,6.385210990905762,0.5222921448145863,0.4220526814460754,0.5801578097609134,2.8962412,6.7716894,0.51589733,0.40185082,0.61894524,IDP-ESM2-8M,93,278,0.18111419677734375,0.3864784240722656,0.006394811192607541,0.020201861858367864,0.03878743121351291
O36157,2.6895596981048584,6.015769004821777,0.4962576610830931,0.3894988894462585,0.6349840390119776,2.8673959,6.702099,0.51657027,0.40319255,0.62204474,IDP-ESM2-8M,93,278,0.17783617973327637,0.6863298416137695,0.020312608978399815,0.01369366049766546,0.012939296904586284
O38492,2.239642381668091,5.519658088684082,0.5146513180520533,0.3889500498771667,0.610266167407041,2.1074486,4.9686136,0.5311601,0.4195835,0.59205335,IDP-ESM2-8M,93,278,0.13219380378723145,0.5510444641113281,0.01650879814362538,0.030633449554443415,0.018212813620572477
O39165,1.8381026983261108,4.621636390686035,0.6141496098573748,0.4745384156703949,0.5085658286668665,1.679717,4.256259,0.6266434,0.5046181,0.49028403,IDP-ESM2-8M,93,278,0.1583857536315918,0.36537742614746094,0.012493809408372303,0.030079692602157593,0.018281802997768604
O39372,2.239338159561157,5.402679443359375,0.5267797679683967,0.411638855934143,0.5855223042318786,2.399437,5.6600695,0.52915615,0.4177541,0.6023177,IDP-ESM2-8M,93,278,0.16009879112243697,0.25739002227783203,0.002376380465288652,0.0061152577400208075,0.016795386617425634
O39937,2.6948516368865967,6.326699256896973,0.5137531461875436,0.4039663970470428,0.5949689169992086,2.7903478,6.544642,0.5186888,0.40353116,0.6083559,IDP-ESM2-8M,93,278,0.09549617767333984,0.2179427146911621,0.004935651763200988,0.00043523311614984683,0.013386962784421752
O39943,2.7270376682281494,6.379767417907715,0.517975106116355,0.396638959646225,0.5940201277355475,2.8485212,6.687042,0.51966625,0.40484002,0.60841906,IDP-ESM2-8M,93,278,0.12148356437683105,0.30727481842041016,0.00169114840406126,0.008201062679290771,0.01439893297154482
O41014,3.505305528640747,8.303003311157227,0.5653160596262462,0.4370091259479522,0.6054935167283875,3.2285278,7.618112,0.5383778,0.43250608,0.6529974,IDP-ESM2-8M,93,278,0.2767777442932129,0.6848912239074707,0.026938238180781116,0.004503041505813543,0.04750385780621946
O41972,7.274738311767578,17.486520767211914,0.5111566939268246,0.39429771900177,0.6004825137595405,5.017894,11.556964,0.48494497,0.38524473,0.7155688,IDP-ESM2-8M,93,278,2.2568445205688477,5.929556846618652,0.02621172451115994,0.00905299186706543,0.11508626713950731
O41981,2.7155160903930664,6.670228481292725,0.5182273967818501,0.3977850377559662,0.5791287666241465,3.096139,7.3085356,0.5387033,0.41339058,0.5724665,IDP-ESM2-8M,93,278,0.38062286376953125,0.6383070945739746,0.02047592562873335,0.015605539083480835,0.006662273971253407
O55723,2.5323522090911865,6.050950527191162,0.6334654584399364,0.5173503756523132,0.5198821956720813,2.4978433,6.4535055,0.69438004,0.53674126,0.41235447,IDP-ESM2-8M,93,278,0.03450894355773926,0.402554988861084,0.06091458649719739,0.019390881061553955,0.10752772637276486
O55724,2.770833730697632,6.9409284591674805,0.6619718367737232,0.5284374356269836,0.5202733564725903,3.0068867,7.765,0.72473145,0.57086974,0.4463331,IDP-ESM2-8M,93,278,0.2360529899597168,0.8240714073181152,0.06275960853877682,0.042432308197021484,0.0739402461401013
O70793,2.307673692703247,5.435315608978272,0.4473353128898799,0.3532614111900329,0.7279898798247326,2.4270868,5.421031,0.47905874,0.40164533,0.7092024,IDP-ESM2-8M,93,278,0.11941313743591309,0.014284610748291904,0.03172342963331348,0.04838392138481146,0.018787471034144243
O70797,2.3914685249328613,5.586994647979736,0.4894790624483098,0.380684494972229,0.6537417447349383,2.503695,5.8055935,0.52986217,0.42644376,0.5987693,IDP-ESM2-8M,93,278,0.11222648620605469,0.2185988426208496,0.040383103002740006,0.04575926065444946,0.054972437598402646
O73497,2.770171403884888,6.535335063934326,0.5263663623142344,0.4174602031707763,0.589428913981355,2.7515972,6.479915,0.52370155,0.4081891,0.60101277,IDP-ESM2-8M,93,278,0.018574237823486772,0.055419921875,0.0026648137378794123,0.009271115064620916,0.011583852379881576
O90676,2.085679769515991,5.034219264984131,0.546803639589487,0.4170252084732055,0.5534667844593957,1.9833426,4.8198385,0.5904195,0.46218792,0.48280716,IDP-ESM2-8M,93,278,0.10233712196350098,0.21438074111938477,0.04361583167439853,0.04516270756721502,0.07065962503556755
O90681,2.289219856262207,5.464588642120361,0.5403743837127102,0.4210497736930847,0.5683071707841123,2.113945,5.0854793,0.56733656,0.4447118,0.5261913,IDP-ESM2-8M,93,278,0.17527484893798828,0.37910938262939453,0.026962175582944115,0.023662030696868896,0.04211587659084448
O90688,2.3432891368865967,5.672690391540527,0.5628634663734398,0.4285344183444977,0.5401734100918094,2.1992784,5.2857537,0.57787883,0.45500576,0.5153895,IDP-ESM2-8M,93,278,0.1440107822418213,0.38693666458129883,0.015015366443637879,0.026471346616744995,0.024783908043316982
O90711,2.174336194992065,5.165025234222412,0.5515317400628879,0.4349943101406097,0.5571023991534819,2.2098048,5.247566,0.5362607,0.41941798,0.57322824,IDP-ESM2-8M,93,278,0.03546857833862349,0.08254098892211914,0.015271015995199866,0.015576332807540838,0.01612584085964064
O92312,1.9107741117477417,4.315771102905273,0.515424518730366,0.4174405634403229,0.5978607854906319,2.0971098,5.0327606,0.55013514,0.42932862,0.5570858,IDP-ESM2-8M,93,278,0.18633568286895752,0.7169895172119141,0.03471061692026878,0.011888056993484497,0.04077497339880454
O92587,1.7821160554885864,4.3556318283081055,0.5598112148320997,0.4527174234390259,0.5499251033989555,1.8107638,4.320323,0.54772025,0.43420476,0.5530564,IDP-ESM2-8M,93,278,0.028647780418395996,0.035308837890625,0.01209096136453991,0.01851266622543335,0.0031313154967659296
O92588,1.9747668504714968,4.647405624389648,0.5566357803569993,0.4377297163009643,0.5518433425716358,1.9863334,4.763117,0.56519765,0.44587415,0.5304984,IDP-ESM2-8M,93,278,0.01156651973724343,0.11571121215820312,0.00856186626089006,0.008144438266754206,0.021344957142253485
P03181,7.405065536499023,16.940650939941406,0.4903569610708267,0.3908266723155975,0.709885557886784,4.29212,10.0299635,0.510855,0.39877707,0.6415292,IDP-ESM2-8M,93,278,3.112945556640625,6.910687446594238,0.0204980580217331,0.007950395345687922,0.0683563554255413
P03290,3.112959623336792,7.123302459716797,0.5464745388803227,0.4314043819904327,0.571139708918999,2.896188,6.9306107,0.55055475,0.42899552,0.5621045,IDP-ESM2-8M,93,278,0.21677160263061523,0.19269180297851562,0.004080213469530802,0.002408862113952581,0.009035185737083729
P03779,1.860031723976136,4.370760440826416,0.5747545078096227,0.4660328030586242,0.5500835490455895,1.8843455,4.6317196,0.58860934,0.46563637,0.52553576,IDP-ESM2-8M,93,278,0.024313807487487127,0.2609591484069824,0.013854829997078988,0.00039643049240106754,0.02454778673556146
P04487,3.740555047988892,8.910425186157227,0.5344191002228147,0.4009999930858612,0.599616577306658,3.6228728,8.560886,0.53619874,0.41825023,0.61852807,IDP-ESM2-8M,93,278,0.11768221855163619,0.34953880310058594,0.0017796350143068906,0.017250239849090576,0.01891149075898535
P06923,2.341156005859375,5.441354751586914,0.4607863196585195,0.3642172217369079,0.6924271245982593,2.3154078,5.212036,0.46163023,0.3763075,0.71477294,IDP-ESM2-8M,93,278,0.025748252868652344,0.22931861877441406,0.0008439055230600734,0.012090265750885065,0.022345815083747556
P08804,1.7925219535827637,3.929074048995972,0.4868056290037892,0.4147535562515259,0.6591709868098714,1.8714385,4.2812667,0.5243288,0.4358674,0.62784743,IDP-ESM2-8M,93,278,0.07891654968261719,0.352192640304565,0.03752319885418198,0.021113842725753784,0.031323553719661446
P08807,1.7895528078079224,4.3801984786987305,0.6037788271976917,0.4780272245407104,0.5272451273059816,1.8781517,4.4522223,0.57944113,0.47449052,0.5429314,IDP-ESM2-8M,93,278,0.08859884738922119,0.07202386856079102,0.024337697036406314,0.0035367012023925226,0.01568625058174422
P09702,3.543259620666504,8.028326034545898,0.5116190861206633,0.4019027054309845,0.6349735857370606,3.637092,8.555886,0.5266337,0.41006252,0.61878145,IDP-ESM2-8M,93,278,0.09383249282836914,0.5275602340698242,0.015014593746127458,0.008159816265106201,0.016192138326477146
P0C724,3.0814013481140137,6.190314292907715,0.2601923279362901,0.2602740824222564,1.386118489724279,3.5132139,7.769511,0.4178998,0.35530773,0.8456637,IDP-ESM2-8M,93,278,0.4318125247955322,1.5791969299316406,0.15770745948970477,0.09503364562988287,0.5404547633944756
P0DJX3,2.4360222816467285,5.444389820098877,0.4954066348688546,0.4089968204498291,0.6546197458615949,2.382936,5.6518807,0.53591883,0.4184779,0.5872519,IDP-ESM2-8M,93,278,0.053086280822753906,0.2074909210205078,0.040512196956401736,0.009481072425842285,0.06736784423500797
P0DTC0,3.8922836780548096,8.96567153930664,0.4794475698472628,0.3925299942493438,0.7110433046674691,3.839582,8.977973,0.5055863,0.39466888,0.6578233,IDP-ESM2-8M,93,278,0.052701711654663086,0.012301445007324219,0.026138756275021158,0.0021388828754425604,0.05321998046397791
P10428,1.6910001039505005,4.069782733917236,0.5669321377699263,0.4482051134109497,0.5510757525046576,1.7667646,4.3201704,0.57913387,0.45800045,0.52409947,IDP-ESM2-8M,93,278,0.07576453685760498,0.25038766860961914,0.012201730447541914,0.009795337915420532,0.02697628331978208
P12507,1.822255253791809,4.386811256408691,0.5691954327650687,0.442838579416275,0.5336004579217108,1.8147502,4.404428,0.568964,0.44647703,0.5275349,IDP-ESM2-8M,93,278,0.007505059242248535,0.017616748809814453,0.00023142824846711374,0.00363844633102417,0.006065555825916169
P12508,2.0140883922576904,4.784723281860352,0.553813923085913,0.4482794106006622,0.5667958607359503,2.0971296,4.9971027,0.54468656,0.42772895,0.57089347,IDP-ESM2-8M,93,278,0.08304119110107422,0.21237945556640625,0.009127367223486282,0.020550459623336736,0.0040976057366753915
P12512,1.4288041591644287,3.289330244064331,0.5172402802917017,0.439923882484436,0.59851336048708,1.4704794,3.549122,0.5642025,0.45206568,0.53462523,IDP-ESM2-8M,93,278,0.04167520999908447,0.25979185104370117,0.04696220717701782,0.01214179396629339,0.06388812826738399
P17356,2.006600379943848,4.917424201965332,0.5442571487534329,0.4249440133571625,0.5296452408932624,1.7562284,4.2460117,0.5638692,0.44465315,0.5366609,IDP-ESM2-8M,93,278,0.2503719329833989,0.671412467956543,0.019612029541702602,0.019709140062332153,0.007015668759447591
P19127,3.3257381916046143,7.78192138671875,0.5156136392165004,0.4254224300384521,0.6133509591283565,3.3949034,7.9409304,0.5140824,0.40111122,0.62368083,IDP-ESM2-8M,93,278,0.06916522979736328,0.15900897979736328,0.0015312670279322704,0.024311214685440008,0.01032987087347459
P20833,1.892179012298584,4.588736057281494,0.549907729609168,0.4314662218093872,0.5706535434514768,1.8079896,4.3263125,0.54216456,0.43089265,0.5837653,IDP-ESM2-8M,93,278,0.08418941497802734,0.2624235153198242,0.007743165476477576,0.000573575496673584,0.013111784478973654
P24649,2.708787202835083,6.462658882141113,0.6130768842161018,0.4842517971992492,0.548156884554892,2.8624177,7.131099,0.63955873,0.5018868,0.48543748,IDP-ESM2-8M,93,278,0.15363049507141113,0.6684403419494629,0.02648184829351119,0.017634987831115778,0.06271940195944825
P41726,2.316164016723633,5.478352069854736,0.5646115480610284,0.4536003470420837,0.5855935748304303,2.5135453,6.3576903,0.6649804,0.51601326,0.41103002,IDP-ESM2-8M,93,278,0.19738125801086426,0.879338264465332,0.10036886346851259,0.06241291761398321,0.17456355054034545
P57017,2.151736259460449,5.168681144714356,0.5628128436523877,0.4304284155368805,0.5426337444143957,2.1695662,5.2103467,0.55116206,0.42820975,0.5650777,IDP-ESM2-8M,93,278,0.01782989501953125,0.04166555404662997,0.011650779576917736,0.0022186636924743652,0.022443977658205605
P68828,2.9808897972106934,7.4242844581604,0.5611493865995003,0.438018262386322,0.5528571790782383,3.4368439,8.271551,0.5699294,0.44411275,0.5575945,IDP-ESM2-8M,93,278,0.45595407485961914,0.847266674041748,0.008780034348528254,0.006094485521316528,0.004737299052102295
P69592,1.7513786554336548,4.164352893829346,0.5669606096928566,0.483927309513092,0.560739771728042,1.8203635,4.4389544,0.5865142,0.47569418,0.5366101,IDP-ESM2-8M,93,278,0.06898486614227295,0.27460145950317383,0.01955356524534535,0.008233129978179876,0.024129645232680685
P87543,4.003713607788086,9.220807075500488,0.5363188642019665,0.4295553565025329,0.6013543189717759,4.1984234,9.8660555,0.51737565,0.40278682,0.6512445,IDP-ESM2-8M,93,278,0.19470977783203125,0.6452484130859375,0.018943216180268507,0.026768535375595037,0.04989020216927631
P87914,2.507851839065552,5.9015302658081055,0.5172455753783786,0.4186477661132812,0.5839084382547154,2.6094782,6.0728674,0.50500214,0.3960512,0.62171656,IDP-ESM2-8M,93,278,0.10162639617919877,0.17133712768554688,0.012243434379538232,0.022596567869186346,0.03780812067854267
P89479,3.4197442531585693,7.726037502288818,0.4747982796018226,0.374724268913269,0.7226037112359825,3.403422,7.980075,0.51920503,0.40899336,0.6464741,IDP-ESM2-8M,93,278,0.01632213592529297,0.25403738021850586,0.044406754177321706,0.03426909446716314,0.07612958823488392
P89827,1.9753745794296265,4.099424839019775,0.4093824113504276,0.3356965780258178,0.8102403527309183,2.085403,4.7874436,0.49516445,0.40094122,0.65832424,IDP-ESM2-8M,93,278,0.11002838611602783,0.688018798828125,0.08578204263287931,0.06524464488029486,0.15191611109273473
P89833,1.9173517227172847,3.901500225067138,0.3969877328052804,0.3435060977935791,0.8165980938850544,2.0632706,4.7317,0.49046588,0.3976396,0.6644051,IDP-ESM2-8M,93,278,0.14591884613037154,0.8301997184753427,0.09347814663502724,0.05413350462913513,0.1521929863868855
P89841,2.18721342086792,5.080570697784424,0.5037516006319268,0.3925413489341736,0.613832290684203,2.3235135,5.4717503,0.5281645,0.4147187,0.58747303,IDP-ESM2-8M,93,278,0.13630008697509766,0.39117956161499023,0.02441290532663032,0.02217733860015869,0.02635925582549936
P89878,1.4380486011505127,3.582058906555176,0.5691211780407178,0.4544344246387481,0.5259092702197611,1.4910545,3.589857,0.55869853,0.44531494,0.5429508,IDP-ESM2-8M,93,278,0.05300593376159668,0.007798194885253906,0.010422643075202687,0.009119480848312322,0.017041538782161525
Q00DY4,1.9466793537139893,4.4241719245910645,0.4674324874742126,0.3666970133781433,0.6756741670218237,2.171319,5.117911,0.5276792,0.41767323,0.5901585,IDP-ESM2-8M,93,278,0.2246396541595459,0.6937389373779297,0.06024671746658328,0.0509762167930603,0.08551564489276486
Q03873,2.77470326423645,6.491849422454834,0.6045866135826563,0.5002999901771545,0.5460834807410428,2.4833505,5.6669984,0.5519735,0.4683641,0.6520994,IDP-ESM2-8M,93,278,0.2913527488708496,0.8248510360717773,0.05261309187321417,0.03193590044975281,0.10601589021537805
Q04247,1.4281784296035769,3.3614892959594727,0.5405120398970047,0.4382727146148681,0.5636198490019194,1.3768637,3.2925801,0.54675484,0.43712616,0.5552237,IDP-ESM2-8M,93,278,0.05131471157073997,0.0689091682434082,0.00624279713912812,0.0011465549468993586,0.008396145617520001
Q04259,1.6998262405395508,4.135703086853027,0.5599713948144898,0.4334517419338226,0.5471368635802512,1.7175337,4.0958586,0.53919756,0.42489326,0.56092566,IDP-ESM2-8M,93,278,0.017707467079162598,0.039844512939453125,0.02077383068942873,0.008558481931686346,0.013788798937296454
Q04397,5.406739711761475,12.5277099609375,0.5042368533796044,0.3994515538215637,0.6313344256186778,4.193044,9.813146,0.5139669,0.39887643,0.63367164,IDP-ESM2-8M,93,278,1.2136955261230469,2.714564323425293,0.00973006461203374,0.0005751252174377441,0.0023372157311146724
Q04405,1.934775114059448,4.649515151977539,0.5363915079627751,0.4240773320198059,0.5873521350293817,1.7596761,4.259181,0.5579578,0.43932247,0.5527029,IDP-ESM2-8M,93,278,0.17509901523590066,0.3903341293334961,0.02156632008211623,0.015245139598846436,0.03464923128182307
Q04420,1.805222749710083,4.253274917602539,0.5266987175116835,0.4111532866954803,0.5990907025057997,1.7280786,4.179217,0.5592194,0.44091314,0.5441515,IDP-ESM2-8M,93,278,0.07714414596557617,0.07405805587768555,0.032520702444523764,0.029759854078292902,0.05493921753952158
Q05293,1.9729517698287964,4.847043991088867,0.5825411555535686,0.4527886211872101,0.5481766579983381,1.8074775,4.379091,0.57145953,0.4584256,0.55758715,IDP-ESM2-8M,93,278,0.1654742956161499,0.4679532051086426,0.01108162376951094,0.005636990070343018,0.009410488760695057
Q06E77,1.8842843770980835,4.500761032104492,0.6109240488784817,0.5100039839744568,0.5257443016492127,1.7323984,4.2642417,0.5940509,0.47106302,0.5352601,IDP-ESM2-8M,93,278,0.151885986328125,0.23651933670043945,0.016873164631655557,0.03894096612930298,0.009515779641986022
Q06IZ2,1.4356237649917605,3.31658148765564,0.5201992641313066,0.4140467941761017,0.5765742179486212,1.4819947,3.5487113,0.5447522,0.43243363,0.55232376,IDP-ESM2-8M,93,278,0.046370983123779075,0.23212981224060014,0.02455291644501789,0.0183868408203125,0.024250459346478848
Q08IT9,1.4374035596847534,3.447927236557007,0.5274691890956827,0.4197149276733398,0.5646107573227759,1.530176,3.6552148,0.54366195,0.4321436,0.55668736,IDP-ESM2-8M,93,278,0.0927724838256836,0.20728754997253418,0.01619276292305505,0.012428671121597346,0.007923402281271974
Q08IU0,1.4429516792297363,3.510183811187744,0.5467939184569621,0.4366958737373352,0.5388452848036009,1.380058,3.2678216,0.54112506,0.43289888,0.5539082,IDP-ESM2-8M,93,278,0.06289362907409668,0.24236226081848145,0.0056688593291545075,0.003796994686126709,0.0150629440706056
Q08IU3,1.4579089879989624,3.511536359786988,0.5299306398503467,0.4247118234634399,0.5697537726445597,1.4697146,3.529442,0.5498211,0.43544692,0.54809874,IDP-ESM2-8M,93,278,0.01180565357208252,0.01790571212768466,0.019890438926966514,0.010735094547271784,0.021655029682676186
Q08IW3,1.4826449155807495,3.5181632041931152,0.5418432103206499,0.4348174333572387,0.5616421984480728,1.5444684,3.702087,0.55339783,0.44144487,0.54596895,IDP-ESM2-8M,93,278,0.061823487281799316,0.18392372131347656,0.011554623980345013,0.006627440452575739,0.01567324865330355
Q08IW4,1.417690396308899,3.368800163269043,0.5314883235337291,0.4246523976325989,0.550930743311933,1.3792582,3.2901237,0.547261,0.43571177,0.5461834,IDP-ESM2-8M,93,278,0.03843224048614502,0.07867646217346191,0.01577267614583633,0.011059373617172241,0.004747336005261893
Q08IW8,1.4577032327651978,3.549053430557251,0.5522056796709515,0.4314004480838775,0.5364896368268538,1.4151527,3.3758826,0.54681253,0.43467203,0.54756606,IDP-ESM2-8M,93,278,0.04255056381225586,0.173170804977417,0.005393145338676075,0.003271579742431696,0.01107641942467208
Q08IX5,1.4896442890167236,3.519534111022949,0.5377851406354512,0.4421991109848022,0.5700232212940877,1.4745095,3.551001,0.55528927,0.44196793,0.5409844,IDP-ESM2-8M,93,278,0.015134811401367188,0.03146696090698242,0.0175041278582011,0.00023117661476129703,0.029038829127949972
Q08J01,1.469356656074524,3.5599188804626465,0.5514252308487402,0.4417662322521209,0.5417599644985271,1.4986154,3.5915926,0.5527399,0.44140238,0.54621464,IDP-ESM2-8M,93,278,0.02925872802734375,0.03167366981506348,0.0013146873832239336,0.00036385655403131656,0.0044546756420063005
Q08J02,1.4826217889785769,3.603677272796631,0.5520662226608327,0.4285859763622284,0.5463108186783282,1.4928712,3.568891,0.5514972,0.43826407,0.53983855,IDP-ESM2-8M,93,278,0.010249376296996848,0.034786224365234375,0.000569001667790725,0.009678095579147339,0.006472266203352617
Q0GGW6,4.312648296356201,10.013757705688477,0.555136638466714,0.4587820470333099,0.5539172135578856,3.823797,9.040003,0.5411045,0.41877335,0.604134,IDP-ESM2-8M,93,278,0.48885130882263184,0.9737548828125,0.014032142941353909,0.04000869393348688,0.05021680963165909
Q0GYC4,2.387162208557129,5.818487644195557,0.6232068874557244,0.4881665110588074,0.5181904870199305,2.5314672,6.2724156,0.6150892,0.4880353,0.5186609,IDP-ESM2-8M,93,278,0.14430499076843262,0.45392799377441406,0.008117709370397241,0.00013121962547302246,0.00047041595705921146
Q0IL14,4.035992622375488,9.764535903930664,0.6251751191396439,0.5060973167419434,0.5531101610142107,3.9564452,9.665807,0.62548053,0.49533918,0.554902,IDP-ESM2-8M,93,278,0.07954740524291992,0.09872913360595703,0.0003054135065353458,0.010758131742477417,0.001791856102335898
Q0IL90,2.561861276626587,6.199515342712402,0.5362777379898418,0.4180321395397186,0.575575906426962,2.5095544,5.9271464,0.528115,0.41361463,0.6018353,IDP-ESM2-8M,93,278,0.0523068904876709,0.2723689079284668,0.008162763491093017,0.004417508840560858,0.02625940403217497
Q0NQ56,2.0972745418548584,5.227694034576416,0.5487729051962853,0.4231206476688385,0.5225763984892645,1.9016936,4.5962324,0.55851215,0.4382082,0.53554124,IDP-ESM2-8M,93,278,0.19558095932006836,0.6314616203308105,0.009739246045017191,0.015087544918060303,0.012964837911339733
Q0PEK1,2.4489595890045166,5.713934898376465,0.5070775142401297,0.3987160623073578,0.6283529767702944,2.5065055,5.859074,0.5206786,0.41749543,0.6253406,IDP-ESM2-8M,93,278,0.05754590034484863,0.14513921737670898,0.013601065567151793,0.018779367208480835,0.003012395830047865
Q0PF77,2.421322822570801,5.455344676971436,0.4908326695039217,0.3733792603015899,0.6432492242511033,2.4541855,5.754106,0.51674175,0.40596458,0.609014,IDP-ESM2-8M,93,278,0.03286266326904297,0.2987613677978507,0.025909083120590037,0.03258532285690313,0.034235249584507854
Q0PF82,2.5909345149993896,6.1186842918396,0.5181508494513426,0.4070299863815307,0.6236717897404401,2.5252888,5.960666,0.52770203,0.41295114,0.59534407,IDP-ESM2-8M,93,278,0.06564569473266602,0.1580181121826172,0.009551184068402274,0.005921155214309748,0.028327723120567083
Q0PF92,2.438351392745972,5.609350681304932,0.4963465059225466,0.403005987405777,0.6332669263802688,2.4117916,5.6448655,0.5135568,0.4057595,0.61065143,IDP-ESM2-8M,93,278,0.026559829711914507,0.03551483154296875,0.017210272508392133,0.002753525972366333,0.022615492912403834
Q0PFA4,2.4556210041046143,5.689525127410889,0.494762319956208,0.3848390877246856,0.6423043247751689,2.4820874,5.807783,0.51369005,0.4046633,0.61748344,IDP-ESM2-8M,93,278,0.02646636962890625,0.11825799942016602,0.018927734460448487,0.0198242068290711,0.02482088771385904
Q0PFA9,2.530031442642212,6.113459587097168,0.5198990083389001,0.4059605300426483,0.6052942732150766,2.3326306,5.4821696,0.52012056,0.40892172,0.5985437,IDP-ESM2-8M,93,278,0.19740080833435059,0.6312899589538574,0.00022155278399416112,0.002961188554763794,0.0067505696590157704
Q0QZD2,2.131593704223633,5.3235368728637695,0.6209087635914231,0.4970093071460724,0.5070948819568291,1.9478283,4.883269,0.60960233,0.4785065,0.5025352,IDP-ESM2-8M,93,278,0.18376541137695312,0.44026803970336914,0.011306431476249768,0.018502801656723022,0.004559657995952593
Q0QZH2,1.916715264320373,4.196271896362305,0.4252235610441495,0.3501870036125183,0.7300252734490662,1.9869604,4.568366,0.48761448,0.38943547,0.6475068,IDP-ESM2-8M,93,278,0.07024514675140425,0.37209415435791016,0.0623909215970706,0.03924846649169922,0.08251849997723393
Q0WY62,1.5660996437072754,3.749598741531372,0.5676742006695908,0.4298533499240875,0.536216024823067,1.5010011,3.6962192,0.57467204,0.4561531,0.52810884,IDP-ESM2-8M,93,278,0.06509852409362793,0.05337953567504883,0.006997842653926001,0.026299744844436646,0.008107189602730047
Q102Z0,1.499362230300903,3.523333549499512,0.5210678533972369,0.4293972253799438,0.5897040759104045,1.6173925,3.8332283,0.5422131,0.43406484,0.56850433,IDP-ESM2-8M,93,278,0.11803030967712425,0.3098948001861568,0.021145228916300662,0.004667609930038508,0.021199742414310774
Q102Z1,1.5114619731903076,3.835897922515869,0.5671856114379641,0.4390173256397247,0.5255928235632996,1.664392,3.9624054,0.54754573,0.43766758,0.57001436,IDP-ESM2-8M,93,278,0.15293002128601074,0.12650752067565918,0.019639880370306617,0.0013497471809386652,0.04442153400353388
Q102Z2,1.515132188796997,3.646566390991211,0.5500515597559897,0.415818989276886,0.5532418338677698,1.4899588,3.5634077,0.5482553,0.4376818,0.56205326,IDP-ESM2-8M,93,278,0.025173425674438477,0.08315873146057129,0.0017962353922812424,0.021862804889678955,0.00881142931963863
Q102Z3,1.5226575136184692,3.675213098526001,0.5370506543408452,0.4273405969142914,0.5745022427789431,1.7542956,4.149885,0.5389959,0.42967877,0.5725646,IDP-ESM2-8M,93,278,0.2316380739212036,0.4746720790863037,0.001945267270940687,0.0023381710052490234,0.0019376408807497691
Q102Z5,1.5663609504699707,3.843828201293945,0.5554004065160287,0.4452764093875885,0.5627144911054288,1.6361468,3.904716,0.5501856,0.43868273,0.5584031,IDP-ESM2-8M,93,278,0.06978583335876465,0.06088781356811568,0.005214785731269211,0.006593674421310425,0.00431141636406529
Q102Z6,1.5005810260772705,3.5313215255737305,0.5306510556854136,0.4185928106307983,0.5760855601870156,1.813834,4.2783985,0.53711057,0.428484,0.5765539,IDP-ESM2-8M,93,278,0.31325292587280273,0.7470769882202148,0.0064595114074819104,0.009891182184219416,0.0004683209813498568
Q102Z7,1.5033129453659058,3.6720473766326895,0.5492955266916776,0.4355100393295288,0.5484462504595642,1.595351,3.8113678,0.5452876,0.43433213,0.5577543,IDP-ESM2-8M,93,278,0.09203803539276123,0.13932037353515714,0.004007917591335786,0.0011779069900512695,0.00930802772341921
Q102Z8,1.5370064973831177,3.700448513031006,0.5550143502217387,0.448872834444046,0.5527218533493011,1.6740403,3.9952574,0.5466442,0.4336999,0.55861044,IDP-ESM2-8M,93,278,0.13703382015228271,0.29480886459350586,0.00837013940630904,0.01517292857170105,0.005888585951235981
Q102Z9,1.483626365661621,3.479201555252075,0.5412699644387938,0.4307369291782379,0.5530405685715047,1.5531057,3.7007568,0.5412571,0.43109342,0.5597646,IDP-ESM2-8M,93,278,0.06947934627532959,0.22155523300170898,1.28810228087195e-05,0.00035649538040161133,0.006724055070463031
Q103A0,1.5284596681594849,3.71622896194458,0.5546812330322904,0.4352303445339203,0.5500571989958704,1.5810019,3.7553997,0.5382868,0.42841244,0.5700475,IDP-ESM2-8M,93,278,0.05254220962524414,0.03917074203491211,0.016394427879397377,0.006817907094955444,0.019990298753458258
Q103A1,1.5050746202468872,3.517319440841675,0.5554340254422345,0.4461743533611297,0.5405719477578262,1.512526,3.6198642,0.55493397,0.43843043,0.54796195,IDP-ESM2-8M,93,278,0.007451415061950684,0.10254478454589844,0.0005000602360882844,0.007743924856185858,0.00739000254429778
Q103A2,1.5446945428848269,3.809352397918701,0.5710473258800727,0.4527680277824402,0.5313889111234903,1.6015551,3.810883,0.54175687,0.43224075,0.563713,IDP-ESM2-8M,93,278,0.05686056613922097,0.0015306472778320312,0.029290457517645918,0.020527273416519165,0.03232410300233368
Q103A3,1.4667996168136597,3.64899468421936,0.5713343361204221,0.4497934579849243,0.5233024857019118,1.5758364,3.7602105,0.5490067,0.4373722,0.55479336,IDP-ESM2-8M,93,278,0.10903680324554443,0.11121582984924361,0.02232763560467499,0.012421250343322754,0.03149087214720925
Q103A4,1.4526007175445557,3.5227160453796387,0.5480178515024783,0.43048956990242,0.5515331527600067,1.4170226,3.4191644,0.5596162,0.44255546,0.5357812,IDP-ESM2-8M,93,278,0.035578131675720215,0.10355162620544434,0.01159835657399877,0.01206588745117193,0.015751948059536725
Q103A5,1.451314091682434,3.5562000274658203,0.5455021460274727,0.418934017419815,0.5543850408484168,1.5776789,3.7311263,0.5365542,0.4266844,0.5746339,IDP-ESM2-8M,93,278,0.1263648271560669,0.1749262809753418,0.0089479286889107,0.0077503919601440985,0.02024885550244382
Q103A6,1.429018497467041,3.3644111156463623,0.5543584494572299,0.4454344809055328,0.5437874993695134,1.4519942,3.4908206,0.5529761,0.44009814,0.5433631,IDP-ESM2-8M,93,278,0.022975683212280273,0.12640953063964844,0.001382377622665687,0.005336344242095892,0.000424405039679443
Q103A7,1.4941874742507937,3.8151917457580566,0.5779104832680144,0.4622054398059845,0.523716416735171,1.4009739,3.3922389,0.5616524,0.4463253,0.54386246,IDP-ESM2-8M,93,278,0.0932135581970217,0.42295289039611816,0.016258061316720473,0.01588013768196106,0.02014604530859121
Q103A8,1.4836623668670654,3.637364387512207,0.5714937745501606,0.453369677066803,0.5290969944233359,1.5432761,3.6516612,0.5423869,0.43378046,0.5643657,IDP-ESM2-8M,93,278,0.059613704681396484,0.014296770095825195,0.029106885092457957,0.019589215517044067,0.03526869056277859
Q103A9,1.4455969333648682,3.515743017196656,0.5487007493055792,0.4416884481906891,0.5577590927483108,1.5759373,3.7526844,0.54814994,0.43571588,0.55675244,IDP-ESM2-8M,93,278,0.1303403377532959,0.23694133758544833,0.0005508059538336108,0.005972564220428467,0.0010066494347121813
Q107X9,2.822714328765869,6.549379348754883,0.5188409205836613,0.3996600210666656,0.5997834279958537,2.9714298,6.7418137,0.473751,0.38684988,0.71169543,IDP-ESM2-8M,93,278,0.14871549606323242,0.19243431091308594,0.04508991207307167,0.012810140848159735,0.11191200466711015
Q14UX9,1.783287763595581,4.286310195922852,0.5483216005348963,0.4268178939819336,0.5696793046511595,1.7432214,4.1271105,0.547044,0.44162616,0.57858443,IDP-ESM2-8M,93,278,0.04006636142730713,0.15919971466064453,0.0012776213669580816,0.01480826735496521,0.008905127950769254
Q14UY3,1.8551685810089111,4.370429039001465,0.5658679846557889,0.4456781446933746,0.555234237051442,1.7350748,4.1029267,0.5432154,0.43679476,0.578388,IDP-ESM2-8M,93,278,0.12009382247924805,0.2675023078918457,0.022652590635708347,0.008883386850357,0.023153738641306987
Q152W2,1.3592116832733154,2.729971408843994,0.3594327543581604,0.3521990180015564,0.8076276652356189,1.4896003,3.483748,0.51517624,0.41373423,0.6014335,IDP-ESM2-8M,93,278,0.13038861751556396,0.7537765502929688,0.15574348227132567,0.06153520941734314,0.20619414968691285
Q159G2,1.834389090538025,4.393428802490234,0.5295314281657505,0.400502860546112,0.5503162700200773,1.6475346,3.9650078,0.54603237,0.42196676,0.5254003,IDP-ESM2-8M,93,278,0.18685448169708252,0.4284210205078125,0.016500940971059808,0.02146390080451971,0.02491598906762371
Q159G5,2.264542818069458,5.432994842529297,0.5248023603879138,0.4097082614898681,0.5648368014368876,2.21429,5.254462,0.53625834,0.4154783,0.5562419,IDP-ESM2-8M,93,278,0.05025291442871094,0.17853307723999023,0.011455979493983137,0.005770027637481745,0.008594871905790225
Q159M3,1.548293113708496,3.586411476135254,0.5080187844477576,0.401477575302124,0.5767502351435645,1.5143743,3.613274,0.53344566,0.41796967,0.54550225,IDP-ESM2-8M,93,278,0.03391885757446289,0.026862621307373047,0.025426871851833455,0.016492098569869995,0.031247989717386515
Q19B12,2.211629629135132,5.427496910095215,0.5703948772460266,0.4385860562324524,0.5495392576932107,2.0969105,4.988884,0.5462717,0.43604845,0.59142065,IDP-ESM2-8M,93,278,0.11471915245056152,0.4386129379272461,0.02412319546044306,0.0025376081466674805,0.041881392788967076
Q19B37,1.7492132186889648,4.319702625274658,0.5998632061252894,0.4712064266204834,0.520111095106797,1.8019034,4.4423814,0.59782916,0.47453457,0.5136378,IDP-ESM2-8M,93,278,0.05269014835357666,0.12267875671386719,0.0020340430507960194,0.0033281445503234863,0.006473313963608507
Q19CE6,1.8610514402389529,4.336532115936279,0.5832183359914176,0.4892588853836059,0.5527130727823699,1.7584522,4.218304,0.55581367,0.4434576,0.58108276,IDP-ESM2-8M,93,278,0.10259926319122337,0.11822795867919922,0.02740466583303136,0.04580128192901606,0.02836968850531929
Q19CW0,1.5930460691452026,3.826406240463257,0.5515965885556707,0.4375797510147095,0.5787984380743307,1.5726378,3.7660217,0.56080145,0.4549087,0.55644417,IDP-ESM2-8M,93,278,0.020408272743225098,0.060384511947631836,0.009204857882164963,0.01732894778251648,0.022354269983510422
Q19D16,1.5336685180664062,3.8403007984161377,0.5972858620007954,0.4669265747070312,0.5119937568610844,1.6263072,4.014733,0.59064996,0.4679827,0.5143594,IDP-ESM2-8M,93,278,0.09263873100280762,0.17443203926086426,0.006635899575563431,0.001056134700775202,0.0023656577163997383
Q19NX3,2.234902858734131,5.079492568969727,0.4291541928903484,0.3584992587566376,0.7156905540885549,2.1266062,4.844389,0.46773475,0.37642482,0.6779357,IDP-ESM2-8M,93,278,0.10829663276672363,0.23510360717773438,0.038580561195192375,0.017925560474395752,0.037754834598503595
Q19UQ1,2.2450613975524902,5.595417499542236,0.6079161859136146,0.4764726758003235,0.5300707059985871,2.3026762,5.9272366,0.6452551,0.5088382,0.47662604,IDP-ESM2-8M,93,278,0.057614803314208984,0.3318190574645996,0.03733890289253772,0.032365500926971436,0.05344466744725651
Q19XC2,1.959297776222229,4.646962642669678,0.5508413068512953,0.4299237132072449,0.5842901482468013,1.8455971,4.5686865,0.5916891,0.46613422,0.51903725,IDP-ESM2-8M,93,278,0.11370062828063965,0.07827615737915039,0.04084780295095081,0.03621050715446472,0.06525290154269969
Q19XF8,1.7609339952468872,4.231517791748047,0.5615303129932926,0.4530632793903351,0.5651863572145935,1.8312812,4.448613,0.56790775,0.4497801,0.54228497,IDP-ESM2-8M,93,278,0.07034718990325928,0.21709537506103516,0.0063774376132442745,0.003283172845840454,0.02290139169945682
Q19XJ8,1.449294090270996,3.4961540699005127,0.5553077438425218,0.4536588788032532,0.5493758555860766,1.4819796,3.4794734,0.51447076,0.41120005,0.589757,IDP-ESM2-8M,93,278,0.03268551826477051,0.01668071746826172,0.040836987788597234,0.04245883226394653,0.040381169655775206
Q19XN7,1.620885729789734,3.888865470886232,0.5629454370239381,0.4520831704139709,0.551669278802583,1.6803765,4.0669203,0.5594132,0.4505901,0.5564213,IDP-ESM2-8M,93,278,0.05949079990386941,0.17805480957031117,0.0035322423675659964,0.001493066549301092,0.004752001104643577
Q19XV8,2.24051570892334,5.364731311798096,0.5634451496638241,0.4421781301498413,0.5752650112572254,2.217731,5.376527,0.5623387,0.43470278,0.5551052,IDP-ESM2-8M,93,278,0.022784709930419922,0.011795520782470703,0.0011064398325862923,0.007475346326828003,0.020159801906639463
Q19XW1,2.417217493057251,6.3097825050354,0.6430258798034243,0.5007662773132324,0.497582860792249,2.6704361,6.5951695,0.6229892,0.501096,0.5451469,IDP-ESM2-8M,93,278,0.2532186508178711,0.2853870391845703,0.020036702099566872,0.00032973289489746094,0.047564021741778095
Q19YI2,1.433469295501709,3.4788055419921875,0.5556946922136737,0.4404576122760772,0.5433192382367114,1.4736571,3.6223948,0.56792474,0.44695613,0.52823853,IDP-ESM2-8M,93,278,0.040187835693359375,0.14358925819396973,0.012230045716624116,0.006498515605926569,0.01508070330934319
Q19YS5,2.509005546569824,6.224976062774658,0.6123559802241153,0.4827567338943481,0.52291608488541,2.4272377,6.0229607,0.6171948,0.49677342,0.54347473,IDP-ESM2-8M,93,278,0.08176779747009277,0.20201539993286133,0.004838791542547294,0.01401668787002569,0.02055864894408832
Q19YU1,1.830377459526062,4.259548187255859,0.5014464185275656,0.3902711570262909,0.6103768529140493,1.795363,4.313327,0.54941124,0.43189657,0.55411625,IDP-ESM2-8M,93,278,0.03501451015472412,0.053778648376464844,0.047964818712272095,0.041625410318374634,0.05626060382957665
Q19Z22,3.610361099243164,8.792882919311523,0.5913250944368096,0.4360303580760956,0.5426928585253091,3.5212936,8.656937,0.6132382,0.47286677,0.50168353,IDP-ESM2-8M,93,278,0.08906745910644531,0.13594627380371094,0.021913121009662584,0.0368364155292511,0.04100932533362822
Q19ZG3,2.0498640537261963,5.066999435424805,0.5476594887554228,0.4172506332397461,0.5694497664205019,2.0255365,4.7272253,0.514754,0.41207516,0.62878436,IDP-ESM2-8M,93,278,0.024327516555786133,0.33977413177490234,0.03290549142952559,0.005175471305847168,0.05933459208093239
Q1A0D0,2.0117902755737305,4.840494632720947,0.585427564987628,0.4871120750904083,0.5527767376129556,1.8452762,4.505335,0.5759692,0.4539719,0.5244559,IDP-ESM2-8M,93,278,0.16651403903961182,0.3351597785949707,0.009458345779864374,0.03314018249511719,0.028320832652323324
Q1A4M9,2.4065253734588623,5.741313457489014,0.6097460730243157,0.5021095871925354,0.5319882794812009,2.531595,6.430231,0.677341,0.5276343,0.39852172,IDP-ESM2-8M,93,278,0.12506961822509766,0.6889176368713379,0.0675949113201667,0.02552473545074463,0.13346655811813324
Q1A4P9,2.4463934898376465,4.989071369171143,0.3480121295258905,0.3102081418037414,0.933514891192447,3.3897314,7.7415686,0.4806289,0.38693827,0.7181108,IDP-ESM2-8M,93,278,0.9433379173278809,2.7524971961975098,0.13261677815462097,0.07673013210296636,0.2154040914030183
Q1EGY8,3.1265597343444824,7.155166149139404,0.5703690899977161,0.4566038846969604,0.5610895422427136,3.105054,7.4544206,0.5748519,0.44866633,0.534688,IDP-ESM2-8M,93,278,0.02150583267211914,0.2992544174194336,0.004482780539088127,0.007937550544738714,0.026401546332069037
Q1EGZ1,3.4056167602539062,7.968268394470215,0.5947712354603126,0.4696680307388305,0.5426061868120443,3.1920352,7.7007427,0.58395857,0.45477796,0.52822864,IDP-ESM2-8M,93,278,0.21358156204223633,0.26752567291259766,0.010812669271500375,0.014890074729919378,0.014377546255708862
Q1EGZ2,3.5031933784484863,8.548798561096191,0.5897512037839148,0.4738803207874298,0.5362516565215248,3.173613,7.610941,0.5657417,0.4398216,0.55051625,IDP-ESM2-8M,93,278,0.32958030700683594,0.9378576278686523,0.024009485968515598,0.034058719873428345,0.014264591227803769
Q1EH05,4.231586456298828,9.734313011169434,0.5946766513353124,0.4627497494220733,0.5750471470459002,3.711865,8.85828,0.5699011,0.4454918,0.5698174,IDP-ESM2-8M,93,278,0.519721508026123,0.876032829284668,0.02477554259355219,0.017257958650588934,0.005229723225404603
Q1EH28,3.274857521057129,7.711866855621338,0.5745293263346657,0.4540619254112243,0.563308600373996,3.0644016,7.3691063,0.58019096,0.45194376,0.5294429,IDP-ESM2-8M,93,278,0.21045589447021484,0.3427605628967285,0.0056616302578941236,0.002118170261383001,0.033865693994296286
Q1EH30,3.386964797973633,8.140742301940918,0.5953981747351553,0.4812785387039184,0.5375101305855615,3.1057305,7.498771,0.58336896,0.45290768,0.5257358,IDP-ESM2-8M,93,278,0.2812342643737793,0.6419711112976074,0.012029217692461236,0.028370857238769476,0.011774335087667231
Q1EH36,3.319199800491333,7.794743537902832,0.5762966484251398,0.4507927596569061,0.5670266519335291,3.131574,7.545595,0.5844344,0.45585558,0.52961594,IDP-ESM2-8M,93,278,0.18762588500976562,0.24914836883544922,0.008137741642914365,0.005062818527221735,0.037410713270046414
Q1EH45,4.061820030212402,9.814848899841309,0.6149045882994666,0.4826643466949463,0.5341519651475415,3.6919303,8.881619,0.5907062,0.46071702,0.53857666,IDP-ESM2-8M,93,278,0.3698897361755371,0.9332294464111328,0.02419835908956669,0.02194732427597046,0.004424697392894306
Q1EH47,4.756464004516602,11.516890525817873,0.6355219191652368,0.515194833278656,0.5188231590234329,3.947919,9.4764,0.5894586,0.4578276,0.5429877,IDP-ESM2-8M,93,278,0.8085451126098633,2.040490150451662,0.04606333437977539,0.0573672354221344,0.024164545253605674
Q1EH77,3.759675025939941,9.018773078918455,0.6117442188512954,0.4963003396987915,0.5251683857273518,3.4317002,8.198658,0.57705635,0.45218885,0.5561353,IDP-ESM2-8M,93,278,0.32797479629516557,0.8201150894165021,0.03468787052747335,0.04411149024963379,0.030966911094242433
Q1KWA0,2.266329526901245,5.175235748291016,0.5078245299276055,0.4277339279651642,0.6260248226778236,2.4167411,5.691111,0.5322709,0.41793835,0.5864299,IDP-ESM2-8M,93,278,0.15041160583496094,0.5158753395080566,0.024446378428107374,0.009795576333999634,0.039594928707334054
Q1MWN9,3.644352912902832,8.612133979797363,0.5362177910705039,0.4108991324901581,0.6081242274873826,3.5939083,8.532541,0.55578655,0.43632177,0.59870714,IDP-ESM2-8M,93,278,0.050444602966308594,0.07959270477294922,0.019568758974509493,0.025422632694244385,0.009417087995347684
Q1WIU5,2.449371576309204,5.7530035972595215,0.5017834025543009,0.3933050632476806,0.6490502325507498,2.5241127,5.954282,0.53080314,0.41910362,0.61403996,IDP-ESM2-8M,93,278,0.07474112510681152,0.2012782096862793,0.029019741423818024,0.02579855918884283,0.03501027502740384
Q1WIU7,2.4873201847076416,5.833576679229736,0.5132401290284015,0.3952361643314361,0.6306394819186886,2.5788257,6.056791,0.52448,0.41469446,0.625192,IDP-ESM2-8M,93,278,0.09150552749633789,0.22321414947509766,0.011239856208720034,0.019458293914794977,0.005447495357867038
Q1XDV1,1.4097092151641846,3.3468384742736816,0.546371558958506,0.4365255236625671,0.5475437894537415,1.4697853,3.5863285,0.5641786,0.44530815,0.5317146,IDP-ESM2-8M,93,278,0.060076117515563965,0.23949003219604492,0.017807027047658575,0.008782625198364313,0.015829171247717322
Q1ZYP5,2.0133485794067383,4.651703357696533,0.5658208267972317,0.4708400666713714,0.5516029800507317,1.9194779,4.6474276,0.56037384,0.439224,0.54699165,IDP-ESM2-8M,93,278,0.09387063980102539,0.004275798797607422,0.0054469840810146275,0.031616061925888006,0.004611333760906278
Q20BU0,1.675989031791687,3.9460599422454834,0.5598636645892914,0.4508988857269287,0.5324649741288506,1.5307664,3.711785,0.561647,0.44026944,0.5323879,IDP-ESM2-8M,93,278,0.14522266387939453,0.23427486419677734,0.0017833333393280082,0.010629445314407349,7.706185544364974e-05
Q20BW6,1.883022665977478,4.535182476043701,0.5211943021171908,0.4094647169113159,0.5793236183353192,1.8390847,4.4043427,0.54684305,0.42709383,0.55508566,IDP-ESM2-8M,93,278,0.04393792152404785,0.13083982467651367,0.025648749793209635,0.017629116773605347,0.024237959308219592
Q20HY6,3.4272234439849854,7.730515003204346,0.5020360947796206,0.4064349234104156,0.6507092968521133,3.3342986,7.8169923,0.52708924,0.41365567,0.61601835,IDP-ESM2-8M,93,278,0.09292483329772949,0.08647727966308594,0.025053143387188448,0.007220745086669977,0.034690941959382604
Q27Q61,1.912902474403381,4.381959915161133,0.5348802986785199,0.4179033637046814,0.5709192694826893,1.9595077,4.677836,0.54219717,0.42771852,0.5771213,IDP-ESM2-8M,93,278,0.046605229377747026,0.29587602615356445,0.00731686919486263,0.00981515645980835,0.006202047903937857
Q27Q66,1.764868140220642,3.611447811126709,0.4198887711041412,0.3462188243865967,0.747621333219466,1.8248994,4.255595,0.51295954,0.4107174,0.6188021,IDP-ESM2-8M,93,278,0.06003129482269287,0.6441473960876465,0.09307076878614812,0.06449857354164124,0.12881926260179022
Q27Q71,1.97069787979126,4.649993419647217,0.5521214556808535,0.4504066407680511,0.5635602093669775,1.9661698,4.721433,0.55058783,0.43195033,0.56129736,IDP-ESM2-8M,93,278,0.004528045654297097,0.07143974304199219,0.0015336227531496105,0.018456310033798162,0.0022628522846105392
Q27Q76,1.874428153038025,3.979820489883423,0.4858307429677991,0.4048692286014557,0.6564294305747066,1.8739878,4.447615,0.53650486,0.42517638,0.58335984,IDP-ESM2-8M,93,278,0.00044035911560058594,0.46779465675354004,0.05067412172488889,0.020307153463363647,0.07306959304266314
Q27Q84,1.5186445713043213,3.692368984222412,0.5541937162763632,0.4385304749011993,0.5468118846773209,1.7588768,4.2498713,0.5553257,0.43226647,0.5325783,IDP-ESM2-8M,93,278,0.24023222923278809,0.557502269744873,0.00113197065524695,0.006264001131057684,0.014233595168501312
Q287B2,2.223140001296997,5.374475002288818,0.5422026786609587,0.4108061194419861,0.5525155317714838,2.2665942,5.3217216,0.52549195,0.41449112,0.5969993,IDP-ESM2-8M,93,278,0.04345417022705078,0.052753448486328125,0.01671072576484056,0.00368499755859375,0.04448375583380182
Q287K0,3.1761834621429443,7.840703010559082,0.6344230598392175,0.5084116458892822,0.5235674108808667,3.2047076,8.156282,0.69520974,0.53927386,0.4076945,IDP-ESM2-8M,93,278,0.028524160385131836,0.3155794143676758,0.060786681753189686,0.03086221218109131,0.11587292211705746
Q2EQ07,1.717362880706787,3.853877067565918,0.4488257026194064,0.3693666756153106,0.683817064134816,1.9156336,4.4415936,0.50351393,0.40303987,0.6210204,IDP-ESM2-8M,93,278,0.19827067852020264,0.5877165794372559,0.05468822960868197,0.033673197031021174,0.06279668745253453
Q2EQJ4,2.4139554500579834,5.693259239196777,0.5619540371544205,0.4456268548965454,0.5618041659494524,2.258005,5.3742857,0.5534611,0.43438843,0.55909294,IDP-ESM2-8M,93,278,0.15595054626464844,0.3189735412597656,0.008492962325318931,0.011238425970077515,0.0027112270494584756
Q2EX97,2.745781183242798,6.273816108703613,0.5279580493668932,0.4337955117225647,0.5906548335813632,2.6376164,6.241035,0.5341238,0.41558,0.57422894,IDP-ESM2-8M,93,278,0.10816478729248047,0.032781124114990234,0.006165728976307516,0.01821550726890564,0.016425891187106578
Q2EXS5,3.1981451511383057,7.049169540405273,0.4611918702729324,0.3709659576416015,0.69779502662848,3.448889,8.09293,0.5143621,0.39978367,0.613658,IDP-ESM2-8M,93,278,0.2507438659667969,1.0437602996826172,0.05317022651356662,0.02881771326065069,0.08413701566885479
Q2I7C2,2.764577388763428,6.37867546081543,0.5152492872560176,0.4183781445026397,0.6065251741578828,2.8142686,6.599283,0.5221633,0.40603015,0.60594296,IDP-ESM2-8M,93,278,0.04969120025634721,0.22060775756835938,0.006913984647974103,0.012347996234893743,0.0005822096040497549
Q2I7C9,2.6440422534942627,6.080379486083984,0.50180394933097,0.3861426115036011,0.6111371802297026,2.8133671,6.5750256,0.51121414,0.3993494,0.6240339,IDP-ESM2-8M,93,278,0.1693248748779297,0.4946460723876953,0.009410187746361598,0.013206779956817627,0.012896747687777821
Q2I7D5,2.683099269866944,6.223268985748291,0.5061927334200619,0.3909780979156494,0.6097498517990454,2.8044016,6.599115,0.5224447,0.40575346,0.6028238,IDP-ESM2-8M,93,278,0.12130236625671342,0.37584590911865234,0.016251991616559214,0.014775365591049194,0.006926057910953354
Q2I7D8,2.600615262985229,5.844457626342773,0.4816680580133202,0.381023496389389,0.647507769101929,2.851871,6.6655407,0.5109794,0.39890513,0.6217015,IDP-ESM2-8M,93,278,0.2512557506561284,0.8210830688476562,0.029311355972885866,0.017881631851196345,0.025806290143799093
Q2I7D9,2.775620698928833,6.4981231689453125,0.5189394613978103,0.3913372755050659,0.6023762062855723,2.9830809,6.9971323,0.52455205,0.4085709,0.6069868,IDP-ESM2-8M,93,278,0.2074601650238037,0.4990091323852539,0.005612585854844698,0.017233610153198242,0.004610614412212111
Q2KRX9,3.130576133728028,7.289139270782471,0.5303296056952055,0.4161136150360107,0.6136507510225239,2.9701388,7.0208445,0.53347725,0.41839832,0.60728467,IDP-ESM2-8M,93,278,0.1604373455047612,0.2682948112487793,0.0031476410661165355,0.0022847056388855536,0.006366085914796815
Q2LGY8,3.835165739059448,9.01799774169922,0.5283513623867917,0.4130070507526397,0.6162571858703546,4.1103888,9.706953,0.5314635,0.40872043,0.6167915,IDP-ESM2-8M,93,278,0.27522301673889205,0.6889553070068342,0.0031121414507937484,0.0042866170406341,0.0005343008697576979
Q2NNY0,2.592403650283813,6.4844465255737305,0.6401721510342688,0.4960617125034332,0.5161061495493314,2.8809366,7.4143844,0.7144656,0.55651146,0.379063,IDP-ESM2-8M,93,278,0.2885329723358159,0.9299378395080566,0.07429346709927609,0.0604497492313385,0.13704313933357215
Q2PDL2,2.628889799118042,6.155152797698975,0.5039179705159644,0.3981423079967499,0.6212381716118541,2.72469,6.3698716,0.51343906,0.40171942,0.6138301,IDP-ESM2-8M,93,278,0.09580016136169434,0.21471881866455078,0.009521088741542894,0.003577113151550293,0.007408082042762332
Q2PZ57,2.596193313598633,6.102513313293457,0.5089660924932187,0.3856664896011352,0.6392885612885183,2.6256568,6.1591625,0.51946425,0.41059056,0.63798225,IDP-ESM2-8M,93,278,0.029463529586791992,0.056649208068847656,0.010498161886053792,0.024924069643020685,0.0013063120285695673
Q2PZ59,2.5694642066955566,6.052786350250244,0.516267495360765,0.4099701941013336,0.6152178713297423,2.560502,6.0015564,0.5190134,0.41014323,0.6361978,IDP-ESM2-8M,93,278,0.008962154388427734,0.05122995376586914,0.002745909485426412,0.00017303228378295898,0.020979934074920825
Q2PZ62,2.5187876224517822,5.984058856964111,0.4864406210282443,0.3699057698249817,0.6709191903387994,2.6146,6.109448,0.5157248,0.4089513,0.64297247,IDP-ESM2-8M,93,278,0.09581232070922852,0.12538909912109375,0.02928415714710969,0.0390455424785614,0.027946721008965447
Q2PZ64,2.651885271072388,6.294162750244141,0.5277253271036667,0.4096809327602386,0.606448103478825,2.6245115,6.160376,0.524084,0.41347432,0.6273542,IDP-ESM2-8M,93,278,0.02737379074096724,0.13378667831420898,0.0036413551264328214,0.0037933886051178534,0.020906101175868552
Q2PZ75,2.7186079025268555,6.453140735626221,0.5383169839386708,0.4228973388671875,0.5980465646388229,2.7044594,6.3382335,0.5194535,0.4107649,0.6399779,IDP-ESM2-8M,93,278,0.014148473739624023,0.11490726470947266,0.01886345839545789,0.012132436037063599,0.0419313077328507
Q2TVL9,2.525146007537842,6.251913070678711,0.6050784191852622,0.4716086983680725,0.5142987695742257,2.5091813,5.950202,0.5574286,0.44628957,0.57262677,IDP-ESM2-8M,93,278,0.015964746475219727,0.3017110824584961,0.04764982078133151,0.02531912922859192,0.05832799996846838
Q2VAE1,2.053507089614868,4.711138725280762,0.5164691498681752,0.4257328808307647,0.6041951135033781,2.1222947,5.004302,0.52790564,0.41512856,0.5899381,IDP-ESM2-8M,93,278,0.0687875747680664,0.2931632995605469,0.011436493118122448,0.010604321956634466,0.014257009350698624
Q2VF21,1.527622103691101,3.5281822681427,0.514598140719383,0.4174089133739471,0.6024317191850689,1.6634884,3.9415624,0.5515511,0.44464892,0.5766803,IDP-ESM2-8M,93,278,0.13586628437042236,0.41338014602661133,0.03695296287253591,0.027240008115768488,0.0257514165651348
Q2WC16,1.6515027284622192,3.941368341445923,0.5637330545431826,0.4607311189174652,0.5603996425264003,1.5529991,3.847152,0.6073068,0.47977984,0.4800577,IDP-ESM2-8M,93,278,0.09850358963012695,0.09421634674072266,0.043573723887756155,0.019048720598220825,0.08034195595909377
Q2WC23,1.8073928356170648,4.163274765014648,0.5539824073264417,0.4452293515205383,0.5674647900476132,1.788909,4.3403397,0.56155884,0.44496173,0.55192137,IDP-ESM2-8M,93,278,0.01848387718200617,0.1770648956298828,0.0075764353325549205,0.0002676248550414484,0.015543422402349516
Q2XT86,1.8819077014923096,4.578079700469971,0.5463177515648738,0.4374591410160064,0.5668293945706803,1.8695419,4.4578876,0.53868043,0.42338696,0.5665662,IDP-ESM2-8M,93,278,0.01236581802368164,0.12019205093383789,0.007637317337884086,0.014072179794311468,0.0002631657041031188
Q2Z0R7,2.217493057250977,5.346865177154541,0.5201526485533058,0.3948495090007782,0.6031569534811587,2.2167783,5.256089,0.53237146,0.4188842,0.5850857,IDP-ESM2-8M,93,278,0.0007147789001469285,0.09077596664428711,0.01221881283814319,0.02403467893600464,0.018071263459643827
Q30BN4,4.855597496032715,11.31143283843994,0.5139539598237441,0.4017453491687774,0.6507280820927859,4.5735755,10.883412,0.53503656,0.40895584,0.61309314,IDP-ESM2-8M,93,278,0.28202199935913086,0.4280204772949201,0.02108260404954687,0.00721049308776861,0.03763494435169701
Q33CR5,2.7037134170532227,6.255992412567139,0.5130396661553126,0.3993525803089142,0.5987750045771213,2.8571863,6.6670547,0.5133453,0.40060392,0.6208786,IDP-ESM2-8M,93,278,0.153472900390625,0.41106224060058594,0.00030563499596303334,0.0012513399124145508,0.022103572655239545
Q33CS0,2.704979181289673,6.271732330322266,0.5163915213029376,0.4065280854701996,0.5919850451778201,2.8152628,6.591496,0.5161917,0.40202042,0.61287725,IDP-ESM2-8M,93,278,0.11028361320495605,0.3197636604309082,0.00019980034041322536,0.004507660865783691,0.020892204539892267
Q33CS7,2.688413619995117,6.412435531616211,0.514771824136116,0.3934896886348724,0.5921292640732188,2.8504777,6.673804,0.51529896,0.40186143,0.6142902,IDP-ESM2-8M,93,278,0.1620640754699707,0.2613682746887207,0.000527138456962617,0.008371740579605158,0.022160913748894284
Q33CU7,2.420177698135376,5.615860462188721,0.5208888997381987,0.40615314245224,0.5810151916083769,2.3914611,5.650055,0.5231005,0.40679374,0.5911699,IDP-ESM2-8M,93,278,0.028716564178466797,0.0341944694519043,0.0022115956002412007,0.0006406009197235107,0.010154702133230775
Q33CV3,2.418550491333008,5.468828201293945,0.5102250611488028,0.4128703773021698,0.602488080399299,2.433436,5.7238092,0.5203834,0.40618688,0.59998155,IDP-ESM2-8M,93,278,0.014885425567626953,0.25498104095458984,0.010158356457550921,0.0066834986209869385,0.0025065339973214806
Q33CV7,2.385971784591675,5.431142807006836,0.4994140806532609,0.3962891399860382,0.6175455409888689,2.418152,5.715188,0.52329725,0.4071698,0.5885107,IDP-ESM2-8M,93,278,0.0321803092956543,0.2840452194213867,0.023883169617582634,0.010880649089813232,0.029034848869270546
Q33CW2,2.4257402420043945,5.743682861328125,0.5198774714589601,0.4201698005199432,0.5836721657946169,2.5289888,5.9535995,0.52410024,0.40768954,0.59640867,IDP-ESM2-8M,93,278,0.10324859619140625,0.2099165916442871,0.004222772586297441,0.012480258941650335,0.012736499385589406
Q33CX7,2.598165988922119,6.181950569152832,0.4966434687911719,0.3818082511425018,0.6126066658669053,2.7447479,6.445844,0.5180436,0.4023265,0.6020618,IDP-ESM2-8M,93,278,0.14658188819885254,0.26389360427856445,0.021400108879879143,0.02051824331283575,0.010544857757621817
Q33CX8,2.4378366470336914,5.856637477874756,0.5266713166462005,0.4197340309619903,0.5727043081399061,2.3515537,5.568618,0.5278348,0.410356,0.58207095,IDP-ESM2-8M,93,278,0.08628296852111816,0.28801965713500977,0.0011634564174591855,0.009378045797347967,0.009366638553514273
Q33CZ4,2.422956943511963,5.71843147277832,0.5138198060255075,0.4012989699840545,0.5963017702586716,2.4025285,5.650206,0.51974386,0.4052822,0.595242,IDP-ESM2-8M,93,278,0.02042841911315918,0.06822538375854492,0.005924053742406343,0.0039832293987274725,0.0010597467906540148
Q33D00,2.4899251461029053,5.8455071449279785,0.5274233210392586,0.4072182476520538,0.5845136584511388,2.459971,5.8035893,0.5213178,0.40587404,0.5930021,IDP-ESM2-8M,93,278,0.029954195022583008,0.04191780090332031,0.006105541021405814,0.0013442039489745539,0.008488422466219614
Q33D03,2.711453914642334,6.485227108001709,0.5144323584913615,0.4130784571170807,0.5981573540232791,2.8263283,6.6099706,0.5126111,0.4009787,0.6226098,IDP-ESM2-8M,93,278,0.11487436294555664,0.12474346160888672,0.0018212673544291125,0.012099742889404297,0.024452440116582985
Q33D07,2.4079978466033936,5.508765697479248,0.5066466540297271,0.3845072984695434,0.6077651224269346,2.4318902,5.7328496,0.5237266,0.4077711,0.5911442,IDP-ESM2-8M,93,278,0.02389240264892578,0.22408390045166016,0.01707992849743356,0.023263812065124567,0.016620918287225117
Q33D14,2.6202428340911865,5.955343246459961,0.4775321755483611,0.3713854849338531,0.6628492559922162,2.7903333,6.5557184,0.52168936,0.4056143,0.60458857,IDP-ESM2-8M,93,278,0.1700904369354248,0.6003751754760742,0.044157179825021486,0.03422880172729498,0.05826068778161442
Q33D20,2.492779016494751,5.8897223472595215,0.5367745597579133,0.4251755475997925,0.5659800678907532,2.5697303,6.0607934,0.5282432,0.41308197,0.59511083,IDP-ESM2-8M,93,278,0.07695126533508301,0.17107105255126953,0.008531375668252683,0.012093573808670044,0.029130765754113774
Q38506,1.630953311920166,3.9659361839294434,0.5582707642272565,0.4379411339759826,0.544711702735911,1.6905432,4.1526623,0.56851053,0.44335365,0.5171976,IDP-ESM2-8M,93,278,0.05958986282348633,0.18672609329223633,0.010239768151893869,0.005412518978118952,0.027514093788157057
Q38583,2.3471462726593018,5.843185901641846,0.5888112513220319,0.4477116465568542,0.5506130109522454,2.2978404,5.610641,0.57572067,0.449908,0.55240154,IDP-ESM2-8M,93,278,0.04930591583251953,0.2325448989868164,0.013090583482981644,0.002196341753006037,0.0017885317113288668
Q38HE4,2.3265700340271,5.612617015838623,0.5480713852445145,0.4252542853355407,0.6083695549566897,2.3229716,5.3866744,0.54922986,0.45382744,0.61403507,IDP-ESM2-8M,93,278,0.003598451614380327,0.22594261169433594,0.0011584750612716466,0.028573155403137263,0.005665514985784714
Q38I94,2.6956026554107666,6.345583915710449,0.5368494733934898,0.4186443090438843,0.5789105650778726,3.0827272,7.3168206,0.5402309,0.4169251,0.5966528,IDP-ESM2-8M,93,278,0.38712453842163086,0.9712367057800293,0.0033813968533974448,0.0017192065715789795,0.017742240727333658
Q38I97,2.708461284637451,6.404447078704834,0.5403266154083702,0.4222078025341034,0.5740723189332845,2.906896,6.8993115,0.5426198,0.41853902,0.58441466,IDP-ESM2-8M,93,278,0.19843482971191406,0.49486446380615234,0.0022932090011146267,0.0036687850952148438,0.01034234199734907
Q38IM8,2.5940723419189453,6.17650318145752,0.5316202646439883,0.406524121761322,0.6293313404682193,2.3445272,5.5001345,0.5496511,0.44497234,0.5949682,IDP-ESM2-8M,93,278,0.24954509735107422,0.6763687133789071,0.018030821686425558,0.038448214530944824,0.034363140738299824
Q38IP7,2.619170427322388,6.260839939117432,0.5358614876665986,0.4013506174087524,0.6273951409657668,2.308439,5.4632225,0.5628623,0.4529311,0.5690375,IDP-ESM2-8M,93,278,0.31073141098022505,0.7976174354553223,0.027000789364346245,0.05158048868179327,0.05835764392215714
Q3C1Z8,1.563226342201233,3.67202091217041,0.5703775112282898,0.4601594805717468,0.5611951428031431,1.5628757,3.7156782,0.571775,0.4742189,0.5695674,IDP-ESM2-8M,93,278,0.00035059452056884766,0.04365730285644531,0.0013975079405639246,0.01405942440032959,0.008372239532519754
Q3C203,2.9055097103118896,6.819433689117432,0.5188346548243045,0.4001842737197876,0.6010732608133834,3.1178794,7.325342,0.52780634,0.40995556,0.5997929,IDP-ESM2-8M,93,278,0.21236968040466309,0.5059084892272949,0.008971686823797342,0.009771287441253662,0.0012803631121199865
Q3HNZ7,2.248901605606079,5.074997425079346,0.5086537306783011,0.4192546904087066,0.6247478736572001,2.2540019,5.3225884,0.5351363,0.4203608,0.5801545,IDP-ESM2-8M,93,278,0.005100250244140625,0.2475910186767578,0.026482551765699136,0.001106113195419367,0.044593395107242806
Q3HP08,2.2682666778564453,5.220270156860352,0.5182766052568126,0.418069064617157,0.6101443831399472,2.3134663,5.4627395,0.5347901,0.42071667,0.5807474,IDP-ESM2-8M,93,278,0.04519963264465332,0.24246931076049805,0.016513493410332147,0.002647608518600464,0.02939695758376437
Q3HP10,2.299499273300171,5.449819564819336,0.5268680410841126,0.4262064099311828,0.5968654049281042,2.3034413,5.4252543,0.5318275,0.4193959,0.5876055,IDP-ESM2-8M,93,278,0.003942012786865234,0.02456521987915039,0.0049594683191162,0.00681051611900324,0.009259928548709717
Q3HP12,2.176093816757202,4.901831150054932,0.4851301476145896,0.3840740323066711,0.6546090122969103,2.2984495,5.4241886,0.53206414,0.41852227,0.58045477,IDP-ESM2-8M,93,278,0.12235569953918457,0.5223574638366699,0.04693399222839745,0.03444823622703558,0.07415424554657457
Q3HWX5,2.643917798995972,6.100706100463867,0.5158465697835045,0.4136318862438202,0.6049005805759529,2.582216,6.0525684,0.5126149,0.40062863,0.6113952,IDP-ESM2-8M,93,278,0.06170177459716841,0.048137664794921875,0.003231663949306518,0.013003259897232056,0.0064945996494194524
Q3HWX7,2.5393106937408447,5.775488376617432,0.5199500287385036,0.4090483486652374,0.5904949720396666,2.3551717,5.537952,0.51874226,0.40490648,0.5918503,IDP-ESM2-8M,93,278,0.18413901329040527,0.23753643035888672,0.0012077654213954458,0.004141867160797119,0.0013553087220521398
Q3HWY0,2.6273772716522217,6.317027568817139,0.5158899999645356,0.4031064212322235,0.6018299339491533,2.5799623,6.0422378,0.5152922,0.40306428,0.6110539,IDP-ESM2-8M,93,278,0.04741501808166504,0.27478981018066406,0.0005977726963165564,4.214048385620117e-05,0.009223950080235133
Q3HWY5,2.8455817699432373,6.717368125915527,0.5355945797365547,0.4139824211597442,0.6077048524930281,2.7545133,6.589124,0.5518133,0.43194506,0.561367,IDP-ESM2-8M,93,278,0.09106850624084473,0.12824392318725586,0.016218724687731223,0.0179626345634461,0.04633787718556348
Q3HWY6,2.617349624633789,6.173736572265625,0.5075838678351747,0.3912077844142914,0.6182344410771499,2.5936716,6.068656,0.51124793,0.40045008,0.6172892,IDP-ESM2-8M,93,278,0.023678064346313477,0.10508060455322266,0.0036640650757444604,0.00924229621887207,0.0009452555531630491
Q3KSP3,2.9411656856536865,6.976696014404297,0.5511259873379967,0.4351935088634491,0.5629063135019858,3.2354,7.7849073,0.5729048,0.44385695,0.52310854,IDP-ESM2-8M,93,278,0.2942342758178711,0.8082113265991211,0.02177883787257462,0.008663445711135864,0.039797771536501214
Q3LUB4,2.6548757553100586,6.166135311126709,0.5032743760118064,0.3973786830902099,0.6369676936371307,2.550172,6.0105495,0.51934624,0.40550232,0.6029787,IDP-ESM2-8M,93,278,0.10470366477966309,0.15558576583862305,0.01607186117081083,0.008123636245727595,0.0339889872772674
Q3LUB6,2.7325127124786377,6.540383815765381,0.5296693086851129,0.4166505336761474,0.5952513993443052,2.927677,6.979498,0.5458918,0.42562613,0.5729091,IDP-ESM2-8M,93,278,0.19516420364379883,0.4391140937805176,0.01622251269931707,0.00897559523582464,0.022342282599310037
Q3LWP3,3.195291042327881,7.615746021270752,0.493830629275991,0.3819872140884399,0.652833821547686,3.3094862,7.745945,0.5122137,0.4009076,0.6454704,IDP-ESM2-8M,93,278,0.11419510841369629,0.13019895553588867,0.01838307769422387,0.018920391798019465,0.007363440764604934
Q3S669,2.8899834156036377,6.563554763793945,0.5079496255613495,0.3965096175670624,0.6318211705991671,2.8118947,6.5645447,0.52095664,0.41139776,0.6203809,IDP-ESM2-8M,93,278,0.07808876037597656,0.0009899139404296875,0.013007009913809209,0.014888137578964233,0.011440292150680764
Q3T244,1.815535068511963,4.261393070220947,0.5181590824090266,0.4272328615188598,0.6014268755217772,1.8842663,4.468972,0.5345349,0.4232853,0.58493114,IDP-ESM2-8M,93,278,0.06873118877410889,0.2075791358947754,0.016375789169189914,0.00394755601882929,0.0164957403441649
Q3T364,1.8648574352264404,4.392354965209961,0.5111150351149358,0.3951925635337829,0.5975936691612355,1.8415605,4.337888,0.52920467,0.4225672,0.58973396,IDP-ESM2-8M,93,278,0.02329695224761963,0.054467201232910156,0.018089631499596637,0.027374625205993708,0.007859710916911733
Q3T393,1.859004259109497,4.336671829223633,0.496938765080857,0.3916642665863037,0.6226752141979042,1.9119459,4.4821672,0.52102834,0.4159022,0.60169345,IDP-ESM2-8M,93,278,0.05294167995452881,0.14549541473388672,0.024089574781966494,0.02423793077468872,0.020981762793332637
Q3T5T1,2.148629665374756,5.143334865570068,0.5635102558269667,0.4504676759243011,0.5626234491645971,2.0434012,4.8299336,0.5401108,0.42604703,0.5796871,IDP-ESM2-8M,93,278,0.10522842407226562,0.3134012222290039,0.023399429334657107,0.024420648813247625,0.01706366936567638
Q3T5T2,2.172293186187744,5.095139026641846,0.5340007622387112,0.4205849468708038,0.5947889522652323,2.1488845,5.092569,0.53970325,0.4243338,0.57831156,IDP-ESM2-8M,93,278,0.02340865135192871,0.0025701522827148438,0.00570248769262427,0.0037488639354706366,0.016477389727085345
Q3T5T4,2.041001319885254,4.70478630065918,0.5417401373372668,0.4209246933460235,0.5720405606524355,2.0177667,4.8229346,0.55112267,0.43281308,0.5624028,IDP-ESM2-8M,93,278,0.02323460578918457,0.1181483268737793,0.009382528068006657,0.011888384819030817,0.009637775828064132
Q3T5T7,2.010944604873657,4.808868885040283,0.5228592856659725,0.412912368774414,0.5980449297314939,2.138905,5.0465107,0.5395872,0.42617846,0.57925224,IDP-ESM2-8M,93,278,0.12796044349670455,0.2376418113708496,0.016727914021985257,0.013266086578369196,0.018792686689501736
Q3T5U3,1.97994351387024,4.551219940185547,0.5340137187203224,0.4285311996936798,0.5854629610905601,2.0111063,4.773257,0.5444702,0.42888957,0.568074,IDP-ESM2-8M,93,278,0.031162738800048162,0.22203683853149414,0.010456472281569651,0.00035837292671203613,0.017388973129744634
Q3T5U9,1.9685370922088623,4.637420654296875,0.53872949667314,0.431957334280014,0.5865817485880107,2.0013065,4.762126,0.54993886,0.43296224,0.5599465,IDP-ESM2-8M,93,278,0.03276944160461426,0.12470531463623047,0.011209360882249442,0.0010049045085907538,0.02663527117483322
Q3T5V2,1.9077391624450684,4.49583911895752,0.5371470373940206,0.4314896464347839,0.5844557351748534,1.8298898,4.3601203,0.5525744,0.43719977,0.56092715,IDP-ESM2-8M,93,278,0.0778493881225586,0.13571882247924894,0.015427358739402264,0.005710124969482477,0.023528582541186394
Q3T5V7,1.912316918373108,4.503401279449463,0.5473246040666202,0.4294395446777344,0.5688651773501178,1.8611156,4.4276886,0.5478545,0.43416855,0.56568176,IDP-ESM2-8M,93,278,0.05120134353637695,0.07571268081665039,0.0005298790609737924,0.0047290027141571045,0.003183421807362641
Q3V5E4,1.8895797729492188,4.569919586181641,0.5837527900403929,0.4507188498973846,0.5383236631887641,1.86304,4.6256385,0.60400856,0.47689778,0.48419315,IDP-ESM2-8M,93,278,0.02653980255126953,0.05571889877319336,0.020255765371899548,0.026178926229476984,0.05413051695997384
Q3YB07,1.4751626253128052,3.287927865982056,0.4475912555535381,0.3708903789520263,0.6854339829491586,1.5758125,3.7450023,0.535173,0.4248731,0.5723729,IDP-ESM2-8M,93,278,0.10064983367919922,0.45707440376281694,0.08758174335164376,0.05398273468017584,0.11306106958856288
Q3YJX6,2.4833993911743164,5.834100246429443,0.5576018342152899,0.4376837015151977,0.5593912801799831,2.2538896,5.21991,0.5083174,0.40912107,0.65392584,IDP-ESM2-8M,93,278,0.22950983047485352,0.6141901016235352,0.049284423269397526,0.028562635183334295,0.09453455590629012
Q3YJY1,1.9627695083618164,4.622847080230713,0.5447880871685687,0.4281485378742218,0.5744920047720896,1.860866,4.4378567,0.5401731,0.4245227,0.5701677,IDP-ESM2-8M,93,278,0.10190355777740479,0.18499040603637695,0.004614973822468893,0.003625839948654175,0.004324284454249039
Q3YPN7,2.203567743301392,5.330409049987793,0.5682683143672569,0.4461241066455841,0.5559228502995563,1.9901901,4.7199545,0.5343693,0.4206884,0.591176,IDP-ESM2-8M,93,278,0.21337759494781539,0.6104545593261719,0.03389902449222637,0.025435715913772583,0.03525312311581841
Q45KG1,2.602738380432129,6.161858081817627,0.5263629865553863,0.4071241617202759,0.5667924305318844,2.8567111,6.6806574,0.5153408,0.4011905,0.6110235,IDP-ESM2-8M,93,278,0.25397276878356934,0.5187993049621582,0.011022181501675332,0.005933672189712524,0.04423105512866854
Q461X8,3.634354829788208,9.03159523010254,0.6425698146423082,0.5056512355804443,0.4978751057614262,3.7073717,9.121487,0.6362098,0.4969175,0.48448947,IDP-ESM2-8M,93,278,0.07301688194274902,0.08989143371581854,0.006360028704045284,0.008733749389648438,0.013385635041135047
Q4A2Y9,3.760650634765625,8.837422370910645,0.5938989080078207,0.4813450574874878,0.5577116335490885,3.6820881,8.840563,0.5660512,0.43922108,0.5904602,IDP-ESM2-8M,93,278,0.07856249809265137,0.0031404495239257812,0.02784772287674775,0.04212397336959839,0.03274854768717861
Q4GZW3,1.595651149749756,3.643500566482544,0.4691101882049164,0.3792722225189209,0.6629408612790394,1.8253169,4.310024,0.5285183,0.41656348,0.5785267,IDP-ESM2-8M,93,278,0.22966575622558572,0.6665232181549072,0.05940813092502745,0.037291258573532104,0.08441418557789804
Q4KPD1,2.2593207359313965,5.421452522277832,0.5299242694045037,0.4094525277614593,0.5757999726066912,2.2538364,5.347956,0.5366922,0.42718378,0.59359634,IDP-ESM2-8M,93,278,0.005484342575073242,0.07349634170532227,0.006767932686713385,0.017731249332428034,0.017796366619077797
Q4KPE0,1.9895477294921875,4.682952880859375,0.5055873679316507,0.3965713381767273,0.6062853168315114,1.8899239,4.4911785,0.52941847,0.41438884,0.57419527,IDP-ESM2-8M,93,278,0.09962379932403564,0.1917743682861328,0.023831100543691086,0.01781749725341797,0.03209005106155294
Q4KPI4,2.507903814315796,5.707271575927734,0.4924125727097905,0.4007655084133148,0.6303779590785179,2.495673,5.850045,0.5124824,0.40222245,0.608516,IDP-ESM2-8M,93,278,0.012230873107910156,0.14277362823486328,0.020069831999071808,0.0014569461345672607,0.021861981219020832
Q4KPI5,1.869944453239441,4.337810039520264,0.5187552324572864,0.4097700417041778,0.5852694662524828,1.9878061,4.7129545,0.5249744,0.4154524,0.58742064,IDP-ESM2-8M,93,278,0.11786162853240967,0.37514448165893555,0.006219173308247061,0.005682349205017145,0.002151176123463272
Q4KS53,1.5859932899475098,3.0566039085388184,0.3812470605329089,0.3471607863903045,0.7929919152830035,1.6688305,3.911625,0.51309127,0.40992644,0.59999317,IDP-ESM2-8M,93,278,0.08283722400665283,0.8550209999084473,0.131844205622334,0.06276565790176397,0.19299874597529476
Q4KSY7,3.3586015701293945,8.493280410766602,0.6425312437872207,0.4985264539718628,0.4993624628960422,3.5280151,8.721812,0.65609974,0.5132349,0.46283695,IDP-ESM2-8M,93,278,0.16941356658935547,0.2285318374633789,0.013568492903300533,0.014708459377288818,0.03652551187866243
Q4PKB7,2.584132671356201,6.298776626586914,0.5496842741708646,0.4241842031478882,0.5847585349666514,2.7319214,6.4396253,0.53044647,0.41746974,0.6057659,IDP-ESM2-8M,93,278,0.14778876304626465,0.14084863662719727,0.01923780438708167,0.006714463233947754,0.0210073441875539
Q4PRW0,1.5628750324249268,3.843123197555542,0.5732106386936171,0.4451998770236969,0.5255923628419837,1.6512716,3.9470108,0.55269593,0.43975616,0.5523038,IDP-ESM2-8M,93,278,0.08839654922485352,0.10388755798339844,0.02051470868949723,0.0054437220096588135,0.026711428204158838
Q4QTS8,1.5685161352157593,3.935639619827272,0.6062949469229465,0.4810144901275635,0.5116257783296226,1.7823293,4.2862196,0.6052271,0.4907702,0.49547282,IDP-ESM2-8M,93,278,0.2138131856918335,0.35057997703552113,0.0010678341528659319,0.009755700826644897,0.01615295971657027
Q4QVU0,1.896323561668396,4.544623374938965,0.5472313525179398,0.4224304556846618,0.5635169508756477,1.9535317,4.63403,0.534995,0.42297602,0.57604015,IDP-ESM2-8M,93,278,0.05720818042755127,0.08940649032592773,0.012236333082057183,0.0005455613136292059,0.012523197859398705
Q4QW70,1.8106675148010247,4.292553424835205,0.5404541070373685,0.4320404827594757,0.568648997783468,1.7964396,4.2849083,0.5412913,0.42933208,0.5664685,IDP-ESM2-8M,93,278,0.014227867126464178,0.007645130157470703,0.0008371894447176675,0.0027084052562713623,0.0021805205343224943
Q4QW80,1.7786544561386108,4.118035316467285,0.5173338867650604,0.4152013063430786,0.5979368580348203,1.731902,4.128751,0.53948677,0.427075,0.5659575,IDP-ESM2-8M,93,278,0.0467524528503418,0.010715484619140625,0.022152879096450806,0.011873692274093628,0.031979371405334245
Q4U2B4,1.823952078819275,4.383563041687012,0.5589914388844873,0.4515811502933502,0.5570653538118822,1.7377179,4.1564655,0.5534229,0.44118622,0.5668414,IDP-ESM2-8M,93,278,0.0862342119216919,0.2270975112915039,0.005568511028042011,0.010394930839538574,0.009776069699622969
Q4W600,3.415895938873291,8.054618835449219,0.4964312910950855,0.3973641991615295,0.6335371195665518,3.5927308,8.440581,0.5205941,0.40427855,0.60730845,IDP-ESM2-8M,93,278,0.1768348217010498,0.38596248626708984,0.024162828930549274,0.006914347410202082,0.026228672205559356
Q4Z9E7,2.280869245529175,5.654490947723389,0.6054216417537361,0.4783701300621032,0.5416182751354641,2.0029268,4.744898,0.5544182,0.44581524,0.6002335,IDP-ESM2-8M,93,278,0.277942419052124,0.9095931053161621,0.051003435538831354,0.032554894685745184,0.05861522009997899
Q4ZA14,2.0317742824554443,4.935419082641602,0.5897912898534738,0.4815948605537414,0.5447392377191751,1.9143224,4.60149,0.5631349,0.45119232,0.5801622,IDP-ESM2-8M,93,278,0.11745190620422363,0.33392906188964844,0.026656381177326383,0.03040254116058344,0.03542298943460298
Q507B8,1.7400143146514893,3.981253862380981,0.4950251558570641,0.3966194987297058,0.6324116642863784,1.834306,4.284049,0.51581544,0.4133982,0.608579,IDP-ESM2-8M,93,278,0.09429168701171875,0.30279517173767134,0.020790280982993292,0.01677870750427246,0.023832684317353747
Q507D5,1.7683093547821045,4.105979442596436,0.5115883063058048,0.4126014411449432,0.6117446762236274,1.9165621,4.57733,0.54206663,0.42796162,0.56835616,IDP-ESM2-8M,93,278,0.1482527256011963,0.47135066986083896,0.0304783273955197,0.015360176563262995,0.04338851987444525
Q50G65,3.327842950820923,7.714828968048096,0.5129613064333923,0.4030658602714538,0.6833855297447534,3.416352,8.1406765,0.5408166,0.42074606,0.6112948,IDP-ESM2-8M,93,278,0.08850908279418945,0.42584753036499023,0.027855298657702643,0.017680197954177912,0.07209072374118286
Q50GB0,3.161862134933472,7.460155487060547,0.4945171751585109,0.3922459483146667,0.705509654385573,2.9183218,6.8045917,0.5065278,0.40441087,0.67519915,IDP-ESM2-8M,93,278,0.2435402870178227,0.6555638313293457,0.012010606328000328,0.012164920568466242,0.03031050334644947
Q50GB8,3.150815010070801,7.140175819396973,0.4913899562274835,0.3842806220054626,0.7122298471686979,3.1228943,7.2912073,0.5074826,0.4025953,0.66893554,IDP-ESM2-8M,93,278,0.02792072296142578,0.151031494140625,0.01609263206368472,0.018314689397811945,0.043294309830441025
Q50GC3,3.202521324157715,7.641516208648682,0.5186015747188131,0.4101198315620422,0.6524283896116834,3.0930846,7.2528896,0.51488286,0.40671378,0.6535541,IDP-ESM2-8M,93,278,0.1094367504119873,0.3886265754699707,0.003718712150911463,0.0034060478210448664,0.001125692305125714
Q50GD5,3.1988298892974854,7.508337497711182,0.4968561992831573,0.3940261900424957,0.7071098353117093,3.1192017,7.2956905,0.5109441,0.40612975,0.6685878,IDP-ESM2-8M,93,278,0.07962822914123535,0.2126469612121582,0.01408792875334175,0.012103557586669922,0.03852203147107214
Q52PR2,1.5280972719192505,3.609102725982666,0.5665084658089079,0.4633879959583282,0.5330091936151058,1.4167119,3.5059586,0.5718134,0.45307213,0.52598286,IDP-ESM2-8M,93,278,0.11138534545898438,0.10314416885375977,0.00530493875118121,0.010315865278243963,0.007026336864617511
Q52PS8,1.7003320455551147,3.983438730239868,0.5598090828131275,0.4479936361312866,0.5483254828802336,1.7556584,4.319907,0.5733585,0.44946644,0.51330817,IDP-ESM2-8M,93,278,0.05532634258270264,0.3364684581756592,0.01354939334882932,0.0014728009700775146,0.03501731542265307
Q52RQ4,1.8969577550888064,4.500855445861816,0.5491470031205935,0.4381932914257049,0.5680583165562296,1.8072281,4.4321423,0.56656307,0.44036365,0.52555007,IDP-ESM2-8M,93,278,0.08972966670990012,0.06871318817138672,0.01741606669981055,0.0021703541278839666,0.042508249131455456
Q52RR1,1.8545292615890503,4.295123100280762,0.5351867625083062,0.4222237467765808,0.5717521461903665,1.8325092,4.444309,0.55854404,0.43572322,0.5377326,IDP-ESM2-8M,93,278,0.02202010154724121,0.1491861343383789,0.02335727721795111,0.013499468564987183,0.03401954502459503
Q52RR8,1.8671998977661133,4.517020225524902,0.550003466844716,0.4382120370864868,0.5501234523474045,1.7949047,4.323595,0.5505729,0.43199223,0.55270237,IDP-ESM2-8M,93,278,0.0722951889038086,0.19342517852783203,0.0005694053171492186,0.006219804286956787,0.002578914958351164
Q52RS0,1.8604415655136108,4.181222438812256,0.5203523648707822,0.4205418527126312,0.5995455094778895,1.7607929,4.2485943,0.5533205,0.43375438,0.5426481,IDP-ESM2-8M,93,278,0.09964871406555176,0.06737184524536133,0.03296816220593901,0.013212531805038452,0.05689743246678114
Q52RS2,1.8972605466842647,4.450162887573242,0.5529025054702009,0.4300046861171722,0.5548780786413712,1.7978997,4.364099,0.55920094,0.43717048,0.5353989,IDP-ESM2-8M,93,278,0.09936082363128618,0.08606386184692383,0.006298437046125982,0.007165789604187067,0.01947917813249056
Q52RT5,1.78923237323761,4.201460361480713,0.5232738444230111,0.4063994586467743,0.592291009105218,1.6631174,4.0802994,0.57373965,0.44989204,0.5219004,IDP-ESM2-8M,93,278,0.12611496448516868,0.12116098403930664,0.05046580344228435,0.04349258542060852,0.07039059368468581
Q52RT9,1.9118961095809937,4.542126655578613,0.5600511958109858,0.4422539472579956,0.5538206504503305,1.7995934,4.396666,0.56415635,0.43942347,0.5330445,IDP-ESM2-8M,93,278,0.11230266094207764,0.1454606056213379,0.004105157662677494,0.0028304755687713623,0.02077613341007778
Q52RW0,1.7998613119125366,4.250568866729736,0.5504077401074856,0.4242693185806274,0.5573468309845113,1.7066721,4.096496,0.5497434,0.43493116,0.5629423,IDP-ESM2-8M,93,278,0.09318923950195312,0.15407276153564453,0.0006643261823147117,0.010661840438842829,0.005595495084366853
Q52S07,1.8047469854354856,4.174027919769287,0.5373791829564885,0.4229709208011627,0.5813220913573365,1.7883093,4.367205,0.569517,0.44551894,0.5264476,IDP-ESM2-8M,93,278,0.016437649726867454,0.1931772232055664,0.03213783345433918,0.022548019886016846,0.05487449719153448
Q53AF0,1.6694347858428955,3.99628210067749,0.5397586438118408,0.4270500242710113,0.5535793329739975,1.6218401,3.901133,0.545375,0.42906442,0.55628484,IDP-ESM2-8M,93,278,0.047594666481018066,0.09514904022216752,0.00561634569774172,0.002014398574829157,0.0027055119013381645
Q53AG3,1.726228952407837,4.109877586364746,0.5459377878636946,0.4337984323501587,0.5626447294284672,1.8358511,4.4073133,0.5462655,0.4275119,0.5587735,IDP-ESM2-8M,93,278,0.10962212085723877,0.2974357604980469,0.00032769503883223194,0.006286531686782837,0.003871211819824638
Q53CQ0,3.496245145797729,8.516133308410645,0.5632829871970484,0.442209929227829,0.5289934834876225,3.5144224,8.352132,0.55227107,0.43116114,0.5813363,IDP-ESM2-8M,93,278,0.01817727088928267,0.16400146484375,0.011011919100887502,0.01104879379272461,0.05234283595894118
Q53Z31,2.3604989051818848,5.473196029663086,0.5431243891664661,0.4325068295001983,0.5798631840230777,2.3375716,5.4734344,0.5187331,0.4133602,0.61547834,IDP-ESM2-8M,93,278,0.022927284240722656,0.0002384185791015625,0.02439130496465336,0.01914662122726435,0.03561515278798799
Q56BB1,1.895300269126892,4.514037132263184,0.5621863527596956,0.4592821002006531,0.5659255322251276,1.8310361,4.3996997,0.55503386,0.43970352,0.5719836,IDP-ESM2-8M,93,278,0.06426417827606201,0.11433744430541992,0.007152490168905845,0.01957857608795166,0.006058043595795204
Q56EV1,1.564664363861084,3.856833457946777,0.5556798370995272,0.4427803754806518,0.5719370756958407,1.4683694,3.5820262,0.58014685,0.466295,0.5262986,IDP-ESM2-8M,93,278,0.09629499912261963,0.27480721473693803,0.02446701205589885,0.02351462841033941,0.04563849314197721
Q56II6,3.42074990272522,8.032140731811523,0.4930701917392366,0.3760040402412414,0.6937368321192967,3.6749048,8.543279,0.51490265,0.4108905,0.6680088,IDP-ESM2-8M,93,278,0.2541549205780025,0.5111379623413086,0.021832459570730434,0.03488644957542425,0.025728027798007647
Q58I31,1.8965297937393188,4.537147045135498,0.5241555417385763,0.3911789059638977,0.554984219668111,2.0592937,4.8606877,0.5210897,0.40875024,0.58505917,IDP-ESM2-8M,93,278,0.16276395320892334,0.32354068756103516,0.003065868696278895,0.017571330070495605,0.030074946286478887
Q58LM3,1.9457489252090447,4.758718967437744,0.5770425995669695,0.4357748031616211,0.5503563810412077,1.7819908,4.346203,0.57584983,0.4568955,0.5445518,IDP-ESM2-8M,93,278,0.1637581586837762,0.41251611709594727,0.0011927684626908963,0.021120697259902954,0.005804591280618054
Q58MF1,2.645761013031006,6.101505279541016,0.4805568402805257,0.3691062033176422,0.6675314552949273,2.5941057,6.136137,0.53056586,0.41762093,0.59670556,IDP-ESM2-8M,93,278,0.05165529251098633,0.03463172912597656,0.05000901760674237,0.048514723777770996,0.07082589937909478
Q58N36,2.857333183288574,6.823766708374023,0.5561324842289203,0.4298985302448272,0.5697829057655737,2.6986785,6.431058,0.5419725,0.42168692,0.59063625,IDP-ESM2-8M,93,278,0.15865468978881836,0.39270877838134766,0.014159966261696133,0.00821161270141596,0.020853347591359928
Q58NB9,1.6775634288787842,4.155712604522705,0.5670313787133593,0.4315884709358215,0.5376778969410061,1.6403332,3.908458,0.54284686,0.43274546,0.57004166,IDP-ESM2-8M,93,278,0.03723025321960449,0.2472546100616455,0.024184520211924965,0.001156985759735163,0.03236375955313453
Q58P45,3.008479118347168,7.009375095367432,0.5169588877231908,0.3903201222419739,0.6424385487310649,3.0879016,7.309601,0.5310286,0.412409,0.6103325,IDP-ESM2-8M,93,278,0.0794224739074707,0.30022573471069336,0.014069740626113436,0.02208888530731201,0.032106059717393
Q58P48,2.526963233947754,5.799196243286133,0.4943355711435678,0.3858128488063812,0.6663652855588109,2.8597355,6.791028,0.5432831,0.42350775,0.59358704,IDP-ESM2-8M,93,278,0.33277225494384766,0.9918317794799805,0.04894753375297761,0.03769490122795105,0.07277824465762683
Q596I4,3.300776958465576,7.96185302734375,0.5158891801066643,0.3957058191299438,0.6671023455194958,3.249644,7.7271996,0.53542334,0.41697448,0.61621,IDP-ESM2-8M,93,278,0.051132917404174805,0.23465347290039062,0.019534158306574234,0.021268665790557917,0.05089236169381217
Q596I6,3.2176294326782227,7.819231986999512,0.534675743737409,0.4176131188869476,0.6313513304625022,3.1869206,7.610159,0.5425373,0.42183003,0.6052941,IDP-ESM2-8M,93,278,0.030708789825439453,0.20907306671142578,0.007861528239061943,0.0042169094085693914,0.02605722207169414
Q5BND6,2.69573187828064,6.658353328704834,0.5248738766818152,0.4168056845664978,0.6211138133802504,2.6740785,6.291483,0.52669376,0.41617262,0.62774765,IDP-ESM2-8M,93,278,0.021653413772583452,0.3668704032897949,0.0018198846669091884,0.0006330609321594238,0.006633841534605556
Q5DKQ8,3.270260095596313,7.47514533996582,0.4744892541023651,0.356365293264389,0.6803101400466061,3.8089976,8.971253,0.52244085,0.405652,0.6177647,IDP-ESM2-8M,93,278,0.538737535476685,1.496108055114746,0.047951596632345606,0.04928669333457952,0.06254542866660118
Q5DRF7,3.161167621612549,7.452625274658203,0.5817013791495316,0.4507546126842499,0.5374504636247542,2.721177,6.4707003,0.53106487,0.41243583,0.59880453,IDP-ESM2-8M,93,278,0.4399905204772949,0.9819250106811523,0.050636511176203935,0.038318783044815063,0.06135406985684366
Q5EM22,2.632052421569824,5.271783351898193,0.3854285712818971,0.3120782971382141,0.8204030838774352,3.9172034,9.06719,0.52347857,0.4162149,0.66238433,IDP-ESM2-8M,93,278,1.2851510047912598,3.7954068183898926,0.13804999631835313,0.10413661599159241,0.15801875265108634
Q5EWN0,2.3123762607574463,5.303255558013916,0.4896498256271627,0.3903835713863373,0.6560045064276256,2.3534417,5.5567226,0.5270073,0.41282323,0.59472364,IDP-ESM2-8M,93,278,0.04106545448303223,0.2534670829772949,0.037357456153080226,0.022439658641815186,0.06128086455521964
Q5EWN1,2.350083827972412,5.405720233917236,0.5230126676342001,0.4106687903404236,0.5915825509004768,2.2602637,5.3184304,0.5241851,0.41213873,0.59523296,IDP-ESM2-8M,93,278,0.08982014656066895,0.08728981018066406,0.0011724534252176566,0.001469939947128296,0.003650412661534874
Q5FXX2,2.140477180480957,4.922486782073975,0.522380248092725,0.4150312542915344,0.6075316279802901,2.0935044,4.9095383,0.52716917,0.41708726,0.59139013,IDP-ESM2-8M,93,278,0.04697275161743164,0.01294851303100586,0.004788919902727895,0.0020560026168823242,0.01614149507623741
Q5G246,1.8613439798355105,4.43787145614624,0.53197632300115,0.4272527396678924,0.57185575522907,1.9322729,4.619525,0.54195225,0.42335328,0.5548384,IDP-ESM2-8M,93,278,0.07092893123626687,0.18165349960327148,0.009975929386850435,0.00389945507049555,0.017017336268498662
Q5G5L6,1.92553186416626,4.497519493103027,0.5422972391826357,0.442199170589447,0.5805268453080179,1.8425643,4.411252,0.5519226,0.43536597,0.55932355,IDP-ESM2-8M,93,278,0.08296751976013206,0.08626747131347656,0.009625380160168229,0.006833195686340332,0.02120329603738802
Q5G5M1,1.9219738245010376,4.609148025512695,0.5603528650341505,0.4533571600914001,0.5488238267410201,1.8334978,4.3625097,0.5486961,0.43560964,0.56517106,IDP-ESM2-8M,93,278,0.08847606182098389,0.24663829803466797,0.011656764322327984,0.017747521400451605,0.01634723620529943
Q5G5N5,1.883144497871399,4.597098350524902,0.5587094275388852,0.422209084033966,0.5485654492643023,1.8164016,4.3041635,0.54250026,0.4323795,0.5733525,IDP-ESM2-8M,93,278,0.0667428970336914,0.2929348945617676,0.016209170046819765,0.010170429944992121,0.024787066433176963
Q5G5P3,1.9507158994674685,4.6021223068237305,0.5537813331682352,0.4408882260322571,0.5685149470773025,1.8955263,4.5162797,0.54858834,0.43460408,0.56305104,IDP-ESM2-8M,93,278,0.05518960952758811,0.08584260940551758,0.005192997654166587,0.006284147500991821,0.00546390213635406
Q5G5R6,1.9404181241989136,4.69538164138794,0.5655996998129265,0.444731056690216,0.5525562628315935,1.8074167,4.326696,0.554604,0.43943447,0.55585474,IDP-ESM2-8M,93,278,0.133001446723938,0.3686857223510751,0.010995705920256782,0.005296587944030706,0.003298474927042938
Q5G5T2,1.8540928363800049,4.347699165344238,0.544813893897102,0.4309955835342407,0.561624834438201,1.8518273,4.4151115,0.54775524,0.43298584,0.5600952,IDP-ESM2-8M,93,278,0.0022655725479125977,0.0674123764038086,0.0029413474969409714,0.0019902586936950684,0.0015296434363089029
Q5GQU4,2.0219783782958984,5.05441427230835,0.6068936884516797,0.4757064878940582,0.5086997069949387,1.9688797,4.8406353,0.58047765,0.45470285,0.5300833,IDP-ESM2-8M,93,278,0.05309867858886719,0.21377897262573242,0.026416033517750237,0.021003633737564087,0.021383591688227788
Q5I4I5,2.323206901550293,5.6747236251831055,0.5901067573826103,0.4518946707248688,0.5109168879644158,2.2138124,5.295437,0.56509346,0.4466315,0.5505339,IDP-ESM2-8M,93,278,0.10939455032348633,0.3792867660522461,0.025013299683788293,0.005263179540634155,0.03961700275976632
Q5J596,1.5915614366531372,3.8310587406158447,0.5518375825497019,0.4436847567558288,0.5401249871582997,1.571081,3.7747414,0.545201,0.4323494,0.5602805,IDP-ESM2-8M,93,278,0.02048039436340332,0.05631732940673828,0.0066365789982187895,0.011335343122482244,0.020155514684199072
Q5J5A1,1.5923405885696411,3.80961537361145,0.5487107968655007,0.4404170513153076,0.5540348174926963,1.694037,4.1346054,0.5710105,0.4505371,0.51939327,IDP-ESM2-8M,93,278,0.10169637203216553,0.32499003410339355,0.022299673524819097,0.010120034217834473,0.03464155224535137
Q5J5A3,1.6238292455673218,3.983114242553711,0.5847119398201509,0.46352019906044,0.5109462662890943,1.7750413,4.266356,0.5497795,0.43394083,0.5556211,IDP-ESM2-8M,93,278,0.15121209621429443,0.28324174880981445,0.034932465084890896,0.02957937121391291,0.0446748212620226
Q5J5A8,1.5979206562042236,3.9307515621185294,0.5678408971896804,0.4355120062828064,0.5278094195843526,1.6868145,4.08757,0.5582971,0.43960357,0.5377194,IDP-ESM2-8M,93,278,0.08889389038085938,0.15681862831115811,0.009543799506727568,0.0040915608406066895,0.009910008954923555
Q5L446,3.032435894012451,7.31948184967041,0.5507575940414005,0.4137134552001953,0.5729738307760803,3.1874194,7.482754,0.52364,0.4125719,0.6358417,IDP-ESM2-8M,93,278,0.1549835205078125,0.16327238082885742,0.027117617063098454,0.0011415481567382812,0.06286789648069457
Q5MIE7,1.6123892068862915,3.694941997528076,0.5583582725902974,0.4752668738365173,0.5652093120268178,1.651289,4.002145,0.56596607,0.4552321,0.53114444,IDP-ESM2-8M,93,278,0.038899779319763184,0.3072028160095215,0.007607797108036385,0.020034760236740057,0.034064871852715006
Q5QF78,2.5721688270568848,6.040328502655029,0.5781218199753774,0.4680809080600738,0.5672638433808511,2.3495202,5.621637,0.5657223,0.45665458,0.5813645,IDP-ESM2-8M,93,278,0.22264862060546875,0.41869163513183594,0.012399533274174979,0.011426329612731878,0.014100669062691362
Q5UNW3,4.176350116729736,8.903111457824707,0.394389955711851,0.3399242162704468,0.9056192920451462,4.100629,9.470645,0.47979975,0.37891054,0.69094056,IDP-ESM2-8M,93,278,0.07572126388549805,0.5675334930419922,0.08540979175519003,0.03898632526397705,0.21467873313477637
Q5UQA4,4.288362979888916,9.590642929077148,0.4204397445276925,0.33523690700531,0.8632941842710788,4.769103,10.808363,0.4432728,0.36977074,0.8377272,IDP-ESM2-8M,93,278,0.4807400703430176,1.2177200317382812,0.02283305472577124,0.03453382849693304,0.025566995207052967
Q5UTC0,2.064415693283081,4.853263378143311,0.5560672146423837,0.4451625943183899,0.5646412186011407,1.9768928,4.719059,0.5539851,0.43493754,0.5477726,IDP-ESM2-8M,93,278,0.08752286434173584,0.1342043876647958,0.0020820957764169368,0.010225057601928711,0.016868632255468086
Q5UTC9,1.947137355804444,4.692725658416748,0.5755179566968628,0.4524588882923126,0.5244302729723085,1.9589515,4.6597767,0.5440513,0.42753816,0.56065047,IDP-ESM2-8M,93,278,0.011814117431639959,0.032948970794677734,0.03146666713845214,0.024920731782913208,0.03622019490031114
Q5UTE2,2.0257084369659424,4.7440996170043945,0.539586295924092,0.4322715699672699,0.5900000426065137,1.9208257,4.557703,0.5430621,0.42801076,0.57281494,IDP-ESM2-8M,93,278,0.10488271713256836,0.18639659881591797,0.003475794949626243,0.004260808229446411,0.01718510120026373
Q5UTE6,1.9661085605621336,4.546449661254883,0.5329417476676558,0.4280754923820495,0.5902247905202948,1.963772,4.657067,0.5434588,0.4312436,0.5742108,IDP-ESM2-8M,93,278,0.0023365020751950905,0.11061716079711914,0.010517071721687477,0.003168106079101618,0.016013967938049878
Q5Y0N1,2.8532183170318604,6.763218879699707,0.4770593487838001,0.3573148846626282,0.6823739384775259,3.019646,7.1026154,0.5296831,0.41570035,0.61196095,IDP-ESM2-8M,93,278,0.1664276123046875,0.33939647674560547,0.05262376431434446,0.0583854615688324,0.0704129909639456
Q5YA80,1.805177927017212,4.607808589935303,0.618972161008033,0.488300085067749,0.5004530610751137,1.8326118,4.6309557,0.6162506,0.48086408,0.48503354,IDP-ESM2-8M,93,278,0.02743387222290039,0.023147106170654297,0.002721586419257349,0.007436007261276245,0.015419519157312767
Q5YF20,2.020155906677246,4.851018905639648,0.5213421601420204,0.4190792143344879,0.5912531887589848,2.0059762,4.797988,0.5393642,0.4205985,0.56624186,IDP-ESM2-8M,93,278,0.014179706573486328,0.053030967712402344,0.018022058569832633,0.0015192925930023193,0.025011328369275332
Q5YFF2,3.935938596725464,9.088504791259766,0.4976142017725499,0.3970852196216583,0.6138350088366573,3.2514856,7.6665916,0.5184395,0.40282,0.5996265,IDP-ESM2-8M,93,278,0.684453010559082,1.4219131469726562,0.02082526994909928,0.005734771490097046,0.014208527303606777
Q5ZQY2,1.462809920310974,3.439876079559326,0.5384904416741709,0.4248085916042328,0.5588590923763371,1.4852481,3.5771365,0.5512532,0.43549362,0.5424979,IDP-ESM2-8M,93,278,0.022438168525696023,0.13726043701171875,0.012762757903160615,0.0106850266456604,0.016361219070062716
Q64921,2.8062593936920166,6.613053798675537,0.5748072139570746,0.4522846937179565,0.5664375830161884,2.6885397,6.4661202,0.55575454,0.4351345,0.55886585,IDP-ESM2-8M,93,278,0.11771965026855469,0.14693355560302734,0.019052671606305527,0.017150193452835027,0.007571737812788748
Q64989,1.6101917028427124,3.74665093421936,0.5101505517563424,0.4034726023674011,0.5805376993343124,1.6327646,3.9444358,0.5541787,0.4370072,0.54234606,IDP-ESM2-8M,93,278,0.022572875022888184,0.19778490066528365,0.04402816299585488,0.03353458642959595,0.038191639058280935
Q65048,1.708402395248413,4.102147579193115,0.5628268128345577,0.4561106860637665,0.5540289456636274,1.7652159,4.215869,0.5484381,0.4343574,0.5598328,IDP-ESM2-8M,93,278,0.05681347846984863,0.11372137069702148,0.014388740629967867,0.021753281354904175,0.00580386569196345
Q65541,1.982517123222351,4.710317611694336,0.5445157837814081,0.4274928271770477,0.5618033923569079,1.8409494,4.432638,0.55736804,0.43549252,0.5439958,IDP-ESM2-8M,93,278,0.14156770706176758,0.277679443359375,0.012852256303430787,0.00799968838691717,0.01780759472278315
Q65548,2.2841718196868896,4.838424682617188,0.2542812550601282,0.2474303096532821,1.2432856186895325,2.3764272,4.5525045,0.2891329,0.30169702,1.0955389,IDP-ESM2-8M,93,278,0.0922553539276123,0.2859201431274423,0.03485163802535152,0.05426670610904699,0.14774676409053344
Q66544,1.5040301084518433,3.600674629211426,0.5500116321672981,0.4400971233844757,0.5384248609872133,1.4939829,3.645196,0.56393415,0.4390166,0.5077394,IDP-ESM2-8M,93,278,0.010047197341918945,0.044521331787109375,0.013922515190642581,0.0010805130004882812,0.030685436281707945
Q66546,1.6744320392608645,4.035261631011963,0.5497971184078004,0.4397540986537933,0.554323464910064,1.6849725,4.0901637,0.5673453,0.4491816,0.52597356,IDP-ESM2-8M,93,278,0.010540485382079856,0.054902076721191406,0.017548202770635846,0.009427487850189264,0.028349906484160692
Q66550,3.262364149093628,7.838839054107666,0.5646873720483536,0.4430989027023315,0.5504094625841484,3.0105674,7.1222386,0.5385415,0.42394128,0.60642374,IDP-ESM2-8M,93,278,0.2517967224121094,0.7166004180908203,0.02614587624833531,0.01915761828422541,0.05601427303444295
Q66741,1.4899526834487915,3.5714263916015625,0.5445481759038718,0.4443424344062805,0.5820105481558369,1.4928678,3.567255,0.5444888,0.43789825,0.5726625,IDP-ESM2-8M,93,278,0.0029151439666748047,0.0041713714599609375,5.9388252809822184e-05,0.006444185972213745,0.009348075430922309
Q67285,1.9981613159179688,4.779419422149658,0.5345943754265906,0.4130080342292785,0.5661397922301091,1.8979182,4.4819803,0.5219571,0.40918377,0.5951733,IDP-ESM2-8M,93,278,0.10024309158325195,0.2974390983581543,0.012637275988876984,0.0038242638111113947,0.029033507082482424
Q68556,1.6790385246276855,3.926142692565918,0.5423405699464513,0.4463479220867157,0.5760980825306253,1.628339,3.8825817,0.5377438,0.42784363,0.58096546,IDP-ESM2-8M,93,278,0.050699472427368164,0.04356098175048828,0.004596763107462043,0.018504291772842407,0.0048673768161459074
Q68628,3.001649856567383,7.0392584800720215,0.4927372628955164,0.3721635043621063,0.6728314843849871,3.3051732,7.6608,0.51478994,0.40967306,0.6494485,IDP-ESM2-8M,93,278,0.30352330207824707,0.6215415000915527,0.022052676031180385,0.03750956058502197,0.0233829704003069
Q68967,2.9141063690185547,7.155118942260742,0.5856582856760334,0.4439135789871216,0.5387840339686409,3.06787,7.4406915,0.5862305,0.45852923,0.5418809,IDP-ESM2-8M,93,278,0.1537635326385498,0.28557252883911133,0.0005722307576824237,0.014615654945373535,0.003096871659563405
Q68UW8,1.443211555480957,3.4461536407470703,0.5514211012174295,0.4389624893665313,0.5535443598168016,1.4778289,3.541046,0.55320036,0.44013372,0.53986454,IDP-ESM2-8M,93,278,0.03461730480194092,0.09489226341247559,0.001779262895424516,0.0011712312698364813,0.013679819716703956
Q69018,2.405474901199341,5.613498687744141,0.5572062628835205,0.4531680345535278,0.5840581272312672,2.5262299,5.858833,0.5346684,0.43783197,0.62921077,IDP-ESM2-8M,93,278,0.12075495719909668,0.24533414840698242,0.02253787690100706,0.015336066484451238,0.045152642898890316
Q69073,1.8761696815490725,4.352396011352539,0.518509610076913,0.4234879314899444,0.5932419751617057,1.9805534,4.7442975,0.54767597,0.43021333,0.5529353,IDP-ESM2-8M,93,278,0.10438370704650857,0.39190149307250977,0.029166357139578714,0.006725400686264094,0.040306672904167895
Q69092,1.803939700126648,4.126317977905273,0.4429211302040243,0.3966085016727447,0.6954622326907124,1.6891875,3.628379,0.43809366,0.37350598,0.75841886,IDP-ESM2-8M,93,278,0.11475217342376709,0.497938871383667,0.004827467942061403,0.02310252189636225,0.06295662536058766
Q69144,2.2997281551361084,5.131192684173584,0.4817426658858202,0.3683267831802368,0.6380782148586501,2.5250273,5.955367,0.5198739,0.40876865,0.59260136,IDP-ESM2-8M,93,278,0.22529911994934082,0.8241744041442871,0.03813125121699351,0.04044187068939209,0.04547685596811668
Q69192,1.813804030418396,4.138485908508301,0.521550543579343,0.4321619272232055,0.608952370646891,1.9286063,4.539248,0.5614463,0.46562377,0.5790224,IDP-ESM2-8M,93,278,0.11480224132537842,0.40076208114624023,0.03989576551031759,0.03346183896064764,0.029929963115152725
Q69220,2.108153343200684,5.0375494956970215,0.5505101186798018,0.4119037687778473,0.5580439263711218,2.2247076,5.30001,0.54466885,0.4242965,0.5688876,IDP-ESM2-8M,93,278,0.1165542602539058,0.26246070861816406,0.005841265396873352,0.01239272952079773,0.010843664990877744
Q69CH6,4.825096607208252,11.533354759216309,0.5489369222299992,0.4182693064212799,0.6171398253036461,4.6439967,11.137102,0.5875525,0.4579221,0.56194353,IDP-ESM2-8M,93,278,0.18109989166259766,0.3962526321411133,0.03861556562018997,0.03965279459953308,0.05519629426726913
Q69CK3,1.704636812210083,4.030740261077881,0.5190065877819494,0.4004803597927093,0.6008159674387333,1.6356302,3.914328,0.5416748,0.42891315,0.5673506,IDP-ESM2-8M,93,278,0.06900656223297119,0.11641216278076172,0.02266820498462163,0.028432786464691218,0.033465341446912045
Q69CL1,1.7101638317108154,3.980125188827514,0.5021679136810185,0.3934818208217621,0.6325674291642869,1.8474334,4.4392676,0.5520668,0.43506357,0.5592655,IDP-ESM2-8M,93,278,0.13726961612701416,0.4591424465179448,0.049898889297497084,0.04158174991607666,0.07330193481766822
Q6DN18,2.2150673866271973,5.194150447845459,0.554582277473726,0.4417562186717987,0.5570044007206052,2.333709,5.5818577,0.54852724,0.42620468,0.56835103,IDP-ESM2-8M,93,278,0.11864161491394043,0.3877072334289551,0.006055036720552187,0.015551537275314331,0.011346629629126248
Q6GZR0,1.9460597038269043,4.562816143035889,0.556554151108591,0.4416142702102661,0.5260131735457498,1.7280245,4.218733,0.5617816,0.43935004,0.5237613,IDP-ESM2-8M,93,278,0.21803522109985352,0.344083309173584,0.00522743410793125,0.0022642314434051514,0.002251901115329913
Q6I8V7,1.760059833526611,4.150196075439453,0.5333469076883808,0.4155747294425964,0.5718703837338284,2.0428407,4.848917,0.5330646,0.41867274,0.5841169,IDP-ESM2-8M,93,278,0.28278088569641135,0.6987209320068359,0.0002823038828387858,0.0030980110168457586,0.012246492391507324
Q6IWY9,2.4755334854125977,6.119527816772461,0.5613303646292022,0.4291048049926758,0.5423357165621981,2.3946466,5.7734036,0.5859097,0.45850024,0.5042646,IDP-ESM2-8M,93,278,0.0808868408203125,0.34612417221069336,0.024579359606332507,0.02939543128013611,0.038071123437808496
Q6J7X0,1.8105701208114624,4.3078155517578125,0.5662340212704986,0.4436887800693512,0.557551038616223,1.7471459,4.1383,0.53140783,0.42542,0.6132144,IDP-ESM2-8M,93,278,0.06342422962188721,0.16951560974121094,0.034826188171133365,0.01826879382133484,0.055663334972338996
Q6JIB3,2.5467522144317627,5.828396797180176,0.4696639630714624,0.3564610183238983,0.6696156117854791,2.7833347,6.5378423,0.51792246,0.40406302,0.61036724,IDP-ESM2-8M,93,278,0.23658251762390137,0.7094454765319824,0.04825849796140502,0.04760199785232544,0.0592483732639032
Q6JKC4,3.103557109832764,7.327255725860596,0.6009600194566068,0.4931573569774627,0.5503320182300144,3.2290628,7.8396053,0.61076105,0.47714242,0.51742506,IDP-ESM2-8M,93,278,0.12550568580627397,0.5123496055603027,0.009801026953000114,0.01601493358612055,0.03290695795779763
Q6JPE0,3.3715317249298096,7.864931106567383,0.595152524544004,0.4852381944656372,0.5514186692735729,3.5371914,8.491515,0.593026,0.46514276,0.54809326,IDP-ESM2-8M,93,278,0.16565966606140137,0.6265840530395508,0.0021265421640906945,0.02009543776512146,0.00332540993900865
Q6L620,2.7300567626953125,6.414680004119873,0.5129619559580005,0.4038593173027038,0.6180888949658273,2.6609726,6.228842,0.5156889,0.4040143,0.6149446,IDP-ESM2-8M,93,278,0.06908416748046875,0.1858382225036621,0.0027269402211986815,0.00015497207641607114,0.003144317748725256
Q6L8S9,2.855039596557617,6.694974899291992,0.5175029325756392,0.4102389514446258,0.6226740553241816,2.713106,6.387626,0.5471034,0.43000945,0.5802676,IDP-ESM2-8M,93,278,0.14193367958068848,0.30734872817993164,0.029600472423140123,0.019770503044128473,0.04240644715844066
Q6LAM5,2.686969995498657,6.362833023071289,0.5074007830447218,0.3942491114139557,0.6135978826544621,2.6452856,6.1947827,0.5130292,0.40198728,0.6158203,IDP-ESM2-8M,93,278,0.04168438911437944,0.16805028915405273,0.005628434675309935,0.007738173007965088,0.0022224060036799553
Q6PL42,2.979783058166504,6.760753154754639,0.5269307824613643,0.4203212857246399,0.6527851519367678,3.0384836,7.1977234,0.54604805,0.4356213,0.62405473,IDP-ESM2-8M,93,278,0.0587005615234375,0.43697023391723633,0.019117262697021964,0.015300005674362183,0.028730421998260702
Q6PNN9,3.210798740386963,7.429884433746338,0.5106872067165362,0.4177336394786834,0.6325136705215816,3.5052922,8.165295,0.5302968,0.41832304,0.6182793,IDP-ESM2-8M,93,278,0.2944934368133545,0.735410213470459,0.01960959580421573,0.0005894005298615057,0.014234392243230753
Q6PNP1,3.295959234237671,7.4957275390625,0.5232143047913639,0.4321960508823395,0.6186128440562262,3.3976412,7.868991,0.51930636,0.41325775,0.63751596,IDP-ESM2-8M,93,278,0.10168194770812988,0.3732633590698242,0.003907943116101431,0.018938302993774414,0.018903118067644664
Q6Q435,1.569515347480774,3.623450994491577,0.5482776378670946,0.4350464344024658,0.565809868656093,1.4998242,3.6347022,0.5646859,0.44958076,0.5423203,IDP-ESM2-8M,93,278,0.06969118118286133,0.011251211166381836,0.016408243270753298,0.014534324407577515,0.023489557586604426
Q6QDP2,2.504112958908081,5.962371826171875,0.5182094610649537,0.4078279733657837,0.5878894559882436,2.4857254,5.838733,0.5178704,0.4043741,0.6057736,IDP-ESM2-8M,93,278,0.018387556076049805,0.12363862991333008,0.0003390348869751758,0.003453880548477173,0.01788417176978252
Q6QDP3,2.4857544898986816,5.893543720245361,0.5197773127849609,0.4091088473796844,0.5810639090058001,2.5389218,6.0048704,0.52708036,0.40993586,0.5867979,IDP-ESM2-8M,93,278,0.05316734313964844,0.11132669448852539,0.007303044289776683,0.0008270144462586004,0.0057339840415326915
Q6QK79,2.388691663742065,5.472387790679932,0.5198306599553745,0.4252979755401611,0.6247469905055736,2.2741678,5.3634186,0.5372806,0.42414868,0.5838314,IDP-ESM2-8M,93,278,0.1145238876342769,0.10896921157836914,0.017449959189065223,0.0011492967605590265,0.04091556102406724
Q6QPN2,1.5223098993301392,3.58293080329895,0.5107606971999262,0.4067543148994446,0.5966313878154622,1.5662864,3.7433746,0.5473569,0.43317932,0.54694706,IDP-ESM2-8M,93,278,0.043976545333862305,0.16044378280639648,0.036596206353082805,0.02642500400543213,0.049684325799928764
Q6QQZ8,2.4530789852142334,5.73326301574707,0.5012001229635864,0.4095832407474518,0.6112171615336895,2.5529218,6.036755,0.52484155,0.4078269,0.58794194,IDP-ESM2-8M,93,278,0.09984278678894043,0.30349206924438477,0.0236414240487427,0.0017563402652740479,0.023275216934537934
Q6QX44,2.577435255050659,6.618072032928467,0.6539593616173206,0.5233137011528015,0.4836697570787251,2.5168037,6.3141704,0.6390766,0.49934864,0.4818906,IDP-ESM2-8M,93,278,0.060631513595581055,0.30390167236328125,0.014882771079295698,0.023965060710906982,0.0017791680799305598
Q6QX45,2.548379182815552,6.55000114440918,0.637565569497943,0.4993328750133514,0.4940226217017093,2.5281036,6.3343134,0.6403065,0.49934644,0.4721545,IDP-ESM2-8M,93,278,0.020275592803955522,0.21568775177001953,0.002740903280377349,1.3560056686456878e-05,0.021868123601428535
Q6QXN6,2.385141372680664,5.7368998527526855,0.5981758922616535,0.479215532541275,0.5250721679963289,2.354277,5.974247,0.65750295,0.5126376,0.41910574,IDP-ESM2-8M,93,278,0.030864477157592773,0.23734712600708008,0.05932705697617002,0.0334220826625824,0.10596642959491598
Q6RJI1,2.175922155380249,5.267722606658936,0.5084100313414759,0.3967767357826233,0.6093327843300017,2.4731045,5.8304954,0.5253488,0.4113129,0.60023624,IDP-ESM2-8M,93,278,0.2971823215484619,0.5627727508544913,0.016938751197891788,0.014536172151565552,0.009096547280898926
Q6SL65,2.249246597290039,5.864434719085693,0.662960523695181,0.523368775844574,0.4644699651142995,2.0454042,5.0631895,0.5984645,0.47749308,0.54262435,IDP-ESM2-8M,93,278,0.2038424015045166,0.8012452125549316,0.0644960347120267,0.04587569832801819,0.0781543892481883
Q6SPV7,2.15670132637024,5.044917106628418,0.5217881739317736,0.4114062488079071,0.6088913959715688,2.1381843,5.025714,0.5310055,0.4197596,0.5923452,IDP-ESM2-8M,93,278,0.01851701736450284,0.01920318603515625,0.009217327815357779,0.008353352546691895,0.01654621784428001
Q6SPW0,2.068600416183472,4.881704330444336,0.5630669072270648,0.4554263055324554,0.5475722036957785,2.0291436,4.8050747,0.53964555,0.425521,0.57239294,IDP-ESM2-8M,93,278,0.03945684432983443,0.076629638671875,0.02342135459187189,0.029905319213867132,0.02482073682546171
Q6SPW6,2.141937494277954,5.013397216796875,0.5491135153234311,0.43344247341156,0.5749001217324273,2.0425386,4.830542,0.53976417,0.42693585,0.57478106,IDP-ESM2-8M,93,278,0.09939885139465332,0.18285512924194336,0.009349349445135213,0.006506621837615911,0.00011906151361629203
Q6TNN1,1.7355780601501465,4.198808670043945,0.5458814040432869,0.4264132380485534,0.543459855154081,1.6513867,3.9869514,0.55738616,0.43904895,0.5315397,IDP-ESM2-8M,93,278,0.08419132232666016,0.21185731887817383,0.011504755853563697,0.012635707855224665,0.011920176580472619
Q6TVK4,4.622996807098389,10.999398231506348,0.5322841178961084,0.4036644995212555,0.6568998634119603,4.3065023,10.247295,0.55176204,0.42645428,0.6147965,IDP-ESM2-8M,93,278,0.3164944648742676,0.7521028518676758,0.019477926533670642,0.02278977632522583,0.04210334413248029
Q6TVY4,5.160731315612793,12.18231201171875,0.5612892167591542,0.4452931582927704,0.5987391277456245,4.9397554,11.719234,0.5501111,0.42386547,0.6242769,IDP-ESM2-8M,93,278,0.2209758758544922,0.4630775451660156,0.011178101780363936,0.021427690982818604,0.025537748703960417
Q6U9S1,2.2176294326782227,5.229666709899902,0.5439869484146336,0.4367440044879913,0.5662179096803971,2.1019793,5.021574,0.54759663,0.42829832,0.5649771,IDP-ESM2-8M,93,278,0.11565017700195312,0.20809268951416016,0.003609685019662079,0.008445680141448919,0.0012408002481766323
Q6UDH5,1.89371395111084,4.49859619140625,0.5391233355903525,0.4157811999320984,0.5841383148275676,1.7343357,3.9423833,0.49031547,0.40097427,0.66237175,IDP-ESM2-8M,93,278,0.15937829017639182,0.5562129020690918,0.04880786847113561,0.014806926250457764,0.07823343981873365
Q6UGK8,1.75095796585083,3.946412563323975,0.5154716288470638,0.4309204220771789,0.6140196141033534,1.8654958,4.507264,0.5580065,0.44083458,0.55314326,IDP-ESM2-8M,93,278,0.11453783512115479,0.5608515739440914,0.042534896192609084,0.009914159774780329,0.06087635124019419
Q6VB58,1.7804934978485107,4.207399845123291,0.4946868446987339,0.3919892907142639,0.6123678549430593,1.8738289,4.442004,0.52597696,0.40853217,0.56629854,IDP-ESM2-8M,93,278,0.09333539009094238,0.2346043586730957,0.0312901111919216,0.016542881727218628,0.04606931053616847
Q6VB60,2.361301183700561,5.514676570892334,0.505517386392185,0.3970828354358673,0.6061691919002228,2.6612532,6.25925,0.54016113,0.4202614,0.56258047,IDP-ESM2-8M,93,278,0.2999520301818852,0.7445735931396484,0.03464374642031498,0.023178577423095703,0.043588725629776004
Q6VB61,2.7251884937286377,6.624489784240723,0.5068698897817799,0.3958565890789032,0.6182959073170473,2.7918684,6.6032853,0.52882093,0.40769824,0.5871875,IDP-ESM2-8M,93,278,0.0666799545288086,0.021204471588134766,0.02195104212968857,0.011841654777526855,0.03110837870681782
Q6VB71,1.889978289604187,4.539734363555908,0.567999905951457,0.4386162161827087,0.5212811410821006,1.8625814,4.550522,0.57076395,0.44157904,0.5070702,IDP-ESM2-8M,93,278,0.02739691734313965,0.010787487030029297,0.0027640396280718127,0.0029628276824951727,0.014210957328133267
Q6VTP7,2.523654699325561,6.545114517211914,0.6646015984161495,0.5292112231254578,0.4926688448012834,2.759302,7.107104,0.7131916,0.55729336,0.3794334,IDP-ESM2-8M,93,278,0.23564720153808638,0.5619893074035645,0.0485900300399662,0.02808213233947754,0.11323545132288987
Q6VV29,1.4768187999725342,3.5848355293273926,0.564165690573797,0.4407295286655426,0.5079921485512091,1.4257299,3.4303138,0.5536724,0.4379849,0.51764506,IDP-ESM2-8M,93,278,0.051088929176330566,0.15452170372009277,0.01049331727896663,0.002744615077972412,0.009652912464873653
Q6VV44,1.496960163116455,3.610794305801392,0.555870428561845,0.4393419027328491,0.5270747167742034,1.4287876,3.4712574,0.5669754,0.44857585,0.50978756,IDP-ESM2-8M,93,278,0.06817257404327393,0.1395368576049809,0.011104986191115218,0.009233951568603516,0.017287157264926023
Q6VXF3,1.496431589126587,3.572113037109375,0.5504090895512859,0.4494105279445648,0.5644991990579715,1.5228567,3.691775,0.56197697,0.44467926,0.5327155,IDP-ESM2-8M,93,278,0.02642512321472168,0.11966204643249512,0.011567879690810079,0.004731267690658569,0.031783699656878994
Q6VY62,2.336294174194336,5.757615566253662,0.6352348850230223,0.5048906207084656,0.4937905908069793,2.2331796,5.07629,0.527428,0.4472019,0.67337215,IDP-ESM2-8M,93,278,0.10311460494995117,0.6813254356384277,0.10780691365995465,0.05768871307373047,0.17958155866048897
Q6VZE3,2.2830810546875,5.509891510009766,0.5867461616624042,0.4628623127937317,0.5214823521221142,2.373045,5.739317,0.56594634,0.43837,0.5496612,IDP-ESM2-8M,93,278,0.08996391296386719,0.22942543029785156,0.020799821101491145,0.024492323398590088,0.02817886699791139
Q6VZT0,2.222860813140869,5.493052959442139,0.5927051870787599,0.4729860424995422,0.5191162161766675,2.0409446,4.952883,0.5659214,0.4430664,0.55430984,IDP-ESM2-8M,93,278,0.1819162368774414,0.5401701927185059,0.02678376125936288,0.029919654130935613,0.03519362879403565
Q6WHL7,2.0659329891204834,4.679499626159668,0.551442388596942,0.4467962682247162,0.5792486044484434,2.009227,4.78051,0.5409217,0.43508866,0.60939837,IDP-ESM2-8M,93,278,0.05670595169067383,0.10101032257080078,0.010520700517107962,0.011707603931427002,0.03014976057230856
Q6WY30,2.535252332687378,5.869653224945068,0.4835562947544652,0.3890400826931,0.6734040822308472,2.5223172,5.9588704,0.5289443,0.41263846,0.59487987,IDP-ESM2-8M,93,278,0.012935161590576172,0.0892171859741211,0.045388018771688354,0.02359837293624878,0.07852421658448494
Q6YH51,7.190715312957764,16.58771514892578,0.5832581693292588,0.4450670480728149,0.6904722174260642,5.262347,12.82394,0.64028025,0.4987802,0.56549025,IDP-ESM2-8M,93,278,1.928368091583252,3.763774871826172,0.05702207740536036,0.053713142871856745,0.12498197160697244
Q6YH62,2.483228206634521,5.66352653503418,0.4929331262702038,0.3920559287071228,0.6339869896463713,2.579909,6.084519,0.53102916,0.4163368,0.58699113,IDP-ESM2-8M,93,278,0.09668087959289595,0.420992374420166,0.038096038520903375,0.02428087592124939,0.046995858340676766
Q70EH9,2.2204902172088623,5.060754776000977,0.4904101088526413,0.3805733621120453,0.6287876018190355,2.3660831,5.5641866,0.5238762,0.41114932,0.59696394,IDP-ESM2-8M,93,278,0.14559292793273926,0.5034317970275879,0.03346608133290557,0.030575960874557495,0.03182365976810164
Q70EI1,2.2327921390533447,5.227630615234375,0.4928075459226384,0.3845210671424866,0.6269034665093045,2.4010541,5.6324434,0.5213397,0.4090079,0.5985133,IDP-ESM2-8M,93,278,0.16826200485229492,0.4048128128051758,0.028532168604491703,0.024486839771270752,0.028390161322079166
Q70EI2,2.2602035999298096,5.332523345947266,0.5307426617762604,0.4071062505245209,0.558029458668458,2.4654953,5.794314,0.5229207,0.4099552,0.5970553,IDP-ESM2-8M,93,278,0.205291748046875,0.4617905616760254,0.00782193404646303,0.0028489530086517334,0.03902585730291652
Q70EI3,2.5585477352142334,6.086280345916748,0.5103150254011275,0.4040671288967132,0.6003365710528767,2.8206186,6.6063566,0.5259488,0.4103898,0.6064022,IDP-ESM2-8M,93,278,0.262070894241333,0.5200762748718262,0.015633797097194035,0.006322681903839167,0.0060656472889506485
Q70EI6,2.7396252155303955,6.504157543182373,0.5309076324724104,0.4127964675426483,0.590800095150861,2.7724464,6.5465817,0.52938104,0.4128264,0.5929292,IDP-ESM2-8M,93,278,0.0328211784362793,0.04242420196533203,0.0015265957139874997,2.9921531677246094e-05,0.0021290892859371358
Q70EI7,2.259151697158813,5.345705986022949,0.5256979468369566,0.4038659632205963,0.5669513737846308,2.3601415,5.591689,0.5292611,0.41155896,0.57858765,IDP-ESM2-8M,93,278,0.10098981857299849,0.24598312377929688,0.003563165376178179,0.007692992687225342,0.011636277468115797
Q70EJ0,2.946126699447632,6.93138313293457,0.5274354637897314,0.3982725143432617,0.5983839992576988,2.9866986,7.1488276,0.55466455,0.4304064,0.5514612,IDP-ESM2-8M,93,278,0.04057192802429199,0.21744441986083984,0.02722908842203009,0.03213387727737427,0.04692277947010115
Q70GQ7,1.9031580686569207,4.609791278839111,0.535149145866522,0.4299054443836212,0.5654713246592218,1.8904812,4.4281254,0.51765054,0.40718147,0.5913593,IDP-ESM2-8M,93,278,0.012676835060118963,0.18166589736938477,0.01749860122311986,0.0227239727973938,0.025887992643482072
Q70VJ7,2.2840688228607178,5.272794246673584,0.5015037907369883,0.3946391642093658,0.6353563253763893,2.2726157,5.3608584,0.53496563,0.4196133,0.5792298,IDP-ESM2-8M,93,278,0.01145315170288086,0.08806419372558594,0.03346184360902005,0.024974137544632014,0.05612655328547744
Q70VK5,2.270416736602783,5.210628509521484,0.5039475720406079,0.3985024392604828,0.6268890991535451,2.3542933,5.5121593,0.52343255,0.41352403,0.6037573,IDP-ESM2-8M,93,278,0.0838766098022461,0.3015308380126953,0.019484980773875726,0.015021592378616333,0.023131777318980862
Q70VN3,2.3503806591033936,5.501303672790527,0.4835687301502548,0.380977064371109,0.6585453258781822,2.3950014,5.6344523,0.5330455,0.4188095,0.58515424,IDP-ESM2-8M,93,278,0.04462075233459473,0.1331486701965332,0.04947674056431428,0.037832438945770264,0.07339109051517556
Q70VN5,2.328144788742065,5.349688529968262,0.4818844036988911,0.3761975765228271,0.6604934325594178,2.3887901,5.595886,0.518162,0.40764573,0.6104042,IDP-ESM2-8M,93,278,0.06064534187316939,0.24619770050048828,0.036277608401328654,0.03144815564155584,0.05008923915808117
Q70VQ5,2.3534929752349854,5.393795013427734,0.4886084238850318,0.3994878530502319,0.6516451896254285,2.3780403,5.583055,0.52867657,0.41558227,0.5947821,IDP-ESM2-8M,93,278,0.024547338485717773,0.18926000595092773,0.040068145576790726,0.016094416379928644,0.056863075596497836
Q70VR9,2.067376136779785,4.861606597900391,0.492319339042806,0.3803656697273254,0.6307558327421172,2.1988761,5.196557,0.5360336,0.42051873,0.57307315,IDP-ESM2-8M,93,278,0.1315000057220459,0.33495044708251953,0.04371423172364297,0.04015305638313299,0.057682684014700225
Q70VT5,2.3780746459960938,5.475401401519775,0.4886131379765451,0.3945699334144592,0.6592773226770061,2.3562605,5.5279555,0.5277558,0.4157784,0.5922075,IDP-ESM2-8M,93,278,0.02181410789489746,0.05255413055419922,0.03914265893278718,0.021208465099334772,0.06706983127914845
Q70VT7,2.308176040649414,5.649242401123047,0.5255931675436645,0.4140330851078033,0.5915978838989071,2.2541003,5.3024254,0.5306137,0.41807795,0.5906815,IDP-ESM2-8M,93,278,0.05407571792602539,0.3468170166015625,0.0050205528733582305,0.004044860601425226,0.0009163906165889912
Q716F8,1.8343291282653809,4.468036651611328,0.5544654828160952,0.4306521713733673,0.5463054751763011,1.8751204,4.5502815,0.57588834,0.4550594,0.53214705,IDP-ESM2-8M,93,278,0.04079127311706543,0.082244873046875,0.021422852888708266,0.024407237768173218,0.014158425272431496
Q719M9,2.177051305770874,5.105685234069824,0.4356166600401069,0.3900107443332672,0.7984378335978821,2.6648166,6.034922,0.52640676,0.4484011,0.6872455,IDP-ESM2-8M,93,278,0.4877653121948242,0.929236888885498,0.09079010494402395,0.05839034914970398,0.11119234543107304
Q71BY2,2.793951749801636,6.597213268280029,0.5366745162730544,0.4180016219615936,0.5838028098277559,2.9294727,6.9683576,0.54680586,0.42424393,0.5688883,IDP-ESM2-8M,93,278,0.1355209350585933,0.37114429473876953,0.010131342339006144,0.006242305040359553,0.014914503210019081
Q73233,1.5222233533859253,3.668420791625977,0.583341597010291,0.4677043259143829,0.5269748349030242,1.4916761,3.6072094,0.55706644,0.44657955,0.55037993,IDP-ESM2-8M,93,278,0.030547261238098145,0.0612113475799565,0.02627515642801559,0.021124780178070013,0.02340509702370308
Q75QS2,2.588559865951538,6.088685512542725,0.5204848144367817,0.3869524300098419,0.6279963422523872,2.730585,6.4785028,0.53656775,0.4195601,0.60097873,IDP-ESM2-8M,93,278,0.14202523231506348,0.3898172378540039,0.016082933156144286,0.03260767459869385,0.027017610143317383
Q75QS3,2.462087392807007,5.946932315826416,0.535484702087569,0.4157106876373291,0.5852528256886979,2.7009337,6.484071,0.55344445,0.428951,0.5710468,IDP-ESM2-8M,93,278,0.2388463020324707,0.5371384620666504,0.017959743045640186,0.013240307569503784,0.01420599646506504
Q75QT5,2.483459234237671,6.107471942901611,0.5578742866051468,0.4315719604492187,0.5587653319592867,2.4663599,5.8880377,0.5443066,0.4231289,0.5783787,IDP-ESM2-8M,93,278,0.017099380493164062,0.21943426132202148,0.013567710353163176,0.008443057537078802,0.01961334540887738
Q75QT6,2.592742681503296,6.1141357421875,0.5249454228900549,0.4198246002197265,0.6180744299979298,2.8661442,6.8431334,0.54590404,0.42285672,0.5858838,IDP-ESM2-8M,93,278,0.27340149879455566,0.7289977073669434,0.02095861744655403,0.0030321180820465643,0.03219063378287246
Q75R01,2.142366409301758,5.016373157501221,0.52268471986339,0.4192474484443664,0.5972775388810594,2.3865871,5.634015,0.5344026,0.4209261,0.5925239,IDP-ESM2-8M,93,278,0.24422073364257812,0.6176419258117676,0.011717889008069915,0.0016786456108093817,0.004753666028733949
Q75ZR8,2.480634450912476,5.733645439147949,0.5229552109411512,0.4121755957603454,0.5908881549829829,2.467371,5.8245735,0.5244095,0.40797788,0.59135973,IDP-ESM2-8M,93,278,0.013263463973999468,0.0909280776977539,0.0014542620012011342,0.004197716712951605,0.0004715795522344246
Q75ZS3,2.398331880569458,5.476505279541016,0.4896256791247068,0.3861713409423828,0.6376973117598176,2.4300559,5.776067,0.52915585,0.409998,0.57489747,IDP-ESM2-8M,93,278,0.031723976135253906,0.2995615005493164,0.039530171285754645,0.023826658725738525,0.06279984366976021
Q75ZS7,2.4437477588653564,5.752856254577637,0.5217097533643328,0.4050562679767608,0.584757335314546,2.4292173,5.7350283,0.5234197,0.40801233,0.5942822,IDP-ESM2-8M,93,278,0.014530420303344727,0.017827987670898438,0.0017099248468793737,0.002956062555313166,0.009524874558653473
Q76745,1.6104305982589722,3.803221464157105,0.5592122284746371,0.4524044096469879,0.5528972746794036,1.8254305,4.4546375,0.5832681,0.45882666,0.5139943,IDP-ESM2-8M,93,278,0.21499991416931152,0.6514160633087154,0.02405587750909699,0.006422251462936401,0.03890299815581355
Q77369,1.911983609199524,4.479825973510742,0.5214657421334765,0.3943254053592682,0.5893031681327184,1.9455786,4.5589643,0.5183436,0.41391972,0.6050748,IDP-ESM2-8M,93,278,0.03359496593475342,0.07913827896118164,0.0031221146806261757,0.019594311714172363,0.015771654769961008
Q778N1,2.5059502124786377,6.020733833312988,0.5169251247101464,0.4156159460544586,0.6091615172733248,2.4522893,5.7757416,0.5302951,0.41541767,0.5903447,IDP-ESM2-8M,93,278,0.05366086959838867,0.24499225616455078,0.013369949275907067,0.00019827485084533691,0.018816790233987635
Q77F13,3.296870231628418,8.45973014831543,0.6453377038903204,0.5008435249328613,0.5244351052910141,3.1296172,7.954237,0.6656875,0.51971525,0.4680857,IDP-ESM2-8M,93,278,0.1672530174255371,0.5054931640625,0.02034979754019106,0.018871724605560303,0.05634939905703584
Q77IW3,3.568814754486084,8.718031883239746,0.6302914968960939,0.5077582001686096,0.4907109935208522,3.5255518,8.67046,0.61584914,0.48241523,0.5188298,IDP-ESM2-8M,93,278,0.04326295852661133,0.04757213592529297,0.014442359589880494,0.025342971086502075,0.028118829019431024
Q77MY7,3.0477216243743896,7.126034736633301,0.5464992719123841,0.4270378053188324,0.5674937798130403,3.2114635,7.635778,0.5551239,0.4329998,0.57164454,IDP-ESM2-8M,93,278,0.1637418270111084,0.5097432136535645,0.008624653296661289,0.005961984395980835,0.004150764788400152
Q78226,1.7099188566207886,4.175300121307373,0.5475484941034893,0.4211493730545044,0.5553855650823888,1.8069184,4.2415247,0.5203241,0.41522256,0.5957605,IDP-ESM2-8M,93,278,0.09699952602386475,0.06622457504272461,0.027224383118687023,0.0059268176555633545,0.04037495919052991
Q78501,1.4331810474395752,3.378065586090088,0.5315098582769341,0.4306705892086029,0.5670673579338252,1.5419066,3.6946282,0.56388307,0.45032465,0.5445835,IDP-ESM2-8M,93,278,0.10872554779052734,0.3165626525878906,0.032373207900434076,0.019654065370559692,0.022483858502215126
Q78643,2.0367794036865234,4.576776504516602,0.4833793935960348,0.3984159231185913,0.6596890223978443,2.1208184,4.9853477,0.5267154,0.41670763,0.59709436,IDP-ESM2-8M,93,278,0.08403897285461426,0.4085712432861328,0.04333600423874301,0.018291711807250977,0.06259466538414193
Q78646,2.119753122329712,4.988603591918945,0.5193522883722064,0.4006803035736084,0.6086198680232129,2.1538875,5.0960174,0.5400476,0.42459047,0.57046366,IDP-ESM2-8M,93,278,0.0341343879699707,0.10741376876831055,0.02069529759199651,0.023910164833068848,0.038156210644062494
Q78648,2.078975439071656,4.757822036743164,0.5086307781543812,0.4117514789104461,0.6223251807893123,2.1821141,5.147548,0.534147,0.4210554,0.5819804,IDP-ESM2-8M,93,278,0.10313868522643954,0.3897261619567871,0.025516246000281906,0.00930392742156988,0.040344773551305724
Q78649,2.162814378738404,5.032278537750244,0.5321921258615248,0.4221030473709106,0.5952532989743682,2.211284,5.2008715,0.5290511,0.4181311,0.59583217,IDP-ESM2-8M,93,278,0.04846954345703036,0.1685929298400879,0.003141000811933692,0.003971934318542425,0.0005788700815705372
Q78652,2.147361516952514,5.103565216064453,0.5259105645937783,0.4118724465370178,0.5972288579413919,2.2393823,5.3157873,0.54118776,0.42523947,0.5720158,IDP-ESM2-8M,93,278,0.09202075004577681,0.21222209930419922,0.015277198620333055,0.013367027044296265,0.025213036007645573
Q78653,2.0827536582946777,4.743349075317383,0.487765231518688,0.3931577205657959,0.6610988352674338,2.2157576,5.2063055,0.52956414,0.41830763,0.59335005,IDP-ESM2-8M,93,278,0.13300395011901855,0.46295642852783203,0.04179891070848485,0.025149911642074585,0.06774878243387672
Q79401,2.386814594268799,5.120201587677002,0.4464744187873151,0.3476446568965912,0.7451488482373015,2.5093474,5.7908683,0.49682173,0.3982563,0.65664417,IDP-ESM2-8M,93,278,0.12253284454345703,0.6706666946411133,0.05034731254164915,0.050611644983291626,0.08850468272140188
Q7LZ01,1.4965611696243286,3.4625403881073,0.5316362198127258,0.443822294473648,0.5825666929210473,1.4799151,3.5897748,0.5719403,0.45833898,0.51760745,IDP-ESM2-8M,93,278,0.01664602756500244,0.12723445892333984,0.04030408303609012,0.014516681432724055,0.06495924243581785
Q7LZT9,1.5547153949737549,3.760613441467285,0.5932205767997377,0.4843243658542633,0.5243878470535784,1.6290877,3.9655354,0.58066523,0.4714423,0.5305632,IDP-ESM2-8M,93,278,0.0743722915649414,0.20492196083068848,0.012555346048700122,0.012882053852081299,0.006175328624674736
Q7SPR3,1.8682126998901367,4.303732395172119,0.4870458696129596,0.3871691823005676,0.6446296757808969,1.9386547,4.572359,0.5273429,0.41570693,0.5830757,IDP-ESM2-8M,93,278,0.07044196128845215,0.26862668991088867,0.04029704592201355,0.028537750244140625,0.061553973590497746
Q7SPR5,1.954683542251587,4.53868579864502,0.4955234731391987,0.3968653976917267,0.6315786974160054,2.0328097,4.7903466,0.5292074,0.4154159,0.5797584,IDP-ESM2-8M,93,278,0.07812619209289551,0.2516608238220206,0.03368393528899344,0.018550515174865723,0.05182029173058056
Q7SPR7,1.857932686805725,4.479703903198242,0.5327747175764614,0.4162555038928985,0.5637235047847325,1.8551109,4.407243,0.537938,0.42296597,0.5618537,IDP-ESM2-8M,93,278,0.002821803092956543,0.07246112823486328,0.0051632811952060376,0.006710469722747858,0.0018697979480321036
Q7SPR8,2.067652702331543,4.721304893493652,0.5370491906148561,0.4375988841056824,0.5878198106483188,2.0228279,4.7944117,0.5438629,0.4299641,0.56869483,IDP-ESM2-8M,93,278,0.044824838638305664,0.07310676574707031,0.006813688661419515,0.007634788751602173,0.019124980707522887
Q7SPR9,1.952785849571228,4.66126823425293,0.5534406062906199,0.4427624642848968,0.5500143382901513,2.0022292,4.7252307,0.53228617,0.42052433,0.5762036,IDP-ESM2-8M,93,278,0.04944336414337158,0.06396245956420898,0.021154439145844472,0.022238135337829534,0.02618924638086917
Q7SPS1,1.951497793197632,4.598913192749023,0.5086337922066453,0.3936481177806854,0.6115909595170049,1.9659233,4.645462,0.5319064,0.41854125,0.57280785,IDP-ESM2-8M,93,278,0.014425516128539817,0.04654884338378906,0.02327263374626609,0.024893134832382202,0.0387831110634832
Q7SPW1,2.4215879440307617,5.692611217498779,0.5567287758773508,0.4537263512611389,0.5927684422343072,2.2265728,5.239192,0.5353952,0.43583182,0.6294393,IDP-ESM2-8M,93,278,0.19501519203186035,0.45341920852661133,0.02133357085644627,0.01789453625679016,0.03667085210391907
Q7T5C0,3.495822668075561,8.019830703735352,0.5145173894905584,0.4108182787895202,0.6367592434820185,3.571795,8.324731,0.50927544,0.4099049,0.68587846,IDP-ESM2-8M,93,278,0.07597231864929244,0.3049001693725586,0.005241953089191176,0.0009133815765380304,0.04911921215686699
Q7T5F8,2.998732805252075,7.306483268737793,0.6115331210280514,0.47528275847435,0.5398510887681162,3.0519314,7.7550573,0.70139563,0.54112744,0.38644093,IDP-ESM2-8M,93,278,0.05319857597351074,0.4485740661621094,0.08986250980843546,0.06584468483924866,0.15341015601741426
Q7T5M5,2.4727590084075928,5.673457145690918,0.3925318765896261,0.3184160888195038,0.8026438965920839,3.1558447,7.3004017,0.5052468,0.39630666,0.64529914,IDP-ESM2-8M,93,278,0.6830856800079346,1.6269445419311523,0.11271494147601718,0.07789057493209839,0.15734475995344255
Q7T9U3,2.4077577590942383,5.842880725860596,0.6191745478807488,0.5032048225402832,0.528279705659139,2.7035875,6.8491244,0.6820351,0.5312646,0.4009045,IDP-ESM2-8M,93,278,0.29582977294921875,1.0062437057495117,0.06286054065837476,0.028059780597686768,0.12737519921420792
Q7TB66,2.3441925048828125,5.522297859191895,0.5500718264451805,0.4347755312919616,0.5630978779226303,2.3114448,5.513565,0.5446099,0.42688566,0.5777523,IDP-ESM2-8M,93,278,0.032747745513916016,0.00873279571533292,0.005461922155934884,0.007889866828918402,0.014654414233589153
Q7TDE5,1.732242226600647,4.318174362182617,0.6022654768594953,0.4861714839935303,0.5292113442448657,1.7052295,4.145955,0.5636769,0.45531672,0.57446384,IDP-ESM2-8M,93,278,0.02701270580291748,0.17221927642822266,0.03858858314840519,0.030854761600494385,0.045252500054450695
Q7TDG1,2.369809150695801,5.547991752624512,0.498986190942275,0.368382066488266,0.6348222546331891,2.4305599,5.697663,0.5149332,0.40390438,0.6162014,IDP-ESM2-8M,93,278,0.060750722885131836,0.14967107772827148,0.01594703755046184,0.03552231192588806,0.01862085387635315
Q7TDL0,1.865209698677063,4.6348395347595215,0.5897509767750998,0.4659371972084045,0.5211036259186613,1.9271425,4.7212815,0.5936415,0.46998262,0.506084,IDP-ESM2-8M,93,278,0.06193280220031738,0.0864419937133789,0.003890542771408989,0.004045426845550593,0.015019601012502881
Q7TDN1,1.6266489028930664,3.7783257961273193,0.5315436493894552,0.4362163543701172,0.5657388616608151,1.5649816,3.5106494,0.47698095,0.39416972,0.6827103,IDP-ESM2-8M,93,278,0.06166732311248779,0.26767635345458984,0.05456269498080957,0.04204663634300232,0.11697142829432405
Q7TFN9,4.571025848388672,10.435481071472168,0.5342298017792231,0.4114221632480621,0.60178498146514,4.5968266,10.902526,0.55265456,0.42960316,0.5903032,IDP-ESM2-8M,93,278,0.025800704956054688,0.4670448303222656,0.018424762601422673,0.018180996179580744,0.011481798863211323
Q7TG50,1.7077478170394895,4.110406398773193,0.5490791797362159,0.4249894618988037,0.5435685072225824,1.6198788,3.8861094,0.54298097,0.42643234,0.5517966,IDP-ESM2-8M,93,278,0.08786904811859109,0.22429704666137695,0.006098210784036939,0.0014428794384002686,0.008228107901166348
Q7THH5,1.4412338733673096,3.473487615585327,0.5531203314390196,0.4366949498653412,0.5496748317366498,1.5483596,3.7427673,0.5584404,0.44170192,0.53684986,IDP-ESM2-8M,93,278,0.10712575912475586,0.26927971839904785,0.005320055809973301,0.005006968975067139,0.012824975360001822
Q7THI5,1.4297255277633667,3.367047071456909,0.5310581575243742,0.4257408082485199,0.5776089166911328,1.5693113,3.7843757,0.55413467,0.4367777,0.5424906,IDP-ESM2-8M,93,278,0.1395857334136963,0.4173285961151123,0.02307650939533401,0.011036902666091919,0.035118315151520973
Q7ZGU1,1.4402328729629517,3.5296831130981445,0.5624663918922646,0.4429135918617248,0.5254037430749159,1.3595003,3.2437463,0.54409003,0.43366155,0.5561058,IDP-ESM2-8M,93,278,0.08073258399963379,0.2859368324279785,0.0183763593147499,0.009252041578292791,0.030702049447514534
Q7ZGU2,1.5582969188690186,3.754595279693604,0.5598303798334352,0.4598661363124847,0.553333205436224,1.5367032,3.7706604,0.5898982,0.46790686,0.5023256,IDP-ESM2-8M,93,278,0.021593689918518066,0.01606512069702104,0.030067848811889508,0.008040726184845026,0.05100761101102258
Q7ZPK4,2.332268476486206,5.554332256317139,0.5152798011685079,0.4128588140010834,0.6054153812438103,2.302448,5.4259624,0.53151083,0.41723618,0.58526075,IDP-ESM2-8M,93,278,0.02982044219970703,0.12836980819702148,0.016231028757029198,0.0043773651123046875,0.02015463238059012
Q80553,1.6738048791885376,4.151936531066895,0.5900351861505421,0.4551343023777008,0.5197193185088874,1.864814,4.561255,0.58872485,0.4636099,0.50947905,IDP-ESM2-8M,93,278,0.19100916385650635,0.4093184471130362,0.001310334542265701,0.00847560167312622,0.010240272640967496
Q80889,3.2660906314849854,7.680535316467285,0.5854860641315652,0.4631927907466888,0.570999440624859,3.3976984,7.8269496,0.529,0.437724,0.6759688,IDP-ESM2-8M,93,278,0.1316077709197998,0.14641427993774414,0.05648607986719145,0.02546879649162287,0.10496938519224919
Q80893,1.811437964439392,3.2815701961517334,0.2097650893491917,0.2688472867012024,1.32365235953992,1.6645434,3.3140967,0.38529822,0.3518403,0.8761288,IDP-ESM2-8M,93,278,0.14689457416534424,0.032526493072509766,0.1755331329541988,0.08299300074577332,0.44752356677716376
Q80GM7,2.5409836769104004,5.762401103973389,0.4611264870510096,0.3745792508125305,0.746670022479855,2.6729126,6.0576606,0.48913124,0.40119866,0.69126505,IDP-ESM2-8M,93,278,0.1319289207458496,0.2952594757080078,0.028004754985809843,0.026619404554367065,0.055404975883327934
Q80LM0,3.331693172454834,8.307703971862793,0.66340563427952,0.5350135564804077,0.4961817820903827,3.2826726,8.301378,0.69377196,0.5423891,0.43238112,IDP-ESM2-8M,93,278,0.04902052879333496,0.006325721740722656,0.030366324071615214,0.007375538349151611,0.06380065878601565
Q80RB4,2.6578757762908936,6.297651290893555,0.5181786182543666,0.4191198348999023,0.6280094951577608,2.6365807,6.207349,0.52692974,0.41541597,0.62308323,IDP-ESM2-8M,93,278,0.02129507064819336,0.0903024673461914,0.008751117883023518,0.0037038624286651056,0.004926261324447845
Q81837,2.5872247219085693,6.013072490692139,0.4916103719450087,0.3739543259143829,0.6209636519197171,2.763929,6.5115724,0.5238988,0.40656695,0.5940621,IDP-ESM2-8M,93,278,0.17670416831970215,0.49849987030029297,0.032288408400908075,0.03261262178421026,0.026901561999673196
Q81839,2.477025032043457,5.823817253112793,0.5354382063656884,0.4257154166698456,0.5647378702526329,2.2797847,5.384075,0.5251513,0.40967262,0.58898574,IDP-ESM2-8M,93,278,0.19724035263061523,0.4397420883178711,0.01028689401446159,0.0160427987575531,0.024247870885825362
Q81846,2.5604283809661865,5.853387832641602,0.5099910635506884,0.4141511917114258,0.5945821302235968,2.6054127,6.1492176,0.52327263,0.40762946,0.5965819,IDP-ESM2-8M,93,278,0.04498434066772461,0.29582977294921875,0.013281570001862919,0.006521731615066528,0.0019997460543267342
Q81859,1.928916335105896,4.605202674865723,0.5436398826308143,0.426595389842987,0.5422031444855921,1.7345889,4.145378,0.5417303,0.42477015,0.54983664,IDP-ESM2-8M,93,278,0.1943274736404419,0.4598245620727539,0.0019095979399573748,0.001825243234634344,0.0076334911040074616
Q82401,1.831166386604309,4.3896260261535645,0.5183630903661675,0.4037471413612366,0.6078490874637572,1.8216125,4.3336773,0.5531306,0.4434071,0.56057894,IDP-ESM2-8M,93,278,0.009553909301757812,0.055948734283447266,0.03476753631229934,0.03965994715690613,0.04727014516486805
Q82615,2.176388025283813,5.125534057617188,0.5512040327839184,0.4460991024971008,0.5692052735585957,2.3500476,5.672537,0.5615526,0.43790472,0.5472645,IDP-ESM2-8M,93,278,0.17365956306457564,0.5470027923583975,0.010348551387376781,0.008194386959075872,0.02194075720498856
Q83112,2.336902379989624,4.936823844909668,0.3380937121741774,0.3273904025554657,1.0116645150807946,2.8286788,6.2979417,0.45606366,0.38360694,0.74859804,IDP-ESM2-8M,93,278,0.4917764663696289,1.3611178398132324,0.11796994582486131,0.056216537952423096,0.26306647593055654
Q83190,1.7796467542648315,3.992709636688232,0.4786695389555369,0.3872520923614502,0.6489827101556922,1.7639463,4.0826483,0.51051986,0.41106278,0.625259,IDP-ESM2-8M,93,278,0.015700459480285645,0.08993864059448287,0.031850323219450916,0.02381068468093872,0.023723727974143127
Q83502,2.3029112815856934,5.496632099151611,0.5089174218855739,0.3878549337387085,0.6130971293929798,2.484774,5.9072003,0.5374584,0.41599035,0.57544076,IDP-ESM2-8M,93,278,0.18186283111572266,0.4105682373046875,0.028540997914230815,0.02813541889190674,0.03765636496579472
Q83508,2.278597593307495,5.424036026000977,0.5118065127381456,0.384306788444519,0.6002063262253106,2.4813612,5.872724,0.52645093,0.40801504,0.5905374,IDP-ESM2-8M,93,278,0.20276355743408203,0.4486880302429199,0.014644419287763832,0.023708254098892267,0.009668897369414564
Q84108,1.457655668258667,3.366739511489868,0.5256385387886628,0.4377702474594116,0.5863411245770551,1.5492231,3.7068968,0.54425764,0.43197763,0.5644192,IDP-ESM2-8M,93,278,0.09156739711761475,0.34015727043151855,0.0186191020499602,0.0057926177978515625,0.021921914619932314
Q84187,3.180120944976806,7.416873931884766,0.5140384188506483,0.4066470861434936,0.632496884497939,3.4674976,8.265932,0.5467119,0.4217948,0.5871728,IDP-ESM2-8M,93,278,0.2873766422271733,0.8490581512451172,0.03267350284124626,0.015147715806961115,0.04532407823496898
Q84188,3.2259228229522705,7.837432861328125,0.5172016063207746,0.4050092995166778,0.6272951164853872,3.556603,8.413255,0.53643346,0.4172491,0.60001725,IDP-ESM2-8M,93,278,0.33068013191223145,0.5758218765258789,0.01923185200747246,0.01223981380462652,0.027277866901189163
Q84265,1.705485224723816,4.334690570831299,0.6401344067486161,0.506040632724762,0.4990097189553152,1.7769735,4.6498365,0.6743008,0.53575176,0.41602916,IDP-ESM2-8M,93,278,0.07148826122283936,0.31514596939086914,0.034166383084452745,0.029711127281188965,0.0829805637009512
Q84494,2.579239845275879,6.104786396026611,0.5813868852975708,0.4686043262481689,0.5783968011736947,2.3715413,5.7509694,0.5865925,0.46541038,0.54942197,IDP-ESM2-8M,93,278,0.20769858360290527,0.3538169860839844,0.005205610143866002,0.003193944692611639,0.028974835097797524
Q84648,2.491609573364258,5.58755350112915,0.5001416854577553,0.4227291047573089,0.6812930349234935,2.4833162,5.7311563,0.520813,0.4324285,0.67302555,IDP-ESM2-8M,93,278,0.008293390274047852,0.14360284805297852,0.02067130282349472,0.009699404239654597,0.008267486465394103
Q85298,2.1795594692230225,5.131240367889404,0.5149121566199537,0.4124712347984314,0.5793639147841216,2.184874,5.203144,0.5260533,0.40915906,0.56822264,IDP-ESM2-8M,93,278,0.00531458854675293,0.07190370559692383,0.011141152820659084,0.0033121705055236816,0.011141272839236382
Q85305,3.387103796005249,7.609576225280762,0.4926416997413941,0.3948681354522705,0.6533423862880356,3.3560934,7.8401127,0.51809084,0.40607205,0.64032054,IDP-ESM2-8M,93,278,0.03101038932800293,0.23053646087646484,0.02544914441296381,0.011203914880752563,0.013021846813548343
Q85470,2.3190741539001465,5.31719970703125,0.535983186576835,0.4349781274795532,0.6083790923669662,2.3878956,5.704553,0.5582757,0.4424782,0.569089,IDP-ESM2-8M,93,278,0.06882143020629883,0.38735342025756836,0.022292513038643547,0.00750008225440979,0.03929009691027063
Q85513,1.946499347686768,4.5694780349731445,0.5294544019876338,0.4206549823284149,0.5712388324789466,1.8109074,4.3501463,0.5488912,0.4331914,0.542485,IDP-ESM2-8M,93,278,0.13559198379516646,0.2193317413330078,0.019436784726538536,0.012536406517028809,0.02875383377594365
Q85653,2.439301013946533,5.655583381652832,0.5275624809768947,0.4280654489994049,0.5951371390100053,2.5652003,6.1110954,0.55013186,0.43072838,0.57088876,IDP-ESM2-8M,93,278,0.1258993148803711,0.45551204681396484,0.022569376418277387,0.0026629269123077393,0.024248381304316835
Q856E0,2.381712913513184,5.555893421173096,0.500593235881905,0.4002544283866882,0.6298957523081888,2.4531496,5.8091574,0.5244589,0.40748146,0.5919153,IDP-ESM2-8M,93,278,0.07143664360046342,0.2532639503479004,0.02386564931096613,0.007227033376693781,0.03798044287902014
Q856H1,2.787285804748535,6.294577598571777,0.4602373951979165,0.3710139393806457,0.705582336239781,2.7956688,6.5490394,0.5122113,0.40081206,0.6273962,IDP-ESM2-8M,93,278,0.008383035659790039,0.25446176528930664,0.05197392758650732,0.029798120260238703,0.0781861103105207
Q857F1,1.958168625831604,4.721376419067383,0.5765393295711623,0.461663156747818,0.5462763454975896,2.0537035,4.904766,0.5342071,0.4263876,0.60233116,IDP-ESM2-8M,93,278,0.09553492069244385,0.18338966369628906,0.042332223934565594,0.035275548696517944,0.056054816001433805
Q858H2,2.2514777183532715,5.391417026519775,0.5505167994402786,0.4298363029956817,0.5441667241522251,2.2429013,5.3251486,0.5349924,0.41759482,0.5771942,IDP-ESM2-8M,93,278,0.008576393127441406,0.0662684440612793,0.015524402608766197,0.01224148273468012,0.03302748971496239
Q858N3,1.912603616714477,4.546543598175049,0.5660924816961849,0.4733447134494781,0.5716799690144517,1.8838099,4.5600877,0.56972855,0.45279568,0.5558075,IDP-ESM2-8M,93,278,0.028793692588805708,0.013544082641601562,0.00363607159895063,0.020549029111862127,0.015872497739122138
Q859F3,2.668384790420532,6.094333648681641,0.5005213286329151,0.3976112008094787,0.6609633177717368,2.5996625,6.144376,0.5376482,0.42248094,0.59822506,IDP-ESM2-8M,93,278,0.06872224807739213,0.050042152404785156,0.037126872355854434,0.024869740009307917,0.06273826064664523
Q859H4,1.7422497272491455,3.846957683563232,0.5079941652086155,0.4195262789726257,0.6018564947939211,1.8586471,4.401148,0.52407295,0.4187577,0.60166687,IDP-ESM2-8M,93,278,0.11639738082885742,0.5541901588439946,0.016078779909334928,0.0007685720920562189,0.00018962706091940618
Q859K4,2.115252017974853,4.9018235206604,0.518020990267532,0.4194670617580414,0.6084682051178862,2.0396233,4.8531637,0.53552073,0.4206955,0.58328027,IDP-ESM2-8M,93,278,0.0756287574768062,0.0486598014831543,0.017499742135269503,0.0012284517288208008,0.02518793978661793
Q86596,1.8584637641906736,4.532985687255859,0.5831414022441888,0.4609532058238983,0.5372504923733498,1.852715,4.466166,0.57958686,0.46387485,0.53449345,IDP-ESM2-8M,93,278,0.005748748779296653,0.06681966781616211,0.0035545387264275252,0.0029216408729553223,0.0027570460232521077
Q86686,3.2398924827575684,7.852489471435547,0.5471346878861583,0.4357542693614959,0.5805316069086383,3.4963484,8.364189,0.5576633,0.43621206,0.57598025,IDP-ESM2-8M,93,278,0.2564558982849121,0.5116996765136719,0.010528633608897886,0.0004577934741974432,0.004551360841591134
Q86818,1.4787906408309937,3.585883140563965,0.5611490788940011,0.4493292272090912,0.5533560717304078,1.6384296,4.0129175,0.5734376,0.45089012,0.51925296,IDP-ESM2-8M,93,278,0.15963900089263916,0.4270343780517578,0.012288492631572612,0.001560896635055542,0.034103115816864094
Q86965,2.2708754539489746,5.376442909240723,0.5630397285299116,0.4455627501010895,0.5725962049053643,2.3531785,5.698508,0.5744378,0.45044383,0.5537555,IDP-ESM2-8M,93,278,0.08230304718017578,0.3220648765563965,0.011398068539637984,0.004881083965301514,0.018840683131072344
Q87071,1.933468461036682,4.647970199584961,0.5633339682286718,0.4434746205806732,0.5475006782231445,2.0795193,5.0608234,0.5689781,0.44215405,0.52812916,IDP-ESM2-8M,93,278,0.14605081081390403,0.4128532409667969,0.005644102984096788,0.001320570707321167,0.0193715178189392
Q87072,2.3676650524139404,5.53907585144043,0.524378653643843,0.4169237911701202,0.5764505148169502,2.3891098,5.6776757,0.5391209,0.41835278,0.5570339,IDP-ESM2-8M,93,278,0.02144479751586914,0.13859987258911133,0.014742258908036932,0.001428991556167658,0.019416618370722172
Q87076,3.689758062362671,8.77627944946289,0.6339903216911974,0.5639438629150391,0.5531522871604414,4.070539,9.412128,0.60597813,0.5172332,0.65083456,IDP-ESM2-8M,93,278,0.3807809352874756,0.6358489990234375,0.028012190396946912,0.04671066999435425,0.0976822732338457
Q87171,1.7867960929870603,4.271870136260986,0.5416350254112631,0.4389387369155884,0.5588356899161061,1.8142806,4.3031907,0.53836316,0.42606938,0.558336,IDP-ESM2-8M,93,278,0.027484536170959695,0.03132057189941406,0.0032718667084127295,0.01286935806274414,0.0004996704001148933
Q87172,1.913458585739136,4.515614032745361,0.5543908934149788,0.4407261610031128,0.5567590089687375,1.9078759,4.5819464,0.54923177,0.43038908,0.5486984,IDP-ESM2-8M,93,278,0.005582690238952859,0.06633234024047852,0.0051591257605598795,0.010337084531784058,0.008060583675768784
Q87175,1.843910217285156,4.423339366912842,0.5472327016569337,0.4323254823684692,0.554381192850532,1.9557928,4.73746,0.5522876,0.427816,0.5389928,IDP-ESM2-8M,93,278,0.1118825674057009,0.3141207695007324,0.005054876925829954,0.004509478807449285,0.015388370680274432
Q87177,1.8357458114624023,4.202122688293457,0.5107170324199011,0.4118867516517639,0.6159398195244067,1.9075553,4.5859365,0.5438898,0.4247035,0.55803704,IDP-ESM2-8M,93,278,0.07180953025817871,0.38381385803222656,0.03317278815581304,0.012816756963729858,0.05790277690660883
Q87184,1.8915594816207888,4.4158430099487305,0.5117818278878035,0.4070602357387543,0.6197725702686327,2.0011218,4.780045,0.5453051,0.42727175,0.5595034,IDP-ESM2-8M,93,278,0.10956227779388406,0.36420202255249023,0.03352324537345752,0.020211517810821533,0.060269193784715513
Q87189,1.9849722385406487,4.635369777679443,0.5329716166372539,0.4355023503303528,0.5951577566512031,1.958368,4.73453,0.5535409,0.429884,0.54628116,IDP-ESM2-8M,93,278,0.026604294776915838,0.09916019439697266,0.020569268811201913,0.005618363618850708,0.04887659772710029
Q87190,1.9605032205581665,4.6441650390625,0.5500996460469585,0.4406257569789886,0.5641080589696921,1.9844233,4.7859774,0.5503694,0.4282595,0.55160403,IDP-ESM2-8M,93,278,0.023920059204101562,0.14181232452392578,0.00026973585764356045,0.0123662650585174,0.01250402645321258
Q87209,1.866125464439392,4.408606052398682,0.5453520630576678,0.4271838366985321,0.5643276883344377,1.7914507,4.3448925,0.55963284,0.43762666,0.5341699,IDP-ESM2-8M,93,278,0.07467472553253174,0.06371355056762695,0.014280774714701572,0.0104428231716156,0.030157775996180858
Q87272,1.774227261543274,4.202770709991455,0.539949296795623,0.430012583732605,0.573098398556012,1.7850122,4.326704,0.55588245,0.43394285,0.5435339,IDP-ESM2-8M,93,278,0.01078498363494873,0.12393331527709961,0.015933157122834052,0.003930270671844482,0.029564477314251714
Q87273,1.919530153274536,4.592146396636963,0.5458944171522776,0.4200145602226257,0.560444011039654,1.9942017,4.8474793,0.5576264,0.4315761,0.53804165,IDP-ESM2-8M,93,278,0.07467150688171409,0.25533294677734375,0.011732009067662585,0.011561542749404963,0.022402359790722137
Q87596,1.5281474590301514,3.670018196105957,0.547248447220736,0.4309219121932983,0.5615386537035494,1.5324557,3.7098396,0.55697834,0.44161677,0.54770947,IDP-ESM2-8M,93,278,0.004308223724365234,0.03982138633728027,0.009729897696561407,0.010694861412048395,0.013829188676693915
Q89267,1.7671689987182615,4.315903663635254,0.5831234545948515,0.4695084691047668,0.5243187341882514,1.6034496,3.8571122,0.55257297,0.43927416,0.55818,IDP-ESM2-8M,93,278,0.16371941566467263,0.45879149436950684,0.030550488972903245,0.0302343070507049,0.03386124036771787
Q8AEV4,2.159076452255249,4.879368305206299,0.5076646912075968,0.4223662614822387,0.626101273237856,2.0964513,4.9496303,0.5346624,0.421305,0.5809899,IDP-ESM2-8M,93,278,0.06262516975402832,0.07026195526123047,0.02699773431043906,0.0010612607002257746,0.045111375986726876
Q8AEV6,2.0557570457458496,4.649607658386231,0.4914917346053311,0.3996710181236267,0.6390137052704689,2.0940442,4.9507184,0.53546876,0.42098603,0.5800906,IDP-ESM2-8M,93,278,0.03828716278076172,0.30111074447631747,0.0439770225472263,0.021315008401870728,0.0589231228997108
Q8AEV8,2.153259992599488,4.976421356201172,0.5254148049108838,0.4255290329456329,0.5895762135934713,2.1054153,4.945859,0.52746093,0.41687182,0.5936199,IDP-ESM2-8M,93,278,0.04784464836120694,0.030562400817871094,0.0020461278207446476,0.00865721702575678,0.004043669466983979
Q8AM83,1.941663265228272,4.785359859466553,0.589079130615084,0.464430421590805,0.5363050860751829,1.9868807,4.8218503,0.5853515,0.46717852,0.5128809,IDP-ESM2-8M,93,278,0.04521739482879594,0.036490440368652344,0.0037276038778708553,0.002748101949691828,0.023424164711352335
Q8ATK1,1.5050930976867676,3.6378602981567374,0.5227230576632625,0.4156895875930786,0.5703571758825682,1.4758847,3.5603666,0.5610118,0.44553104,0.5324918,IDP-ESM2-8M,93,278,0.02920842170715332,0.07749366760253817,0.0382887335659855,0.029841452836990356,0.03786537271331769
Q8B5D2,2.951312065124512,6.747812271118164,0.440132645050835,0.352781742811203,0.8094238948036026,2.9414556,6.8336244,0.5019874,0.40163216,0.68451077,IDP-ESM2-8M,93,278,0.00985646247863814,0.08581209182739258,0.06185475261991086,0.048850417137145996,0.12491312734373317
Q8B5E1,3.1393468379974365,7.432117938995361,0.5081379295543293,0.3875229656696319,0.6702619784714722,2.999895,7.07323,0.52470136,0.41181666,0.62994623,IDP-ESM2-8M,93,278,0.1394517421722412,0.3588881492614746,0.016563427333488034,0.024293690919876154,0.04031574662943116
Q8B6B2,3.5069808959960938,8.026479721069336,0.4829269754711981,0.3697400689125061,0.6728872873342963,4.2810893,10.123545,0.5296663,0.40763527,0.60543245,IDP-ESM2-8M,93,278,0.7741084098815918,2.097064971923828,0.046739329117119754,0.03789520263671875,0.06745483656296447
Q8BCG5,2.6516692638397217,6.216158390045166,0.4980552120385065,0.3884736895561218,0.6340542198705879,2.6720786,6.268827,0.51896167,0.4071694,0.61625236,IDP-ESM2-8M,93,278,0.020409345626831055,0.05266857147216797,0.020906455976019866,0.018695712089538574,0.017801857142468958
Q8BEN1,4.583354949951172,10.436578750610352,0.5160239281627857,0.4103900492191314,0.6252000422538168,4.546225,10.733473,0.54023755,0.424344,0.61546165,IDP-ESM2-8M,93,278,0.037129878997802734,0.2968940734863281,0.0242136178043163,0.013953953981399592,0.009738394743288192
Q8J4J0,1.874367952346801,4.334868431091309,0.5233204875626745,0.4120818972587585,0.6069227126887281,1.7892618,4.336299,0.5600209,0.4396691,0.5491581,IDP-ESM2-8M,93,278,0.08510613441467219,0.001430511474609375,0.03670043605182749,0.02758720517158514,0.05776461637525154
Q8JKR9,3.4346065521240234,8.202266693115234,0.5944359084884867,0.4573423266410827,0.5712907413789529,3.4290388,8.259896,0.5867135,0.47140437,0.61703324,IDP-ESM2-8M,93,278,0.005567789077758789,0.05762958526611328,0.007722415618155898,0.014062047004699763,0.04574250180036843
Q8JL45,3.293867588043213,7.5566020011901855,0.5763265914617945,0.4641462564468384,0.5888954201692995,3.262574,8.007124,0.60503054,0.472426,0.5216486,IDP-ESM2-8M,93,278,0.031293630599975586,0.45052194595336914,0.028703945189816782,0.008279740810394287,0.06724683437294332
Q8JLL5,2.6253550052642822,6.0808868408203125,0.4930976677980217,0.3778961300849914,0.6458749859072144,2.757484,6.471274,0.52181494,0.40734893,0.60193914,IDP-ESM2-8M,93,278,0.13212895393371582,0.39038705825805664,0.028717274561902595,0.029452800750732477,0.04393584415687868
Q8JM67,3.080829381942749,7.588707447052002,0.6439657398258274,0.5098746418952942,0.5032146971064787,3.0801377,7.8467374,0.6964091,0.53979665,0.39484003,IDP-ESM2-8M,93,278,0.0006916522979736328,0.2580299377441406,0.05244336642875025,0.029922008514404297,0.10837466524421979
Q8JQG9,2.77852201461792,6.315378189086914,0.5064557000702163,0.3924426734447479,0.6590232844308764,3.275507,7.6674404,0.5342115,0.42346126,0.6111797,IDP-ESM2-8M,93,278,0.49698495864868164,1.3520622253417969,0.027755816310093717,0.031018584966659546,0.047843574996367155
Q8JQR2,2.745342493057251,6.532309055328369,0.5213186490119641,0.4134487807750702,0.6122827817960521,3.134032,7.3514524,0.5298418,0.4172116,0.6154578,IDP-ESM2-8M,93,278,0.3886895179748535,0.8191432952880859,0.008523131650572502,0.0037628114223480225,0.0031749914125660528
Q8JQS3,2.799478769302368,6.425180435180664,0.507826959559027,0.3881712257862091,0.654184664835406,3.155757,7.4211836,0.5395813,0.42426786,0.5974205,IDP-ESM2-8M,93,278,0.3562781810760498,0.9960031509399414,0.031754339269097986,0.03609663248062134,0.05676415120549272
Q8JRY1,2.3029046058654785,5.476492404937744,0.6037231907912506,0.5110253691673279,0.5349149072029419,2.269226,5.8648734,0.68459934,0.53134036,0.37884963,IDP-ESM2-8M,93,278,0.033678531646728516,0.3883810043334961,0.08087614917075503,0.02031499147415161,0.1560652816154785
Q8JXK6,1.6211036443710327,3.799259662628174,0.5475897480216784,0.4417068362236023,0.5569448254310326,1.5764606,3.7813878,0.54579496,0.43352783,0.55304426,IDP-ESM2-8M,93,278,0.04464304447174072,0.017871856689453125,0.0017947841850084467,0.008179008960723877,0.003900565882845375
Q8JYS1,2.691291093826294,6.497318267822266,0.5809050627640648,0.4661928117275238,0.5419705382814025,2.91283,7.0131984,0.573502,0.45546755,0.5695028,IDP-ESM2-8M,93,278,0.22153902053833008,0.5158801078796387,0.007403058617488911,0.010725259780883789,0.027532232619323804
Q8LT64,2.1720545291900635,5.003452301025391,0.5197810037424136,0.4226855039596557,0.6212718414160598,1.9187193,4.5666184,0.5290018,0.4154439,0.5870238,IDP-ESM2-8M,93,278,0.25333523750305176,0.43683385848999023,0.009220768661303391,0.007241606712341253,0.03424804676502835
Q8QLE8,3.03128719329834,7.697125434875488,0.6563733045401704,0.5223445892333984,0.4774516322256737,3.16125,7.9949055,0.6809117,0.52712387,0.4164315,IDP-ESM2-8M,93,278,0.12996292114257812,0.29778003692626953,0.02453841525887135,0.0047792792320251465,0.061020145619075816
Q8QN60,2.4035606384277344,5.764294624328613,0.5317877220505423,0.4231294393539428,0.5827542014503235,2.4794714,5.888363,0.5357325,0.4193912,0.58050287,IDP-ESM2-8M,93,278,0.07591080665588379,0.1240682601928711,0.003944785655146221,0.0037382245063781183,0.0022513337516540943
Q8QNS2,1.9830255508422847,5.226910591125488,0.6277522959421727,0.4779042899608612,0.4952879251900067,2.2528694,5.631761,0.62898374,0.49404526,0.48235688,IDP-ESM2-8M,93,278,0.2698438167572026,0.40485048294067383,0.0012314400960352634,0.01614096760749817,0.012931049055134258
Q8QNS5,1.928346514701844,4.591409683227539,0.4953577109776396,0.3824181258678436,0.6360158296182683,1.8809025,4.4298153,0.5171023,0.41011268,0.6125511,IDP-ESM2-8M,93,278,0.047443985939026545,0.16159439086914062,0.02174459014311847,0.027694553136825617,0.023464736516766838
Q8QPP9,1.9653348922729488,4.815957546234131,0.571341518484492,0.4368967115879059,0.5433689153773111,1.9753561,4.7717876,0.56021434,0.44047183,0.5445045,IDP-ESM2-8M,93,278,0.010021209716797319,0.04416990280151367,0.011127177797693899,0.0035751163959503174,0.0011356078999715802
Q8QPS6,2.001785516738892,5.02598762512207,0.587317028746391,0.4558817148208618,0.5267537297680378,2.052348,4.983122,0.5729313,0.4508005,0.5343252,IDP-ESM2-8M,93,278,0.05056238174438432,0.042865753173828125,0.01438573907353946,0.005081206560134888,0.007571452669858925
Q8QPU8,1.9376126527786253,4.666355133056641,0.5494431667826379,0.435775876045227,0.5579220947044913,2.0947328,5.035703,0.55986065,0.43967578,0.5524599,IDP-ESM2-8M,93,278,0.15712010860443137,0.36934804916381836,0.01041747994206299,0.0038999021053314764,0.005462199093681952
Q8QRI8,3.1567444801330566,7.680585861206055,0.5420971636041438,0.4293708801269531,0.5680683245202264,3.419263,8.11401,0.5407427,0.4258303,0.5978486,IDP-ESM2-8M,93,278,0.26251840591430664,0.4334239959716797,0.0013544682725703527,0.0035405755043029785,0.02978026966846381
Q8QRK4,3.1904497146606445,7.658655166625977,0.5368023516130134,0.4130543172359466,0.5899510916993069,3.363741,8.014935,0.55308956,0.43236303,0.57361627,IDP-ESM2-8M,93,278,0.17329120635986328,0.3562793731689453,0.01628720746520318,0.019308716058731135,0.016334825448696577
Q8QUL3,1.714313507080078,4.050164222717285,0.5437760509909112,0.4329612255096435,0.5616761822115663,1.7468427,4.2080584,0.55476934,0.43513888,0.543169,IDP-ESM2-8M,93,278,0.032529234886169656,0.15789413452148438,0.010993286186365414,0.002177655696868952,0.01850716060512103
Q8QUU2,2.812160015106201,7.037248611450195,0.6467774547133153,0.522243857383728,0.5183826038053814,3.2086267,7.923161,0.6482229,0.51687944,0.5331461,IDP-ESM2-8M,93,278,0.3964667320251465,0.8859124183654785,0.0014454685654933241,0.005364418029785156,0.014763479549568581
Q8QUW5,2.4314229488372803,5.736767768859863,0.5457260816610429,0.4340470433235168,0.5613398143689516,2.4843936,5.928946,0.54526186,0.42346883,0.5688356,IDP-ESM2-8M,93,278,0.05297064781188965,0.19217824935913086,0.00046422176724403297,0.010578215122222845,0.007495801742803732
Q8QVQ9,2.661855459213257,6.006308555603027,0.5012465356530009,0.408208280801773,0.6223515071516433,2.824872,6.6458406,0.5160383,0.4020192,0.6081723,IDP-ESM2-8M,93,278,0.16301655769348145,0.6395320892333984,0.014791762953871634,0.006189078092575018,0.014179209673921167
Q8QYT4,1.4109797477722168,3.2352609634399414,0.4884518190921773,0.4125504195690155,0.6147365343230246,1.5441595,3.7047381,0.54266196,0.4280473,0.5498234,IDP-ESM2-8M,93,278,0.13317978382110596,0.46947717666625977,0.05421014580116379,0.015496879816055298,0.06491313096456508
Q8QYT7,1.4401655197143557,3.488144874572754,0.5498358155654819,0.4431613087654114,0.5331681491171439,1.4497466,3.4470384,0.5336392,0.4252964,0.56287104,IDP-ESM2-8M,93,278,0.009581089019775169,0.041106462478637695,0.01619662298430513,0.017864912748336792,0.029702889796582865
Q8UU17,2.2439939975738525,5.315147876739502,0.4875874130400375,0.3726096749305725,0.645707289575578,2.4166987,5.7416277,0.53641564,0.418321,0.5744553,IDP-ESM2-8M,93,278,0.17270469665527344,0.4264798164367676,0.04882822349942173,0.04571133852005005,0.07125196874046447
Q8UZB3,3.3593904972076416,7.656904220581055,0.4751756863632303,0.3670142292976379,0.6957214711845601,3.6270063,8.613305,0.5374867,0.41304457,0.5798028,IDP-ESM2-8M,93,278,0.26761579513549805,0.9564008712768555,0.0623109860381979,0.046030342578887995,0.1159186600387776
Q8UZG8,2.982679843902588,5.231381416320801,0.2000000000001817,0.2448797672986984,1.6947284833575682,4.255291,9.447213,0.40685093,0.34838626,0.8878075,IDP-ESM2-8M,93,278,1.272611141204834,4.215831756591797,0.2068509340284438,0.1035064905881882,0.8069209949161009
Q8V337,3.721240758895874,8.707688331604004,0.5671943862333709,0.4620004296302795,0.5767438345351695,3.3530838,7.9368944,0.5417766,0.42469868,0.5950924,IDP-ESM2-8M,93,278,0.36815690994262695,0.7707939147949219,0.025417788733523516,0.03730174899101252,0.018348581274461817
Q8V339,3.812500953674317,8.968060493469238,0.5865630963580064,0.4744903147220611,0.545563395944751,3.4950202,8.310932,0.55583864,0.43338722,0.5720519,IDP-ESM2-8M,93,278,0.3174808025360112,0.6571283340454102,0.03072445185345929,0.04110309481620783,0.026488486799084443
Q8V364,3.968456506729126,9.212738990783691,0.6162000718758861,0.5002020001411438,0.5207925103430048,3.5397794,8.473098,0.5732252,0.4468701,0.5543222,IDP-ESM2-8M,93,278,0.4286770820617676,0.7396411895751953,0.04297487169964709,0.05333191156387329,0.03352967278916685
Q8V367,3.814874649047852,8.887572288513184,0.5805846920774209,0.466538518667221,0.5621000229031125,3.5981421,8.622615,0.57909924,0.4509929,0.5424913,IDP-ESM2-8M,93,278,0.21673250198364302,0.2649574279785156,0.0014854541585671566,0.015545606613159124,0.01960870610776333
Q8V371,3.925068855285645,9.233461380004885,0.5956081253985852,0.4743430614471435,0.5424398695957324,3.6386614,8.69685,0.5759164,0.44913128,0.55239654,IDP-ESM2-8M,93,278,0.28640747070312544,0.5366115570068377,0.019691715906092533,0.025211781263351385,0.00995666627768066
Q8V5H6,2.665778875350952,6.219506740570068,0.5472830371553624,0.4458613991737366,0.5830924219007169,2.7287042,6.5149417,0.5555312,0.43308514,0.5701644,IDP-ESM2-8M,93,278,0.06292533874511719,0.29543495178222656,0.008248166591433237,0.01277625560760498,0.012928039442983708
Q8V5I4,2.711183547973633,6.411514759063721,0.5489814781249392,0.434239387512207,0.5746709395469146,2.7648726,6.5561576,0.5351506,0.41645667,0.6000319,IDP-ESM2-8M,93,278,0.053689002990722656,0.14464282989501953,0.01383089056619291,0.017782717943191473,0.025360972779898128
Q8V636,2.650491237640381,6.117858409881592,0.5202099857799084,0.4136419594287872,0.6109921090654375,2.875083,6.598963,0.4852028,0.3954659,0.705102,IDP-ESM2-8M,93,278,0.22459173202514648,0.48110437393188477,0.035007196473267777,0.018176048994064276,0.09410991739711738
Q8V650,1.6869524717330933,4.0475006103515625,0.5488975353695327,0.4230318367481231,0.5446767914879553,1.5743091,3.7906182,0.55153704,0.4371697,0.553875,IDP-ESM2-8M,93,278,0.11264336109161377,0.2568824291229248,0.002639501526219279,0.01413786411285406,0.009198237599111314
Q8V652,1.7427548170089722,4.225039482116699,0.537294068773349,0.4297369122505188,0.5816184666361931,1.7327092,4.140993,0.5413624,0.42751452,0.5665317,IDP-ESM2-8M,93,278,0.010045647621154785,0.0840463638305664,0.004068336049954269,0.002222388982772827,0.015086748858940902
Q8V654,1.762346625328064,4.354401588439941,0.590183175435276,0.4664421081542969,0.5050740593959874,1.6832073,4.0546947,0.55265534,0.43650517,0.55190015,IDP-ESM2-8M,93,278,0.0791393518447876,0.29970693588256836,0.037527836194248154,0.029936939477920532,0.04682608899573626
Q8V660,1.742783784866333,4.119569301605225,0.5377893245206269,0.422678679227829,0.581651920682356,1.796188,4.285889,0.54049444,0.4283604,0.5733664,IDP-ESM2-8M,93,278,0.05340421199798584,0.1663198471069336,0.0027051174654570964,0.005681723356246948,0.008285517102644135
Q8V6V1,1.949802279472351,4.525241851806641,0.559491184281244,0.4592229425907135,0.5800471129310022,1.7497159,4.162092,0.5527234,0.4491671,0.59717506,IDP-ESM2-8M,93,278,0.20008635520935059,0.36314964294433594,0.006767776535882675,0.010055840015411377,0.017127948771726076
Q8W6W3,3.292443037033081,8.117854118347168,0.6011104910555237,0.4563746750354767,0.5615585487747086,3.1865077,7.8555274,0.6147406,0.47601414,0.51610434,IDP-ESM2-8M,93,278,0.10593533515930176,0.262326717376709,0.013630119067156943,0.01963946223258972,0.045454208221424874
Q8W6Y8,2.8014581203460693,6.529656887054443,0.5467401052855531,0.4213325977325439,0.5745660102154404,2.7509606,6.5756817,0.5496488,0.42324886,0.56482387,IDP-ESM2-8M,93,278,0.05049753189086914,0.04602479934692383,0.002908716068359296,0.0019162595272064764,0.009742144324937474
Q90060,1.8325934410095213,4.432022571563721,0.5866172328403094,0.4569278359413147,0.5252906818880851,1.7294446,4.223398,0.57596225,0.45421875,0.52639353,IDP-ESM2-8M,93,278,0.10314881801605202,0.20862436294555664,0.01065498737598447,0.0027090907096862793,0.0011028508649055802
Q902W3,1.447216510772705,3.291898727416992,0.4548428483176714,0.40003302693367,0.6778028866633155,1.4591936,3.3631775,0.5041153,0.4109711,0.6270669,IDP-ESM2-8M,93,278,0.011977076530456543,0.07127881050109863,0.049272435171555884,0.010938078165054377,0.05073597639643923
Q90CH1,2.512590408325196,5.990075588226318,0.5052123874650672,0.405522882938385,0.6323080146671678,2.6880462,6.298726,0.5257496,0.4184099,0.61256486,IDP-ESM2-8M,93,278,0.17545580863952548,0.30865049362182617,0.02053723631041493,0.012887030839920044,0.019743152892723215
Q90QE2,2.328920364379883,5.622971057891846,0.5083696213166894,0.3775186836719513,0.6120770253406855,2.259847,5.3162265,0.5281119,0.41543815,0.5932912,IDP-ESM2-8M,93,278,0.06907343864440918,0.3067445755004883,0.01974225374053107,0.037919461727142334,0.018785802291521714
Q90QF6,2.4444386959075928,5.538819789886475,0.5079361558514415,0.3990944027900696,0.6437412026045226,2.3380446,5.502714,0.53051513,0.4166145,0.5847434,IDP-ESM2-8M,93,278,0.10639405250549316,0.03610563278198242,0.022578978483122736,0.017520099878311157,0.05899782205795279
Q90SM4,1.711442232131958,4.004370212554932,0.5268256109448133,0.4313333034515381,0.5886363100628046,1.8135626,4.3369236,0.54612195,0.4322759,0.5605158,IDP-ESM2-8M,93,278,0.10212039947509766,0.3325533866882324,0.019296343973094432,0.0009425878524780273,0.02812048908273257
Q90VH2,2.5316312313079834,5.529348373413086,0.462269783016232,0.3692858517169952,0.7219761535985514,2.711786,6.356401,0.5245961,0.41478798,0.6129746,IDP-ESM2-8M,93,278,0.18015480041503906,0.8270525932312012,0.06232631206891204,0.04550212621688848,0.10900156949592077
Q912E2,2.358527183532715,5.513632297515869,0.521836279660642,0.397655576467514,0.5835132862187077,2.3797805,5.6519446,0.53128904,0.4123428,0.5753106,IDP-ESM2-8M,93,278,0.021253347396850586,0.13831233978271484,0.009452761381685826,0.014687210321426447,0.008202698335712078
Q912E3,2.624267578125,5.974280834197998,0.4905695481041757,0.398916095495224,0.6305076813851749,2.8035944,6.5506105,0.5143182,0.4007726,0.6191479,IDP-ESM2-8M,93,278,0.17932677268981934,0.5763297080993652,0.023748679663768646,0.0018565058708190918,0.01135978461851228
Q912E6,2.3736684322357178,5.464625358581543,0.4919331006176318,0.375508040189743,0.6358408593876905,2.519411,5.93347,0.52362883,0.40785992,0.593369,IDP-ESM2-8M,93,278,0.14574265480041504,0.4688444137573242,0.03169573029209721,0.032351881265640314,0.042471852277094824
Q914M9,1.501566767692566,3.596609115600586,0.5669527540941869,0.4475937783718109,0.5425485630440285,1.5177205,3.6755419,0.56549776,0.45261386,0.5594371,IDP-ESM2-8M,93,278,0.016153693199157715,0.0789327621459961,0.0014549980898533876,0.005020081996917725,0.01688853307489846
Q917U3,2.6011056900024414,6.125728607177734,0.465905389856962,0.3711982071399688,0.6947535144704717,2.640083,6.0226727,0.47481087,0.38374695,0.69003457,IDP-ESM2-8M,93,278,0.03897738456726074,0.10305595397949219,0.008905478644701204,0.01254874467849737,0.004718946160687798
Q919P6,2.840925931930542,7.079200267791748,0.6566791718885439,0.5193538665771484,0.4969404133091558,2.9600854,7.558602,0.691273,0.54234886,0.42411155,IDP-ESM2-8M,93,278,0.11915946006774902,0.4794015884399414,0.03459380212573837,0.0229949951171875,0.0728288682232488
Q91BD7,2.977334499359131,7.213064670562744,0.5989931237749452,0.4810509085655212,0.5389739975209769,2.8445172,7.1417675,0.6375698,0.49313128,0.46480554,IDP-ESM2-8M,93,278,0.13281726837158203,0.07129716873168945,0.03857666134315785,0.01208037137985235,0.07416845409827788
Q91DT1,1.490201711654663,3.4774718284606934,0.5528427586351523,0.453871876001358,0.548357874727816,1.6031644,3.9451115,0.58105296,0.4564294,0.49753016,IDP-ESM2-8M,93,278,0.11296272277832031,0.467639684677124,0.028210200330149204,0.0025575160980225164,0.050827712393373914
Q91EW9,2.140745162963867,5.088291168212891,0.5816182846042962,0.4889532327651977,0.5646025923294935,2.2961936,5.931807,0.6840158,0.53007984,0.39104906,IDP-ESM2-8M,93,278,0.15544843673706055,0.8435158729553223,0.10239752588535833,0.04112660884857183,0.17355353508423899
Q91EY8,2.3527700901031494,5.24808406829834,0.4530141588348895,0.3794625997543335,0.6982397388292562,2.5814416,5.7831087,0.4643298,0.38385567,0.7327973,IDP-ESM2-8M,93,278,0.22867155075073242,0.5350246429443359,0.011315650115534703,0.004393070936203003,0.03455758582818402
Q91FZ1,1.954678058624268,4.704527378082275,0.5546169390913245,0.4487155973911285,0.5605939218364193,2.0431828,4.906692,0.5479848,0.43011966,0.56880647,IDP-ESM2-8M,93,278,0.08850479125976518,0.2021646499633789,0.006632160210251481,0.018595933914184515,0.008212547604040887
Q91HB7,1.4309669733047483,3.486081123352051,0.5770872172574768,0.4443450272083282,0.513595058601443,1.4621814,3.5513997,0.55747914,0.44212452,0.53682584,IDP-ESM2-8M,93,278,0.03121447563171409,0.06531858444213867,0.019608074114776608,0.002220511436462347,0.02323077710336041
Q91HB9,1.4794366359710691,3.629405498504639,0.5754257320341591,0.4516141414642334,0.5333468495669424,1.4730653,3.5826535,0.5631218,0.4477456,0.5385781,IDP-ESM2-8M,93,278,0.006371378898620383,0.04675197601318404,0.012303936379862268,0.0038685500621795654,0.005231243484967951
Q91HC5,1.4298086166381836,3.4009549617767334,0.5587078702608097,0.4357098340988159,0.5384386826589663,1.4478235,3.5381408,0.559714,0.44503114,0.5346977,IDP-ESM2-8M,93,278,0.018014907836914062,0.13718581199645996,0.0010061490377437643,0.00932130217552185,0.003740971191223408
Q91HC6,1.4273672103881836,3.4857094287872314,0.5709593800259029,0.4571225643157959,0.519751878323428,1.486298,3.6045086,0.5554428,0.4420844,0.5432724,IDP-ESM2-8M,93,278,0.05893075466156006,0.11879920959472656,0.015516569967309102,0.015038162469863892,0.02352049773705789
Q91HD2,1.4018763303756714,3.3643605709075928,0.5455821665542883,0.4297882914543152,0.5448603347392248,1.4197873,3.4376419,0.5533214,0.44018942,0.5368096,IDP-ESM2-8M,93,278,0.01791095733642578,0.07328128814697266,0.007739254592104561,0.010401129722595215,0.008050711497800234
Q91IB8,1.8807306289672847,4.399371147155762,0.5176646912887355,0.4039241075515747,0.5854888822863704,1.8125453,4.3357596,0.5482327,0.42896882,0.5510746,IDP-ESM2-8M,93,278,0.06818532943725542,0.06361150741577148,0.030567983309958358,0.02504470944404602,0.03441425822478594
Q91IC2,1.899337887763977,4.423069000244141,0.5014840221048616,0.3913325071334839,0.5913382795268085,1.9253576,4.579468,0.53659517,0.41938528,0.5622342,IDP-ESM2-8M,93,278,0.026019692420959473,0.15639877319335938,0.035111143624661056,0.02805277705192566,0.029104056637861975
Q91IC3,1.82411539554596,4.393439769744873,0.5450424901435311,0.4246112406253814,0.5384089996490206,1.7778013,4.265688,0.5491845,0.4314355,0.5509014,IDP-ESM2-8M,93,278,0.04631412029266402,0.12775182723999023,0.0041420110275809385,0.006824254989624079,0.012492413314846629
Q91J04,1.4278308153152466,3.197216272354126,0.485413155941182,0.4061138033866882,0.617265000510479,1.5161895,3.6073132,0.5389979,0.42929426,0.5645172,IDP-ESM2-8M,93,278,0.08835864067077637,0.4100968837738037,0.05358473262388147,0.023180454969406183,0.0527478005173454
Q91J05,1.5015236139297483,3.603487491607666,0.5547891347693521,0.4338016211986542,0.5395780584990785,1.5001881,3.594004,0.5488223,0.43488696,0.54727215,IDP-ESM2-8M,93,278,0.0013355016708371803,0.009483575820922852,0.005966851024540087,0.0010853409767150879,0.0076940872490599554
Q91J06,1.5210174322128296,3.618021011352539,0.5475730487167483,0.4529653787612915,0.5568446757640754,1.5203266,3.6290786,0.5446465,0.43337616,0.55176365,IDP-ESM2-8M,93,278,0.0006908178329467773,0.011057615280151367,0.002926547175610583,0.019589215517044067,0.005081022008887381
Q91J12,1.4696661233901978,3.464779853820801,0.5293127842096452,0.4325999021530151,0.5639957495919604,1.5052693,3.6239567,0.545771,0.4314404,0.543304,IDP-ESM2-8M,93,278,0.03560316562652588,0.15917682647705078,0.01645821855982499,0.0011594891548156183,0.020691723465098844
Q91J15,1.4997373819351196,3.502169847488404,0.5356706456246473,0.428698718547821,0.5680148938528266,1.4721949,3.5294616,0.5485494,0.43620872,0.54663867,IDP-ESM2-8M,93,278,0.027542471885681152,0.02729177474975497,0.012878768056382994,0.007510006427764948,0.021376226269360976
Q91KJ0,2.4759409427642822,5.528730392456055,0.4858389930048888,0.396820068359375,0.6632633124169653,2.6753247,6.2725987,0.5091847,0.4029902,0.62656885,IDP-ESM2-8M,93,278,0.19938373565673828,0.743868350982666,0.023345725127130235,0.006170123815536499,0.03669445856183229
Q91N87,2.1258437633514404,4.956357479095459,0.5396702300057187,0.4313276410102844,0.5824420296768451,2.0685732,4.8928494,0.53556675,0.42209047,0.58009714,IDP-ESM2-8M,93,278,0.05727052688598633,0.0635080337524414,0.004103482817150561,0.009237170219421387,0.002344890795161758
Q91PE4,1.4842596054077148,3.524902582168579,0.524894300899303,0.4194786846637726,0.5781094931273242,1.4728689,3.55202,0.5512537,0.43580696,0.5437431,IDP-ESM2-8M,93,278,0.01139068603515625,0.027117490768432617,0.026359375515186745,0.016328275203704834,0.03436641918704708
Q91PF9,1.6877179145812988,4.011973857879639,0.5321082144627154,0.4202072918415069,0.564534806227961,1.7605793,4.2150126,0.5375259,0.4211911,0.56598324,IDP-ESM2-8M,93,278,0.0728614330291748,0.20303869247436523,0.00541767779497504,0.0009838044643402655,0.0014484296080680137
Q91PG3,1.6642751693725586,3.9831597805023193,0.5142629607324231,0.3992822766304016,0.5855933354597936,1.6061003,3.8545113,0.54458714,0.42882085,0.5517847,IDP-ESM2-8M,93,278,0.058174848556518555,0.1286485195159912,0.03032417458251835,0.02953857183456421,0.03380864126499994
Q91PI7,1.5999244451522827,3.715418815612793,0.4931489108426952,0.3909585475921631,0.6233898261203673,1.6702104,4.0006847,0.53718215,0.4210037,0.5638769,IDP-ESM2-8M,93,278,0.07028591632843018,0.2852659225463867,0.044033241428575565,0.030045151710510254,0.05951289922141101
Q91QS1,2.108952760696411,4.785914897918701,0.4944399608724077,0.3860179483890533,0.6144723458591524,1.9675854,4.5647244,0.5049598,0.4007138,0.6180294,IDP-ESM2-8M,93,278,0.14136731624603271,0.2211904525756836,0.010519860828642091,0.014695852994918879,0.003557069748299946
Q91QS3,2.2070586681365967,5.3651204109191895,0.5329603334208921,0.4076468646526336,0.5567486560069808,2.101126,4.9450703,0.5174156,0.40511808,0.5944743,IDP-ESM2-8M,93,278,0.10593271255493164,0.42005014419555664,0.015544750287194598,0.002528786659240667,0.03772565963632979
Q91QU6,2.149642944335937,4.979980945587158,0.523670112047196,0.4154392182826996,0.5778182549763867,1.9976337,4.5728006,0.4842383,0.390014,0.66904765,IDP-ESM2-8M,93,278,0.15200924873352006,0.4071803092956543,0.039431815299988404,0.025425225496292114,0.09122939869869262
Q91QZ4,2.0269596576690674,4.705663681030273,0.4745832677230563,0.3725432455539703,0.6397540398869745,1.9916469,4.642133,0.4993709,0.39433423,0.6263474,IDP-ESM2-8M,93,278,0.035312771797180176,0.06353044509887695,0.024787635053661827,0.021790981292724665,0.013406617287182065
Q91QZ5,2.050182580947876,4.927171230316162,0.5098936570594065,0.3954658806324005,0.5804837659635215,2.0236733,4.7935534,0.5230279,0.40554613,0.5756708,IDP-ESM2-8M,93,278,0.02650928497314453,0.13361787796020508,0.013134239821697036,0.0100802481174469,0.004812987212148179
Q91R07,2.1950836181640625,5.130979061126709,0.5214095618795357,0.414153128862381,0.6196555492616692,2.1332636,5.018758,0.5277838,0.4204355,0.6139529,IDP-ESM2-8M,93,278,0.061820030212402344,0.11222124099731445,0.006374249212841021,0.00628235936164856,0.0057026741243401124
Q91S26,6.816437721252441,16.048179626464844,0.6154423418658873,0.4864402711391449,0.6153166768618439,5.0744925,12.406551,0.64648885,0.503165,0.54968107,IDP-ESM2-8M,93,278,1.7419452667236328,3.6416282653808594,0.031046503482470844,0.016724735498428345,0.06563560939510804
Q91TH0,2.005590438842773,4.666938304901123,0.5151546753728043,0.4005824327468872,0.5991551163705093,2.1121442,5.0099835,0.5313685,0.4153454,0.5786638,IDP-ESM2-8M,93,278,0.10655379295349166,0.3430452346801758,0.016213818661009127,0.014762967824935913,0.020491290381739802
Q91TH1,2.0764501094818115,4.754005432128906,0.5153897557866625,0.4023963809013366,0.5884404107933588,2.1518457,5.112695,0.5331172,0.41335145,0.5638784,IDP-ESM2-8M,93,278,0.07539558410644531,0.3586897850036621,0.017727419315571424,0.010955065488815363,0.024561993778283164
Q91TK2,3.225302696228028,7.671135425567627,0.5670693513192747,0.4454530477523803,0.5632235868462772,3.4465487,8.268175,0.5683954,0.44791666,0.57269615,IDP-ESM2-8M,93,278,0.2212460041046138,0.5970396995544434,0.0013260248861696189,0.0024636089801788885,0.009472562502935489
Q91TN0,2.3844919204711914,5.725210189819336,0.5250197086191121,0.4029875993728637,0.5795765270797134,2.6206303,6.1166096,0.50864,0.39820513,0.61428684,IDP-ESM2-8M,93,278,0.23613834381103516,0.3913993835449219,0.01637971733569532,0.004782468080520574,0.034710312882292205
Q91TN2,3.606498718261719,8.519588470458984,0.493388595066996,0.3779464960098266,0.6568868413345507,3.8196504,9.094683,0.5483951,0.42539185,0.59560883,IDP-ESM2-8M,93,278,0.21315169334411577,0.5750942230224609,0.05500650218871078,0.04744535684585577,0.06127801088258533
Q94MN5,2.1914186477661133,5.511419296264648,0.583197597812788,0.4615620672702789,0.5268057333709539,2.2373679,5.4138064,0.57006323,0.45000705,0.5337959,IDP-ESM2-8M,93,278,0.04594922065734863,0.09761285781860352,0.0131343644372387,0.011555016040801946,0.006990159821337327
Q96677,2.115176200866699,4.915756702423096,0.4957391182855236,0.3899624645709991,0.6270495840134734,2.2170062,4.9194603,0.46066597,0.381317,0.7183559,IDP-ESM2-8M,93,278,0.10183000564575195,0.003703594207763672,0.035073147244797875,0.008645474910736028,0.09130631007527168
Q96799,1.5411829948425293,3.655155658721924,0.5291358534249927,0.4387304782867431,0.5835127353096431,1.63343,3.9336398,0.55415505,0.43847284,0.54203284,IDP-ESM2-8M,93,278,0.09224700927734375,0.2784841060638428,0.02501919828322874,0.00025764107704157047,0.04147989744190628
Q98001,2.586568593978882,5.940981388092041,0.5297970226930061,0.4404025375843048,0.6010615774150959,2.691721,6.3970027,0.5409113,0.4284841,0.5932068,IDP-ESM2-8M,93,278,0.10515236854553223,0.4560213088989258,0.011114294178636963,0.011918425559997559,0.00785475454293405
Q98476,2.6765289306640625,6.429562568664551,0.4781508620158842,0.3589927554130554,0.6519181725024004,3.1868362,7.537733,0.5261127,0.41315734,0.62080085,IDP-ESM2-8M,93,278,0.5103073120117188,1.108170509338379,0.04796181365092489,0.0541645884513855,0.03111731972682663
Q98487,2.380972385406494,5.93532657623291,0.5876804231188356,0.4545639455318451,0.5324803494741346,2.3607464,5.723299,0.57752264,0.45677078,0.5491799,IDP-ESM2-8M,93,278,0.020226001739501953,0.21202754974365234,0.010157787658935713,0.00220683217048645,0.01669956213932977
Q991N9,1.6054048538208008,3.744776964187622,0.5117262683661838,0.4165031909942627,0.5912469374059711,1.4312724,3.4234197,0.5472396,0.4344999,0.5485894,IDP-ESM2-8M,93,278,0.17413246631622314,0.32135725021362305,0.03551333324590722,0.01799669861793518,0.04265752900829656
Q991P5,1.4142065048217771,3.285865545272827,0.508214910264853,0.4204912483692169,0.6054629064953053,1.3150973,3.2406182,0.57792,0.46032435,0.5126258,IDP-ESM2-8M,93,278,0.0991091728210447,0.04524731636047363,0.06970510936176444,0.03983309864997864,0.09283709301111343
Q991P6,1.404189109802246,3.391371488571167,0.5284572497603635,0.4216712117195129,0.5703659106406993,1.2873383,3.1682413,0.5750776,0.4593016,0.518529,IDP-ESM2-8M,93,278,0.1168508529663086,0.2231302261352539,0.04662034356620515,0.037630379199981745,0.051836912742597496
Q991P7,1.402359127998352,3.252006769180298,0.4978307467842849,0.4261381924152374,0.6162557170102788,1.3355414,3.3247774,0.59373206,0.471872,0.48646075,IDP-ESM2-8M,93,278,0.0668177604675293,0.07277059555053711,0.0959013122176377,0.04573380947113037,0.12979497167565357
Q993H4,3.1366231441497803,6.201716899871826,0.3299039595277707,0.3185545206069946,1.0924926430754165,3.5580301,7.891946,0.41203132,0.3518583,0.8493032,IDP-ESM2-8M,93,278,0.42140698432922363,1.6902289390563965,0.08212736318989594,0.0333037674427033,0.24318945713562767
Q993Q8,2.069531440734864,5.047287464141846,0.5755492277923804,0.4575447738170624,0.538532572294481,1.9372699,4.605384,0.5446446,0.43082735,0.56743646,IDP-ESM2-8M,93,278,0.13226151466369718,0.44190359115600586,0.030904633599875497,0.026717424392700195,0.028903884385816814
Q994F3,2.219534158706665,5.337138652801514,0.5133368639272768,0.4091295003890991,0.611348247997497,2.2258193,5.0068655,0.47182786,0.38805774,0.7022816,IDP-ESM2-8M,93,278,0.006285190582275391,0.3302731513977051,0.04150899928036522,0.02107176184654236,0.09093334627893124
Q99CW6,3.989720106124878,9.661019325256348,0.5538531401800437,0.415954977273941,0.5724800548171242,3.63248,8.557041,0.5326124,0.4182413,0.6217562,IDP-ESM2-8M,93,278,0.3572402000427246,1.103978157043457,0.02124075681441262,0.002286314964294489,0.04927614120490953
Q9DSX3,2.1036765575408936,4.704140186309815,0.4311017166862347,0.3707163631916046,0.7286612054060566,2.1726587,4.9388814,0.4623761,0.37503088,0.69197536,IDP-ESM2-8M,93,278,0.06898212432861328,0.2347412109374991,0.03127437121774174,0.004314512014389038,0.03668585025774118
Q9DUB6,3.245934247970581,7.278485298156738,0.4805168231725789,0.4020827114582062,0.6681653969050395,3.1513484,7.2270265,0.47357243,0.38487116,0.71232116,IDP-ESM2-8M,93,278,0.09458589553833008,0.05145883560180664,0.006944390177736348,0.017211556434631348,0.04415576531877641
Q9DUC0,3.1336822509765625,6.720455169677734,0.3982664260395439,0.3332771956920624,0.881654317500952,3.6640928,8.246411,0.43671656,0.36906916,0.80778354,IDP-ESM2-8M,93,278,0.5304105281829834,1.525956153869629,0.03845013050952839,0.03579196333885193,0.07387077343738391
Q9DUC3,2.6080071926116943,5.599854946136475,0.5010537643974005,0.4389950931072235,0.6576291769911529,2.5794845,6.0520573,0.5197891,0.42106742,0.66151685,IDP-ESM2-8M,93,278,0.028522729873657227,0.45220232009887695,0.01873533529589788,0.01792767643928528,0.003887668235134978
Q9DUC6,2.615426540374756,6.174342155456543,0.5170310035718219,0.4226961135864258,0.6206291449489149,2.376614,5.309988,0.45624232,0.3859935,0.75704604,IDP-ESM2-8M,93,278,0.23881244659423828,0.864354133605957,0.06078868065006893,0.03670260310173035,0.1364168989239184
Q9DVW6,2.526439428329468,6.268594741821289,0.6388052123277339,0.5193175673484802,0.5144878600334954,2.7035713,6.9199934,0.69487286,0.5434285,0.41800833,IDP-ESM2-8M,93,278,0.1771318912506099,0.6513986587524414,0.05606764381240281,0.024110913276672363,0.09647953254936459
Q9DW22,3.653111696243286,8.138067245483398,0.4206820814155605,0.3258551955223083,0.8166276371112696,3.7598448,8.602983,0.45614612,0.3682591,0.74315953,IDP-ESM2-8M,93,278,0.10673308372497559,0.4649162292480469,0.03546403960952493,0.042403906583786066,0.07346810456427255
Q9DW68,1.6011124849319458,3.965951442718506,0.582463279763659,0.463755339384079,0.5245896433006679,1.6592655,4.0434732,0.5676305,0.4444298,0.5269706,IDP-ESM2-8M,93,278,0.05815303325653076,0.07752180099487305,0.014832750359972446,0.01932552456855774,0.0023809816230381253
Q9DWD6,4.629940986633301,10.524277687072754,0.4967767337039573,0.3865310251712799,0.6477282500245765,4.26828,9.930199,0.4985001,0.38916874,0.65870184,IDP-ESM2-8M,93,278,0.3616609573364258,0.5940790176391602,0.001723375014914763,0.002637714147567749,0.010973587038259236
Q9DWG9,4.544446468353272,10.499134063720703,0.4718119746667017,0.3710501492023468,0.7605146255358993,4.5927215,10.829596,0.5340249,0.41967678,0.6404358,IDP-ESM2-8M,93,278,0.04827499389648349,0.3304615020751953,0.062212919570816594,0.04862663149833679,0.12007881067841641
Q9DWH1,3.553987741470337,8.22957992553711,0.5329433265970519,0.4227588772773742,0.619217079349584,3.702208,8.738911,0.5337713,0.42514187,0.63448787,IDP-ESM2-8M,93,278,0.14822030067443848,0.5093307495117188,0.0008279498769471205,0.0023829936981201727,0.015270788005762648
Q9DWH9,3.616208553314209,8.012261390686035,0.3705011079466353,0.305389404296875,1.0084032894715935,3.9741578,9.164093,0.47276258,0.38430798,0.72370166,IDP-ESM2-8M,93,278,0.35794925689697266,1.1518316268920898,0.10226147673964397,0.07891857624053955,0.28470163360687795
Q9DYK3,2.1807291507720947,4.970689296722412,0.4915940071886682,0.3878690600395202,0.6464857385442991,2.2737455,5.3476725,0.5283165,0.41651523,0.59323704,IDP-ESM2-8M,93,278,0.09301638603210449,0.3769831657409668,0.03672249061406618,0.028646171092987116,0.05324869611723615
Q9DYK6,2.193166971206665,4.934322357177734,0.4946416023187828,0.401964783668518,0.6386610648488869,2.2765894,5.362964,0.5300706,0.4174867,0.585693,IDP-ESM2-8M,93,278,0.08342242240905762,0.42864179611206055,0.035429000575046554,0.015521913766861017,0.0529680631017555
Q9DYY2,2.256243944168091,5.207077503204346,0.4696994546072779,0.3709967136383056,0.6852911583066494,2.310175,5.4188013,0.52369905,0.4133265,0.6013576,IDP-ESM2-8M,93,278,0.05393099784851074,0.21172380447387695,0.0539995905739965,0.04232978820800787,0.08393357907538723
Q9DZ98,1.616113543510437,4.089858531951904,0.5796712401303513,0.4628013372421264,0.5431717146337608,1.6238639,3.9725316,0.5767604,0.45885757,0.52945554,IDP-ESM2-8M,93,278,0.007750391960144043,0.11732697486877441,0.0029108288678391103,0.003943771123886053,0.013716172069368704
Q9G051,1.833681464195252,4.493597507476807,0.6038211648316565,0.4750145077705383,0.5309793647070902,1.7640638,4.358783,0.59960103,0.4761417,0.52216107,IDP-ESM2-8M,93,278,0.06961762905120894,0.13481473922729492,0.004220134481925042,0.0011271834373474676,0.008818298174955164
Q9G054,2.181901931762696,5.299741744995117,0.6001258077596843,0.467110276222229,0.5333977386575665,2.3745995,5.9702344,0.64016634,0.50433415,0.4796509,IDP-ESM2-8M,93,278,0.19269752502441317,0.6704926490783691,0.0400405344987691,0.037223875522613525,0.05374682398852959
Q9HBF8,2.264566421508789,5.07148027420044,0.5120851674979253,0.4223302602767944,0.6373283360079354,2.257852,5.338375,0.53299564,0.42241675,0.59411705,IDP-ESM2-8M,93,278,0.006714344024658203,0.26689481735229403,0.020910473733611545,8.648633956914731e-05,0.043211290605408514
Q9IF13,2.262802124023437,5.0660481452941895,0.4793020472702015,0.3902946412563324,0.6655150225205253,2.381898,5.5993195,0.52719384,0.41522482,0.5950583,IDP-ESM2-8M,93,278,0.11909580230712935,0.533271312713623,0.04789179704818841,0.024930179119110107,0.07045670056770548
Q9IF25,2.254697561264038,5.323593616485596,0.5199091041546157,0.4151841104030609,0.6036367498628604,2.2250783,5.234473,0.52911997,0.41749212,0.5886683,IDP-ESM2-8M,93,278,0.029619216918945312,0.08912038803100586,0.009210864259690976,0.0023080110549926758,0.0149684630624759
Q9IGT7,3.5380845069885254,8.011676788330078,0.5005317573395284,0.3813453912734985,0.6498430352770856,3.6688151,8.700889,0.5417601,0.4189158,0.59033287,IDP-ESM2-8M,93,278,0.13073062896728516,0.6892118453979492,0.04122832967371626,0.0375704169273377,0.05951016956205879
Q9IMR4,2.0153229236602783,4.610864639282227,0.5371550002311029,0.4489640295505523,0.5895972230505343,1.8674462,4.4808426,0.5592301,0.444395,0.56482124,IDP-ESM2-8M,93,278,0.14787673950195312,0.1300220489501953,0.022075088956519218,0.0045690238475799005,0.02477597976440149
Q9IMY1,1.4453210830688477,3.486630916595459,0.5590962442120135,0.440591961145401,0.5327863147347116,1.4673629,3.5502648,0.55481994,0.43982637,0.53399575,IDP-ESM2-8M,93,278,0.022041797637939453,0.06363391876220703,0.00427630269132262,0.0007655918598175049,0.0012094328315115366
Q9INB5,1.582047939300537,3.801606416702272,0.5482937667736586,0.4394698739051819,0.569563630751401,1.4822855,3.5400257,0.5413577,0.432709,0.56572396,IDP-ESM2-8M,93,278,0.0997624397277832,0.2615807056427015,0.006936070717292631,0.0067608654499053955,0.0038396751201449364
Q9IUC3,3.2503368854522705,7.261940956115723,0.4996196297523541,0.3992744088172912,0.7008114813127146,3.207227,7.576742,0.5260789,0.4109035,0.63077164,IDP-ESM2-8M,93,278,0.043109893798828125,0.3148012161254883,0.026459250080867358,0.011629104614257868,0.07003984434982402
Q9IUD3,3.065659523010254,6.964694976806641,0.4533316601152994,0.3542799353599548,0.788541767466009,3.0482035,7.1192546,0.50907433,0.404393,0.66647905,IDP-ESM2-8M,93,278,0.0174560546875,0.15455961227416992,0.05574267021459561,0.05011305212974554,0.12206271635288035
Q9IWB2,2.5686028003692627,6.046530723571777,0.4972082223842847,0.3911418616771698,0.6281171000135656,2.4686308,5.7792935,0.5115565,0.4012196,0.6153198,IDP-ESM2-8M,93,278,0.09997200965881348,0.26723718643188477,0.014348283772636694,0.010077744722366333,0.012797311557602442
Q9J050,2.471503257751465,5.735693454742432,0.4973765235893549,0.3916654288768768,0.629746641343884,2.6311464,6.175037,0.51543885,0.40160316,0.6058176,IDP-ESM2-8M,93,278,0.15964317321777344,0.4393434524536133,0.018062331105011542,0.009937733411788996,0.023929025358013667
Q9J1C9,1.9908874034881592,4.783167839050293,0.5601336499273625,0.4522044062614441,0.5692078692096479,2.1307106,5.0877533,0.55542064,0.43673337,0.5640245,IDP-ESM2-8M,93,278,0.13982319831848145,0.30458545684814453,0.004713012796625171,0.015471041202545166,0.005183361210227777
Q9J2I4,2.5893707275390625,6.184803485870361,0.563873991849523,0.4413600564002991,0.558473307971695,2.5810137,6.136403,0.54447603,0.42558864,0.58515,IDP-ESM2-8M,93,278,0.008357048034667969,0.0484004020690918,0.019397959592442948,0.015771418809890747,0.026676695461532507
Q9J3S0,1.5079927444458008,3.671056270599365,0.5216503942185251,0.4184331595897674,0.5817059923906501,1.6215639,3.862041,0.54011315,0.42539188,0.5493383,IDP-ESM2-8M,93,278,0.1135711669921875,0.19098472595214888,0.018462756854930706,0.00695872306823736,0.03236771123601756
Q9J4U3,3.026488304138184,6.922140121459961,0.4823205365280585,0.3776816427707672,0.6799544108671984,3.3111916,7.6547427,0.49887252,0.3976128,0.6709097,IDP-ESM2-8M,93,278,0.2847032546997066,0.732602596282959,0.016551982011370203,0.019931167364120483,0.009044708089335884
Q9J870,3.1007208824157715,7.938847541809082,0.6500983528238298,0.5067172050476074,0.5044136790347337,3.2377458,8.234336,0.6982046,0.5403684,0.407227,IDP-ESM2-8M,93,278,0.1370248794555664,0.2954883575439453,0.048106224145316956,0.03365117311477661,0.09718666949989785
Q9JG27,1.4760866165161133,3.591573476791382,0.5578879206003294,0.4379743337631225,0.5360399451780083,1.5557218,3.717027,0.5411212,0.4288733,0.556653,IDP-ESM2-8M,93,278,0.0796351432800293,0.12545347213745117,0.016766735774432218,0.009101033210754339,0.020613077588104933
Q9JG66,2.8033759593963623,6.146939754486084,0.4265328815996519,0.3936993479728699,0.8084472795426774,2.8502684,6.344462,0.43318215,0.3668399,0.80012333,IDP-ESM2-8M,93,278,0.046892404556274414,0.19752216339111328,0.006649268525851626,0.02685946226119995,0.008323945611708128
Q9JGA4,2.281801223754883,5.565869331359863,0.5932358575299329,0.4726116061210632,0.5111962924638309,2.2597678,5.485726,0.5844027,0.4559455,0.50291127,IDP-ESM2-8M,93,278,0.0220334529876709,0.08014345169067383,0.008833177132899217,0.016666114330291693,0.00828502279906651
Q9JGA7,2.1695995330810547,5.153400897979736,0.5562275569886074,0.4302217960357666,0.5482589394353921,2.217921,5.3355064,0.5595173,0.43631315,0.5421531,IDP-ESM2-8M,93,278,0.04832148551940918,0.18210554122924805,0.0032897669821873032,0.00609135627746582,0.006105819394498502
Q9JGB0,2.249352216720581,5.325419902801514,0.5738218768434691,0.4562984406948089,0.5365267333173339,2.0378766,4.9398518,0.56460696,0.4387503,0.5402389,IDP-ESM2-8M,93,278,0.21147561073303223,0.38556814193725586,0.009214912255303798,0.017548143863677923,0.00371218355659797
Q9JGB2,2.186596393585205,5.110601902008057,0.5479458972302512,0.429350197315216,0.5673634705073287,2.1461446,5.158479,0.5544243,0.4330994,0.5508846,IDP-ESM2-8M,93,278,0.040451765060424805,0.04787731170654297,0.006478388658420653,0.003749191761016901,0.016478866053288188
Q9JGB3,2.185464859008789,5.200220108032227,0.5617176938564323,0.4421248733997345,0.5420231136393421,2.1450152,5.17776,0.5606278,0.43672743,0.54303217,IDP-ESM2-8M,93,278,0.04044961929321289,0.022459983825683594,0.0010898757488273514,0.005397439002990723,0.0010090557026989355
Q9JGS4,1.837574481964112,4.3795366287231445,0.5323678455822197,0.4196849465370178,0.5641443549440245,1.8237293,4.3109655,0.5239312,0.4110281,0.5802694,IDP-ESM2-8M,93,278,0.013845205307007502,0.06857109069824219,0.008436640309545163,0.008656859397888184,0.016125041361059744
Q9JGT0,1.8453136682510376,4.313457012176514,0.5216707049565642,0.4067186415195465,0.5856361974907487,1.8562616,4.4298115,0.53428924,0.42096555,0.57318944,IDP-ESM2-8M,93,278,0.010947942733764648,0.11635446548461914,0.012618535880532966,0.014246910810470581,0.01244676010137491
Q9JGT3,1.8291200399398804,4.283942699432373,0.5260019177718986,0.4098417162895202,0.5726121474994231,1.8258936,4.3372297,0.53096026,0.41666967,0.5705441,IDP-ESM2-8M,93,278,0.0032263994216918945,0.05328702926635742,0.0049583440498481846,0.006827950477600153,0.0020680238498259618
Q9KX95,2.074213743209839,5.095034122467041,0.5514575349731659,0.4227651953697204,0.5521603204406982,2.10378,5.033121,0.54688853,0.42923808,0.5715257,IDP-ESM2-8M,93,278,0.029566287994384766,0.06191301345825195,0.004569004718801839,0.006472885608673151,0.01936537249906012
Q9MBM5,1.7829678058624268,4.479499340057373,0.6254315273077452,0.5006691217422485,0.5115926876244027,1.886756,4.7156067,0.6261957,0.5010893,0.50428987,IDP-ESM2-8M,93,278,0.10378813743591309,0.23610734939575195,0.000764201471093906,0.0004201531410217285,0.007302822130628273
Q9PX71,2.5975682735443115,6.4868340492248535,0.5549496312090662,0.4114205837249756,0.569213786828555,2.7452562,6.5339937,0.5509962,0.43860698,0.6007875,IDP-ESM2-8M,93,278,0.1476879119873047,0.047159671783447266,0.0039534468600060935,0.02718639373779297,0.031573733580075425
Q9PYU9,2.542886734008789,6.091681957244873,0.6160128427244694,0.4911843240261078,0.534944817441723,2.6597388,6.728075,0.67635113,0.5311568,0.42134568,IDP-ESM2-8M,93,278,0.1168520450592041,0.6363930702209473,0.060338287284228076,0.0399724543094635,0.11359913648965081
Q9Q0D0,2.2579894065856934,5.292762279510498,0.5157800557067495,0.4048793911933899,0.6036908549002423,2.3287733,5.47649,0.52897173,0.41876522,0.59838104,IDP-ESM2-8M,93,278,0.07078385353088379,0.18372774124145508,0.013191675956000792,0.013885825872421265,0.005309812419773574
Q9Q0D1,2.342282772064209,5.711767673492432,0.5484793335510314,0.4294732809066772,0.5613428589937517,2.3532052,5.608023,0.5480651,0.42910466,0.5621555,IDP-ESM2-8M,93,278,0.010922431945800781,0.1037445068359375,0.0004142076088011759,0.0003686249256133478,0.00081262615944655
Q9Q5K3,2.014817237854004,4.659890174865723,0.4749373774652287,0.369151771068573,0.6403612063034959,1.8728656,4.375168,0.5067878,0.39904514,0.60638875,IDP-ESM2-8M,93,278,0.14195168018341064,0.28472232818603516,0.0318503994817928,0.02989336848258972,0.03397245861138776
Q9Q5K9,8.01645278930664,18.170175552368164,0.5413950204937015,0.4325032830238342,0.6062376228113248,4.758502,11.239431,0.5438109,0.42347807,0.6130099,IDP-ESM2-8M,93,278,3.257950782775879,6.930744171142578,0.002415883532330021,0.009025216102600042,0.006772306845657661
Q9Q9G2,2.1771631240844727,5.199876308441162,0.5403447747272567,0.4160575568675995,0.5677893954642423,1.9825981,4.7528462,0.5460108,0.42700177,0.5542716,IDP-ESM2-8M,93,278,0.1945650577545166,0.44703006744384766,0.005666017528144884,0.010944217443466187,0.013517816675485017
Q9QAM5,2.010489225387573,4.696798801422119,0.5434137240862789,0.4335242509841919,0.566059860707018,1.9577534,4.7091656,0.55953676,0.43896297,0.52996874,IDP-ESM2-8M,93,278,0.052735805511474165,0.012366771697998047,0.016123030998712595,0.005438715219497681,0.03609112215110977
Q9QAN0,2.0066559314727783,4.84959888458252,0.553732626584748,0.4187650978565216,0.5477009962096526,2.0877705,4.965728,0.5432497,0.4293676,0.55908614,IDP-ESM2-8M,93,278,0.08111453056335449,0.11612892150878817,0.010482900289276786,0.010602504014968872,0.011385147760836878
Q9QAN3,2.7910168170928955,7.002756118774414,0.6017217067016004,0.4577145278453827,0.5124108004411704,2.567473,6.237056,0.5927203,0.4606784,0.503689,IDP-ESM2-8M,93,278,0.22354388236999512,0.7657003402709961,0.009001376940095285,0.0029638707637786865,0.008721809371376676
Q9QAN7,2.4848380088806152,6.113774299621582,0.5902768540482313,0.4649828374385834,0.5127447055998111,2.3617373,5.7555656,0.60024923,0.46602985,0.48173678,IDP-ESM2-8M,93,278,0.12310075759887695,0.35820865631103516,0.009972376813432549,0.0010470151901245117,0.031007926386859452
Q9QCK1,1.7041608095169067,3.873772382736206,0.4634740985241098,0.3656983077526092,0.656197039809361,1.6166389,3.6675315,0.49164551,0.4001038,0.6417005,IDP-ESM2-8M,93,278,0.08752191066741943,0.20624089241027832,0.02817141644094756,0.03440549969673162,0.0144965335990338
Q9QEJ2,3.2139508724212646,7.425721645355225,0.5465408664637621,0.4317298233509063,0.5921761107264565,2.9000823,6.7993765,0.54027903,0.42707488,0.5983825,IDP-ESM2-8M,93,278,0.31386852264404297,0.626345157623291,0.006261835663896376,0.004654943943023626,0.0062063622654868755
Q9QGE5,1.828621506690979,4.25688362121582,0.4686851663256556,0.3776154220104217,0.6667923992277179,2.009828,4.7219906,0.52302593,0.41589907,0.5946513,IDP-ESM2-8M,93,278,0.1812065839767456,0.4651069641113281,0.05434076360217033,0.038283646106720026,0.07214111739406925
Q9T127,1.5221561193466189,3.673488140106201,0.5302120817580626,0.4199313223361969,0.5651023879321737,1.6452543,3.9191294,0.53601307,0.4229862,0.56317616,IDP-ESM2-8M,93,278,0.12309813499450661,0.24564123153686523,0.005800985010583681,0.003054887056350708,0.0019262328418416796
Q9WIE5,1.7322287559509275,4.203291416168213,0.5750828757009979,0.4376606345176697,0.5357716403257735,1.7240362,4.2004523,0.56820077,0.4478541,0.54479355,IDP-ESM2-8M,93,278,0.008192539215087669,0.0028390884399414062,0.006882108660745234,0.010193467140197754,0.009021905874025071
Q9WMX5,1.479040265083313,3.608541965484619,0.5589499807417716,0.4443309307098388,0.5453590265171918,1.530089,3.6929784,0.55563897,0.4395532,0.5504451,IDP-ESM2-8M,93,278,0.05104875564575195,0.08443641662597656,0.003311011797222041,0.004777729511260931,0.005086053286274983
Q9WS24,1.7707046270370483,4.157768726348877,0.5417389195126291,0.4382513463497162,0.583939529371048,1.6324198,3.9028018,0.54258233,0.4300055,0.57046086,IDP-ESM2-8M,93,278,0.1382848024368286,0.25496697425842285,0.0008434135752920513,0.008245855569839478,0.013478673410202036
Q9WS26,1.738070368766785,4.145135879516602,0.5471701243182353,0.442179799079895,0.5638287914475624,1.7470047,4.1906667,0.54619116,0.4310624,0.55888575,IDP-ESM2-8M,93,278,0.00893437862396218,0.04553079605102539,0.0009789684077433636,0.011117398738861084,0.004943038292807733
Q9WS27,1.699068546295166,4.104615688323975,0.5562009867842289,0.4354717135429382,0.5370344829210341,1.7684047,4.2386937,0.5366323,0.41949034,0.56799906,IDP-ESM2-8M,93,278,0.0693361759185791,0.1340780258178711,0.01956868736101114,0.015981376171112005,0.0309645820012987
Q9WSW3,1.9721887111663816,4.61280632019043,0.5319726867487525,0.416441947221756,0.5814397842709021,1.8738463,4.492178,0.54873276,0.4331649,0.56283617,IDP-ESM2-8M,93,278,0.09834241867065407,0.12062835693359375,0.016760070819606843,0.016722947359085083,0.018603614074368946
Q9YM30,1.6517850160598757,4.112072467803955,0.5781416809784035,0.4544959664344787,0.5389455341873101,1.5650958,3.7871225,0.57086986,0.45495164,0.5394675,IDP-ESM2-8M,93,278,0.08668923377990745,0.3249499797821045,0.007271817945108783,0.00045567750930791684,0.0005219793739387191
Q9YM71,1.5803712606430054,3.876248836517334,0.5632577803567007,0.4338760673999786,0.5372365526053515,1.5696222,3.75852,0.5497834,0.43761182,0.5594495,IDP-ESM2-8M,93,278,0.010749101638793945,0.11772894859313965,0.013474371714885525,0.0037357509136200506,0.022212941279688758
Q9YMA2,1.575654149055481,3.819833993911743,0.5399339435545967,0.4174912273883819,0.5704617678551523,1.5558343,3.703249,0.54322624,0.432464,0.56374276,IDP-ESM2-8M,93,278,0.01981985569000244,0.11658501625061035,0.003292298510833014,0.014972776174545344,0.006719011011585452
Q9YMA3,1.5980768203735352,3.8468925952911377,0.5537956861124224,0.4246951639652252,0.5570607281571294,1.5361276,3.6798894,0.5531086,0.4417153,0.5559241,IDP-ESM2-8M,93,278,0.06194925308227539,0.16700315475463867,0.0006871131525224561,0.01702013611793518,0.0011366105919743408
Q9YMA4,1.5942798852920532,4.0362982749938965,0.5727314503103924,0.4404690563678741,0.5275172520815501,1.524337,3.6662862,0.5585033,0.4447131,0.54994786,IDP-ESM2-8M,93,278,0.06994283199310303,0.3700120449066162,0.014228120556516677,0.004244029521942194,0.022430605775200396
Q9YMM6,3.4519689083099365,8.671731948852539,0.643714469712565,0.5105518102645874,0.4793274814808922,3.3868387,8.449006,0.66078913,0.511541,0.42846984,IDP-ESM2-8M,93,278,0.06513023376464844,0.22272586822509766,0.017074662405660135,0.0009891986846923828,0.05085764476900867
Q9YMQ8,1.9262830018997192,4.551499366760254,0.5268995546165445,0.4030650854110718,0.5954611001293257,2.0090387,4.777254,0.5399655,0.43315965,0.58714217,IDP-ESM2-8M,93,278,0.0827556848526001,0.2257547378540039,0.013065955751802694,0.030094563961029053,0.008318930653770318
Q9YNX5,1.807967185974121,4.340127944946289,0.5441058154813202,0.41974937915802,0.5551287494549475,1.6961353,4.061394,0.5477452,0.43408662,0.5566327,IDP-ESM2-8M,93,278,0.1118319034576416,0.2787337303161621,0.0036394123324005045,0.014337241649627686,0.001503948127297372
Q9YNX6,1.892056584358216,4.449362277984619,0.5358166986131166,0.4147041440010071,0.589998658758134,1.7744434,4.2260256,0.5506593,0.4379359,0.5715634,IDP-ESM2-8M,93,278,0.1176131963729865,0.22333669662475586,0.014842600283672902,0.02323174476623535,0.01843523607823283
Q9YNX8,1.7939752340316772,4.330946445465088,0.5524801827880144,0.4332164824008941,0.5584484131112127,1.6631246,3.9908066,0.5509375,0.4364019,0.56023896,IDP-ESM2-8M,93,278,0.1308506727218628,0.34013986587524414,0.0015427090140580635,0.003185421228408869,0.001790544293877594
Q9YPA9,4.512254238128662,6.875372886657715,0.2000000000000037,0.249333769083023,2.280689628099509,4.065556,9.514416,0.5172335,0.40018985,0.6328766,IDP-ESM2-8M,93,278,0.4466981887817383,2.639042854309082,0.31723349094390496,0.1508560776710511,1.6478130531063755
Q9YPD8,1.5398569107055664,3.961629867553711,0.6170600558389637,0.4823064804077148,0.477493736780907,1.6565521,4.014138,0.56238306,0.44532192,0.531916,IDP-ESM2-8M,93,278,0.11669516563415527,0.05250835418701172,0.054677000152013044,0.036984562873840277,0.05442228551981321
Q9YPG8,1.606947898864746,3.847220659255981,0.5293073359869714,0.4286176562309265,0.5552595813958029,1.6368147,3.892204,0.53416765,0.4162652,0.55487895,IDP-ESM2-8M,93,278,0.029866814613342285,0.04498338699340865,0.004860311374783932,0.012352466583251953,0.00038063127678433784
Q9YR10,1.4435824155807495,3.5656237602233887,0.5726790233214882,0.4536713361740112,0.5235526360581871,1.3160169,3.1452465,0.5486051,0.4407325,0.5458694,IDP-ESM2-8M,93,278,0.12756550312042236,0.420377254486084,0.024073938902237746,0.012938827276229803,0.022316773979807247
Q9ZWY9,2.317267179489136,5.414470195770264,0.5877510662365408,0.4799017310142517,0.5563600147903522,2.2232714,5.3468513,0.56916165,0.45936313,0.57671726,IDP-ESM2-8M,93,278,0.09399580955505416,0.06761884689331055,0.018589412717864073,0.02053859829902649,0.020357242709342582
