protein_name,rg_true,ree_true,nu_true,delta_true,a0_true,rg_pred,ree_pred,nu_pred,delta_pred,a0_pred,model,seed,temperature_K,rg_abs_error,ree_abs_error,nu_abs_error,delta_abs_error,a0_abs_error
A0A060BGV2,1.88457989692688,4.783968448638916,0.6637235900168693,0.5699297189712524,0.5169885373091901,2.5559473,7.0108056,0.70863074,0.55236995,0.42084312,IDP-ESM2-8M,42,300,0.6713674068450926,2.226837158203125,0.044907150625678294,0.01755976676940918,0.0961454129195417
A0A068LKJ5,3.174982070922852,7.870410919189453,0.646384059615941,0.5151925086975098,0.5020335923683406,3.2046013,8.193879,0.67361724,0.51669836,0.4069665,IDP-ESM2-8M,42,300,0.02961921691894487,0.3234682083129883,0.027233184150843637,0.0015058517456054688,0.09506708493349558
A0A068QKP9,3.75691294670105,9.511432647705078,0.6556417488957518,0.51886385679245,0.5366038874102461,4.370668,10.87587,0.69760406,0.5436525,0.50282806,IDP-ESM2-8M,42,300,0.6137549877166748,1.3644371032714844,0.04196231127728289,0.024788618087768555,0.03377582582958816
A0A075FGF0,3.2292871475219727,6.906487941741943,0.2939447518985167,0.2798416912555694,1.2557394007923235,3.384572,7.4479065,0.41420922,0.3537109,0.85075676,IDP-ESM2-8M,42,300,0.15528488159179688,0.5414185523986816,0.12026446493459791,0.07386919856071478,0.4049826363803972
A0A088MZV7,1.766292691230774,3.489697217941284,0.2953283722677358,0.2993552386760711,1.0309134575478438,2.0060458,4.554577,0.46308482,0.38101152,0.696267,IDP-ESM2-8M,42,300,0.2397531270980835,1.0648796558380127,0.16775644466494244,0.08165627717971807,0.3346464487664107
A0A088N936,1.790297508239746,3.541470050811768,0.3129720568876539,0.3082518875598907,0.9898729243700586,2.0230722,4.6252394,0.4707641,0.385487,0.68327576,IDP-ESM2-8M,42,300,0.2327747344970703,1.08376932144165,0.15779204366395133,0.07723510265350347,0.3065971651499353
A0A0A0RNI5,1.808564186096192,4.595004081726074,0.6146793776943758,0.4743041098117828,0.5076801489947838,1.6356561,4.1170874,0.60119426,0.4857922,0.5359777,IDP-ESM2-8M,42,300,0.17290806770324774,0.4779167175292969,0.013485115189798114,0.011488080024719294,0.02829757221951068
A0A0A0UYW6,1.495434284210205,3.6392879486083984,0.5759369609484521,0.4620143175125122,0.5389246484731545,1.5367169,3.7904205,0.57634974,0.46238604,0.53342515,IDP-ESM2-8M,42,300,0.04128265380859375,0.15113258361816406,0.0004127743115576177,0.00037172436714172363,0.005499496171366136
A0A0A7KTD7,3.260527849197388,8.069311141967773,0.6388082238019988,0.5061585903167725,0.5017077149946827,3.1518292,8.108488,0.68607247,0.52508545,0.3921284,IDP-ESM2-8M,42,300,0.10869860649108931,0.03917694091796875,0.04726424495563064,0.01892685890197754,0.10957930703951302
A0A0B4VGH4,3.48891019821167,8.370840072631836,0.6400768200952909,0.5224869251251221,0.5509365437610093,4.105848,10.423063,0.68270814,0.5219265,0.45469898,IDP-ESM2-8M,42,300,0.6169376373291016,2.0522232055664062,0.04263132409263637,0.0005604028701782227,0.09623756390642557
A0A0B4ZUM6,3.4599733352661133,8.848408699035645,0.6529382359218595,0.5113552212715149,0.4952679284826378,3.6236854,9.214195,0.67599905,0.5183373,0.41015103,IDP-ESM2-8M,42,300,0.1637120246887207,0.3657865524291992,0.023060809450149766,0.006982088088989258,0.08511689388905563
A0A0B5JAX3,3.5776734352111816,8.549138069152832,0.3236359277446325,0.301223874092102,1.2303063942268524,3.8589969,8.4538555,0.39295858,0.35300067,0.97070557,IDP-ESM2-8M,42,300,0.2813234329223633,0.09528255462646484,0.0693226537029688,0.05177679657936102,0.2596008254364166
A0A0C5B347,2.5699384212493896,6.253715991973877,0.6380514650924527,0.5123734474182129,0.5139422359039368,2.3932815,6.244485,0.6839953,0.53573465,0.40462098,IDP-ESM2-8M,42,300,0.17665696144104004,0.009231090545654297,0.04594384139939911,0.0233612060546875,0.10932126064797065
A0A0C7TJV6,3.3867015838623047,6.754936695098877,0.3016642147783822,0.3113904297351837,1.2704837439029728,3.4040565,7.482602,0.41110712,0.35210353,0.8586985,IDP-ESM2-8M,42,300,0.017354965209960938,0.7276654243469238,0.10944290811971963,0.040713101625442505,0.4117852566211735
A0A0C7TQD0,3.276045083999634,6.60582971572876,0.2780923457557773,0.2943738102912903,1.359452632395447,3.3465624,7.351451,0.410913,0.35176697,0.8562032,IDP-ESM2-8M,42,300,0.07051730155944824,0.7456212043762207,0.13282064481429107,0.057393163442611694,0.5032494339625246
A0A0C7TTX4,3.220396041870117,6.453007221221924,0.273153514959335,0.2747081518173218,1.3686483745368132,3.3853207,7.436016,0.4100005,0.35140496,0.8611337,IDP-ESM2-8M,42,300,0.16492462158203125,0.983008861541748,0.13684698810386692,0.07669681310653687,0.5075146798880705
A0A0C7TY93,3.2208447456359863,6.709940433502197,0.2923930489168767,0.2716579437255859,1.2622086585371557,3.388731,7.4450417,0.40915394,0.35045356,0.86093795,IDP-ESM2-8M,42,300,0.16788625717163086,0.7351012229919434,0.11676088937658036,0.07879561185836798,0.4012707055418554
A0A0E3FC10,2.0308663845062256,4.577212333679199,0.451612748560364,0.3519029915332794,0.6904867538019368,1.9412197,4.4501185,0.45859298,0.3680812,0.67439973,IDP-ESM2-8M,42,300,0.08964669704437256,0.12709379196166992,0.006980232539718412,0.016178220510482788,0.016087020258540807
A0A0E3FG91,2.009768009185791,4.867712020874023,0.574588471728325,0.4396128952503204,0.5442894960103152,1.9972346,4.823392,0.55121154,0.4536573,0.5988485,IDP-ESM2-8M,42,300,0.012533426284790039,0.044320106506347656,0.0233769357976914,0.014044404029846247,0.05455902569912696
A0A0E3GI14,3.848713636398315,9.36439609527588,0.6299717252970619,0.5020290613174438,0.5100288333663151,3.6881695,9.167345,0.62889415,0.485526,0.48295516,IDP-ESM2-8M,42,300,0.1605441570281978,0.19705104827881037,0.0010775750399513173,0.016503065824508667,0.027073675609509684
A0A0E3HAY2,2.07887601852417,5.010744094848633,0.5917008014753622,0.4713733196258545,0.5336207007009851,2.005408,4.8617945,0.5551899,0.45850417,0.59888154,IDP-ESM2-8M,42,300,0.07346796989440918,0.14894962310791016,0.036510893924550425,0.012869149446487427,0.0652608419816626
A0A0E3HBF5,2.018360614776612,5.111535549163818,0.6372761345849475,0.506920576095581,0.4899642355375736,1.8935082,4.7320337,0.5961636,0.4808544,0.5316432,IDP-ESM2-8M,42,300,0.12485241889953702,0.3795018196105957,0.04111256370405758,0.026066184043884277,0.04167897630400963
A0A0E3IAD2,1.9712594747543333,4.945058822631836,0.6095898898301458,0.478620707988739,0.5201150259746598,1.8553392,4.5928884,0.58515394,0.47206473,0.54182255,IDP-ESM2-8M,42,300,0.11592030525207497,0.352170467376709,0.024435952490363122,0.00655597448348999,0.021707526706309488
A0A0E3Z619,4.670095443725586,11.480583190917969,0.6380305597249009,0.5036059617996216,0.5444692158379312,4.2304697,10.357956,0.65213525,0.5111691,0.5046044,IDP-ESM2-8M,42,300,0.43962574005126953,1.1226272583007812,0.014104693227674825,0.007563114166259766,0.039864816633677025
A0A0F6YQQ5,2.517040967941284,6.423089504241943,0.6120009217675513,0.4714344143867492,0.5255708515538976,2.6360743,6.661285,0.6285947,0.4918225,0.49574667,IDP-ESM2-8M,42,300,0.1190333366394043,0.23819541931152344,0.016593774754207757,0.020388096570968683,0.0298241794004247
A0A0F7L2H1,2.162305355072021,5.232296943664551,0.5557732259552868,0.436930388212204,0.535355887781947,2.0298505,5.117156,0.6123625,0.48656967,0.47611493,IDP-ESM2-8M,42,300,0.1324548721313472,0.11514091491699219,0.05658927805014535,0.04963928461074829,0.05924095905956539
A0A0F7L948,2.9958863258361816,7.426418304443359,0.619617387295334,0.475693017244339,0.5163417380566181,2.8465295,7.168416,0.6332073,0.49110958,0.4800346,IDP-ESM2-8M,42,300,0.14935684204101562,0.25800228118896484,0.013589933871658189,0.015416562557220459,0.03630714828916204
A0A0H4SM67,2.0668632984161377,4.530250072479248,0.3339589855576423,0.283951848745346,0.958947510861081,2.1543097,4.665053,0.412574,0.35705137,0.79066426,IDP-ESM2-8M,42,300,0.08744645118713379,0.13480281829833984,0.07861500764838186,0.07309952378273016,0.16828325524203191
A0A0H4XWL8,4.438602447509766,10.382366180419922,0.5090604955771096,0.4118980765342712,0.6567054709385685,3.692244,8.614126,0.5290726,0.41266602,0.61905754,IDP-ESM2-8M,42,300,0.7463583946228027,1.768239974975586,0.020012087144600565,0.0007679462432861883,0.03764793481338535
A0A0K0KVV5,1.9006060361862185,4.815680503845215,0.631524921627172,0.4978093206882477,0.5092160814132215,1.8700509,4.7618103,0.6327584,0.50838953,0.48843694,IDP-ESM2-8M,42,300,0.030555129051208718,0.053870201110839844,0.0012334573553719475,0.010580211877822876,0.02077914408106818
A0A0K0UUV8,1.523177146911621,3.6537539958953857,0.5861859868552206,0.4824356138706207,0.5341546640303693,1.4965001,3.6729062,0.58288777,0.46903488,0.531291,IDP-ESM2-8M,42,300,0.02667701244354248,0.019152164459228516,0.0032982181097982455,0.013400733470916748,0.002863656034763795
A0A0M4RBN9,1.818701148033142,3.895379066467285,0.3508793889733008,0.3483893871307373,0.8956834805589985,2.0192103,4.4188333,0.42357036,0.36402318,0.7933683,IDP-ESM2-8M,42,300,0.2005091905593872,0.5234541893005371,0.07269097574036804,0.01563379168510437,0.10231520062506905
A0A0N9R406,2.696209669113159,6.771824836730957,0.6086017982441145,0.4804244339466095,0.5525526365743476,2.6225667,6.6209173,0.6310959,0.5079355,0.5193424,IDP-ESM2-8M,42,300,0.07364296913146973,0.1509075164794922,0.022494087986354216,0.02751109004020691,0.03321021408899605
A0A0R7EYS2,2.7538416385650635,6.805793285369873,0.6425747284314259,0.5125935673713684,0.5255942698183818,2.7246926,7.046512,0.68168557,0.5314029,0.42811656,IDP-ESM2-8M,42,300,0.02914905548095703,0.24071884155273438,0.03911083847073471,0.01880931854248047,0.09747770983608195
A0A0S0BY46,3.017258882522583,5.034976482391357,0.2,0.251433789730072,1.7115984201235663,3.8778806,8.431671,0.3813118,0.33586973,0.9453989,IDP-ESM2-8M,42,300,0.8606216907501221,3.3966946601867676,0.1813118040561676,0.08443593978881836,0.766199493388642
A0A0U3U0D7,3.423137187957764,6.9512715339660645,0.3075397566941246,0.3148255050182342,1.2533319941377692,3.4414048,7.5842113,0.4148805,0.35371557,0.851711,IDP-ESM2-8M,42,300,0.018267631530761275,0.6329398155212402,0.10734075745077287,0.03889006376266485,0.4016210189676337
A0A0X9FL12,2.478715658187866,6.025212287902832,0.6223316461096604,0.5008790493011475,0.5269903815118354,2.2311006,5.776103,0.6517267,0.5066112,0.4380147,IDP-ESM2-8M,42,300,0.24761509895324707,0.24910926818847656,0.02939507660762475,0.005732178688049316,0.08897569540419992
A0A127KLB1,2.0869903564453125,5.18979549407959,0.6041091262028391,0.4733308851718902,0.5158905230893523,2.007548,5.006358,0.59803367,0.47958845,0.52845764,IDP-ESM2-8M,42,300,0.07944226264953613,0.18343734741210938,0.006075459592121302,0.006257563829422053,0.012567118512210151
A0A127KLJ5,1.9271016120910645,4.118778228759766,0.4013062399005576,0.3520766198635101,0.7710947200537659,2.036407,4.7184153,0.48288763,0.3861203,0.6408298,IDP-ESM2-8M,42,300,0.10930538177490234,0.5996370315551758,0.08158138579371732,0.034043669700622614,0.13026491849431765
A0A140F9E7,2.7674055099487305,6.620248794555664,0.518859846001037,0.4049425423145294,0.596337196395103,2.7249694,6.3704133,0.5188256,0.40725145,0.60222644,IDP-ESM2-8M,42,300,0.04243612289428711,0.24983549118041992,3.425539053281135e-05,0.0023089051246643066,0.005889239743050112
A0A140HQX3,3.621431827545166,9.1703462600708,0.6430442102089325,0.4990668594837188,0.4890441261347787,3.5018077,8.739771,0.65628976,0.5051671,0.43200526,IDP-ESM2-8M,42,300,0.11962413787841797,0.4305753707885742,0.013245546089132643,0.006100267171859797,0.05703886972036526
A0A142KCK0,2.063042640686035,4.676664352416992,0.5177561816591874,0.4125944375991821,0.5997889582242012,2.109284,4.929311,0.50708306,0.40603736,0.6230178,IDP-ESM2-8M,42,300,0.04624128341674805,0.25264644622802734,0.010673123301948584,0.0065570771694182794,0.023228829709148413
A0A192GNU8,6.020235538482666,14.679156303405762,0.6496009966145762,0.5494861006736755,0.5477586715076387,4.7866354,11.550763,0.61565137,0.48798272,0.6130613,IDP-ESM2-8M,42,300,1.23360013961792,3.1283931732177734,0.03394962751972752,0.06150338053703308,0.06530263735314012
A0A1B1MQX9,3.6887152194976807,9.135540962219238,0.6290565748447761,0.501930296421051,0.5182516249530105,3.7355764,9.229174,0.64297116,0.5023092,0.4877507,IDP-ESM2-8M,42,300,0.04686117172241211,0.09363269805908203,0.013914583182872864,0.0003789067268371582,0.030500915896156222
A0A1B1SEH4,1.5853753089904783,4.038190841674805,0.6030790168588408,0.4691284894943237,0.5212074177249285,1.7213266,4.445355,0.6209157,0.48373187,0.46421978,IDP-ESM2-8M,42,300,0.1359512805938723,0.4071640968322754,0.01783669406721511,0.01460337638854986,0.05698763894875969
A0A1B2CSH8,2.584936141967773,6.383686542510986,0.6434015572638984,0.523937463760376,0.5193933208715542,2.5183039,6.6264467,0.70937586,0.5549085,0.4044372,IDP-ESM2-8M,42,300,0.06663227081298784,0.24276018142700195,0.0659743010429864,0.030971050262451172,0.11495610673543055
A0A1C9EI46,2.531406879425049,6.602116107940674,0.6674245265583828,0.5283489227294922,0.4773761083352362,2.4929676,6.3398337,0.64886206,0.52202123,0.50870365,IDP-ESM2-8M,42,300,0.038439273834228516,0.2622823715209961,0.018562462673647695,0.006327688694000244,0.03132754070880067
A0A1D7RB72,1.9328595399856567,4.097106456756592,0.4246134313515494,0.3397966027259826,0.7340101309620808,1.9928546,4.607867,0.47582242,0.381746,0.6537834,IDP-ESM2-8M,42,300,0.059995055198669434,0.5107603073120117,0.051208987576596976,0.041949391365051325,0.08022674997682078
A0A1D7RFJ1,2.116374492645264,5.228302001953125,0.6227596182397958,0.5021762251853943,0.4940045733297124,2.065014,5.1812477,0.6063641,0.48278946,0.5258645,IDP-ESM2-8M,42,300,0.05136060714721724,0.047054290771484375,0.01639554687062461,0.019386768341064453,0.03185990859625193
A0A1D7RII7,2.025380849838257,4.46048641204834,0.4600943896694414,0.3651557266712188,0.6797927581700187,2.0107665,4.6679735,0.48317412,0.3861397,0.640877,IDP-ESM2-8M,42,300,0.014614343643188477,0.2074871063232422,0.023079725749946434,0.020983964204788264,0.03891574973190837
A0A1D7S6P1,2.007488965988159,4.475389003753662,0.4775917268582249,0.381008505821228,0.641122313608936,2.0112982,4.6657357,0.48177665,0.38580573,0.6449059,IDP-ESM2-8M,42,300,0.003809213638305664,0.19034671783447266,0.004184927862081522,0.004797220230102539,0.0037836111881220935
A0A1D7SND7,2.062453508377075,5.09562873840332,0.6028153842535743,0.4688411056995392,0.5188610992015751,2.0383024,5.0676856,0.5974506,0.47657263,0.527995,IDP-ESM2-8M,42,300,0.024151086807250977,0.027943134307861328,0.00536477027804938,0.007731527090072632,0.009133891147240836
A0A1D8KSZ5,2.1684958934783936,5.464388370513916,0.6284518924914725,0.4932199716567993,0.5050858403712047,2.0621243,5.213578,0.6212368,0.4963475,0.5144102,IDP-ESM2-8M,42,300,0.10637164115905762,0.2508101463317871,0.007215091344011548,0.0031275153160095215,0.009324357363628022
A0A1S5YE66,2.497192859649658,5.96502685546875,0.6075923264548332,0.4920854866504669,0.5392676398444266,2.392402,6.1920004,0.6652694,0.52029026,0.42194277,IDP-ESM2-8M,42,300,0.10479092597961426,0.2269735336303711,0.05767704839257892,0.028204768896102905,0.11732486936331699
A0A1V0EDG6,1.6006466150283811,3.497157096862793,0.2954359931741427,0.3093683123588562,0.998227066486064,1.5239345,3.0697682,0.3749643,0.34029973,0.911901,IDP-ESM2-8M,42,300,0.07671213150024392,0.42738890647888184,0.07952830364363683,0.030931413173675537,0.08632606932419873
A0A1V0SDB7,4.426198959350586,11.378124237060549,0.6434881774135041,0.4899240136146545,0.5269816611354141,4.0325513,10.053626,0.65216815,0.5102696,0.4749144,IDP-ESM2-8M,42,300,0.3936476707458496,1.3244981765747088,0.00867997730298764,0.020345568656921442,0.05206725936577605
A0A1V0SEI4,1.8217511177062988,4.471759796142578,0.6178428815671652,0.5068342685699463,0.5444040393404995,1.8291681,4.53319,0.60260284,0.49895057,0.5432209,IDP-ESM2-8M,42,300,0.007416963577270508,0.06142997741699219,0.01524004209725549,0.007883697748184204,0.0011831616930996214
A0A1V0SIV1,4.029341220855713,9.99994659423828,0.6594699467349179,0.5111585855484009,0.5332663853545485,4.017291,10.232363,0.70549786,0.5465438,0.39591837,IDP-ESM2-8M,42,300,0.012050151824951172,0.23241615295410334,0.04602791417359042,0.035385191440582275,0.13734801606133562
A0A1Z1LW78,1.95028293132782,4.198329925537109,0.4172531701909377,0.3417707681655884,0.7422604838791067,2.0038376,4.621548,0.47595102,0.38420445,0.65523386,IDP-ESM2-8M,42,300,0.053554654121398704,0.4232182502746582,0.05869784575831155,0.04243367910385132,0.08702662386323756
A0A218MKB4,2.366473436355591,6.001848220825195,0.6154607727685754,0.4622128307819366,0.5267859034397668,2.6067023,6.4522977,0.6193711,0.4993505,0.56847495,IDP-ESM2-8M,42,300,0.24022889137268066,0.45044946670532227,0.003910343392771076,0.03713765740394598,0.04168904496645265
A0A218MLX2,2.2782862186431885,5.925227642059326,0.6479070553692136,0.5020041465759277,0.4802442264913141,2.1580505,5.465878,0.6295866,0.5013673,0.5073698,IDP-ESM2-8M,42,300,0.12023568153381348,0.4593496322631836,0.01832047795374725,0.0006368756294250488,0.027125589811939077
A0A218MLZ4,2.050534009933472,5.324542045593262,0.6587484204676348,0.507805585861206,0.5008055870699532,2.0558581,5.4509964,0.68928665,0.5506669,0.44938916,IDP-ESM2-8M,42,300,0.005324125289916548,0.12645435333251953,0.030538228759507513,0.042861342430114746,0.05141642739054031
A0A218MM47,3.04844331741333,7.96029806137085,0.6324227333615198,0.4710745215415954,0.5061378636048167,2.9265132,7.2359753,0.6133313,0.48552394,0.55497897,IDP-ESM2-8M,42,300,0.12193012237548828,0.7243227958679199,0.019091415459908445,0.014449417591095026,0.04884110310813494
A0A218MM62,4.088909149169922,10.292441368103027,0.6394056042048645,0.4999998807907104,0.5191825314374459,4.0143657,10.035194,0.66815054,0.51641166,0.48638362,IDP-ESM2-8M,42,300,0.07454347610473633,0.2572469711303711,0.028744939961700466,0.016411781311035212,0.03279891451315997
A0A218MME3,2.248575687408448,5.81104850769043,0.649827127131696,0.4892808198928833,0.4907767056868818,2.1816723,5.3280854,0.5994101,0.49324635,0.6231056,IDP-ESM2-8M,42,300,0.06690335273742765,0.48296308517456055,0.05041701045918012,0.003965526819229126,0.13232887988822195
A0A218MMI9,2.0755317211151123,5.55633544921875,0.6867407907137614,0.5393773913383484,0.45091992106007,2.1154947,5.5113173,0.6786201,0.5371742,0.45773345,IDP-ESM2-8M,42,300,0.0399630069732666,0.04501819610595703,0.008120690692399068,0.0022031664848327637,0.006813531260028871
A0A222ZRZ9,1.8996349573135376,4.15596866607666,0.3906480079874773,0.3492940664291382,0.82898655769927,2.0846236,4.6445913,0.45186293,0.38219777,0.7369643,IDP-ESM2-8M,42,300,0.1849886178970337,0.48862266540527344,0.06121492326404859,0.032903701066970825,0.09202227232558224
A0A249XMM6,1.5942596197128296,3.89827036857605,0.6028326928524536,0.4898914098739624,0.5250505130222789,1.6328444,4.1914034,0.6379994,0.5120725,0.48287082,IDP-ESM2-8M,42,300,0.03858482837677002,0.293133020401001,0.03516672254519049,0.02218109369277954,0.042179695837830655
A0A290GQ28,1.631874680519104,4.176639080047607,0.6419108180025678,0.5138418078422546,0.4841998295823049,1.6053987,4.1670256,0.6334232,0.51414955,0.4932528,IDP-ESM2-8M,42,300,0.026476025581359863,0.009613513946533203,0.008487608812199121,0.0003077387809753418,0.00905298423376566
A0A2D1GNS7,1.850826382637024,4.5312676429748535,0.6010113758408095,0.504549503326416,0.5487328923472812,1.977092,4.908075,0.5857313,0.4826545,0.60665977,IDP-ESM2-8M,42,300,0.12626564502716064,0.37680721282958984,0.015280048307087624,0.021894991397857666,0.05792687766462068
A0A2D1M0A0,3.3743205070495605,7.303984642028809,0.3147288923963333,0.3152090609073639,1.1995596405602205,3.3775535,7.421951,0.4129757,0.35342574,0.8538865,IDP-ESM2-8M,42,300,0.0032329559326171875,0.1179661750793457,0.09824680631315463,0.03821668028831482,0.345673155460428
A0A2D3I5T4,3.468759775161743,8.755104064941406,0.6357252737509069,0.494327962398529,0.5365183653325731,3.148832,8.017712,0.6723832,0.5267689,0.47538152,IDP-ESM2-8M,42,300,0.3199276924133301,0.7373924255371094,0.03665791545044805,0.032440960407257136,0.061136841961830335
A0A2I6SBY4,2.5700695514678955,6.663013935089111,0.7062933925496019,0.5816690325737,0.4715577870492148,2.9560084,7.729683,0.7227684,0.56950355,0.39166957,IDP-ESM2-8M,42,300,0.3859388828277588,1.06666898727417,0.0164750333918654,0.012165486812591553,0.07988821564952608
A0A2I6SCK6,2.622239112854004,6.6386027336120605,0.6750852198085676,0.5375512838363647,0.4964139364835075,2.595576,6.3682866,0.63834083,0.52013034,0.5612678,IDP-ESM2-8M,42,300,0.02666306495666504,0.27031612396240234,0.036744389005650135,0.017420947551727295,0.06485385669505084
A0A2K9VSC6,3.3587560653686523,8.100378036499023,0.6325529350193639,0.5089620351791382,0.5284491642328751,3.3260994,8.412386,0.6731248,0.52331173,0.43418428,IDP-ESM2-8M,42,300,0.03265666961669922,0.3120079040527344,0.04057185517228645,0.014349699020385742,0.09426488121476295
A0A2P1GNK0,3.3524482250213623,7.577292442321777,0.5337292278871333,0.4246899485588074,0.6144390917968524,3.1083636,7.2519584,0.51089257,0.4054787,0.6507842,IDP-ESM2-8M,42,300,0.24408459663391113,0.3253340721130371,0.022836657868364973,0.019211262464523315,0.036345102672599494
A0A2R3UAC7,1.9122105836868288,4.786592483520508,0.621763756147026,0.5025072693824768,0.5090861767851775,1.8300502,4.6027684,0.6147418,0.49340945,0.5039003,IDP-ESM2-8M,42,300,0.08216035366058372,0.1838240623474121,0.007021953931449776,0.009097814559936523,0.0051858872496550745
A0A2R8FEN2,2.338682174682617,4.995760917663574,0.3965235153876114,0.325796514749527,0.7842245808876542,2.7419057,6.162988,0.42731324,0.34530407,0.7537284,IDP-ESM2-8M,42,300,0.40322351455688477,1.1672272682189941,0.030789722994728097,0.019507557153701782,0.030496191147663998
A0A2S1MMK3,3.340015649795532,6.777917385101318,0.2947130908097124,0.3067722022533417,1.2915265008317107,3.3934312,7.459469,0.41219378,0.35285795,0.8574217,IDP-ESM2-8M,42,300,0.05341553688049361,0.681551456451416,0.11748068436728953,0.046085745096206665,0.43410480464564505
A0A2S1MQZ2,3.270484447479248,6.803248882293701,0.2875270720421538,0.2868272662162781,1.3060920315296003,3.4025068,7.4810886,0.4116516,0.35239065,0.8579009,IDP-ESM2-8M,42,300,0.13202238082885742,0.6778397560119629,0.12412453928597122,0.0655633807182312,0.4481911139995405
A0A2S1MU58,3.2062721252441406,6.296068668365479,0.2684371012491671,0.2932431399822235,1.3887427922839568,3.4451494,7.5724406,0.40948978,0.35016608,0.8627647,IDP-ESM2-8M,42,300,0.2388772964477539,1.2763719558715811,0.14105267941527688,0.05692294239997864,0.5259780761355803
A0A2S1N1Y6,3.16515851020813,6.461751937866211,0.2661426993556446,0.2633748054504394,1.3870288193301383,3.4052718,7.4714956,0.40717533,0.35006976,0.86788183,IDP-ESM2-8M,42,300,0.2401132583618164,1.0097436904907227,0.14103263295217094,0.08669495582580572,0.5191469848231498
A0A2S1N210,3.232412338256836,6.613014221191406,0.2759564741026086,0.285461962223053,1.3541436431673417,3.4128232,7.5182257,0.4149243,0.35398355,0.8497753,IDP-ESM2-8M,42,300,0.18041086196899414,0.9052114486694336,0.1389678196538764,0.06852158904075623,0.504368328836287
A0A2U7U7R7,3.2984113693237305,7.523886680603027,0.4928537691954966,0.4086982607841491,0.6751907276046525,3.4105403,7.846083,0.48015773,0.3827527,0.70872504,IDP-ESM2-8M,42,300,0.11212897300720215,0.32219648361206055,0.012696036231934604,0.02594557404518122,0.03353430758592979
A0A2Z4HI38,3.051481246948242,7.619002819061279,0.6445775383409292,0.5112922191619873,0.5020371257939871,2.9993324,7.6189084,0.66026944,0.5069444,0.43557233,IDP-ESM2-8M,42,300,0.05214881896972656,9.441375732421875e-05,0.015691900879499232,0.004347801208496094,0.06646479961066798
A0A2Z4Q913,2.2069125175476074,4.659848213195801,0.4230937664075917,0.3812363743782043,0.7717727744028368,1.979225,4.119783,0.35461354,0.3299717,0.91622484,IDP-ESM2-8M,42,300,0.22768747806549072,0.5400652885437012,0.06848022385082903,0.05126467347145075,0.14445206290032486
A0A2Z6E9I5,2.259880781173706,5.375768661499023,0.5089450709600746,0.4047676026821136,0.6085488006373632,2.1418953,4.9585547,0.50262797,0.40609258,0.6360849,IDP-ESM2-8M,42,300,0.11798548698425293,0.41721391677856445,0.006317102171927602,0.0013249814510346014,0.027536113570095333
A0A345L4V0,2.6866400241851807,6.9224629402160645,0.6636805538962159,0.5166189074516296,0.478735857592986,2.6462564,6.8143682,0.6825566,0.5367341,0.44048232,IDP-ESM2-8M,42,300,0.04038357734680176,0.10809469223022461,0.018876075284692262,0.020115196704864502,0.03825353919164931
A0A345M6E7,2.5917675495147705,6.631972789764404,0.6469444166067989,0.4901190102100372,0.5049632535370341,2.6786113,6.936038,0.6773943,0.53052163,0.45162654,IDP-ESM2-8M,42,300,0.08684372901916504,0.3040652275085449,0.03044985429011271,0.04040262103080755,0.053336714306687405
A0A346RNU7,3.320475578308105,8.258618354797363,0.6651149197764751,0.5341228246688843,0.4912467503338494,3.3669953,8.4683695,0.66178334,0.5167912,0.47864383,IDP-ESM2-8M,42,300,0.046519756317139116,0.20975112915039062,0.0033315821833964643,0.017331600189208984,0.012602915742937537
A0A346TPN1,4.3199005126953125,10.810798645019531,0.6416841872742586,0.5029468536376953,0.52653924618221,4.228394,10.393597,0.64819694,0.50713325,0.50060296,IDP-ESM2-8M,42,300,0.0915064811706543,0.4172019958496094,0.006512748379427946,0.004186391830444336,0.02593628559566219
A0A346TQ06,3.1970343589782715,8.235690116882324,0.6575345787788012,0.499032974243164,0.4907142275906499,3.04521,7.8544617,0.7029184,0.54499686,0.39335436,IDP-ESM2-8M,42,300,0.1518244743347168,0.3812284469604492,0.045383831522407325,0.045963883399963434,0.09735987130174001
A0A385DYQ6,1.9250476360321045,4.370831489562988,0.4646521627409162,0.383025974035263,0.6720566547550307,1.792235,4.2092857,0.482244,0.38948688,0.6628716,IDP-ESM2-8M,42,300,0.13281261920928955,0.1615457534790039,0.017591851999074037,0.006460905075073298,0.00918505555764304
A0A385UFY3,2.400245428085327,6.102670192718506,0.6511121511989518,0.5162599682807922,0.5011648006667991,2.365636,6.0711265,0.6613663,0.52304596,0.4730835,IDP-ESM2-8M,42,300,0.034609317779541016,0.031543731689453125,0.010254132694633378,0.006785988807678223,0.028081304573049137
A0A386QVQ8,2.7770464420318604,6.4765448570251465,0.513221353530036,0.4162345826625824,0.6054003464833266,2.7132187,6.3359194,0.51104134,0.40130362,0.606586,IDP-ESM2-8M,42,300,0.0638277530670166,0.1406254768371582,0.0021800103179082653,0.014930963516235352,0.0011856329783432873
A0A3G1T4F7,3.1851367950439453,5.684080123901367,0.2150601293286294,0.2839697003364563,1.6924875730793838,3.938757,8.6444,0.40203327,0.34608635,0.9011279,IDP-ESM2-8M,42,300,0.7536201477050781,2.9603195190429688,0.1869731400767356,0.062116652727127075,0.791359698228157
A0A3G2JTZ9,3.2135584354400635,7.891665458679199,0.6262943106984848,0.4787355661392212,0.5296374817744249,3.3331645,8.522599,0.68127304,0.5263343,0.40778542,IDP-ESM2-8M,42,300,0.11960601806640625,0.6309337615966797,0.05497873245718532,0.04759871959686279,0.12185206612501087
A0A3G3M5R8,2.019923448562622,4.2688703536987305,0.4328942544744567,0.3446829319000244,0.7263240750780161,1.9954445,4.572618,0.46535608,0.3763263,0.6792941,IDP-ESM2-8M,42,300,0.024478912353515625,0.30374765396118164,0.032461827249710196,0.03164336085319519,0.047029965733533685
A0A3G4S8X8,3.174159526824951,7.919601917266846,0.6235597131069109,0.5054790377616882,0.5071807175062203,2.9611752,7.460177,0.65536135,0.50789016,0.4361897,IDP-ESM2-8M,42,300,0.21298432350158691,0.4594249725341797,0.03180164124413276,0.0024111270904541016,0.0709910064123177
A0A3G4ZTT1,2.0066051483154297,4.258762836456299,0.3080658021483726,0.3042528331279754,1.014302428594598,2.5488565,5.7411427,0.440326,0.38472533,0.8240232,IDP-ESM2-8M,42,300,0.5422513484954834,1.4823799133300781,0.13226020307204062,0.08047249913215643,0.19027924143410613
A0A3G4ZXU7,4.682886600494385,11.87985610961914,0.6611911672816647,0.5129855871200562,0.556682134662626,4.7348213,11.93763,0.7056987,0.5491434,0.42738926,IDP-ESM2-8M,42,300,0.05193471908569336,0.057773590087890625,0.04450756127973665,0.03615778684616089,0.12929287055587546
A0A3G5A3I8,1.5751049518585205,3.773947715759277,0.5257315754470346,0.4083377420902252,0.5354535001418707,2.0307503,4.8250775,0.5200376,0.40386924,0.5679734,IDP-ESM2-8M,42,300,0.4556453227996826,1.051129817962647,0.005693983989667695,0.00446850061416626,0.03251987517856392
A0A3G5A3J2,3.2298238277435303,7.914638519287109,0.6328699879206328,0.5012736320495605,0.5489529107848857,3.230034,8.1587925,0.64905494,0.5120632,0.51258826,IDP-ESM2-8M,42,300,0.00021028518676757812,0.2441539764404297,0.016184956594595512,0.010789573192596436,0.03636464822690233
A0A3G5AHA4,1.7451157569885254,4.317638397216797,0.6347886171518404,0.5248681902885437,0.5175894318539166,1.6459448,4.1459794,0.60577565,0.49370965,0.5461955,IDP-ESM2-8M,42,300,0.09917092323303223,0.17165899276733398,0.029012962835891942,0.031158536672592163,0.028606075195643954
A0A3G5AK89,2.098658561706543,5.2356133460998535,0.6595096461050166,0.5283774733543396,0.5212214022415211,1.7428151,4.7151175,0.6731482,0.54312575,0.45218927,IDP-ESM2-8M,42,300,0.3558434247970581,0.5204958915710449,0.013638568712030508,0.01474827527999878,0.06903213555985
A0A3G5Q4F5,1.509766697883606,3.462980031967163,0.5315970927496723,0.4342913031578064,0.5886753292717927,1.5958729,3.7420816,0.5196423,0.42921886,0.61455095,IDP-ESM2-8M,42,300,0.08610618114471436,0.2791016101837158,0.01195479929645571,0.005072444677352905,0.025875618871212702
A0A3Q8Q9R0,2.3996801376342773,5.688763618469238,0.5367862815992644,0.4081299602985382,0.5896882821306629,2.3911033,5.6594286,0.52873087,0.41711,0.60279286,IDP-ESM2-8M,42,300,0.00857686996459961,0.02933502197265625,0.008055412306051557,0.008980035781860352,0.01310457694679068
A0A3R5WKS6,3.2722203731536865,6.824758529663086,0.2946595182959345,0.2819288372993469,1.2712277591971866,3.4436848,7.5898404,0.41488153,0.35331148,0.84899664,IDP-ESM2-8M,42,300,0.1714644432067871,0.7650818824768066,0.12022200912792413,0.07138264179229736,0.4222311199454776
A0A401IPA0,3.062868595123291,7.817789077758789,0.6526912193025513,0.5069407224655151,0.5173940720362898,2.973909,7.5716043,0.6689626,0.5252848,0.47603604,IDP-ESM2-8M,42,300,0.0889596939086914,0.2461848258972168,0.016271378544433612,0.018344104290008545,0.04135803006126848
A0A410I670,3.304845094680786,6.440437316894531,0.284891875041337,0.3123685121536255,1.3344221808648642,3.442317,7.585271,0.4145877,0.3535441,0.85190356,IDP-ESM2-8M,42,300,0.13747191429138184,1.1448335647583008,0.12969583128610135,0.04117557406425476,0.4825186230874594
A0A410S812,3.1738555431365967,7.947549343109131,0.6437646551619634,0.4982843101024627,0.5115780092699993,3.2565832,8.33756,0.6792518,0.5250428,0.42479366,IDP-ESM2-8M,42,300,0.08272767066955566,0.39001035690307617,0.035487134884728544,0.026758462190628107,0.08678434862928275
A0A411HB56,3.0561084747314453,7.937981128692627,0.6666353774032552,0.5110633373260498,0.4974017405829535,2.8715384,7.242236,0.6545565,0.5143566,0.48546776,IDP-ESM2-8M,42,300,0.1845700740814209,0.6957449913024902,0.012078864570613579,0.003293275833129883,0.011933978827963876
A0A481TD43,1.5611200332641602,3.97545313835144,0.62665650666222,0.4978462159633636,0.4923950092683355,1.5386329,3.860708,0.5964741,0.47921088,0.52312803,IDP-ESM2-8M,42,300,0.022487163543701172,0.11474514007568315,0.03018239558205027,0.018635332584381048,0.030733023415990657
A0A481V8U6,3.6566100120544434,9.344552040100098,0.6382170417180897,0.4956336915493011,0.5058383631188729,3.6538153,9.102522,0.64148706,0.49264452,0.45989615,IDP-ESM2-8M,42,300,0.0027947425842285156,0.24203014373779297,0.003270020259296791,0.0029891729354857843,0.04594221586774372
A0A481Z0P8,2.3434500694274902,5.774368762969971,0.6830735695242306,0.5913287401199341,0.5238933358648797,2.4034355,6.215791,0.6973024,0.57880926,0.46319318,IDP-ESM2-8M,42,300,0.05998539924621582,0.4414224624633789,0.014228831541595821,0.012519478797912598,0.060700157687999856
A0A481Z6X1,5.848792552947998,14.5919771194458,0.6245680827388268,0.4576553702354431,0.5535749271439071,5.074022,12.343985,0.65617925,0.49828,0.47360307,IDP-ESM2-8M,42,300,0.7747707366943359,2.247992515563965,0.03161116654782481,0.04062461853027344,0.07997185736165002
A0A482JE07,1.7933437824249268,3.784212589263916,0.3422370852820277,0.3168927729129791,0.916042605731522,1.9994864,4.328953,0.40640888,0.35242116,0.81438905,IDP-ESM2-8M,42,300,0.20614266395568848,0.5447402000427246,0.06417179089862113,0.03552839159965515,0.10165355572465551
A0A4D5XEU4,1.585178256034851,3.2875430583953857,0.3794363751570955,0.4213175177574157,0.8007188185773121,1.6914835,3.4479637,0.40323514,0.35229474,0.8525066,IDP-ESM2-8M,42,300,0.10630524158477783,0.16042065620422363,0.02379876230552047,0.06902277469635004,0.051787759391285326
A0A4D5XFS9,5.313535690307617,12.895544052124023,0.6537867205760718,0.5130262970924377,0.5998329680455946,4.6821604,11.972782,0.7706481,0.6072477,0.40600953,IDP-ESM2-8M,42,300,0.6313753128051758,0.9227619171142578,0.11686140125772948,0.09422141313552856,0.19382344298494092
A0A4D5XFZ8,2.840350389480591,7.329541206359863,0.6652740441233866,0.5261901617050171,0.528240886991816,2.8524642,6.836841,0.6125491,0.5145663,0.6437185,IDP-ESM2-8M,42,300,0.012113809585571289,0.49270009994506836,0.052724917975162766,0.011623859405517578,0.11547759407202673
A0A4P1QFK2,1.569278359413147,3.856587886810303,0.5997097830917828,0.4815692603588104,0.521152997243418,1.5093571,3.7900019,0.5998391,0.48390344,0.5136428,IDP-ESM2-8M,42,300,0.0599212646484375,0.06658601760864302,0.0001293082091815556,0.0023341774940490723,0.007510209310068405
A0A4Y1NU38,2.126798629760742,5.417057037353516,0.6612864353786088,0.5270247459411621,0.4819941296897079,2.15446,5.543036,0.6484537,0.5120469,0.4751585,IDP-ESM2-8M,42,300,0.02766132354736328,0.12597894668579102,0.012832722915229855,0.014977872371673584,0.0068356170973922215
A0A4Y5NGG5,1.4663090705871582,3.4714746475219727,0.5623043503885786,0.4551819562911987,0.5473772758364995,1.5310661,3.7295039,0.5759017,0.4655144,0.5433708,IDP-ESM2-8M,42,300,0.06475698947906494,0.2580292224884033,0.013597336756654532,0.010332435369491633,0.004006492507489523
A0A4Y6EML4,1.6444348096847534,4.146859645843506,0.6373958551775621,0.5162093639373779,0.5050672936512886,1.6393325,4.273817,0.65034294,0.520071,0.4714075,IDP-ESM2-8M,42,300,0.005102276802062988,0.12695741653442383,0.012947086106617545,0.003861665725708008,0.03365979076165537
A0A515J3G6,3.1186327934265137,7.270825386047363,0.511580186438924,0.4020017385482788,0.6151868159763221,3.1631455,7.3492002,0.51057786,0.40046248,0.6176513,IDP-ESM2-8M,42,300,0.04451274871826172,0.07837486267089844,0.0010023289445697525,0.0015392601490020752,0.0024644677646752378
A0A5B8IIW6,1.876439332962036,4.780735492706299,0.6309287974586975,0.500499963760376,0.5217042299854899,1.98241,5.0805902,0.656211,0.52108026,0.48284173,IDP-ESM2-8M,42,300,0.10597062110900901,0.29985475540161133,0.02528222110361944,0.020580291748046875,0.03886249986769208
A0A5C0PG83,1.4990878105163574,3.6093430519104,0.5740751485300534,0.4475873708724975,0.5320147418668952,1.4387879,3.4772298,0.55449265,0.44810426,0.55540234,IDP-ESM2-8M,42,300,0.06029987335205078,0.13211321830749467,0.01958249611382412,0.000516891479492243,0.023387596637896024
A0A5C0ZRE4,2.777486562728882,6.751610279083252,0.4981999560231847,0.3859032690525055,0.6594087320124132,2.6860163,6.250055,0.49305442,0.40288314,0.6769644,IDP-ESM2-8M,42,300,0.09147024154663086,0.5015554428100586,0.005145536267249007,0.016979873180389404,0.01755567018637827
A0A5C0ZSQ4,2.6816768646240234,6.240284442901611,0.4610785431299108,0.3609131574630737,0.7305891575634075,2.6072488,5.9735484,0.47085774,0.3866676,0.7088025,IDP-ESM2-8M,42,300,0.07442808151245117,0.2667360305786133,0.009779196318636552,0.02575445175170904,0.021786636334617193
A0A5C0ZTE6,2.752901077270508,6.5304999351501465,0.4913074740993217,0.3889993727207184,0.6706721613495943,2.6906927,6.2857895,0.49957758,0.40742064,0.66578144,IDP-ESM2-8M,42,300,0.06220841407775879,0.24471044540405273,0.008270107783155123,0.018421262502670288,0.004890722998916797
A0A5C0ZTP4,2.7503533363342285,6.579616546630859,0.4783652790299702,0.3765927255153656,0.7020986171090371,2.6768556,6.208299,0.48803446,0.40037566,0.6883037,IDP-ESM2-8M,42,300,0.07349777221679688,0.37131738662719727,0.00966917793833727,0.023782938718795776,0.013794908078885726
A0A5C0ZTQ7,2.814868450164795,6.742566585540772,0.5131616655384568,0.3982076942920685,0.6319740141441779,2.6943643,6.2362695,0.4869669,0.39835197,0.68489033,IDP-ESM2-8M,42,300,0.12050414085388184,0.5062971115112314,0.026194757560398907,0.000144273042678833,0.05291631569362121
A0A5J6VNB5,4.246179580688477,10.079634666442873,0.5671320644473286,0.4407932162284851,0.6232473965736872,3.9216537,9.448462,0.5832212,0.4713457,0.6119683,IDP-ESM2-8M,42,300,0.3245258331298828,0.6311731338500994,0.016089132680967344,0.03055247664451599,0.011279117688799523
A0A5K0U8Q2,3.28157114982605,7.580526351928711,0.2960078793833507,0.2939637303352356,1.339455273625949,4.147617,9.523007,0.49185523,0.40215984,0.7616853,IDP-ESM2-8M,42,300,0.8660457134246826,1.9424810409545898,0.19584735452434887,0.10819610953330994,0.5777699618316681
A0A5K0UBH9,4.4510674476623535,10.794787406921388,0.6224340276978133,0.4953700602054596,0.555789767720587,3.8377786,9.516012,0.62966496,0.48883355,0.5351807,IDP-ESM2-8M,42,300,0.6132888793945312,1.2787752151489276,0.007230929825532639,0.006536513566970825,0.02060907981622906
A0A5P9UM97,2.102760076522827,5.129786491394043,0.5767201245328621,0.4553373754024505,0.5654820275189154,2.0318403,4.819059,0.5451428,0.4460051,0.6141823,IDP-ESM2-8M,42,300,0.07091975212097168,0.310727596282959,0.03157729511467977,0.009332269430160467,0.04870026589615417
A0A646QWB4,1.8808567523956297,4.621360301971436,0.6027606550066618,0.4786232411861419,0.5204782192452083,1.8955035,4.810964,0.60728467,0.4831712,0.5246303,IDP-ESM2-8M,42,300,0.014646768569946511,0.1896038055419913,0.00452401010106529,0.004547953605651911,0.004152088906036799
A0A646QWN2,1.7463202476501465,4.517153263092041,0.6440542049888438,0.4940717220306396,0.4959717957362942,1.9077643,4.9284525,0.6568503,0.5301886,0.49062777,IDP-ESM2-8M,42,300,0.1614440679550171,0.4112992286682129,0.012796073388689155,0.036116898059845026,0.005344030080776607
A0A649VCB5,1.482249140739441,3.4028100967407227,0.4691495678968456,0.3923689723014831,0.6798547738463695,1.5314324,3.7923844,0.53933305,0.43278775,0.5800887,IDP-ESM2-8M,42,300,0.04918324947357178,0.3895742893218994,0.07018347758578991,0.04041877388954168,0.09976609882424425
A0A6B9LZ63,1.5288314819335938,3.7385506629943848,0.5837872321079302,0.4783801138401031,0.5275140359415174,1.490557,3.6785834,0.5746286,0.46521014,0.5563387,IDP-ESM2-8M,42,300,0.038274526596069336,0.0599672794342041,0.009158640570454568,0.013169974088668768,0.02882469153269529
A0A6C0RTL1,1.942519187927246,4.9028849601745605,0.6574489889940576,0.5290563106536865,0.5026331091744145,1.8581669,5.0126705,0.68686956,0.54175377,0.4338407,IDP-ESM2-8M,42,300,0.08435225486755371,0.10978555679321289,0.029420572678153123,0.012697458267211914,0.06879241713111006
A0A6F9F3M6,1.6867610216140747,4.12396240234375,0.5543063370077973,0.4295834302902221,0.5436535201317549,1.7442026,4.179374,0.5610754,0.44309294,0.54533947,IDP-ESM2-8M,42,300,0.0574415922164917,0.05541181564331055,0.006769052377426088,0.013509511947631891,0.0016859450095414452
A0A6G7AB66,2.394256591796875,5.607183456420898,0.5129844445910443,0.4077504873275757,0.6101653029616223,2.3659072,5.588851,0.5227224,0.4120323,0.59248364,IDP-ESM2-8M,42,300,0.02834939956665039,0.018332481384277344,0.00973797848558533,0.004281818866729736,0.01768166324452025
A0A6G7AB88,2.5487427711486816,5.921242713928223,0.5037090025318002,0.3899264633655548,0.6240986858567585,2.5309272,5.942658,0.5189119,0.4085602,0.6037062,IDP-ESM2-8M,42,300,0.017815589904785156,0.021415233612060547,0.01520289560433874,0.018633723258972168,0.020392504807411616
A0A6G8MYF8,3.047383069992065,6.832015514373779,0.4798165412312099,0.3725866079330444,0.6501600487615546,3.304252,7.560169,0.48324695,0.37992674,0.6558102,IDP-ESM2-8M,42,300,0.25686883926391646,0.7281537055969238,0.0034304110640934193,0.007340133190155085,0.0056501285646477495
A0A6H0YEW0,1.4916315078735352,3.542085647583008,0.5727805290090121,0.4775491058826446,0.5410892691461799,1.3662435,3.276188,0.5569886,0.45339406,0.5620411,IDP-ESM2-8M,42,300,0.1253880262374878,0.2658977508544922,0.015791932092813377,0.024155050516128485,0.020951834693694327
A0A6J5KPB0,1.9767487049102783,5.074316501617432,0.6449558064784595,0.5061296224594116,0.5017141351095892,1.8888693,4.7517056,0.6099909,0.49159014,0.52119267,IDP-ESM2-8M,42,300,0.08787941932678223,0.32261085510253906,0.0349649116839954,0.014539480209350586,0.01947853475888006
A0A6J5KRS4,1.7782434225082395,4.447866439819336,0.6096733966702871,0.4766556620597839,0.5067615725031995,1.8421575,4.6333766,0.61516714,0.4918049,0.5193081,IDP-ESM2-8M,42,300,0.06391406059265159,0.18551015853881836,0.005493744290406277,0.015149235725402888,0.012546517706761406
A0A6J5KVQ0,2.0346829891204834,4.909021377563477,0.61778637425435,0.4878568947315216,0.5171953954655089,1.9698012,5.0153956,0.6248394,0.4952652,0.5140785,IDP-ESM2-8M,42,300,0.06488180160522461,0.10637426376342773,0.007053050832625085,0.0074082911014556885,0.003116897578851141
A0A6J5L216,1.6831927299499512,4.459625720977783,0.6640445090954367,0.5202875733375549,0.4823141851482014,1.7459702,4.6746693,0.6488694,0.506662,0.45511678,IDP-ESM2-8M,42,300,0.06277751922607422,0.2150435447692871,0.015175113839394183,0.013625562191009521,0.02719740653606456
A0A6J5L2N6,2.355421543121338,5.1730055809021,0.4594085606106642,0.3694053590297699,0.709932297765533,2.374533,5.460171,0.48256576,0.38879752,0.66424644,IDP-ESM2-8M,42,300,0.01911139488220215,0.28716564178466797,0.023157200001823586,0.019392162561416626,0.04568585783175616
A0A6J5L2W6,2.8788058757781982,7.514744281768799,0.6966791162984817,0.5661570429801941,0.4602668390356537,3.2383895,8.087686,0.68782353,0.54924864,0.47039628,IDP-ESM2-8M,42,300,0.35958361625671387,0.5729413032531738,0.00885558228664085,0.01690840721130371,0.010129441253042604
A0A6J5L549,2.508253335952759,6.43429708480835,0.6896854159672251,0.5573498010635376,0.4999505330995841,2.8754957,7.402158,0.72163165,0.5650653,0.4654699,IDP-ESM2-8M,42,300,0.36724233627319336,0.9678606986999512,0.031946230189085933,0.0077155232429504395,0.034480636306218615
A0A6J5L8Y0,1.7218173742294312,4.055733680725098,0.516678127270519,0.409933865070343,0.5868773045739578,1.763043,4.212022,0.50297874,0.39508682,0.6103601,IDP-ESM2-8M,42,300,0.04122567176818848,0.15628814697265625,0.013699385147868837,0.014847040176391602,0.023482781390245067
A0A6J5LE62,1.8569579124450684,4.729587554931641,0.6058487791456877,0.4622621834278106,0.5173858404210439,1.9347972,4.812432,0.59078485,0.48316523,0.58345324,IDP-ESM2-8M,42,300,0.07783925533294678,0.08284425735473633,0.015063931409329046,0.02090305089950567,0.06606739758936264
A0A6J5LH85,2.0366644859313965,5.061079025268555,0.613183573238589,0.4887560904026031,0.5243777740272676,2.1110406,5.4077477,0.61858034,0.4838988,0.4879526,IDP-ESM2-8M,42,300,0.07437610626220703,0.34666872024536133,0.0053967681005223644,0.004857301712036077,0.0364251840385591
A0A6J5LWJ3,2.1276004314422607,5.292978286743164,0.6190518406240357,0.4812188744544983,0.5318526859722209,2.090992,5.207819,0.601248,0.48892125,0.5408484,IDP-ESM2-8M,42,300,0.03660845756530762,0.0851593017578125,0.017803814729870693,0.007702380418777466,0.008995688394539347
A0A6J5LYG1,2.3046374320983887,5.94863748550415,0.6241506701010593,0.4721592962741852,0.4988340856401801,2.2764103,5.677526,0.6040534,0.47337204,0.53379995,IDP-ESM2-8M,42,300,0.02822709083557129,0.27111148834228516,0.020097291995895716,0.0012127459049224854,0.03496586066795587
A0A6J5M0M6,1.739432692527771,4.261733531951904,0.5921009972377811,0.4669436514377594,0.5294382728231988,1.7932112,4.48167,0.60311216,0.48366463,0.5278567,IDP-ESM2-8M,42,300,0.05377852916717529,0.21993637084960938,0.01101116392173429,0.016720980405807495,0.0015815652502617628
A0A6J5M1A9,1.8577815294265747,4.630948066711426,0.6069429325998149,0.4760930240154266,0.5252409798201186,1.6276132,4.1222243,0.5946617,0.47725505,0.53861487,IDP-ESM2-8M,42,300,0.23016834259033203,0.5087237358093262,0.012281219953330536,0.0011620223522186834,0.01337388929761818
A0A6J5M383,1.494722604751587,3.657947301864624,0.5853422235092046,0.4583293199539184,0.5259290166297798,1.6484776,4.0593185,0.58798593,0.4650554,0.5136339,IDP-ESM2-8M,42,300,0.15375494956970215,0.4013712406158447,0.002643709317791232,0.006726086139679011,0.012295109788501679
A0A6J5M440,1.5604028701782229,3.437957763671875,0.3202055754656332,0.3354946970939636,0.932529831037414,1.1303312,1.9674067,0.34647578,0.3389059,0.97724736,IDP-ESM2-8M,42,300,0.4300717115402224,1.4705510139465332,0.02627020454459017,0.003411203622817993,0.04471752633105519
A0A6J5M597,2.550710201263428,5.845308780670166,0.4083343946641936,0.3207777440547943,0.7373658121852058,2.4739828,5.750096,0.4826062,0.37128878,0.6159056,IDP-ESM2-8M,42,300,0.07672739028930708,0.09521293640136719,0.07427180769977432,0.05051103234291077,0.12146022928039013
A0A6J5M692,1.7857714891433716,4.527713775634766,0.6260762429795432,0.4854085445404053,0.4941285141052211,1.9043417,4.8672843,0.62638175,0.5069922,0.524052,IDP-ESM2-8M,42,300,0.11857020854949951,0.3395705223083496,0.00030551189563987613,0.0215836763381958,0.029923509782413205
A0A6J5MAS8,2.1638431549072266,5.339083671569824,0.6194049065848333,0.5013311505317688,0.5323881030430215,2.1009247,5.3024483,0.6172358,0.49317226,0.52285534,IDP-ESM2-8M,42,300,0.06291842460632324,0.036635398864746094,0.002169126822565204,0.008158892393112183,0.009532761608542772
A0A6J5MC63,2.833919048309326,7.152839183807373,0.6204005803651949,0.4815036654472351,0.5027533148467752,2.8694298,7.0962563,0.6128482,0.47926873,0.5067879,IDP-ESM2-8M,42,300,0.03551077842712402,0.05658292770385742,0.0075523581094880665,0.002234935760498047,0.004034581309535823
A0A6J5MCB3,1.881728172302246,4.661686420440674,0.6180449498310963,0.5010566711425781,0.5523207475922821,1.9009893,4.8984,0.6539771,0.5237031,0.49016365,IDP-ESM2-8M,42,300,0.01926112174987793,0.23671340942382812,0.03593214624968377,0.022646427154541016,0.062157093503308114
A0A6J5MEY7,1.8864434957504272,4.904863834381104,0.6337238566627509,0.4955415427684784,0.5018112370344181,1.8080215,4.4320555,0.5882213,0.4928787,0.5924538,IDP-ESM2-8M,42,300,0.078421950340271,0.4728083610534677,0.04550254509353702,0.002662837505340576,0.09064254075565148
A0A6J5MKW9,2.08365535736084,5.274583339691162,0.6345230651760311,0.4965068697929382,0.511617115085806,1.930756,4.805744,0.5942903,0.48563012,0.5500631,IDP-ESM2-8M,42,300,0.1528993844985962,0.468839168548584,0.04023274907114216,0.010876744985580389,0.038445958549295334
A0A6J5MMF3,2.904329299926758,7.163765907287598,0.6114108566315617,0.4739271402359009,0.5275701998757377,3.0039208,7.4769316,0.6277414,0.49123138,0.49906877,IDP-ESM2-8M,42,300,0.09959149360656738,0.31316566467285156,0.016330539795592847,0.01730424165725708,0.028501433043386037
A0A6J5MV94,2.048133373260498,5.298162937164307,0.6650287210348408,0.5227213501930237,0.4909484761089102,2.002717,5.136924,0.65003425,0.51710427,0.4820417,IDP-ESM2-8M,42,300,0.04541635513305664,0.1612391471862793,0.014994472205952847,0.005617082118988037,0.00890678933561001
A0A6J5N0T2,1.48854398727417,3.600600004196167,0.572755299879096,0.4536406695842743,0.5405142379092953,1.4860497,3.5718987,0.547478,0.44996497,0.58722466,IDP-ESM2-8M,42,300,0.002494335174560547,0.028701305389404297,0.025277279687903387,0.003675699234008789,0.046710424394629246
A0A6J5NF31,2.0817313194274902,5.190861701965332,0.6088242839027769,0.4667806327342987,0.5212582653544237,2.116075,5.3429213,0.597444,0.47158867,0.5349117,IDP-ESM2-8M,42,300,0.034343719482421875,0.15205955505371094,0.011380286042822041,0.0048080384731292725,0.013653426788062917
A0A6J5P529,2.18622088432312,5.7091264724731445,0.7026291439231102,0.5722585320472717,0.4795564047652417,2.7057822,7.2513103,0.7265593,0.5695848,0.4169181,IDP-ESM2-8M,42,300,0.5195612907409668,1.5421838760375977,0.023930137426071973,0.0026737451553344727,0.0626383058386975
A0A6J5PE78,1.9051525592803955,4.878875255584717,0.6161454818801483,0.4755217730998993,0.5002290345474055,1.9303719,4.9633093,0.63294274,0.4936473,0.48800963,IDP-ESM2-8M,42,300,0.025219321250915527,0.08443403244018555,0.016797254268685946,0.018125534057617188,0.012219402913646982
A0A6J5PLB7,2.00012469291687,5.004380702972412,0.6220346698282758,0.4908894598484039,0.5169882790268279,2.1423695,5.1279335,0.53467995,0.45302865,0.697661,IDP-ESM2-8M,42,300,0.14224481582641602,0.12355279922485352,0.08735472054467597,0.037860810756683294,0.1806727035819673
A0A6J5PPF9,1.6994106769561768,4.2534942626953125,0.637659078637181,0.5133104920387268,0.5113879579403143,1.816426,4.649335,0.63039315,0.5054843,0.48758197,IDP-ESM2-8M,42,300,0.11701536178588867,0.3958406448364258,0.00726593116861407,0.00782620906829834,0.023805989632819213
A0A6J5PZI4,1.600130319595337,3.869051456451416,0.5712057109454894,0.4700706601142883,0.5721592943992827,1.514396,3.9046204,0.57119364,0.45784283,0.58156747,IDP-ESM2-8M,42,300,0.08573436737060547,0.035568952560424805,1.2075481774842522e-05,0.012227833271026556,0.009408171859719983
A0A6J5SKE0,2.886304378509521,7.2544264793396,0.6233467887106858,0.4931926727294922,0.5151594030438162,2.7746034,6.9462705,0.62790805,0.49262738,0.49131176,IDP-ESM2-8M,42,300,0.1117010116577144,0.30815601348876953,0.004561262303260705,0.0005652904510498047,0.02384764428717867
A0A6J5SLP1,2.056353807449341,5.077332019805908,0.6289422434905967,0.4967992901802063,0.5210144813499226,1.914103,4.8456745,0.60889876,0.48982725,0.5410971,IDP-ESM2-8M,42,300,0.14225077629089355,0.2316575050354004,0.020043484602352057,0.0069720447063446045,0.020082623199485394
A0A6J7W7Z1,1.7040530443191528,4.171281814575195,0.5778636035676793,0.4433797597885132,0.5488037899165623,1.7278202,4.190107,0.56152946,0.4512148,0.573915,IDP-ESM2-8M,42,300,0.02376711368560791,0.018825054168701172,0.01633414599855698,0.007835030555725098,0.025111214813662297
A0A6J7WAM5,1.9987006187438965,4.875526905059815,0.5964391770153447,0.4760201573371887,0.5402664294541564,1.9927716,4.9210033,0.58326805,0.4755027,0.5715843,IDP-ESM2-8M,42,300,0.005928993225097656,0.045476436614989346,0.013171130636255302,0.0005174577236175537,0.03131785485141614
A0A6J7WD77,2.0398218631744385,5.234002113342285,0.6154591094767137,0.4833996891975403,0.5215067284826587,2.1634219,5.4227977,0.5950322,0.46972284,0.551681,IDP-ESM2-8M,42,300,0.12360000610351562,0.1887955665588379,0.02042689435830547,0.013676851987838745,0.030174253630225856
A0A6J7WRV8,2.0075509548187256,5.017336845397949,0.6393148275712677,0.5117366909980774,0.5004340316601037,1.9729784,4.9971795,0.62283194,0.49503648,0.49656576,IDP-ESM2-8M,42,300,0.034572601318359375,0.020157337188720703,0.016482886920327733,0.01670020818710327,0.003868272478127377
A0A6J7WTJ4,1.6838769912719729,4.323377132415772,0.6295937189877365,0.4990681409835815,0.4959413393104445,1.79831,4.5302277,0.6124228,0.4872529,0.5203773,IDP-ESM2-8M,42,300,0.11443305015563943,0.20685052871704013,0.017170895081791704,0.011815249919891302,0.02443593901749741
A0A6J7WZ48,3.826281785964966,9.453510284423828,0.6338000924175461,0.5001072883605957,0.5492921056780966,3.468657,8.687863,0.6536167,0.5142063,0.5049846,IDP-ESM2-8M,42,300,0.35762476921081543,0.7656469345092773,0.019816633980921927,0.01409900188446045,0.04430748844482024
A0A6J7WZH5,1.997426152229309,5.063433170318604,0.6319075313073943,0.5114899277687073,0.5175869054829203,1.9687672,5.0650396,0.63864446,0.5048759,0.48790327,IDP-ESM2-8M,42,300,0.02865898609161377,0.00160646438598544,0.006736925556009021,0.006614029407501221,0.02968363833776344
A0A6J7X3M2,1.8229938745498653,4.596062660217285,0.6239521307905707,0.500834584236145,0.5254647265075452,1.7416425,4.4704714,0.6309848,0.5122703,0.5112062,IDP-ESM2-8M,42,300,0.08135139942169145,0.12559127807617188,0.007032652382036764,0.01143568754196167,0.01425851684796875
A0A6J7X4W8,2.203436374664306,5.431280136108398,0.633642640496805,0.5054945945739746,0.5196356791342324,2.0501559,5.362776,0.6583878,0.5165094,0.47253957,IDP-ESM2-8M,42,300,0.1532804965972896,0.06850433349609375,0.024745139692709195,0.011014819145202637,0.04709610522638019
A0A6J7XE11,2.880303382873535,7.103586196899414,0.5896448311932136,0.4443148076534271,0.5443481510228023,2.8352866,7.0295777,0.614157,0.4823364,0.51299906,IDP-ESM2-8M,42,300,0.04501676559448242,0.07400846481323242,0.024512189852471167,0.038021594285964966,0.03134909325302693
A0A6M2ZHS1,2.108590602874756,5.214810848236084,0.5971030232338395,0.4512355923652649,0.5333742198878964,1.9846854,5.0254264,0.61889267,0.49226844,0.50354123,IDP-ESM2-8M,42,300,0.12390518188476562,0.18938446044921875,0.021789646443894917,0.04103285074234009,0.029832988732500842
A0A6M3TA11,1.5102691650390625,3.516918420791626,0.5656975825893021,0.4803137183189392,0.5583930907672768,1.5223025,3.8251052,0.5932348,0.477946,0.52216786,IDP-ESM2-8M,42,300,0.012033343315124512,0.30818676948547363,0.027537194861259384,0.0023677051067352295,0.03622522930563743
A0A6S4P8D4,2.9800455570220947,7.539036273956299,0.6118226185227567,0.4613141715526581,0.5087139208463558,3.1447644,7.889862,0.64146036,0.49377325,0.46720076,IDP-ESM2-8M,42,300,0.1647188663482666,0.35082578659057617,0.029637740573770444,0.0324590802192688,0.04151316477335776
A0A6S4P9N8,2.054049491882324,5.216941356658936,0.6315348243970083,0.4899359047412872,0.5014778354626044,2.0371606,5.126279,0.6116134,0.4863183,0.5222069,IDP-ESM2-8M,42,300,0.016888856887817383,0.09066247940063565,0.019921431567113235,0.0036176145076751154,0.020729067041362903
A0A6S4PA87,3.1072826385498047,7.822821140289307,0.6098370448557368,0.448545753955841,0.5428882902355816,3.1200705,7.8851833,0.65850633,0.5146191,0.486541,IDP-ESM2-8M,42,300,0.012787818908691406,0.0623621940612793,0.04866928897223566,0.0660733580589295,0.0563472872467663
A0A6S4PGH2,1.9700981378555296,4.954819202423096,0.6446771718792407,0.5221967101097107,0.5001569593967412,1.986676,5.0759645,0.6322719,0.51239383,0.52586323,IDP-ESM2-8M,42,300,0.016577839851379617,0.12114524841308594,0.012405286007353467,0.00980287790298462,0.025706270831682865
A0A7D3USN0,4.502585887908936,10.881007194519045,0.626506125635165,0.4935890138149261,0.5834784811046019,4.1504803,10.222569,0.6349657,0.4945122,0.49410567,IDP-ESM2-8M,42,300,0.35210561752319425,0.6584377288818377,0.00845959215734604,0.0009231865406036932,0.08937281422876264
A0A7D5FH32,2.964687824249268,6.771196365356445,0.4890869461969765,0.3887906372547149,0.6653332948178123,3.0248456,7.0603786,0.51622546,0.40516815,0.61317706,IDP-ESM2-8M,42,300,0.060157775878905806,0.289182186126709,0.027138510994490772,0.016377508640289362,0.05215623373687972
A0A7I6MYG1,1.6987109184265137,3.765070199966431,0.4476119295111168,0.3639024496078491,0.6936497593939838,1.7903497,4.161798,0.49754637,0.40229404,0.62178475,IDP-ESM2-8M,42,300,0.09163880348205566,0.39672780036926225,0.049934445286704265,0.0383915901184082,0.07186501274710266
A0A7M1CLG8,2.5670325756073,6.696186542510986,0.6631683169173271,0.5059851408004761,0.4855045421007921,2.6187754,6.6886983,0.64531165,0.52568024,0.52378994,IDP-ESM2-8M,42,300,0.0517427921295166,0.007488250732421875,0.01785666330328295,0.01969510316848755,0.038285400163764804
A0A7M1RZ47,1.7512379884719849,4.559720039367676,0.6602557816967571,0.5235026478767395,0.4651397794275264,1.8737068,4.848536,0.6416067,0.51447403,0.4864164,IDP-ESM2-8M,42,300,0.12246882915496826,0.288815975189209,0.018649093197306454,0.009028613567352295,0.021276620051385975
A0A7S5RCY4,1.7499369382858276,4.145605087280273,0.4727839649219899,0.3573645651340484,0.6565214912623649,1.7810488,4.145518,0.4935141,0.40026256,0.64125675,IDP-ESM2-8M,42,300,0.031111836433410645,8.726119995117188e-05,0.020730125854453607,0.04289799928665167,0.015264741632390555
A0A7S5UT98,1.7647747993469238,4.127696514129639,0.4874576335090069,0.3858593106269836,0.6335443470597522,1.7273705,3.9833431,0.4775309,0.39000636,0.662493,IDP-ESM2-8M,42,300,0.03740429878234863,0.14435338973999023,0.009926736845341122,0.004147052764892634,0.02894864343402226
A0A7S9SUD3,3.2803990840911865,8.420256614685059,0.6443592783642043,0.4996977150440216,0.4987060193142466,2.982458,7.4045057,0.6161491,0.49007595,0.55030805,IDP-ESM2-8M,42,300,0.2979409694671631,1.0157508850097656,0.028210150880836338,0.009621769189834595,0.0516020294108816
A0A7S9XGD0,2.4677963256835938,6.089242935180664,0.6785396467704635,0.5523814558982849,0.5090130014651794,3.3242462,8.499413,0.7420887,0.5765857,0.38904884,IDP-ESM2-8M,42,300,0.8564498424530029,2.4101696014404297,0.06354902872849888,0.024204254150390625,0.1199641568892974
A0A7U3WA13,3.294558525085449,7.61496114730835,0.5238015285301881,0.4226000308990478,0.6326452101164307,4.1614904,9.740061,0.5572365,0.43221346,0.59343296,IDP-ESM2-8M,42,300,0.8669319152832031,2.1250996589660645,0.03343496410363145,0.009613424539566096,0.039212247221991015
A0A811BMM7,3.081161499023437,7.462339878082275,0.6336918559548956,0.5201132297515869,0.5351633174304091,3.0858932,7.6425543,0.6119872,0.49253917,0.54557174,IDP-ESM2-8M,42,300,0.0047316551208500535,0.18021440505981445,0.02170468239761414,0.02757406234741211,0.01040842701157696
A0A858MR12,1.8512427806854248,4.154233932495117,0.4095790856623851,0.3431804776191711,0.7560460814428156,1.7488768,3.8833613,0.42613584,0.36179918,0.7720098,IDP-ESM2-8M,42,300,0.10236597061157227,0.2708725929260254,0.016556752369383698,0.018618702888488825,0.01596370850087947
A0A8A4VK22,1.9344406127929688,4.924396514892578,0.6309197984060031,0.5022345781326294,0.5196998787851062,2.071589,5.476372,0.6800685,0.54112905,0.44559956,IDP-ESM2-8M,42,300,0.13714838027954102,0.5519752502441406,0.0491486944834012,0.038894474506378174,0.07410032281586787
A0A8D9CCF9,1.8626888990402224,4.7737555503845215,0.6589138205977746,0.520041823387146,0.4985468940038113,1.8766198,4.8885956,0.67083395,0.54047334,0.45442593,IDP-ESM2-8M,42,300,0.013930916786193626,0.11484003067016602,0.011920124676578436,0.0204315185546875,0.04412096302694363
A0A8E5KAT9,2.134221076965332,5.213846206665039,0.6205822784251273,0.4966911375522613,0.5302895750355515,2.0068104,5.006334,0.60631967,0.48917207,0.55022967,IDP-ESM2-8M,42,300,0.1274106502532959,0.20751237869262695,0.014262612516313777,0.0075190663337706964,0.019940093581697016
A0A8F2E6U0,1.6279325485229492,2.936932325363159,0.3870195761908508,0.3804225921630859,0.8144267563966624,1.9103116,4.4073358,0.49109438,0.41357076,0.69055724,IDP-ESM2-8M,42,300,0.28237903118133545,1.4704034328460693,0.10407480442629091,0.033148169517517145,0.12386951495684306
A0A8S5LF95,1.9524694681167605,4.752089500427246,0.6116146925184845,0.4761669933795929,0.5193611792038304,1.899815,4.6901965,0.5759507,0.464829,0.5566859,IDP-ESM2-8M,42,300,0.0526545047760012,0.06189298629760742,0.03566401035524602,0.011337995529174805,0.037324745326198894
A0A8S5LN82,1.4564770460128784,3.551030158996582,0.5644539526827057,0.4440465569496155,0.5295872270345483,1.458387,3.5256896,0.560466,0.4523233,0.55309415,IDP-ESM2-8M,42,300,0.0019099712371826172,0.025340557098388672,0.003987961185665911,0.00827673077583313,0.023506921601315955
A0A8S5M1Q5,1.6349014043807983,4.136609554290772,0.6176851959731746,0.4815238714218139,0.5082991088930108,1.8130033,4.408707,0.5815154,0.46472847,0.54980236,IDP-ESM2-8M,42,300,0.17810189723968506,0.27209758758544833,0.03616982417370562,0.016795396804809515,0.041503254025842984
A0A8S5M989,1.555854320526123,3.871352434158325,0.6222308559247735,0.4920191466808319,0.4863082350686921,1.5558544,4.0289774,0.6238137,0.4979012,0.48080298,IDP-ESM2-8M,42,300,1.1920928955078125e-07,0.1576249599456787,0.0015828328302619488,0.005882054567337036,0.005505252023114082
A0A8S5MGS1,1.910127878189087,4.985308170318604,0.6454179214791889,0.503861665725708,0.4753694556038174,2.0632448,5.2864814,0.61861545,0.4890982,0.5149222,IDP-ESM2-8M,42,300,0.15311694145202637,0.3011732101440421,0.026802473004304828,0.014763474464416504,0.03955274602963599
A0A8S5N1K7,1.5256634950637815,3.474898099899292,0.5076233191310318,0.4272309243679046,0.612853629655482,1.4306816,3.4258518,0.5200296,0.42081842,0.60142,IDP-ESM2-8M,42,300,0.09498190879821755,0.04904627799987793,0.012406285303935283,0.0064125061035155695,0.011433644361139916
A0A8S5N469,1.5433911085128784,3.9640309810638414,0.618228924830962,0.4805101752281189,0.4974264329530719,1.413658,3.5048342,0.5856434,0.47385848,0.5376094,IDP-ESM2-8M,42,300,0.12973308563232422,0.45919680595397816,0.03258551414828381,0.006651699542999268,0.04018296541194888
A0A8S5NE69,1.979480147361756,4.995694160461426,0.6259157828466456,0.5032637119293213,0.4971250753689158,1.9230207,4.814858,0.6065717,0.48266685,0.5349343,IDP-ESM2-8M,42,300,0.05645942687988348,0.18083620071411133,0.01934410849972179,0.020596861839294434,0.03780920693394063
A0A8S5NNF7,1.9403384923934937,4.894529819488525,0.6511790284864741,0.5318760275840759,0.5101288463592105,1.9676414,5.224354,0.6980511,0.55936986,0.43357506,IDP-ESM2-8M,42,300,0.027302861213684082,0.32982397079467773,0.046872066522375966,0.027493834495544434,0.0765537824153476
A0A8S5NWD3,1.503544807434082,3.65364933013916,0.5553315055471386,0.437623530626297,0.5612589615247779,1.4659564,3.5962255,0.57653743,0.4617722,0.5365444,IDP-ESM2-8M,42,300,0.03758835792541504,0.05742383003234863,0.021205924739268855,0.024148672819137573,0.02471457895260387
A0A8S5NWX7,1.5410619974136353,3.9742047786712646,0.5973966100056615,0.4562604129314422,0.5145139779202701,1.5017973,3.7826734,0.6065429,0.47998667,0.5110292,IDP-ESM2-8M,42,300,0.039264678955078125,0.19153141975402832,0.009146275297835849,0.023726254701614435,0.0034847940556765877
A0A8S5PA77,1.6479690074920654,3.97419810295105,0.5599879865602492,0.4593021273612976,0.5856182069537395,1.637279,4.000925,0.56858236,0.4644915,0.5894444,IDP-ESM2-8M,42,300,0.010689973831176758,0.026726961135864258,0.008594369415855563,0.005189359188079834,0.003826191926265432
A0A8S5PGG1,1.999321460723877,4.958240509033203,0.6312471216651164,0.5193281769752502,0.5364796865903231,2.215706,5.6943383,0.6662873,0.5310746,0.48360065,IDP-ESM2-8M,42,300,0.2163846492767334,0.7360978126525879,0.0350401813057698,0.011746406555175781,0.05287904033292257
A0A8S5PHX0,1.9911673069000244,5.045957088470459,0.6327991748358371,0.5082547068595886,0.5226838316144725,1.9287443,4.81977,0.61443275,0.5048961,0.5496671,IDP-ESM2-8M,42,300,0.062422990798950195,0.22618722915649414,0.01836642270342137,0.003358602523803711,0.026983288365385882
A0A8S5PIQ8,2.47629189491272,6.197360038757324,0.6421392661794804,0.5042612552642822,0.5010112350274648,2.5415215,6.521649,0.6485485,0.50891066,0.49197593,IDP-ESM2-8M,42,300,0.06522965431213334,0.32428884506225586,0.006409217669091416,0.00464940071105957,0.009035301714095056
A0A8S5Q7R0,1.6152764558792114,4.101143836975098,0.6178053430009274,0.4791023731231689,0.490659105079351,1.6409724,4.104001,0.5944886,0.47493857,0.51381814,IDP-ESM2-8M,42,300,0.02569591999053955,0.002857208251953125,0.023316722242870735,0.004163801670074407,0.0231590397189278
A0A8S5RD61,1.6017917394638062,3.965585231781006,0.6046984632452004,0.4811049401760101,0.5243035053119524,1.7127814,4.261316,0.5866884,0.46714061,0.5265043,IDP-ESM2-8M,42,300,0.11098968982696533,0.2957305908203125,0.01801006393032001,0.013964325189590399,0.0022007728710310426
A0A8S5RFF7,1.862288475036621,4.7275071144104,0.6458170845488161,0.5117868781089783,0.506412038024073,2.1588142,5.583536,0.6528133,0.52212906,0.48453465,IDP-ESM2-8M,42,300,0.2965257167816162,0.8560290336608887,0.0069962308427243824,0.010342180728912354,0.02187738698304209
A0A8S5RGG2,1.6594260931015017,4.092227935791016,0.6227961601005827,0.5022700428962708,0.5305666713097132,1.5827335,3.8810444,0.58772326,0.49272722,0.57896274,IDP-ESM2-8M,42,300,0.07669258117675803,0.2111835479736328,0.03507290494311199,0.00954282283782959,0.04839607197260487
A0A8S5S9N0,1.621069073677063,4.162961006164551,0.6458787838718318,0.520874559879303,0.4756734785388906,1.7754626,4.576991,0.6326491,0.51943,0.50854075,IDP-ESM2-8M,42,300,0.15439355373382568,0.4140300750732422,0.013229660203161187,0.0014445781707763672,0.03286727101097514
A0A8S5SDG1,1.5783900022506714,3.777143001556397,0.5939259302309056,0.479500949382782,0.531778142557477,1.5684458,3.8364918,0.56689906,0.4558223,0.54846245,IDP-ESM2-8M,42,300,0.00994420051574707,0.059348821640014204,0.027026869027902634,0.02367866039276123,0.01668430794682596
A0A8S5SII4,2.182900667190552,5.513121128082275,0.6077533348160197,0.4632779061794281,0.5208297853862222,1.9761214,4.9280815,0.59864235,0.4761553,0.54460955,IDP-ESM2-8M,42,300,0.2067792415618901,0.5850396156311035,0.009110985572855612,0.012877404689788818,0.023779761275154798
A0A8S5SVB6,1.7427517175674438,4.428826808929443,0.6321562764044861,0.4956240057945251,0.5007640859459576,1.7560761,4.445689,0.6103858,0.493097,0.5249441,IDP-ESM2-8M,42,300,0.013324379920959473,0.01686239242553711,0.021770500838385054,0.0025269985198974054,0.02418004066002999
A0A8S5TCW6,1.505388617515564,3.488236665725708,0.5181335237283683,0.4185857474803924,0.6082048208860208,1.6000252,3.8650188,0.55440253,0.4526636,0.58550215,IDP-ESM2-8M,42,300,0.09463655948638916,0.3767821788787842,0.03626900646496056,0.0340778529644013,0.022702673211460245
A0A8S5TKF0,1.830511450767517,4.734582901000977,0.6540355363669675,0.5201504230499268,0.4858890356911515,1.7759428,4.6682215,0.66720533,0.5300656,0.4282365,IDP-ESM2-8M,42,300,0.05456864833831787,0.0663614273071289,0.013169797342749257,0.009915173053741455,0.057652521361241216
A0A8S5U5H8,1.668262004852295,4.164511203765869,0.6014710903954414,0.4717178344726562,0.5415812340166098,1.8840709,4.8102756,0.6248948,0.49728316,0.48832348,IDP-ESM2-8M,42,300,0.21580886840820312,0.6457643508911133,0.023423707406529992,0.025565326213836725,0.05325775412578648
A0A8S5UDW9,1.522452712059021,3.642811536788941,0.5618506913750334,0.4482762217521667,0.547836939233785,1.4498346,3.5439126,0.5687341,0.455096,0.5432527,IDP-ESM2-8M,42,300,0.07261812686920166,0.09889888763427779,0.0068834180266694744,0.006819784641265925,0.004584232706074998
A0A8S5UG11,3.551250696182251,8.637042999267578,0.6664740581686461,0.5874826908111572,0.5787946911582735,3.853119,9.535954,0.6688544,0.588045,0.6672581,IDP-ESM2-8M,42,300,0.301868200302124,0.8989114761352539,0.0023803572480713964,0.0005623102188110352,0.08846339266206948
A0A8S5UGG4,2.0329296588897705,5.041426181793213,0.6574535224102054,0.5424679517745972,0.5160772290311407,1.984102,5.1508126,0.6656438,0.54662675,0.5129379,IDP-ESM2-8M,42,300,0.0488276481628418,0.10938644409179688,0.008190288815685731,0.00415879487991333,0.0031393256269048875
A0A8S5UXR4,1.4902340173721311,3.5173609256744385,0.5479879408922085,0.4339300394058227,0.5659117865704142,1.566262,3.782895,0.5533902,0.44190457,0.5774279,IDP-ESM2-8M,42,300,0.07602798938751243,0.2655341625213623,0.005402264014255143,0.007974535226821955,0.011516137108937619
A0A8S5UYA7,1.5546787977218628,3.6187729835510254,0.5588825855810706,0.4516715705394745,0.5538835750972289,1.5730097,3.797465,0.5540668,0.4447426,0.5606665,IDP-ESM2-8M,42,300,0.018330931663513184,0.17869210243225098,0.004815808351761541,0.006928980350494385,0.006782926424835356
A0A8S5V197,2.031447410583496,5.217623710632324,0.6655993583111371,0.5359399914741516,0.4854073841716761,1.7112257,4.308147,0.618336,0.5166054,0.5398569,IDP-ESM2-8M,42,300,0.3202216625213623,0.9094767570495605,0.047263336410960144,0.019334614276885986,0.05444952653389029
A0A8S5V2I6,1.510156273841858,3.716807365417481,0.584592455295976,0.4609362483024597,0.521300645449666,1.6347654,3.9609928,0.56615055,0.45218816,0.55448645,IDP-ESM2-8M,42,300,0.12460911273956299,0.24418544769287065,0.018441909222062458,0.008748084306716919,0.033185808083506574
A0A8S5VTX0,1.8732147216796875,4.677481651306152,0.6281524063404602,0.5191910862922668,0.5238727038835459,1.614825,4.1076894,0.60899943,0.5055755,0.56098247,IDP-ESM2-8M,42,300,0.2583897113800049,0.5697922706604004,0.01915297520718995,0.013615608215332031,0.037109761860472656
A0A976N2M2,1.766093134880066,4.478177547454834,0.6559645424843146,0.5387181639671326,0.5171916036625824,1.9675529,5.1970224,0.69388115,0.5559165,0.43531522,IDP-ESM2-8M,42,300,0.20145976543426514,0.7188448905944824,0.0379166115760492,0.01719832420349121,0.08187638211450199
A0A976N2T1,1.7693208456039429,4.482289791107178,0.6613569635400225,0.5352510809898376,0.4996799372620866,1.7194114,4.459831,0.64108825,0.5218933,0.52239484,IDP-ESM2-8M,42,300,0.04990947246551514,0.022458553314208984,0.020268716240828155,0.013357758522033691,0.0227148986868575
A0A977TP41,2.6149938106536865,6.4530439376831055,0.6300407803268576,0.5063483715057373,0.5244750634780444,2.4610956,6.3643866,0.6783234,0.5272056,0.40945518,IDP-ESM2-8M,42,300,0.1538982391357422,0.08865737915039062,0.04828260777281279,0.02085721492767334,0.11501988330989255
A0A9C7EYP6,2.1634764671325684,4.398148536682129,0.43452964774885,0.415037602186203,0.7636417569324926,2.209885,4.8691077,0.45311064,0.38816807,0.764611,IDP-ESM2-8M,42,300,0.04640841484069824,0.4709591865539551,0.01858098753175913,0.026869535446166992,0.0009692488505884667
A0A9E7E114,2.758843183517456,6.27767276763916,0.5078812672146445,0.3903974890708923,0.6122610001990875,2.8595853,6.7017574,0.5159197,0.39759347,0.5861827,IDP-ESM2-8M,42,300,0.10074210166931152,0.4240846633911133,0.008038418149124982,0.007195979356765803,0.02607828669048151
A0A9E7MTP4,1.7609477043151855,4.5287041664123535,0.6246716396277747,0.4864590764045715,0.4975808886266212,1.771209,4.639907,0.6450992,0.51383924,0.4514593,IDP-ESM2-8M,42,300,0.010261297225952148,0.11120271682739258,0.020427583032289975,0.02738016843795782,0.046121600029514265
A0A9E7NGQ3,1.9558959007263184,4.658963680267334,0.5884321258793854,0.4884995222091675,0.5646497699971147,1.7832403,4.465748,0.5971379,0.48711193,0.5470231,IDP-ESM2-8M,42,300,0.17265558242797852,0.19321584701538086,0.008705802129647777,0.0013875961303710938,0.017626652454847846
A0A9E7PRV1,4.966005802154541,12.42465114593506,0.6418338821652064,0.5040801763534546,0.5678339052213087,4.180912,10.201189,0.61782634,0.4903084,0.58027667,IDP-ESM2-8M,42,300,0.7850937843322754,2.223462104797365,0.02400753958250379,0.013771772384643555,0.012442762850438105
A0A9E7QSB8,3.6192102432250977,9.088105201721191,0.6334381090247585,0.4985016882419586,0.5192696335634734,3.4538832,8.568411,0.6402591,0.50155973,0.49746558,IDP-ESM2-8M,42,300,0.1653270721435547,0.5196943283081055,0.006820978060965377,0.0030580461025238037,0.02180405286164544
A0A9E7YC22,2.480623245239258,6.347571849822998,0.6530363285570744,0.5231115818023682,0.5018608900518298,2.517022,6.662036,0.6980776,0.5443263,0.3801844,IDP-ESM2-8M,42,300,0.03639864921569824,0.31446409225463867,0.04504129051870076,0.021214723587036133,0.12167647804926629
A0A9E8JWV9,2.199270725250244,5.369321346282959,0.6401051762144631,0.5568205118179321,0.5379537676776394,2.1500545,5.6070213,0.6672355,0.5419736,0.47578853,IDP-ESM2-8M,42,300,0.049216270446777344,0.2376999855041504,0.027130317445510088,0.01484692096710205,0.06216523399004781
A0AA49BTX9,1.6938868761062622,3.967814683914185,0.5396092461553355,0.4442476630210876,0.5860095774666206,1.59589,3.7618823,0.5133402,0.4200931,0.6287187,IDP-ESM2-8M,42,300,0.09799683094024658,0.20593237876892134,0.026269071003510502,0.02415457367897028,0.04270909671627121
A0AA95EHV2,7.389461994171143,16.62679672241211,0.6092056709731453,0.5062684416770935,0.7160338931706022,7.973008,18.916481,0.70853055,0.5748806,0.61571044,IDP-ESM2-8M,42,300,0.5835461616516113,2.289684295654297,0.09932487426153491,0.06861215829849243,0.10032345587278113
A0AAE6H393,2.333474636077881,5.817395210266113,0.6201658146552452,0.4754006862640381,0.524248644432065,2.668516,7.063954,0.71209484,0.55180025,0.3510369,IDP-ESM2-8M,42,300,0.3350412845611572,1.246558666229248,0.09192902873235853,0.07639956474304199,0.17321173818969438
A0AAE6M5R2,3.574749708175659,8.956814765930176,0.6455717941389474,0.4998641610145569,0.4947678444319588,3.4486022,8.56344,0.63104904,0.48700812,0.48531562,IDP-ESM2-8M,42,300,0.12614750862121582,0.3933744430541992,0.014522757159272093,0.01285603642463684,0.009452223532758375
A0AAE6R6D0,2.9101979732513428,7.273341178894043,0.6414959248789484,0.5046051144599915,0.5203278840209861,3.079504,7.782285,0.68313885,0.5321564,0.4501257,IDP-ESM2-8M,42,300,0.16930603981018066,0.508944034576416,0.041642922472125865,0.02755129337310791,0.07020218974608372
A0AAE7RVV2,1.549201250076294,4.005000114440918,0.6256452239470244,0.4759993851184845,0.4700835859508455,1.7657717,4.4203115,0.6047743,0.47989255,0.51595443,IDP-ESM2-8M,42,300,0.21657049655914307,0.415311336517334,0.020870927663302452,0.0038931667804718018,0.0458708489208281
A0AAE7RZ51,1.6562680006027222,4.231266975402832,0.6354013096335884,0.4900241792201996,0.4911306926129151,1.8557732,4.847402,0.65093815,0.5254485,0.4697656,IDP-ESM2-8M,42,300,0.19950520992279053,0.6161351203918457,0.015536843633318309,0.03542432188987732,0.021365089070587207
A0AAE7V272,1.856889009475708,4.393067359924316,0.5919928782416691,0.4723882675170898,0.5479286245091379,1.8852091,4.704977,0.59645,0.47923043,0.5391527,IDP-ESM2-8M,42,300,0.0283200740814209,0.31190967559814453,0.004457092957366515,0.006842166185379084,0.008775942681592763
A0AAE8XJ71,2.8510282039642334,7.300390243530273,0.6162801183603962,0.4611479043960571,0.5038196040525096,2.7419512,6.6954107,0.5960785,0.4729051,0.54954165,IDP-ESM2-8M,42,300,0.10907697677612305,0.6049795150756836,0.02020160330760079,0.011757194995880182,0.04572204815009662
A0AAE8XN63,1.6662607192993164,3.891711711883545,0.6036235148094504,0.5072287917137146,0.5367994014282378,1.5457906,3.6842573,0.5298385,0.44469285,0.63823074,IDP-ESM2-8M,42,300,0.12047016620635986,0.20745444297790527,0.07378501240237645,0.06253594160079956,0.10143133959577955
A0AAE8Y2B1,2.837514638900757,7.076480865478516,0.6586776023777682,0.5181479454040527,0.5031115300338673,2.899485,7.241233,0.6418201,0.5030962,0.48181742,IDP-ESM2-8M,42,300,0.06197047233581543,0.16475200653076172,0.016857529250021597,0.015051722526550293,0.021294105736534563
A0AAE8Y3C7,3.154787540435791,8.104768753051758,0.6654128110270621,0.5310226678848267,0.4909075559145717,3.1220856,7.962852,0.6860421,0.5332377,0.44474596,IDP-ESM2-8M,42,300,0.032701969146728516,0.14191675186157227,0.020629259361731878,0.0022150278091430664,0.04616159806316178
A0AAE8YWI4,1.5819929838180542,3.747267484664917,0.5531332128824938,0.4341438710689544,0.5837225731325899,1.5969998,3.8807042,0.56845134,0.460558,0.56939304,IDP-ESM2-8M,42,300,0.015006780624389648,0.1334366798400879,0.015318132084394587,0.026414126157760676,0.014329534382895082
A0AAE9BPG4,2.125000238418579,5.5421881675720215,0.6579102197988657,0.5116456747055054,0.486661197458311,2.0912132,5.324294,0.63668966,0.5162333,0.5250046,IDP-ESM2-8M,42,300,0.03378701210021973,0.2178940773010254,0.02122055686551605,0.004587650299072266,0.03834342786212358
A0AAE9BPT7,1.926737189292908,4.9898786544799805,0.6475651916117122,0.5107080936431885,0.4766959236185396,1.8016117,4.5670176,0.61976486,0.5035631,0.5109096,IDP-ESM2-8M,42,300,0.1251255273818972,0.42286109924316406,0.027800327166979555,0.0071449875831604,0.0342136933286345
A0EXV0,3.0526318550109863,6.968640327453613,0.5124408427947693,0.4097919464111328,0.6417058154013048,3.255276,7.6481,0.524119,0.4208213,0.6263993,IDP-ESM2-8M,42,300,0.20264410972595215,0.6794595718383789,0.011678176713592503,0.011029362678527832,0.01530653676055771
A0EYY2,2.9634368419647217,7.393753528594971,0.6403427988641521,0.5140306949615479,0.5168964690513576,2.966914,7.6880884,0.71508646,0.5554297,0.38307065,IDP-ESM2-8M,42,300,0.0034770965576171875,0.29433488845825195,0.07474366124937326,0.04139900207519531,0.13382582133483534
A1YJ55,3.105922222137451,8.049184799194336,0.6645218913036223,0.5154600739479065,0.4898996432356873,2.9768882,7.6436405,0.685056,0.53129274,0.4144392,IDP-ESM2-8M,42,300,0.12903404235839844,0.4055442810058594,0.020534079842007613,0.01583266258239746,0.07546044188070683
A1YMK7,1.6322555541992188,3.962067842483521,0.5558065917499018,0.4447048902511596,0.5564170015566794,1.5368756,3.7051933,0.53886664,0.43628737,0.5756989,IDP-ESM2-8M,42,300,0.09537994861602783,0.2568745613098149,0.016939952612633702,0.008417516946792547,0.019281910587027884
A4FTA6,2.300997972488404,5.250673294067383,0.4709104426399003,0.3683986365795135,0.6786400614583441,2.3858743,5.5672827,0.5288753,0.4236304,0.58734214,IDP-ESM2-8M,42,300,0.08487629890441806,0.31660938262939453,0.05796484870760338,0.05523175001144415,0.09129791839956725
A4L236,3.512526750564575,8.685931205749512,0.6489417209831724,0.5153290033340454,0.525883161702602,2.4641259,6.3399224,0.66797304,0.52653277,0.45939478,IDP-ESM2-8M,42,300,1.04840087890625,2.346008777618408,0.01903132055125145,0.011203765869140625,0.06648837892100101
A4ZRA0,1.961164832115173,4.972619533538818,0.6370369610300247,0.5094291567802429,0.4846316635777311,1.9613948,5.0249825,0.63464165,0.50486875,0.47177583,IDP-ESM2-8M,42,300,0.00022995471954390112,0.052362918853759766,0.00239531369115753,0.004560410976409912,0.01285583378570837
A4ZRD1,3.3021955490112305,8.340985298156738,0.6211730096453577,0.4740319550037384,0.5228329081163163,3.319405,8.201961,0.62832314,0.48384985,0.4957252,IDP-ESM2-8M,42,300,0.017209529876708984,0.1390247344970703,0.007150128114804644,0.009817898273468018,0.02710769363496257
A7IUH2,2.902392625808716,6.603114128112793,0.4621117395038129,0.3592240512371063,0.7172371801499122,2.8078725,6.522569,0.52059567,0.41645813,0.6205978,IDP-ESM2-8M,42,300,0.09452009201049805,0.08054494857788086,0.058483930242586024,0.05723407864570618,0.09663940039908825
A7IXA4,2.5567126274108887,6.104261875152588,0.5309474962061775,0.4119118452072143,0.5874894098284453,2.7189457,6.385611,0.53613883,0.4300966,0.60912424,IDP-ESM2-8M,42,300,0.1622331142425537,0.28134918212890625,0.005191336362944776,0.018184751272201594,0.0216348334309846
A7J7F5,2.824288845062256,6.827632427215576,0.4974727317072045,0.3683202266693115,0.6495588664229062,2.709365,6.339017,0.5284744,0.42196304,0.61477983,IDP-ESM2-8M,42,300,0.11492395401000977,0.4886155128479004,0.031001658799539866,0.05364280939102173,0.034779036443963296
A7K957,3.3927342891693115,8.343732833862305,0.4751382526499413,0.3536808788776397,0.7118865113369892,3.2279177,7.349482,0.49781942,0.41128963,0.7051049,IDP-ESM2-8M,42,300,0.16481661796569824,0.9942507743835449,0.022681171025595803,0.05760875344276434,0.0067816238514850635
A8UP82,2.7880609035491943,6.18055534362793,0.4866892629859178,0.3820127546787262,0.6483202007796789,2.897848,6.74651,0.5134856,0.4039662,0.609203,IDP-ESM2-8M,42,300,0.1097869873046875,0.5659546852111816,0.0267963474991591,0.021953433752059937,0.03911721978450067
A8UP87,2.8791894912719727,6.555157661437988,0.5087335995650378,0.4152946472167969,0.6145595461719411,2.8816743,6.6901946,0.5095798,0.40209964,0.6160721,IDP-ESM2-8M,42,300,0.0024847984313964844,0.13503694534301758,0.0008461781525525014,0.013195008039474487,0.0015125721103770307
A8UP89,2.7823946475982666,6.33688497543335,0.4767561737039131,0.3806919157505035,0.6710812802020647,2.8986228,6.7487135,0.51297164,0.4035525,0.6098001,IDP-ESM2-8M,42,300,0.11622810363769531,0.41182851791381836,0.03621546592926561,0.02286058664321905,0.061281179875526615
A8UP92,2.8439643383026123,6.611290454864502,0.5109819664557396,0.4071932137012481,0.6017136898176391,2.8806772,6.6854296,0.50789016,0.40125397,0.61815774,IDP-ESM2-8M,42,300,0.0367128849029541,0.07413911819458008,0.003091801603597233,0.005939245223998968,0.016444054590014745
A8UPA2,2.8818564414978027,6.877598762512207,0.5289680515688779,0.4112477898597717,0.5699772489774917,2.8979409,6.753674,0.5149875,0.404646,0.60673666,IDP-ESM2-8M,42,300,0.01608443260192871,0.12392473220825195,0.013980523244750742,0.006601780652999822,0.03675941102617042
A9YTD9,1.5474203824996948,3.7821741104125977,0.5985443670994925,0.4886049032211303,0.5257050359532555,1.4618899,3.67246,0.57353795,0.46455967,0.5380627,IDP-ESM2-8M,42,300,0.08553051948547363,0.10971403121948242,0.02500642135211706,0.024045228958129827,0.012357655735282136
N0DQS9,1.863079190254212,4.8827290534973145,0.6366951712334451,0.5004458427429199,0.4670770160198744,2.1460054,5.348709,0.59151775,0.4652397,0.5234235,IDP-ESM2-8M,42,300,0.28292620182037287,0.46598005294799805,0.045177424784928255,0.035206139087677,0.05634647688860339
O11373,1.944133877754212,4.518608093261719,0.5354211656329564,0.42648446559906,0.5724514250909585,1.9697454,4.6746583,0.5367724,0.4276511,0.5710185,IDP-ESM2-8M,42,300,0.02561151981353693,0.1560502052307129,0.0013512047054835552,0.0011666417121887762,0.0014329080735939748
O11385,3.266636848449707,7.458346366882324,0.5021623543305814,0.3918391466140747,0.657059993704315,3.277332,7.57306,0.49959737,0.394521,0.6575358,IDP-ESM2-8M,42,300,0.010695219039916992,0.11471366882324219,0.0025649837060391922,0.0026818513870239258,0.0004757976927797225
O11680,3.1757476329803467,7.416848659515381,0.507944017287079,0.397723376750946,0.6409898816600824,3.1062188,7.2358837,0.5152473,0.4056453,0.6289977,IDP-ESM2-8M,42,300,0.06952881813049316,0.18096494674682617,0.007303268078979297,0.007921934127807673,0.011992198134996968
O11889,2.3806490898132324,5.428405284881592,0.5265906331189587,0.4248062968254089,0.6006283870853055,2.3433363,5.5674777,0.5345876,0.42140222,0.57564265,IDP-ESM2-8M,42,300,0.03731274604797363,0.13907241821289062,0.007996988569884067,0.0034040808677672785,0.02498574172626622
O12700,1.823898911476136,4.426863670349121,0.5698430723478574,0.4526139497756958,0.5550898915845482,1.9417084,4.831951,0.57949185,0.4614289,0.5397705,IDP-ESM2-8M,42,300,0.11780953407287531,0.4050874710083008,0.009648781366131898,0.008814960718154907,0.015319407613906155
O22002,2.417184829711914,5.482365608215332,0.4860767645061633,0.3914803564548492,0.676551809308402,2.5234852,5.9421897,0.5258675,0.4114968,0.600892,IDP-ESM2-8M,42,300,0.10630035400390625,0.4598240852355957,0.03979075725668463,0.020016431808471735,0.07565980195748034
O36059,2.7735705375671387,6.698060512542725,0.5280589074265221,0.3987464010715484,0.5819346862454684,2.8575413,6.6870794,0.51298803,0.39985767,0.61966044,IDP-ESM2-8M,42,300,0.08397078514099121,0.010981082916259766,0.015070876516030118,0.0011112689971924383,0.03772575086161778
O36067,2.814831495285034,6.661972522735596,0.524168505088223,0.4056725203990936,0.5992133744066388,2.796198,6.5596104,0.5136068,0.4003098,0.61952597,IDP-ESM2-8M,42,300,0.018633604049682617,0.10236215591430664,0.010561718360317718,0.005362719297409002,0.0203125946218341
O36078,2.7277092933654785,6.301159858703613,0.499504269650409,0.3756804764270782,0.6366496713979035,2.7293923,6.4006658,0.51544046,0.40302002,0.613884,IDP-ESM2-8M,42,300,0.0016829967498779297,0.09950590133666992,0.015936194369366385,0.02733954787254339,0.022765699229934766
O36100,2.7501533031463623,6.3578200340271,0.513322736780316,0.3992183804512024,0.6088547396544941,2.803382,6.534172,0.5085314,0.3992003,0.6270814,IDP-ESM2-8M,42,300,0.05322861671447754,0.17635202407836914,0.004791345159680049,1.8090009689331055e-05,0.018226654541062537
O36115,2.820329666137696,6.625477313995361,0.5316046108215325,0.4130119681358337,0.5840061062046918,2.8195307,6.6105494,0.5203013,0.4055753,0.613905,IDP-ESM2-8M,42,300,0.0007989406585702241,0.014927864074707031,0.01130332841567927,0.007436662912368719,0.02989890640288262
O36117,2.7356581687927246,6.267320156097412,0.4986975604961549,0.378527283668518,0.6397833087675229,2.8945374,6.781933,0.514024,0.40148637,0.62492603,IDP-ESM2-8M,42,300,0.15887928009033203,0.5146126747131348,0.015326458745178129,0.022959083318710383,0.014857278131689133
O36118,2.7345170974731445,6.298141002655029,0.5208471473083802,0.3901232481002807,0.5895781435839549,2.8271594,6.612993,0.51559985,0.40257803,0.61666185,IDP-ESM2-8M,42,300,0.09264230728149414,0.3148517608642578,0.005247300468475435,0.012454777956008967,0.027083703053770947
O36119,2.7539520263671875,6.58119010925293,0.5196283407136549,0.4007786810398102,0.5955294528589183,2.8738744,6.714665,0.50776476,0.39687857,0.626812,IDP-ESM2-8M,42,300,0.11992239952087402,0.13347482681274414,0.011863584034120023,0.0039001107215881348,0.031282528342253535
O36121,2.7719454765319824,6.464303970336914,0.5173621361870264,0.4041217863559723,0.6047633896690481,2.9117472,6.8160634,0.51898426,0.40421435,0.6155864,IDP-ESM2-8M,42,300,0.1398017406463623,0.3517594337463379,0.0016221219878698179,9.256601333618164e-05,0.010823010362995378
O36157,2.838228702545166,6.876666069030762,0.5386433486732403,0.4153994619846344,0.5727770412119959,2.8867486,6.7735825,0.51862824,0.40411556,0.6174022,IDP-ESM2-8M,42,300,0.04851984977722168,0.10308361053466797,0.02001510904158743,0.011283904314041138,0.04462515471848505
O38492,2.245894193649292,5.439863204956055,0.514897226909045,0.3879936337471008,0.6121959036915785,2.0763497,4.8630004,0.5177975,0.4155718,0.6214547,IDP-ESM2-8M,42,300,0.16954445838928223,0.5768628120422363,0.002900302788373166,0.027578175067901667,0.009258812037181263
O39165,1.8647940158844,4.763008117675781,0.625028993795014,0.473918616771698,0.5005400266178837,1.6122825,4.1178827,0.62896645,0.51354456,0.49558523,IDP-ESM2-8M,42,300,0.2525115013122565,0.6451253890991211,0.003937456896209168,0.03962594270706177,0.004954793644784905
O39372,2.330099105834961,5.749380111694336,0.5511243594081404,0.426207035779953,0.5623560101882008,2.3835235,5.6283793,0.5343959,0.42608026,0.59746516,IDP-ESM2-8M,42,300,0.05342435836791992,0.12100076675415039,0.016728485861540077,0.00012677907943725586,0.03510914732064929
O39937,2.7031285762786865,6.239962577819824,0.4981081196078325,0.388294905424118,0.6336251995129992,2.8556547,6.6944733,0.5170995,0.40313464,0.6137086,IDP-ESM2-8M,42,300,0.1525261402130127,0.4545106887817383,0.01899138009462109,0.014839738607406672,0.019916584209959676
O39943,2.753171443939209,6.407489776611328,0.5244550754535166,0.3966303169727325,0.5858442945455061,2.8810158,6.7395797,0.5167975,0.40437236,0.6143923,IDP-ESM2-8M,42,300,0.12784433364868164,0.332089900970459,0.0076575924861398414,0.007742047309875544,0.028547986033107153
O41014,3.510153293609619,8.342101097106934,0.5816358467762689,0.462553322315216,0.5689482320702974,3.2192662,7.5564823,0.5433519,0.43286029,0.6429656,IDP-ESM2-8M,42,300,0.29088711738586426,0.785618782043457,0.038283958119652683,0.02969303727149958,0.07401738272538738
O41972,7.472951889038086,17.415916442871094,0.5047830537970771,0.3943742513656616,0.6393697866891154,4.829826,11.119343,0.49858057,0.3867785,0.6879777,IDP-ESM2-8M,42,300,2.6431260108947754,6.296573638916016,0.0062024788077582604,0.007595747709274292,0.04860788493411461
O41981,2.781178474426269,6.674360275268555,0.5212134204166595,0.4095565676689148,0.5863933139164208,3.0998394,7.2807007,0.5336546,0.4104465,0.5764971,IDP-ESM2-8M,42,300,0.3186609745025639,0.6063404083251953,0.012441150162869286,0.0008899271488189697,0.009896235974526268
O55723,2.562114953994751,6.097701549530029,0.6304047239800153,0.5124930143356323,0.531147023259234,2.329709,6.0449243,0.6635442,0.52074313,0.47096202,IDP-ESM2-8M,42,300,0.2324059009552002,0.05277729034423828,0.033139454029017856,0.008250117301940918,0.06018500548465211
O55724,2.7818024158477783,6.901993274688721,0.6564604096718012,0.5184575319290161,0.5323572342436851,2.7005365,7.042419,0.7138063,0.57031214,0.482425,IDP-ESM2-8M,42,300,0.08126592636108398,0.1404256820678711,0.05734586188123836,0.051854610443115234,0.04993222999983438
O70793,2.3257431983947754,5.201538562774658,0.4382161255391646,0.3491737842559814,0.7577179607937887,2.3951814,5.3568273,0.46072266,0.39708665,0.7384056,IDP-ESM2-8M,42,300,0.06943821907043457,0.1552886962890625,0.02250652951874249,0.047912865877151545,0.01931237550478726
O70797,2.492236852645874,6.122519016265869,0.5490946906735307,0.4115746617317199,0.5537099411007063,2.6043162,6.079955,0.5245588,0.42249975,0.60795987,IDP-ESM2-8M,42,300,0.11207938194274902,0.04256391525268555,0.024535908096016024,0.010925084352493342,0.054249925423036416
O73497,2.777997732162476,6.681883335113525,0.5231642024665313,0.4156041741371155,0.5981640458901287,2.736309,6.417294,0.52355796,0.41074815,0.6018994,IDP-ESM2-8M,42,300,0.041688680648804155,0.2645893096923828,0.0003937585205597838,0.004856020212173462,0.0037353395621417818
O90676,2.1304547786712646,5.061017036437988,0.5539623347638768,0.4249782860279083,0.5523982670351338,2.0965962,5.2695055,0.6067591,0.4671023,0.45689088,IDP-ESM2-8M,42,300,0.033858537673950195,0.20848846435546875,0.05279673658622086,0.042124003171920776,0.09550738597357988
O90681,2.355318784713745,5.709664821624756,0.5677938072014526,0.4443623423576355,0.5337563887257853,2.3127239,5.7217402,0.59487,0.45754078,0.48285538,IDP-ESM2-8M,42,300,0.04259490966796875,0.012075424194335938,0.02707616407387703,0.013178437948226929,0.05090100914433393
O90688,2.3925530910491943,5.792083740234375,0.5756631979256415,0.4449427723884582,0.5281201283055014,2.3093176,5.7054157,0.5936873,0.46010134,0.49450284,IDP-ESM2-8M,42,300,0.08323550224304199,0.08666801452636719,0.01802409798805482,0.015158563852310236,0.03361728587920132
O90711,2.1827845573425293,5.152297496795654,0.5525010295424002,0.4352687895298004,0.5577267613187121,2.2661808,5.353255,0.53347176,0.4232303,0.59101385,IDP-ESM2-8M,42,300,0.08339619636535645,0.2009572982788086,0.019029266408397527,0.012038499116897583,0.033287087462873566
O92312,1.9578415155410769,4.5500102043151855,0.5343042413219324,0.4190108478069305,0.5793317445777121,2.0163028,4.803998,0.5334514,0.42175803,0.5866959,IDP-ESM2-8M,42,300,0.05846130847930886,0.25398778915405273,0.0008528629764429363,0.0027471780776978094,0.007364164922409988
O92587,1.7730185985565186,4.345007419586182,0.5675238971124056,0.4366401731967926,0.5354655610328695,1.7808608,4.25261,0.54006165,0.43175918,0.5749838,IDP-ESM2-8M,42,300,0.007842183113098145,0.09239721298217773,0.02746224445203571,0.004880994558334351,0.039518214582822675
O92588,1.9848098754882808,4.955544948577881,0.5633856569101927,0.4368277788162231,0.5428512939278795,1.9659989,4.7064314,0.5542626,0.4428937,0.5583636,IDP-ESM2-8M,42,300,0.018810987472533736,0.2491135597229004,0.009123078422796471,0.006065934896469172,0.015512322538642764
P03181,8.066015243530273,18.72484588623047,0.5359950295234291,0.4279759526252746,0.6007624328021126,4.2974443,9.893156,0.5093519,0.40121478,0.642161,IDP-ESM2-8M,42,300,3.768570899963379,8.831689834594727,0.02664312036281513,0.026761174201965277,0.041398578893749205
P03290,3.117823600769043,7.1702728271484375,0.5399499514531895,0.4336144626140594,0.5858744023829725,2.900385,6.920911,0.55806965,0.4384085,0.5536748,IDP-ESM2-8M,42,300,0.2174386978149414,0.24936199188232422,0.01811969490530052,0.004794031381607111,0.03219958529770639
P03779,1.9005331993103027,4.5767011642456055,0.5843976818067471,0.4573774635791778,0.5476268099486559,1.8650625,4.644704,0.5945914,0.4763693,0.5342012,IDP-ESM2-8M,42,300,0.03547072410583496,0.06800270080566406,0.010193697358902298,0.01899182796478277,0.013425605171891952
P04487,3.899877548217773,9.250323295593262,0.5478061500594607,0.4310582876205444,0.589881530826203,3.5155246,8.200699,0.5321804,0.41957834,0.6157509,IDP-ESM2-8M,42,300,0.38435292243957475,1.0496244430541992,0.015625721554516803,0.011479943990707342,0.025869378025420553
P06923,2.3614659309387207,5.460352897644043,0.4638609464034513,0.3696601986885071,0.691896738228129,2.2606094,5.1082463,0.4610479,0.37923044,0.7134205,IDP-ESM2-8M,42,300,0.10085654258728027,0.35210657119750977,0.0028130586013273007,0.00957024097442627,0.021523772063924196
P08804,1.832030653953552,4.16342306137085,0.5082700099908453,0.4423984587192535,0.6312874272200374,1.9373381,4.612978,0.52191454,0.42627874,0.63625175,IDP-ESM2-8M,42,300,0.10530745983123802,0.4495549201965332,0.013644531730498732,0.016119718551635687,0.004964320388147425
P08807,1.8323180675506592,4.580223560333252,0.6368053534371808,0.5078878998756409,0.4919676844503199,2.0310597,5.1660547,0.5980487,0.4723338,0.5095438,IDP-ESM2-8M,42,300,0.19874167442321777,0.5858311653137207,0.03875666645597964,0.03555411100387573,0.017576092061826087
P09702,3.631354331970215,8.235766410827637,0.5218905924268722,0.4137912094593048,0.6232549070095402,3.7079434,8.659128,0.52941835,0.4160462,0.6119417,IDP-ESM2-8M,42,300,0.07658910751342773,0.42336177825927734,0.007527756839180055,0.002254992723464966,0.011313211796222356
P0C724,3.243764162063598,6.856756687164307,0.2936381029511792,0.2751155197620392,1.263130421897429,3.3968601,7.460299,0.4094603,0.3511486,0.8624884,IDP-ESM2-8M,42,300,0.15309596061706587,0.6035423278808594,0.11582220321642334,0.0760330855846405,0.4006420328822313
P0DJX3,2.4714956283569336,5.8823018074035645,0.5192835466380822,0.4178682565689087,0.6130110517197807,2.4564776,5.8177686,0.53273135,0.419603,0.6006259,IDP-ESM2-8M,42,300,0.015017986297607422,0.06453323364257812,0.0134478075985206,0.0017347335815429688,0.012385179107781141
P0DTC0,3.991328716278076,9.133625984191896,0.4939235934440609,0.3749895393848419,0.6883044881576857,3.8169894,8.9185705,0.5103059,0.3975078,0.64610183,IDP-ESM2-8M,42,300,0.17433929443359375,0.21505546569824396,0.016382288056183247,0.022518247365951538,0.0422026557678542
P10428,1.696799635887146,4.203588485717773,0.5962982786648933,0.466043472290039,0.5091290281282295,1.7109318,4.164721,0.5691172,0.45924804,0.5598622,IDP-ESM2-8M,42,300,0.014132142066955566,0.03886747360229492,0.02718109021121895,0.0067954361438750666,0.05073316831723562
P12507,1.83472228050232,4.697856903076172,0.5865794162486231,0.4473216533660888,0.509723457073666,1.9120716,4.624078,0.5653792,0.44734618,0.5457298,IDP-ESM2-8M,42,300,0.0773493051528924,0.07377910614013672,0.021200213882747843,2.4527311325128753e-05,0.03600635888626447
P12508,2.018860101699829,4.934108734130859,0.5721953747401981,0.444160908460617,0.5370198789668761,2.0809283,4.9587827,0.546955,0.43572685,0.58227074,IDP-ESM2-8M,42,300,0.06206822395324707,0.024673938751220703,0.02524038530690953,0.008434057235717718,0.045250862495831434
P12512,1.4524078369140625,3.424283742904663,0.5344436434330003,0.4255956709384918,0.582868318442797,1.469521,3.5261812,0.56035095,0.4568095,0.5562498,IDP-ESM2-8M,42,300,0.017113208770751953,0.1018974781036377,0.025907311099622965,0.031213819980621338,0.0266185210985892
P17356,2.03291654586792,4.90535831451416,0.5365293895674675,0.4208152890205383,0.551420169685328,1.8739808,4.4893274,0.5556198,0.4402986,0.5405381,IDP-ESM2-8M,42,300,0.1589357852935791,0.4160308837890625,0.019090386681464344,0.019483298063278254,0.010882097099268462
P19127,3.4146478176116943,7.717642307281494,0.5184327964943359,0.4257499277591705,0.6228974046531742,3.401774,7.877051,0.5116384,0.4048962,0.6289001,IDP-ESM2-8M,42,300,0.01287388801574707,0.1594085693359375,0.006794393555493161,0.020853728055953924,0.00600270606841391
P20833,1.8740572929382324,4.537775039672852,0.5382312570957417,0.4114197790622711,0.5861915178566061,1.8056952,4.2926683,0.52631044,0.42968804,0.62465465,IDP-ESM2-8M,42,300,0.06836211681365967,0.24510669708251953,0.011920813217567883,0.01826825737953186,0.03846313283156533
P24649,2.763343811035156,6.808297634124756,0.6476105470687884,0.5086513757705688,0.4982254147395789,2.7937844,7.0624695,0.6440684,0.504242,0.4737242,IDP-ESM2-8M,42,300,0.03044056892395064,0.25417184829711914,0.0035421271354693085,0.004409372806549072,0.024501228319138202
P41726,2.395081758499145,5.604934215545654,0.5819376616848826,0.4767667651176452,0.5722120530768086,2.319423,5.8569493,0.6370132,0.49705973,0.45712188,IDP-ESM2-8M,42,300,0.075658798217773,0.2520151138305664,0.05507553526030784,0.02029296755790716,0.11509017421442758
P57017,2.1911075115203857,5.352939605712891,0.5742729037869309,0.4395771324634552,0.5322367039408399,2.1699686,5.1899104,0.54708934,0.4314199,0.5817068,IDP-ESM2-8M,42,300,0.021138906478881836,0.16302919387817383,0.02718356548431855,0.008157223463058472,0.049470117977647665
P68828,3.0288095474243164,7.377389907836914,0.5760218281026741,0.432559996843338,0.5324376885202741,3.2766497,7.8577666,0.5738518,0.4491588,0.54276323,IDP-ESM2-8M,42,300,0.24784016609191895,0.4803767204284668,0.0021700042959114096,0.016598790884017944,0.010325544664540387
P69592,1.7491496801376345,4.054043769836426,0.5568074360640585,0.4616061449050903,0.5774958115527139,1.8016804,4.4373045,0.5806652,0.48039174,0.54564434,IDP-ESM2-8M,42,300,0.052530765533447044,0.38326072692871094,0.023857735082334353,0.01878559589385992,0.03185146865339139
P87543,3.925018072128296,8.969017028808594,0.5097652465007759,0.3940963745117187,0.6617594289788131,4.015361,9.320029,0.5190747,0.40678647,0.64636046,IDP-ESM2-8M,42,300,0.09034276008605957,0.3510122299194336,0.009309431920244582,0.012690097093582209,0.015398972035301162
P87914,2.5572640895843506,6.0981125831604,0.5081791235240477,0.3810779452323913,0.6168684486415031,2.6656854,6.245936,0.5187473,0.40687582,0.60180765,IDP-ESM2-8M,42,300,0.10842132568359375,0.14782333374023438,0.010568206187866358,0.025797873735427912,0.01506079473754196
P89479,3.670733690261841,8.367920875549316,0.5127118454242555,0.4050283133983612,0.6644506396905376,3.3923745,7.83613,0.51228565,0.4089514,0.6542399,IDP-ESM2-8M,42,300,0.27835917472839355,0.5317907333374023,0.00042619564779677876,0.003923088312149048,0.01021074673094291
P89827,1.956229567527771,4.124486923217773,0.3998035823706434,0.3350000083446502,0.8274487320201364,1.994741,4.5691953,0.48086512,0.39837465,0.685817,IDP-ESM2-8M,42,300,0.03851139545440674,0.44470834732055664,0.08106153851711295,0.06337463855743414,0.1416317287700143
P89833,1.9694201946258545,4.238891124725342,0.425907977433093,0.3606794774532318,0.7656528824961369,2.003303,4.5938473,0.4818451,0.3964815,0.6811798,IDP-ESM2-8M,42,300,0.033882856369018555,0.35495615005493164,0.055937133221737934,0.03580203652381897,0.08447306100489549
P89841,2.2461042404174805,5.278524875640869,0.512688827548474,0.4065978229045868,0.6118499651094857,2.312444,5.394206,0.51761216,0.41136917,0.6140094,IDP-ESM2-8M,42,300,0.06633973121643066,0.11568117141723633,0.004923331703692746,0.0047713518142700195,0.0021594152310904224
P89878,1.4115904569625854,3.3530023097991943,0.531729140594201,0.4197589755058288,0.5701956232736154,1.5995717,3.8481512,0.5650015,0.45443565,0.5475499,IDP-ESM2-8M,42,300,0.1879812479019165,0.4951488971710205,0.03327234713773264,0.03467667102813726,0.022645719880823645
Q00DY4,2.068305730819702,4.90264892578125,0.5374753359820694,0.4240191578865051,0.5754692206156506,2.1287162,4.976559,0.5159266,0.41521707,0.612277,IDP-ESM2-8M,42,300,0.060410499572753906,0.07391023635864258,0.021548736479505948,0.008802086114883423,0.0368077507245288
Q03873,2.818165063858032,6.783379077911377,0.6104355454205435,0.5020773410797119,0.5433538077987219,2.7326322,6.727636,0.5664863,0.4606892,0.6057543,IDP-ESM2-8M,42,300,0.0855329036712642,0.05574321746826172,0.04394924638261011,0.04138815402984619,0.06240050805439701
Q04247,1.457136869430542,3.4997000694274902,0.5718394478070804,0.4688981771469116,0.5295222309298417,1.3863521,3.3281407,0.5406606,0.43661314,0.5719771,IDP-ESM2-8M,42,300,0.0707848072052002,0.17155933380126953,0.03117882807136263,0.03228503465652466,0.04245484798480059
Q04259,1.7272988557815552,4.260148525238037,0.576522783419858,0.4467405974864959,0.5302545345914312,1.7305231,4.152588,0.53913385,0.4280273,0.5657114,IDP-ESM2-8M,42,300,0.0032242536544799805,0.10756063461303711,0.03738893666006182,0.01871329545974726,0.03545684445977726
Q04397,5.882261753082275,13.713481903076172,0.5331913049644829,0.4281410872936249,0.594068706659826,4.2574873,9.797108,0.51431936,0.4038053,0.6448768,IDP-ESM2-8M,42,300,1.62477445602417,3.9163742065429688,0.01887194470828779,0.024335801601409912,0.05080807146593691
Q04405,1.9523234367370603,4.672529220581055,0.5403163738231047,0.406975656747818,0.5871945869860088,1.8030419,4.2952414,0.5429379,0.43595472,0.5846006,IDP-ESM2-8M,42,300,0.1492815017700193,0.3772878646850586,0.0026215009709016357,0.028979063034057617,0.0025939595636760293
Q04420,1.8249744176864624,4.3605499267578125,0.544037195292118,0.4189667403697967,0.5761255062243948,1.7413172,4.190362,0.5457375,0.4341043,0.5705327,IDP-ESM2-8M,42,300,0.08365726470947266,0.17018795013427734,0.00170030966698842,0.015137553215026911,0.0055928266665945525
Q05293,2.0076029300689697,4.855472564697266,0.594751128187273,0.4792330861091614,0.5379388135931628,1.792151,4.3389683,0.5635713,0.46580857,0.58931106,IDP-ESM2-8M,42,300,0.21545195579528809,0.5165042877197266,0.031179853906724952,0.013424515724182129,0.05137224969647958
Q06E77,1.8828893899917605,4.486034393310547,0.6092438982628945,0.497270405292511,0.5286144289829897,1.699888,4.2064285,0.593205,0.47825235,0.55910903,IDP-ESM2-8M,42,300,0.1830013990402224,0.2796058654785156,0.016038923134720662,0.019018054008483887,0.030494603171093537
Q06IZ2,1.4941086769104004,3.634204149246216,0.5662898037961137,0.4554747641086578,0.5304199436571151,1.532889,3.6739857,0.5429265,0.4349881,0.56524956,IDP-ESM2-8M,42,300,0.0387803316116333,0.03978157043457031,0.023363313489259463,0.02048665285110468,0.03482961860637368
Q08IT9,1.5263179540634155,3.6473193168640137,0.5685442171691745,0.4710921049118042,0.5382156781697081,1.5068786,3.5774317,0.53556836,0.43037403,0.5831742,IDP-ESM2-8M,42,300,0.019439339637756348,0.06988763809204102,0.03297586065519742,0.04071807861328125,0.044958550498504835
Q08IU0,1.4639863967895508,3.548967838287353,0.5478623310667277,0.4322067201137543,0.5451103752658653,1.4248321,3.3818238,0.5348988,0.43264395,0.5678208,IDP-ESM2-8M,42,300,0.0391542911529541,0.16714406013488725,0.012963513527512571,0.00043722987174987793,0.022710412163944316
Q08IU3,1.4976301193237305,3.697512865066528,0.558749937875405,0.4519940912723541,0.5415430936521184,1.5082115,3.6048932,0.5405676,0.43475008,0.5788875,IDP-ESM2-8M,42,300,0.010581374168395996,0.09261965751647905,0.018182360990181556,0.017244011163711548,0.03734442856849318
Q08IW3,1.4728906154632568,3.515079975128174,0.532983978877133,0.4281191229820251,0.5709070827209186,1.5295448,3.6412795,0.5427698,0.43653342,0.57392377,IDP-ESM2-8M,42,300,0.05665421485900879,0.12619948387145996,0.009785810818606744,0.008414298295974787,0.003016683892087979
Q08IW4,1.4728379249572754,3.674342393875122,0.5742731873215408,0.4467945098876953,0.5110491734538689,1.4100631,3.3787189,0.5418505,0.43507147,0.560223,IDP-ESM2-8M,42,300,0.06277477741241455,0.2956235408782959,0.03242268006217186,0.011723041534423828,0.04917380990642162
Q08IW8,1.4293392896652222,3.345655918121338,0.5268231725701839,0.4219065904617309,0.5622262517559341,1.4647284,3.5057645,0.54091364,0.43351012,0.5617419,IDP-ESM2-8M,42,300,0.035389065742492676,0.1601085662841797,0.014090468882605456,0.011603534221649225,0.00048436323283229665
Q08IX5,1.4803643226623535,3.581838369369507,0.546255649395083,0.4243307411670685,0.5547337837413038,1.5029659,3.5964417,0.5442034,0.4372258,0.57077605,IDP-ESM2-8M,42,300,0.022601604461669922,0.014603376388549805,0.0020522487832055347,0.012895047664642334,0.016042261581114436
Q08J01,1.484859824180603,3.483654737472534,0.5316018851902391,0.4396308064460754,0.5777572481927258,1.4951372,3.5624306,0.5406608,0.4353051,0.5717615,IDP-ESM2-8M,42,300,0.010277390480041504,0.07877588272094727,0.009058913359413001,0.004325717687606756,0.005995759278236035
Q08J02,1.4594202041625977,3.559741735458374,0.555601331162868,0.4317249953746795,0.5327262756947845,1.509422,3.5928612,0.5434849,0.43731928,0.5580718,IDP-ESM2-8M,42,300,0.05000174045562744,0.03311944007873535,0.012116404939113146,0.005594283342361506,0.025345516430917425
Q0GGW6,4.317757606506348,10.042941093444824,0.5437399827744528,0.4353155195713043,0.5851725461120869,3.7451286,8.752555,0.538465,0.42116705,0.6143362,IDP-ESM2-8M,42,300,0.5726289749145508,1.2903861999511719,0.005274959733681306,0.014148473739624023,0.029163646495792728
Q0GYC4,2.39662766456604,5.936605453491211,0.6199130661572633,0.4917652904987335,0.5260210498861604,2.333729,5.914278,0.60468537,0.48361814,0.5231389,IDP-ESM2-8M,42,300,0.06289863586425781,0.022327423095703125,0.01522770000354623,0.00814715027809143,0.0028821691564850926
Q0IL14,4.060888767242432,9.889118194580078,0.6359586303492696,0.5095887184143066,0.5343767346972724,4.1551666,10.222923,0.63960004,0.5016182,0.52530164,IDP-ESM2-8M,42,300,0.09427785873413086,0.3338050842285156,0.0036414081791728004,0.00797051191329956,0.009075099431922085
Q0IL90,2.717529535293579,6.495636463165283,0.552241487352825,0.4220766425132751,0.5773679118900595,2.5943732,6.0853276,0.527177,0.4167331,0.6093348,IDP-ESM2-8M,42,300,0.12315630912780762,0.410308837890625,0.02506451114890651,0.005343556404113714,0.03196691457936185
Q0NQ56,2.095634698867798,4.973503589630127,0.5144871210301173,0.3966004848480224,0.5849883638516863,1.9914365,4.7668667,0.55271554,0.43561253,0.5387139,IDP-ESM2-8M,42,300,0.10419821739196777,0.20663690567016602,0.03822841890213369,0.03901204466819769,0.04627449141897755
Q0PEK1,2.5134387016296387,5.973432540893555,0.5288409054758958,0.4114045798778534,0.5983450123701304,2.162046,5.0060287,0.5049707,0.40506873,0.62926054,IDP-ESM2-8M,42,300,0.3513927459716797,0.9674038887023926,0.023870176124852094,0.006335854530334473,0.03091552763841454
Q0PF77,2.554210901260376,5.989520072937012,0.5292713783922557,0.4190331399440765,0.5918212550782647,2.5222595,5.8851113,0.5138762,0.4065069,0.6162319,IDP-ESM2-8M,42,300,0.0319514274597168,0.10440874099731445,0.015395178669965648,0.012526243925094549,0.024410663256696274
Q0PF82,2.543600559234619,6.067605018615723,0.5277340936120358,0.4089628159999847,0.5928627253603552,2.6039581,6.1353745,0.52676755,0.41305664,0.59973514,IDP-ESM2-8M,42,300,0.06035757064819336,0.06776952743530273,0.0009665417130795273,0.00409382581710821,0.006872415440120849
Q0PF92,2.564135789871216,6.075338363647461,0.5272483234939581,0.4020957052707672,0.5990302137660124,2.4991047,5.8260727,0.5109098,0.40550172,0.6208968,IDP-ESM2-8M,42,300,0.06503105163574219,0.2492656707763672,0.016338527732849717,0.003406018018722534,0.02186660248764971
Q0PFA4,2.527302026748657,6.066447734832764,0.5324502359795574,0.4014569520950317,0.5792873650508423,2.5052025,5.848223,0.51187074,0.40605292,0.6236373,IDP-ESM2-8M,42,300,0.022099494934081587,0.21822452545166016,0.020579494135380183,0.004595965147018488,0.04434995356030269
Q0PFA9,2.548053026199341,6.089759349822998,0.5217356354369235,0.40343177318573,0.6067163993521459,2.4366724,5.7348437,0.5196639,0.40739805,0.60258,IDP-ESM2-8M,42,300,0.11138057708740234,0.3549156188964844,0.0020717651022982286,0.003966271877288818,0.0041363884611852475
Q0QZD2,2.115920305252075,5.236330509185791,0.6147515208337541,0.4810442626476288,0.5137725711145771,1.9577937,4.9609175,0.61576736,0.48657167,0.505737,IDP-ESM2-8M,42,300,0.1581265926361084,0.27541303634643555,0.0010158388998274814,0.005527406930923462,0.008035564450300958
Q0QZH2,1.97347378730774,4.220848560333252,0.4379101410557149,0.3622076511383056,0.7227202195080344,1.9887061,4.617188,0.47156006,0.3812723,0.6730529,IDP-ESM2-8M,42,300,0.01523232460021906,0.39633941650390625,0.03364991992222088,0.01906463503837591,0.049667312517983175
Q0WY62,1.5734519958496094,3.699449777603149,0.5616939011301505,0.4542564451694488,0.5468519407204798,1.6517129,4.0115585,0.56328607,0.45008373,0.55241925,IDP-ESM2-8M,42,300,0.07826089859008789,0.3121087551116948,0.0015921649251473546,0.004172712564468328,0.0055673045225926865
Q102Z0,1.5521938800811768,3.7672646045684814,0.5683306839564137,0.454489529132843,0.5386687336927696,1.5807642,3.7513795,0.5419617,0.43554989,0.5804258,IDP-ESM2-8M,42,300,0.02857029438018799,0.015885114669799805,0.026368954429893954,0.01893964409828186,0.04175706520020528
Q102Z1,1.5287421941757202,3.760807991027832,0.5617197101534397,0.4333644807338714,0.5394352960292781,1.5803725,3.77941,0.54516107,0.43817565,0.58046794,IDP-ESM2-8M,42,300,0.051630258560180664,0.01860189437866211,0.016558641713956046,0.004811167716980036,0.041032643347552966
Q102Z2,1.5304059982299805,3.6638083457946777,0.5457262409551578,0.4475375711917877,0.5637838275868394,1.5034689,3.6141384,0.5461943,0.43973857,0.5722827,IDP-ESM2-8M,42,300,0.026937127113342285,0.04966998100280762,0.0004680740015072793,0.007798999547958374,0.008498844341566336
Q102Z3,1.5217795372009275,3.5960259437561035,0.5311362380626875,0.4249593317508697,0.5837951330207551,1.7035699,4.0220833,0.5358393,0.4289985,0.5893156,IDP-ESM2-8M,42,300,0.181790351867676,0.4260573387145996,0.004703081166438472,0.004039168357849177,0.005520460221890122
Q102Z5,1.5629987716674805,3.812493801116944,0.5688288821516191,0.4473029971122741,0.5417603012857769,1.5776081,3.792404,0.55976564,0.44842532,0.55112416,IDP-ESM2-8M,42,300,0.014609336853027344,0.020089864730835405,0.009063245230690131,0.0011223256587982733,0.00936385423561592
Q102Z6,1.5134706497192385,3.687466621398926,0.5409316317345253,0.4259161353111267,0.5649072752007116,1.7367113,4.074154,0.53249574,0.4296089,0.5941798,IDP-ESM2-8M,42,300,0.2232406139373777,0.3866872787475586,0.008435894658719634,0.0036927759647369385,0.02927253389276374
Q102Z7,1.4971002340316772,3.591231107711792,0.5315731115890832,0.4117577373981476,0.5737148991859026,1.5828876,3.7893488,0.5482872,0.43938333,0.56568164,IDP-ESM2-8M,42,300,0.08578741550445557,0.19811773300170898,0.016714101259580172,0.027625590562820435,0.008033262852436995
Q102Z8,1.5363887548446655,3.702436447143554,0.5531376654020148,0.4515857398509979,0.5549734132649897,1.6444777,3.9342532,0.5477109,0.43576366,0.5655802,IDP-ESM2-8M,42,300,0.10808897018432617,0.23181676864624112,0.005426769863684733,0.01582208275794983,0.010606775963068138
Q102Z9,1.4892398118972778,3.522364616394043,0.5369381946708335,0.4264915585517883,0.5616108901216171,1.5287614,3.628431,0.53663105,0.43334723,0.57855463,IDP-ESM2-8M,42,300,0.03952157497406006,0.10606646537780762,0.0003071469451559894,0.00685566663742071,0.01694374015792388
Q103A0,1.5128517150878906,3.738673210144043,0.5538148223405838,0.4261005520820617,0.5456545045993526,1.5333248,3.6506658,0.53641725,0.43003806,0.5820143,IDP-ESM2-8M,42,300,0.020473122596740723,0.08800745010375977,0.017397576475715604,0.003937512636184748,0.03635981768153118
Q103A1,1.5223093032836914,3.677194595336914,0.5736068756019527,0.449062168598175,0.5209957522215182,1.5437975,3.74704,0.56001186,0.44642097,0.5394433,IDP-ESM2-8M,42,300,0.021488189697265625,0.06984543800354004,0.013595011893456577,0.002641201019287054,0.0184475618539518
Q103A2,1.561968207359314,3.847364902496338,0.579294403296715,0.4515482187271118,0.5265892832064687,1.6141942,3.8559773,0.5443413,0.43512052,0.56987906,IDP-ESM2-8M,42,300,0.05222594738006592,0.008612394332885742,0.034953077536827304,0.016427695751190186,0.043289771816724665
Q103A3,1.4631330966949463,3.518425226211548,0.5476861115150164,0.4307349920272827,0.5556459120048898,1.5053376,3.5878837,0.5460844,0.4405546,0.5701242,IDP-ESM2-8M,42,300,0.04220449924468994,0.0694584846496582,0.0016017075233172307,0.009819597005844116,0.014478296922264766
Q103A4,1.4701571464538574,3.480510234832764,0.5583158237477528,0.4492610991001129,0.5431328363697674,1.3898265,3.4020698,0.5616576,0.4484998,0.5414585,IDP-ESM2-8M,42,300,0.08033061027526855,0.07844042778015181,0.0033417838076366113,0.0007613003253936768,0.0016743488590862388
Q103A5,1.4860295057296753,3.533514499664306,0.5592809588647858,0.4443328976631164,0.5481130166443667,1.4958137,3.5931854,0.54006153,0.4325348,0.57137597,IDP-ESM2-8M,42,300,0.009784221649169922,0.0596709251403813,0.01921942541370547,0.01179808378219599,0.023262949427715784
Q103A6,1.4113030433654783,3.348952531814575,0.5581821660640934,0.4388400018215179,0.5316208135921654,1.4376419,3.453219,0.547453,0.43704742,0.5583849,IDP-ESM2-8M,42,300,0.026338815689087136,0.10426640510559082,0.01072917982370647,0.0017925798892974298,0.026764081732541634
Q103A7,1.5151177644729614,3.868294715881348,0.5944275058092119,0.4584696590900421,0.509421572065534,1.372233,3.3587914,0.56210244,0.45136723,0.55519325,IDP-ESM2-8M,42,300,0.1428847312927246,0.5095033645629887,0.03232506878986374,0.0071024298667907715,0.04577167334538523
Q103A8,1.4576269388198853,3.496739387512207,0.5511876595747753,0.4349505603313446,0.5486763066095187,1.4958338,3.5501118,0.5404471,0.43507993,0.575963,IDP-ESM2-8M,42,300,0.03820681571960449,0.05337238311767578,0.01074054367664301,0.00012937188148498535,0.027286713715188315
Q103A9,1.475566267967224,3.551865339279175,0.5669154105669411,0.4540018141269684,0.5436552062151948,1.454736,3.4659486,0.53991175,0.4358693,0.5779585,IDP-ESM2-8M,42,300,0.02083027362823464,0.08591675758361816,0.027003663588181293,0.018132507801055908,0.034303318011947526
Q107X9,2.8506317138671875,6.831543445587158,0.5370700899741185,0.4132217466831207,0.5663247330866834,2.7322586,6.1482882,0.4492712,0.3736907,0.7548672,IDP-ESM2-8M,42,300,0.11837315559387207,0.6832551956176758,0.08779888788671619,0.039531052112579346,0.18854246299638544
Q14UX9,1.880540370941162,4.66199254989624,0.5979226776711193,0.4748958647251129,0.5196164039144539,1.7860819,4.339761,0.5438075,0.43661278,0.5761558,IDP-ESM2-8M,42,300,0.09445846080780029,0.3222317695617676,0.05411517110983999,0.038283079862594604,0.056539377831456794
Q14UY3,1.830869436264038,4.354264259338379,0.5533899432337418,0.4294373691082001,0.5694347420277838,1.787261,4.329773,0.53464305,0.43062344,0.5861007,IDP-ESM2-8M,42,300,0.04360842704772949,0.024491310119628906,0.018746889225257912,0.001186072826385498,0.01666595548961125
Q152W2,1.3853349685668943,2.838798761367798,0.3690034536601356,0.3529841601848602,0.8026372968582286,1.5881138,3.7506456,0.50931823,0.4104619,0.60952705,IDP-ESM2-8M,42,300,0.20277881622314475,0.9118468761444092,0.14031477887618032,0.05747774243354803,0.19311024540940658
Q159G2,1.8319213390350344,4.300168037414551,0.5126847869420692,0.3991221487522125,0.5789341879405038,1.8542595,4.532819,0.56507176,0.43630198,0.51102364,IDP-ESM2-8M,42,300,0.022338151931762473,0.2326507568359375,0.052386974666054575,0.03717982769012451,0.06791054730787438
Q159G5,2.296868085861206,5.514793872833252,0.5375075020728386,0.412536472082138,0.5500406442534168,2.2679007,5.405923,0.5444475,0.42413422,0.5511355,IDP-ESM2-8M,42,300,0.02896738052368164,0.1088709831237793,0.006939979559394072,0.011597752571106013,0.001094836150483336
Q159M3,1.5720340013504028,3.8023202419281006,0.5310136109399582,0.4183559417724609,0.5482531732574562,1.6238048,3.9224613,0.53719485,0.42300418,0.54842204,IDP-ESM2-8M,42,300,0.051770806312561035,0.12014102935791016,0.006181237120649663,0.004648238420486506,0.00016886529768911362
Q19B12,2.227048635482788,5.658076286315918,0.575212672101583,0.4471754431724548,0.5437815815331424,2.1214678,5.0935717,0.5379802,0.43548658,0.61261153,IDP-ESM2-8M,42,300,0.10558080673217773,0.5645046234130859,0.03723247324141454,0.011688858270645086,0.06882995067816133
Q19B37,1.771345853805542,4.548507690429688,0.6253313350043268,0.4963622987270355,0.4903686867174516,1.7211646,4.2914505,0.5882296,0.47673804,0.5397335,IDP-ESM2-8M,42,300,0.05018126964569092,0.25705718994140714,0.03710173838948916,0.019624263048171997,0.04936484237342975
Q19CE6,1.836751699447632,4.218515396118164,0.5714344497608324,0.4744380116462707,0.5648970404483545,1.7981551,4.3673196,0.55997574,0.45324567,0.5862478,IDP-ESM2-8M,42,300,0.03859663009643577,0.1488041877746582,0.011458706467070146,0.021192342042922918,0.021350761332346146
Q19CW0,1.6095776557922363,3.9735922813415527,0.5528246153425947,0.4340268671512604,0.5830723777763619,1.6712298,4.0558276,0.55617326,0.4494586,0.56592137,IDP-ESM2-8M,42,300,0.061652183532714844,0.08223533630371094,0.0033486496377214126,0.015431731939315796,0.017151011561609697
Q19D16,1.5775208473205566,4.003360748291016,0.6104179171275471,0.4888447821140289,0.5086272255524453,1.5912257,3.951559,0.58770907,0.4723149,0.53536403,IDP-ESM2-8M,42,300,0.013704895973205566,0.05180168151855469,0.022708847875532956,0.016529887914657537,0.026736806239241684
Q19NX3,2.290914535522461,5.048166751861572,0.4326795938712683,0.3677691519260406,0.7240560829202047,2.0507767,4.608231,0.43853617,0.36021227,0.7216169,IDP-ESM2-8M,42,300,0.24013781547546387,0.43993568420410156,0.005856573273507082,0.007556885480880682,0.002439159111153222
Q19UQ1,2.2413370609283447,5.66292667388916,0.6147962459654503,0.4863755106925964,0.5171315063353821,2.381387,6.0601273,0.62540543,0.49363223,0.5155672,IDP-ESM2-8M,42,300,0.14004993438720703,0.3972005844116211,0.010609184828311857,0.007256716489791926,0.001564322840814203
Q19XC2,2.014714241027832,4.870655536651611,0.5757185653063914,0.4545876383781433,0.5572837132273352,1.899112,4.719737,0.5952465,0.47409147,0.5251585,IDP-ESM2-8M,42,300,0.11560225486755371,0.15091848373413086,0.019527928509984305,0.01950383186340332,0.032125188714090536
Q19XF8,1.7592943906784058,4.299463272094727,0.571364635930447,0.4527451992034912,0.5487225184786494,1.8630055,4.5807323,0.5772087,0.46208006,0.54054,IDP-ESM2-8M,42,300,0.10371112823486328,0.2812690734863281,0.005844061865420969,0.009334862232208252,0.008182538543957008
Q19XJ8,1.478096604347229,3.5770177841186523,0.5698529290905419,0.4637651145458221,0.5403201609293926,1.4814137,3.487967,0.51295155,0.4159942,0.6082567,IDP-ESM2-8M,42,300,0.003317117691040039,0.0890507698059082,0.056901376222652456,0.04777091741561884,0.06793653672533151
Q19XN7,1.6502705812454224,3.919009923934937,0.5886489177818518,0.4639768898487091,0.5235954196905699,1.6814904,4.0358143,0.5412179,0.44102523,0.5905597,IDP-ESM2-8M,42,300,0.031219840049743652,0.11680436134338334,0.047430994617484123,0.02295166254043579,0.0669643013024721
Q19XV8,2.321208477020264,5.498281478881836,0.5888771417046154,0.4855684340000152,0.5490431805253373,2.1587515,5.1631665,0.54663634,0.43160522,0.60246825,IDP-ESM2-8M,42,300,0.16245698928833052,0.3351149559020996,0.04224079870229602,0.053963214159011785,0.05342507165666954
Q19XW1,2.5125205516815186,6.604782104492188,0.6646092287093945,0.512321949005127,0.4840278634682861,2.7736022,7.1931844,0.67748386,0.53440285,0.4543637,IDP-ESM2-8M,42,300,0.2610816955566406,0.5884022712707511,0.012874627968614494,0.02208089828491211,0.02966415974056391
Q19YI2,1.4193055629730225,3.4193930625915527,0.5481976111059819,0.4345211088657379,0.5484921935230167,1.5943364,3.9349906,0.5715563,0.45127785,0.52879906,IDP-ESM2-8M,42,300,0.17503082752227783,0.5155975818634033,0.023358718621190988,0.01675674319267273,0.019693136516180765
Q19YS5,2.5243170261383057,6.203834056854248,0.6051066854178071,0.4582269191741943,0.5402237377870054,2.5114634,6.269426,0.6234062,0.4998213,0.54423386,IDP-ESM2-8M,42,300,0.012853622436523438,0.06559181213378906,0.018299486380898955,0.0415943861007691,0.004010120798352279
Q19YU1,1.958491563796997,4.739489555358887,0.5640791490089746,0.4444459676742553,0.5399682240882602,1.8067131,4.332568,0.5394214,0.42700475,0.5774837,IDP-ESM2-8M,42,300,0.1517784595489502,0.40692138671875,0.024657769442781974,0.017441213130950872,0.0375154895386014
Q19Z22,3.7504184246063232,9.443819999694824,0.6209972856042268,0.4752448797225952,0.50100545985605,3.4718437,8.498316,0.61950487,0.4785443,0.501791,IDP-ESM2-8M,42,300,0.27857470512390137,0.9455041885375977,0.001492416620004433,0.003299415111541748,0.000785540510160887
Q19ZG3,2.0704920291900635,5.017825126647949,0.5359631640141337,0.4280184209346771,0.5956797583434853,2.089941,4.9042788,0.5195916,0.4195466,0.62163866,IDP-ESM2-8M,42,300,0.01944899559020996,0.11354637145996094,0.016371534508976215,0.008471816778182983,0.02595889731905132
Q1A0D0,2.010303020477295,4.860517978668213,0.5901104248861735,0.4612683057785034,0.5469272987014892,1.9093752,4.6674566,0.5816492,0.46222475,0.5256737,IDP-ESM2-8M,42,300,0.10092782974243164,0.19306135177612305,0.008461240659183744,0.0009564459323883057,0.02125361124345082
Q1A4M9,2.4463024139404297,5.8769354820251465,0.6151467245054908,0.497710645198822,0.5325685872685675,2.284999,5.8444996,0.6518531,0.50858265,0.43732703,IDP-ESM2-8M,42,300,0.16130352020263672,0.03243589401245117,0.03670636005871819,0.0108720064163208,0.09524155994770567
Q1A4P9,2.686648368835449,5.572501659393311,0.4196032575923479,0.3683367967605591,0.7808223206732307,3.217464,7.3782125,0.48522693,0.38530707,0.69775075,IDP-ESM2-8M,42,300,0.530815601348877,1.805710792541503,0.06562367159542676,0.016970276832580566,0.08307157346940375
Q1EGY8,3.2526443004608154,7.551835536956787,0.5749037853445441,0.449518620967865,0.5744812556636031,3.1562238,7.6760254,0.6007707,0.46542266,0.50243086,IDP-ESM2-8M,42,300,0.0964205265045166,0.12418985366821289,0.025866926554259595,0.01590403914451599,0.07205039943572833
Q1EGZ1,3.453368186950684,8.071806907653809,0.6001305024943109,0.4851434230804443,0.5387301759657089,3.3472784,8.149238,0.60469073,0.468212,0.50861204,IDP-ESM2-8M,42,300,0.10608983039856001,0.07743072509765625,0.004560228077435946,0.016931414604186956,0.030118139260691845
Q1EGZ2,3.575111150741577,8.362135887145996,0.5962588078251332,0.4842453896999359,0.5329080764050936,3.2796123,7.9211707,0.584332,0.45267865,0.53443736,IDP-ESM2-8M,42,300,0.2954988479614258,0.4409651756286621,0.011926818536803108,0.031566739082336426,0.00152928197427038
Q1EH05,4.218400955200195,9.987436294555664,0.5978329241741082,0.4720457792282104,0.5655656763454439,3.8200567,9.160124,0.59095824,0.4598827,0.5474689,IDP-ESM2-8M,42,300,0.3983442783355713,0.8273124694824219,0.006874686526097906,0.012163072824478094,0.018096775664901865
Q1EH28,3.337465286254883,7.834510326385498,0.5909096729046487,0.4803017079830169,0.538754970319973,3.15707,7.6713247,0.59706324,0.46278158,0.5102207,IDP-ESM2-8M,42,300,0.18039536476135254,0.16318559646606445,0.0061535704844809525,0.01752012968063349,0.028534263857112885
Q1EH30,3.384580612182617,7.982534408569336,0.5985906552758251,0.4777769446372986,0.5312378382414392,3.2167563,7.8474836,0.5995344,0.4645437,0.516933,IDP-ESM2-8M,42,300,0.16782426834106445,0.13505077362060547,0.0009437370810474466,0.0132332444190979,0.014304814311843272
Q1EH36,3.445347309112549,8.183022499084473,0.5934459758061914,0.4727751016616821,0.5520528804330944,3.287693,8.019576,0.6098478,0.47125918,0.49986935,IDP-ESM2-8M,42,300,0.1576542854309082,0.16344642639160156,0.016401808236166993,0.0015159249305724543,0.052183533814442074
Q1EH45,4.096380233764648,9.787479400634766,0.6131050076857595,0.4899408221244812,0.542825946776186,3.831948,9.285066,0.61005795,0.47229943,0.5170786,IDP-ESM2-8M,42,300,0.2644321918487549,0.5024137496948242,0.0030470576659230586,0.017641395330429077,0.025747368304048557
Q1EH47,4.552914142608643,10.77700901031494,0.5958670493709856,0.4718310534954071,0.5862169821086732,3.9843264,9.637271,0.61118734,0.47031677,0.512182,IDP-ESM2-8M,42,300,0.5685877799987793,1.1397380828857404,0.01532028945805497,0.0015142858028411865,0.0740349848094789
Q1EH77,3.768223524093628,8.978565216064453,0.6078074706580303,0.4776704907417297,0.5357081268312428,3.512164,8.493388,0.59618366,0.46065667,0.52902746,IDP-ESM2-8M,42,300,0.2560594081878662,0.48517704010009766,0.011623813011851114,0.017013818025588934,0.006680664825627569
Q1KWA0,2.319295883178711,5.439450740814209,0.5289747267486117,0.4229795038700104,0.5976261734665675,2.3003316,5.3599057,0.519269,0.41688243,0.61423475,IDP-ESM2-8M,42,300,0.018964290618896484,0.0795450210571289,0.009705737185623398,0.006097078323364258,0.01660857203590438
Q1MWN9,3.7272231578826895,9.025589942932127,0.5563273701543768,0.434407889842987,0.5727642863321853,3.3743002,7.897395,0.53588945,0.43026528,0.61237514,IDP-ESM2-8M,42,300,0.3529229164123526,1.1281948089599592,0.020437923418994752,0.004142612218856756,0.039610853857939166
Q1WIU5,2.511228084564209,6.043286323547363,0.5435203373272628,0.4193406701087951,0.5765716697644631,2.4254038,5.6933565,0.52884746,0.42233637,0.61781293,IDP-ESM2-8M,42,300,0.08582425117492676,0.3499298095703125,0.014672881348869238,0.0029956996440888006,0.04124126177316512
Q1WIU7,2.4996137619018555,5.918394565582275,0.5188187435591844,0.4095136523246765,0.621103131926742,2.41897,5.646667,0.5164768,0.41406283,0.6356705,IDP-ESM2-8M,42,300,0.0806436538696289,0.2717275619506836,0.00234193358069934,0.004549175500869751,0.014567351185593158
Q1XDV1,1.403400421142578,3.3617491722106934,0.5466417634469847,0.4271878004074096,0.5447373863944842,1.4984411,3.6666458,0.5612623,0.4454475,0.5361121,IDP-ESM2-8M,42,300,0.09504067897796653,0.30489659309387207,0.01462054610425434,0.018259704113006647,0.008625256706221274
Q1ZYP5,1.9738556146621704,4.732440948486328,0.5777103807118833,0.4602054953575134,0.5219239698247047,1.908143,4.6234727,0.5549543,0.44124693,0.5666128,IDP-ESM2-8M,42,300,0.065712571144104,0.10896825790405273,0.02275609032186865,0.018958568572998047,0.04468881026944205
Q20BU0,1.680086970329285,3.984381914138794,0.5586203519030435,0.4484556317329407,0.5346328102448913,1.6125783,3.9017138,0.5488984,0.4340397,0.54909515,IDP-ESM2-8M,42,300,0.06750869750976585,0.08266806602478027,0.009721953026853303,0.014415919780731201,0.014462343563702462
Q20BW6,1.9313305616378784,4.590899467468262,0.5400475533770274,0.4077023565769195,0.5611908035861813,1.8352921,4.409535,0.54494053,0.42984954,0.56256795,IDP-ESM2-8M,42,300,0.09603846073150635,0.1813645362854004,0.00489297787678733,0.0221471786499024,0.0013771457088626038
Q20HY6,3.600044012069702,8.201574325561523,0.5397007472368629,0.4285466074943542,0.5862681090354859,3.1987114,7.440863,0.5221797,0.4150493,0.62798303,IDP-ESM2-8M,42,300,0.4013326168060303,0.7607111930847168,0.017521024450913192,0.013497292995452825,0.0417149246215881
Q27Q61,1.9371979236602783,4.3284196853637695,0.5207697546777725,0.4227455258369446,0.6036034451812252,1.9549255,4.6489,0.5364124,0.4298789,0.59465605,IDP-ESM2-8M,42,300,0.01772761344909668,0.3204803466796875,0.015642663210868823,0.007133364677429199,0.008947394975994505
Q27Q66,1.88416051864624,4.180761814117432,0.4983884951752748,0.3920159041881561,0.629002669019016,1.8186026,4.240787,0.5058297,0.41077018,0.6340638,IDP-ESM2-8M,42,300,0.06555795669555642,0.06002521514892578,0.007441196711627074,0.01875427365303045,0.00506111128875375
Q27Q71,1.943538784980774,4.668674945831299,0.5532143789683167,0.4335077702999115,0.5541661950022989,1.963686,4.699639,0.5465294,0.4354981,0.58001274,IDP-ESM2-8M,42,300,0.020147204399108887,0.030963897705078125,0.006684966698724426,0.0019903182983398438,0.025846543702382485
Q27Q76,1.87156081199646,4.113137245178223,0.5039534983272919,0.4165578782558441,0.6193097898893719,1.8679227,4.423076,0.5311771,0.42677614,0.6008267,IDP-ESM2-8M,42,300,0.003638148307800293,0.309938907623291,0.027223605192147837,0.010218262672424316,0.018483109229124106
Q27Q84,1.5232003927230835,3.656086206436157,0.5567538082117712,0.4399968683719635,0.5453406048426012,1.7224185,4.2007785,0.55477667,0.43796626,0.54821956,IDP-ESM2-8M,42,300,0.19921815395355225,0.5446922779083256,0.001977139663187244,0.002030611038208008,0.0028789567342420996
Q287B2,2.2396228313446045,5.343225002288818,0.5226367269659956,0.4088176488876343,0.5946818852598597,2.3128023,5.40944,0.515687,0.41131756,0.61858726,IDP-ESM2-8M,42,300,0.07317948341369629,0.06621503829956055,0.0069497381354292065,0.002499908208847046,0.02390537021804562
Q287K0,3.2194266319274902,7.86479902267456,0.642355577910959,0.5216727256774902,0.5159126942726855,3.2619123,8.470374,0.7087893,0.5476173,0.37182963,IDP-ESM2-8M,42,300,0.042485713958740234,0.6055750846862802,0.06643371108669116,0.02594459056854248,0.14408306532828852
Q2EQ07,1.7887197732925415,4.078489780426025,0.4878507440139211,0.4028856754302978,0.6334770859585535,1.861006,4.2415466,0.47908887,0.392608,0.65619636,IDP-ESM2-8M,42,300,0.07228624820709229,0.1630568504333496,0.00876187134279377,0.010277688503265325,0.022719269861148694
Q2EQJ4,2.3792829513549805,5.535958766937256,0.5468255544383945,0.4425063729286194,0.5821944929406175,2.1781929,5.12778,0.5367698,0.43086264,0.602633,IDP-ESM2-8M,42,300,0.20109009742736816,0.40817880630493164,0.010055747099679935,0.011643737554550171,0.02043850647954848
Q2EX97,2.638522148132324,6.085425853729248,0.4845160879391944,0.3809334635734558,0.666791980158857,2.6080647,6.120796,0.52862066,0.41623968,0.5846989,IDP-ESM2-8M,42,300,0.030457496643066406,0.0353703498840332,0.04410457236582882,0.03530621528625488,0.0820930646772896
Q2EXS5,3.319277286529541,7.685459136962891,0.4919988257019441,0.3817893266677856,0.6398672860174536,3.416774,7.9099855,0.506249,0.39634517,0.6213115,IDP-ESM2-8M,42,300,0.09749674797058105,0.22452640533447266,0.014250184860952642,0.014555841684341486,0.018555800250089072
Q2I7C2,2.790367364883423,6.70107364654541,0.5296162545340684,0.4071449935436249,0.5818036956519792,2.8561716,6.7219105,0.5260021,0.4090117,0.6024513,IDP-ESM2-8M,42,300,0.06580424308776855,0.020836830139160156,0.003614145483317621,0.0018666982650756836,0.020647628810911423
Q2I7C9,2.7921276092529297,6.359798431396484,0.5187989836298424,0.4055200517177582,0.6060656750494835,2.8383534,6.639832,0.51324517,0.4010989,0.62173873,IDP-ESM2-8M,42,300,0.046225786209106445,0.28003358840942383,0.005553818281789469,0.004421144723892212,0.015673056811631003
Q2I7D5,2.6935625076293945,6.275501728057861,0.5056085600089091,0.3788680136203766,0.6150728299434188,2.8103487,6.608535,0.52173567,0.40553883,0.6055106,IDP-ESM2-8M,42,300,0.11678624153137207,0.33303308486938477,0.016127108173463967,0.02667081356048584,0.009562237482786506
Q2I7D8,2.6861672401428223,6.25991678237915,0.5118762923773019,0.3915575444698334,0.5978859423637961,2.9010975,6.781812,0.5136058,0.4009716,0.6198397,IDP-ESM2-8M,42,300,0.21493029594421387,0.5218954086303711,0.0017294810716421694,0.009414047002792358,0.02195378551477445
Q2I7D9,2.7768359184265137,6.700297355651856,0.5203722472147454,0.3984229266643524,0.5993408246391541,3.022982,7.0667424,0.52209294,0.40848735,0.6174645,IDP-ESM2-8M,42,300,0.24614596366882324,0.36644506454467685,0.0017206912084113402,0.010064423084259033,0.018123658145117183
Q2KRX9,3.140606164932251,7.277722358703613,0.526969901207961,0.4279869794845581,0.6230020807979697,2.9436204,6.9548573,0.5344937,0.4264282,0.6100201,IDP-ESM2-8M,42,300,0.19698572158813477,0.32286500930786133,0.007523783560715813,0.0015587806701660156,0.012981979727565651
Q2LGY8,3.867804765701294,9.01986312866211,0.5230589045222203,0.4053589105606079,0.6359030588671367,3.942267,9.223073,0.53830993,0.41722128,0.6015246,IDP-ESM2-8M,42,300,0.0744621753692627,0.20320987701416016,0.01525102723284566,0.011862367391586304,0.034378467421213865
Q2NNY0,2.6303024291992188,6.688973426818848,0.6511797895316405,0.5013594627380371,0.5057236159181493,2.8339999,7.410191,0.70718086,0.5481118,0.37972784,IDP-ESM2-8M,42,300,0.20369744300842285,0.7212176322937012,0.05600106812674577,0.046752333641052246,0.1259957754945653
Q2PDL2,2.701091051101685,6.192790508270264,0.5121181559052105,0.4081475734710693,0.6198147855955709,2.6916258,6.2595186,0.50588846,0.39908955,0.6238802,IDP-ESM2-8M,42,300,0.009465217590332475,0.06672811508178711,0.006229693838560091,0.009058028459548895,0.004065421943033831
Q2PZ57,2.6029365062713623,5.993879318237305,0.5053138402755181,0.3944548368453979,0.6495205714914635,2.5976923,6.083207,0.525462,0.41852716,0.62428254,IDP-ESM2-8M,42,300,0.005244255065917969,0.08932781219482422,0.020148131484278076,0.024072319269180353,0.02523803260062485
Q2PZ59,2.641386747360229,6.477805137634277,0.5324579245883505,0.4143846035003662,0.5974287680143725,2.4844296,5.8251762,0.5240622,0.4196252,0.625993,IDP-ESM2-8M,42,300,0.1569571495056148,0.6526288986206055,0.008395708306459637,0.005240589380264282,0.028564245367585506
Q2PZ62,2.6491408348083496,6.329280853271484,0.5300919576356518,0.4183414876461029,0.6035595260234728,2.513646,5.859433,0.5154148,0.41346574,0.6389202,IDP-ESM2-8M,42,300,0.13549494743347168,0.4698476791381836,0.014677183217774559,0.004875749349594116,0.03536066192666143
Q2PZ64,2.7958343029022217,6.824741840362549,0.5521647309538062,0.4332001209259033,0.5861193528780885,2.4940023,5.8615294,0.5285613,0.42079276,0.6166662,IDP-ESM2-8M,42,300,0.3018319606781006,0.9632124900817871,0.023603436874979344,0.012407362461090088,0.03054684489870596
Q2PZ75,2.705265522003174,6.401092529296875,0.5269673647466411,0.4000951051712036,0.62149028295096,2.6140642,6.117216,0.5249076,0.4183073,0.62401617,IDP-ESM2-8M,42,300,0.0912013053894043,0.2838764190673828,0.0020597757879008416,0.018212199211120605,0.00252588278237742
Q2TVL9,2.5255279541015625,6.141902923583984,0.6029713200255783,0.4734618365764618,0.5176109371913876,2.6022995,6.2583003,0.5635634,0.45243904,0.57483274,IDP-ESM2-8M,42,300,0.07677149772644043,0.11639738082885742,0.03940791355814055,0.021022796630859375,0.05722180025444368
Q2VAE1,2.0875089168548584,4.837108612060547,0.5162423529881872,0.4197512567043304,0.6152513208520546,2.07779,4.8737717,0.51930016,0.41440505,0.614483,IDP-ESM2-8M,42,300,0.009718894958496094,0.036663055419921875,0.0030578098040185964,0.005346208810806219,0.0007683220040931582
Q2VF21,1.5262198448181152,3.591524362564087,0.5235636183416023,0.4192627072334289,0.587180827679204,1.6423681,4.011789,0.5625174,0.4486571,0.55116355,IDP-ESM2-8M,42,300,0.11614823341369629,0.42026448249816895,0.03895378621467216,0.029394388198852595,0.03601727348761463
Q2WC16,1.6410820484161377,3.908041477203369,0.5548065449850172,0.4375962913036346,0.5715542609390382,1.6836071,4.7862406,0.66445035,0.49080816,0.35878223,IDP-ESM2-8M,42,300,0.04252505302429199,0.8781991004943848,0.10964380243853622,0.05321186780929571,0.21277202913132942
Q2WC23,1.779264211654663,4.146475315093994,0.5370727784205628,0.4350931942462921,0.5867373266714849,1.8271677,4.4805703,0.56881607,0.4562338,0.55769444,IDP-ESM2-8M,42,300,0.04790353775024414,0.3340950012207031,0.03174328736770626,0.021140605211257935,0.02904289155185602
Q2XT86,1.856645464897156,4.393764495849609,0.5326724332729699,0.4199741780757904,0.5833401651517209,1.8636719,4.4574714,0.53952897,0.42992783,0.5747193,IDP-ESM2-8M,42,300,0.007026433944701926,0.06370687484741211,0.006856532677042337,0.00995364785194397,0.008620855344897205
Q2Z0R7,2.2897534370422363,5.736866474151611,0.5423204112460713,0.4065372943878174,0.57876074749235,2.2982771,5.447536,0.5307568,0.41962972,0.5912733,IDP-ESM2-8M,42,300,0.008523702621459961,0.28933048248291016,0.01156363968158769,0.01309242844581604,0.01251256030794301
Q30BN4,5.011656284332275,11.841924667358398,0.5325622924381722,0.4051685035228729,0.6162438026539705,4.574486,10.811278,0.5532493,0.42436644,0.58958447,IDP-ESM2-8M,42,300,0.43717050552368164,1.0306463241577148,0.020687007088042386,0.019197940826416016,0.026659332858743445
Q33CR5,2.78014612197876,6.691690444946289,0.5310643554350621,0.4064547419548034,0.5761923273489324,2.90185,6.785107,0.5162557,0.40267843,0.61712915,IDP-ESM2-8M,42,300,0.12170386314392045,0.09341669082641602,0.014808678688693733,0.003776311874389593,0.04093681970383245
Q33CS0,2.7968218326568604,6.675521373748779,0.5436906757896057,0.4204060435295105,0.553027865899898,2.8608513,6.7141867,0.5183888,0.4029679,0.6124353,IDP-ESM2-8M,42,300,0.06402945518493652,0.0386652946472168,0.02530186801601564,0.017438143491744995,0.05940741537680483
Q33CS7,2.827543258666992,6.658391952514648,0.5324833949455459,0.4093181192874908,0.5831525328723064,2.9089594,6.769636,0.51126456,0.40202573,0.62729853,IDP-ESM2-8M,42,300,0.08141613006591797,0.11124420166015625,0.02121883233873434,0.007292389869689886,0.044146001044166994
Q33CU7,2.514514684677124,5.995208740234375,0.5357049946149361,0.4222560822963714,0.5728684187376021,2.438629,5.7859225,0.52274513,0.4056754,0.5910783,IDP-ESM2-8M,42,300,0.07588577270507812,0.20928621292114258,0.012959862168647085,0.01658067107200617,0.01820986266498581
Q33CV3,2.545281171798706,6.056790828704834,0.5474382409257069,0.421464055776596,0.5569578966328594,2.464894,5.837942,0.5243806,0.40687224,0.59361905,IDP-ESM2-8M,42,300,0.08038711547851562,0.21884870529174805,0.023057616631425915,0.014591813087463323,0.03666115196256903
Q33CV7,2.4187254905700684,5.477581977844238,0.499009654284867,0.3828431963920593,0.6276421493857695,2.5110512,5.9479923,0.52226955,0.40573797,0.59432703,IDP-ESM2-8M,42,300,0.09232568740844727,0.4704103469848633,0.023259892700759233,0.02289476990699768,0.0333151168196989
Q33CW2,2.500323534011841,5.839419364929199,0.5234548186261244,0.4081165194511413,0.596094589660352,2.5368872,5.983678,0.5238909,0.40807357,0.5967758,IDP-ESM2-8M,42,300,0.03656363487243652,0.1442584991455078,0.000436093906681978,4.2945146560613434e-05,0.0006812401316707017
Q33CX7,2.7213404178619385,6.28513240814209,0.5120404171792421,0.3977337777614593,0.6054614815318494,2.8033304,6.565074,0.5168752,0.40269932,0.6040564,IDP-ESM2-8M,42,300,0.08199000358581543,0.2799415588378906,0.004834790244921727,0.004965543746948298,0.0014050635898023023
Q33CX8,2.439450979232788,5.642953395843506,0.527571622720373,0.4141193628311157,0.5725056748340835,2.4513772,5.82482,0.52863246,0.41092157,0.58457476,IDP-ESM2-8M,42,300,0.01192617416381836,0.18186664581298828,0.0010608393043157749,0.003197789192199707,0.0120690841724167
Q33CZ4,2.505112409591675,5.801274299621582,0.5283674841122087,0.4075163304805755,0.5863983072961539,2.4764743,5.838476,0.5169923,0.40324053,0.599779,IDP-ESM2-8M,42,300,0.028638124465942383,0.037201881408691406,0.011375213165706,0.004275798797607366,0.01338070252287682
Q33D00,2.407932043075561,5.693547248840332,0.5116747805838339,0.4039460122585296,0.5974170310822082,2.5218613,5.9673047,0.5203243,0.40443602,0.60027725,IDP-ESM2-8M,42,300,0.11392927169799849,0.2737574577331543,0.008649509214902706,0.0004900097846985418,0.0028602139625000245
Q33D03,2.721413373947144,6.299041748046875,0.4991593888177225,0.3960963785648346,0.6348354422028232,2.8445592,6.650141,0.5135226,0.40079185,0.6248858,IDP-ESM2-8M,42,300,0.1231458187103267,0.35109901428222656,0.01436323615175994,0.004695475101470947,0.009949644702212823
Q33D07,2.485715866088867,5.85972785949707,0.5265768722952052,0.4026160538196563,0.5852985350080313,2.4866962,5.8754487,0.5217033,0.40571445,0.5942454,IDP-ESM2-8M,42,300,0.000980377197265625,0.015720844268798828,0.004873569434945213,0.0030983984470367987,0.008946839194696965
Q33D14,2.715733051300049,6.451633930206299,0.5158200009114761,0.3951492011547088,0.5962946955603196,2.8079088,6.5839806,0.52031255,0.4051897,0.60893637,IDP-ESM2-8M,42,300,0.09217572212219238,0.13234663009643555,0.004492546772239758,0.01004049181938177,0.012641673858778346
Q33D20,2.5173189640045166,5.738589286804199,0.526920568008201,0.4170386493206024,0.5923756074912426,2.613442,6.1638923,0.527738,0.41176468,0.59932256,IDP-ESM2-8M,42,300,0.09612298011779785,0.42530298233032227,0.0008174071123434601,0.005273967981338501,0.006946949958098192
Q38506,1.6421372890472412,3.857998609542847,0.5560325588412077,0.4462608993053436,0.551525116624549,1.6133765,3.9023418,0.56199974,0.44519565,0.5357342,IDP-ESM2-8M,42,300,0.028760790824890137,0.044343233108520064,0.005967179375192422,0.0010652542114257257,0.015790939988806763
Q38583,2.3133325576782227,5.694032669067383,0.5827936616088555,0.4462303221225738,0.553425296986453,2.3859944,5.8208294,0.5701949,0.44843128,0.5701281,IDP-ESM2-8M,42,300,0.0726618766784668,0.12679672241210938,0.01259876157299733,0.0022009611129761297,0.0167027862426119
Q38HE4,2.2994606494903564,5.616273403167725,0.5515398953848258,0.4209354519844055,0.5946468904158827,2.5046039,6.019605,0.5571983,0.45001772,0.60304356,IDP-ESM2-8M,42,300,0.20514321327209473,0.4033317565917969,0.005658390671692715,0.029082268476486206,0.008396665797496206
Q38I94,2.7155332565307617,6.375265598297119,0.5317235535871044,0.4191831946372986,0.5943915130243917,2.9813373,7.027274,0.5434958,0.4247675,0.59668326,IDP-ESM2-8M,42,300,0.2658040523529053,0.6520085334777832,0.011772220681999568,0.005584299564361572,0.0022917507542947746
Q38I97,2.740504264831543,6.467690467834473,0.5346995768941643,0.4146926999092102,0.593781701381821,2.7955258,6.620989,0.5475899,0.42715093,0.58310235,IDP-ESM2-8M,42,300,0.05502152442932129,0.15329837799072266,0.012890321215271783,0.012458235025405884,0.01067935591520719
Q38IM8,2.6364905834198,6.520267963409424,0.5504504859340279,0.4129450917243957,0.6000862917361135,2.5282135,6.013727,0.5475497,0.4401636,0.6102291,IDP-ESM2-8M,42,300,0.1082770824432373,0.5065407752990723,0.002900761355170478,0.02721852064132696,0.010142783218873075
Q38IP7,2.6296114921569824,6.399960517883301,0.5401870647314158,0.4138750433921814,0.620280338978191,2.494814,5.9512277,0.560916,0.45005003,0.5875509,IDP-ESM2-8M,42,300,0.1347975730895996,0.448732852935791,0.02072894183367824,0.03617498278617859,0.03272946045341074
Q3C1Z8,1.5846185684204102,3.8947272300720215,0.5959622015946008,0.483628511428833,0.5317006126772221,1.6807177,4.187763,0.5650696,0.45935267,0.57583565,IDP-ESM2-8M,42,300,0.0960991382598877,0.29303598403930664,0.030892585753688917,0.02427583932876587,0.04413503252159989
Q3C203,2.9157214164733887,6.956743240356445,0.5158867265024795,0.3996012806892395,0.6094041151750413,3.0523977,7.1581473,0.5368323,0.41741794,0.58385295,IDP-ESM2-8M,42,300,0.13667631149291992,0.20140409469604492,0.020945546503959744,0.017816662788391113,0.025551168416771075
Q3HNZ7,2.276649713516236,5.161115646362305,0.5150644670808125,0.4279392957687378,0.6184448483549367,2.2259612,5.2244563,0.5234689,0.4170958,0.6053855,IDP-ESM2-8M,42,300,0.050688505172729936,0.06334066390991211,0.008404444566984082,0.010843485593795776,0.013059366043687959
Q3HP08,2.291190385818481,5.332068920135498,0.5201190974254805,0.4219894111156463,0.6133245849552741,2.2644458,5.300275,0.5231172,0.41747996,0.6088033,IDP-ESM2-8M,42,300,0.02674460411071733,0.031794071197509766,0.002998087213496592,0.004509449005126898,0.004521312707959635
Q3HP10,2.35449767112732,5.329287052154541,0.5220268365225762,0.4280174970626831,0.6213628596430171,2.226225,5.205744,0.51993775,0.4167315,0.6133495,IDP-ESM2-8M,42,300,0.1282727718353276,0.12354326248168945,0.0020890828452080346,0.011285990476608276,0.008013362324749251
Q3HP12,2.2925398349761963,5.410075664520264,0.5418892133230993,0.4301869869232178,0.5708681735151235,2.2685385,5.305297,0.5213028,0.41482562,0.60349566,IDP-ESM2-8M,42,300,0.024001359939575195,0.10477876663208008,0.02058639407108509,0.015361368656158447,0.03262748392887671
Q3HWX5,2.662960767745972,6.235922813415527,0.5348890882094267,0.4083227515220642,0.5705033360384124,2.687462,6.261291,0.51350784,0.40425268,0.6149666,IDP-ESM2-8M,42,300,0.024501323699950728,0.025368213653564453,0.021381245191848586,0.004070073366165161,0.04446323529261176
Q3HWX7,2.668307542800904,6.207561016082764,0.5507376559425551,0.430328220129013,0.5553811765265351,2.4131851,5.644268,0.5161074,0.40418085,0.59143955,IDP-ESM2-8M,42,300,0.25512242317199796,0.5632929801940918,0.034630275552387846,0.026147365570068304,0.036058368628036463
Q3HWY0,2.73994779586792,6.576051235198975,0.5319651932833194,0.4246930778026581,0.5911779176844557,2.6341536,6.158144,0.5163388,0.40568653,0.61404634,IDP-ESM2-8M,42,300,0.10579419136047363,0.4179072380065918,0.015626368057489293,0.019006550312042236,0.022868417535881203
Q3HWY5,2.866241693496704,6.6175055503845215,0.5285539301275372,0.4230005741119385,0.6267471718354846,2.8644996,6.778175,0.544622,0.43154693,0.58425534,IDP-ESM2-8M,42,300,0.0017421245574951172,0.16066932678222656,0.016068073904597857,0.00854635238647461,0.042491834120335636
Q3HWY6,2.6141786575317383,6.133000373840332,0.5012116805753553,0.3752568960189819,0.6331219254569247,2.6652288,6.193962,0.5098281,0.4026743,0.6223173,IDP-ESM2-8M,42,300,0.05105018615722656,0.06096172332763672,0.008616410092369353,0.02741739153862005,0.010804611308975476
Q3KSP3,3.0444610118865967,7.315532207489014,0.5689706656922674,0.4435630142688751,0.5457256753932966,3.2443557,7.8102293,0.5765656,0.45137858,0.5217491,IDP-ESM2-8M,42,300,0.19989466667175293,0.49469709396362305,0.007594957591118834,0.007815569639205933,0.02397659616584913
Q3LUB4,2.765721321105957,6.562628269195557,0.5333773162956901,0.4233079552650451,0.5943288293820654,2.646413,6.206472,0.52135044,0.41048026,0.607825,IDP-ESM2-8M,42,300,0.1193082332611084,0.3561563491821289,0.012026872932500376,0.012827694416046087,0.013496151830550529
Q3LUB6,2.831923246383667,6.706503391265869,0.5405310765387141,0.427590936422348,0.5928818847418026,2.9739742,6.9901724,0.5367141,0.42424363,0.5955704,IDP-ESM2-8M,42,300,0.14205098152160645,0.28366899490356445,0.0038169995428645187,0.0033473074436187744,0.0026885007142826156
Q3LWP3,3.311565637588501,7.84606122970581,0.50892861142192,0.3857434093952179,0.6379240383898858,3.2170494,7.504277,0.5184138,0.40476537,0.62887996,IDP-ESM2-8M,42,300,0.09451627731323242,0.3417840003967276,0.009485170697830947,0.019021958112716675,0.009044074038231709
Q3S669,2.9659454822540283,6.824368953704834,0.5288250606128386,0.4083166122436523,0.5989970277132804,2.8864658,6.7449117,0.5188412,0.40844208,0.62548465,IDP-ESM2-8M,42,300,0.07947969436645508,0.07945728302001953,0.009983853585403324,0.00012546777725225278,0.02648761765338825
Q3T244,1.820951223373413,4.133730888366699,0.5051040319585387,0.402864009141922,0.6284899931106238,1.9181335,4.50971,0.52546465,0.42280945,0.6024645,IDP-ESM2-8M,42,300,0.0971822738647461,0.375978946685791,0.020360622010272333,0.01994544267654419,0.026025496021237826
Q3T364,1.925054907798767,4.654374122619629,0.5326396542268481,0.4119104743003845,0.5785799447691842,1.8303926,4.2403336,0.5129786,0.42097694,0.61929405,IDP-ESM2-8M,42,300,0.09466230869293213,0.41404056549072266,0.019661040850230682,0.009066462516784668,0.04071410258646768
Q3T393,1.904879093170166,4.488712787628174,0.5136053689473216,0.4049295783042907,0.606748940585314,1.9255675,4.4537606,0.50538194,0.41386354,0.6325389,IDP-ESM2-8M,42,300,0.020688414573669434,0.03495216369628906,0.00822342715197244,0.00893396139144903,0.025789974095166923
Q3T5T1,2.108940362930298,5.032354831695557,0.5598505889409622,0.4444432854652405,0.5585382913004505,2.0107214,4.7580037,0.5426572,0.43570417,0.581876,IDP-ESM2-8M,42,300,0.09821891784667969,0.2743511199951172,0.017193392419203146,0.008739113807678223,0.02333768859990959
Q3T5T2,2.2507355213165283,5.377660751342773,0.5612540302881028,0.4558224976062774,0.5634335964478273,2.1169574,4.974839,0.53472596,0.43000358,0.5988743,IDP-ESM2-8M,42,300,0.13377809524536133,0.40282154083251953,0.02652806621873638,0.025818914175033514,0.035440674468157796
Q3T5T4,2.089916944503784,4.980779647827148,0.5532736546536189,0.4308238327503204,0.5651707549891961,1.9907979,4.7343197,0.5505203,0.44092366,0.57600135,IDP-ESM2-8M,42,300,0.09911906719207764,0.2464599609375,0.002753353788445545,0.01009982824325567,0.010830591122101496
Q3T5T7,2.0900819301605225,4.99889087677002,0.5480729612711147,0.4253060221672058,0.5746808111590617,2.095584,4.933449,0.53354335,0.4289281,0.5961225,IDP-ESM2-8M,42,300,0.005501985549926758,0.06544208526611417,0.014529612958736782,0.003622084856033325,0.021441692121577982
Q3T5U3,2.04231595993042,5.007485389709473,0.5678159003909207,0.4628538191318512,0.5440138039786613,1.9739027,4.6599293,0.5358601,0.43029976,0.5925889,IDP-ESM2-8M,42,300,0.06841325759887695,0.34755611419677734,0.03195577914076808,0.032554060220718384,0.04857509754111411
Q3T5U9,1.961572289466858,4.718730449676514,0.5513525837138573,0.4250843822956085,0.563189152603877,1.9461854,4.58208,0.53980017,0.43560582,0.5935767,IDP-ESM2-8M,42,300,0.01538693904876709,0.13665056228637695,0.01155241663011708,0.01052144169807434,0.03038757669376091
Q3T5V2,1.963706970214844,4.61297607421875,0.5552499639768744,0.4378590881824493,0.5701385749900858,1.7975887,4.254578,0.5433587,0.44002393,0.5888934,IDP-ESM2-8M,42,300,0.16611826419830344,0.3583979606628418,0.011891280390753822,0.002164840698242243,0.01875483855361537
Q3T5V7,1.9499419927597048,4.63067626953125,0.5667040967020176,0.4435398578643799,0.5467041681127734,1.8359905,4.332636,0.5377851,0.4351284,0.5915486,IDP-ESM2-8M,42,300,0.11395144462585471,0.29804039001464844,0.028918983844198998,0.0084114670753479,0.04484445354173705
Q3V5E4,1.891755223274231,4.698469638824463,0.5872850430448795,0.4617147147655487,0.5327430313102025,1.9493613,4.868264,0.6076315,0.47513732,0.4861833,IDP-ESM2-8M,42,300,0.05760610103607178,0.16979455947875977,0.020346461490795553,0.013422608375549316,0.04655974559700671
Q3YB07,1.5265297889709473,3.606701612472534,0.507131314235396,0.4082642495632171,0.6031992668998253,1.5542355,3.678515,0.5208332,0.42075226,0.6064767,IDP-ESM2-8M,42,300,0.027705669403076172,0.07181334495544434,0.013701880020432822,0.012488007545471247,0.0032774572479713493
Q3YJX6,2.477308750152588,5.760866641998291,0.5273410931751996,0.4085641503334045,0.6193805696953866,2.2573812,5.244895,0.50421,0.4076409,0.67269665,IDP-ESM2-8M,42,300,0.21992754936218262,0.5159716606140137,0.023131097905424225,0.0009232461452483576,0.053316080332842186
Q3YJY1,1.9384753704071045,4.367786407470703,0.5132262829024838,0.4237847626209259,0.6248556982760537,1.8910801,4.5326376,0.534932,0.4261639,0.59107774,IDP-ESM2-8M,42,300,0.04739522933959961,0.16485118865966797,0.021705734423871137,0.0023791491985321045,0.03377795331526878
Q3YPN7,2.09953236579895,4.930629253387451,0.5239887485927784,0.4201423525810241,0.6102696444819754,2.0522194,4.887271,0.5354439,0.42442453,0.5977318,IDP-ESM2-8M,42,300,0.04731297492980957,0.04335832595825195,0.011455153422907594,0.004282176494598444,0.012537815792400209
Q45KG1,2.674025297164917,6.321504592895508,0.5279917496319663,0.4041230678558349,0.5788560723064217,2.887222,6.7483997,0.5200096,0.40614402,0.60929257,IDP-ESM2-8M,42,300,0.2131967544555664,0.4268951416015625,0.007982172357643758,0.00202095508575445,0.03043649446985397
Q461X8,3.658693552017212,9.241679191589355,0.6388704814893573,0.5018165111541748,0.5085014580353125,3.6460326,9.084059,0.6421466,0.49333552,0.45988762,IDP-ESM2-8M,42,300,0.012660980224609375,0.15762042999267578,0.0032761058824688494,0.008480995893478394,0.04861383424838628
Q4A2Y9,3.723955392837525,8.9144926071167,0.5787402798520295,0.446441501379013,0.5871703238002515,3.6940641,8.8911,0.5829007,0.45318136,0.566284,IDP-ESM2-8M,42,300,0.02989125251770064,0.023392677307128906,0.004160423101309152,0.006739854812622126,0.020886322926685796
Q4GZW3,1.646551489830017,3.82191801071167,0.5002061569176163,0.4015575647354126,0.6281050489518666,1.8064387,4.3044457,0.5321474,0.42798313,0.5811379,IDP-ESM2-8M,42,300,0.1598871946334839,0.4825277328491211,0.03194125061412201,0.026425570249557495,0.04696715336776014
Q4KPD1,2.339006185531616,5.631783485412598,0.5488330802422706,0.4142841696739197,0.5604323710960065,2.2520006,5.3134394,0.53240514,0.4299325,0.60459244,IDP-ESM2-8M,42,300,0.087005615234375,0.3183441162109375,0.01642794222652355,0.015648335218429565,0.044160071416505686
Q4KPE0,2.0140199661254883,4.579238414764404,0.5046275709408047,0.3947713375091553,0.6169305789413406,1.8774316,4.5051446,0.530752,0.4196667,0.57365286,IDP-ESM2-8M,42,300,0.13658833503723145,0.07409381866455078,0.02612443225209693,0.02489537000656128,0.04327771543883818
Q4KPI4,2.5416815280914307,5.652853965759277,0.4852018056922756,0.3906581103801727,0.6567706202138086,2.5662646,6.001023,0.51103,0.40485325,0.6149654,IDP-ESM2-8M,42,300,0.024583101272583008,0.34816884994506836,0.02582821263734475,0.01419514417648321,0.04180524097567995
Q4KPI5,1.9211220741271973,4.575193405151367,0.5406928906505313,0.420085608959198,0.5627645022538031,2.08567,4.961038,0.52095747,0.416691,0.5959866,IDP-ESM2-8M,42,300,0.16454792022705078,0.38584470748901367,0.01973542071034573,0.003394603729248047,0.03322210243674861
Q4KS53,1.6388745307922363,3.316356897354126,0.4226747147715329,0.3703816533088684,0.7268979585922896,1.7877876,4.1929307,0.5078083,0.407648,0.6080598,IDP-ESM2-8M,42,300,0.14891302585601807,0.8765738010406494,0.08513361290333282,0.03726634383201599,0.11883813507925856
Q4KSY7,3.4625701904296875,8.652510643005371,0.6502139120547656,0.5226889252662659,0.4999235084950474,3.5521338,8.981787,0.6655525,0.5116001,0.43049246,IDP-ESM2-8M,42,300,0.08956360816955566,0.32927608489990234,0.015338584855329573,0.011088848114013672,0.06943104776735576
Q4PKB7,2.6360623836517334,6.224262714385986,0.56094765502186,0.4264889657497406,0.5749221960048564,2.7250404,6.399305,0.5335032,0.42384705,0.606928,IDP-ESM2-8M,42,300,0.08897805213928223,0.17504215240478516,0.02744448024006063,0.002641916275024414,0.032005794908534724
Q4PRW0,1.5179200172424316,3.61003851890564,0.5324461933744857,0.4236882030963897,0.5698390236610729,1.60977,3.8515193,0.55111045,0.4424063,0.5694593,IDP-ESM2-8M,42,300,0.09185004234313965,0.24148082733154252,0.01866425307860875,0.01871809363365179,0.0003797045463878046
Q4QTS8,1.6264568567276,4.250420093536377,0.6541277005113932,0.5132476091384888,0.4673063902738345,1.9636602,5.159761,0.6396344,0.49716824,0.41798332,IDP-ESM2-8M,42,300,0.33720338344573975,0.9093408584594727,0.014493329707560232,0.016079366207122803,0.049323066938186944
Q4QVU0,1.8358632326126096,4.253056526184082,0.5065461487895927,0.3974564373493194,0.6168362893913983,1.9582556,4.608864,0.52636385,0.42384103,0.59505534,IDP-ESM2-8M,42,300,0.12239241600036643,0.3558073043823242,0.01981770085029988,0.02638459205627447,0.021780947670817286
Q4QW70,1.8600763082504272,4.377597808837891,0.555162376862551,0.4594239294528961,0.559330929668046,1.8223462,4.298888,0.5209696,0.4181078,0.6043612,IDP-ESM2-8M,42,300,0.03773009777069092,0.07870960235595703,0.03419274757483126,0.04131612181663513,0.04503024682273771
Q4QW80,1.791061282157898,4.176246643066406,0.5225003430078007,0.4146165549755096,0.5935741734523691,1.7825007,4.2299395,0.5285144,0.42245343,0.58945376,IDP-ESM2-8M,42,300,0.008560538291931152,0.05369281768798828,0.006014042215587989,0.00783687829971319,0.00412041664313445
Q4U2B4,1.831156134605408,4.397246837615967,0.5538641415844078,0.4392522573471069,0.5681926728465455,1.7469825,4.1491847,0.53599447,0.43452072,0.60105705,IDP-ESM2-8M,42,300,0.08417367935180686,0.2480621337890625,0.017869671464931458,0.004731535911560003,0.03286437976575918
Q4W600,3.437840223312378,7.96630859375,0.4925032781466327,0.3836457729339599,0.6489659636758696,3.5159478,8.159196,0.5180813,0.40549985,0.606988,IDP-ESM2-8M,42,300,0.07810759544372559,0.1928873062133789,0.025578029264561153,0.021854072809219416,0.04197795088518963
Q4Z9E7,2.258954763412476,5.503583908081055,0.592074766005025,0.4742708504199981,0.5588987154937829,2.094334,5.0433965,0.55118537,0.449993,0.6147098,IDP-ESM2-8M,42,300,0.1646208763122563,0.4601874351501465,0.04088939651344781,0.02427783608436579,0.05581107902754889
Q4ZA14,2.036619186401367,4.812585830688477,0.5907440794711466,0.4809561967849731,0.5445606672291752,1.9930077,4.8836207,0.5775554,0.46560797,0.56674254,IDP-ESM2-8M,42,300,0.04361152648925781,0.07103490829467773,0.013188661456620232,0.015348225831985418,0.022181872176647577
Q507B8,1.770772099494934,4.1414008140563965,0.5208953631071257,0.4089175462722778,0.5972473954684456,1.8144093,4.16929,0.49590677,0.4061426,0.64038473,IDP-ESM2-8M,42,300,0.04363715648651123,0.027889251708984375,0.024988592877786098,0.0027749538421630304,0.04313733820846477
Q507D5,1.7962902784347534,4.355922698974609,0.535721000582395,0.409042090177536,0.5797243242758592,1.93596,4.5759935,0.52886504,0.42501613,0.597414,IDP-ESM2-8M,42,300,0.1396697759628296,0.22007083892822266,0.006855961233792729,0.015974044799804688,0.01768969244777363
Q50G65,3.367163181304932,8.043872833251953,0.535652380256483,0.39740189909935,0.6361845211048864,3.192181,7.5568614,0.544678,0.4302432,0.60588044,IDP-ESM2-8M,42,300,0.174982070922852,0.4870114326477051,0.009025592537096117,0.03284129500389099,0.030304081823422813
Q50GB0,3.287896156311035,7.90878438949585,0.5317142769893488,0.4072995781898498,0.6373225314734245,2.7955425,6.456328,0.5030776,0.41074142,0.6838506,IDP-ESM2-8M,42,300,0.4923536777496338,1.4524564743041992,0.02863665076101629,0.0034418404102325995,0.04652805494091261
Q50GB8,3.192777156829834,7.575701236724853,0.50171397909175,0.3969997465610504,0.6934000475109994,2.9873214,6.9072905,0.5049712,0.40875277,0.6749166,IDP-ESM2-8M,42,300,0.20545578002929688,0.6684107780456534,0.003257227096451931,0.01175302267074585,0.01848342248811119
Q50GC3,3.274209499359131,7.678116321563721,0.5117695424693331,0.4013072848320007,0.6859584268164738,2.956524,6.880396,0.5163452,0.41414976,0.6504331,IDP-ESM2-8M,42,300,0.317685604095459,0.7977204322814941,0.004575660453487895,0.012842476367950495,0.035525303704748934
Q50GD5,3.254530668258667,7.45169734954834,0.4986200622540707,0.3992562890052795,0.7152558483666288,2.9507103,6.849179,0.51020473,0.41306713,0.6698714,IDP-ESM2-8M,42,300,0.3038203716278076,0.6025185585021973,0.011584670163989619,0.013810843229293879,0.045384458500753566
Q52PR2,1.5056509971618652,3.6966614723205566,0.5609932950284459,0.4485771954059601,0.5327075748953308,1.5131246,3.6894102,0.5587974,0.44431058,0.54527617,IDP-ESM2-8M,42,300,0.007473587989807129,0.007251262664794922,0.00219587595724835,0.004266619682312012,0.012568590113214095
Q52PS8,1.6906216144561768,3.980822801589966,0.5666813327541476,0.4456633329391479,0.5350221725896418,1.7193561,4.2318363,0.5774001,0.45863187,0.5195237,IDP-ESM2-8M,42,300,0.028734445571899414,0.25101351737976074,0.01071875555609414,0.012968540191650446,0.015498492379528273
Q52RQ4,1.937790274620056,4.641456127166748,0.5588535394677281,0.4537203907966614,0.5625960318149092,1.9076025,4.6239624,0.56352186,0.44164592,0.5369173,IDP-ESM2-8M,42,300,0.030187726020812766,0.017493724822998047,0.004668322562301208,0.012074470520019531,0.025678702980375556
Q52RR1,1.9106535911560056,4.558992862701416,0.5558089182324573,0.4336474537849426,0.5543568290284541,1.8790681,4.5207973,0.5559533,0.4390856,0.54857445,IDP-ESM2-8M,42,300,0.031585454940795676,0.03819561004638672,0.0001444056086377099,0.0054381489753723145,0.00578238139661813
Q52RR8,1.922695875167847,4.500558853149414,0.5614899517293291,0.4462836384773254,0.5478080560157466,1.789585,4.2742147,0.546675,0.4355123,0.565076,IDP-ESM2-8M,42,300,0.13311088085174583,0.22634410858154297,0.014814925312550575,0.01077133417129511,0.017267937522156274
Q52RS0,1.9491355419158936,4.677359580993652,0.5747393826912232,0.4536204636096954,0.5330402919972799,1.8313277,4.3784924,0.54861635,0.43668085,0.55855495,IDP-ESM2-8M,42,300,0.11780786514282227,0.29886722564697266,0.026123032994110118,0.016939610242843572,0.02551465537897135
Q52RS2,1.881052851676941,4.484784126281738,0.5614169784150459,0.4343199431896209,0.5360315897960279,1.8823664,4.5258417,0.5545076,0.43752605,0.54908586,IDP-ESM2-8M,42,300,0.0013135671615600586,0.041057586669921875,0.006909365232978026,0.0032061040401459295,0.013054265687980848
Q52RT5,1.871092796325684,4.422913074493408,0.5573784649840978,0.4368373453617096,0.5609052953727147,1.7939656,4.3361063,0.5675324,0.4498054,0.5385072,IDP-ESM2-8M,42,300,0.0771272182464604,0.0868067741394043,0.01015395517428841,0.012968063354492188,0.022398072243442257
Q52RT9,1.889814138412476,4.58958911895752,0.5491913929964508,0.43941730260849,0.5649790318616803,1.8932896,4.552394,0.56027377,0.44342405,0.54829675,IDP-ESM2-8M,42,300,0.0034754276275630325,0.03719520568847745,0.011082373521188349,0.004006743431091309,0.01668228226985291
Q52RW0,1.812930941581726,4.206143856048584,0.5435176737300802,0.4285955727100372,0.5732910519710286,1.7093931,4.039196,0.5398187,0.43746874,0.58515286,IDP-ESM2-8M,42,300,0.10353779792785645,0.1669478416442871,0.0036989696018148166,0.008873164653778132,0.011861812485148171
Q52S07,1.8959167003631592,4.582540512084961,0.5887822708143304,0.4648681581020355,0.5242652307014415,1.8496959,4.458808,0.5656718,0.44878474,0.54205287,IDP-ESM2-8M,42,300,0.04622077941894531,0.1237325668334961,0.023110469247252796,0.01608341932296753,0.01778763432693986
Q53AF0,1.691070556640625,4.047375202178955,0.5425262607576452,0.4376524984836578,0.5561097274955225,1.5927869,3.8631558,0.5459445,0.43520752,0.5669925,IDP-ESM2-8M,42,300,0.09828364849090576,0.1842193603515625,0.00341825113276617,0.002444982528686468,0.010882793790488288
Q53AG3,1.7432904243469238,4.290468215942383,0.5671083078616688,0.4483213424682617,0.5346267316657032,1.8240889,4.4102736,0.5513961,0.4365706,0.5659388,IDP-ESM2-8M,42,300,0.08079850673675537,0.11980533599853516,0.015712235950810616,0.011750727891921997,0.03131203910532343
Q53CQ0,3.601811170578003,8.432254791259766,0.558784745890368,0.4396609961986542,0.5561325192655586,3.6246543,8.553099,0.54225177,0.42897588,0.58779913,IDP-ESM2-8M,42,300,0.022843122482299805,0.12084388732910156,0.016532980162371147,0.010685116052627563,0.03166661260471115
Q53Z31,2.386525869369507,5.717702865600586,0.5503055334168976,0.4511687755584717,0.5714314273970346,2.3927982,5.6555195,0.5194116,0.41781506,0.6256123,IDP-ESM2-8M,42,300,0.006272315979003906,0.062183380126953125,0.030893909938961794,0.033353716135025024,0.054180891118743024
Q56BB1,1.9255621433258057,4.607244491577148,0.574841598073012,0.4804314374923706,0.5530186816256107,1.8452442,4.423966,0.54719925,0.44228917,0.6023185,IDP-ESM2-8M,42,300,0.08031797409057617,0.18327856063842773,0.027642348805433925,0.038142263889312744,0.04929984368872031
Q56EV1,1.5824687480926514,3.902522087097168,0.5794208786674824,0.458648532629013,0.5430971666074247,1.5204803,3.7196019,0.5767509,0.46560976,0.5428181,IDP-ESM2-8M,42,300,0.0619884729385376,0.18292021751403809,0.0026700041481342307,0.006961226463317927,0.0002790375447720983
Q56II6,3.43570613861084,7.957768440246582,0.4766461445576819,0.365729421377182,0.7449452010647378,3.6751652,8.509466,0.50531197,0.40379104,0.7000248,IDP-ESM2-8M,42,300,0.23945903778076172,0.5516977310180664,0.028665821384700918,0.03806161880493164,0.04492041745344022
Q58I31,1.909057021141052,4.520158290863037,0.5060169491379979,0.3924241662025451,0.5917032578401613,2.1475167,5.0762486,0.5242755,0.4105468,0.58125615,IDP-ESM2-8M,42,300,0.23845970630645774,0.5560903549194336,0.018258532562899332,0.018122643232345637,0.010447106640820492
Q58LM3,1.963769555091858,4.826760768890381,0.5818466534269655,0.4536454677581787,0.5462081343250069,1.8347619,4.5432982,0.5806147,0.46630186,0.5542224,IDP-ESM2-8M,42,300,0.12900769710540771,0.2834625244140625,0.0012319674146974435,0.01265639066696167,0.008014270631810705
Q58MF1,2.728389978408813,6.609820365905762,0.513299325931817,0.4074171781539917,0.6092882542186635,2.4962804,5.823255,0.51563,0.41127548,0.62022865,IDP-ESM2-8M,42,300,0.2321095466613765,0.7865653038024902,0.002330680858344092,0.0038582980632781982,0.010940393967066475
Q58N36,3.023923873901367,7.4815144538879395,0.5979129825119193,0.4702690243721008,0.5171482085589441,2.7153516,6.4396214,0.5417901,0.42527363,0.6023783,IDP-ESM2-8M,42,300,0.30857229232788086,1.0418930053710938,0.05612285475770784,0.04499539732933039,0.08523010021409672
Q58NB9,1.670888066291809,4.05571985244751,0.551736881070756,0.4350087344646454,0.5591677406251366,1.543269,3.6736486,0.536384,0.4362179,0.59398293,IDP-ESM2-8M,42,300,0.12761902809143066,0.38207125663757324,0.015352894597672528,0.001209169626235962,0.03481519432664559
Q58P45,3.027907133102417,7.029421806335449,0.5200333078484709,0.4074864983558655,0.6381756773674263,2.9517808,6.9250755,0.531516,0.41754922,0.6090696,IDP-ESM2-8M,42,300,0.0761263370513916,0.10434627532958984,0.011482707681161664,0.010062724351882935,0.02910609156725541
Q58P48,2.632598161697388,6.260942935943604,0.5095823054596049,0.3972707688808441,0.6581130008740196,2.6967022,6.395022,0.5423118,0.42757466,0.59506786,IDP-ESM2-8M,42,300,0.06410408020019487,0.1340789794921866,0.03272948214568072,0.030303895473480225,0.0630451421780357
Q596I4,3.390620946884156,8.107484817504883,0.5266184461183487,0.4159268140792846,0.658313416996167,3.061492,7.2303863,0.53585017,0.42362186,0.61414295,IDP-ESM2-8M,42,300,0.32912898063659757,0.877098560333252,0.00923172115612636,0.007695049047470148,0.044170462646649145
Q596I6,3.1831717491149902,7.420410633087158,0.5134338824816745,0.3911129236221313,0.6791010640559649,2.97753,7.095386,0.54913753,0.4324693,0.59370136,IDP-ESM2-8M,42,300,0.2056417465209961,0.3250246047973633,0.03570365022935451,0.041356384754180964,0.08539970144610165
Q5BND6,2.681489944458008,6.375361442565918,0.5208798233511408,0.4034977853298187,0.6280427283314209,2.5447743,5.9697537,0.52996385,0.42275906,0.6193045,IDP-ESM2-8M,42,300,0.13671565055847168,0.4056077003479004,0.009084027623895818,0.019261270761489868,0.008738250162933392
Q5DKQ8,3.4815316200256348,8.495621681213379,0.5203111558864492,0.4077857136726379,0.5980869327524613,3.7645426,8.773828,0.5255459,0.4109619,0.6144844,IDP-ESM2-8M,42,300,0.28301095962524414,0.27820587158203125,0.005234739213190731,0.0031761825084686834,0.01639749660697476
Q5DRF7,3.1011786460876465,7.349812030792236,0.5638078613758473,0.4554280936717987,0.5624222999065172,2.6250837,6.215694,0.5405796,0.4173959,0.5676792,IDP-ESM2-8M,42,300,0.47609496116638184,1.1341180801391602,0.023228244352379246,0.038032203912734985,0.005256926491950864
Q5EM22,2.6473076343536377,5.146146297454834,0.3787949931237921,0.2977191209793091,0.8492269379001071,3.5387986,8.14779,0.49608773,0.39914948,0.70683277,IDP-ESM2-8M,42,300,0.8914909362792969,3.001643657684326,0.11729273680708557,0.10143035650253296,0.1423941713672091
Q5EWN0,2.372111797332764,5.564791202545166,0.5174653941108573,0.4072464406490326,0.6127289051653629,2.3497643,5.5316577,0.52968836,0.41943136,0.5948206,IDP-ESM2-8M,42,300,0.0223474502563481,0.033133506774902344,0.01222296419602742,0.01218491792678833,0.01790828653590737
Q5EWN1,2.350292682647705,5.493396759033203,0.5192623385217512,0.4121113717556,0.5989575638882129,2.280996,5.355351,0.5238807,0.41616306,0.5997838,IDP-ESM2-8M,42,300,0.06929659843444824,0.1380457878112793,0.004618381616798617,0.004051685333251953,0.0008262143023999302
Q5FXX2,2.135232448577881,5.087587356567383,0.5319550332947838,0.4041355848312378,0.5890555206005135,2.1803,5.103698,0.5239439,0.41917965,0.6022831,IDP-ESM2-8M,42,300,0.045067548751831055,0.01611042022705078,0.008011132232772056,0.015044063329696655,0.013227599554821001
Q5G246,1.844038367271424,4.290697574615479,0.5270968001196521,0.4172975420951843,0.5756062689097131,2.046907,4.873825,0.543568,0.428349,0.55943465,IDP-ESM2-8M,42,300,0.2028685808181756,0.5831274986267081,0.01647121497891968,0.011051446199417114,0.016171616581221904
Q5G5L6,1.943203091621399,4.590855598449707,0.5596193866011911,0.448403537273407,0.5567663527961635,1.8441522,4.4038725,0.5450316,0.43580094,0.58146614,IDP-ESM2-8M,42,300,0.09905087947845459,0.1869831085205078,0.014587779450159655,0.01260259747505188,0.024699785566721033
Q5G5M1,1.968874216079712,4.723914623260498,0.5660294474329837,0.4391728341579437,0.5539828397940775,1.8844929,4.4819655,0.53924996,0.43250036,0.5927396,IDP-ESM2-8M,42,300,0.0843813419342041,0.24194908142089844,0.026779490825165064,0.006672471761703491,0.0387567422676901
Q5G5N5,1.9003962278366089,4.633363723754883,0.569814429190495,0.4443201720714569,0.5341583323163613,1.8730354,4.4477854,0.5322925,0.42853883,0.6001948,IDP-ESM2-8M,42,300,0.02736079692840576,0.1855783462524414,0.03752194395337338,0.01578134298324585,0.06603647950462255
Q5G5P3,1.97840428352356,4.650103092193604,0.5625239556246402,0.4570887088775635,0.5618278312703927,1.9197007,4.563757,0.5388775,0.4308483,0.58892256,IDP-ESM2-8M,42,300,0.058703541755676714,0.08634614944458097,0.023646468442023005,0.026240408420562744,0.02709472894460363
Q5G5R6,1.9291778802871704,4.554812908172607,0.5670081806486211,0.4616166651248932,0.546965066947434,1.8883548,4.5166616,0.5477255,0.43615714,0.5752719,IDP-ESM2-8M,42,300,0.04082310199737549,0.03815126419067383,0.01928268197232108,0.02545952796936035,0.028306837521102413
Q5G5T2,1.9090951681137085,4.619722843170166,0.5575333464272344,0.4432799518108368,0.5568728578137901,1.8898356,4.4929314,0.5424406,0.4338767,0.5790231,IDP-ESM2-8M,42,300,0.01925957202911377,0.12679147720336914,0.015092753184589136,0.009403258562088013,0.02215026497368544
Q5GQU4,1.990930438041687,4.9207305908203125,0.5863115188716447,0.4586424231529236,0.5331559415615533,2.0123792,4.9287004,0.5776281,0.4585346,0.54982436,IDP-ESM2-8M,42,300,0.021448731422424316,0.007969856262207031,0.008683442795137108,0.00010782480239868164,0.016668415471222553
Q5I4I5,2.333165645599365,5.813554763793945,0.5827171257793785,0.4472054243087768,0.525785882443046,2.2896113,5.519112,0.55915034,0.44117185,0.5709862,IDP-ESM2-8M,42,300,0.04355430603027299,0.29444265365600586,0.02356678760646591,0.006033569574356024,0.045200328856850214
Q5J596,1.586781024932861,3.7878026962280273,0.5433292067698765,0.4198478758335113,0.5526633300824944,1.5101238,3.654873,0.54662114,0.436072,0.56233764,IDP-ESM2-8M,42,300,0.07665717601776101,0.13292980194091797,0.0032919370480251064,0.016224116086959894,0.009674306865137483
Q5J5A1,1.6183093786239624,3.870728731155396,0.5598052240133281,0.4474738240242004,0.5457356016938345,1.6520532,3.9837103,0.55138195,0.44014314,0.55993783,IDP-ESM2-8M,42,300,0.033743858337402344,0.11298155784606889,0.00842327840328172,0.007330685853958074,0.014202233045850554
Q5J5A3,1.6228430271148682,4.055590629577637,0.5742607485828077,0.4457199871540069,0.5260964722278634,1.6159747,3.8859289,0.5358945,0.42411876,0.5814574,IDP-ESM2-8M,42,300,0.0068683624267578125,0.1696617603302002,0.038366235452619746,0.021601229906082098,0.05536090425223916
Q5J5A8,1.6273406744003296,3.965311527252197,0.5753303374289945,0.4579539000988006,0.5262613328454437,1.5894433,3.8269591,0.5427702,0.4312066,0.5671675,IDP-ESM2-8M,42,300,0.037897348403930664,0.13835239410400346,0.03256013050074136,0.02674728631973261,0.04090618767762755
Q5L446,3.079512357711792,7.389398097991943,0.5502025972109325,0.4302594363689422,0.5825165996481488,3.185846,7.445009,0.5385819,0.42571726,0.6196751,IDP-ESM2-8M,42,300,0.10633373260498047,0.05561113357543945,0.011620689461756428,0.004542171955108587,0.03715850020155209
Q5MIE7,1.6132006645202637,3.73853063583374,0.5631658574357731,0.4774132072925567,0.5583856059469877,1.6252228,3.9758518,0.5647965,0.46292558,0.53968245,IDP-ESM2-8M,42,300,0.012022137641906738,0.23732113838195845,0.0016306499227779492,0.01448762416839594,0.01870315803667888
Q5QF78,2.674216985702514,6.363349437713623,0.5986159234534261,0.4917669594287872,0.5506036075474252,2.3366761,5.600243,0.5611991,0.45245624,0.5818939,IDP-ESM2-8M,42,300,0.33754086494445756,0.7631063461303711,0.03741679482564897,0.03931072354316706,0.03129031335101229
Q5UNW3,4.750727653503418,10.825519561767578,0.4733757329004681,0.3930511474609375,0.7085240586471842,4.0775666,9.331918,0.4795872,0.37868404,0.6881615,IDP-ESM2-8M,42,300,0.6731610298156738,1.4936017990112305,0.00621146440330389,0.014367103576660156,0.020362566299466867
Q5UQA4,4.33373498916626,9.83464241027832,0.4334676728994714,0.3401858806610107,0.8214534479238712,4.1529446,9.181184,0.4385118,0.3688308,0.8552029,IDP-ESM2-8M,42,300,0.18079042434692383,0.6534585952758789,0.0050441159455908435,0.028644919395446833,0.03374946536043055
Q5UTC0,2.095011711120605,5.063046455383301,0.572212586244974,0.4465842843055725,0.5455680049015228,1.942256,4.616265,0.53717965,0.42885938,0.5876438,IDP-ESM2-8M,42,300,0.15275573730468706,0.44678163528442383,0.03503293736878377,0.0177249014377594,0.04207579726446231
Q5UTC9,1.93948757648468,4.609110832214356,0.55436503192451,0.4380765855312347,0.5580685138068514,1.9397684,4.605678,0.5338104,0.4237841,0.5853035,IDP-ESM2-8M,42,300,0.00028085708618186267,0.003432750701905185,0.020554654803538353,0.014292478561401312,0.027234971586672763
Q5UTE2,2.0520169734954834,4.895995616912842,0.5711858635815489,0.4510903060436249,0.5421065260739021,1.9375422,4.6066523,0.53864264,0.43012738,0.58925617,IDP-ESM2-8M,42,300,0.11447477340698242,0.28934335708618164,0.03254321869934673,0.020962923765182495,0.047149641337902115
Q5UTE6,2.042518138885498,4.796268939971924,0.5718468028922266,0.4683428704738617,0.543791245422011,2.0505924,4.8285813,0.53091353,0.42564353,0.60319793,IDP-ESM2-8M,42,300,0.008074283599853516,0.03231239318847656,0.04093327111198364,0.042699337005615234,0.05940668682133621
Q5Y0N1,2.994990825653076,6.953789234161377,0.5014362731002547,0.3956220149993896,0.6518465123652402,2.950286,6.847698,0.5141213,0.41262597,0.6323905,IDP-ESM2-8M,42,300,0.04470491409301758,0.10609102249145508,0.012685020921351708,0.017003953456878718,0.019456013250249926
Q5YA80,1.7734417915344238,4.498310089111328,0.621895886042235,0.4908481538295746,0.48745846129994,1.7786317,4.521996,0.6112444,0.48192134,0.5116638,IDP-ESM2-8M,42,300,0.0051898956298828125,0.023685932159423828,0.010651505568144426,0.008926808834075928,0.024205333217577063
Q5YF20,2.078660488128662,4.970014572143555,0.5538667915580849,0.4428366720676422,0.5489312051179402,2.1050413,5.0290318,0.5386958,0.42318168,0.57373023,IDP-ESM2-8M,42,300,0.02638077735900879,0.059017181396484375,0.01517097933274314,0.01965498924255371,0.024799025213480652
Q5YFF2,4.111719131469727,9.930810928344728,0.5190465281903809,0.3912995755672455,0.5837778790026912,3.3945515,7.876479,0.5129308,0.40333351,0.6040887,IDP-ESM2-8M,42,300,0.7171676158905029,2.0543317794799822,0.006115717738873316,0.012033939361572266,0.0203108446568242
Q5ZQY2,1.4747421741485596,3.401342868804932,0.5299390706797388,0.4492720663547516,0.5762729007943391,1.4829266,3.5823188,0.5480905,0.4387436,0.5566186,IDP-ESM2-8M,42,300,0.008184432983398438,0.1809759140014644,0.018151446841165764,0.010528475046157837,0.01965432951290602
Q64921,2.875164747238159,7.01267147064209,0.6048038264603403,0.4732551872730255,0.522604144355625,2.6374974,6.3110437,0.5522909,0.43126544,0.56228405,IDP-ESM2-8M,42,300,0.23766732215881348,0.7016277313232422,0.05251291001746916,0.04198974370956421,0.03967990801635379
Q64989,1.684173583984375,4.020639419555664,0.5423732528756787,0.4313163459300995,0.5538529009982389,1.6684451,4.0122924,0.55152386,0.44077846,0.5530283,IDP-ESM2-8M,42,300,0.015728473663330078,0.008347034454345703,0.009150611393577868,0.009462118148803711,0.0008246154948514661
Q65048,1.689738154411316,4.057070732116699,0.5434492436577397,0.4351734817028045,0.5790905451163194,1.7370739,4.123031,0.5415483,0.4341731,0.58608747,IDP-ESM2-8M,42,300,0.04733574390411377,0.06596040725708008,0.0019009319473820563,0.001000374555587713,0.006996920169935472
Q65541,1.9880214929580688,4.698788642883301,0.5496835713689342,0.4298861622810364,0.5551222869033927,1.8835795,4.601656,0.56824315,0.4438432,0.5257341,IDP-ESM2-8M,42,300,0.10444200038909912,0.09713268280029297,0.01855957457375379,0.013957023620605469,0.029388160335552138
Q65548,2.351393461227417,5.127230167388916,0.2503448628642048,0.2604826092720032,1.2972379120640725,2.199571,4.278796,0.2878955,0.2993831,1.080482,IDP-ESM2-8M,42,300,0.15182256698608398,0.8484339714050293,0.03755063779573781,0.03890049457550049,0.21675590599107442
Q66544,1.517062425613403,3.733175039291382,0.5764862557752297,0.453438937664032,0.5050724234030552,1.4389364,3.489753,0.5500084,0.43871537,0.54157454,IDP-ESM2-8M,42,300,0.07812607288360573,0.2434220314025879,0.02647783959938743,0.01472356915473938,0.03650211435100359
Q66546,1.6301345825195312,3.8816328048706055,0.5228290663210228,0.4086508452892303,0.582835434451462,1.6258807,3.942541,0.5660118,0.45824236,0.54277945,IDP-ESM2-8M,42,300,0.004253864288330078,0.06090807914733887,0.04318272013985369,0.04959151148796087,0.04005598880326866
Q66550,3.3490970134735107,7.985440731048584,0.5659242563325325,0.444598913192749,0.561692454592846,3.0349631,7.270233,0.54812855,0.43092573,0.61199546,IDP-ESM2-8M,42,300,0.314133882522583,0.715207576751709,0.017795711048261276,0.013673186302185059,0.05030300401005927
Q66741,1.542862057685852,3.758380174636841,0.5860430094960672,0.4702078998088836,0.5410359624098086,1.4467378,3.4620633,0.55118215,0.4515404,0.5841519,IDP-ESM2-8M,42,300,0.09612429141998291,0.29631686210632324,0.03486085865530797,0.01866748929023737,0.043115961246655066
Q67285,1.979526400566101,4.758676052093506,0.5258391117817188,0.410072922706604,0.576652651173825,1.9375458,4.654383,0.53228873,0.4170469,0.5718567,IDP-ESM2-8M,42,300,0.041980624198913574,0.1042928695678711,0.006449618362781906,0.006973981857299805,0.004795973641628981
Q68556,1.7223049402236938,4.021061897277832,0.5415812725373584,0.4455942213535309,0.5934380261649732,1.5813016,3.7948673,0.5326384,0.430342,0.5938034,IDP-ESM2-8M,42,300,0.14100337028503418,0.2261946201324463,0.008942901546605264,0.015252232551574707,0.0003653795967455409
Q68628,3.0889885425567627,7.31822395324707,0.5249352379951582,0.4005106985569,0.6119475441329844,3.19129,7.427771,0.51940274,0.41143045,0.6426332,IDP-ESM2-8M,42,300,0.10230135917663574,0.10954713821411133,0.005532495609293919,0.010919749736785889,0.030685655558788105
Q68967,3.006296396255493,7.463990688323975,0.6006610303771988,0.449522465467453,0.5266830879703147,2.9848528,7.2632933,0.59000874,0.46677533,0.5370696,IDP-ESM2-8M,42,300,0.021443605422973633,0.2006974220275879,0.010652294720460476,0.017252862453460693,0.010386530731620103
Q68UW8,1.4810948371887207,3.687974452972412,0.5804466513868974,0.4602592885494232,0.5266931263195685,1.5119812,3.6343217,0.54881746,0.4401326,0.55549973,IDP-ESM2-8M,42,300,0.030886411666870117,0.05365276336669922,0.031629195618312234,0.020126700401306152,0.0288066061747857
Q69018,2.45841908454895,5.776176929473877,0.5867771816889973,0.49660325050354,0.5406871550254676,2.5036955,5.976835,0.5135867,0.41936433,0.67445505,IDP-ESM2-8M,42,300,0.04527640342712402,0.20065784454345703,0.07319048172638132,0.07723891735076899,0.13376789162827996
Q69073,1.9076553583145144,4.668782234191895,0.5428499093334153,0.4143781363964081,0.5619430720494419,2.0550382,4.9099646,0.5458157,0.4313284,0.5677768,IDP-ESM2-8M,42,300,0.14738285541534402,0.24118232727050692,0.0029657969196364986,0.016950249671936035,0.005833727152523394
Q69092,1.826509952545166,4.050954818725586,0.4478915360000027,0.4042229056358337,0.6934729736799922,1.7073057,3.8292327,0.45184878,0.3778656,0.724177,IDP-ESM2-8M,42,300,0.11920428276062012,0.22172212600708008,0.003957239148389025,0.02635729312896723,0.03070402922680715
Q69144,2.380368709564209,5.531784534454346,0.5207934353517472,0.406330794095993,0.5757496634863409,2.4537308,5.7452793,0.5102253,0.40491843,0.6106663,IDP-ESM2-8M,42,300,0.07336211204528809,0.21349477767944336,0.010568139331239346,0.001412361860275213,0.03491661153807313
Q69192,1.7641640901565552,3.959692478179932,0.4705283104221359,0.3855941295623779,0.6888459246612519,2.1246521,5.2786536,0.5849538,0.46741563,0.52484924,IDP-ESM2-8M,42,300,0.36048805713653564,1.318961143493652,0.11442547452049107,0.08182150125503546,0.1639966886497468
Q69220,2.1271238327026367,5.128854751586914,0.553272971938911,0.425658643245697,0.5573215989492718,2.1820886,5.209279,0.5454019,0.42844817,0.5720391,IDP-ESM2-8M,42,300,0.05496478080749512,0.08042430877685547,0.007871100734534786,0.002789527177810669,0.014717528400581714
Q69CH6,5.038883686065674,11.860620498657228,0.561501337960687,0.4370525479316711,0.6089887090318437,4.611815,10.934952,0.5792528,0.45560905,0.5762902,IDP-ESM2-8M,42,300,0.42706871032714844,0.9256687164306658,0.017751441523108147,0.018556505441665705,0.032698518811964505
Q69CK3,1.783225417137146,4.420551300048828,0.5743360179746464,0.4545329213142395,0.5350396751091998,1.6247838,3.9159558,0.54392165,0.43752787,0.57743937,IDP-ESM2-8M,42,300,0.1584416627883911,0.5045955181121826,0.030414368518622226,0.017005056142807007,0.04239969266194887
Q69CL1,1.7435808181762695,4.141992568969727,0.5308415502674033,0.4169617593288421,0.5940601916387585,1.8302457,4.4157634,0.5537402,0.44273674,0.5732744,IDP-ESM2-8M,42,300,0.08666491508483887,0.273770809173584,0.0228986531131814,0.025774985551834162,0.02078581763057974
Q6DN18,2.2132582664489746,5.199740409851074,0.5477006421240416,0.4347025156021118,0.5696366600003273,2.3712246,5.668043,0.5474894,0.4279165,0.5764236,IDP-ESM2-8M,42,300,0.15796637535095215,0.46830272674560547,0.00021123744569684355,0.00678601861000061,0.006786925414559164
Q6GZR0,1.9490258693695068,4.488067150115967,0.532617193523242,0.3995068371295929,0.569717658293366,1.9542973,4.7143826,0.5655897,0.44625187,0.5290655,IDP-ESM2-8M,42,300,0.005271434783935547,0.22631549835205078,0.03297253244797993,0.04674503207206726,0.040652168524384025
Q6I8V7,1.800296664237976,4.424015998840332,0.5357759264971679,0.4245689809322357,0.5808949125585071,2.0346344,4.8326325,0.53550625,0.42479584,0.5808523,IDP-ESM2-8M,42,300,0.2343376874923706,0.4086165428161621,0.0002696780230467821,0.00022685527801513672,4.25828275195661e-05
Q6IWY9,2.51767635345459,6.207758903503418,0.5828818210016268,0.4499844312667846,0.5120610515632703,2.5073795,6.2052684,0.6036843,0.46389028,0.47989324,IDP-ESM2-8M,42,300,0.010296821594238281,0.002490520477294922,0.02080248514308758,0.013905853033065851,0.03216781421089909
Q6J7X0,1.857953667640686,4.408538341522217,0.5791202187028482,0.4711844623088836,0.5511749001613139,1.807193,4.257564,0.5269288,0.43129474,0.6386527,IDP-ESM2-8M,42,300,0.050760626792907715,0.15097427368164062,0.052191436239774514,0.0398897230625152,0.08747778214306845
Q6JIB3,2.6602258682250977,6.050790786743164,0.4796848085455745,0.3803263008594513,0.6733125454316714,2.8094316,6.575851,0.5144088,0.40441442,0.6178067,IDP-ESM2-8M,42,300,0.14920568466186523,0.5250601768493652,0.03472401828242844,0.024088114500045776,0.05550587238174465
Q6JKC4,3.165966987609864,7.5184326171875,0.6059432902485201,0.4827956259250641,0.5527129767126582,2.9526055,7.204287,0.6048028,0.4753533,0.5249159,IDP-ESM2-8M,42,300,0.21336150169372647,0.314145565032959,0.0011405029445955561,0.0074423253536224365,0.027797102708294164
Q6JPE0,3.357724905014038,7.8197197914123535,0.5807542374031861,0.464720606803894,0.5800176935145499,3.2401452,7.772153,0.5817917,0.4587196,0.5631177,IDP-ESM2-8M,42,300,0.11757969856262207,0.047566890716552734,0.001037461529461603,0.006000995635986273,0.01690001058074253
Q6L620,2.757244825363159,6.664008617401123,0.523056699116919,0.4107556641101837,0.6017711246002676,2.7050745,6.308259,0.515182,0.4067834,0.6205568,IDP-ESM2-8M,42,300,0.0521702766418457,0.35574960708618164,0.007874680836889691,0.003972262144088745,0.018785647154950902
Q6L8S9,2.8970284461975098,6.647912502288818,0.5154727784286767,0.4167699515819549,0.6367964539390418,2.7055383,6.3842793,0.5419919,0.426921,0.5891323,IDP-ESM2-8M,42,300,0.19149017333984375,0.26363325119018555,0.026519111048099453,0.010151058435440119,0.04766414497908089
Q6LAM5,2.7027411460876465,6.286890983581543,0.4904566274825103,0.3838620781898498,0.6577544478531998,2.6419587,6.1405554,0.4993785,0.39490914,0.6386207,IDP-ESM2-8M,42,300,0.060782432556152344,0.14633560180664062,0.008921874886416714,0.011047065258026179,0.01913377324306187
Q6PNN9,3.301457405090332,7.771319389343262,0.5272285344708778,0.4172213673591614,0.6109899148451664,3.417271,8.019566,0.5401024,0.4248083,0.6049331,IDP-ESM2-8M,42,300,0.1158134937286377,0.2482461929321289,0.012873887766518433,0.007586926221847534,0.00605683178776284
Q6PNP1,3.1800005435943604,7.277095794677734,0.5008537842810442,0.4007559716701507,0.6526496295778876,3.3171654,7.759864,0.5207468,0.4121292,0.6312092,IDP-ESM2-8M,42,300,0.13716483116149902,0.48276805877685547,0.019893042844505104,0.011373221874237116,0.021440434917700868
Q6Q435,1.559200882911682,3.618063449859619,0.5229466883833794,0.4287348985671997,0.6019639671037955,1.5571268,3.7784603,0.55909747,0.45221683,0.56075305,IDP-ESM2-8M,42,300,0.002074122428893821,0.16039681434631348,0.036150780469617394,0.023481935262680054,0.04121091963751744
Q6QDP2,2.5239388942718506,5.962162017822266,0.5087490460045316,0.391497254371643,0.6133863497081112,2.5516548,5.987808,0.51060194,0.4005311,0.6175709,IDP-ESM2-8M,42,300,0.02771592140197754,0.025646209716796875,0.0018528917663118705,0.009033858776092585,0.004184527367084079
Q6QDP3,2.586484670639038,5.886585235595703,0.520029523501512,0.4002785384654999,0.6051007317797792,2.630259,6.2193513,0.5258317,0.40922818,0.595098,IDP-ESM2-8M,42,300,0.04377436637878418,0.332766056060791,0.0058021758698258985,0.008949637413024902,0.010002713133538954
Q6QK79,2.346021175384521,5.431090831756592,0.5072285410623789,0.3936605751514435,0.6414720254389623,2.2006307,5.158135,0.527335,0.42487517,0.617308,IDP-ESM2-8M,42,300,0.1453905105590816,0.27295589447021484,0.020106447054839105,0.031214594841003418,0.024164004847226472
Q6QPN2,1.572451949119568,3.895301580429077,0.5655910876545672,0.4358919560909271,0.5305055309475735,1.4782614,3.5346553,0.5441492,0.43618807,0.5669655,IDP-ESM2-8M,42,300,0.09419059753417991,0.36064624786376953,0.021441867664790615,0.0002961158752441406,0.03645998943435402
Q6QQZ8,2.4829463958740234,5.748477935791016,0.4969058638016938,0.3843698799610138,0.6304543723669916,2.6591408,6.2973228,0.5238344,0.40659505,0.5959418,IDP-ESM2-8M,42,300,0.176194429397583,0.5488448143005371,0.0269285435278655,0.022225171327590942,0.03451259036931098
Q6QX44,2.568654775619507,6.43458366394043,0.6347801533951675,0.4979723691940307,0.5136736272535618,2.3843062,5.968539,0.63258827,0.4981786,0.5075332,IDP-ESM2-8M,42,300,0.18434858322143555,0.46604442596435547,0.0021918860688124875,0.00020623207092290707,0.006140434618979285
Q6QX45,2.533773422241211,6.354492664337158,0.6205349927440906,0.4819565117359161,0.5200781996924354,2.3479457,5.8881617,0.6295302,0.4955783,0.5040947,IDP-ESM2-8M,42,300,0.18582773208618164,0.46633100509643555,0.00899519867741816,0.01362177729606634,0.01598347980565562
Q6QXN6,2.395239353179932,5.903630256652832,0.6011871046676812,0.468485414981842,0.5224232408997775,2.230319,5.6890135,0.6374104,0.4991446,0.45202696,IDP-ESM2-8M,42,300,0.16492033004760787,0.2146167755126953,0.03622329763029242,0.030659198760986384,0.07039627766582979
Q6RJI1,2.235136747360229,5.233375072479248,0.5163865267829736,0.4047879874706268,0.6098477360142788,2.4273133,5.705487,0.5265127,0.41538292,0.5985715,IDP-ESM2-8M,42,300,0.1921765804290776,0.47211170196533203,0.010126155654923141,0.010594934225082453,0.011276256693752651
Q6SL65,2.190200090408325,5.558782577514648,0.6309597129208535,0.501046359539032,0.4993089016061801,2.0465777,5.1842933,0.61997604,0.49282232,0.51648825,IDP-ESM2-8M,42,300,0.14362239837646484,0.37448930740356445,0.010983669219681635,0.008224040269851685,0.017179352464101905
Q6SPV7,2.226480484008789,5.2870917320251465,0.5429238155304947,0.4252864122390747,0.5877573610834811,2.078101,4.885055,0.5276769,0.42348778,0.6014493,IDP-ESM2-8M,42,300,0.14837956428527832,0.4020366668701172,0.015246935170845077,0.0017986297607421875,0.013691949696090444
Q6SPW0,2.0580801963806152,4.791141986846924,0.5466770516348369,0.4296363890171051,0.5742025354220122,1.970008,4.6193323,0.5263893,0.42280647,0.6028652,IDP-ESM2-8M,42,300,0.08807218074798584,0.17180967330932617,0.02028775081162526,0.0068299174308776855,0.028662683694198776
Q6SPW6,2.1695804595947266,5.043977737426758,0.552981511634642,0.4418242573738098,0.5749617561987144,1.9669151,4.616168,0.52736354,0.42472327,0.60452664,IDP-ESM2-8M,42,300,0.2026653289794922,0.4278097152709961,0.025617972892576613,0.017100989818572998,0.029564882785965807
Q6TNN1,1.7524871826171875,4.130025863647461,0.5354443231394044,0.4314078390598297,0.5651487826603275,1.7656773,4.235386,0.5454876,0.43193692,0.55624056,IDP-ESM2-8M,42,300,0.013190150260925293,0.10536003112792969,0.010043259544158856,0.0005290806293487549,0.008908224036059953
Q6TVK4,4.831321716308594,11.716652870178224,0.567951928652845,0.4457817673683166,0.5856972130173522,4.144997,9.755819,0.554713,0.43370628,0.61375695,IDP-ESM2-8M,42,300,0.6863245964050293,1.9608335494995135,0.013238917864881183,0.012075483798980657,0.028059741652600168
Q6TVY4,5.090649604797363,12.006648063659668,0.5515950897568564,0.4325287640094757,0.6182798616392916,4.698702,11.021179,0.55648816,0.43389335,0.61790955,IDP-ESM2-8M,42,300,0.39194774627685547,0.985468864440918,0.0048930665618081015,0.001364588737487793,0.00037031097248252376
Q6U9S1,2.224593162536621,5.410158634185791,0.5529527049669645,0.439848780632019,0.5518755256940091,2.2223396,5.3088183,0.54578096,0.4285418,0.5769459,IDP-ESM2-8M,42,300,0.0022535324096679688,0.10134029388427734,0.007171748221816765,0.011306971311569158,0.025070375223044117
Q6UDH5,1.8780081272125244,4.508701324462891,0.532951634740791,0.4196270704269409,0.5893694041243354,1.7640953,4.06503,0.48063797,0.39582345,0.67922133,IDP-ESM2-8M,42,300,0.11391282081604004,0.44367122650146484,0.05231366715427366,0.023803621530532837,0.08985192794887631
Q6UGK8,1.8157479763031008,4.310762882232666,0.5680889736619045,0.4455533623695373,0.5475632910459438,1.8750192,4.5720425,0.5605887,0.4468897,0.563123,IDP-ESM2-8M,42,300,0.05927121639251687,0.2612795829772949,0.0075002562012721485,0.0013363361358643133,0.015559696701248571
Q6VB58,1.8730816841125488,4.578416347503662,0.5477194154774168,0.443918377161026,0.5479091729908592,1.878737,4.4438396,0.5207664,0.4129137,0.5842287,IDP-ESM2-8M,42,300,0.0056552886962890625,0.13457679748535156,0.026953038028381116,0.031004667282104492,0.036319521448075154
Q6VB60,2.4121968746185303,5.853138446807861,0.511619256989197,0.3932521939277649,0.6065718494934317,2.6032302,6.0831046,0.5312424,0.4201599,0.58786005,IDP-ESM2-8M,42,300,0.19103336334228516,0.2299661636352539,0.01962311361627178,0.02690771222114563,0.018711801676201456
Q6VB61,2.809426784515381,6.420488357543945,0.5328678356452663,0.424326092004776,0.579144751471677,2.8537743,6.684599,0.5252007,0.4088954,0.59891176,IDP-ESM2-8M,42,300,0.044347524642944336,0.2641105651855469,0.007667111043520691,0.015430688858032227,0.01976701076587184
Q6VB71,1.8711520433425903,4.421854972839356,0.5460729252914949,0.4247683584690094,0.5513532138201858,1.9094658,4.664263,0.5681562,0.445579,0.5210629,IDP-ESM2-8M,42,300,0.03831374645233154,0.24240779876708896,0.022083257474465823,0.020810633897781372,0.03029030326339255
Q6VTP7,2.427150249481201,6.1994829177856445,0.6422298403023741,0.4917921721935272,0.5089587983221532,2.6850991,7.0865455,0.7186649,0.5628927,0.36686885,IDP-ESM2-8M,42,300,0.2579488754272461,0.8870625495910645,0.07643504426488668,0.07110050320625305,0.14208994475312242
Q6VV29,1.4821395874023438,3.6686606407165527,0.5689100137955452,0.4463496804237366,0.5027204839610787,1.5728701,3.8773198,0.5617612,0.44021273,0.5077167,IDP-ESM2-8M,42,300,0.09073054790496826,0.20865917205810547,0.007148813367536144,0.006136953830718994,0.004996231374767235
Q6VV44,1.4814459085464478,3.5226593017578125,0.5478162520556156,0.4280592799186706,0.5338551378367681,1.6326308,4.0499153,0.5794229,0.45324814,0.49100012,IDP-ESM2-8M,42,300,0.15118491649627686,0.5272560119628906,0.03160663908436856,0.025188863277435358,0.042855021965338636
Q6VXF3,1.4885406494140625,3.6052749156951904,0.5694902353998433,0.4664764404296875,0.5332877162409555,1.4821564,3.6240287,0.5596267,0.44926304,0.54818076,IDP-ESM2-8M,42,300,0.00638425350189209,0.018753767013549805,0.009863536905885817,0.017213404178619385,0.014893042712138982
Q6VY62,2.266167402267456,5.458067417144775,0.6045407135740564,0.458480566740036,0.528631092746106,2.4078407,5.9043407,0.5723969,0.45537856,0.61018616,IDP-ESM2-8M,42,300,0.14167332649230957,0.4462733268737793,0.032143839146260955,0.0031020045280456543,0.08155506686464231
Q6VZE3,2.2628333568573,5.367588043212891,0.5735474799180568,0.4458824098110199,0.5405640290188174,2.3864377,5.762634,0.56535125,0.44093382,0.5659722,IDP-ESM2-8M,42,300,0.12360429763793945,0.39504575729370117,0.008196232130581182,0.0049485862255096436,0.025408179957928212
Q6VZT0,2.1766622066497803,5.27756404876709,0.5763559885012244,0.4528835415840149,0.5358563772608966,2.136307,5.1706414,0.5706591,0.4482474,0.5606281,IDP-ESM2-8M,42,300,0.04035520553588867,0.10692262649536133,0.005696887491855485,0.004636138677597046,0.024771738869932225
Q6WHL7,2.131894826889038,5.01432991027832,0.583176907324865,0.4664879739284515,0.541969412205483,2.0870073,5.0559864,0.55259216,0.4487252,0.599259,IDP-ESM2-8M,42,300,0.044887542724609375,0.041656494140625,0.030584749007299128,0.017762780189514105,0.05728960669252725
Q6WY30,2.5422840118408203,5.768303394317627,0.4862619945465924,0.3858581483364105,0.670012576619166,2.5262198,6.011875,0.53084075,0.41506192,0.60201794,IDP-ESM2-8M,42,300,0.016064167022705078,0.24357175827026367,0.044578759962379755,0.02920377254486084,0.06799463752843726
Q6YH51,7.625787734985352,18.7159423828125,0.6321156198842125,0.508216381072998,0.5790772817628673,5.182832,12.484947,0.6182173,0.4839727,0.59578097,IDP-ESM2-8M,42,300,2.44295597076416,6.230995178222656,0.013898330436428075,0.024243682622909546,0.016703686903209336
Q6YH62,2.5880126953125,6.094988822937012,0.5375133538827445,0.4106459021568298,0.5653184882661517,2.5308547,5.9298067,0.53197926,0.42048973,0.58468544,IDP-ESM2-8M,42,300,0.05715799331665039,0.16518211364746094,0.005534091053917556,0.009843826293945368,0.019366956565696425
Q70EH9,2.355821132659912,5.54519510269165,0.530594773437522,0.4114401936531067,0.5822077049501029,2.422125,5.6948223,0.51808894,0.40769726,0.6098253,IDP-ESM2-8M,42,300,0.06630396842956543,0.1496272087097168,0.01250583663179694,0.0037429332733154297,0.0276176081411752
Q70EI1,2.321039915084839,5.358846664428711,0.5191303398883007,0.3958155810832977,0.5964726299827592,2.4916956,5.8506746,0.5173471,0.40588126,0.60599965,IDP-ESM2-8M,42,300,0.1706557273864746,0.49182796478271484,0.001783242491450121,0.010065674781799372,0.00952701858825522
Q70EI2,2.2539639472961426,5.410141468048096,0.5195113829631799,0.3927766382694244,0.5782889734359291,2.5141988,5.8989787,0.5154462,0.40567195,0.6131127,IDP-ESM2-8M,42,300,0.2602348327636719,0.48883724212646484,0.004065196897506063,0.012895315885543879,0.034823714628646085
Q70EI3,2.6619467735290527,6.418622970581055,0.5192946528571439,0.3966785371303558,0.6054465629399313,2.8072364,6.57257,0.52154094,0.4088215,0.61136657,IDP-ESM2-8M,42,300,0.14528965950012207,0.1539468765258789,0.002246286950747911,0.01214295625686651,0.0059200070559488616
Q70EI6,2.851761817932129,6.854816436767578,0.5678599525869269,0.4428705871105194,0.5375035314599924,2.7564511,6.489209,0.5332768,0.4200677,0.5946857,IDP-ESM2-8M,42,300,0.09531068801879883,0.36560726165771484,0.034583156245984514,0.022802889347076416,0.05718214225369167
Q70EI7,2.32140588760376,5.594510555267334,0.5378643384770447,0.4110851287841797,0.5595215755256523,2.4206579,5.762523,0.52506125,0.40757525,0.5916586,IDP-ESM2-8M,42,300,0.09925198554992631,0.1680126190185547,0.012803088744073543,0.0035098791122436523,0.0321370166984688
Q70EJ0,3.09393310546875,7.579602241516113,0.5589844978283832,0.4465241134166717,0.5559381348266207,3.0913467,7.289851,0.54307055,0.42773536,0.58562285,IDP-ESM2-8M,42,300,0.00258636474609375,0.2897510528564453,0.015913943095106853,0.018788754940032903,0.029684712253610024
Q70GQ7,1.885117650032044,4.377340793609619,0.5105930019536271,0.3985294997692108,0.6056012526017611,1.9398795,4.59777,0.52131295,0.41384706,0.5924956,IDP-ESM2-8M,42,300,0.05476188659667924,0.2204294204711914,0.010719950087998864,0.015317559242248535,0.013105632351059215
Q70VJ7,2.302663326263428,5.342514514923096,0.5183224742408404,0.4136684536933899,0.6055087853133291,2.2006197,5.1529207,0.522249,0.4163817,0.6116292,IDP-ESM2-8M,42,300,0.1020436286926274,0.18959379196166992,0.003926509142338275,0.002713233232498169,0.006120402747431419
Q70VK5,2.292358160018921,5.216641426086426,0.494888076291933,0.3944695293903351,0.6516541478406728,2.2159255,5.147703,0.50810677,0.40984818,0.63134164,IDP-ESM2-8M,42,300,0.07643270492553711,0.0689382553100586,0.013218691839323116,0.01537865400314331,0.020312511659795085
Q70VN3,2.4672887325286865,5.889421463012695,0.5324669329903694,0.4111112356185913,0.584149001475763,2.3077333,5.383945,0.5216346,0.4167835,0.6145279,IDP-ESM2-8M,42,300,0.15955543518066406,0.5054764747619629,0.010832354285535417,0.005672276020050049,0.03037887966971431
Q70VN5,2.3996682167053223,5.527461051940918,0.5004123326140942,0.3953085243701935,0.6395693945134394,2.2566874,5.2243967,0.49932432,0.400444,0.6371397,IDP-ESM2-8M,42,300,0.14298081398010254,0.30306434631347656,0.0010880108672680633,0.005135476589202881,0.002429716512035607
Q70VQ5,2.485011339187622,5.915930271148682,0.5369003488112964,0.4241958856582641,0.5833456402656271,2.2857578,5.335791,0.52187324,0.41697466,0.60748047,IDP-ESM2-8M,42,300,0.19925355911254883,0.58013916015625,0.015027113108781798,0.0072212219238280695,0.024134826100187134
Q70VR9,2.0981602668762207,4.91445255279541,0.4927962568798735,0.3719899654388428,0.6406132120961586,2.2259793,5.215806,0.52115357,0.41416392,0.60416466,IDP-ESM2-8M,42,300,0.12781906127929688,0.30135345458984375,0.028357312341623087,0.042173951864242554,0.036448552119199396
Q70VT5,2.409777879714966,5.465031147003174,0.4959999667056536,0.3774673342704773,0.6527670609922136,2.2880592,5.3295827,0.51721567,0.4138003,0.6150603,IDP-ESM2-8M,42,300,0.1217186450958252,0.13544845581054688,0.021215702449467244,0.03633296489715576,0.03770673155495774
Q70VT7,2.2740671634674072,5.106021881103516,0.4975642276435819,0.3776080310344696,0.643136003288531,2.1620936,5.0464735,0.5182415,0.41459286,0.61855805,IDP-ESM2-8M,42,300,0.11197352409362793,0.059548377990722656,0.020677297052768218,0.03698483109474182,0.024577954086565712
Q716F8,1.868253231048584,4.514596462249756,0.5538504108787995,0.4206230640411377,0.5579507427009343,1.8199956,4.4391623,0.5755468,0.45984843,0.5475257,IDP-ESM2-8M,42,300,0.04825758934020996,0.07543420791625977,0.021696390211440986,0.039225369691848755,0.010425038793921315
Q719M9,2.175209045410156,4.980372905731201,0.4263329918517117,0.4028970003128052,0.8203185509330588,2.8427496,6.6399107,0.5516201,0.46073782,0.64674693,IDP-ESM2-8M,42,300,0.667540550231934,1.6595377922058105,0.12528713391885715,0.057840824127197266,0.17357161747282324
Q71BY2,2.827131986618042,6.517589092254639,0.5431402815859638,0.4208239018917084,0.5770154896629915,3.0367293,7.1586714,0.5401221,0.4190007,0.5831634,IDP-ESM2-8M,42,300,0.20959734916687012,0.6410822868347168,0.0030181898157917164,0.0018232166767120361,0.0061478909598722264
Q73233,1.5014801025390625,3.525797843933105,0.5599472865398949,0.4527789056301117,0.5531192314869736,1.490483,3.6215167,0.55636734,0.44823796,0.55553496,IDP-ESM2-8M,42,300,0.01099705696105957,0.09571886062622115,0.003579948836190061,0.004540950059890747,0.002415727352442887
Q75QS2,2.6424920558929443,6.474318027496338,0.5336288139178198,0.4070957601070404,0.611532885341625,2.6159222,6.174918,0.53361124,0.42256233,0.60801595,IDP-ESM2-8M,42,300,0.026569843292236328,0.29939985275268555,1.7575915042700174e-05,0.015466570854187012,0.0035169308471486582
Q75QS3,2.5629546642303467,6.194577217102051,0.5691473033195151,0.4357698857784271,0.5430770228967888,2.581821,6.1426864,0.54819566,0.42997658,0.58078045,IDP-ESM2-8M,42,300,0.018866300582885742,0.05189085006713867,0.0209516432052268,0.0057933032512664795,0.0377034236325996
Q75QT5,2.460181474685669,5.9583916664123535,0.5350244943186833,0.419938176870346,0.5982612422430772,2.3610287,5.646212,0.5458373,0.42859682,0.57187355,IDP-ESM2-8M,42,300,0.09915280342102051,0.3121795654296875,0.010812788815777186,0.0086586475372315,0.026387696596409715
Q75QT6,2.566524744033813,5.953392505645752,0.5173375478387128,0.404754102230072,0.6284503855189125,2.6925697,6.3968186,0.54378146,0.42538157,0.58564174,IDP-ESM2-8M,42,300,0.1260449886322026,0.44342613220214844,0.026443911492799677,0.020627468824386597,0.04280864376628801
Q75R01,2.159761905670166,5.133176326751709,0.5265404362437495,0.4101608395576477,0.5951435846280184,2.1923637,5.1577487,0.52518076,0.4165517,0.60706955,IDP-ESM2-8M,42,300,0.03260183334350586,0.024572372436523438,0.001359679198003616,0.006390869617462158,0.011925967316714248
Q75ZR8,2.4880266189575195,5.727643966674805,0.5247707082225932,0.4127167463302612,0.5894172185201019,2.5768325,6.0935764,0.52528703,0.40796664,0.59084094,IDP-ESM2-8M,42,300,0.0888059139251709,0.3659324645996094,0.0005163239047871748,0.004750102758407537,0.0014237171869904142
Q75ZS3,2.4018988609313965,5.670812606811523,0.5124885231467603,0.3882860541343689,0.590270970298648,2.5144975,5.9667773,0.52584875,0.40835357,0.58081776,IDP-ESM2-8M,42,300,0.11259865760803223,0.29596471786499023,0.013360223152983353,0.02006751298904419,0.009453211261630123
Q75ZS7,2.532591819763184,5.908428192138672,0.5433280234382212,0.4279199540615082,0.5621622136300314,2.4886975,5.8814445,0.5209516,0.40614608,0.59909356,IDP-ESM2-8M,42,300,0.04389429092407271,0.02698373794555664,0.022376394753223616,0.021773874759674072,0.03693134277408239
Q76745,1.6581584215164185,4.01824951171875,0.581560896221056,0.4698268175125122,0.5355136820125336,1.7640059,4.304532,0.5818514,0.46317092,0.534805,IDP-ESM2-8M,42,300,0.10584747791290283,0.2862825393676758,0.0002905265656566458,0.006655901670455933,0.0007086821841949531
Q77369,1.948449730873108,4.620036602020264,0.529521056454016,0.4335610270500183,0.5834183942026043,1.9933287,4.6216083,0.50380635,0.41212517,0.634396,IDP-ESM2-8M,42,300,0.04487895965576172,0.0015716552734375,0.02571470383865959,0.021435856819152832,0.050977622395143474
Q778N1,2.5458643436431885,5.873696327209473,0.5144344004001222,0.401195079088211,0.6251007114576848,2.447596,5.7835293,0.5277712,0.41548547,0.6016751,IDP-ESM2-8M,42,300,0.09826827049255371,0.09016704559326172,0.0133367745075621,0.014290392398834284,0.02342561828370404
Q77F13,3.3807973861694336,8.447208404541016,0.6566030759313287,0.5157067775726318,0.5160359649067825,3.0729022,7.8755636,0.678847,0.5325614,0.46593922,IDP-ESM2-8M,42,300,0.3078951835632324,0.5716447830200195,0.0222439389726935,0.01685464382171631,0.05009674114045559
Q77IW3,3.667006492614746,9.02072048187256,0.6358428979470659,0.4997164607048034,0.4943010894200745,3.5568652,8.861375,0.63040257,0.48625633,0.47742105,IDP-ESM2-8M,42,300,0.11014127731323242,0.15934562683105646,0.005440332944624537,0.01346012949943537,0.016880044116729775
Q77MY7,3.0946688652038574,7.360528469085693,0.5464783720974997,0.4180561006069183,0.5764968899324167,3.0527022,7.1883345,0.54333484,0.42693868,0.5904737,IDP-ESM2-8M,42,300,0.04196667671203613,0.1721940040588379,0.0031435303692892713,0.008882582187652643,0.013976821558214447
Q78226,1.7475634813308716,4.084605693817139,0.5402136842218744,0.4447835683822632,0.5790782594906076,1.7563429,4.0483427,0.49736232,0.4093361,0.6347632,IDP-ESM2-8M,42,300,0.008779406547546387,0.03626298904418945,0.042851368567119796,0.03544747829437256,0.05568492171895656
Q78501,1.432838797569275,3.3875572681427,0.5176555660695416,0.4173686504364013,0.5884915015621666,1.4619759,3.642528,0.5830028,0.46166444,0.49996576,IDP-ESM2-8M,42,300,0.029137134552001953,0.2549707889556885,0.06534723964029732,0.04429578781127935,0.08852574443059003
Q78643,2.123698234558105,4.968486785888672,0.519560616859659,0.4064994156360626,0.6145149815898475,2.0550566,4.8020363,0.5128905,0.4121334,0.6242317,IDP-ESM2-8M,42,300,0.0686416625976558,0.16645050048828125,0.006670099148019637,0.00563398003578186,0.009716714538997695
Q78646,2.080897569656372,4.810916900634766,0.5024195005642319,0.3968080878257751,0.6305659569791668,2.0719616,4.8800097,0.5259081,0.42034057,0.6079419,IDP-ESM2-8M,42,300,0.008935928344726562,0.0690927505493164,0.02348861196170804,0.02353248000144964,0.02262403145350156
Q78648,2.1106977462768555,5.095232963562012,0.5420234915534131,0.420842707157135,0.5675764343471431,2.1413012,5.010405,0.52121997,0.41813564,0.6121713,IDP-ESM2-8M,42,300,0.030603408813476562,0.08482789993286133,0.02080352275763675,0.002707064151763916,0.044594857957849565
Q78649,2.1691126823425293,5.012169361114502,0.5280913977689979,0.4175859093666076,0.6047836943522646,2.1106157,4.9272265,0.5154537,0.4151277,0.6223277,IDP-ESM2-8M,42,300,0.058496952056884766,0.08494281768798828,0.012637701518082411,0.0024582147598266046,0.017543991003875492
Q78652,2.1944706439971924,5.236894607543945,0.539476438157419,0.4241620004177093,0.5841282303287124,2.1905077,5.1601267,0.52935386,0.42308763,0.60548925,IDP-ESM2-8M,42,300,0.003962993621826172,0.0767679214477539,0.010122581117013696,0.0010743737220763605,0.021361023669090318
Q78653,2.158559560775757,5.019076347351074,0.5243930032449136,0.4316222369670868,0.60821983829007,2.105562,4.912103,0.51490825,0.41476738,0.6230771,IDP-ESM2-8M,42,300,0.052997589111328125,0.10697317123413086,0.00948474909833763,0.016854852437973022,0.014857256264831142
Q79401,2.396623611450196,5.142545223236084,0.4507832064834728,0.3672207295894623,0.7358163752929183,2.6017902,5.9683943,0.49188465,0.39883322,0.6709422,IDP-ESM2-8M,42,300,0.2051665782928458,0.8258490562438965,0.04110144231642343,0.03161248564720154,0.06487418798365319
Q7LZ01,1.5330451726913452,3.666823148727417,0.5637863154905638,0.4815719723701477,0.5472100245629485,1.4932842,3.5803304,0.54423857,0.44026408,0.56058866,IDP-ESM2-8M,42,300,0.03976094722747803,0.08649277687072754,0.019547748138268872,0.04130789637565613,0.01337863329303901
Q7LZT9,1.5470428466796875,3.795819759368897,0.5955119864868412,0.4761957824230194,0.518813619784365,1.548111,3.8492544,0.58866143,0.4841047,0.5267255,IDP-ESM2-8M,42,300,0.001068115234375,0.053434610366820845,0.006850554220605876,0.007908910512924194,0.007911851235379852
Q7SPR3,1.9100348949432373,4.523359775543213,0.5052520253405037,0.3945952653884887,0.6236093196398329,1.9373803,4.5646315,0.5213393,0.4161408,0.59803206,IDP-ESM2-8M,42,300,0.02734541893005371,0.04127168655395508,0.01608727195411297,0.021545529365539606,0.025577262354524066
Q7SPR5,1.960156202316284,4.494772434234619,0.5023203665903977,0.3936147391796112,0.6213776871591649,2.0824795,4.9033422,0.5220276,0.41438895,0.5973148,IDP-ESM2-8M,42,300,0.12232327461242698,0.4085698127746582,0.019707245142085217,0.02077421545982361,0.024062912169083073
Q7SPR7,1.8883764743804927,4.4770379066467285,0.520034285477614,0.4099671244621277,0.5952729871603116,1.9183899,4.5269494,0.52436304,0.41715598,0.59182686,IDP-ESM2-8M,42,300,0.03001344203949019,0.0499114990234375,0.004328755446458277,0.007188856601715088,0.003446131023989607
Q7SPR8,2.1069812774658203,5.0958333015441895,0.5769496289504831,0.4566007256507873,0.5283925182445,1.9679606,4.6161723,0.5299057,0.42592594,0.6003108,IDP-ESM2-8M,42,300,0.13902068138122559,0.4796609878540039,0.04704395210874723,0.030674785375595037,0.07191828421521684
Q7SPR9,1.9183484315872192,4.555088043212891,0.544595844849057,0.4196150302886963,0.5558446247107539,1.998965,4.7028666,0.5251098,0.41828123,0.5943629,IDP-ESM2-8M,42,300,0.08061659336090088,0.14777851104736328,0.019486017330593852,0.0013338029384613037,0.03851828985147143
Q7SPS1,1.9963243007659912,4.672143936157227,0.5216286456068928,0.4147070348262787,0.6014572563643814,2.0281262,4.793144,0.52634925,0.41768965,0.58726877,IDP-ESM2-8M,42,300,0.03180193901062012,0.12100028991699219,0.004720600895029792,0.002982616424560547,0.01418848662332306
Q7SPW1,2.4497461318969727,5.960259914398193,0.5608473608172888,0.4547930657863617,0.5919551175286492,2.245393,5.3414364,0.5396174,0.44656476,0.63456005,IDP-ESM2-8M,42,300,0.20435309410095215,0.6188235282897949,0.021229941574429922,0.008228302001953125,0.04260493105152052
Q7T5C0,3.656704902648926,8.52889633178711,0.5347582554206761,0.4145699441432953,0.6139040461862924,3.487482,8.034821,0.50040466,0.4100286,0.68950695,IDP-ESM2-8M,42,300,0.16922283172607422,0.4940757751464844,0.034353599487295994,0.004541337490081787,0.07560290180793983
Q7T5F8,3.0711727142333984,7.78337287902832,0.627970382345678,0.4871960580348968,0.5223973298220306,2.9598107,7.698391,0.70204854,0.53640455,0.3585168,IDP-ESM2-8M,42,300,0.11136198043823242,0.08498191833496094,0.07407815776967841,0.04920849204063421,0.16388051749750665
Q7T5M5,2.4955034255981445,5.494396209716797,0.3839457731754742,0.3228391408920288,0.8370445700158922,3.0891495,7.2401175,0.5202558,0.40256065,0.60035574,IDP-ESM2-8M,42,300,0.5936460494995117,1.7457213401794434,0.13631003088641547,0.07972151041030884,0.23668882565401472
Q7T9U3,2.4542911052703857,6.0826568603515625,0.6293675062559412,0.4977986812591553,0.5225445446835012,2.456413,6.2795005,0.6554998,0.5110469,0.4436097,IDP-ESM2-8M,42,300,0.0021219253540039062,0.19684362411499023,0.026132309684915755,0.013248205184936523,0.07893483017544456
Q7TB66,2.3691372871398926,5.377172946929932,0.5395942958719646,0.4307235479354858,0.5901781861515263,2.4149985,5.7282386,0.54283035,0.42861703,0.58115804,IDP-ESM2-8M,42,300,0.045861244201660156,0.35106563568115234,0.0032360521428669298,0.0021065175533294123,0.009020144197485758
Q7TDE5,1.7333195209503174,4.353796482086182,0.6113512801752257,0.4941945672035217,0.5164321738951063,1.8077096,4.40754,0.56774116,0.45633838,0.567383,IDP-ESM2-8M,42,300,0.07439005374908447,0.05374336242675781,0.043610124550836016,0.0378561913967132,0.05095081741882801
Q7TDG1,2.3886754512786865,5.75335693359375,0.5206160563304928,0.3939337134361267,0.5934962681562423,2.523902,5.929033,0.5161875,0.40485123,0.6140858,IDP-ESM2-8M,42,300,0.13522648811340332,0.1756758689880371,0.004428567297747432,0.010917514562606812,0.020589525338935877
Q7TDL0,1.9173527956008911,4.859522819519043,0.6240231468728997,0.4977381825447082,0.4841676540551825,2.0519512,5.089374,0.59237236,0.46479863,0.5090364,IDP-ESM2-8M,42,300,0.13459837436676025,0.22985124588012695,0.03165078902759333,0.03293955326080317,0.0248687677206354
Q7TDN1,1.6362494230270386,3.850534915924072,0.5299250172660647,0.428641140460968,0.572077918145949,1.6727493,3.9014895,0.49035886,0.39564085,0.658017,IDP-ESM2-8M,42,300,0.036499857902526855,0.05095458030700728,0.039566157965451265,0.033000290393829346,0.08593906154841746
Q7TFN9,4.880969047546387,11.369010925292969,0.554268561024899,0.4442249834537506,0.5856639481475511,4.7936325,11.21171,0.54322696,0.4268262,0.6045886,IDP-ESM2-8M,42,300,0.08733654022216797,0.1573009490966797,0.011041603703731973,0.01739877462387085,0.01892467966769551
Q7TG50,1.7014172077178955,4.1719512939453125,0.5496339750988095,0.425939530134201,0.5410429569232824,1.6990525,4.084334,0.5371587,0.4245401,0.56551105,IDP-ESM2-8M,42,300,0.0023647546768188477,0.08761739730834961,0.01247524745293549,0.0013994276523589533,0.024468090916835994
Q7THH5,1.4540058374404907,3.503345251083374,0.5569073745573324,0.4494409263134002,0.5494116774998705,1.4861813,3.573343,0.55201274,0.44472316,0.56116897,IDP-ESM2-8M,42,300,0.032175421714782715,0.06999778747558594,0.004894632991628067,0.004717767238616888,0.011757291177650231
Q7THI5,1.48261296749115,3.616211891174317,0.57294265337209,0.4581224918365478,0.5371376927236644,1.5010282,3.6093981,0.5457615,0.4385793,0.56932807,IDP-ESM2-8M,42,300,0.018415212631225586,0.006813764572143999,0.02718112774113912,0.01954320073127741,0.03219037696322524
Q7ZGU1,1.4521270990371704,3.492051601409912,0.5593169018021089,0.4408859610557556,0.5347813719903282,1.3817751,3.3013906,0.53572047,0.42846596,0.56982386,IDP-ESM2-8M,42,300,0.07035195827484131,0.19066095352172852,0.023596434234665065,0.01241999864578247,0.03504248913180319
Q7ZGU2,1.5658341646194458,3.73117733001709,0.5779041933335678,0.4564363062381744,0.5301635240738464,1.5770127,3.957923,0.59906054,0.47271147,0.4940487,IDP-ESM2-8M,42,300,0.01117849349975586,0.22674560546875,0.021156342097340408,0.016275167465210016,0.03611480943609002
Q7ZPK4,2.3981199264526367,5.700529098510742,0.5319517099117719,0.421432614326477,0.589228546356012,2.2215688,5.179861,0.51553077,0.41115564,0.6159281,IDP-ESM2-8M,42,300,0.17655110359191895,0.5206680297851562,0.016420944855161768,0.01027697324752802,0.02669956710452881
Q80553,1.7137463092803955,4.201963901519775,0.5982737810013307,0.47857666015625,0.5200513242426715,1.775321,4.3259954,0.5810207,0.46414834,0.5342866,IDP-ESM2-8M,42,300,0.061574697494506836,0.12403154373168945,0.017253068148852635,0.014428317546844482,0.01423529399005552
Q80889,3.4149770736694336,8.174263954162598,0.6236501145731087,0.5028846263885498,0.5183571833856448,3.454147,8.125177,0.5156546,0.42140457,0.6918992,IDP-ESM2-8M,42,300,0.039170026779174805,0.049086570739746094,0.10799549106465534,0.08148005604743958,0.17354199702664763
Q80893,1.7983245849609375,3.2865655422210693,0.200000000000091,0.2627063989639282,1.354774015541492,1.8634591,4.1200037,0.40229613,0.34809783,0.81461215,IDP-ESM2-8M,42,300,0.06513452529907227,0.8334381580352783,0.20229612588873347,0.08539143204689026,0.5401618653492313
Q80GM7,2.492915153503418,5.524935245513916,0.4386175499194171,0.3680287301540375,0.7923046377226635,2.6220653,5.9905276,0.4860855,0.39915434,0.69455016,IDP-ESM2-8M,42,300,0.1291501522064209,0.4655923843383789,0.04746795437402468,0.03112560510635376,0.09775448112934071
Q80LM0,3.323080778121948,8.322453498840332,0.6511503255709034,0.5067724585533142,0.5175615263206669,3.1272376,8.135311,0.71364033,0.5590587,0.3999079,IDP-ESM2-8M,42,300,0.19584321975707963,0.18714237213134766,0.06249000665108151,0.05228626728057861,0.11765363933870276
Q80RB4,2.745504140853882,6.6601996421813965,0.546535296258748,0.4142135977745056,0.5872087538963255,2.46929,5.800044,0.5288917,0.4217453,0.61746246,IDP-ESM2-8M,42,300,0.2762141227722168,0.8601555824279785,0.017643613633931077,0.007531702518463135,0.030253702330023335
Q81837,2.720111131668091,6.46945333480835,0.5237188445385041,0.3910209536552429,0.5810753080998956,2.8077264,6.570834,0.51649934,0.4032092,0.6106188,IDP-ESM2-8M,42,300,0.0876152515411377,0.10138082504272461,0.007219504004293942,0.012188255786895752,0.029543521627277247
Q81839,2.563885450363159,6.272543430328369,0.5573656580854802,0.4260256290435791,0.5420354551421622,2.3551974,5.591672,0.52286285,0.4073481,0.5947626,IDP-ESM2-8M,42,300,0.20868802070617676,0.6808714866638184,0.03450280646575976,0.01867753267288208,0.052727168167926886
Q81846,2.670112371444702,6.252901077270508,0.5239817062705606,0.4143131971359253,0.590223243285406,2.6868064,6.331412,0.52047217,0.40598896,0.60632116,IDP-ESM2-8M,42,300,0.016694068908691406,0.07851076126098633,0.0035095373481363046,0.008324235677719116,0.016097912739526876
Q81859,1.9317784309387207,4.599309921264648,0.5280201367436809,0.4189005196094513,0.5701419717714045,1.8369917,4.412793,0.5409622,0.42648038,0.55631375,IDP-ESM2-8M,42,300,0.09478676319122314,0.18651676177978516,0.012942082494600382,0.00757986307144165,0.013828218643352708
Q82401,1.9222283363342283,4.739623546600342,0.5763608021849388,0.4536595642566681,0.5360501265034623,1.8522699,4.404079,0.5449506,0.44048667,0.57946944,IDP-ESM2-8M,42,300,0.06995844841003396,0.3355445861816406,0.031410197746157054,0.013172894716262817,0.04341931586409142
Q82615,2.164490461349488,5.122978687286377,0.5494320709800181,0.4410269856452942,0.5692763138107034,2.3545399,5.6268096,0.55012155,0.43560982,0.57944643,IDP-ESM2-8M,42,300,0.19004940986633212,0.5038309097290039,0.0006894748116078597,0.005417168140411377,0.010170121163966983
Q83112,2.392352819442749,5.103780269622803,0.3611031769683517,0.330363929271698,0.9561934813561972,2.8862984,6.5478315,0.4673812,0.38598806,0.71996605,IDP-ESM2-8M,42,300,0.4939455986022949,1.4440512657165527,0.10627803216670384,0.05562412738800049,0.23622742739348968
Q83190,1.8834969997406008,4.429849147796631,0.5379781446107447,0.4351509809494018,0.5741703306427837,1.8371792,4.280558,0.50930893,0.41172898,0.6285979,IDP-ESM2-8M,42,300,0.04631781578063987,0.1492910385131836,0.02866921039901371,0.023422002792358343,0.05442758452979324
Q83502,2.397306442260742,5.607025146484375,0.520110734415991,0.4006737768650055,0.6136954715555819,2.4298599,5.755438,0.53612554,0.41793168,0.5843922,IDP-ESM2-8M,42,300,0.03255343437194824,0.14841270446777344,0.01601480631734642,0.017257899045944214,0.029303281576028684
Q83508,2.2988710403442383,5.411927700042725,0.5037086362383044,0.3897594511508941,0.6220600748311491,2.4048347,5.6837225,0.5297309,0.4129817,0.58998114,IDP-ESM2-8M,42,300,0.10596370697021484,0.27179479598999023,0.026022279784949975,0.023222237825393732,0.03207893612494184
Q84108,1.4590131044387815,3.361375093460083,0.5278497169816767,0.4354081749916076,0.5836622837305008,1.495281,3.5952888,0.5327199,0.43098322,0.5900543,IDP-ESM2-8M,42,300,0.03626787662506126,0.23391366004943848,0.0048701931631291995,0.004424959421157781,0.006391989874845905
Q84187,3.2611629962921143,7.768310546875,0.54599107633604,0.4107116460800171,0.5724787765218703,3.4147322,8.073337,0.55180454,0.42963627,0.57181096,IDP-ESM2-8M,42,300,0.15356922149658203,0.3050260543823242,0.0058134662054638575,0.018924623727798462,0.0006678157522169714
Q84188,3.423928737640381,8.379977226257324,0.5525290895151528,0.418587327003479,0.5810060983689574,3.430017,8.040617,0.5336624,0.41867685,0.5978687,IDP-ESM2-8M,42,300,0.0060882568359375,0.33936023712158203,0.018866710727158398,8.952617645263672e-05,0.016862582585022046
Q84265,1.741618037223816,4.50089693069458,0.6703383134955925,0.5458109378814697,0.4690711333705641,1.6119609,4.3190007,0.6743588,0.5428892,0.43079677,IDP-ESM2-8M,42,300,0.12965714931488037,0.18189620971679688,0.004020471656842828,0.002921760082244873,0.0382743611289717
Q84494,2.572489023208618,6.387801647186279,0.5931132564203642,0.4705844223499298,0.5545669442800484,2.3393943,5.744026,0.59779674,0.4788382,0.53717095,IDP-ESM2-8M,42,300,0.2330946922302246,0.643775463104248,0.00468348172737143,0.008253782987594604,0.0173959976819954
Q84648,2.4967470169067383,5.479185104370117,0.4759785271694987,0.4146125912666321,0.7402881463493189,2.5591192,5.999882,0.53768235,0.43636146,0.63768137,IDP-ESM2-8M,42,300,0.06237220764160156,0.5206971168518066,0.06170382728072715,0.021748870611190796,0.10260678133619638
Q85298,2.249887704849243,5.341081619262695,0.544787667683878,0.4186136722564697,0.5417529463321783,2.239526,5.3009295,0.52376485,0.41021392,0.57726306,IDP-ESM2-8M,42,300,0.010361671447753906,0.04015207290649414,0.02102281897477154,0.008399754762649536,0.03551011089972478
Q85305,3.595428228378296,8.484302520751953,0.5319483712315572,0.416199654340744,0.5913633442930464,3.2485821,7.5951557,0.5394647,0.42370364,0.5965616,IDP-ESM2-8M,42,300,0.3468461036682129,0.8891468048095703,0.007516340911387087,0.007503986358642578,0.005198266405653573
Q85470,2.320916175842285,5.247596263885498,0.5225705062037301,0.4097594320774078,0.638301983444146,2.399955,5.675698,0.5490778,0.4403252,0.5985945,IDP-ESM2-8M,42,300,0.07903885841369629,0.4281015396118164,0.026507302653233977,0.03056576848030096,0.03970749673073659
Q85513,1.9186391830444336,4.5412797927856445,0.5186136275930107,0.4037245810031891,0.5827461071277175,1.8629129,4.4223204,0.5332716,0.4228193,0.5768971,IDP-ESM2-8M,42,300,0.05572628974914551,0.11895942687988281,0.014657983143836262,0.01909470558166504,0.005849022414735283
Q85653,2.460242509841919,5.665365219116211,0.5269444257799695,0.4299114942550659,0.6018650846072386,2.4341946,5.795272,0.5441664,0.4310802,0.5767635,IDP-ESM2-8M,42,300,0.026047945022583008,0.12990665435791016,0.017221960347502452,0.0011686980724334717,0.025101573903198116
Q856E0,2.5107522010803223,5.985710620880127,0.5398735728083618,0.4267899990081787,0.5799086531861145,2.537634,6.005683,0.5298963,0.41400272,0.5927203,IDP-ESM2-8M,42,300,0.026881694793701172,0.01997232437133789,0.009977253895855687,0.012787282466888428,0.012811676575390618
Q856H1,2.9755518436431885,7.075161933898926,0.5047332009780509,0.3912968933582306,0.636397512539393,2.8435466,6.6405153,0.508458,0.39983687,0.63330346,IDP-ESM2-8M,42,300,0.1320052146911621,0.4346466064453125,0.003724817324866625,0.008539974689483643,0.003094049080378136
Q857F1,1.9210010766983032,4.587823867797852,0.5581589309151658,0.4325602650642395,0.5665460885507588,2.081512,5.037502,0.5513699,0.44460768,0.57534575,IDP-ESM2-8M,42,300,0.16051089763641357,0.4496779441833496,0.006789025443364016,0.012047410011291504,0.008799666072654255
Q858H2,2.282207727432251,5.41999626159668,0.5586239198376635,0.4262523949146271,0.5379269910422761,2.2858524,5.393958,0.52925026,0.41763347,0.59355754,IDP-ESM2-8M,42,300,0.003644704818725586,0.026038169860839844,0.02937365566987782,0.008618921041488647,0.055630545559744116
Q858N3,1.8906370401382449,4.4582200050354,0.5756092254625945,0.4770297110080719,0.5496359362651372,1.8547586,4.5383024,0.5742565,0.46165872,0.56349784,IDP-ESM2-8M,42,300,0.035878419876098855,0.08008241653442383,0.001352745722451698,0.015370994806289673,0.013861905093047633
Q859F3,2.6895828247070312,6.125270843505859,0.5069052154338735,0.4151010811328888,0.6501886021397856,2.6444418,6.2548423,0.53774273,0.42486143,0.6067214,IDP-ESM2-8M,42,300,0.045140981674194336,0.12957143783569336,0.030837518521509844,0.009760349988937378,0.04346720092518597
Q859H4,1.7479798793792725,3.901116132736206,0.5046919322653342,0.4130675792694092,0.6095238536503963,1.8591876,4.417102,0.5222732,0.4227376,0.6154751,IDP-ESM2-8M,42,300,0.11120772361755371,0.5159857273101807,0.017581250603623366,0.009670019149780273,0.005951264509851506
Q859K4,2.139589548110962,5.095790863037109,0.5324931901837582,0.4233754873275757,0.5877473608680914,2.0894306,5.0349097,0.53675437,0.42023975,0.5760162,IDP-ESM2-8M,42,300,0.05015897750854492,0.06088113784790039,0.004261179551959593,0.0031357407569885254,0.011731173200244749
Q86596,1.8003453016281128,4.260376453399658,0.5298631384516079,0.4067270159721374,0.6079332523333076,1.8831694,4.69267,0.57257247,0.45633543,0.53969526,IDP-ESM2-8M,42,300,0.08282411098480225,0.4322934150695801,0.04270933125969578,0.049608409404754694,0.06823798942437209
Q86686,3.3177645206451416,7.903187274932861,0.5529925833542977,0.4389479160308838,0.5808624434927788,3.5637312,8.436751,0.5571712,0.44064218,0.5776986,IDP-ESM2-8M,42,300,0.24596667289733887,0.5335640907287598,0.004178642193492843,0.0016942620277404785,0.0031638551215019683
Q86818,1.4977755546569824,3.656509399414064,0.5776950775017395,0.4794996678829193,0.5356841145212334,1.6280937,4.0214114,0.5744668,0.4554142,0.5271126,IDP-ESM2-8M,42,300,0.13031816482543945,0.3649020195007311,0.0032282529701843643,0.02408546209335327,0.0085715113336724
Q86965,2.3767404556274414,5.697170257568359,0.5874075593820827,0.473581463098526,0.5538906048389759,2.4420216,5.809863,0.56369287,0.44594055,0.5899342,IDP-ESM2-8M,42,300,0.06528115272521973,0.11269283294677734,0.023714691626192774,0.02764090895652771,0.03604356540714837
Q87071,1.9300329685211184,4.5492448806762695,0.5529636976186079,0.4347207248210907,0.5640913484517577,2.0279207,4.932049,0.5652476,0.446045,0.5444211,IDP-ESM2-8M,42,300,0.0978877544403074,0.38280391693115234,0.012283897691603318,0.011324286460876465,0.01967027167716051
Q87072,2.3980021476745605,5.531856536865234,0.5294993113765155,0.418447345495224,0.5741940622826655,2.4953518,5.86305,0.52783763,0.41428852,0.5815929,IDP-ESM2-8M,42,300,0.09734964370727539,0.3311934471130371,0.0016616772899066268,0.004158824682235718,0.007398855159656326
Q87076,3.628800630569458,8.47520637512207,0.6096934160500829,0.5410665273666382,0.5955873804125082,4.36402,10.351679,0.60485005,0.5085602,0.66653675,IDP-ESM2-8M,42,300,0.7352192401885986,1.8764724731445312,0.004843362262851425,0.032506346702575684,0.07094936799676299
Q87171,1.7615207433700562,4.0701584815979,0.5084540955671271,0.403980940580368,0.6090801043681686,1.8070045,4.263567,0.53196174,0.42514873,0.57751226,IDP-ESM2-8M,42,300,0.04548370838165283,0.19340848922729492,0.023507643496135877,0.021167784929275568,0.03156784011645963
Q87172,1.950356125831604,4.79671049118042,0.5783714639627009,0.4546916484832763,0.5276179899237,1.9716442,4.6948957,0.5439278,0.43147233,0.56575155,IDP-ESM2-8M,42,300,0.021288037300109863,0.10181474685668945,0.03444367522826486,0.023219317197799627,0.038133562658087095
Q87175,1.8540027141571045,4.393003940582275,0.5421426549367474,0.4340665936470032,0.5660274460990297,2.0563383,4.92637,0.5494467,0.43089196,0.5507181,IDP-ESM2-8M,42,300,0.20233559608459473,0.5333662033081055,0.0073040470667316,0.0031746327877044678,0.015309317417846802
Q87177,1.872903108596801,4.371850490570068,0.528775647413425,0.411293625831604,0.5962724661903556,1.9683149,4.667204,0.5393795,0.43037906,0.57842225,IDP-ESM2-8M,42,300,0.09541177749633856,0.29535341262817383,0.010603830087490551,0.019085437059402466,0.017850217826860693
Q87184,1.902071833610535,4.5231218338012695,0.5420952274394071,0.4097877144813537,0.5684440019266114,2.0099318,4.7529883,0.54174465,0.43339723,0.57457423,IDP-ESM2-8M,42,300,0.1078599691390989,0.22986650466918945,0.0003505780291592764,0.023609519004821833,0.006130230174829054
Q87189,1.956425189971924,4.654123783111572,0.5355256962657466,0.4194363355636596,0.582831825721357,2.062397,4.9229155,0.5499101,0.43325022,0.55622536,IDP-ESM2-8M,42,300,0.10597181320190407,0.26879167556762695,0.014384431850861024,0.013813883066177424,0.0266064662815072
Q87190,2.0073046684265137,4.956146717071533,0.5847326474788029,0.4584583640098572,0.5198819626674647,2.037922,4.862004,0.54612446,0.4297806,0.5596118,IDP-ESM2-8M,42,300,0.030617237091064453,0.09414291381835938,0.038608189165814655,0.028677761554718018,0.039729834665299
Q87209,1.9145822525024407,4.631929874420166,0.5729790571410225,0.4629133939743042,0.532499674672776,1.8547306,4.46546,0.55410373,0.43765685,0.5492261,IDP-ESM2-8M,42,300,0.05985164642333918,0.16647005081176758,0.01887532503195266,0.02525654435157776,0.016726430540389248
Q87272,1.814909100532532,4.337131023406982,0.5693061195210728,0.4541634619235992,0.5380431733843422,1.8562601,4.435067,0.549381,0.4340989,0.5546314,IDP-ESM2-8M,42,300,0.041350960731506126,0.09793615341186523,0.019925101836136272,0.020064562559127752,0.016588238644924203
Q87273,1.9393670558929443,4.636259078979492,0.5546040218859428,0.424152135848999,0.5515844872239252,2.062241,4.937561,0.5511934,0.4320548,0.5514801,IDP-ESM2-8M,42,300,0.12287402153015137,0.3013019561767578,0.0034106057673209955,0.007902652025222778,0.00010437276393371331
Q87596,1.5076489448547363,3.571282863616944,0.519186995497112,0.4037999808788299,0.5970121192467978,1.5273836,3.667671,0.5546551,0.44823363,0.56675947,IDP-ESM2-8M,42,300,0.019734621047973633,0.09638810157775834,0.035468079576130185,0.04443365335464483,0.030252652121858792
Q89267,1.749154567718506,4.254540920257568,0.5663331977097199,0.4475286900997162,0.5454592067377568,1.5991385,3.8735049,0.5540498,0.44696584,0.57171404,IDP-ESM2-8M,42,300,0.15001606941223167,0.38103604316711426,0.012283407804171809,0.0005628466606140137,0.026254836879491705
Q8AEV4,2.217581272125244,5.123245716094971,0.5307677429885829,0.4473521113395691,0.5967006201782861,2.072063,4.8639846,0.520686,0.4170835,0.61002207,IDP-ESM2-8M,42,300,0.14551830291748047,0.2592611312866211,0.010081772205349226,0.030268609523773193,0.013321447845395573
Q8AEV6,2.0959994792938232,4.59724235534668,0.4907394557623687,0.4073900282382965,0.6533933704005118,2.0394065,4.7902403,0.52208257,0.41828346,0.6078879,IDP-ESM2-8M,42,300,0.05659294128417969,0.19299793243408203,0.031343111452597106,0.010893434286117554,0.04550544668301304
Q8AEV8,2.221250295639038,5.160315990447998,0.5393449308598333,0.4490514099597931,0.5806814907654481,2.1007764,4.9101963,0.51571643,0.41416746,0.61837614,IDP-ESM2-8M,42,300,0.12047386169433594,0.250119686126709,0.02362849733474781,0.03488394618034363,0.03769464506066278
Q8AM83,1.9829460382461548,4.911404609680176,0.595706802134391,0.4704199135303497,0.537230944694819,2.0359468,4.9379926,0.56900203,0.45775467,0.5515946,IDP-ESM2-8M,42,300,0.053000807762145996,0.026587963104248047,0.026704769854422716,0.01266524195671076,0.014363670287785957
Q8ATK1,1.5433038473129272,3.717685461044312,0.5453253878104873,0.4362112879753113,0.5499828228720399,1.4303674,3.4328032,0.55339456,0.44673124,0.5595527,IDP-ESM2-8M,42,300,0.11293649673461914,0.28488230705261275,0.008069168235044888,0.010519951581954956,0.009569906257751337
Q8B5D2,3.155559062957764,7.0666584968566895,0.4670914281105691,0.3937585949897766,0.7802895912045756,2.7945626,6.3977823,0.48902902,0.40210554,0.708596,IDP-ESM2-8M,42,300,0.36099648475647017,0.6688761711120605,0.02193759196046058,0.00834694504737854,0.07169360006993208
Q8B5E1,3.249397039413452,7.570537567138672,0.5280854613315141,0.4212563037872314,0.6413403031869227,2.8369718,6.6628666,0.5251282,0.41898623,0.62524307,IDP-ESM2-8M,42,300,0.41242527961730957,0.9076709747314453,0.0029572755824601726,0.002270072698593084,0.016097235445528657
Q8B6B2,3.720177412033081,8.59614372253418,0.4990590686504143,0.3869116306304931,0.666097255193605,4.3028865,10.049995,0.53531194,0.41489458,0.59974486,IDP-ESM2-8M,42,300,0.5827090740203857,1.4538516998291016,0.03625286868173905,0.027982950210571345,0.0663523988360305
Q8BCG5,2.7425544261932373,6.39927864074707,0.5137936400739727,0.4029609560966491,0.6196312498065605,2.6896985,6.2695856,0.5172213,0.40998098,0.6159283,IDP-ESM2-8M,42,300,0.0528559684753418,0.12969303131103516,0.003427631917757079,0.0070200264453888495,0.0037029575320853825
Q8BEN1,4.652818202972412,10.398680686950684,0.5118694834537844,0.4022262990474701,0.6481749213038492,4.230932,9.953131,0.54272753,0.42018893,0.5785928,IDP-ESM2-8M,42,300,0.42188596725463867,0.44554996490478516,0.030858046548809637,0.017962634563446045,0.06958214405165197
Q8J4J0,1.942699909210205,4.67277717590332,0.5661980521146789,0.4427905976772308,0.5528415458482692,1.8435581,4.4015603,0.55142456,0.44157934,0.5733027,IDP-ESM2-8M,42,300,0.09914183616638184,0.27121686935424805,0.014773489183618094,0.001211255788803045,0.020461140366177855
Q8JKR9,3.502817392349243,8.513150215148926,0.5987922264976693,0.4616492986679077,0.5727813895319768,3.1194441,7.299888,0.5317496,0.44038844,0.7408612,IDP-ESM2-8M,42,300,0.3833732604980469,1.2132620811462402,0.06704262036516195,0.021260857582092285,0.16807978791248124
Q8JL45,3.409060001373291,8.252497673034668,0.612231540166484,0.4920708537101745,0.5322515964148842,3.1198468,7.6461883,0.61326426,0.48607543,0.51248544,IDP-ESM2-8M,42,300,0.2892131805419922,0.6063094139099121,0.0010327225097550574,0.005995422601699774,0.019766151869138326
Q8JLL5,2.747100591659546,6.503428936004639,0.5298447798830692,0.4233740568161011,0.5902328008850072,2.737023,6.3727746,0.5107772,0.40264434,0.62044114,IDP-ESM2-8M,42,300,0.010077476501464844,0.13065433502197266,0.019067604456586063,0.02072972059249878,0.030208337859347067
Q8JM67,3.1451098918914795,7.916845798492432,0.6528781248484049,0.5229116678237915,0.4985060297472922,3.0310025,7.873396,0.7048725,0.5428259,0.37828213,IDP-ESM2-8M,42,300,0.11410737037658691,0.04344987869262695,0.051994364127119996,0.019914209842681885,0.1202238999827353
Q8JQG9,2.733254909515381,6.144700527191162,0.4802480087497722,0.3834294974803924,0.7131558672425853,3.232599,7.5678663,0.5320803,0.42177647,0.6175912,IDP-ESM2-8M,42,300,0.4993441104888916,1.4231657981872559,0.051832283951949,0.03834697604179388,0.09556466498352156
Q8JQR2,2.845400333404541,6.942359447479248,0.5258219468892719,0.4083722829818725,0.6245185846594279,3.087893,7.2254725,0.5309623,0.4194126,0.61797243,IDP-ESM2-8M,42,300,0.24249267578125,0.2831130027770996,0.005140341490397327,0.01104032993316656,0.00654615109238077
Q8JQS3,2.93798828125,6.988590240478516,0.5506730143554602,0.4327876269817352,0.5858335904865598,3.1048195,7.272053,0.5380096,0.42492983,0.61016995,IDP-ESM2-8M,42,300,0.16683125495910645,0.2834625244140625,0.012663430405417508,0.007857799530029241,0.024336356660809577
Q8JRY1,2.270803928375244,5.308578014373779,0.5839746182897209,0.5035865902900696,0.5615082278041522,2.142845,5.5611143,0.6496298,0.5054368,0.43200377,IDP-ESM2-8M,42,300,0.1279590129852295,0.2525362968444824,0.06565515341972128,0.0018501877784729004,0.12950446150585815
Q8JXK6,1.622402906417847,3.829892635345459,0.5455094583868783,0.4394543766975403,0.5608923275132848,1.5869151,3.7805135,0.54224044,0.43532413,0.56964195,IDP-ESM2-8M,42,300,0.035487771034240945,0.04937911033630371,0.0032690175413887523,0.004130244255065918,0.008749620232992084
Q8JYS1,2.810581684112549,6.947563648223877,0.5996679508251519,0.4652425348758697,0.530176899709398,2.8667266,6.9051676,0.5763545,0.46317485,0.5624115,IDP-ESM2-8M,42,300,0.05614495277404785,0.04239606857299805,0.0233134471935601,0.0020676851272582453,0.03223458739311058
Q8LT64,2.254638195037842,5.441324234008789,0.5443844140106687,0.4349595010280609,0.5960547222956982,2.044879,4.93219,0.5424279,0.42533275,0.5711403,IDP-ESM2-8M,42,300,0.20975923538208008,0.5091342926025391,0.0019565165573606214,0.00962674617767334,0.0249144329890576
Q8QLE8,2.992269277572632,7.634871006011963,0.6436942183274207,0.5066287517547607,0.493792239165867,3.0136857,7.7209063,0.6893913,0.5334432,0.40823704,IDP-ESM2-8M,42,300,0.021416425704956055,0.08603525161743164,0.045697096655947234,0.02681446075439453,0.08555519912298981
Q8QN60,2.450578689575196,6.045336723327637,0.533254634761247,0.4060640037059784,0.5919449404141092,2.5326934,5.9933615,0.53299665,0.42315933,0.5932602,IDP-ESM2-8M,42,300,0.08211469650268466,0.051975250244140625,0.00025798025074896813,0.017095327377319336,0.0013152882197714488
Q8QPP9,1.926474571228028,4.658266544342041,0.5568056267347568,0.4242402613162994,0.5574163584731254,1.9531595,4.7478323,0.56222886,0.44835955,0.55252266,IDP-ESM2-8M,42,300,0.026684880256652166,0.08956575393676758,0.005423231736159995,0.02411928772926336,0.004893699171367616
Q8QPS6,1.961564898490905,4.9441657066345215,0.5901843706238565,0.4562547206878662,0.5117426811857708,2.0024722,4.91841,0.57583445,0.45814794,0.53557396,IDP-ESM2-8M,42,300,0.040907263755799006,0.025755882263183594,0.014349917517930022,0.0018932223320007324,0.023831278164815117
Q8QPU8,1.9516022205352783,4.639914989471436,0.5393795530207229,0.4175066351890564,0.5809525930957424,2.0794172,5.0392046,0.5625591,0.4472639,0.55991876,IDP-ESM2-8M,42,300,0.12781500816345215,0.3992896080017081,0.023179574786894253,0.029757261276245117,0.021033831842385498
Q8QRI8,3.169686317443848,7.475102424621582,0.525265107704616,0.3999177813529968,0.6107712159358446,3.4116707,8.052229,0.5378353,0.42848718,0.60046685,IDP-ESM2-8M,42,300,0.24198436737060502,0.5771265029907227,0.012570192264103497,0.028569400310516357,0.010304368516105833
Q8QRK4,3.194008111953736,7.72300910949707,0.5370756263614561,0.4229616820812225,0.5897372280642633,3.3871975,7.9898386,0.5457909,0.43166867,0.5850783,IDP-ESM2-8M,42,300,0.19318938255310014,0.2668294906616211,0.00871528435936908,0.008706986904144343,0.004658929018700575
Q8QUL3,1.730454921722412,4.189145565032959,0.5524194400387961,0.4374799728393554,0.5538907492989491,1.8073254,4.3705025,0.549043,0.43308204,0.5527585,IDP-ESM2-8M,42,300,0.07687044143676758,0.18135690689086914,0.003376440294380778,0.004397928714752142,0.00113223441781507
Q8QUU2,2.795599460601806,6.979151725769043,0.6391593175901265,0.5295243859291077,0.52834403163705,3.133004,7.750207,0.6372906,0.5132725,0.5546885,IDP-ESM2-8M,42,300,0.33740448951721236,0.7710552215576172,0.0018687206281513546,0.016251862049102783,0.026344481641911166
Q8QUW5,2.4512152671813965,5.952357292175293,0.5523323594473588,0.4190616607666015,0.5545396563470195,2.591173,6.1677265,0.5526809,0.42980352,0.56621444,IDP-ESM2-8M,42,300,0.13995766639709473,0.21536922454833984,0.000348550186277663,0.01074185967445379,0.011674785906093277
Q8QVQ9,2.751378536224365,6.508047103881836,0.514845506838725,0.4161607027053833,0.6117803011806708,2.809533,6.557928,0.5109419,0.4022844,0.61446506,IDP-ESM2-8M,42,300,0.058154582977295366,0.0498809814453125,0.0039035841740826527,0.013876289129257202,0.0026847566692131952
Q8QYT4,1.463748812675476,3.3759970664978027,0.541859520241775,0.4527941048145294,0.5532863584450993,1.5877044,3.8072133,0.5370252,0.42869288,0.5697942,IDP-ESM2-8M,42,300,0.1239556074142456,0.4312162399291992,0.004834307000197824,0.024101227521896362,0.01650781956393388
Q8QYT7,1.4383659362792969,3.4570505619049072,0.5339711378573594,0.4226486980915069,0.556052993716792,1.5146195,3.605315,0.5318721,0.4257058,0.5738235,IDP-ESM2-8M,42,300,0.07625353336334229,0.14826440811157227,0.0020990441798386383,0.003057092428207453,0.01777051788370243
Q8UU17,2.346013069152832,5.558549880981445,0.5261025877213584,0.4151876866817474,0.5923110431050981,2.2947311,5.3666472,0.5262772,0.41825438,0.5942858,IDP-ESM2-8M,42,300,0.05128192901611328,0.19190263748168945,0.0001745967650307323,0.003066688776016291,0.001974743046787908
Q8UZB3,3.5820987224578857,8.667540550231934,0.5485026875845191,0.4318907856941223,0.54739132537226,3.8964715,9.102318,0.52576315,0.40744585,0.59879434,IDP-ESM2-8M,42,300,0.3143727779388428,0.43477725982666016,0.022739533554672953,0.024444937705993652,0.051403015715081324
Q8UZG8,3.125953197479248,5.702480792999268,0.2017960262272174,0.2481729984283447,1.7630571296008617,4.0625896,8.957601,0.40998197,0.34879965,0.884673,IDP-ESM2-8M,42,300,0.9366364479064941,3.255119800567627,0.20818593979145936,0.10062664747238162,0.8783841302188427
Q8V337,3.759690046310425,8.732322692871094,0.571660915500077,0.4588648974895477,0.5732343330893971,3.4643297,8.207421,0.55858797,0.43750864,0.58179426,IDP-ESM2-8M,42,300,0.2953603267669678,0.5249013900756836,0.01307294715062024,0.021356254816055242,0.008559928842975961
Q8V339,3.84151554107666,8.798104286193848,0.5728674313396718,0.4727489054203033,0.5813150343946251,3.6351676,8.687912,0.58491725,0.45378092,0.53801256,IDP-ESM2-8M,42,300,0.20634794235229492,0.11019229888916016,0.012049815955707865,0.018967986106872503,0.04330247021234357
Q8V364,3.985205173492432,9.243691444396973,0.6191257123235209,0.5053332448005676,0.5178183534331862,3.6384797,8.778114,0.5941682,0.45870626,0.53066266,IDP-ESM2-8M,42,300,0.34672546386718794,0.4655771255493164,0.02495752613577673,0.0466269850730896,0.012844302397197138
Q8V367,3.924537420272827,9.271854400634766,0.586583092319071,0.4606370031833648,0.5652439036857646,3.6388958,8.749152,0.5924749,0.45866728,0.52932984,IDP-ESM2-8M,42,300,0.2856416702270508,0.5227022171020508,0.005891785515249048,0.0019697248935698908,0.03591406731720381
Q8V371,4.011284828186035,9.450335502624512,0.6047651226549302,0.4865150451660156,0.5343177259861168,3.658127,8.80872,0.5921155,0.45859936,0.5316613,IDP-ESM2-8M,42,300,0.35315775871276855,0.6416158676147461,0.012649601223960971,0.02791568636894226,0.002656453937166625
Q8V5H6,2.697544813156128,6.4776611328125,0.5562228743794239,0.4353944659233093,0.5727094264240203,2.591017,6.142772,0.55233616,0.43501043,0.57616645,IDP-ESM2-8M,42,300,0.10652780532836914,0.33488893508911133,0.0038867180111682442,0.0003840327262878418,0.003457024553305099
Q8V5I4,2.657236337661743,6.1353440284729,0.507080226409222,0.39613938331604,0.6552053904633696,2.6210175,6.182064,0.5344454,0.42188147,0.599412,IDP-ESM2-8M,42,300,0.036218881607055664,0.046720027923583984,0.02736517859718668,0.025742083787918146,0.05579336644222088
Q8V636,2.6781280040740967,6.435776233673096,0.536836464380659,0.4264447689056396,0.5813937705503855,2.7228098,6.2670836,0.47907773,0.396111,0.7169042,IDP-ESM2-8M,42,300,0.04468178749084473,0.16869258880615234,0.057758737778104696,0.03033375740051264,0.13551045241485493
Q8V650,1.7588810920715332,4.328412055969238,0.5568527601595317,0.4424223303794861,0.5551898419018185,1.5874207,3.8457937,0.5505625,0.4417651,0.56835866,IDP-ESM2-8M,42,300,0.17146039009094238,0.4826183319091797,0.006290259205857351,0.0006572306156158447,0.01316881784244417
Q8V652,1.7290124893188477,4.170897483825684,0.5448966166847717,0.4282737076282501,0.564914104855509,1.728754,4.1478224,0.5439016,0.43432415,0.5767539,IDP-ESM2-8M,42,300,0.00025844573974609375,0.023075103759765625,0.000994994389392101,0.006050437688827515,0.01183980950072272
Q8V654,1.7675416469573977,4.223508358001709,0.5565836770917446,0.4406348466873169,0.559388488382385,1.6618167,4.0302796,0.55322134,0.44262114,0.5636922,IDP-ESM2-8M,42,300,0.10572493076324485,0.19322872161865234,0.0033623321439296694,0.001986294984817505,0.004303723722412389
Q8V660,1.7807705402374268,4.320803642272949,0.5591581718459758,0.4337987601757049,0.559369926653444,1.7951007,4.277254,0.54113513,0.43494558,0.58887684,IDP-ESM2-8M,42,300,0.014330148696899414,0.043549537658691406,0.01802303953320117,0.0011468231678009588,0.02950691679900963
Q8V6V1,2.0696070194244385,4.992464542388916,0.6111293097514179,0.5016605854034424,0.5282808370712407,1.9677315,4.963567,0.56658113,0.4477601,0.5698292,IDP-ESM2-8M,42,300,0.10187554359436035,0.028897762298583984,0.044548179723646886,0.05390048027038574,0.041548388468920394
Q8W6W3,3.214420795440674,7.760473728179932,0.5988313236066982,0.4577883780002594,0.5531232026547187,3.2138968,7.907914,0.6171269,0.47852004,0.51817554,IDP-ESM2-8M,42,300,0.0005240440368652344,0.14744043350219727,0.01829555846956521,0.02073165774345398,0.034947660300134964
Q8W6Y8,2.829201459884644,6.697488784790039,0.5490305536181482,0.4427818953990936,0.5743823739821063,2.7499232,6.5201735,0.54327756,0.42348734,0.5827476,IDP-ESM2-8M,42,300,0.0792782306671147,0.17731523513793945,0.005752991953566933,0.01929455995559687,0.008365204638804302
Q90060,1.868585228919983,4.581401824951172,0.6045758854229974,0.4892220199108124,0.5073542569280792,1.8215828,4.3897977,0.57154274,0.45556372,0.5454181,IDP-ESM2-8M,42,300,0.047002434730529785,0.1916041374206543,0.03303314555483339,0.03365829586982727,0.0380638267396759
Q902W3,1.4926581382751465,3.529311418533325,0.494676624732121,0.4013423919677734,0.6303470550743402,1.4799349,3.4087005,0.4880039,0.40357414,0.6564577,IDP-ESM2-8M,42,300,0.012723207473754883,0.12061095237731934,0.006672715144260877,0.002231746912002619,0.026110667112702046
Q90CH1,2.633466482162476,6.111166954040527,0.5303940623247029,0.428945779800415,0.6075265397764734,2.6012602,6.1102366,0.5281369,0.42294523,0.6116051,IDP-ESM2-8M,42,300,0.03220629692077681,0.0009303092956542969,0.002257153316676752,0.006000548601150457,0.004078568007797823
Q90QE2,2.3909714221954346,5.674409866333008,0.516079997074005,0.4072723388671875,0.6111807839819492,2.192639,5.107778,0.5147518,0.41186684,0.6183076,IDP-ESM2-8M,42,300,0.1983323097229004,0.5666317939758301,0.001328205119964454,0.0045945048332214355,0.007126806502669947
Q90QF6,2.420656204223633,5.767027378082275,0.5221064582155697,0.4039599597454071,0.6064794003759967,2.280082,5.31828,0.51639783,0.41237518,0.61298585,IDP-ESM2-8M,42,300,0.14057421684265137,0.4487471580505371,0.005708624391411954,0.00841522216796875,0.006506449004496484
Q90SM4,1.739101529121399,4.144864082336426,0.5351893360790122,0.4276894330978393,0.5850226955060952,1.7992423,4.248666,0.52994186,0.42974505,0.5967983,IDP-ESM2-8M,42,300,0.06014072895050049,0.10380172729492188,0.005247479217897699,0.0020556151866913397,0.011775605237007825
Q90VH2,2.616405725479126,6.037392139434815,0.4845821637442734,0.3771140277385711,0.6895813152421667,2.7488112,6.3845344,0.51973647,0.41373423,0.6281453,IDP-ESM2-8M,42,300,0.13240551948547363,0.34714221954345614,0.035154305047688295,0.036620199680328425,0.061436037742014116
Q912E2,2.4487884044647217,5.717921257019043,0.5313648603134838,0.4089919924736023,0.5865820399788195,2.4677148,5.881639,0.5311589,0.41212827,0.5825415,IDP-ESM2-8M,42,300,0.018926382064819336,0.16371774673461914,0.00020593621070064128,0.003136277198791504,0.004040514614897406
Q912E3,2.7940964698791504,6.711586952209473,0.5361590715509875,0.4219669699668884,0.5678265579422244,2.805497,6.5539703,0.51646936,0.40327963,0.61177665,IDP-ESM2-8M,42,300,0.011400461196899414,0.15761661529541016,0.019689712153099337,0.018687337636947632,0.04395009200971045
Q912E6,2.4015471935272217,5.684891223907471,0.4994544716601034,0.3925390541553497,0.6255760922278827,2.5640793,6.048167,0.5197734,0.4052617,0.6022912,IDP-ESM2-8M,42,300,0.16253209114074707,0.36327600479125977,0.020318952011618985,0.012722641229629572,0.02328486584085876
Q914M9,1.5128248929977417,3.616054773330689,0.5752323610992666,0.4492016732692718,0.5351316246510589,1.518455,3.7507894,0.5711685,0.46555495,0.57085794,IDP-ESM2-8M,42,300,0.005630135536193848,0.13473463058471635,0.00406387879564718,0.016353279352188166,0.0357263174532807
Q917U3,2.6601767539978027,6.041647911071777,0.4717779199352887,0.3659200668334961,0.6973664750127349,2.6551006,6.0298114,0.46420458,0.37637132,0.70242465,IDP-ESM2-8M,42,300,0.005076169967651367,0.011836528778076172,0.007573340343537627,0.010451257228851318,0.005058170411154306
Q919P6,2.8618435859680176,7.171000957489014,0.6456991130604507,0.5181354880332947,0.5193427161766896,2.7993844,7.3138084,0.70179784,0.5522481,0.4042452,IDP-ESM2-8M,42,300,0.06245923042297363,0.1428074836730957,0.05609872991898046,0.034112632274627686,0.11509751840370985
Q91BD7,3.084592342376709,7.544941902160644,0.6216081545284917,0.5100353956222534,0.514541409037553,2.8462014,7.2553196,0.6552366,0.5059018,0.42744264,IDP-ESM2-8M,42,300,0.23839092254638672,0.2896223068237296,0.03362844730103709,0.00413358211517334,0.08709876897140612
Q91DT1,1.5194398164749146,3.60090446472168,0.5668329145478789,0.460250586271286,0.5393665822590499,1.5897844,3.847303,0.5589421,0.44982812,0.5450206,IDP-ESM2-8M,42,300,0.07034456729888916,0.24639844894409135,0.007890835003811492,0.010422468185424805,0.005653998032698171
Q91EW9,2.17856240272522,5.242268562316895,0.58384295078989,0.484661191701889,0.5722647970898339,2.0397835,5.29327,0.6553819,0.5121917,0.44240087,IDP-ESM2-8M,42,300,0.13877892494201705,0.051001548767088956,0.0715389671636012,0.027530521154403742,0.12986392438246697
Q91EY8,2.415351629257202,5.5706467628479,0.482558904373738,0.3944989144802093,0.6468864299557324,2.3334482,5.303546,0.4686447,0.37938964,0.71656877,IDP-ESM2-8M,42,300,0.08190345764160156,0.26710081100463867,0.013914195978733723,0.015109270811080877,0.06968233806871216
Q91FZ1,1.9290094375610352,4.671003818511963,0.5392594011064248,0.410263329744339,0.5811452263797602,1.8915905,4.5981703,0.5559385,0.4370897,0.5624138,IDP-ESM2-8M,42,300,0.03741896152496338,0.07283353805541992,0.016679081178121113,0.02682638168334961,0.018731414696105397
Q91HB7,1.4185538291931152,3.3715405464172363,0.5515168095103116,0.4427918195724487,0.5437784580792568,1.4998188,3.599143,0.5490686,0.4423067,0.55920714,IDP-ESM2-8M,42,300,0.08126497268676758,0.22760248184204102,0.0024481797686428663,0.0004851222038268488,0.015428683320126702
Q91HB9,1.4707586765289309,3.579270601272583,0.5834211462702765,0.463922917842865,0.5189202458961117,1.4426949,3.4718957,0.5570284,0.45144424,0.5657308,IDP-ESM2-8M,42,300,0.02806377410888694,0.10737490653991699,0.026392733451367834,0.012478679418563843,0.04681056426929353
Q91HC5,1.428635597229004,3.3788115978240967,0.5592225955626544,0.4423229098320007,0.5369646241499522,1.5166637,3.6241436,0.54501444,0.4396255,0.5636443,IDP-ESM2-8M,42,300,0.08802807331085205,0.2453320026397705,0.01420815454931823,0.0026974081993102472,0.026679665820445786
Q91HC6,1.4351813793182373,3.4150726795196533,0.5549351551248375,0.4373290240764618,0.5458458688176999,1.4961789,3.5755522,0.5464564,0.4421578,0.5660548,IDP-ESM2-8M,42,300,0.06099748611450195,0.16047954559326172,0.008478758545095055,0.004828780889511108,0.020208952196704377
Q91HD2,1.4259588718414309,3.4622228145599365,0.5611166947646993,0.4294039011001587,0.533512000752148,1.435019,3.4825234,0.5455161,0.43536198,0.5468758,IDP-ESM2-8M,42,300,0.009060144424438255,0.020300626754760742,0.015600621060933406,0.005958080291748047,0.013363774108234083
Q91IB8,1.9324402809143064,4.667740345001221,0.5407846575932655,0.4193905591964721,0.5595630865343856,1.8839682,4.4991503,0.53894496,0.42479172,0.56569934,IDP-ESM2-8M,42,300,0.048472046852111594,0.16859006881713867,0.00183969795276262,0.00540116429328924,0.0061362523785782885
Q91IC2,1.953474402427673,4.62299394607544,0.500237810065626,0.3832002282142639,0.612134751559041,2.0090113,4.7509823,0.52412194,0.4131877,0.58263206,IDP-ESM2-8M,42,300,0.05553686618804976,0.1279883384704581,0.023884130070329856,0.029987484216690063,0.02950268673970502
Q91IC3,1.8705475330352783,4.523946762084961,0.5496113151699308,0.4278824627399444,0.5450469240968765,1.8628954,4.431488,0.5332204,0.42240933,0.5737097,IDP-ESM2-8M,42,300,0.007652163505554199,0.09245872497558594,0.016390904822945918,0.005473136901855413,0.02866280223674167
Q91J04,1.452076077461243,3.3665404319763184,0.515686810624633,0.4197413623332977,0.5793976051762374,1.3746884,3.2308314,0.5217128,0.43105334,0.5949666,IDP-ESM2-8M,42,300,0.07738769054412864,0.13570904731750488,0.006025969374146345,0.011311978101730402,0.015568985228273102
Q91J05,1.4829933643341064,3.474117994308472,0.5258916205457098,0.4147562384605407,0.5766161220527747,1.4598811,3.4828038,0.5361792,0.43266064,0.57879233,IDP-ESM2-8M,42,300,0.02311229705810547,0.00868582725524858,0.01028756436792544,0.017904400825500544,0.002176211550130591
Q91J06,1.4645304679870603,3.3841006755828857,0.5082232221555376,0.4246273040771484,0.5955934846444872,1.4268264,3.3641493,0.5277736,0.43168938,0.5899487,IDP-ESM2-8M,42,300,0.037704110145568626,0.019951343536376953,0.019550396542582504,0.0070620775222778875,0.005644770865037785
Q91J12,1.4889397621154783,3.521157741546631,0.5395897654519196,0.4289128184318542,0.5579538508756122,1.3446182,3.213805,0.52758837,0.42825896,0.57813144,IDP-ESM2-8M,42,300,0.14432156085967995,0.30735278129577637,0.012001397989761409,0.0006538629531859796,0.02017758642602352
Q91J15,1.5305304527282717,3.5677106380462646,0.5390963383455065,0.4337796866893768,0.5749390395167812,1.393978,3.3062527,0.53484917,0.43631867,0.57827425,IDP-ESM2-8M,42,300,0.13655245304107688,0.2614579200744629,0.004247171475389333,0.00253897905349737,0.0033352105137364196
Q91KJ0,2.528991460800171,5.649063587188721,0.4982010920500541,0.4023779332637787,0.6497059899975675,2.70475,6.309162,0.50465304,0.40426314,0.63601357,IDP-ESM2-8M,42,300,0.17575860023498535,0.6600985527038574,0.006451944544336785,0.0018852055072784424,0.013692422549905103
Q91N87,2.1771352291107178,5.303634643554688,0.5617207561586853,0.4456088244915008,0.5551178841767298,2.0476825,4.9162817,0.5392419,0.4261241,0.57960594,IDP-ESM2-8M,42,300,0.12945270538330078,0.38735294342041104,0.022478846177911405,0.019484728574752752,0.024488052827359552
Q91PE4,1.5260024070739746,3.673118829727173,0.5599350395429474,0.4475624859333038,0.541212018674659,1.4692111,3.569744,0.5485164,0.4399527,0.56338096,IDP-ESM2-8M,42,300,0.05679130554199219,0.10337471961975098,0.011418646835122725,0.007609784603118841,0.022168937975121317
Q91PF9,1.7269072532653809,4.136495590209961,0.5442161269268425,0.4226322174072265,0.5584689458631877,1.7241433,4.1697297,0.5415508,0.4286104,0.56875753,IDP-ESM2-8M,42,300,0.002763986587524414,0.0332341194152832,0.0026653118214042815,0.005978196859359797,0.010288588163911871
Q91PG3,1.7197632789611816,4.28665828704834,0.5530442185130489,0.4266371130943298,0.5412807088109558,1.6526566,3.9709532,0.5394803,0.4296625,0.57163703,IDP-ESM2-8M,42,300,0.06710672378540039,0.3157050609588623,0.01356388995317337,0.003025382757186945,0.03035632560524293
Q91PI7,1.621040940284729,3.8307695388793945,0.5295861383339054,0.4202245473861694,0.5688919786593615,1.6484699,4.001857,0.5437012,0.42969725,0.5628125,IDP-ESM2-8M,42,300,0.02742898464202881,0.17108726501464844,0.014115033541094557,0.009472697973251398,0.006079471506804102
Q91QS1,2.135329484939575,4.809514999389648,0.5020510876883448,0.404032289981842,0.6059894826755399,1.8401673,4.264588,0.4813055,0.38763025,0.6497102,IDP-ESM2-8M,42,300,0.2951622009277344,0.5449271202087402,0.02074557788266551,0.016402035951614324,0.04372069569970427
Q91QS3,2.268896579742432,5.483841419219971,0.5527593103907994,0.4356193542480469,0.5356926252534256,1.9760629,4.6563187,0.50001556,0.39504427,0.62041354,IDP-ESM2-8M,42,300,0.2928336858749394,0.8275227546691895,0.05274375357851302,0.04057508707046509,0.0847209165403976
Q91QU6,2.2082529067993164,5.105346202850342,0.5235481724441244,0.4309046864509582,0.5925638673280583,1.9038742,4.3716683,0.47106868,0.38384286,0.68020445,IDP-ESM2-8M,42,300,0.3043787479400635,0.733677864074707,0.05247949215771697,0.047061830759048406,0.08764058375607864
Q91QZ4,2.121009588241577,5.023848056793213,0.5163794673495542,0.402231901884079,0.5834507966634553,1.9302197,4.4933114,0.48193923,0.38516232,0.6465379,IDP-ESM2-8M,42,300,0.19078993797302246,0.5305366516113281,0.034440240960622925,0.017069578170776367,0.06308710330755296
Q91QZ5,2.1566903591156006,5.237030029296875,0.5347297831087297,0.4116452038288116,0.5636375557603654,1.946998,4.6583138,0.5154351,0.40073097,0.5831558,IDP-ESM2-8M,42,300,0.2096923589706421,0.5787162780761719,0.019294683506984045,0.01091423630714411,0.019518255072611845
Q91R07,2.2418932914733887,5.216958999633789,0.525161538576269,0.4187124967575073,0.6257421420388991,2.1784842,5.1990795,0.52938795,0.42358378,0.6134589,IDP-ESM2-8M,42,300,0.06340909004211426,0.017879486083984375,0.004226412320947781,0.004871279001235962,0.012283270197468443
Q91S26,6.806966781616211,16.37506675720215,0.6165189019723074,0.487555593252182,0.6109867737280854,5.025547,12.179789,0.6295234,0.49265754,0.57229555,IDP-ESM2-8M,42,300,1.7814197540283203,4.195278167724609,0.013004494519696985,0.005101948976516724,0.03869122719640816
Q91TH0,2.008183479309082,4.718175888061523,0.5204433206176547,0.3936799764633178,0.5901577275872798,2.1463964,5.0947046,0.52615035,0.41577575,0.58922654,IDP-ESM2-8M,42,300,0.1382129192352295,0.3765287399291992,0.005707025184652381,0.022095769643783625,0.0009311836839289711
Q91TH1,2.1031715869903564,4.99153995513916,0.525831147432398,0.4174490869045257,0.574929583652902,2.2953796,5.4397984,0.5322097,0.4150769,0.5739669,IDP-ESM2-8M,42,300,0.19220805168151855,0.4482583999633789,0.006378546953130559,0.0023721754550933283,0.0009626632770780574
Q91TK2,3.278460025787353,7.883622646331787,0.5826525795490364,0.4411071836948395,0.5412583948873934,3.4351058,8.3040695,0.5762059,0.45981994,0.5517618,IDP-ESM2-8M,42,300,0.15664577484130904,0.42044687271118164,0.006446670296869628,0.018712759017944336,0.010503411123806594
Q91TN0,2.380835056304932,5.797544479370117,0.5180200120174655,0.4068943858146667,0.5925272591105645,2.6997948,6.260767,0.50800115,0.40193808,0.6229619,IDP-ESM2-8M,42,300,0.3189597129821773,0.4632225036621094,0.010018863316751392,0.004956305027008001,0.030434619665985818
Q91TN2,3.8400702476501465,9.184863090515137,0.5369664322033693,0.4241310954093933,0.5808764217457167,3.71379,8.689837,0.5362806,0.4185846,0.60777485,IDP-ESM2-8M,42,300,0.1262803077697754,0.495025634765625,0.000685859788971066,0.005546510219573975,0.02689843196064312
Q94MN5,2.2078006267547607,5.499943733215332,0.5833688821761419,0.4461679756641388,0.5313067973599278,2.1168787,5.1631866,0.5800509,0.46575725,0.5287709,IDP-ESM2-8M,42,300,0.09092187881469727,0.33675718307495117,0.0033179964988042654,0.019589275121688843,0.002535873745425854
Q96677,2.144581317901612,5.196023941040039,0.5265446657209658,0.4123451709747314,0.574520775850357,2.162549,4.9801273,0.48211065,0.38758504,0.67011625,IDP-ESM2-8M,42,300,0.017967700958251065,0.2158966064453125,0.04443401637366051,0.024760127067565862,0.09559546989625556
Q96799,1.5960798263549805,3.777565240859986,0.5485827811589604,0.4520333111286163,0.5738157636661373,1.5687739,3.75073,0.54588825,0.44043407,0.5722471,IDP-ESM2-8M,42,300,0.027305960655212402,0.02683520317077681,0.0026945360532170115,0.011599242687225286,0.0015686757106624372
Q98001,2.588707208633423,6.0099196434021,0.5248030033124351,0.4248916506767273,0.6128482597991554,2.617473,6.187101,0.53516513,0.43066597,0.60570097,IDP-ESM2-8M,42,300,0.02876567840576172,0.17718124389648438,0.01036212777963641,0.005774319171905518,0.0071472901031104374
Q98476,2.850502252578736,7.152400016784668,0.5184234806282716,0.3964378833770752,0.5959333414808831,2.9219742,6.7812896,0.5171451,0.4138631,0.6297979,IDP-ESM2-8M,42,300,0.07147192955017045,0.3711104393005371,0.0012783833725648064,0.017425209283828735,0.03386453440031201
Q98487,2.4549145698547363,6.186872482299805,0.6131382397906195,0.4742847383022308,0.505091137498115,2.2741861,5.641424,0.5990538,0.47425294,0.5262482,IDP-ESM2-8M,42,300,0.18072843551635742,0.5454483032226562,0.01408443968457096,3.179907798761539e-05,0.02115707913091336
Q991N9,1.6246099472045898,3.8641045093536377,0.5328479409727368,0.4275960028171539,0.56464373500365,1.3427485,3.2494643,0.5444566,0.43541214,0.55201656,IDP-ESM2-8M,42,300,0.28186142444610596,0.6146402359008789,0.0116086601701465,0.007816135883331354,0.012627178740679978
Q991P5,1.3907016515731812,3.368026733398437,0.525024815786753,0.4077070355415344,0.569811083390367,1.2793913,3.1737616,0.5706194,0.4539051,0.520026,IDP-ESM2-8M,42,300,0.11131036281585693,0.1942651271820064,0.04559458852919551,0.04619807004928589,0.049785055234086495
Q991P6,1.3982449769973757,3.321592330932617,0.5152841448116069,0.4139624536037445,0.5882292008856518,1.3030092,3.2009745,0.5633413,0.450978,0.5345059,IDP-ESM2-8M,42,300,0.09523582458496116,0.12061786651611328,0.048057174749397746,0.037015557289123535,0.05372329716479607
Q991P7,1.3834556341171265,3.3354721069335938,0.5046481370767767,0.3961105346679687,0.5980471795700486,1.3108227,3.2718992,0.5793281,0.46133876,0.5078622,IDP-ESM2-8M,42,300,0.07263290882110596,0.06357288360595703,0.07467998267801457,0.06522822380065924,0.09018496929630593
Q993H4,3.264864444732666,6.402642726898193,0.3632359432021786,0.3290830552577972,0.989662099455668,3.558383,7.898381,0.39787462,0.33791763,0.8800787,IDP-ESM2-8M,42,300,0.2935185432434082,1.4957385063171387,0.034638680334884986,0.008834570646286066,0.10958342609293603
Q993Q8,2.0157532691955566,4.756549835205078,0.5449090450102304,0.4217071533203125,0.5783775428836981,1.9059767,4.5068483,0.53370714,0.42814165,0.5934545,IDP-ESM2-8M,42,300,0.10977661609649658,0.24970149993896484,0.011201903134009705,0.006434500217437744,0.015076937287505476
Q994F3,2.214996814727783,5.222653865814209,0.5088790375690762,0.4079030752182007,0.6195693226957817,2.1475258,4.866153,0.46128953,0.37970084,0.72171026,IDP-ESM2-8M,42,300,0.06747102737426758,0.35650110244750977,0.0475895125370327,0.02820223569869995,0.10214094198698809
Q99CW6,4.195829391479492,10.225824356079102,0.5882214404851906,0.4517049491405487,0.5204679791399448,3.5669672,8.426029,0.53691936,0.41959128,0.62513274,IDP-ESM2-8M,42,300,0.6288621425628662,1.799795150756836,0.051302085092734595,0.03211367130279541,0.10466476040396999
Q9DSX3,2.19335412979126,5.248195648193359,0.4615212063411579,0.3676377832889557,0.6876092218603621,2.219231,5.005354,0.44630897,0.36798543,0.71856976,IDP-ESM2-8M,42,300,0.025876760482787642,0.2428417205810547,0.015212235889802916,0.0003476440906524658,0.03096053369383711
Q9DUB6,3.36191201210022,7.802142143249512,0.4922728849730548,0.4017001390457153,0.6606960380230416,3.0193386,6.8834124,0.4664207,0.384641,0.73150474,IDP-ESM2-8M,42,300,0.34257340431213423,0.9187297821044922,0.025852174886232315,0.01705914735794062,0.07080870030779951
Q9DUC0,3.489102840423584,8.174860954284668,0.4931808623931168,0.3918648660182953,0.6655728777749664,3.5269313,7.9479966,0.43588775,0.37307903,0.8159652,IDP-ESM2-8M,42,300,0.03782844543457031,0.22686433792114258,0.057293108429646356,0.018785834312438965,0.15039229785369568
Q9DUC3,2.750781297683716,5.931324481964111,0.5286928986284644,0.4677044153213501,0.6292079710142232,2.4743872,5.8864713,0.51882434,0.42861214,0.67322195,IDP-ESM2-8M,42,300,0.2763941287994385,0.04485321044921875,0.009868559715500491,0.03909227252006531,0.04401397474841107
Q9DUC6,2.7672367095947266,6.569800853729248,0.5499142131658427,0.4457100629806518,0.5841516829198509,2.299774,5.119465,0.4335666,0.37720123,0.80622137,IDP-ESM2-8M,42,300,0.46746277809143066,1.45033597946167,0.11634761308153785,0.06850883364677424,0.22206968300879903
Q9DVW6,2.5655384063720703,6.223925590515137,0.6275438950728127,0.5177255868911743,0.5420854955272764,2.5534134,6.6766925,0.70149034,0.5490761,0.41874155,IDP-ESM2-8M,42,300,0.012125015258789062,0.45276689529418945,0.0739464475442222,0.03135049343109131,0.12334394150544103
Q9DW22,3.7557973861694336,8.235986709594727,0.4334836335968019,0.3390880227088928,0.7934698132269586,3.8224897,8.678068,0.47389284,0.3813741,0.7182219,IDP-ESM2-8M,42,300,0.06669235229492188,0.4420814514160156,0.04040920416603072,0.042286068201065063,0.0752479103796686
Q9DW68,1.6448888778686523,4.103812217712402,0.598217692597417,0.477417916059494,0.517334425035973,1.61666,4.0022697,0.5636192,0.44499266,0.5428246,IDP-ESM2-8M,42,300,0.02822887897491455,0.10154247283935547,0.03459849618246946,0.032425254583358765,0.02549020093296006
Q9DWD6,4.901873588562012,11.301307678222656,0.5173632822617301,0.4142510294914245,0.622011739887418,4.2930818,9.941851,0.5045196,0.39281112,0.6454531,IDP-ESM2-8M,42,300,0.6087918281555176,1.359457015991211,0.012843700466991348,0.021439909934997503,0.02344135554867821
Q9DWG9,4.961902141571045,12.073637008666992,0.5257850852595135,0.4089486002922058,0.6485894879348085,4.677313,10.989097,0.5450076,0.42972088,0.6072671,IDP-ESM2-8M,42,300,0.2845892906188965,1.0845403671264648,0.019222501219673505,0.020772278308868408,0.04132240619729022
Q9DWH1,3.710429191589356,8.710134506225586,0.564562547085752,0.4425721764564514,0.5699741679721374,3.8546174,9.110988,0.5432205,0.43370283,0.6170871,IDP-ESM2-8M,42,300,0.1441881656646724,0.40085315704345703,0.021342027066220792,0.008869349956512451,0.04711295780606084
Q9DWH9,3.845944881439209,8.610305786132812,0.3999421930782467,0.3466223478317261,0.9427219457462972,3.981944,9.083729,0.46423858,0.37971514,0.7453033,IDP-ESM2-8M,42,300,0.13599920272827148,0.4734230041503906,0.06429639096334877,0.03309279680252075,0.19741867254530843
Q9DYK3,2.277350425720215,5.346951961517334,0.5326850752189017,0.4274758398532867,0.5889706115422849,2.1803951,5.0803866,0.5133053,0.41180775,0.6214443,IDP-ESM2-8M,42,300,0.0969552993774414,0.26656532287597656,0.01937976878427039,0.015668094158172552,0.032473673373639156
Q9DYK6,2.2345755100250244,5.145654678344727,0.5069463962526649,0.4037469029426574,0.6256165761661489,2.1755157,5.061472,0.5109219,0.4093243,0.62135714,IDP-ESM2-8M,42,300,0.059059858322143555,0.0841827392578125,0.003975499251332892,0.0055773854255676825,0.004259433240886401
Q9DYY2,2.355806589126587,5.415169715881348,0.5042820515324589,0.3926633596420288,0.6372742523487243,2.2468119,5.2210603,0.5070141,0.40688926,0.6292169,IDP-ESM2-8M,42,300,0.10899472236633301,0.19410943984985352,0.002732044250774779,0.014225900173187256,0.008057342940154921
Q9DZ98,1.6376287937164309,4.133313179016113,0.590566394363219,0.4630026519298553,0.5355115437008485,1.5363054,3.7449923,0.56718874,0.45934075,0.55497366,IDP-ESM2-8M,42,300,0.10132336616516135,0.3883209228515625,0.023377654586607677,0.0036619007587432306,0.019462118198718126
Q9G051,1.8418281078338623,4.592315673828125,0.6134819637864534,0.4797938168048858,0.5191245218439702,1.7237909,4.307312,0.6068078,0.48857647,0.52542984,IDP-ESM2-8M,42,300,0.11803722381591797,0.285003662109375,0.00667413583692944,0.008782655000686701,0.00630532301229203
Q9G054,2.237478256225586,5.588900566101074,0.6218767818344191,0.4881743192672729,0.5110849756940363,2.1529613,5.577544,0.6593004,0.5217138,0.4564454,IDP-ESM2-8M,42,300,0.08451700210571289,0.011356353759765625,0.03742360507125109,0.033539474010467585,0.05463957974753364
Q9HBF8,2.3165886402130127,5.323575496673584,0.5353027416347927,0.4409925937652588,0.6042039502308564,2.2588785,5.291614,0.53050095,0.4262928,0.6021578,IDP-ESM2-8M,42,300,0.05771017074584961,0.03196144104003906,0.004801793205685079,0.014699786901473999,0.002046178643484553
Q9IF13,2.418298721313477,5.640420436859131,0.5233968687352673,0.4233610928058624,0.6118116348858449,2.3088517,5.38099,0.5153585,0.41267297,0.6185861,IDP-ESM2-8M,42,300,0.10944700241088912,0.2594304084777832,0.008038361102058023,0.01068812608718872,0.0067744881038096505
Q9IF25,2.2513668537139893,5.028137683868408,0.4986390738261106,0.4155299365520477,0.6464592438763993,2.1856546,5.0845556,0.5114343,0.4106393,0.6239203,IDP-ESM2-8M,42,300,0.06571221351623535,0.05641794204711914,0.012795242809021223,0.004890650510787908,0.02253892241186073
Q9IGT7,3.69902777671814,8.413135528564453,0.5202701258797453,0.4249552190303802,0.6236581133615445,3.5779545,8.355414,0.5266226,0.4148537,0.6142851,IDP-ESM2-8M,42,300,0.12107324600219771,0.05772113800048828,0.0063524675231172445,0.010101526975631658,0.009373001934237402
Q9IMR4,2.022632360458374,4.683054924011231,0.5224476673028293,0.4350994229316711,0.6200146505456051,1.9072349,4.5463896,0.5565855,0.4469625,0.580233,IDP-ESM2-8M,42,300,0.11539745330810547,0.13666534423828214,0.03413782340075344,0.011863082647323664,0.03978167267847865
Q9IMY1,1.4250472784042358,3.390687942504883,0.5444482627958419,0.4293365776538849,0.5461717232686836,1.4927909,3.5841901,0.54192567,0.4354694,0.56018865,IDP-ESM2-8M,42,300,0.06774365901947021,0.19350218772888184,0.0025225940794112445,0.0061328113079071045,0.014016927816216329
Q9INB5,1.6026531457901,3.919207811355591,0.565542682489764,0.4565853178501129,0.5508578270484529,1.5009221,3.5982866,0.53821975,0.43218923,0.5743979,IDP-ESM2-8M,42,300,0.1017310619354248,0.3209211826324463,0.027322932562243274,0.02439609169960022,0.02354009451374195
Q9IUC3,3.3362579345703125,8.114032745361328,0.5214494817296146,0.4054787456989288,0.6611617937576101,3.0273137,7.1095605,0.53094345,0.42194906,0.6215377,IDP-ESM2-8M,42,300,0.3089442253112793,1.004472255706787,0.009493971582305583,0.016470313072204645,0.039624108363322974
Q9IUD3,3.2227563858032227,7.414575099945068,0.480940768231918,0.3812914192676544,0.745137354046135,2.8927023,6.6791935,0.5019019,0.40769133,0.6790348,IDP-ESM2-8M,42,300,0.33005404472351074,0.7353816032409668,0.020961156378219936,0.02639991044998169,0.06610252490642554
Q9IWB2,2.582289934158325,5.97165584564209,0.4888347080831662,0.3801402151584625,0.6528500090254121,2.507752,5.8520956,0.5029775,0.39712158,0.6292206,IDP-ESM2-8M,42,300,0.07453799247741699,0.11956024169921875,0.01414278234194366,0.01698136329650879,0.023629404128866716
Q9J050,2.550344944000244,5.899760723114014,0.5049930045579125,0.3888465166091919,0.632865606444279,2.6282065,6.1306763,0.5087449,0.40093145,0.6201955,IDP-ESM2-8M,42,300,0.07786154747009277,0.23091554641723633,0.0037518909003089185,0.012084931135177612,0.012670098441044164
Q9J1C9,1.9599872827529907,4.547616958618164,0.5395596719657214,0.4254232048988342,0.5971464552123305,2.100134,4.9949374,0.5571526,0.44539878,0.5761548,IDP-ESM2-8M,42,300,0.14014661312103271,0.44732046127319336,0.017592956932899195,0.019975572824478205,0.020991627140736213
Q9J2I4,2.609773635864258,6.303431510925293,0.5601163168120915,0.4330387413501739,0.5706672873453102,2.6335518,6.291173,0.55248594,0.43603912,0.5810637,IDP-ESM2-8M,42,300,0.023778200149536133,0.012258529663085938,0.007630373971515336,0.003000378608703669,0.010396400456050836
Q9J3S0,1.5237797498703003,3.5906569957733154,0.5114573458723828,0.4041033685207367,0.6063050534805915,1.5547718,3.7081442,0.5337929,0.4268148,0.57409596,IDP-ESM2-8M,42,300,0.03099203109741211,0.11748719215393066,0.022335567087669705,0.02271142601966858,0.0322090890488288
Q9J4U3,3.170285701751709,7.613337516784668,0.5162776696404455,0.386480838060379,0.6251399286820295,3.3462226,7.7649693,0.50785047,0.40254113,0.654122,IDP-ESM2-8M,42,300,0.17593693733215332,0.15163183212280273,0.0084272014817236,0.016060292720794733,0.028982066290199504
Q9J870,3.06432580947876,7.695467472076416,0.6376772301603997,0.4895477294921875,0.5216251476477988,3.1287193,8.128719,0.7174043,0.5545199,0.3770488,IDP-ESM2-8M,42,300,0.06439352035522417,0.43325185775756836,0.07972707577450633,0.0649721622467041,0.14457635719293427
Q9JG27,1.477545142173767,3.543374300003052,0.5586441544149742,0.4449765384197235,0.5357600032583628,1.5601101,3.6934762,0.52838844,0.4257674,0.5829874,IDP-ESM2-8M,42,300,0.08256494998931885,0.15010190010070756,0.0302557138059959,0.01920914649963379,0.047227424453124
Q9JG66,2.928530216217041,6.700249195098877,0.4576334742873868,0.4152446687221527,0.7499279722403958,2.717062,6.0231423,0.41679943,0.3626852,0.83029675,IDP-ESM2-8M,42,300,0.21146821975708008,0.6771068572998047,0.040834048208590434,0.052559465169906616,0.08036878259664038
Q9JGA4,2.2705719470977783,5.445948600769043,0.5776676818578825,0.4719213247299194,0.5346581607850575,2.3029506,5.526388,0.58673316,0.4596097,0.511813,IDP-ESM2-8M,42,300,0.0323786735534668,0.08043956756591797,0.009065480545224158,0.012311637401580755,0.022845175841667564
Q9JGA7,2.2238705158233643,5.339861869812012,0.5732174258214804,0.4357277154922485,0.5324444068766697,2.2507076,5.421529,0.57355,0.44649354,0.5273976,IDP-ESM2-8M,42,300,0.02683711051940918,0.08166694641113281,0.0003325600641397308,0.010765820741653498,0.00504683388243754
Q9JGB0,2.2845375537872314,5.495562553405762,0.5881231405292592,0.4782961308956146,0.5195263185185803,2.1515744,5.2417955,0.5807826,0.45006332,0.5156115,IDP-ESM2-8M,42,300,0.1329631805419922,0.2537670135498047,0.007340548232658839,0.028232812881469727,0.003914789168299571
Q9JGB2,2.205930471420288,5.191827297210693,0.5408529347729645,0.4361675977706909,0.5854418329084378,2.2155352,5.3383274,0.5730704,0.44736817,0.5312672,IDP-ESM2-8M,42,300,0.009604692459106445,0.1465001106262207,0.03221747214079285,0.011200577020645142,0.05417460716609768
Q9JGB3,2.2835726737976074,5.580949306488037,0.5965224710866036,0.4767211079597473,0.5057166005905338,2.2108252,5.333835,0.57891816,0.45097557,0.5211547,IDP-ESM2-8M,42,300,0.07274746894836426,0.2471141815185547,0.01760431207857749,0.025745540857315063,0.01543810111921351
Q9JGS4,1.8040771484375,4.169602394104004,0.5136387578112482,0.4101859033107757,0.5863977763866538,1.9387608,4.5671487,0.5147347,0.40867817,0.6014043,IDP-ESM2-8M,42,300,0.13468360900878906,0.39754629135131836,0.0010959276097417536,0.001507729291915838,0.015006532886112312
Q9JGT0,1.8621368408203125,4.505439758300781,0.5325738904036814,0.4176596105098724,0.5712522278695362,1.8969955,4.485092,0.52307254,0.41769806,0.5965955,IDP-ESM2-8M,42,300,0.03485870361328125,0.02034759521484375,0.009501349643641133,3.8444995880182464e-05,0.025343297872040926
Q9JGT3,1.82458770275116,4.271760940551758,0.5355147462544799,0.4276679158210754,0.5546234661464308,1.908155,4.5059648,0.5203659,0.41291323,0.5915792,IDP-ESM2-8M,42,300,0.0835672616958616,0.23420381546020508,0.015148852413690128,0.014754682779312078,0.03695573269084951
Q9KX95,2.0086464881896973,4.761081695556641,0.5229636277944629,0.4003809690475464,0.5858004649969345,2.206755,5.2778425,0.54516643,0.43439275,0.5856852,IDP-ESM2-8M,42,300,0.19810843467712402,0.5167608261108398,0.0222028050630505,0.034011781215667725,0.00011527145826872864
Q9MBM5,1.760213017463684,4.374431610107422,0.6119685157088991,0.4785725474357605,0.5244880805916338,1.8409297,4.6747303,0.6233768,0.50317806,0.51423717,IDP-ESM2-8M,42,300,0.08071672916412354,0.30029869079589844,0.01140827099993269,0.024605512619018555,0.01025091514058396
Q9PX71,2.779911518096924,7.207014083862305,0.6130209249932,0.4679416418075561,0.4966726780763961,2.626614,6.301175,0.550552,0.4402407,0.60088193,IDP-ESM2-8M,42,300,0.15329742431640625,0.9058389663696289,0.0624689144570062,0.027700930833816473,0.1042092560895585
Q9PYU9,2.6434414386749268,6.387914657592773,0.6305499623906112,0.5094103217124939,0.5303181019366296,2.4405932,6.284209,0.6649945,0.52467465,0.44218022,IDP-ESM2-8M,42,300,0.20284819602966309,0.10370588302612305,0.03444451583509678,0.015264332294464111,0.0881378856242212
Q9Q0D0,2.3204996585845947,5.468394756317139,0.5232802566113824,0.4223692417144775,0.6042107560844122,2.3520026,5.52907,0.52208745,0.41868013,0.61155516,IDP-ESM2-8M,42,300,0.03150296211242676,0.06067514419555664,0.0011928018155450415,0.0036891102790831964,0.007344403007537248
Q9Q0D1,2.3174972534179688,5.45478630065918,0.5278611817605101,0.4123854041099548,0.5954243663237144,2.4239097,5.7766805,0.5487231,0.43250465,0.5655103,IDP-ESM2-8M,42,300,0.10641241073608398,0.32189416885375977,0.02086191985539565,0.020119249820709284,0.0299140933439781
Q9Q5K3,2.089512586593628,5.042716503143311,0.5144666593979894,0.3942655324935913,0.5834943963645178,1.8350713,4.289006,0.49131373,0.39152098,0.6243719,IDP-ESM2-8M,42,300,0.2544412612915039,0.7537102699279794,0.02315293368807425,0.0027445554733276367,0.0408774898888391
Q9Q5K9,8.346202850341797,19.368484497070312,0.5465592346525728,0.4276267886161804,0.614082043844236,4.670564,10.994671,0.54894644,0.4269191,0.5809305,IDP-ESM2-8M,42,300,3.6756386756896973,8.37381362915039,0.0023872055673063164,0.0007076859474182129,0.03315157242394795
Q9Q9G2,2.171832799911499,5.026523590087891,0.5303885829893353,0.4169009327888489,0.5857265932369519,2.0330186,4.857782,0.5406492,0.42616105,0.5761223,IDP-ESM2-8M,42,300,0.13881421089172363,0.16874170303344727,0.010260592654585565,0.009260118007659912,0.00960430930140499
Q9QAM5,2.094860553741455,4.980230331420898,0.5854270408002457,0.4527569115161896,0.5177194216002089,2.0688832,5.058653,0.5781354,0.44843048,0.5060985,IDP-ESM2-8M,42,300,0.025977373123168945,0.07842254638671875,0.007291669592054739,0.004326432943344116,0.011620912765370028
Q9QAN0,2.044626951217652,4.955145835876465,0.5676417687238628,0.4361430406570434,0.5338008877182652,2.196253,5.3231707,0.5640023,0.44000039,0.52754366,IDP-ESM2-8M,42,300,0.15162611007690385,0.3680248260498047,0.0036394932569439042,0.0038573443889618475,0.006257223739688511
Q9QAN3,2.7513413429260254,6.769061088562012,0.5910209204755222,0.4660801291465759,0.5244921883223522,2.672567,6.605168,0.60920393,0.46810868,0.48652998,IDP-ESM2-8M,42,300,0.07877445220947266,0.1638932228088379,0.01818301419397239,0.002028554677963257,0.037962212192820366
Q9QAN7,2.451798677444458,5.975490093231201,0.5729536771445578,0.4344096779823303,0.5378253280876338,2.4057832,5.9905605,0.6140326,0.47112057,0.46212283,IDP-ESM2-8M,42,300,0.04601550102233887,0.015070438385009766,0.04107894900748077,0.036710888147354126,0.07570250031930803
Q9QCK1,1.7663127183914185,4.108374118804932,0.4847608801217005,0.3910239934921264,0.6382527762093317,1.6768812,3.907514,0.49183995,0.3966639,0.6375039,IDP-ESM2-8M,42,300,0.0894315242767334,0.20086002349853516,0.007079065194614209,0.005639910697937067,0.0007488542237055196
Q9QEJ2,3.20682954788208,7.26265811920166,0.5368334680678337,0.4466627538204193,0.6123826763473146,2.876813,6.7544885,0.53190964,0.42415482,0.61560154,IDP-ESM2-8M,42,300,0.3300166130065918,0.5081696510314941,0.004923823464104471,0.022507935762405396,0.0032188632645018256
Q9QGE5,1.9077988862991333,4.492400646209717,0.5089028425548795,0.4143130481243133,0.6153684933454197,2.0262573,4.674486,0.50314873,0.41049862,0.6298688,IDP-ESM2-8M,42,300,0.11845839023590088,0.18208551406860352,0.005754107985329937,0.0038144290447234552,0.01450031206305813
Q9T127,1.560987949371338,3.771679639816284,0.5599149640858478,0.4219954311847687,0.5358960711506349,1.6145992,3.8597438,0.5331759,0.4272435,0.57645935,IDP-ESM2-8M,42,300,0.05361127853393555,0.08806419372558594,0.026739078408510197,0.005248069763183594,0.04056327705111684
Q9WIE5,1.6771870851516724,3.992663621902466,0.5316797325365246,0.4231711626052856,0.5855924597644938,1.819226,4.390742,0.5630818,0.4481998,0.5628342,IDP-ESM2-8M,42,300,0.14203894138336182,0.39807820320129395,0.031402068401128025,0.025028645992279108,0.022758256521238196
Q9WMX5,1.4851195812225342,3.612301826477051,0.5701347387502309,0.4382614195346832,0.5322062798590427,1.5480965,3.7722788,0.5637334,0.45041877,0.54366225,IDP-ESM2-8M,42,300,0.06297695636749268,0.15997695922851562,0.006401339835893749,0.012157350778579712,0.011455970182918995
Q9WS24,1.7922314405441284,4.350032806396484,0.562179454179958,0.4389342367649078,0.5581353702724213,1.6217726,3.9196117,0.5475112,0.44129497,0.57685155,IDP-ESM2-8M,42,300,0.17045879364013672,0.4304211139678955,0.01466823420162544,0.0023607313632965643,0.018716176491952452
Q9WS26,1.7372491359710691,4.123295307159424,0.5397643924256081,0.4318313300609588,0.5768313749366393,1.7508733,4.2210293,0.5489281,0.43755555,0.56817955,IDP-ESM2-8M,42,300,0.01362419128417991,0.09773397445678711,0.009163689563680188,0.005724221467971857,0.008651827149926627
Q9WS27,1.7054476737976074,4.075801849365234,0.5345300474821626,0.4318064153194427,0.5738763699417243,1.6994735,4.117604,0.54391855,0.43178388,0.56861234,IDP-ESM2-8M,42,300,0.005974173545837402,0.04180192947387695,0.009388502532333254,2.2530555725042145e-05,0.005264032829297549
Q9WSW3,2.0209102630615234,4.771589279174805,0.5550785010132046,0.4427992105484009,0.5543914320672336,1.9131069,4.555116,0.52772343,0.421536,0.6134596,IDP-ESM2-8M,42,300,0.1078033447265625,0.21647310256958008,0.027355069425985312,0.021263211965560913,0.059068155029934344
Q9YM30,1.6827442646026611,4.20074462890625,0.5956194661141525,0.4680348634719848,0.5238247003560553,1.5516313,3.801607,0.5754781,0.46145982,0.55268645,IDP-ESM2-8M,42,300,0.1311129331588745,0.3991377353668213,0.020141389179338054,0.00657504796981806,0.028861752509545258
Q9YM71,1.5983697175979614,3.786965370178223,0.5455063291517773,0.4343115091323852,0.5707033200810433,1.6246128,3.9228077,0.5504417,0.4362249,0.56710297,IDP-ESM2-8M,42,300,0.026243090629577637,0.1358423233032222,0.004935353186937275,0.0019133985042572577,0.003600351388263756
Q9YMA2,1.6169739961624146,4.054755687713623,0.5721196785361115,0.4446577727794647,0.5358279144981036,1.5647372,3.7605479,0.5405469,0.43278825,0.57604164,IDP-ESM2-8M,42,300,0.05223679542541504,0.2942078113555908,0.031572784462625125,0.01186951994895935,0.04021372435306214
Q9YMA3,1.6209304332733154,4.019491195678711,0.5704934731433302,0.4430612623691559,0.5395471742354765,1.5141839,3.661446,0.5524576,0.4445869,0.56991184,IDP-ESM2-8M,42,300,0.10674655437469482,0.3580451011657715,0.018035902113667124,0.0015256404876708984,0.030364663342343334
Q9YMA4,1.573614478111267,3.8719637393951416,0.5389627300429574,0.4227108359336853,0.5712534271453649,1.5387233,3.7551184,0.56214094,0.4488531,0.55782026,IDP-ESM2-8M,42,300,0.03489112854003906,0.11684536933898926,0.023178211576915686,0.026142269372940063,0.013433166620615111
Q9YMM6,3.455824375152588,8.671217918395996,0.6155547613260427,0.471189945936203,0.5340391809115104,3.3770335,8.503086,0.6660159,0.51135916,0.4074495,IDP-ESM2-8M,42,300,0.07879090309143066,0.16813182830810547,0.05046116169718118,0.040169209241867065,0.12658966723772802
Q9YMQ8,2.0085020065307617,4.939277648925781,0.5638708437233649,0.4500089287757873,0.5531224157278828,2.083744,5.008786,0.54618573,0.44042438,0.5865173,IDP-ESM2-8M,42,300,0.0752420425415039,0.06950855255126953,0.01768511183554755,0.009584546089172308,0.03339485865184744
Q9YNX5,1.8398032188415527,4.499502658843994,0.5516220100438499,0.4256599545478821,0.5528345459017014,1.7111529,4.1042833,0.5390042,0.42897373,0.5733377,IDP-ESM2-8M,42,300,0.12865030765533447,0.3952193260192871,0.012617803386440252,0.003313779830932617,0.02050312823922873
Q9YNX6,1.8993624448776243,4.636514186859131,0.5358196394109438,0.414043128490448,0.5915278310454298,1.8397291,4.4919257,0.5625186,0.44727552,0.5449346,IDP-ESM2-8M,42,300,0.05963337421417214,0.14458847045898438,0.02669895723822613,0.03323239088058472,0.04659326025609267
Q9YNX8,1.7963440418243408,4.47031307220459,0.568168329997694,0.436757892370224,0.5343529142078318,1.7110705,4.117205,0.5408814,0.43006963,0.5797534,IDP-ESM2-8M,42,300,0.08527350425720215,0.35310792922973633,0.027286934657728135,0.00668826699256897,0.04540048468743185
Q9YPA9,4.564282417297363,7.4079909324646,0.2000000000001505,0.2330055385828018,2.3131036191916,3.9586644,9.146948,0.5151272,0.40194488,0.6366093,IDP-ESM2-8M,42,300,0.6056180000305176,1.7389569282531738,0.31512718200668544,0.1689393371343613,1.6764943033194077
Q9YPD8,1.571561574935913,4.0594563484191895,0.6155122559061066,0.4752551615238189,0.4904209385735398,1.744998,4.219654,0.55805075,0.44777194,0.5570599,IDP-ESM2-8M,42,300,0.17343640327453613,0.16019773483276367,0.057461504220010395,0.02748322486877436,0.0666389454978103
Q9YPG8,1.6094952821731567,3.873117923736572,0.5367719649027731,0.416881263256073,0.5456170752811684,1.7026318,4.111534,0.5345567,0.41959488,0.5521858,IDP-ESM2-8M,42,300,0.09313654899597168,0.23841619491577193,0.0022152780245687786,0.002713620662689209,0.006568698568318876
Q9YR10,1.4205998182296753,3.416205406188965,0.5433450813865186,0.4358187019824981,0.5560033857206161,1.3394877,3.195456,0.5412731,0.4411667,0.5644147,IDP-ESM2-8M,42,300,0.08111214637756348,0.2207493782043457,0.002071964321088915,0.005347996950149592,0.008411294283503734
Q9ZWY9,2.2735307216644287,5.338200569152832,0.5766599788450747,0.4717551469802856,0.565695004479131,2.1964402,5.192447,0.55805665,0.45751333,0.61506253,IDP-ESM2-8M,42,300,0.07709050178527832,0.1457533836364746,0.01860332629914574,0.01424181461334223,0.049367530329981535
Q6PL42,3.0142745971679688,7.02151346206665,0.5353274159913158,0.4261679351329803,0.6396878743584701,2.9556885,6.922756,0.5327119,0.42793426,0.65720123,IDP-ESM2-8M,42,300,0.05858612060546875,0.09875726699829102,0.00261549286890983,0.0017663240432739813,0.017513356167500382
Q8QNS2,2.033019542694092,5.353282451629639,0.6506869328824189,0.4995877146720886,0.4745644703784084,2.2005515,5.5466013,0.6386283,0.5067924,0.48859838,IDP-ESM2-8M,42,300,0.16753196716308594,0.19331884384155273,0.012058628877749666,0.007204711437225342,0.01403390613411909
Q8QNS5,1.8966137170791624,4.533958911895752,0.4977239589197816,0.380295991897583,0.621305970739576,1.947871,4.5847116,0.51742697,0.41466793,0.61427534,IDP-ESM2-8M,42,300,0.05125725269317649,0.05075263977050781,0.019703008701068003,0.03437194228172302,0.007030634474012087
A0A060BGV2,1.88457989692688,4.783968448638916,0.6637235900168693,0.5699297189712524,0.5169885373091901,1.4262636,3.6188438,0.6248615,0.5176625,0.545977,IDP-ESM2-8M,67,300,0.45831632614135764,1.1651246547698975,0.03886211121132732,0.05226719379425049,0.02898845911262382
A0A068LKJ5,3.174982070922852,7.870410919189453,0.646384059615941,0.5151925086975098,0.5020335923683406,3.0247848,7.3100595,0.5971277,0.46660507,0.5123217,IDP-ESM2-8M,67,300,0.15019726753234908,0.5603513717651367,0.049256383605809195,0.04858744144439697,0.010288118218207298
A0A068QKP9,3.75691294670105,9.511432647705078,0.6556417488957518,0.51886385679245,0.5366038874102461,4.6721735,11.619467,0.7019786,0.545525,0.5021714,IDP-ESM2-8M,67,300,0.9152605533599854,2.108034133911133,0.04633687497128314,0.026661157608032227,0.034432490201078636
A0A075FGF0,3.2292871475219727,6.906487941741943,0.2939447518985167,0.2798416912555694,1.2557394007923235,3.5180426,7.5278535,0.37499297,0.3344904,0.94022715,IDP-ESM2-8M,67,300,0.2887554168701172,0.6213655471801758,0.0810482147533998,0.054648697376251276,0.31551224987527027
A0A088MZV7,1.766292691230774,3.489697217941284,0.2953283722677358,0.2993552386760711,1.0309134575478438,1.9777249,4.3678317,0.44597885,0.3734496,0.7310085,IDP-ESM2-8M,67,300,0.21143221855163574,0.8781344890594482,0.1506504778585307,0.07409435510635382,0.29990492788475787
A0A088N936,1.790297508239746,3.541470050811768,0.3129720568876539,0.3082518875598907,0.9898729243700586,1.98518,4.4370947,0.46055803,0.38238373,0.70382166,IDP-ESM2-8M,67,300,0.19488251209259033,0.8956246376037593,0.14758597014138358,0.07413184642791754,0.2860512652819238
A0A0A0RNI5,1.808564186096192,4.595004081726074,0.6146793776943758,0.4743041098117828,0.5076801489947838,1.7814167,4.4603357,0.61910534,0.49610594,0.50957894,IDP-ESM2-8M,67,300,0.02714753150940008,0.13466835021972656,0.004425961355917218,0.021801829338073786,0.0018987942577797234
A0A0A0UYW6,1.495434284210205,3.6392879486083984,0.5759369609484521,0.4620143175125122,0.5389246484731545,1.4746746,3.6598713,0.59252656,0.471682,0.5022014,IDP-ESM2-8M,67,300,0.0207597017288208,0.020583391189575195,0.016589594112888184,0.009667694568634033,0.036723270127664964
A0A0A7KTD7,3.260527849197388,8.069311141967773,0.6388082238019988,0.5061585903167725,0.5017077149946827,3.093545,7.555604,0.6326288,0.4929186,0.4587802,IDP-ESM2-8M,67,300,0.16698288917541548,0.513707160949707,0.0061794253171965075,0.01323997974395752,0.0429275157053608
A0A0B4VGH4,3.48891019821167,8.370840072631836,0.6400768200952909,0.5224869251251221,0.5509365437610093,3.476923,8.17012,0.60558987,0.50186825,0.59993726,IDP-ESM2-8M,67,300,0.01198720932006836,0.20071983337402344,0.03448695345710728,0.020618677139282227,0.04900071638990011
A0A0B4ZUM6,3.4599733352661133,8.848408699035645,0.6529382359218595,0.5113552212715149,0.4952679284826378,3.5390701,8.713671,0.6358539,0.48957503,0.44741452,IDP-ESM2-8M,67,300,0.07909679412841797,0.13473796844482422,0.01708434931755043,0.021780192852020264,0.04785341107998886
A0A0B5JAX3,3.5776734352111816,8.549138069152832,0.3236359277446325,0.301223874092102,1.2303063942268524,3.508399,7.418987,0.36241174,0.35236013,1.0408559,IDP-ESM2-8M,67,300,0.0692744255065918,1.1301512718200684,0.03877580969738409,0.05113625526428228,0.18945050967485044
A0A0C5B347,2.5699384212493896,6.253715991973877,0.6380514650924527,0.5123734474182129,0.5139422359039368,2.675325,6.6292105,0.6398269,0.50514454,0.4911371,IDP-ESM2-8M,67,300,0.10538649559020996,0.37549448013305664,0.001775428714004823,0.00722891092300415,0.02280514855881355
A0A0C7TJV6,3.3867015838623047,6.754936695098877,0.3016642147783822,0.3113904297351837,1.2704837439029728,3.5477424,7.5868425,0.37468213,0.33472097,0.943426,IDP-ESM2-8M,67,300,0.1610407829284668,0.8319058418273926,0.07301791365103066,0.02333053946495056,0.3270577309101139
A0A0C7TQD0,3.276045083999634,6.60582971572876,0.2780923457557773,0.2943738102912903,1.359452632395447,3.4918604,7.4668474,0.375021,0.33490542,0.9401643,IDP-ESM2-8M,67,300,0.21581530570983887,0.8610177040100098,0.09692866488150603,0.04053160548210144,0.41928830477398704
A0A0C7TTX4,3.220396041870117,6.453007221221924,0.273153514959335,0.2747081518173218,1.3686483745368132,3.5279784,7.526457,0.37062833,0.3329463,0.9529813,IDP-ESM2-8M,67,300,0.30758237838745117,1.0734496116638184,0.09747481217193638,0.05823814868927002,0.4156670813353667
A0A0C7TY93,3.2208447456359863,6.709940433502197,0.2923930489168767,0.2716579437255859,1.2622086585371557,3.5362256,7.5613174,0.37332946,0.333892,0.94478697,IDP-ESM2-8M,67,300,0.3153808116912842,0.851377010345459,0.08093641170400345,0.06223404407501226,0.3174216926901403
A0A0E3FC10,2.0308663845062256,4.577212333679199,0.451612748560364,0.3519029915332794,0.6904867538019368,1.9635742,4.3768573,0.44532278,0.35669664,0.69982505,IDP-ESM2-8M,67,300,0.0672922134399414,0.20035505294799805,0.006289966759140231,0.004793643951416016,0.00933829464471847
A0A0E3FG91,2.009768009185791,4.867712020874023,0.574588471728325,0.4396128952503204,0.5442894960103152,1.9451478,4.6043873,0.5587237,0.45826054,0.5773915,IDP-ESM2-8M,67,300,0.0646202564239502,0.2633247375488281,0.015864783602714594,0.018647640943527277,0.033102009231078866
A0A0E3GI14,3.848713636398315,9.36439609527588,0.6299717252970619,0.5020290613174438,0.5100288333663151,3.755024,9.037802,0.5657223,0.4365775,0.56275165,IDP-ESM2-8M,67,300,0.09368968009948686,0.32659435272216975,0.06424943859585952,0.06545156240463257,0.052722817443926595
A0A0E3HAY2,2.07887601852417,5.010744094848633,0.5917008014753622,0.4713733196258545,0.5336207007009851,2.007535,4.75834,0.5674462,0.467024,0.56924707,IDP-ESM2-8M,67,300,0.07134103775024414,0.25240421295166016,0.024254629237965952,0.004349321126937866,0.035626366273654786
A0A0E3HBF5,2.018360614776612,5.111535549163818,0.6372761345849475,0.506920576095581,0.4899642355375736,1.9132226,4.6439643,0.58184326,0.46787006,0.5584639,IDP-ESM2-8M,67,300,0.10513806343078702,0.4675712585449219,0.055432877634569055,0.039050519466400146,0.0684996359414608
A0A0E3IAD2,1.9712594747543333,4.945058822631836,0.6095898898301458,0.478620707988739,0.5201150259746598,1.8607405,4.540205,0.5838902,0.46822533,0.54875726,IDP-ESM2-8M,67,300,0.11051893234252907,0.40485382080078125,0.025699690168890954,0.01039537787437439,0.02864222910270231
A0A0E3Z619,4.670095443725586,11.480583190917969,0.6380305597249009,0.5036059617996216,0.5444692158379312,4.549521,11.06955,0.6174275,0.4856745,0.5640117,IDP-ESM2-8M,67,300,0.1205744743347168,0.41103363037109375,0.02060303182039036,0.017931461334228516,0.019542477162862282
A0A0F6YQQ5,2.517040967941284,6.423089504241943,0.6120009217675513,0.4714344143867492,0.5255708515538976,2.7659848,6.741449,0.60052377,0.47076797,0.53339034,IDP-ESM2-8M,67,300,0.24894380569458008,0.318359375,0.011477151912052008,0.0006664395332335871,0.007819491635341902
A0A0F7L2H1,2.162305355072021,5.232296943664551,0.5557732259552868,0.436930388212204,0.535355887781947,2.3126628,5.628635,0.5900516,0.478564,0.52098507,IDP-ESM2-8M,67,300,0.15035748481750533,0.39633798599243164,0.03427836544104501,0.04163360595703125,0.01437082089123043
A0A0F7L948,2.9958863258361816,7.426418304443359,0.619617387295334,0.475693017244339,0.5163417380566181,2.7557492,6.8084254,0.6159787,0.47906625,0.50059044,IDP-ESM2-8M,67,300,0.24013710021972656,0.6179928779602051,0.003638669491378921,0.0033732354640960693,0.015751294445473074
A0A0H4SM67,2.0668632984161377,4.530250072479248,0.3339589855576423,0.283951848745346,0.958947510861081,2.1774101,4.571193,0.39061418,0.34275195,0.8321378,IDP-ESM2-8M,67,300,0.11054682731628418,0.040943145751953125,0.05665519619933096,0.05880010128021246,0.1268096877562226
A0A0H4XWL8,4.438602447509766,10.382366180419922,0.5090604955771096,0.4118980765342712,0.6567054709385685,3.980548,9.451759,0.533392,0.41372013,0.62031543,IDP-ESM2-8M,67,300,0.4580545425415039,0.9306068420410156,0.024331516542183573,0.0018220543861389715,0.03639003839004551
A0A0K0KVV5,1.9006060361862185,4.815680503845215,0.631524921627172,0.4978093206882477,0.5092160814132215,1.9832846,4.9529147,0.6320995,0.50122577,0.47329572,IDP-ESM2-8M,67,300,0.08267855644226052,0.13723421096801758,0.0005745876120247795,0.0034164488315582275,0.03592036298174872
A0A0K0UUV8,1.523177146911621,3.6537539958953857,0.5861859868552206,0.4824356138706207,0.5341546640303693,1.4376289,3.5654645,0.5984808,0.47828048,0.49496865,IDP-ESM2-8M,67,300,0.0855482816696167,0.08828949928283691,0.012294833800602145,0.0041551291942596436,0.03918601130514954
A0A0M4RBN9,1.818701148033142,3.895379066467285,0.3508793889733008,0.3483893871307373,0.8956834805589985,1.9434909,4.20374,0.42282352,0.36504146,0.78634375,IDP-ESM2-8M,67,300,0.12478971481323242,0.3083610534667969,0.07194412954133239,0.016652077436447144,0.10933972722113838
A0A0N9R406,2.696209669113159,6.771824836730957,0.6086017982441145,0.4804244339466095,0.5525526365743476,2.6958606,6.574153,0.61542,0.49885836,0.54598397,IDP-ESM2-8M,67,300,0.0003490447998046875,0.19767189025878906,0.006818185619716033,0.01843392848968506,0.006568666409094925
A0A0R7EYS2,2.7538416385650635,6.805793285369873,0.6425747284314259,0.5125935673713684,0.5255942698183818,2.9504592,7.250808,0.63861436,0.50030005,0.5169314,IDP-ESM2-8M,67,300,0.19661760330200195,0.44501447677612305,0.003960371913634186,0.012293517589569092,0.008662855214194742
A0A0S0BY46,3.017258882522583,5.034976482391357,0.2,0.251433789730072,1.7115984201235663,3.9499984,8.3819685,0.3449927,0.3187702,1.02759,IDP-ESM2-8M,67,300,0.9327394962310791,3.346992015838623,0.1449926972389221,0.06733641028404236,0.6840083837313544
A0A0U3U0D7,3.423137187957764,6.9512715339660645,0.3075397566941246,0.3148255050182342,1.2533319941377692,3.5899487,7.7112575,0.3786734,0.33624512,0.9356253,IDP-ESM2-8M,67,300,0.16681146621704057,0.7599859237670898,0.07113364776106035,0.021419614553451594,0.3177066794252448
A0A0X9FL12,2.478715658187866,6.025212287902832,0.6223316461096604,0.5008790493011475,0.5269903815118354,2.3444092,5.708713,0.60402435,0.47842187,0.5488759,IDP-ESM2-8M,67,300,0.1343064308166504,0.3164992332458496,0.01830729546650245,0.02245718240737915,0.021885546413274448
A0A127KLB1,2.0869903564453125,5.18979549407959,0.6041091262028391,0.4733308851718902,0.5158905230893523,2.050851,5.053135,0.6053015,0.48215058,0.51834637,IDP-ESM2-8M,67,300,0.03613924980163574,0.13666057586669922,0.0011923731639211788,0.008819699287414606,0.002455846177157661
A0A127KLJ5,1.9271016120910645,4.118778228759766,0.4013062399005576,0.3520766198635101,0.7710947200537659,1.9651096,4.4304304,0.4625904,0.37224978,0.67658794,IDP-ESM2-8M,67,300,0.03800797462463379,0.31165218353271484,0.061284156503708775,0.020173162221908625,0.09450678079137576
A0A140F9E7,2.7674055099487305,6.620248794555664,0.518859846001037,0.4049425423145294,0.596337196395103,2.7646186,6.47972,0.5205264,0.40808013,0.5955812,IDP-ESM2-8M,67,300,0.002786874771118164,0.14052867889404297,0.0016665631481329601,0.0031375885009765625,0.0007560224983134134
A0A140HQX3,3.621431827545166,9.1703462600708,0.6430442102089325,0.4990668594837188,0.4890441261347787,3.5756383,8.547354,0.5668997,0.44218048,0.56958824,IDP-ESM2-8M,67,300,0.04579353332519531,0.6229925155639648,0.07614449335483708,0.05688637495040888,0.08054411782655552
A0A142KCK0,2.063042640686035,4.676664352416992,0.5177561816591874,0.4125944375991821,0.5997889582242012,2.0916467,4.846268,0.5032943,0.40093148,0.6305579,IDP-ESM2-8M,67,300,0.02860403060913086,0.16960382461547852,0.014461892547096289,0.011662960052490179,0.030768936482524878
A0A192GNU8,6.020235538482666,14.679156303405762,0.6496009966145762,0.5494861006736755,0.5477586715076387,4.990912,11.864967,0.56750554,0.46579075,0.7300653,IDP-ESM2-8M,67,300,1.0293235778808594,2.8141889572143555,0.08209545815098362,0.08369535207748413,0.1823066146518767
A0A1B1MQX9,3.6887152194976807,9.135540962219238,0.6290565748447761,0.501930296421051,0.5182516249530105,3.7158148,8.817553,0.5666985,0.45294264,0.6019468,IDP-ESM2-8M,67,300,0.027099609375,0.31798839569091797,0.06235808327144232,0.04898765683174133,0.08369514619185647
A0A1B1SEH4,1.5853753089904783,4.038190841674805,0.6030790168588408,0.4691284894943237,0.5212074177249285,1.6203859,4.1309752,0.62248856,0.4899518,0.48076117,IDP-ESM2-8M,67,300,0.03501057624816917,0.09278440475463867,0.019409541433548116,0.020823299884796198,0.040446247337660446
A0A1B2CSH8,2.584936141967773,6.383686542510986,0.6434015572638984,0.523937463760376,0.5193933208715542,2.8670022,7.213582,0.67360747,0.5277965,0.46521783,IDP-ESM2-8M,67,300,0.2820661067962651,0.8298954963684082,0.030205911341143143,0.0038590431213378906,0.05417549212094386
A0A1C9EI46,2.531406879425049,6.602116107940674,0.6674245265583828,0.5283489227294922,0.4773761083352362,2.4589262,6.087241,0.62470174,0.502502,0.5485112,IDP-ESM2-8M,67,300,0.07248067855834961,0.5148749351501465,0.04272278820083886,0.025846898555755615,0.07113509876849305
A0A1D7RB72,1.9328595399856567,4.097106456756592,0.4246134313515494,0.3397966027259826,0.7340101309620808,2.000505,4.5309277,0.46573967,0.37304363,0.6782364,IDP-ESM2-8M,67,300,0.06764543056488037,0.4338212013244629,0.04112623606406951,0.03324702382087713,0.05577370603913767
A0A1D7RFJ1,2.116374492645264,5.228302001953125,0.6227596182397958,0.5021762251853943,0.4940045733297124,2.0528736,5.1188846,0.616339,0.48647606,0.50587463,IDP-ESM2-8M,67,300,0.0635008811950688,0.10941743850708008,0.006420590358173439,0.015700161457061768,0.011870060459350074
A0A1D7RII7,2.025380849838257,4.46048641204834,0.4600943896694414,0.3651557266712188,0.6797927581700187,2.0169392,4.6013975,0.4747497,0.3785923,0.66236556,IDP-ESM2-8M,67,300,0.008441686630249023,0.14091110229492188,0.014655324466682274,0.013436585664749201,0.01742720240677409
A0A1D7S6P1,2.007488965988159,4.475389003753662,0.4775917268582249,0.381008505821228,0.641122313608936,2.0197906,4.594123,0.47253233,0.3780186,0.66794217,IDP-ESM2-8M,67,300,0.01230168342590332,0.11873388290405273,0.005059394914712911,0.0029899179935455322,0.026819852719494164
A0A1D7SND7,2.062453508377075,5.09562873840332,0.6028153842535743,0.4688411056995392,0.5188610992015751,2.0536923,5.039837,0.5964303,0.47219378,0.5213076,IDP-ESM2-8M,67,300,0.008761167526245117,0.05579185485839844,0.006385082587314517,0.0033526718616485596,0.002446488422021109
A0A1D8KSZ5,2.1684958934783936,5.464388370513916,0.6284518924914725,0.4932199716567993,0.5050858403712047,2.0407329,5.082332,0.6238908,0.4958864,0.504037,IDP-ESM2-8M,67,300,0.127763032913208,0.38205623626708984,0.00456107532609773,0.0026664137840270996,0.0010488177805675347
A0A1S5YE66,2.497192859649658,5.96502685546875,0.6075923264548332,0.4920854866504669,0.5392676398444266,2.5761945,6.346357,0.62526524,0.49494323,0.50860137,IDP-ESM2-8M,67,300,0.07900166511535645,0.3813300132751465,0.0176729142144173,0.0028577446937561035,0.03066627237082431
A0A1V0EDG6,1.6006466150283811,3.497157096862793,0.2954359931741427,0.3093683123588562,0.998227066486064,1.6231053,3.195352,0.39099944,0.3623078,0.85483754,IDP-ESM2-8M,67,300,0.022458672523498757,0.3018050193786621,0.0955634432043363,0.05293947458267212,0.14338952967423535
A0A1V0SDB7,4.426198959350586,11.378124237060549,0.6434881774135041,0.4899240136146545,0.5269816611354141,4.158612,10.144695,0.6023921,0.47570175,0.57050174,IDP-ESM2-8M,67,300,0.26758718490600586,1.2334289550781268,0.04109609996752017,0.014222264289855902,0.04352008361174775
A0A1V0SEI4,1.8217511177062988,4.471759796142578,0.6178428815671652,0.5068342685699463,0.5444040393404995,1.7851299,4.267638,0.5864662,0.48437694,0.5839045,IDP-ESM2-8M,67,300,0.03662121295928955,0.20412158966064453,0.031376688368007444,0.02245733141899109,0.03950046543550145
A0A1V0SIV1,4.029341220855713,9.99994659423828,0.6594699467349179,0.5111585855484009,0.5332663853545485,4.01245,10.149969,0.6774976,0.5235297,0.46534532,IDP-ESM2-8M,67,300,0.016891002655029297,0.15002250671386896,0.01802767861603427,0.01237112283706665,0.0679210622687636
A0A1Z1LW78,1.95028293132782,4.198329925537109,0.4172531701909377,0.3417707681655884,0.7422604838791067,1.9783399,4.392191,0.45259,0.37142694,0.7096827,IDP-ESM2-8M,67,300,0.028056979179382102,0.1938610076904297,0.03533681851755838,0.029656171798706055,0.032577780860918226
A0A218MKB4,2.366473436355591,6.001848220825195,0.6154607727685754,0.4622128307819366,0.5267859034397668,2.764318,6.80527,0.6195382,0.49239776,0.5643748,IDP-ESM2-8M,67,300,0.3978445529937744,0.8034219741821289,0.004077415212076496,0.0301849246025086,0.0375889010569983
A0A218MLX2,2.2782862186431885,5.925227642059326,0.6479070553692136,0.5020041465759277,0.4802442264913141,2.1220903,5.239327,0.6041702,0.48167908,0.54399914,IDP-ESM2-8M,67,300,0.15619587898254395,0.6859006881713867,0.04373685216029022,0.020325064659118652,0.06375490900291808
A0A218MLZ4,2.050534009933472,5.324542045593262,0.6587484204676348,0.507805585861206,0.5008055870699532,2.0767438,5.3511815,0.6704185,0.53437674,0.47536692,IDP-ESM2-8M,67,300,0.026209831237792525,0.026639461517333984,0.011670080432633734,0.026571154594421387,0.025438666837180324
A0A218MM47,3.04844331741333,7.96029806137085,0.6324227333615198,0.4710745215415954,0.5061378636048167,2.971105,7.29482,0.61103344,0.47978795,0.5538441,IDP-ESM2-8M,67,300,0.07733821868896484,0.6654782295227051,0.021389293725289305,0.008713424205780085,0.047706230671611505
A0A218MM62,4.088909149169922,10.292441368103027,0.6394056042048645,0.4999998807907104,0.5191825314374459,4.153472,10.309305,0.66286623,0.51054996,0.4966165,IDP-ESM2-8M,67,300,0.06456279754638672,0.01686382293701172,0.023460630574493435,0.010550081729888972,0.022566018900443297
A0A218MME3,2.248575687408448,5.81104850769043,0.649827127131696,0.4892808198928833,0.4907767056868818,2.3116753,5.6318083,0.60062593,0.48643047,0.57993746,IDP-ESM2-8M,67,300,0.06309962272643954,0.17924022674560547,0.049201194915051705,0.002850353717803955,0.08916075235144827
A0A218MMI9,2.0755317211151123,5.55633544921875,0.6867407907137614,0.5393773913383484,0.45091992106007,2.1449847,5.4455967,0.6581948,0.52337694,0.47868493,IDP-ESM2-8M,67,300,0.06945300102233887,0.11073875427246094,0.028546010364029928,0.016000449657440186,0.02776501093341449
A0A222ZRZ9,1.8996349573135376,4.15596866607666,0.3906480079874773,0.3492940664291382,0.82898655769927,2.0934577,4.675108,0.45767522,0.38178468,0.71969694,IDP-ESM2-8M,67,300,0.1938227415084839,0.519139289855957,0.06702721059467603,0.03249061107635498,0.10928961870772336
A0A249XMM6,1.5942596197128296,3.89827036857605,0.6028326928524536,0.4898914098739624,0.5250505130222789,1.751621,4.427385,0.6260239,0.49687523,0.49753323,IDP-ESM2-8M,67,300,0.15736138820648193,0.5291144847869873,0.023191195735498105,0.006983816623687744,0.027517281048630826
A0A290GQ28,1.631874680519104,4.176639080047607,0.6419108180025678,0.5138418078422546,0.4841998295823049,1.5291656,3.8143647,0.62003493,0.5031489,0.51300997,IDP-ESM2-8M,67,300,0.10270905494689941,0.3622744083404541,0.021875884912357813,0.010692894458770752,0.02881013583746439
A0A2D1GNS7,1.850826382637024,4.5312676429748535,0.6010113758408095,0.504549503326416,0.5487328923472812,1.6173003,3.878188,0.57063913,0.4850238,0.6016855,IDP-ESM2-8M,67,300,0.2335261106491089,0.6530797481536865,0.030372242387440407,0.01952570676803589,0.05295263163953523
A0A2D1M0A0,3.3743205070495605,7.303984642028809,0.3147288923963333,0.3152090609073639,1.1995596405602205,3.5170922,7.5122404,0.37261045,0.33372077,0.947318,IDP-ESM2-8M,67,300,0.14277172088623047,0.20825576782226562,0.05788155739462131,0.018511712551116943,0.2522416230774629
A0A2D3I5T4,3.468759775161743,8.755104064941406,0.6357252737509069,0.494327962398529,0.5365183653325731,3.3505304,8.341478,0.6399248,0.50550485,0.5473093,IDP-ESM2-8M,67,300,0.11822938919067383,0.41362571716308594,0.004199550486916559,0.01117688417434698,0.010790914109260363
A0A2I6SBY4,2.5700695514678955,6.663013935089111,0.7062933925496019,0.5816690325737,0.4715577870492148,2.4217465,6.3239183,0.73726314,0.5835761,0.33548743,IDP-ESM2-8M,67,300,0.14832305908203125,0.3390955924987793,0.03096975051298967,0.001907050609588623,0.13607036172191378
A0A2I6SCK6,2.622239112854004,6.6386027336120605,0.6750852198085676,0.5375512838363647,0.4964139364835075,2.3131106,5.538161,0.602648,0.49985972,0.5941323,IDP-ESM2-8M,67,300,0.3091285228729248,1.1004419326782227,0.0724372000179182,0.03769156336784363,0.09771836770808184
A0A2K9VSC6,3.3587560653686523,8.100378036499023,0.6325529350193639,0.5089620351791382,0.5284491642328751,3.3903563,8.181206,0.6089522,0.48422223,0.53851,IDP-ESM2-8M,67,300,0.031600236892700195,0.08082771301269531,0.023600710764755783,0.02473980188369751,0.01006086031470177
A0A2P1GNK0,3.3524482250213623,7.577292442321777,0.5337292278871333,0.4246899485588074,0.6144390917968524,3.3280785,7.7877026,0.5076413,0.3990841,0.6490313,IDP-ESM2-8M,67,300,0.02436971664428711,0.21041011810302734,0.026087912426928206,0.025605857372283936,0.03459218967440003
A0A2R3UAC7,1.9122105836868288,4.786592483520508,0.621763756147026,0.5025072693824768,0.5090861767851775,1.8018262,4.4249387,0.59882635,0.47719237,0.52589995,IDP-ESM2-8M,67,300,0.11038434505462669,0.36165380477905273,0.022937407365440254,0.025314897298812866,0.016813769904428177
A0A2R8FEN2,2.338682174682617,4.995760917663574,0.3965235153876114,0.325796514749527,0.7842245808876542,2.6611094,5.8609953,0.41124767,0.33376515,0.7869235,IDP-ESM2-8M,67,300,0.32242727279663086,0.865234375,0.014724155262870797,0.007968634366989136,0.0026989468299360997
A0A2S1MMK3,3.340015649795532,6.777917385101318,0.2947130908097124,0.3067722022533417,1.2915265008317107,3.5447295,7.5764503,0.37454647,0.33526072,0.94499016,IDP-ESM2-8M,67,300,0.20471382141113326,0.7985329627990723,0.07983337744819163,0.028488516807556152,0.34653634275065603
A0A2S1MQZ2,3.270484447479248,6.803248882293701,0.2875270720421538,0.2868272662162781,1.3060920315296003,3.5509706,7.59334,0.3745493,0.33483234,0.94486177,IDP-ESM2-8M,67,300,0.2804861068725586,0.7900910377502441,0.08702222743637711,0.04800507426261902,0.3612302618533918
A0A2S1MU58,3.2062721252441406,6.296068668365479,0.2684371012491671,0.2932431399822235,1.3887427922839568,3.599924,7.712298,0.3735981,0.3338386,0.94495785,IDP-ESM2-8M,67,300,0.39365196228027344,1.4162292480468741,0.10516099750571573,0.04059547185897827,0.4437849399203704
A0A2S1N1Y6,3.16515851020813,6.461751937866211,0.2661426993556446,0.2633748054504394,1.3870288193301383,3.5505323,7.5737915,0.36933574,0.33227307,0.9566958,IDP-ESM2-8M,67,300,0.3853738307952881,1.112039566040039,0.10319304144902763,0.06889826059341436,0.43033302427093423
A0A2S1N210,3.232412338256836,6.613014221191406,0.2759564741026086,0.285461962223053,1.3541436431673417,3.5523705,7.598014,0.3757138,0.3352216,0.9402844,IDP-ESM2-8M,67,300,0.3199582099914551,0.9849996566772461,0.0997573213208991,0.049759626388549805,0.4138592717913041
A0A2U7U7R7,3.2984113693237305,7.523886680603027,0.4928537691954966,0.4086982607841491,0.6751907276046525,3.2216177,7.32819,0.47973034,0.38746792,0.6857865,IDP-ESM2-8M,67,300,0.07679367065429688,0.19569683074951172,0.013123431337296543,0.02123034000396723,0.010595758067344585
A0A2Z4HI38,3.051481246948242,7.619002819061279,0.6445775383409292,0.5112922191619873,0.5020371257939871,3.2159352,7.8219347,0.60024583,0.46152735,0.5079263,IDP-ESM2-8M,67,300,0.16445398330688477,0.20293188095092773,0.044331704944017614,0.04976487159729004,0.005889159472889149
A0A2Z4Q913,2.2069125175476074,4.659848213195801,0.4230937664075917,0.3812363743782043,0.7717727744028368,1.9286038,3.861669,0.34672993,0.32114092,0.9340936,IDP-ESM2-8M,67,300,0.2783087491989136,0.7981791496276855,0.07636383219204607,0.060095459222793524,0.16232082014824967
A0A2Z6E9I5,2.259880781173706,5.375768661499023,0.5089450709600746,0.4047676026821136,0.6085488006373632,2.1956642,5.119997,0.5176082,0.41172898,0.6122426,IDP-ESM2-8M,67,300,0.06421661376953125,0.2557716369628906,0.008663154385536997,0.006961375474929865,0.00369377882278088
A0A345L4V0,2.6866400241851807,6.9224629402160645,0.6636805538962159,0.5166189074516296,0.478735857592986,2.637471,6.568283,0.63563704,0.50133175,0.5203597,IDP-ESM2-8M,67,300,0.049169063568115234,0.35417985916137695,0.02804350898959973,0.015287160873413086,0.041623837364747174
A0A345M6E7,2.5917675495147705,6.631972789764404,0.6469444166067989,0.4901190102100372,0.5049632535370341,2.6332884,6.587009,0.64013076,0.503241,0.50943583,IDP-ESM2-8M,67,300,0.04152083396911621,0.044963836669921875,0.00681365832127645,0.01312199234962469,0.004472578963423679
A0A346RNU7,3.320475578308105,8.258618354797363,0.6651149197764751,0.5341228246688843,0.4912467503338494,3.5831428,8.54669,0.5842599,0.46898508,0.60002345,IDP-ESM2-8M,67,300,0.26266717910766646,0.2880716323852539,0.08085499250367845,0.06513774394989014,0.10877669813340524
A0A346TPN1,4.3199005126953125,10.810798645019531,0.6416841872742586,0.5029468536376953,0.52653924618221,4.4014387,10.58268,0.5932582,0.47298867,0.5762756,IDP-ESM2-8M,67,300,0.08153820037841797,0.228118896484375,0.048425985198300325,0.02995818853378296,0.04973634089969914
A0A346TQ06,3.1970343589782715,8.235690116882324,0.6575345787788012,0.499032974243164,0.4907142275906499,3.0108094,7.404298,0.6370316,0.49919784,0.4826788,IDP-ESM2-8M,67,300,0.18622493743896484,0.8313922882080078,0.020502963998375145,0.00016486644744878598,0.0080354267693456
A0A385DYQ6,1.9250476360321045,4.370831489562988,0.4646521627409162,0.383025974035263,0.6720566547550307,1.7124019,3.77321,0.46006927,0.37559298,0.694008,IDP-ESM2-8M,67,300,0.2126457691192627,0.5976214408874512,0.0045828937990369245,0.007432997226715032,0.021951337989415065
A0A385UFY3,2.400245428085327,6.102670192718506,0.6511121511989518,0.5162599682807922,0.5011648006667991,2.3965771,5.938019,0.62718594,0.4966323,0.52376646,IDP-ESM2-8M,67,300,0.0036683082580566406,0.16465139389038086,0.02392621045645915,0.019627660512924194,0.022601657367716244
A0A386QVQ8,2.7770464420318604,6.4765448570251465,0.513221353530036,0.4162345826625824,0.6054003464833266,2.7494042,6.430091,0.5171984,0.40499768,0.593866,IDP-ESM2-8M,67,300,0.027642250061035156,0.04645395278930664,0.0039770302781000355,0.011236906051635742,0.011534355844593724
A0A3G1T4F7,3.1851367950439453,5.684080123901367,0.2150601293286294,0.2839697003364563,1.6924875730793838,4.049209,8.692419,0.3623223,0.32636148,0.98850054,IDP-ESM2-8M,67,300,0.864072322845459,3.0083389282226562,0.14726217134390174,0.04239177703857422,0.7039870375912551
A0A3G2JTZ9,3.2135584354400635,7.891665458679199,0.6262943106984848,0.4787355661392212,0.5296374817744249,3.3075867,8.008066,0.61825025,0.4884182,0.49451077,IDP-ESM2-8M,67,300,0.09402823448181152,0.11640071868896484,0.008044059882139631,0.009682625532150269,0.03512671193036976
A0A3G3M5R8,2.019923448562622,4.2688703536987305,0.4328942544744567,0.3446829319000244,0.7263240750780161,2.051397,4.607661,0.45848086,0.3716519,0.7000393,IDP-ESM2-8M,67,300,0.031473636627197266,0.3387904167175293,0.025586610288803213,0.026968955993652344,0.026284747933393304
A0A3G4S8X8,3.174159526824951,7.919601917266846,0.6235597131069109,0.5054790377616882,0.5071807175062203,2.9884243,7.1477547,0.582583,0.4591694,0.54477894,IDP-ESM2-8M,67,300,0.18573522567749023,0.7718472480773926,0.04097670291022515,0.04630964994430542,0.03759822555560832
A0A3G4ZTT1,2.0066051483154297,4.258762836456299,0.3080658021483726,0.3042528331279754,1.014302428594598,2.68395,6.06897,0.4463273,0.37039858,0.75362664,IDP-ESM2-8M,67,300,0.677344799041748,1.8102073669433594,0.13826149673125082,0.06614574790000921,0.26067578398323943
A0A3G4ZXU7,4.682886600494385,11.87985610961914,0.6611911672816647,0.5129855871200562,0.556682134662626,4.7964964,11.983117,0.6671932,0.51835054,0.49606305,IDP-ESM2-8M,67,300,0.11360979080200195,0.10326099395751953,0.0060020070805179015,0.005364954471588135,0.060619081054685275
A0A3G5A3I8,1.5751049518585205,3.773947715759277,0.5257315754470346,0.4083377420902252,0.5354535001418707,1.5858251,3.8050146,0.5246289,0.402884,0.5314044,IDP-ESM2-8M,67,300,0.010720133781433105,0.031066894531250444,0.0011026978072641302,0.005453735589981079,0.004049124111902391
A0A3G5A3J2,3.2298238277435303,7.914638519287109,0.6328699879206328,0.5012736320495605,0.5489529107848857,3.3741007,8.4880295,0.63306767,0.49965075,0.51747537,IDP-ESM2-8M,67,300,0.14427685737609863,0.5733909606933594,0.00019767956365068784,0.0016228854656219482,0.0314775441924785
A0A3G5AHA4,1.7451157569885254,4.317638397216797,0.6347886171518404,0.5248681902885437,0.5175894318539166,1.6854889,4.0723743,0.59165955,0.48004782,0.56060344,IDP-ESM2-8M,67,300,0.05962681770324707,0.24526405334472656,0.04312907125340293,0.04482036828994751,0.04301400795397525
A0A3G5AK89,2.098658561706543,5.2356133460998535,0.6595096461050166,0.5283774733543396,0.5212214022415211,2.0609834,5.146713,0.658479,0.53435683,0.5048518,IDP-ESM2-8M,67,300,0.03767514228820801,0.08890056610107422,0.0010306708089961036,0.005979359149932861,0.01636958415680434
A0A3G5Q4F5,1.509766697883606,3.462980031967163,0.5315970927496723,0.4342913031578064,0.5886753292717927,1.6884099,3.9657714,0.53369236,0.43587902,0.5866716,IDP-ESM2-8M,67,300,0.17864322662353516,0.5027914047241211,0.0020952671746441442,0.0015877187252044678,0.002003738466738958
A0A3Q8Q9R0,2.3996801376342773,5.688763618469238,0.5367862815992644,0.4081299602985382,0.5896882821306629,2.471119,5.8587403,0.53408504,0.42167732,0.6030393,IDP-ESM2-8M,67,300,0.07143878936767578,0.16997671127319336,0.002701246275167768,0.013547360897064209,0.01335104215293692
A0A3R5WKS6,3.2722203731536865,6.824758529663086,0.2946595182959345,0.2819288372993469,1.2712277591971866,3.5869846,7.7014637,0.37807882,0.3354976,0.9342791,IDP-ESM2-8M,67,300,0.31476426124572754,0.8767051696777344,0.08341930002529352,0.053568750619888306,0.3369486749915591
A0A401IPA0,3.062868595123291,7.817789077758789,0.6526912193025513,0.5069407224655151,0.5173940720362898,3.1564097,7.886985,0.6460977,0.5062645,0.53459597,IDP-ESM2-8M,67,300,0.09354114532470703,0.06919574737548828,0.00659349963320921,0.0006762146949768066,0.017201894302821485
A0A410I670,3.304845094680786,6.440437316894531,0.284891875041337,0.3123685121536255,1.3344221808648642,3.586068,7.7050934,0.37919843,0.33630702,0.9332471,IDP-ESM2-8M,67,300,0.2812228202819824,1.2646560668945312,0.09430655692735196,0.023938506841659546,0.40117509147887787
A0A410S812,3.1738555431365967,7.947549343109131,0.6437646551619634,0.4982843101024627,0.5115780092699993,3.2389147,7.835867,0.61928713,0.49180645,0.51246566,IDP-ESM2-8M,67,300,0.06505918502807617,0.11168241500854492,0.02447752194510544,0.006477862596511785,0.000887646533681119
A0A411HB56,3.0561084747314453,7.937981128692627,0.6666353774032552,0.5110633373260498,0.4974017405829535,3.0170288,7.302469,0.589653,0.46925524,0.6077379,IDP-ESM2-8M,67,300,0.03907966613769531,0.6355123519897461,0.07698236226653643,0.041808098554611206,0.11033615824364562
A0A481TD43,1.5611200332641602,3.97545313835144,0.62665650666222,0.4978462159633636,0.4923950092683355,1.5332357,3.8370528,0.59924424,0.47913647,0.51355106,IDP-ESM2-8M,67,300,0.027884364128112793,0.13840031623840288,0.02741226971611399,0.018709748983383123,0.021156047116704768
A0A481V8U6,3.6566100120544434,9.344552040100098,0.6382170417180897,0.4956336915493011,0.5058383631188729,3.565234,8.576801,0.59077895,0.45920256,0.522983,IDP-ESM2-8M,67,300,0.09137606620788574,0.7677507400512695,0.047438094841563805,0.036431133747100775,0.017144651464714777
A0A481Z0P8,2.3434500694274902,5.774368762969971,0.6830735695242306,0.5913287401199341,0.5238933358648797,2.0388489,4.988805,0.654296,0.55866027,0.55741715,IDP-ESM2-8M,67,300,0.30460119247436523,0.7855639457702637,0.028777588593902226,0.032668471336364746,0.03352381844725405
A0A481Z6X1,5.848792552947998,14.5919771194458,0.6245680827388268,0.4576553702354431,0.5535749271439071,5.062772,12.286975,0.6337037,0.4850132,0.47965777,IDP-ESM2-8M,67,300,0.7860207557678223,2.305002212524414,0.009135625909854839,0.027357816696166992,0.07391715794072107
A0A482JE07,1.7933437824249268,3.784212589263916,0.3422370852820277,0.3168927729129791,0.916042605731522,1.9342737,4.1430273,0.4144328,0.35821927,0.7882265,IDP-ESM2-8M,67,300,0.1409299373626709,0.35881471633911133,0.07219570857363944,0.04132649302482605,0.1278161204791416
A0A4D5XEU4,1.585178256034851,3.2875430583953857,0.3794363751570955,0.4213175177574157,0.8007188185773121,1.4304773,2.936976,0.3725111,0.31640866,0.85525155,IDP-ESM2-8M,67,300,0.15470099449157715,0.350567102432251,0.006925286308981482,0.10490885376930231,0.05453273209712639
A0A4D5XFS9,5.313535690307617,12.895544052124023,0.6537867205760718,0.5130262970924377,0.5998329680455946,4.9099665,12.329462,0.6998029,0.56963027,0.5360742,IDP-ESM2-8M,67,300,0.40356922149658203,0.5660820007324219,0.04601615494272704,0.056603968143463135,0.06375874691140881
A0A4D5XFZ8,2.840350389480591,7.329541206359863,0.6652740441233866,0.5261901617050171,0.528240886991816,2.9743803,6.9990406,0.5610831,0.48618636,0.6956221,IDP-ESM2-8M,67,300,0.13402986526489258,0.33050060272216797,0.10419096573898723,0.040003806352615356,0.16738119953314734
A0A4P1QFK2,1.569278359413147,3.856587886810303,0.5997097830917828,0.4815692603588104,0.521152997243418,1.544419,3.801127,0.5934149,0.4780478,0.5217153,IDP-ESM2-8M,67,300,0.024859309196472168,0.05546092987060591,0.006294880404710046,0.003521472215652466,0.0005622861504418486
A0A4Y1NU38,2.126798629760742,5.417057037353516,0.6612864353786088,0.5270247459411621,0.4819941296897079,2.0463116,5.1375294,0.6297842,0.50068146,0.51110214,IDP-ESM2-8M,67,300,0.08048701286315918,0.2795276641845703,0.03150220896106726,0.02634328603744507,0.02910801026009069
A0A4Y5NGG5,1.4663090705871582,3.4714746475219727,0.5623043503885786,0.4551819562911987,0.5473772758364995,1.5261965,3.7629673,0.58575344,0.47074363,0.51710886,IDP-ESM2-8M,67,300,0.05988740921020508,0.2914927005767822,0.02344909046835497,0.015561670064926203,0.030268418204816183
A0A4Y6EML4,1.6444348096847534,4.146859645843506,0.6373958551775621,0.5162093639373779,0.5050672936512886,1.7184956,4.3852787,0.6331662,0.50490165,0.4969651,IDP-ESM2-8M,67,300,0.07406079769134521,0.2384190559387207,0.004229661215464975,0.011307716369628906,0.008102183349317116
A0A515J3G6,3.1186327934265137,7.270825386047363,0.511580186438924,0.4020017385482788,0.6151868159763221,3.1773715,7.4004073,0.50802803,0.39789855,0.62038475,IDP-ESM2-8M,67,300,0.05873870849609375,0.12958192825317383,0.003552156043416188,0.004103183746337891,0.005197936774074652
A0A5B8IIW6,1.876439332962036,4.780735492706299,0.6309287974586975,0.500499963760376,0.5217042299854899,1.8882749,4.85867,0.6701233,0.5251567,0.44682264,IDP-ESM2-8M,67,300,0.011835575103759988,0.07793474197387695,0.03919448163599859,0.024656713008880615,0.07488158670546063
A0A5C0PG83,1.4990878105163574,3.6093430519104,0.5740751485300534,0.4475873708724975,0.5320147418668952,1.389552,3.4122565,0.5758372,0.4629939,0.51913613,IDP-ESM2-8M,67,300,0.109535813331604,0.19708657264709428,0.001762046389532812,0.015406519174575861,0.0128786110571113
A0A5C0ZRE4,2.777486562728882,6.751610279083252,0.4981999560231847,0.3859032690525055,0.6594087320124132,2.8595507,6.6809263,0.51745486,0.41625294,0.62220967,IDP-ESM2-8M,67,300,0.08206415176391602,0.07068395614624023,0.019254906571419816,0.030349671840667725,0.03719906385292837
A0A5C0ZSQ4,2.6816768646240234,6.240284442901611,0.4610785431299108,0.3609131574630737,0.7305891575634075,2.7224815,6.2474747,0.48687738,0.3940086,0.67232984,IDP-ESM2-8M,67,300,0.04080462455749512,0.007190227508544922,0.025798838671694413,0.03309544920921331,0.05825931451912647
A0A5C0ZTE6,2.752901077270508,6.5304999351501465,0.4913074740993217,0.3889993727207184,0.6706721613495943,2.8674645,6.728025,0.5251133,0.4216064,0.6104771,IDP-ESM2-8M,67,300,0.1145634651184082,0.1975250244140625,0.033805810488538424,0.03260701894760132,0.060195071467697314
A0A5C0ZTP4,2.7503533363342285,6.579616546630859,0.4783652790299702,0.3765927255153656,0.7020986171090371,2.8404517,6.623115,0.5142515,0.4138155,0.6266528,IDP-ESM2-8M,67,300,0.09009838104248047,0.04349851608276367,0.03588619153582567,0.03722277283668518,0.07544583991406029
A0A5C0ZTQ7,2.814868450164795,6.742566585540772,0.5131616655384568,0.3982076942920685,0.6319740141441779,2.8585424,6.638203,0.50971764,0.4102641,0.6394658,IDP-ESM2-8M,67,300,0.04367399215698242,0.10436344146728604,0.0034440222775009577,0.012056410312652588,0.007491794724230338
A0A5J6VNB5,4.246179580688477,10.079634666442873,0.5671320644473286,0.4407932162284851,0.6232473965736872,4.3115373,10.289152,0.56891334,0.45677665,0.6482136,IDP-ESM2-8M,67,300,0.06535768508911133,0.20951747894286932,0.001781276121213926,0.01598343253135681,0.024966228380536415
A0A5K0U8Q2,3.28157114982605,7.580526351928711,0.2960078793833507,0.2939637303352356,1.339455273625949,4.6316233,10.684225,0.4842107,0.40236893,0.7840445,IDP-ESM2-8M,67,300,1.3500521183013916,3.10369873046875,0.18820282041332592,0.108405202627182,0.5554107694602997
A0A5K0UBH9,4.4510674476623535,10.794787406921388,0.6224340276978133,0.4953700602054596,0.555789767720587,4.1086493,10.176573,0.6268795,0.4884497,0.54416007,IDP-ESM2-8M,67,300,0.34241819381713867,0.6182146072387713,0.004445485565889085,0.006920367479324341,0.011629699685461237
A0A5P9UM97,2.102760076522827,5.129786491394043,0.5767201245328621,0.4553373754024505,0.5654820275189154,1.980785,4.6114745,0.5207807,0.4308344,0.6589436,IDP-ESM2-8M,67,300,0.12197506427764893,0.5183119773864746,0.055939441969080406,0.02450296282768244,0.09346156598312927
A0A646QWB4,1.8808567523956297,4.621360301971436,0.6027606550066618,0.4786232411861419,0.5204782192452083,1.9063106,4.711751,0.60768765,0.48351046,0.51287305,IDP-ESM2-8M,67,300,0.025453805923462136,0.0903906822204581,0.004926997104391706,0.004887223243713434,0.007605165694488103
A0A646QWN2,1.7463202476501465,4.517153263092041,0.6440542049888438,0.4940717220306396,0.4959717957362942,1.8862402,4.7381616,0.6515608,0.52949023,0.5006243,IDP-ESM2-8M,67,300,0.13991999626159668,0.22100830078125,0.007506578397386665,0.035418510437011774,0.004652503313083256
A0A649VCB5,1.482249140739441,3.4028100967407227,0.4691495678968456,0.3923689723014831,0.6798547738463695,1.321146,3.03729,0.5069398,0.42136303,0.63952374,IDP-ESM2-8M,67,300,0.16110312938690186,0.36552000045776367,0.03779026049899792,0.028994053602218683,0.040331029263239615
A0A6B9LZ63,1.5288314819335938,3.7385506629943848,0.5837872321079302,0.4783801138401031,0.5275140359415174,1.5535241,3.7529032,0.5777064,0.4671421,0.54152596,IDP-ESM2-8M,67,300,0.024692654609680176,0.014352560043334961,0.0060808355281877224,0.011238008737564031,0.014011924027049538
A0A6C0RTL1,1.942519187927246,4.9028849601745605,0.6574489889940576,0.5290563106536865,0.5026331091744145,1.8482366,4.8075385,0.6733959,0.5331967,0.4558885,IDP-ESM2-8M,67,300,0.09428262710571289,0.09534645080566406,0.015946883122031297,0.004140377044677734,0.046744599424048294
A0A6F9F3M6,1.6867610216140747,4.12396240234375,0.5543063370077973,0.4295834302902221,0.5436535201317549,1.823369,4.466887,0.57716846,0.45512146,0.50717634,IDP-ESM2-8M,67,300,0.13660800457000732,0.3429245948791504,0.02286212765284723,0.025538027286529597,0.036477180505442686
A0A6G7AB66,2.394256591796875,5.607183456420898,0.5129844445910443,0.4077504873275757,0.6101653029616223,2.3254075,5.4377584,0.5137836,0.40033215,0.6106155,IDP-ESM2-8M,67,300,0.06884908676147461,0.16942501068115234,0.0007991295132647735,0.007418334484100342,0.0004501889054431274
A0A6G7AB88,2.5487427711486816,5.921242713928223,0.5037090025318002,0.3899264633655548,0.6240986858567585,2.513353,5.831481,0.50097513,0.3913585,0.6338387,IDP-ESM2-8M,67,300,0.03538966178894043,0.08976173400878906,0.0027338705432747856,0.0014320313930511475,0.009740027312339361
A0A6G8MYF8,3.047383069992065,6.832015514373779,0.4798165412312099,0.3725866079330444,0.6501600487615546,3.1994548,7.0862837,0.41853482,0.3372534,0.7686653,IDP-ESM2-8M,67,300,0.15207171440124556,0.25426816940307617,0.06128172591977804,0.03533321619033808,0.11850526495914848
A0A6H0YEW0,1.4916315078735352,3.542085647583008,0.5727805290090121,0.4775491058826446,0.5410892691461799,1.3521824,3.265774,0.5669683,0.45807412,0.54927003,IDP-ESM2-8M,67,300,0.1394491195678711,0.27631163597106934,0.0058122072087801735,0.019474983215331976,0.008180764690184805
A0A6J5KPB0,1.9767487049102783,5.074316501617432,0.6449558064784595,0.5061296224594116,0.5017141351095892,1.8455943,4.536935,0.5991309,0.4821785,0.531655,IDP-ESM2-8M,67,300,0.13115441799163818,0.537381649017334,0.045824877962071575,0.02395111322402954,0.029940878451659603
A0A6J5KRS4,1.7782434225082395,4.447866439819336,0.6096733966702871,0.4766556620597839,0.5067615725031995,1.7811662,4.4447846,0.6203501,0.4951093,0.49293682,IDP-ESM2-8M,67,300,0.0029227733612062767,0.003081798553466797,0.010676725781495144,0.01845362782478338,0.013824752711405708
A0A6J5KVQ0,2.0346829891204834,4.909021377563477,0.61778637425435,0.4878568947315216,0.5171953954655089,1.9645908,4.981989,0.6370861,0.5037866,0.49730477,IDP-ESM2-8M,67,300,0.07009220123291016,0.072967529296875,0.01929971917140072,0.015929728746414185,0.019890628095284857
A0A6J5L216,1.6831927299499512,4.459625720977783,0.6640445090954367,0.5202875733375549,0.4823141851482014,1.9205782,4.8971806,0.6390366,0.5016543,0.44190574,IDP-ESM2-8M,67,300,0.23738551139831543,0.43755483627319336,0.02500791327405605,0.018633246421813965,0.04040844822498363
A0A6J5L2N6,2.355421543121338,5.1730055809021,0.4594085606106642,0.3694053590297699,0.709932297765533,2.409479,5.55649,0.4886387,0.3897961,0.64621747,IDP-ESM2-8M,67,300,0.05405735969543457,0.3834843635559082,0.02923013844405381,0.020390748977661133,0.06371483236483722
A0A6J5L2W6,2.8788058757781982,7.514744281768799,0.6966791162984817,0.5661570429801941,0.4602668390356537,2.95911,7.293748,0.68829143,0.54893047,0.4390413,IDP-ESM2-8M,67,300,0.08030414581298828,0.22099637985229492,0.008387685825154034,0.017226576805114746,0.021225552328729247
A0A6J5L549,2.508253335952759,6.43429708480835,0.6896854159672251,0.5573498010635376,0.4999505330995841,2.5440881,6.5760183,0.70488894,0.56271,0.40984213,IDP-ESM2-8M,67,300,0.03583478927612305,0.14172124862670898,0.015203523890257808,0.0053601861000061035,0.0901083995775504
A0A6J5L8Y0,1.7218173742294312,4.055733680725098,0.516678127270519,0.409933865070343,0.5868773045739578,1.7639289,4.0662117,0.49686405,0.38906893,0.62047714,IDP-ESM2-8M,67,300,0.04211151599884033,0.010478019714355469,0.019814076643764222,0.020864933729171753,0.03359983537584077
A0A6J5LE62,1.8569579124450684,4.729587554931641,0.6058487791456877,0.4622621834278106,0.5173858404210439,2.1410112,5.2074666,0.6029573,0.49001262,0.5507818,IDP-ESM2-8M,67,300,0.28405332565307617,0.47787904739379883,0.002891470853298772,0.027750432491302546,0.033395946020759126
A0A6J5LH85,2.0366644859313965,5.061079025268555,0.613183573238589,0.4887560904026031,0.5243777740272676,2.1156669,5.229158,0.61079806,0.48470315,0.49815467,IDP-ESM2-8M,67,300,0.07900238037109375,0.16807889938354492,0.0023855123445765125,0.004052937030792181,0.026223104027191302
A0A6J5LWJ3,2.1276004314422607,5.292978286743164,0.6190518406240357,0.4812188744544983,0.5318526859722209,2.2492764,5.3554616,0.58099395,0.47620475,0.56563216,IDP-ESM2-8M,67,300,0.12167596817016602,0.06248331069946289,0.038057890257061855,0.0050141215324401855,0.033779478506081095
A0A6J5LYG1,2.3046374320983887,5.94863748550415,0.6241506701010593,0.4721592962741852,0.4988340856401801,2.3036525,5.6793275,0.6050263,0.47726366,0.5300022,IDP-ESM2-8M,67,300,0.0009849071502685547,0.26930999755859375,0.019124365379227015,0.005104362964630127,0.031168091121447083
A0A6J5M0M6,1.739432692527771,4.261733531951904,0.5921009972377811,0.4669436514377594,0.5294382728231988,1.7941442,4.4128184,0.6008365,0.48044062,0.5282383,IDP-ESM2-8M,67,300,0.05471146106719971,0.15108489990234375,0.008735518188854652,0.013496965169906616,0.001199976314409712
A0A6J5M1A9,1.8577815294265747,4.630948066711426,0.6069429325998149,0.4760930240154266,0.5252409798201186,1.6445626,4.119602,0.6095999,0.48798808,0.51746017,IDP-ESM2-8M,67,300,0.21321892738342285,0.5113458633422852,0.0026569557249226383,0.011895060539245661,0.0077808124121291344
A0A6J5M383,1.494722604751587,3.657947301864624,0.5853422235092046,0.4583293199539184,0.5259290166297798,1.4989146,3.6861734,0.6034622,0.48123226,0.49580535,IDP-ESM2-8M,67,300,0.004191994667053223,0.028226137161254883,0.018119995729076632,0.022902935743331965,0.030123663703525483
A0A6J5M440,1.5604028701782229,3.437957763671875,0.3202055754656332,0.3354946970939636,0.932529831037414,1.2261256,2.3602052,0.39565882,0.360528,0.8528126,IDP-ESM2-8M,67,300,0.3342772722244265,1.0777525901794434,0.07545324540190523,0.025033295154571533,0.07971724282253978
A0A6J5M597,2.550710201263428,5.845308780670166,0.4083343946641936,0.3207777440547943,0.7373658121852058,2.365581,5.4677963,0.45625493,0.3467402,0.65423596,IDP-ESM2-8M,67,300,0.1851291656494145,0.37751245498657227,0.047920534639929346,0.02596244215965271,0.08312985313216625
A0A6J5M692,1.7857714891433716,4.527713775634766,0.6260762429795432,0.4854085445404053,0.4941285141052211,1.8785346,4.668416,0.6358722,0.5156397,0.5048751,IDP-ESM2-8M,67,300,0.09276306629180908,0.1407022476196289,0.009795942250711898,0.030231177806854248,0.010746609395602902
A0A6J5MAS8,2.1638431549072266,5.339083671569824,0.6194049065848333,0.5013311505317688,0.5323881030430215,2.1637418,5.400133,0.63025177,0.5007198,0.51144475,IDP-ESM2-8M,67,300,0.00010132789611816406,0.061049461364746094,0.010846858666326398,0.0006113648414611816,0.020943355595054003
A0A6J5MC63,2.833919048309326,7.152839183807373,0.6204005803651949,0.4815036654472351,0.5027533148467752,2.7353024,6.7330093,0.6106153,0.4782294,0.510567,IDP-ESM2-8M,67,300,0.0986166000366211,0.4198298454284668,0.00978526731206375,0.003274261951446533,0.007813694602229915
A0A6J5MCB3,1.881728172302246,4.661686420440674,0.6180449498310963,0.5010566711425781,0.5523207475922821,1.8440413,4.6969175,0.65380865,0.5174749,0.4948574,IDP-ESM2-8M,67,300,0.037686824798583984,0.03523111343383789,0.03576370352354852,0.0164182186126709,0.05746334693653565
A0A6J5MEY7,1.8864434957504272,4.904863834381104,0.6337238566627509,0.4955415427684784,0.5018112370344181,1.9465837,4.720054,0.6054638,0.49520925,0.5391816,IDP-ESM2-8M,67,300,0.060140252113342285,0.18480968475341886,0.02826005384826724,0.00033229589462280273,0.03737035304584313
A0A6J5MKW9,2.08365535736084,5.274583339691162,0.6345230651760311,0.4965068697929382,0.511617115085806,1.9682888,4.62232,0.55907255,0.46234256,0.5986795,IDP-ESM2-8M,67,300,0.11536657810211182,0.6522631645202637,0.07545051106455036,0.034164309501647894,0.08706236785105315
A0A6J5MMF3,2.904329299926758,7.163765907287598,0.6114108566315617,0.4739271402359009,0.5275701998757377,2.9422207,7.301499,0.6209227,0.48316035,0.50995076,IDP-ESM2-8M,67,300,0.037891387939453125,0.13773298263549805,0.009511828037932935,0.009233206510543823,0.01761944284906536
A0A6J5MV94,2.048133373260498,5.298162937164307,0.6650287210348408,0.5227213501930237,0.4909484761089102,2.0039418,5.068648,0.6364032,0.5014069,0.49896842,IDP-ESM2-8M,67,300,0.044191598892211914,0.22951507568359375,0.028625518024281704,0.02131444215774536,0.008019946303962133
A0A6J5N0T2,1.48854398727417,3.600600004196167,0.572755299879096,0.4536406695842743,0.5405142379092953,1.6480012,3.9050298,0.557112,0.45395702,0.5650237,IDP-ESM2-8M,67,300,0.15945720672607422,0.3044297695159912,0.015643321348212225,0.00031635165214538574,0.0245094823551395
A0A6J5NF31,2.0817313194274902,5.190861701965332,0.6088242839027769,0.4667806327342987,0.5212582653544237,2.220442,5.4118667,0.59682703,0.47500733,0.5180172,IDP-ESM2-8M,67,300,0.13871073722839355,0.22100496292114258,0.01199725372089211,0.00822669267654419,0.003241092541008128
A0A6J5P529,2.18622088432312,5.7091264724731445,0.7026291439231102,0.5722585320472717,0.4795564047652417,2.025717,5.0302806,0.6226847,0.5330838,0.5814751,IDP-ESM2-8M,67,300,0.16050386428833008,0.6788458824157715,0.07994442674476543,0.03917473554611206,0.10191867429435914
A0A6J5PE78,1.9051525592803955,4.878875255584717,0.6161454818801483,0.4755217730998993,0.5002290345474055,1.8544829,4.802471,0.64629614,0.49583006,0.4561233,IDP-ESM2-8M,67,300,0.05066967010498047,0.07640409469604492,0.030150661651651034,0.02030828595161438,0.04410574210126905
A0A6J5PLB7,2.00012469291687,5.004380702972412,0.6220346698282758,0.4908894598484039,0.5169882790268279,2.3781383,5.5494823,0.55634946,0.46485302,0.62533516,IDP-ESM2-8M,67,300,0.37801361083984375,0.5451016426086426,0.0656852135180036,0.026036441326141302,0.10834687789074415
A0A6J5PPF9,1.6994106769561768,4.2534942626953125,0.637659078637181,0.5133104920387268,0.5113879579403143,1.7298043,4.2820573,0.6168007,0.50872934,0.50082225,IDP-ESM2-8M,67,300,0.030393600463867188,0.02856302261352539,0.020858353177128475,0.004581153392791748,0.010565711865637817
A0A6J5PZI4,1.600130319595337,3.869051456451416,0.5712057109454894,0.4700706601142883,0.5721592943992827,1.4569519,3.4459593,0.5644836,0.46692425,0.59226483,IDP-ESM2-8M,67,300,0.14317846298217773,0.4230921268463135,0.0067221279720092175,0.003146409988403265,0.02010553666684889
A0A6J5SKE0,2.886304378509521,7.2544264793396,0.6233467887106858,0.4931926727294922,0.5151594030438162,2.6621735,6.5764728,0.6168791,0.48569298,0.5083874,IDP-ESM2-8M,67,300,0.22413086891174272,0.6779537200927734,0.0064676831427537,0.00749969482421875,0.006772016244957602
A0A6J5SLP1,2.056353807449341,5.077332019805908,0.6289422434905967,0.4967992901802063,0.5210144813499226,1.9243095,4.793598,0.6129473,0.49358237,0.53300446,IDP-ESM2-8M,67,300,0.13204431533813477,0.2837338447570801,0.0159949583152732,0.0032169222831726074,0.011989981369041058
A0A6J7W7Z1,1.7040530443191528,4.171281814575195,0.5778636035676793,0.4433797597885132,0.5488037899165623,1.6659814,3.987466,0.5702935,0.4624365,0.56307214,IDP-ESM2-8M,67,300,0.038071632385253906,0.18381571769714355,0.0075701174493626455,0.019056737422943115,0.014268355068636662
A0A6J7WAM5,1.9987006187438965,4.875526905059815,0.5964391770153447,0.4760201573371887,0.5402664294541564,2.109777,5.0783877,0.58891237,0.48020142,0.5442611,IDP-ESM2-8M,67,300,0.11107635498046875,0.20286083221435458,0.007526809194604911,0.004181265830993652,0.003994668453863648
A0A6J7WD77,2.0398218631744385,5.234002113342285,0.6154591094767137,0.4833996891975403,0.5215067284826587,2.1887982,5.3575425,0.59210956,0.46730164,0.5372784,IDP-ESM2-8M,67,300,0.14897632598876953,0.12354040145874023,0.023349548510221974,0.016098052263259888,0.015771685289924342
A0A6J7WRV8,2.0075509548187256,5.017336845397949,0.6393148275712677,0.5117366909980774,0.5004340316601037,1.9876409,4.941719,0.614247,0.48436505,0.50729674,IDP-ESM2-8M,67,300,0.019910097122192383,0.07561779022216797,0.02506780351197202,0.027371644973754883,0.00686270934865485
A0A6J7WTJ4,1.6838769912719729,4.323377132415772,0.6295937189877365,0.4990681409835815,0.4959413393104445,1.9406025,4.810403,0.61347497,0.48764232,0.50553423,IDP-ESM2-8M,67,300,0.25672554969787575,0.4870257377624503,0.01611875389221651,0.011425822973251287,0.00959289235230576
A0A6J7WZ48,3.826281785964966,9.453510284423828,0.6338000924175461,0.5001072883605957,0.5492921056780966,3.7500715,9.350225,0.6454883,0.50183123,0.5180704,IDP-ESM2-8M,67,300,0.07621026039123535,0.10328483581542969,0.011688229363612357,0.001723945140838623,0.031221705916896658
A0A6J7WZH5,1.997426152229309,5.063433170318604,0.6319075313073943,0.5114899277687073,0.5175869054829203,1.9976563,5.039686,0.6245924,0.49102265,0.50079215,IDP-ESM2-8M,67,300,0.0002301931381225586,0.023746967315674716,0.00731510786836842,0.020467281341552734,0.01679475975385536
A0A6J7X3M2,1.8229938745498653,4.596062660217285,0.6239521307905707,0.500834584236145,0.5254647265075452,1.8091862,4.3601665,0.59405124,0.48918325,0.5732648,IDP-ESM2-8M,67,300,0.013807654380797896,0.23589611053466797,0.029900888915875834,0.011651337146759033,0.04780005115282471
A0A6J7X4W8,2.203436374664306,5.431280136108398,0.633642640496805,0.5054945945739746,0.5196356791342324,2.0330603,5.2347784,0.6561478,0.5126857,0.47527105,IDP-ESM2-8M,67,300,0.17037606239318803,0.1965017318725586,0.02250513753740524,0.007191121578216553,0.04436463297258075
A0A6J7XE11,2.880303382873535,7.103586196899414,0.5896448311932136,0.4443148076534271,0.5443481510228023,2.7820098,6.8490505,0.6074193,0.47596958,0.5245027,IDP-ESM2-8M,67,300,0.09829354286193848,0.2545356750488281,0.01777448080706101,0.03165477514266968,0.019845456416021312
A0A6M2ZHS1,2.108590602874756,5.214810848236084,0.5971030232338395,0.4512355923652649,0.5333742198878964,1.9469793,4.8519793,0.61168194,0.48418236,0.51312697,IDP-ESM2-8M,67,300,0.16161131858825684,0.36283159255981445,0.01457891493754726,0.032946765422821045,0.02024725055043297
A0A6M3TA11,1.5102691650390625,3.516918420791626,0.5656975825893021,0.4803137183189392,0.5583930907672768,1.5156217,3.7801554,0.6007841,0.48271388,0.5133861,IDP-ESM2-8M,67,300,0.005352497100830078,0.26323699951171875,0.035086540354576035,0.0024001598358154297,0.04500702003897483
A0A6S4P8D4,2.9800455570220947,7.539036273956299,0.6118226185227567,0.4613141715526581,0.5087139208463558,3.1691632,7.8396454,0.62830126,0.4859486,0.48560384,IDP-ESM2-8M,67,300,0.1891176700592041,0.30060911178588867,0.01647864433277313,0.02463442087173462,0.023110081687343964
A0A6S4P9N8,2.054049491882324,5.216941356658936,0.6315348243970083,0.4899359047412872,0.5014778354626044,2.049787,5.0425987,0.6038809,0.47964182,0.53552294,IDP-ESM2-8M,67,300,0.004262447357177734,0.17434263229370206,0.02765394213382466,0.010294079780578558,0.03404510231205382
A0A6S4PA87,3.1072826385498047,7.822821140289307,0.6098370448557368,0.448545753955841,0.5428882902355816,3.2143407,7.966952,0.64023685,0.50132054,0.51080424,IDP-ESM2-8M,67,300,0.10705804824829102,0.14413070678710938,0.030399809697485902,0.05277478694915777,0.032084054300370424
A0A6S4PGH2,1.9700981378555296,4.954819202423096,0.6446771718792407,0.5221967101097107,0.5001569593967412,1.9035912,4.776525,0.6363138,0.51517874,0.50721,IDP-ESM2-8M,67,300,0.06650698184967019,0.17829418182373047,0.008363375835844677,0.007017970085144043,0.007053056853869144
A0A7D3USN0,4.502585887908936,10.881007194519045,0.626506125635165,0.4935890138149261,0.5834784811046019,4.1765203,10.199076,0.5983699,0.4673025,0.56459785,IDP-ESM2-8M,67,300,0.3260655403137216,0.6819314956665057,0.028136229223269194,0.026286512613296453,0.018880636027087228
A0A7D5FH32,2.964687824249268,6.771196365356445,0.4890869461969765,0.3887906372547149,0.6653332948178123,2.972656,6.9446545,0.50825244,0.39772555,0.62218827,IDP-ESM2-8M,67,300,0.007968187332152876,0.17345809936523438,0.019165495686110645,0.008934915065765436,0.04314502472580184
A0A7I6MYG1,1.6987109184265137,3.765070199966431,0.4476119295111168,0.3639024496078491,0.6936497593939838,1.8208027,4.2057977,0.50857747,0.40930727,0.5969349,IDP-ESM2-8M,67,300,0.12209177017211914,0.4407274723052974,0.060965536499930584,0.0454048216342926,0.09671484480505554
A0A7M1CLG8,2.5670325756073,6.696186542510986,0.6631683169173271,0.5059851408004761,0.4855045421007921,2.4977324,6.2088833,0.61133164,0.49112454,0.55681837,IDP-ESM2-8M,67,300,0.06930017471313477,0.4873032569885254,0.05183667524328539,0.014860600233078003,0.07131382394992813
A0A7M1RZ47,1.7512379884719849,4.559720039367676,0.6602557816967571,0.5235026478767395,0.4651397794275264,1.8528688,4.702466,0.6414621,0.5135875,0.4880107,IDP-ESM2-8M,67,300,0.1016308069229126,0.1427459716796875,0.018793694065531552,0.009915173053741455,0.022870925089838123
A0A7S5RCY4,1.7499369382858276,4.145605087280273,0.4727839649219899,0.3573645651340484,0.6565214912623649,1.7554083,3.9916878,0.49147898,0.40066925,0.63632005,IDP-ESM2-8M,67,300,0.005471348762512207,0.1539173126220703,0.018695014665565057,0.04330468177795416,0.020201436731267508
A0A7S5UT98,1.7647747993469238,4.127696514129639,0.4874576335090069,0.3858593106269836,0.6335443470597522,1.6808054,3.763006,0.47419006,0.3896327,0.6600777,IDP-ESM2-8M,67,300,0.0839693546295166,0.36469054222106934,0.013267577185001767,0.00377339124679571,0.02653334401843388
A0A7S9SUD3,3.2803990840911865,8.420256614685059,0.6443592783642043,0.4996977150440216,0.4987060193142466,3.0912037,7.702499,0.64017934,0.49916348,0.50403905,IDP-ESM2-8M,67,300,0.1891953945159912,0.7177577018737793,0.004179942293189853,0.0005342364311218262,0.005333029834312997
A0A7S9XGD0,2.4677963256835938,6.089242935180664,0.6785396467704635,0.5523814558982849,0.5090130014651794,2.2992866,5.619848,0.65174115,0.5513558,0.5338044,IDP-ESM2-8M,67,300,0.16850972175598145,0.46939516067504883,0.026798499729142722,0.0010256767272949219,0.02479141519131478
A0A7U3WA13,3.294558525085449,7.61496114730835,0.5238015285301881,0.4226000308990478,0.6326452101164307,4.2624235,10.214899,0.5568305,0.42473292,0.5689128,IDP-ESM2-8M,67,300,0.967864990234375,2.599937915802002,0.03302899686806626,0.0021328926086426336,0.06373240598969121
A0A811BMM7,3.081161499023437,7.462339878082275,0.6336918559548956,0.5201132297515869,0.5351633174304091,3.0805519,7.454665,0.58164954,0.4671365,0.6102011,IDP-ESM2-8M,67,300,0.0006096363067622512,0.007674694061279297,0.052042314100037235,0.05297672748565674,0.07503780294617779
A0A858MR12,1.8512427806854248,4.154233932495117,0.4095790856623851,0.3431804776191711,0.7560460814428156,1.7756729,3.7325811,0.40826327,0.34682256,0.8015407,IDP-ESM2-8M,67,300,0.07556986808776855,0.42165279388427734,0.0013158195758067315,0.0036420822143555243,0.045494591336267654
A0A8A4VK22,1.9344406127929688,4.924396514892578,0.6309197984060031,0.5022345781326294,0.5196998787851062,1.9744668,5.058647,0.6652624,0.5295949,0.48798814,IDP-ESM2-8M,67,300,0.040026187896728516,0.13425064086914062,0.03434260269797029,0.02736032009124756,0.031711734625789134
A0A8D9CCF9,1.8626888990402224,4.7737555503845215,0.6589138205977746,0.520041823387146,0.4985468940038113,1.9115846,4.8960567,0.65861183,0.52105767,0.45069933,IDP-ESM2-8M,67,300,0.04889571666717507,0.12230110168457031,0.0003019865485497375,0.0010158419609069824,0.0478475646275906
A0A8E5KAT9,2.134221076965332,5.213846206665039,0.6205822784251273,0.4966911375522613,0.5302895750355515,2.003653,4.9453354,0.6113418,0.4908743,0.5391056,IDP-ESM2-8M,67,300,0.1305680274963379,0.2685108184814453,0.00924050396147369,0.005816847085952703,0.008816019122621088
A0A8F2E6U0,1.6279325485229492,2.936932325363159,0.3870195761908508,0.3804225921630859,0.8144267563966624,1.6184244,3.3355055,0.4192264,0.38493648,0.83259004,IDP-ESM2-8M,67,300,0.009508132934570312,0.3985731601715088,0.03220683181390993,0.004513889551162775,0.018163287148106888
A0A8S5LF95,1.9524694681167605,4.752089500427246,0.6116146925184845,0.4761669933795929,0.5193611792038304,1.969439,4.81312,0.57944584,0.46460798,0.56033766,IDP-ESM2-8M,67,300,0.01696956157684304,0.06103038787841797,0.03216885359026189,0.011559009552001953,0.040976483493007976
A0A8S5LN82,1.4564770460128784,3.551030158996582,0.5644539526827057,0.4440465569496155,0.5295872270345483,1.4529454,3.522953,0.5688794,0.45302182,0.5301422,IDP-ESM2-8M,67,300,0.0035316944122314453,0.028077125549316406,0.004425472842959577,0.00897526741027832,0.0005549610376562875
A0A8S5M1Q5,1.6349014043807983,4.136609554290772,0.6176851959731746,0.4815238714218139,0.5082991088930108,1.6130273,3.8636463,0.57855797,0.4691323,0.54525405,IDP-ESM2-8M,67,300,0.021874070167541504,0.2729632854461679,0.03912722783352618,0.012391567230224554,0.036954942792322476
A0A8S5M989,1.555854320526123,3.871352434158325,0.6222308559247735,0.4920191466808319,0.4863082350686921,1.5181243,3.8734312,0.6206744,0.49463323,0.49584547,IDP-ESM2-8M,67,300,0.03772997856140137,0.0020787715911865234,0.0015564842054131,0.0026140809059143066,0.009537231783496025
A0A8S5MGS1,1.910127878189087,4.985308170318604,0.6454179214791889,0.503861665725708,0.4753694556038174,2.0202088,4.9607,0.5980017,0.4768759,0.5380715,IDP-ESM2-8M,67,300,0.11008095741271973,0.02460813522338956,0.0474162029580707,0.026985764503479004,0.06270205757214697
A0A8S5N1K7,1.5256634950637815,3.474898099899292,0.5076233191310318,0.4272309243679046,0.612853629655482,1.4678963,3.4400144,0.52798426,0.42471805,0.585168,IDP-ESM2-8M,67,300,0.05776715278625466,0.034883737564086914,0.02036094238172459,0.002512872219085638,0.02768562561953225
A0A8S5N469,1.5433911085128784,3.9640309810638414,0.618228924830962,0.4805101752281189,0.4974264329530719,1.49226,3.7234478,0.6045753,0.48439452,0.50523126,IDP-ESM2-8M,67,300,0.05113112926483154,0.24058318138122425,0.01365364845614514,0.003884345293045044,0.0078048283002850605
A0A8S5NE69,1.979480147361756,4.995694160461426,0.6259157828466456,0.5032637119293213,0.4971250753689158,1.932241,4.803678,0.5991098,0.47275272,0.53229475,IDP-ESM2-8M,67,300,0.0472391843795783,0.1920161247253418,0.026805954374508167,0.03051099181175232,0.03516967484470723
A0A8S5NNF7,1.9403384923934937,4.894529819488525,0.6511790284864741,0.5318760275840759,0.5101288463592105,1.8338543,4.703962,0.67028075,0.54001355,0.48163292,IDP-ESM2-8M,67,300,0.10648417472839355,0.1905679702758789,0.019101726079718495,0.008137524127960205,0.028495928239779977
A0A8S5NWD3,1.503544807434082,3.65364933013916,0.5553315055471386,0.437623530626297,0.5612589615247779,1.4786946,3.5769062,0.57290936,0.45802554,0.53356016,IDP-ESM2-8M,67,300,0.02485024929046631,0.07674312591552734,0.017577849616435604,0.02040201425552368,0.027698804702573354
A0A8S5NWX7,1.5410619974136353,3.9742047786712646,0.5973966100056615,0.4562604129314422,0.5145139779202701,1.5347493,3.9112926,0.62189305,0.48541847,0.47383216,IDP-ESM2-8M,67,300,0.006312727928161621,0.0629122257232666,0.024496438280776522,0.02915805578231817,0.0406818176858188
A0A8S5PA77,1.6479690074920654,3.97419810295105,0.5599879865602492,0.4593021273612976,0.5856182069537395,1.7043309,4.0873957,0.57665604,0.46804532,0.56840163,IDP-ESM2-8M,67,300,0.05636191368103027,0.11319756507873535,0.016668056969261325,0.008743196725845337,0.0172165722605937
A0A8S5PGG1,1.999321460723877,4.958240509033203,0.6312471216651164,0.5193281769752502,0.5364796865903231,2.1815233,5.4804487,0.65166634,0.51871294,0.51137394,IDP-ESM2-8M,67,300,0.18220186233520508,0.5222082138061523,0.020419221547011257,0.000615239143371582,0.025105749460348714
A0A8S5PHX0,1.9911673069000244,5.045957088470459,0.6327991748358371,0.5082547068595886,0.5226838316144725,1.9201959,4.716809,0.6129125,0.5019546,0.556625,IDP-ESM2-8M,67,300,0.07097136974334717,0.3291482925415039,0.019886698773062483,0.006300091743469238,0.03394117696859633
A0A8S5PIQ8,2.47629189491272,6.197360038757324,0.6421392661794804,0.5042612552642822,0.5010112350274648,2.3286414,5.970907,0.6430377,0.5010548,0.4898649,IDP-ESM2-8M,67,300,0.1476504802703862,0.22645282745361328,0.0008984106317379004,0.0032064318656921387,0.011146349220427454
A0A8S5Q7R0,1.6152764558792114,4.101143836975098,0.6178053430009274,0.4791023731231689,0.490659105079351,1.6487169,4.0978327,0.6007869,0.47821563,0.5002582,IDP-ESM2-8M,67,300,0.033440470695495605,0.0033111572265625,0.01701841863874476,0.0008867383003234308,0.009599102241815982
A0A8S5RD61,1.6017917394638062,3.965585231781006,0.6046984632452004,0.4811049401760101,0.5243035053119524,1.683748,4.1151133,0.58585405,0.46453497,0.52793217,IDP-ESM2-8M,67,300,0.08195626735687256,0.14952802658081055,0.018844409747885926,0.016569972038268987,0.0036286617412703004
A0A8S5RFF7,1.862288475036621,4.7275071144104,0.6458170845488161,0.5117868781089783,0.506412038024073,2.298715,6.0056143,0.6736427,0.52708054,0.4420418,IDP-ESM2-8M,67,300,0.43642663955688477,1.2781071662902832,0.027825610401287615,0.015293657779693604,0.06437022369683298
A0A8S5RGG2,1.6594260931015017,4.092227935791016,0.6227961601005827,0.5022700428962708,0.5305666713097132,1.5223957,3.5928516,0.57819355,0.4886546,0.6001227,IDP-ESM2-8M,67,300,0.13703036308288596,0.4993762969970703,0.044602614759091,0.013615429401397705,0.06955601889109242
A0A8S5S9N0,1.621069073677063,4.162961006164551,0.6458787838718318,0.520874559879303,0.4756734785388906,1.6312523,3.9801335,0.6103841,0.50504524,0.5543326,IDP-ESM2-8M,67,300,0.010183215141296387,0.18282747268676758,0.03549467723578448,0.01582932472229004,0.07865913540611674
A0A8S5SDG1,1.5783900022506714,3.777143001556397,0.5939259302309056,0.479500949382782,0.531778142557477,1.6379676,3.9514923,0.57542896,0.4597369,0.53928655,IDP-ESM2-8M,67,300,0.0595775842666626,0.17434930801391557,0.018496967523386032,0.019764035940170288,0.007508411302233675
A0A8S5SII4,2.182900667190552,5.513121128082275,0.6077533348160197,0.4632779061794281,0.5208297853862222,1.9545629,4.7925024,0.5909687,0.4684139,0.55133325,IDP-ESM2-8M,67,300,0.22833776473999068,0.720618724822998,0.016784606750528952,0.005135983228683472,0.030503463229042738
A0A8S5SVB6,1.7427517175674438,4.428826808929443,0.6321562764044861,0.4956240057945251,0.5007640859459576,1.8359234,4.57024,0.61662036,0.49157202,0.5147588,IDP-ESM2-8M,67,300,0.09317171573638916,0.14141321182250977,0.01553591459952397,0.004051983356475775,0.013994739356166463
A0A8S5TCW6,1.505388617515564,3.488236665725708,0.5181335237283683,0.4185857474803924,0.6082048208860208,1.6546638,3.9964418,0.57031536,0.45967704,0.5619674,IDP-ESM2-8M,67,300,0.14927518367767334,0.5082051753997803,0.052181837294580924,0.041091293096542414,0.04623744799173368
A0A8S5TKF0,1.830511450767517,4.734582901000977,0.6540355363669675,0.5201504230499268,0.4858890356911515,1.8167803,4.5550632,0.6195007,0.49582875,0.49418798,IDP-ESM2-8M,67,300,0.013731122016906738,0.1795196533203125,0.034534839707879406,0.024321675300598145,0.008298945199122554
A0A8S5U5H8,1.668262004852295,4.164511203765869,0.6014710903954414,0.4717178344726562,0.5415812340166098,1.9459443,4.9238234,0.6481565,0.5087543,0.46350706,IDP-ESM2-8M,67,300,0.2776823043823242,0.7593121528625488,0.046685433309087365,0.03703647851943975,0.07807417778034276
A0A8S5UDW9,1.522452712059021,3.642811536788941,0.5618506913750334,0.4482762217521667,0.547836939233785,1.4699552,3.6195583,0.5842452,0.46344507,0.5146331,IDP-ESM2-8M,67,300,0.0524975061416626,0.023253202438354936,0.022394513550503703,0.015168845653533991,0.033203820127492234
A0A8S5UG11,3.551250696182251,8.637042999267578,0.6664740581686461,0.5874826908111572,0.5787946911582735,3.476036,8.408208,0.62038505,0.5725887,0.7735275,IDP-ESM2-8M,67,300,0.07521462440490723,0.2288351058959961,0.04608900739502553,0.01489400863647461,0.1947328118553373
A0A8S5UGG4,2.0329296588897705,5.041426181793213,0.6574535224102054,0.5424679517745972,0.5160772290311407,1.9537644,4.9544806,0.6593554,0.54043746,0.5098476,IDP-ESM2-8M,67,300,0.07916522026062012,0.0869455337524414,0.0019018795825924695,0.002030491828918457,0.006229647644574565
A0A8S5UXR4,1.4902340173721311,3.5173609256744385,0.5479879408922085,0.4339300394058227,0.5659117865704142,1.4764898,3.582434,0.55588394,0.43939114,0.5628365,IDP-ESM2-8M,67,300,0.013744235038757102,0.06507301330566406,0.007896003142367936,0.005461096763610895,0.0030752587460123326
A0A8S5UYA7,1.5546787977218628,3.6187729835510254,0.5588825855810706,0.4516715705394745,0.5538835750972289,1.5294828,3.6978586,0.5631653,0.4467688,0.5412792,IDP-ESM2-8M,67,300,0.025195956230163574,0.0790855884552002,0.004282721463912287,0.004902780055999756,0.012604378358032076
A0A8S5V197,2.031447410583496,5.217623710632324,0.6655993583111371,0.5359399914741516,0.4854073841716761,1.6019373,3.8525996,0.5952607,0.49156305,0.5637674,IDP-ESM2-8M,67,300,0.42951011657714844,1.3650240898132324,0.07033867858930487,0.04437693953514099,0.07835998939018302
A0A8S5V2I6,1.510156273841858,3.716807365417481,0.584592455295976,0.4609362483024597,0.521300645449666,1.6431351,4.010479,0.57972383,0.45731413,0.53328794,IDP-ESM2-8M,67,300,0.13297879695892334,0.29367160797119096,0.004868620304520954,0.003622114658355713,0.011987296959849347
A0A8S5VTX0,1.8732147216796875,4.677481651306152,0.6281524063404602,0.5191910862922668,0.5238727038835459,1.6532247,4.0827475,0.61882466,0.5041153,0.53157467,IDP-ESM2-8M,67,300,0.21999001502990723,0.5947341918945312,0.009327745562414558,0.01507580280303955,0.0077019626165456545
A0A976N2M2,1.766093134880066,4.478177547454834,0.6559645424843146,0.5387181639671326,0.5171916036625824,1.6928401,4.3351316,0.6668671,0.53905123,0.48481172,IDP-ESM2-8M,67,300,0.07325303554534912,0.14304590225219727,0.010902534866301883,0.0003330707550048828,0.032379880430313146
A0A976N2T1,1.7693208456039429,4.482289791107178,0.6613569635400225,0.5352510809898376,0.4996799372620866,1.6365621,3.9732978,0.6058668,0.49252447,0.5477394,IDP-ESM2-8M,67,300,0.1327587366104126,0.5089919567108154,0.05549017372221243,0.042726606130599976,0.04805944929644612
A0A977TP41,2.6149938106536865,6.4530439376831055,0.6300407803268576,0.5063483715057373,0.5244750634780444,2.7296126,6.8889146,0.6648302,0.5181725,0.46083224,IDP-ESM2-8M,67,300,0.11461877822875977,0.4358706474304199,0.03478942749784941,0.01182413101196289,0.06364282528071774
A0A9C7EYP6,2.1634764671325684,4.398148536682129,0.43452964774885,0.415037602186203,0.7636417569324926,1.9850925,4.2359886,0.41317663,0.36670706,0.8172386,IDP-ESM2-8M,67,300,0.1783839464187622,0.16215991973876953,0.021353021781824244,0.04833054542541504,0.05359687193179574
A0A9E7E114,2.758843183517456,6.27767276763916,0.5078812672146445,0.3903974890708923,0.6122610001990875,2.8880172,6.786129,0.5161853,0.3990284,0.5861074,IDP-ESM2-8M,67,300,0.12917399406433105,0.5084562301635742,0.008304016446244122,0.008630901575088556,0.026153626961477605
A0A9E7MTP4,1.7609477043151855,4.5287041664123535,0.6246716396277747,0.4864590764045715,0.4975808886266212,1.7505083,4.4379134,0.6384308,0.5070914,0.46159777,IDP-ESM2-8M,67,300,0.010439395904541016,0.0907907485961914,0.013759134584108823,0.020632326602935847,0.03598311817412181
A0A9E7NGQ3,1.9558959007263184,4.658963680267334,0.5884321258793854,0.4884995222091675,0.5646497699971147,1.7372353,4.2539654,0.59625506,0.4808045,0.5464866,IDP-ESM2-8M,67,300,0.21866059303283691,0.4049983024597168,0.007822938131234691,0.007695019245147705,0.018163153862471138
A0A9E7PRV1,4.966005802154541,12.42465114593506,0.6418338821652064,0.5040801763534546,0.5678339052213087,4.314183,10.323273,0.5825478,0.47467282,0.67045623,IDP-ESM2-8M,67,300,0.651822566986084,2.1013784408569354,0.05928609831358289,0.029407352209091187,0.10262232541910266
A0A9E7QSB8,3.6192102432250977,9.088105201721191,0.6334381090247585,0.4985016882419586,0.5192696335634734,3.6179876,8.820652,0.61427164,0.47868854,0.5373001,IDP-ESM2-8M,67,300,0.0012226104736328125,0.2674531936645508,0.01916646824717061,0.01981315016746521,0.018030476299807807
A0A9E7YC22,2.480623245239258,6.347571849822998,0.6530363285570744,0.5231115818023682,0.5018608900518298,2.6898885,6.7144985,0.65234804,0.51453364,0.47031504,IDP-ESM2-8M,67,300,0.20926523208618164,0.3669266700744629,0.0006882870226505577,0.008577942848205566,0.031545850893962335
A0A9E8JWV9,2.199270725250244,5.369321346282959,0.6401051762144631,0.5568205118179321,0.5379537676776394,2.1464243,5.378637,0.6524862,0.5266451,0.50198627,IDP-ESM2-8M,67,300,0.052846431732177734,0.00931549072265625,0.012381028886550127,0.030175387859344482,0.03596750249514424
A0AA49BTX9,1.6938868761062622,3.967814683914185,0.5396092461553355,0.4442476630210876,0.5860095774666206,1.6981151,4.0143194,0.51445836,0.4121528,0.6177983,IDP-ESM2-8M,67,300,0.00422823429107666,0.04650473594665483,0.025150887867524174,0.03209486603736872,0.03178875093303757
A0AA95EHV2,7.389461994171143,16.62679672241211,0.6092056709731453,0.5062684416770935,0.7160338931706022,6.815507,16.099218,0.64602816,0.5593433,0.7275233,IDP-ESM2-8M,67,300,0.5739550590515137,0.5275783538818359,0.0368224900757439,0.05307483673095703,0.011489433703177121
A0AAE6H393,2.333474636077881,5.817395210266113,0.6201658146552452,0.4754006862640381,0.524248644432065,2.6558294,6.5463133,0.64407885,0.5084266,0.4769149,IDP-ESM2-8M,67,300,0.322354793548584,0.7289180755615234,0.023913036090909556,0.033025920391082764,0.047333731969830484
A0AAE6M5R2,3.574749708175659,8.956814765930176,0.6455717941389474,0.4998641610145569,0.4947678444319588,3.557365,8.582124,0.58760536,0.4544798,0.539113,IDP-ESM2-8M,67,300,0.017384767532348633,0.3746910095214844,0.057966436968842405,0.045384347438812256,0.04434514070216594
A0AAE6R6D0,2.9101979732513428,7.273341178894043,0.6414959248789484,0.5046051144599915,0.5203278840209861,3.1804774,7.820652,0.63740516,0.507789,0.53100026,IDP-ESM2-8M,67,300,0.2702794075012207,0.5473108291625977,0.004090767789714955,0.003183901309967041,0.010672372517405049
A0AAE7RVV2,1.549201250076294,4.005000114440918,0.6256452239470244,0.4759993851184845,0.4700835859508455,1.6781979,4.224943,0.6147183,0.48552173,0.48780173,IDP-ESM2-8M,67,300,0.1289966106414795,0.21994304656982422,0.010926905961489708,0.009522348642349243,0.0177181446819365
A0AAE7RZ51,1.6562680006027222,4.231266975402832,0.6354013096335884,0.4900241792201996,0.4911306926129151,1.8898009,4.769332,0.64525384,0.5159552,0.4854732,IDP-ESM2-8M,67,300,0.23353290557861328,0.5380649566650391,0.009852527475023631,0.02593103051185608,0.005657506835250903
A0AAE7V272,1.856889009475708,4.393067359924316,0.5919928782416691,0.4723882675170898,0.5479286245091379,1.9497072,4.803892,0.60372925,0.48388448,0.5226501,IDP-ESM2-8M,67,300,0.09281814098358154,0.4108247756958008,0.01173636980520587,0.011496216058731135,0.02527850186662084
A0AAE8XJ71,2.8510282039642334,7.300390243530273,0.6162801183603962,0.4611479043960571,0.5038196040525096,2.8070688,6.759976,0.58547276,0.46406487,0.5678934,IDP-ESM2-8M,67,300,0.04395937919616699,0.5404143333435059,0.03080735577570992,0.0029169619083405096,0.06407378183463641
A0AAE8XN63,1.6662607192993164,3.891711711883545,0.6036235148094504,0.5072287917137146,0.5367994014282378,1.6518987,3.858776,0.5345219,0.4473916,0.63674736,IDP-ESM2-8M,67,300,0.014361977577209473,0.03293561935424805,0.0691016370437949,0.05983719229698181,0.0999479588012544
A0AAE8Y2B1,2.837514638900757,7.076480865478516,0.6586776023777682,0.5181479454040527,0.5031115300338673,3.0791538,7.530418,0.6267575,0.49514997,0.5253211,IDP-ESM2-8M,67,300,0.2416391372680664,0.4539370536804199,0.03192009982192101,0.02299797534942627,0.022209595950324568
A0AAE8Y3C7,3.154787540435791,8.104768753051758,0.6654128110270621,0.5310226678848267,0.4909075559145717,3.4214847,8.341743,0.6205794,0.48710293,0.58102894,IDP-ESM2-8M,67,300,0.2666971683502197,0.23697471618652344,0.04483338950682891,0.04391974210739136,0.09012138237888534
A0AAE8YWI4,1.5819929838180542,3.747267484664917,0.5531332128824938,0.4341438710689544,0.5837225731325899,1.7079399,4.1339197,0.5766155,0.46242994,0.55449164,IDP-ESM2-8M,67,300,0.12594687938690186,0.38665223121643066,0.02348229948856939,0.028286069631576594,0.02923093399532184
A0AAE9BPG4,2.125000238418579,5.5421881675720215,0.6579102197988657,0.5116456747055054,0.486661197458311,2.0444465,5.020113,0.615947,0.5023723,0.56121695,IDP-ESM2-8M,67,300,0.08055377006530762,0.5220751762390137,0.04196321166593109,0.009273350238800049,0.07455575295825395
A0AAE9BPT7,1.926737189292908,4.9898786544799805,0.6475651916117122,0.5107080936431885,0.4766959236185396,1.8161623,4.4644275,0.61153144,0.498791,0.53183496,IDP-ESM2-8M,67,300,0.11057484149932884,0.5254511833190918,0.03603375516838336,0.011917084455490112,0.05513903636528611
A0EXV0,3.0526318550109863,6.968640327453613,0.5124408427947693,0.4097919464111328,0.6417058154013048,3.137642,7.3618984,0.51612663,0.4106835,0.63677245,IDP-ESM2-8M,67,300,0.08501005172729492,0.39325809478759766,0.003685789895660374,0.000891566276550293,0.004933361616362153
A0EYY2,2.9634368419647217,7.393753528594971,0.6403427988641521,0.5140306949615479,0.5168964690513576,3.0130737,7.4879055,0.6489848,0.5125013,0.47981146,IDP-ESM2-8M,67,300,0.0496368408203125,0.09415197372436523,0.008641990984175507,0.001529395580291748,0.037085009271618175
A1YJ55,3.105922222137451,8.049184799194336,0.6645218913036223,0.5154600739479065,0.4898996432356873,2.9111218,7.13113,0.6235032,0.48973098,0.49872527,IDP-ESM2-8M,67,300,0.19480037689208984,0.9180545806884766,0.04101868314322188,0.025729089975357056,0.00882562202882381
A1YMK7,1.6322555541992188,3.962067842483521,0.5558065917499018,0.4447048902511596,0.5564170015566794,1.5274514,3.6108391,0.5395706,0.4373535,0.5829242,IDP-ESM2-8M,67,300,0.1048041582107544,0.35122871398925826,0.016235962153191563,0.007351398468017523,0.026507185626700736
A4FTA6,2.300997972488404,5.250673294067383,0.4709104426399003,0.3683986365795135,0.6786400614583441,2.4295044,5.710196,0.5433563,0.43169472,0.5599557,IDP-ESM2-8M,67,300,0.1285064220428458,0.45952272415161133,0.0724458567604293,0.06329607963562017,0.11868434532522643
A4L236,3.512526750564575,8.685931205749512,0.6489417209831724,0.5153290033340454,0.525883161702602,2.8065112,7.0866375,0.6617198,0.5294998,0.4910245,IDP-ESM2-8M,67,300,0.7060155868530273,1.5992937088012695,0.01277807805857567,0.014170825481414795,0.034858667531459386
A4ZRA0,1.961164832115173,4.972619533538818,0.6370369610300247,0.5094291567802429,0.4846316635777311,1.9751545,4.8414664,0.6117559,0.4923154,0.5151783,IDP-ESM2-8M,67,300,0.013989686965942827,0.13115310668945312,0.02528105349447174,0.01711374521255493,0.030546659214322147
A4ZRD1,3.3021955490112305,8.340985298156738,0.6211730096453577,0.4740319550037384,0.5228329081163163,3.3376768,8.10822,0.59575146,0.4569865,0.5480862,IDP-ESM2-8M,67,300,0.03548121452331543,0.23276519775390625,0.025421545278444868,0.01704546809196472,0.025253317870164382
A7IUH2,2.902392625808716,6.603114128112793,0.4621117395038129,0.3592240512371063,0.7172371801499122,3.011618,7.0003896,0.5011101,0.40281156,0.6590859,IDP-ESM2-8M,67,300,0.10922527313232422,0.397275447845459,0.03899833740048397,0.04358750581741333,0.05815125075614391
A7IXA4,2.5567126274108887,6.104261875152588,0.5309474962061775,0.4119118452072143,0.5874894098284453,2.535732,5.7979393,0.49402136,0.40617824,0.6897864,IDP-ESM2-8M,67,300,0.0209805965423584,0.3063225746154785,0.036926140100373095,0.00573360919952387,0.10229696474049388
A7J7F5,2.824288845062256,6.827632427215576,0.4974727317072045,0.3683202266693115,0.6495588664229062,2.846825,6.6351504,0.5093519,0.40920296,0.6400845,IDP-ESM2-8M,67,300,0.022536039352416992,0.19248199462890625,0.011879177453409495,0.04088273644447327,0.00947436134172941
A7K957,3.3927342891693115,8.343732833862305,0.4751382526499413,0.3536808788776397,0.7118865113369892,3.3506968,7.816397,0.5216968,0.41476658,0.6602064,IDP-ESM2-8M,67,300,0.0420374870300293,0.5273356437683105,0.046558553304038186,0.06108570098876959,0.05168013383073311
A8UP82,2.7880609035491943,6.18055534362793,0.4866892629859178,0.3820127546787262,0.6483202007796789,2.9199455,6.843057,0.52111375,0.40763867,0.5919381,IDP-ESM2-8M,67,300,0.13188457489013672,0.6625018119812012,0.03442449033286882,0.025625914335250854,0.05638212237620599
A8UP87,2.8791894912719727,6.555157661437988,0.5087335995650378,0.4152946472167969,0.6145595461719411,2.894861,6.778529,0.5195396,0.40588447,0.59657896,IDP-ESM2-8M,67,300,0.015671491622924805,0.2233715057373047,0.010805995085230724,0.009410172700881958,0.017980590521611495
A8UP89,2.7823946475982666,6.33688497543335,0.4767561737039131,0.3806919157505035,0.6710812802020647,2.918938,6.8389063,0.5199691,0.40643486,0.5939935,IDP-ESM2-8M,67,300,0.13654327392578125,0.502021312713623,0.04321293201660692,0.02574294805526739,0.07708779522815723
A8UP92,2.8439643383026123,6.611290454864502,0.5109819664557396,0.4071932137012481,0.6017136898176391,2.8836071,6.74365,0.51735055,0.4044799,0.59847593,IDP-ESM2-8M,67,300,0.0396428108215332,0.13235950469970703,0.006368588010507992,0.0027133226394652765,0.0032377567426878917
A8UPA2,2.8818564414978027,6.877598762512207,0.5289680515688779,0.4112477898597717,0.5699772489774917,2.933644,6.881479,0.5223451,0.40805778,0.5909846,IDP-ESM2-8M,67,300,0.051787614822387695,0.003880023956298828,0.006622925893676523,0.003190010786056463,0.021007333923509286
A9YTD9,1.5474203824996948,3.7821741104125977,0.5985443670994925,0.4886049032211303,0.5257050359532555,1.2869055,3.08413,0.57314557,0.47157457,0.5394493,IDP-ESM2-8M,67,300,0.26051485538482666,0.6980440616607666,0.025398798728673455,0.017030328512191717,0.013744238586692048
N0DQS9,1.863079190254212,4.8827290534973145,0.6366951712334451,0.5004458427429199,0.4670770160198744,1.9688417,4.72764,0.55270535,0.4347433,0.5969148,IDP-ESM2-8M,67,300,0.10576248168945246,0.1550889015197754,0.08398982369545072,0.06570255756378174,0.12983781180376452
O11373,1.944133877754212,4.518608093261719,0.5354211656329564,0.42648446559906,0.5724514250909585,1.9238769,4.4935746,0.5279404,0.42419338,0.59610736,IDP-ESM2-8M,67,300,0.020256996154785822,0.02503347396850586,0.007480773138754726,0.0022910833358764093,0.023655938609908223
O11385,3.266636848449707,7.458346366882324,0.5021623543305814,0.3918391466140747,0.657059993704315,3.167138,7.328576,0.49410972,0.39026916,0.6637315,IDP-ESM2-8M,67,300,0.09949874877929688,0.12977027893066406,0.008052634338897469,0.001569986343383789,0.006671521703247252
O11680,3.1757476329803467,7.416848659515381,0.507944017287079,0.397723376750946,0.6409898816600824,3.0098095,7.001202,0.5027215,0.39522883,0.6437776,IDP-ESM2-8M,67,300,0.165938138961792,0.4156465530395508,0.005222528811279492,0.0024945437908172052,0.002787727211377544
O11889,2.3806490898132324,5.428405284881592,0.5265906331189587,0.4248062968254089,0.6006283870853055,2.2558079,5.3373103,0.5380203,0.423672,0.57353204,IDP-ESM2-8M,67,300,0.12484121322631836,0.091094970703125,0.011429679667143589,0.0011343061923980158,0.0270963421977628
O12700,1.823898911476136,4.426863670349121,0.5698430723478574,0.4526139497756958,0.5550898915845482,2.0509026,4.963697,0.579072,0.46209416,0.53406656,IDP-ESM2-8M,67,300,0.22700369358062678,0.5368332862854004,0.009228926248334046,0.009480208158493042,0.021023333700331936
O22002,2.417184829711914,5.482365608215332,0.4860767645061633,0.3914803564548492,0.676551809308402,2.451037,5.8357344,0.52755845,0.4116455,0.5976056,IDP-ESM2-8M,67,300,0.03385210037231445,0.35336875915527344,0.041481681424317685,0.020165145397186335,0.07894622325646106
O36059,2.7735705375671387,6.698060512542725,0.5280589074265221,0.3987464010715484,0.5819346862454684,2.8055706,6.5519876,0.500903,0.38786224,0.63091546,IDP-ESM2-8M,67,300,0.032000064849853516,0.1460728645324707,0.027155897058174894,0.010884165763854925,0.04898077672526524
O36067,2.814831495285034,6.661972522735596,0.524168505088223,0.4056725203990936,0.5992133744066388,2.73907,6.386037,0.5002936,0.38636482,0.6347073,IDP-ESM2-8M,67,300,0.07576155662536621,0.27593564987182617,0.023874892608059417,0.019307702779769842,0.035493897646126094
O36078,2.7277092933654785,6.301159858703613,0.499504269650409,0.3756804764270782,0.6366496713979035,2.690693,6.281621,0.50477535,0.39159295,0.6251941,IDP-ESM2-8M,67,300,0.03701639175415039,0.01953887939453125,0.0052710756750609655,0.015912473201751764,0.011455598674514844
O36100,2.7501533031463623,6.3578200340271,0.513322736780316,0.3992183804512024,0.6088547396544941,2.7400677,6.366483,0.49816322,0.38829684,0.63850594,IDP-ESM2-8M,67,300,0.010085582733154297,0.008663177490234375,0.015159513513714473,0.01092153787612915,0.02965119601445121
O36115,2.820329666137696,6.625477313995361,0.5316046108215325,0.4130119681358337,0.5840061062046918,2.7658544,6.4523716,0.5038317,0.392422,0.6339154,IDP-ESM2-8M,67,300,0.0544753074646005,0.17310571670532227,0.027772926232146555,0.02058997750282282,0.049909318142231984
O36117,2.7356581687927246,6.267320156097412,0.4986975604961549,0.378527283668518,0.6397833087675229,2.8596632,6.610689,0.48707992,0.37969545,0.66528624,IDP-ESM2-8M,67,300,0.12400507926940918,0.3433690071105957,0.011617642111602877,0.0011681616306305487,0.02550293419436067
O36118,2.7345170974731445,6.298141002655029,0.5208471473083802,0.3901232481002807,0.5895781435839549,2.767091,6.452506,0.50378174,0.39239413,0.6326755,IDP-ESM2-8M,67,300,0.03257393836975098,0.15436506271362305,0.01706541141131601,0.002270877361297663,0.04309738494235127
O36119,2.7539520263671875,6.58119010925293,0.5196283407136549,0.4007786810398102,0.5955294528589183,2.879708,6.7087307,0.49672642,0.38345167,0.63772774,IDP-ESM2-8M,67,300,0.12575602531433105,0.12754058837890625,0.02290191721168655,0.01732701063156128,0.04219828456783947
O36121,2.7719454765319824,6.464303970336914,0.5173621361870264,0.4041217863559723,0.6047633896690481,2.858861,6.675281,0.50159293,0.3905336,0.6365332,IDP-ESM2-8M,67,300,0.08691549301147461,0.21097707748413086,0.015769202055404108,0.013588190078735352,0.03176981107176613
O36157,2.838228702545166,6.876666069030762,0.5386433486732403,0.4153994619846344,0.5727770412119959,2.8303714,6.610853,0.49982518,0.38731807,0.6391586,IDP-ESM2-8M,67,300,0.007857322692871094,0.26581287384033203,0.038818169096366484,0.028081387281417847,0.06638156531723993
O38492,2.245894193649292,5.439863204956055,0.514897226909045,0.3879936337471008,0.6121959036915785,2.1698174,5.0850782,0.522409,0.41702285,0.6117809,IDP-ESM2-8M,67,300,0.07607674598693848,0.3547849655151367,0.007511794945355588,0.029029220342636164,0.0004150218098646352
O39165,1.8647940158844,4.763008117675781,0.625028993795014,0.473918616771698,0.5005400266178837,1.6951444,4.198216,0.61131513,0.49887568,0.53803194,IDP-ESM2-8M,67,300,0.16964960098266668,0.5647921562194824,0.013713862607575011,0.02495706081390381,0.037491909073949836
O39372,2.330099105834961,5.749380111694336,0.5511243594081404,0.426207035779953,0.5623560101882008,2.4044938,5.7217603,0.5365892,0.4238419,0.5995763,IDP-ESM2-8M,67,300,0.07439470291137695,0.02761983871459961,0.014535154143095252,0.0023651421070098877,0.03722028423394885
O39937,2.7031285762786865,6.239962577819824,0.4981081196078325,0.388294905424118,0.6336251995129992,2.7899725,6.525116,0.50555134,0.39172623,0.62557846,IDP-ESM2-8M,67,300,0.08684396743774414,0.2851533889770508,0.007443218587968259,0.003431320190429743,0.00804673643545406
O39943,2.753171443939209,6.407489776611328,0.5244550754535166,0.3966303169727325,0.5858442945455061,2.8300893,6.600203,0.5011588,0.38947493,0.633867,IDP-ESM2-8M,67,300,0.07691788673400879,0.19271326065063477,0.02329630155443818,0.0071553885936736505,0.04802273082986008
O41014,3.510153293609619,8.342101097106934,0.5816358467762689,0.462553322315216,0.5689482320702974,3.3384275,7.874572,0.54437834,0.43766978,0.6342794,IDP-ESM2-8M,67,300,0.17172574996948242,0.467529296875,0.03725750653197568,0.02488353848457331,0.06533113823762493
O41972,7.472951889038086,17.415916442871094,0.5047830537970771,0.3943742513656616,0.6393697866891154,4.7525616,10.89798,0.44692716,0.3458575,0.74116975,IDP-ESM2-8M,67,300,2.7203903198242188,6.517936706542969,0.057855893772434164,0.04851675033569336,0.10179996400134483
O41981,2.781178474426269,6.674360275268555,0.5212134204166595,0.4095565676689148,0.5863933139164208,3.141145,7.4215727,0.52132463,0.40213215,0.60408807,IDP-ESM2-8M,67,300,0.3599665164947514,0.7472124099731445,0.00011121413534243008,0.007424414157867432,0.017694754092002052
O55723,2.562114953994751,6.097701549530029,0.6304047239800153,0.5124930143356323,0.531147023259234,2.5452707,6.355793,0.6457708,0.51390284,0.51780164,IDP-ESM2-8M,67,300,0.01684427261352539,0.25809144973754883,0.015366064212733677,0.0014098286628723145,0.013345380841326304
O55724,2.7818024158477783,6.901993274688721,0.6564604096718012,0.5184575319290161,0.5323572342436851,2.953789,7.4087887,0.6726067,0.53634155,0.56609017,IDP-ESM2-8M,67,300,0.17198657989501953,0.5067954063415527,0.016146296947461503,0.017884016036987305,0.03373293232507102
O70793,2.3257431983947754,5.201538562774658,0.4382161255391646,0.3491737842559814,0.7577179607937887,2.2958217,5.108278,0.46909505,0.3960638,0.70966357,IDP-ESM2-8M,67,300,0.029921531677246094,0.0932607650756836,0.030878925749440123,0.046890020370483454,0.04805439086657315
O70797,2.492236852645874,6.122519016265869,0.5490946906735307,0.4115746617317199,0.5537099411007063,2.5306132,6.027021,0.5512611,0.4387102,0.54460067,IDP-ESM2-8M,67,300,0.0383763313293457,0.09549808502197266,0.002166436321555998,0.027135550975799616,0.00910927553140084
O73497,2.777997732162476,6.681883335113525,0.5231642024665313,0.4156041741371155,0.5981640458901287,2.7122273,6.386735,0.5275779,0.41483417,0.5989783,IDP-ESM2-8M,67,300,0.06577038764953658,0.2951483726501465,0.004413674578146454,0.0007700026035308838,0.000814235130989438
O90676,2.1304547786712646,5.061017036437988,0.5539623347638768,0.4249782860279083,0.5523982670351338,2.087652,5.101166,0.59112406,0.4603181,0.49175546,IDP-ESM2-8M,67,300,0.04280281066894531,0.04014873504638672,0.037161723005898595,0.035339802503585815,0.06064281130278826
O90681,2.355318784713745,5.709664821624756,0.5677938072014526,0.4443623423576355,0.5337563887257853,2.3794787,5.8378115,0.5972019,0.45961547,0.47705913,IDP-ESM2-8M,67,300,0.024159908294677734,0.12814664840698242,0.029408076591424637,0.015253126621246338,0.05669726282551679
O90688,2.3925530910491943,5.792083740234375,0.5756631979256415,0.4449427723884582,0.5281201283055014,2.3646944,5.7267075,0.5908692,0.46147442,0.50043625,IDP-ESM2-8M,67,300,0.027858734130859375,0.06537628173828125,0.015205990383074353,0.016531646251678522,0.027683881910390284
O90711,2.1827845573425293,5.152297496795654,0.5525010295424002,0.4352687895298004,0.5577267613187121,2.19532,5.2196097,0.5377947,0.4227843,0.57862824,IDP-ESM2-8M,67,300,0.012535333633422852,0.06731224060058594,0.014706320336772771,0.012484490871429443,0.020901480697126495
O92312,1.9578415155410769,4.5500102043151855,0.5343042413219324,0.4190108478069305,0.5793317445777121,1.945405,4.6736183,0.54768467,0.4273993,0.5540442,IDP-ESM2-8M,67,300,0.012436509132385476,0.12360811233520508,0.013380428172696468,0.008388459682464655,0.025287557508772873
O92587,1.7730185985565186,4.345007419586182,0.5675238971124056,0.4366401731967926,0.5354655610328695,1.7633438,4.188134,0.547446,0.4353194,0.5601877,IDP-ESM2-8M,67,300,0.009674787521362305,0.15687322616577148,0.020077884615457342,0.0013207793235778809,0.024722136377714032
O92588,1.9848098754882808,4.955544948577881,0.5633856569101927,0.4368277788162231,0.5428512939278795,1.9917305,4.7280803,0.54981035,0.43969527,0.56458896,IDP-ESM2-8M,67,300,0.006920576095581499,0.2274646759033203,0.01357530696893905,0.0028674900531769354,0.021737670057563663
P03181,8.066015243530273,18.72484588623047,0.5359950295234291,0.4279759526252746,0.6007624328021126,4.3958282,10.267544,0.51114845,0.4029717,0.6378754,IDP-ESM2-8M,67,300,3.670186996459961,8.45730209350586,0.024846576764640083,0.025004237890243475,0.037112945329753844
P03290,3.117823600769043,7.1702728271484375,0.5399499514531895,0.4336144626140594,0.5858744023829725,2.8411503,6.8358006,0.55835855,0.43823227,0.5614811,IDP-ESM2-8M,67,300,0.2766733169555664,0.3344721794128418,0.01840859861852684,0.004617810249328669,0.02439328418076303
P03779,1.9005331993103027,4.5767011642456055,0.5843976818067471,0.4573774635791778,0.5476268099486559,1.8348355,4.519448,0.5912825,0.4720048,0.5279606,IDP-ESM2-8M,67,300,0.06569766998291016,0.057253360748291016,0.006884805108841263,0.014627337455749567,0.01966621147987535
P04487,3.899877548217773,9.250323295593262,0.5478061500594607,0.4310582876205444,0.589881530826203,3.6618228,8.635226,0.5249211,0.41293684,0.63308793,IDP-ESM2-8M,67,300,0.23805475234985307,0.6150970458984375,0.022885030846356402,0.018121451139450018,0.0432064022373041
P06923,2.3614659309387207,5.460352897644043,0.4638609464034513,0.3696601986885071,0.691896738228129,2.2357862,4.9835806,0.45448726,0.37339082,0.7252998,IDP-ESM2-8M,67,300,0.12567973136901855,0.4767723083496094,0.009373682247109771,0.0037306249141693115,0.03340303737230432
P08804,1.832030653953552,4.16342306137085,0.5082700099908453,0.4423984587192535,0.6312874272200374,1.8448462,4.2836514,0.5304058,0.43800348,0.61607754,IDP-ESM2-8M,67,300,0.01281559467315696,0.12022829055786133,0.02213580942520088,0.00439497828483576,0.015209884915044714
P08807,1.8323180675506592,4.580223560333252,0.6368053534371808,0.5078878998756409,0.4919676844503199,1.7919257,4.4432673,0.60558254,0.49438477,0.51065606,IDP-ESM2-8M,67,300,0.040392398834228516,0.13695621490478516,0.03122281817030459,0.01350313425064087,0.018688374337979652
P09702,3.631354331970215,8.235766410827637,0.5218905924268722,0.4137912094593048,0.6232549070095402,3.809577,9.047794,0.5453753,0.4220051,0.57023984,IDP-ESM2-8M,67,300,0.17822265625,0.8120279312133789,0.023484695105934206,0.00821387767791748,0.05301506507152143
P0C724,3.243764162063598,6.856756687164307,0.2936381029511792,0.2751155197620392,1.263130421897429,3.5416431,7.5601654,0.37103012,0.33295432,0.9521198,IDP-ESM2-8M,67,300,0.2978789806365971,0.7034087181091309,0.07739201909052307,0.0578387975692749,0.31101059462692127
P0DJX3,2.4714956283569336,5.8823018074035645,0.5192835466380822,0.4178682565689087,0.6130110517197807,2.492228,5.9704146,0.54737365,0.4261297,0.5724403,IDP-ESM2-8M,67,300,0.020732402801513672,0.08811283111572266,0.028090105820108735,0.008261442184448242,0.04057072550594398
P0DTC0,3.991328716278076,9.133625984191896,0.4939235934440609,0.3749895393848419,0.6883044881576857,3.9306564,9.244245,0.5181246,0.3975676,0.6371452,IDP-ESM2-8M,67,300,0.06067228317260742,0.11061859130859197,0.024200986939239888,0.022578060626983643,0.051159266924317826
P10428,1.696799635887146,4.203588485717773,0.5962982786648933,0.466043472290039,0.5091290281282295,1.7033935,4.147314,0.57020754,0.45173225,0.55358297,IDP-ESM2-8M,67,300,0.006593823432922363,0.0562744140625,0.02609074244434273,0.014311224222183172,0.04445393819943777
P12507,1.83472228050232,4.697856903076172,0.5865794162486231,0.4473216533660888,0.509723457073666,1.8595653,4.5286803,0.5647888,0.44370306,0.5391164,IDP-ESM2-8M,67,300,0.024842977523803045,0.16917657852172852,0.021790597889248087,0.0036185979843139093,0.029392925525211
P12508,2.018860101699829,4.934108734130859,0.5721953747401981,0.444160908460617,0.5370198789668761,2.0044403,4.8302855,0.54930407,0.43205193,0.56846845,IDP-ESM2-8M,67,300,0.014419794082641602,0.10382318496704102,0.02289130665166661,0.012108981609344427,0.03144857253306288
P12512,1.4524078369140625,3.424283742904663,0.5344436434330003,0.4255956709384918,0.582868318442797,1.4193804,3.410328,0.5638351,0.45703396,0.54263407,IDP-ESM2-8M,67,300,0.03302741050720215,0.013955831527709961,0.02939144100532365,0.03143829107284546,0.04023424852321078
P17356,2.03291654586792,4.90535831451416,0.5365293895674675,0.4208152890205383,0.551420169685328,1.757863,4.193103,0.5451992,0.42095986,0.53202903,IDP-ESM2-8M,67,300,0.2750535011291504,0.7122554779052734,0.008669825844672352,0.00014457106590276547,0.019391136978113677
P19127,3.4146478176116943,7.717642307281494,0.5184327964943359,0.4257499277591705,0.6228974046531742,3.4570353,8.075862,0.5072056,0.39593965,0.63400334,IDP-ESM2-8M,67,300,0.04238748550415039,0.35821962356567383,0.011227190987438962,0.02981027960777277,0.011105936544793304
P20833,1.8740572929382324,4.537775039672852,0.5382312570957417,0.4114197790622711,0.5861915178566061,1.9132161,4.5644093,0.5435802,0.4358589,0.5936917,IDP-ESM2-8M,67,300,0.03915882110595703,0.02663421630859375,0.005348917350364246,0.024439126253128052,0.007500188800803609
P24649,2.763343811035156,6.808297634124756,0.6476105470687884,0.5086513757705688,0.4982254147395789,2.7171905,6.4663982,0.5753353,0.46571255,0.5911952,IDP-ESM2-8M,67,300,0.046153306961059126,0.34189939498901367,0.07227522325821101,0.042938828468322754,0.09296981097605833
P41726,2.395081758499145,5.604934215545654,0.5819376616848826,0.4767667651176452,0.5722120530768086,2.523378,6.2304316,0.62205756,0.48946252,0.4962452,IDP-ESM2-8M,67,300,0.12829613685607955,0.6254973411560059,0.040119895421135476,0.012695759534835871,0.07596684767443429
P57017,2.1911075115203857,5.352939605712891,0.5742729037869309,0.4395771324634552,0.5322367039408399,2.2215433,5.3129554,0.54827654,0.42992103,0.56960714,IDP-ESM2-8M,67,300,0.030435800552368164,0.03998422622680664,0.02599636016968232,0.00965610146522522,0.037370434692888144
P68828,3.0288095474243164,7.377389907836914,0.5760218281026741,0.432559996843338,0.5324376885202741,3.3818333,8.150974,0.5828943,0.453462,0.5425426,IDP-ESM2-8M,67,300,0.3530237674713135,0.7735843658447266,0.006872497153673551,0.020902007818222046,0.010104888269581891
P69592,1.7491496801376345,4.054043769836426,0.5568074360640585,0.4616061449050903,0.5774958115527139,1.7811388,4.2095475,0.5717476,0.47265428,0.57534605,IDP-ESM2-8M,67,300,0.03198909759521462,0.1555037498474121,0.01494016496819861,0.011048138141632136,0.0021497589060769373
P87543,3.925018072128296,8.969017028808594,0.5097652465007759,0.3940963745117187,0.6617594289788131,4.0823708,9.562036,0.5137333,0.4026022,0.65917283,IDP-ESM2-8M,67,300,0.15735268592834473,0.5930185317993164,0.003968080887987502,0.0085058212280274,0.0025865960129622945
P87914,2.5572640895843506,6.0981125831604,0.5081791235240477,0.3810779452323913,0.6168684486415031,2.5887897,6.001926,0.5011738,0.396311,0.63071036,IDP-ESM2-8M,67,300,0.031525611877441406,0.09618663787841797,0.007005329254485937,0.015233069658279474,0.013841914746558381
P89479,3.670733690261841,8.367920875549316,0.5127118454242555,0.4050283133983612,0.6644506396905376,3.4598184,8.136264,0.52096057,0.40936673,0.6342795,IDP-ESM2-8M,67,300,0.21091532707214355,0.2316570281982422,0.008248723957458348,0.00433841347694397,0.030171150173325723
P89827,1.956229567527771,4.124486923217773,0.3998035823706434,0.3350000083446502,0.8274487320201364,1.9964606,4.5053434,0.47777095,0.3967616,0.7049498,IDP-ESM2-8M,67,300,0.04023098945617676,0.3808565139770508,0.07796737199985526,0.06176158785820013,0.12249893582033777
P89833,1.9694201946258545,4.238891124725342,0.425907977433093,0.3606794774532318,0.7656528824961369,2.0033789,4.5437694,0.477641,0.39453384,0.6948397,IDP-ESM2-8M,67,300,0.03395867347717285,0.30487823486328125,0.05173300900947292,0.03385436534881592,0.07081316653849534
P89841,2.2461042404174805,5.278524875640869,0.512688827548474,0.4065978229045868,0.6118499651094857,2.2159858,5.186769,0.5253945,0.4169691,0.5961126,IDP-ESM2-8M,67,300,0.030118465423583984,0.09175586700439453,0.012705671753436398,0.010371267795562744,0.015737356199878816
P89878,1.4115904569625854,3.3530023097991943,0.531729140594201,0.4197589755058288,0.5701956232736154,1.4890528,3.5923996,0.5701682,0.45801073,0.52930385,IDP-ESM2-8M,67,300,0.07746231555938721,0.23939728736877441,0.038439056560797824,0.03825175762176519,0.04089177453017667
Q00DY4,2.068305730819702,4.90264892578125,0.5374753359820694,0.4240191578865051,0.5754692206156506,2.179999,5.043706,0.513309,0.4143431,0.6113475,IDP-ESM2-8M,67,300,0.1116933822631836,0.14105701446533203,0.024166334059462002,0.009676069021224976,0.03587827589390136
Q03873,2.818165063858032,6.783379077911377,0.6104355454205435,0.5020773410797119,0.5433538077987219,2.413199,5.703784,0.57067406,0.47310352,0.5829553,IDP-ESM2-8M,67,300,0.40496611595153764,1.0795950889587402,0.03976148364533594,0.028973817825317383,0.03960149300923099
Q04247,1.457136869430542,3.4997000694274902,0.5718394478070804,0.4688981771469116,0.5295222309298417,1.3729227,3.323968,0.5601239,0.4453395,0.52605546,IDP-ESM2-8M,67,300,0.0842142105102539,0.17573213577270508,0.011715527366406575,0.02355867624282837,0.0034667757220170348
Q04259,1.7272988557815552,4.260148525238037,0.576522783419858,0.4467405974864959,0.5302545345914312,1.7853155,4.250065,0.5426549,0.43143573,0.5597095,IDP-ESM2-8M,67,300,0.05801665782928467,0.010083675384521484,0.03386791147924517,0.015304863452911321,0.0294549547541193
Q04397,5.882261753082275,13.713481903076172,0.5331913049644829,0.4281410872936249,0.594068706659826,4.3158484,10.009293,0.49862912,0.39405376,0.6612531,IDP-ESM2-8M,67,300,1.566413402557373,3.7041893005371094,0.034562181991994456,0.03408733010292053,0.06718438801333071
Q04405,1.9523234367370603,4.672529220581055,0.5403163738231047,0.406975656747818,0.5871945869860088,1.8837276,4.6259937,0.5744821,0.44805855,0.5360518,IDP-ESM2-8M,67,300,0.06859588623046853,0.046535491943359375,0.034165709497512964,0.04108288884162903,0.05114277719825855
Q04420,1.8249744176864624,4.3605499267578125,0.544037195292118,0.4189667403697967,0.5761255062243948,1.8057128,4.4713745,0.5801925,0.44909483,0.5203015,IDP-ESM2-8M,67,300,0.019261598587036133,0.1108245849609375,0.03615531102120595,0.030128091573715265,0.05582398539996247
Q05293,2.0076029300689697,4.855472564697266,0.594751128187273,0.4792330861091614,0.5379388135931628,1.8567355,4.415397,0.57221705,0.46599323,0.56000435,IDP-ESM2-8M,67,300,0.15086746215820312,0.4400753974914551,0.02253408097276499,0.013239860534667969,0.022065539930091638
Q06E77,1.8828893899917605,4.486034393310547,0.6092438982628945,0.497270405292511,0.5286144289829897,1.7881231,4.3360214,0.58390087,0.47284457,0.5706665,IDP-ESM2-8M,67,300,0.09476625919342063,0.15001296997070312,0.025343029370224812,0.02442583441734314,0.04205206300233133
Q06IZ2,1.4941086769104004,3.634204149246216,0.5662898037961137,0.4554747641086578,0.5304199436571151,1.5423123,3.7044785,0.5523208,0.4416729,0.5438555,IDP-ESM2-8M,67,300,0.04820358753204346,0.07027435302734375,0.013969025426210147,0.013801872730255071,0.013435544643208397
Q08IT9,1.5263179540634155,3.6473193168640137,0.5685442171691745,0.4710921049118042,0.5382156781697081,1.4605466,3.443161,0.53704923,0.42804343,0.56281185,IDP-ESM2-8M,67,300,0.06577134132385254,0.20415830612182617,0.03149498325575284,0.0430486798286438,0.024596173331756788
Q08IU0,1.4639863967895508,3.548967838287353,0.5478623310667277,0.4322067201137543,0.5451103752658653,1.3512623,3.187042,0.54917896,0.443688,0.5387783,IDP-ESM2-8M,67,300,0.11272406578063965,0.3619258403778072,0.00131662687242029,0.011481285095214844,0.006332070212154317
Q08IU3,1.4976301193237305,3.697512865066528,0.558749937875405,0.4519940912723541,0.5415430936521184,1.4448073,3.4275682,0.53831536,0.42876014,0.5596512,IDP-ESM2-8M,67,300,0.05282282829284668,0.26994466781616167,0.020434582097664467,0.02323395013809204,0.018108102350841815
Q08IW3,1.4728906154632568,3.515079975128174,0.532983978877133,0.4281191229820251,0.5709070827209186,1.5330862,3.6353319,0.54599303,0.43669704,0.5558759,IDP-ESM2-8M,67,300,0.06019556522369385,0.12025189399719238,0.013009051194125543,0.008577913045883234,0.015031185313386874
Q08IW4,1.4728379249572754,3.674342393875122,0.5742731873215408,0.4467945098876953,0.5110491734538689,1.3609041,3.2323406,0.5467304,0.43774572,0.547569,IDP-ESM2-8M,67,300,0.11193382740020752,0.4420018196105957,0.027542788189765854,0.009048789739608765,0.03651980342525096
Q08IW8,1.4293392896652222,3.345655918121338,0.5268231725701839,0.4219065904617309,0.5622262517559341,1.3947623,3.304097,0.54459953,0.43705663,0.5529253,IDP-ESM2-8M,67,300,0.034577012062072754,0.04155898094177246,0.017776360510870837,0.015150040388107355,0.009300963078718527
Q08IX5,1.4803643226623535,3.581838369369507,0.546255649395083,0.4243307411670685,0.5547337837413038,1.4954671,3.5711126,0.5501345,0.437789,0.54642653,IDP-ESM2-8M,67,300,0.015102744102478027,0.010725736618041992,0.00387883060445926,0.013458251953125,0.008307249088593816
Q08J01,1.484859824180603,3.483654737472534,0.5316018851902391,0.4396308064460754,0.5777572481927258,1.4561785,3.4689221,0.54782236,0.437033,0.5440667,IDP-ESM2-8M,67,300,0.028681278228759766,0.014732599258422852,0.01622047103382096,0.0025978088378905695,0.03369052103131831
Q08J02,1.4594202041625977,3.559741735458374,0.555601331162868,0.4317249953746795,0.5327262756947845,1.4004793,3.3319697,0.5554601,0.44571212,0.535812,IDP-ESM2-8M,67,300,0.058940887451171875,0.22777199745178223,0.00014123575728941518,0.013987123966217097,0.0030857446070343686
Q0GGW6,4.317757606506348,10.042941093444824,0.5437399827744528,0.4353155195713043,0.5851725461120869,3.9449065,9.330134,0.5383353,0.41631675,0.60273623,IDP-ESM2-8M,67,300,0.3728511333465576,0.7128067016601562,0.005404659440712556,0.018998771905899048,0.01756368855283008
Q0GYC4,2.39662766456604,5.936605453491211,0.6199130661572633,0.4917652904987335,0.5260210498861604,2.4261768,5.69911,0.548044,0.4511511,0.63267434,IDP-ESM2-8M,67,300,0.029549121856689453,0.23749542236328125,0.07186904025928353,0.040614187717437744,0.10665328654725026
Q0IL14,4.060888767242432,9.889118194580078,0.6359586303492696,0.5095887184143066,0.5343767346972724,4.1970243,10.059553,0.57586133,0.46074912,0.61757606,IDP-ESM2-8M,67,300,0.13613557815551758,0.17043495178222656,0.06009729554854937,0.04883959889411926,0.08319932798201835
Q0IL90,2.717529535293579,6.495636463165283,0.552241487352825,0.4220766425132751,0.5773679118900595,2.5636468,6.0720363,0.5354797,0.42058942,0.5948576,IDP-ESM2-8M,67,300,0.15388274192810059,0.4236001968383789,0.016761762945628922,0.0014872252941131037,0.01748966161915677
Q0NQ56,2.095634698867798,4.973503589630127,0.5144871210301173,0.3966004848480224,0.5849883638516863,1.9101833,4.5340157,0.53816557,0.4161358,0.54115903,IDP-ESM2-8M,67,300,0.18545138835906982,0.43948793411254883,0.023678448275302633,0.019535303115844782,0.0438293300763567
Q0PEK1,2.5134387016296387,5.973432540893555,0.5288409054758958,0.4114045798778534,0.5983450123701304,2.3150008,5.2402263,0.48434266,0.3900452,0.69150937,IDP-ESM2-8M,67,300,0.19843792915344238,0.7332062721252441,0.044498240995686444,0.021359384059906006,0.09316435366533105
Q0PF77,2.554210901260376,5.989520072937012,0.5292713783922557,0.4190331399440765,0.5918212550782647,2.505291,5.8900337,0.51785105,0.40605697,0.6107989,IDP-ESM2-8M,67,300,0.0489199161529541,0.0994863510131836,0.011420323723829173,0.012976169586181585,0.018977640280774644
Q0PF82,2.543600559234619,6.067605018615723,0.5277340936120358,0.4089628159999847,0.5928627253603552,2.5671182,6.1133156,0.534765,0.41439545,0.58637154,IDP-ESM2-8M,67,300,0.023517608642578125,0.04571056365966797,0.00703091149965851,0.005432635545730646,0.00649118433710083
Q0PF92,2.564135789871216,6.075338363647461,0.5272483234939581,0.4020957052707672,0.5990302137660124,2.5115538,5.8769684,0.51119787,0.4034596,0.62069243,IDP-ESM2-8M,67,300,0.0525820255279541,0.19836997985839844,0.016050458484650254,0.001363903284072876,0.021662218160714897
Q0PFA4,2.527302026748657,6.066447734832764,0.5324502359795574,0.4014569520950317,0.5792873650508423,2.5449417,6.0010934,0.51897734,0.40623525,0.60913175,IDP-ESM2-8M,67,300,0.017639636993408647,0.0653543472290039,0.013472891943455134,0.004778295755386408,0.029844388393829302
Q0PFA9,2.548053026199341,6.089759349822998,0.5217356354369235,0.40343177318573,0.6067163993521459,2.4043176,5.6852617,0.5231877,0.40642118,0.5961671,IDP-ESM2-8M,67,300,0.14373540878295898,0.4044976234436035,0.0014520614968228651,0.0029894113540649414,0.0105493117972143
Q0QZD2,2.115920305252075,5.236330509185791,0.6147515208337541,0.4810442626476288,0.5137725711145771,1.9882438,4.9667172,0.613976,0.48161915,0.5027634,IDP-ESM2-8M,67,300,0.12767648696899414,0.26961326599121094,0.0007755190942521084,0.0005748867988586426,0.011009180573500421
Q0QZH2,1.97347378730774,4.220848560333252,0.4379101410557149,0.3622076511383056,0.7227202195080344,2.0270824,4.5460835,0.46150923,0.3768557,0.70093405,IDP-ESM2-8M,67,300,0.053608655929564764,0.32523488998413086,0.02359908669697064,0.014648050069809015,0.021786167040688253
Q0WY62,1.5734519958496094,3.699449777603149,0.5616939011301505,0.4542564451694488,0.5468519407204798,1.6308856,3.9208913,0.56096417,0.44817525,0.54638964,IDP-ESM2-8M,67,300,0.0574336051940918,0.22144150733947798,0.0007297340120779872,0.006081193685531561,0.00046230134288582914
Q102Z0,1.5521938800811768,3.7672646045684814,0.5683306839564137,0.454489529132843,0.5386687336927696,1.4834496,3.4540431,0.538697,0.43678656,0.5805335,IDP-ESM2-8M,67,300,0.06874430179595947,0.31322145462036133,0.029633679638176424,0.017702966928482056,0.04186477079331441
Q102Z1,1.5287421941757202,3.760807991027832,0.5617197101534397,0.4333644807338714,0.5394352960292781,1.5422564,3.654273,0.55486244,0.44649202,0.5648503,IDP-ESM2-8M,67,300,0.013514161109924316,0.10653495788574219,0.006857270521023917,0.0131275355815888,0.02541497471886034
Q102Z2,1.5304059982299805,3.6638083457946777,0.5457262409551578,0.4475375711917877,0.5637838275868394,1.5063081,3.5948496,0.5578419,0.4512767,0.55201614,IDP-ESM2-8M,67,300,0.024097919464111328,0.06895875930786133,0.012115656055645463,0.0037391185760498047,0.011767688556382883
Q102Z3,1.5217795372009275,3.5960259437561035,0.5311362380626875,0.4249593317508697,0.5837951330207551,1.6336896,3.788307,0.5274299,0.42402813,0.59085536,IDP-ESM2-8M,67,300,0.11191010475158714,0.19228100776672363,0.003706359350987065,0.0009312033653258722,0.007060227010372788
Q102Z5,1.5629987716674805,3.812493801116944,0.5688288821516191,0.4473029971122741,0.5417603012857769,1.7157125,4.160471,0.57148266,0.45838377,0.5372071,IDP-ESM2-8M,67,300,0.15271377563476562,0.34797716140747026,0.0026537762346113825,0.011080771684646662,0.004553174668345261
Q102Z6,1.5134706497192385,3.687466621398926,0.5409316317345253,0.4259161353111267,0.5649072752007116,1.624905,3.7310104,0.52071214,0.4230005,0.6072235,IDP-ESM2-8M,67,300,0.11143434047698952,0.04354381561279297,0.02021949451223526,0.002915620803833008,0.0423162355414759
Q102Z7,1.4971002340316772,3.591231107711792,0.5315731115890832,0.4117577373981476,0.5737148991859026,1.5136522,3.5702126,0.5434549,0.436196,0.5595432,IDP-ESM2-8M,67,300,0.016551971435546875,0.021018505096435547,0.011881773893704928,0.02443826198577881,0.014171706799275374
Q102Z8,1.5363887548446655,3.702436447143554,0.5531376654020148,0.4515857398509979,0.5549734132649897,1.5692663,3.700867,0.5435542,0.43521327,0.567524,IDP-ESM2-8M,67,300,0.032877564430236816,0.0015695095062246978,0.009583478581030924,0.016372472047805786,0.012550602638483177
Q102Z9,1.4892398118972778,3.522364616394043,0.5369381946708335,0.4264915585517883,0.5616108901216171,1.4701222,3.4331462,0.5362212,0.43285272,0.5711048,IDP-ESM2-8M,67,300,0.01911759376525879,0.0892183780670166,0.0007169884826315753,0.0063611567020416815,0.009493934421382133
Q103A0,1.5128517150878906,3.738673210144043,0.5538148223405838,0.4261005520820617,0.5456545045993526,1.4877068,3.4749966,0.5357803,0.43020552,0.5780931,IDP-ESM2-8M,67,300,0.02514493465423584,0.26367664337158203,0.018034511709785428,0.004104971885681208,0.03243860691569256
Q103A1,1.5223093032836914,3.677194595336914,0.5736068756019527,0.449062168598175,0.5209957522215182,1.6383668,3.9190278,0.55753505,0.44682637,0.55001885,IDP-ESM2-8M,67,300,0.11605751514434814,0.24183320999145508,0.01607182330245316,0.0022358000278472345,0.029023094767159807
Q103A2,1.561968207359314,3.847364902496338,0.579294403296715,0.4515482187271118,0.5265892832064687,1.5092518,3.597238,0.547238,0.43754953,0.5597315,IDP-ESM2-8M,67,300,0.05271637439727783,0.25012683868408203,0.03205641101003287,0.013998687267303467,0.03314220025300396
Q103A3,1.4631330966949463,3.518425226211548,0.5476861115150164,0.4307349920272827,0.5556459120048898,1.4255832,3.3333652,0.5420107,0.43621257,0.5770071,IDP-ESM2-8M,67,300,0.03754985332489014,0.1850600242614746,0.005675386970491303,0.005477577447891235,0.021361202882347774
Q103A4,1.4701571464538574,3.480510234832764,0.5583158237477528,0.4492610991001129,0.5431328363697674,1.3952713,3.3584344,0.5579172,0.4449202,0.54555905,IDP-ESM2-8M,67,300,0.07488584518432617,0.12207579612731978,0.00039864607059825197,0.0043408870697021484,0.0024262122828815347
Q103A5,1.4860295057296753,3.533514499664306,0.5592809588647858,0.4443328976631164,0.5481130166443667,1.4943444,3.5431747,0.5405429,0.432997,0.5731289,IDP-ESM2-8M,67,300,0.008314847946166992,0.009660243988037553,0.018738058302499416,0.01133590936660761,0.025015862425915247
Q103A6,1.4113030433654783,3.348952531814575,0.5581821660640934,0.4388400018215179,0.5316208135921654,1.4471121,3.459499,0.5616267,0.4516247,0.5391179,IDP-ESM2-8M,67,300,0.0358090400695803,0.11054635047912598,0.003444506680657544,0.012784689664840754,0.00749705912283094
Q103A7,1.5151177644729614,3.868294715881348,0.5944275058092119,0.4584696590900421,0.509421572065534,1.3893039,3.381375,0.5647184,0.44797716,0.5340456,IDP-ESM2-8M,67,300,0.12581384181976318,0.4869196414947514,0.029709080535316623,0.010492503643035889,0.024624004983721415
Q103A8,1.4576269388198853,3.496739387512207,0.5511876595747753,0.4349505603313446,0.5486763066095187,1.3941903,3.2474806,0.53415275,0.42999306,0.58344764,IDP-ESM2-8M,67,300,0.06343662738800049,0.24925875663757324,0.01703491337421381,0.0049574971199035645,0.03477132856427889
Q103A9,1.475566267967224,3.551865339279175,0.5669154105669411,0.4540018141269684,0.5436552062151948,1.4700972,3.4261725,0.5356412,0.43188572,0.58591926,IDP-ESM2-8M,67,300,0.00546908378601052,0.12569284439086914,0.03127421717704848,0.022116094827651978,0.04226405476350392
Q107X9,2.8506317138671875,6.831543445587158,0.5370700899741185,0.4132217466831207,0.5663247330866834,3.00658,6.8675885,0.4821902,0.3942356,0.6947574,IDP-ESM2-8M,67,300,0.15594840049743652,0.036045074462890625,0.05487989822836048,0.018986135721206665,0.12843266885652338
Q14UX9,1.880540370941162,4.66199254989624,0.5979226776711193,0.4748958647251129,0.5196164039144539,1.6635135,3.8799946,0.5305173,0.4296411,0.60144067,IDP-ESM2-8M,67,300,0.21702682971954346,0.7819979190826416,0.06740539756934316,0.04525476694107056,0.08182426419162525
Q14UY3,1.830869436264038,4.354264259338379,0.5533899432337418,0.4294373691082001,0.5694347420277838,1.6819174,3.9098516,0.53360885,0.4341268,0.5968961,IDP-ESM2-8M,67,300,0.14895200729370117,0.4444127082824707,0.019781089416755715,0.004689425230026245,0.027461369937395674
Q152W2,1.3853349685668943,2.838798761367798,0.3690034536601356,0.3529841601848602,0.8026372968582286,1.5185962,3.5419898,0.5104495,0.4131077,0.599681,IDP-ESM2-8M,67,300,0.13326120376586936,0.7031910419464111,0.14144607503401724,0.060123533010482844,0.20295627707520858
Q159G2,1.8319213390350344,4.300168037414551,0.5126847869420692,0.3991221487522125,0.5789341879405038,1.811426,4.347213,0.549823,0.42556265,0.52237666,IDP-ESM2-8M,67,300,0.02049529552459739,0.04704475402832031,0.03713819918387684,0.02644050121307373,0.05655753140821618
Q159G5,2.296868085861206,5.514793872833252,0.5375075020728386,0.412536472082138,0.5500406442534168,2.2909,5.4915094,0.55388945,0.4258942,0.5204007,IDP-ESM2-8M,67,300,0.0059680938720703125,0.023284435272216797,0.0163819513382637,0.01335772871971136,0.029639941300078188
Q159M3,1.5720340013504028,3.8023202419281006,0.5310136109399582,0.4183559417724609,0.5482531732574562,1.5925268,3.7929618,0.5377297,0.42123225,0.54006016,IDP-ESM2-8M,67,300,0.0204927921295166,0.009358406066894531,0.006716069598219243,0.002876311540603693,0.008193010713205662
Q19B12,2.227048635482788,5.658076286315918,0.575212672101583,0.4471754431724548,0.5437815815331424,2.0576615,4.8475547,0.53588384,0.4321821,0.6040828,IDP-ESM2-8M,67,300,0.1693871021270752,0.8105216026306152,0.03932882820280981,0.014993339776992742,0.06030124126654024
Q19B37,1.771345853805542,4.548507690429688,0.6253313350043268,0.4963622987270355,0.4903686867174516,1.677946,4.058107,0.58340067,0.47610092,0.54958266,IDP-ESM2-8M,67,300,0.09339988231658936,0.4904007911682138,0.041930668290612205,0.020261377096176147,0.059213973480760074
Q19CE6,1.836751699447632,4.218515396118164,0.5714344497608324,0.4744380116462707,0.5648970404483545,1.8570976,4.460286,0.56952846,0.4609426,0.56700075,IDP-ESM2-8M,67,300,0.020345926284789817,0.24177074432373047,0.0019059892582078408,0.0134954154491424,0.002103706278635209
Q19CW0,1.6095776557922363,3.9735922813415527,0.5528246153425947,0.4340268671512604,0.5830723777763619,1.5915091,3.7904227,0.5531478,0.451994,0.5806916,IDP-ESM2-8M,67,300,0.018068552017211914,0.18316960334777832,0.0003231774735673598,0.017967134714126587,0.002380801772333574
Q19D16,1.5775208473205566,4.003360748291016,0.6104179171275471,0.4888447821140289,0.5086272255524453,1.5454882,3.8330688,0.5934926,0.47175267,0.515767,IDP-ESM2-8M,67,300,0.03203260898590088,0.17029190063476562,0.016925289983687253,0.01709210872650141,0.007139752711409653
Q19NX3,2.290914535522461,5.048166751861572,0.4326795938712683,0.3677691519260406,0.7240560829202047,2.0652742,4.5687723,0.44055775,0.3612927,0.7264753,IDP-ESM2-8M,67,300,0.22564029693603516,0.47939443588256836,0.007878154208031618,0.006476461887359564,0.002419215484488868
Q19UQ1,2.2413370609283447,5.66292667388916,0.6147962459654503,0.4863755106925964,0.5171315063353821,2.258367,5.698396,0.6284004,0.49897134,0.52936053,IDP-ESM2-8M,67,300,0.017030000686645508,0.03546953201293945,0.01360413941434091,0.012595832347869929,0.012229026425238043
Q19XC2,2.014714241027832,4.870655536651611,0.5757185653063914,0.4545876383781433,0.5572837132273352,1.8415124,4.591835,0.6024943,0.47436965,0.51979744,IDP-ESM2-8M,67,300,0.1732017993927002,0.2788205146789551,0.026775734105382254,0.01978200674057007,0.03748626888376827
Q19XF8,1.7592943906784058,4.299463272094727,0.571364635930447,0.4527451992034912,0.5487225184786494,1.8423836,4.5010204,0.5907329,0.46957812,0.5159443,IDP-ESM2-8M,67,300,0.08308923244476318,0.20155715942382812,0.01936823655566755,0.01683291792869568,0.03277821639658762
Q19XJ8,1.478096604347229,3.5770177841186523,0.5698529290905419,0.4637651145458221,0.5403201609293926,1.4700856,3.4458778,0.5158613,0.4156521,0.60090107,IDP-ESM2-8M,67,300,0.00801098346710205,0.13113999366760254,0.05399165627865221,0.048113018274307195,0.06058090632753488
Q19XN7,1.6502705812454224,3.919009923934937,0.5886489177818518,0.4639768898487091,0.5235954196905699,1.6601455,3.88267,0.5406355,0.44675088,0.60351366,IDP-ESM2-8M,67,300,0.009874939918518066,0.0363399982452397,0.048013391601584465,0.01722601056098938,0.07991823835615253
Q19XV8,2.321208477020264,5.498281478881836,0.5888771417046154,0.4855684340000152,0.5490431805253373,2.3042502,5.4984617,0.55232733,0.43169203,0.5898247,IDP-ESM2-8M,67,300,0.01695823669433638,0.00018024444580078125,0.0365498068237865,0.05387639999389643,0.04078149598833458
Q19XW1,2.5125205516815186,6.604782104492188,0.6646092287093945,0.512321949005127,0.4840278634682861,2.7332242,6.6837926,0.6162853,0.4975227,0.57369554,IDP-ESM2-8M,67,300,0.2207036018371582,0.07901048660278231,0.04832390461271485,0.014799237251281738,0.08966767695987554
Q19YI2,1.4193055629730225,3.4193930625915527,0.5481976111059819,0.4345211088657379,0.5484921935230167,1.5811032,3.8488767,0.5739472,0.4564349,0.5268469,IDP-ESM2-8M,67,300,0.1617976427078247,0.42948365211486816,0.025749580132421457,0.021913796663284302,0.02164530784186436
Q19YS5,2.5243170261383057,6.203834056854248,0.6051066854178071,0.4582269191741943,0.5402237377870054,2.5740266,6.2012377,0.5897947,0.47660848,0.59482116,IDP-ESM2-8M,67,300,0.04970955848693848,0.0025963783264160156,0.015311990040457246,0.018381565809249933,0.05459741728425316
Q19YU1,1.958491563796997,4.739489555358887,0.5640791490089746,0.4444459676742553,0.5399682240882602,1.8071902,4.356066,0.55771273,0.43866652,0.54596645,IDP-ESM2-8M,67,300,0.15130138397216797,0.3834233283996582,0.00636641526339965,0.005779445171356146,0.005998222311428547
Q19Z22,3.7504184246063232,9.443819999694824,0.6209972856042268,0.4752448797225952,0.50100545985605,3.6100168,8.7437525,0.59315306,0.45727256,0.53945553,IDP-ESM2-8M,67,300,0.14040160179138184,0.7000675201416016,0.027844226121652382,0.017972320318222046,0.038450073171598875
Q19ZG3,2.0704920291900635,5.017825126647949,0.5359631640141337,0.4280184209346771,0.5956797583434853,2.1278896,4.996117,0.52459157,0.4213848,0.60943586,IDP-ESM2-8M,67,300,0.05739760398864746,0.021708011627197266,0.011371598881992573,0.0066336095333099365,0.013756097998830374
Q1A0D0,2.010303020477295,4.860517978668213,0.5901104248861735,0.4612683057785034,0.5469272987014892,1.9464308,4.743499,0.5936201,0.4723509,0.49781287,IDP-ESM2-8M,67,300,0.06387221813201904,0.1170191764831543,0.0035096965928609336,0.011082589626312256,0.049114431536877334
Q1A4M9,2.4463024139404297,5.8769354820251465,0.6151467245054908,0.497710645198822,0.5325685872685675,2.5700293,6.3896694,0.6341926,0.49888414,0.4875321,IDP-ESM2-8M,67,300,0.12372684478759766,0.5127339363098145,0.0190458614396386,0.0011734962463378906,0.04503647824642698
Q1A4P9,2.686648368835449,5.572501659393311,0.4196032575923479,0.3683367967605591,0.7808223206732307,3.3782685,7.6496487,0.4768392,0.38403854,0.7206663,IDP-ESM2-8M,67,300,0.6916201114654541,2.0771470069885245,0.05723595697102185,0.015701740980148315,0.06015603134370184
Q1EGY8,3.2526443004608154,7.551835536956787,0.5749037853445441,0.449518620967865,0.5744812556636031,3.1243227,7.5154195,0.5866812,0.45955786,0.51210004,IDP-ESM2-8M,67,300,0.12832164764404297,0.036416053771972656,0.011777401808318433,0.01003924012184143,0.06238121475097491
Q1EGZ1,3.453368186950684,8.071806907653809,0.6001305024943109,0.4851434230804443,0.5387301759657089,3.3185759,8.017681,0.5892663,0.45923492,0.51381195,IDP-ESM2-8M,67,300,0.13479232788085982,0.05412578582763672,0.010864202292894864,0.025908499956130926,0.024918230050486767
Q1EGZ2,3.575111150741577,8.362135887145996,0.5962588078251332,0.4842453896999359,0.5329080764050936,3.3048568,7.9248023,0.5684421,0.4435865,0.5467576,IDP-ESM2-8M,67,300,0.27025437355041504,0.4373335838317871,0.027816701578184944,0.04065889120101929,0.013849502444698847
Q1EH05,4.218400955200195,9.987436294555664,0.5978329241741082,0.4720457792282104,0.5655656763454439,3.9608467,9.489776,0.58720946,0.45911416,0.5362681,IDP-ESM2-8M,67,300,0.257554292678833,0.49766063690185547,0.010623461054601324,0.01293161511421198,0.02929756130180372
Q1EH28,3.337465286254883,7.834510326385498,0.5909096729046487,0.4803017079830169,0.538754970319973,3.1522717,7.588898,0.58831656,0.45964265,0.50747335,IDP-ESM2-8M,67,300,0.18519353866577148,0.24561214447021484,0.002593113113083745,0.020659059286117498,0.031281620748744965
Q1EH30,3.384580612182617,7.982534408569336,0.5985906552758251,0.4777769446372986,0.5312378382414392,3.2453976,7.8130636,0.58468044,0.45845103,0.51978177,IDP-ESM2-8M,67,300,0.13918304443359375,0.16947078704833984,0.0139102172341381,0.01932591199874878,0.011456069919448253
Q1EH36,3.445347309112549,8.183022499084473,0.5934459758061914,0.4727751016616821,0.5520528804330944,3.259564,7.85159,0.5845385,0.457818,0.5283005,IDP-ESM2-8M,67,300,0.18578338623046875,0.3314323425292969,0.0089074564237146,0.014957100152969305,0.023752356675159847
Q1EH45,4.096380233764648,9.787479400634766,0.6131050076857595,0.4899408221244812,0.542825946776186,3.9235094,9.45089,0.59882885,0.46756038,0.5235906,IDP-ESM2-8M,67,300,0.17287087440490723,0.3365898132324219,0.014276155509093225,0.022380441427230835,0.01923532244375803
Q1EH47,4.552914142608643,10.77700901031494,0.5958670493709856,0.4718310534954071,0.5862169821086732,4.1718388,10.047253,0.5991314,0.4637819,0.5208344,IDP-ESM2-8M,67,300,0.381075382232666,0.7297563552856428,0.003264355982560585,0.008049160242080688,0.06538259575994887
Q1EH77,3.768223524093628,8.978565216064453,0.6078074706580303,0.4776704907417297,0.5357081268312428,3.6032166,8.69214,0.5920249,0.45828032,0.5140063,IDP-ESM2-8M,67,300,0.1650068759918213,0.2864255905151367,0.01578254828711967,0.019390165805816595,0.021701810169408087
Q1KWA0,2.319295883178711,5.439450740814209,0.5289747267486117,0.4229795038700104,0.5976261734665675,2.3683763,5.5470433,0.52516085,0.4152664,0.59915596,IDP-ESM2-8M,67,300,0.04908037185668945,0.10759258270263672,0.0038138776542208097,0.007713109254837036,0.0015297890006260584
Q1MWN9,3.7272231578826895,9.025589942932127,0.5563273701543768,0.434407889842987,0.5727642863321853,3.4491262,8.174255,0.5468523,0.42730287,0.5989231,IDP-ESM2-8M,67,300,0.27809691429138095,0.8513345718383771,0.009475079524036256,0.0071050226688384455,0.026158800787870806
Q1WIU5,2.511228084564209,6.043286323547363,0.5435203373272628,0.4193406701087951,0.5765716697644631,2.3177764,5.478131,0.5278925,0.41631725,0.61026025,IDP-ESM2-8M,67,300,0.1934516429901123,0.5651555061340332,0.015627866967460546,0.0030234158039092462,0.033688578419741044
Q1WIU7,2.4996137619018555,5.918394565582275,0.5188187435591844,0.4095136523246765,0.621103131926742,2.2534766,5.281464,0.51328206,0.40586016,0.6313477,IDP-ESM2-8M,67,300,0.24613714218139648,0.6369304656982422,0.005536682936015502,0.003653496503829956,0.010244583927902728
Q1XDV1,1.403400421142578,3.3617491722106934,0.5466417634469847,0.4271878004074096,0.5447373863944842,1.4425312,3.5168555,0.56214964,0.44377068,0.52756494,IDP-ESM2-8M,67,300,0.03913080692291282,0.1551063060760498,0.01550788045102558,0.01658287644386297,0.01717244355772274
Q1ZYP5,1.9738556146621704,4.732440948486328,0.5777103807118833,0.4602054953575134,0.5219239698247047,1.8826716,4.5513153,0.55568725,0.440783,0.5735449,IDP-ESM2-8M,67,300,0.09118402004241943,0.18112564086914062,0.02202313200506567,0.0194225013256073,0.05162094966610953
Q20BU0,1.680086970329285,3.984381914138794,0.5586203519030435,0.4484556317329407,0.5346328102448913,1.5727874,3.7836752,0.5580177,0.44144952,0.52740055,IDP-ESM2-8M,67,300,0.10729956626892112,0.20070672035217285,0.0006026807947976387,0.00700610876083374,0.0072322570184203405
Q20BW6,1.9313305616378784,4.590899467468262,0.5400475533770274,0.4077023565769195,0.5611908035861813,1.798622,4.2489986,0.53978956,0.4261517,0.5615393,IDP-ESM2-8M,67,300,0.13270854949951172,0.3419008255004883,0.00025799592005715244,0.018449336290359553,0.0003484887493289124
Q20HY6,3.600044012069702,8.201574325561523,0.5397007472368629,0.4285466074943542,0.5862681090354859,3.1678543,7.3607063,0.518345,0.41259494,0.63009924,IDP-ESM2-8M,67,300,0.4321897029876709,0.8408679962158203,0.021355748877182723,0.015951663255691473,0.04383112792969357
Q27Q61,1.9371979236602783,4.3284196853637695,0.5207697546777725,0.4227455258369446,0.6036034451812252,1.9131036,4.561371,0.53713316,0.42846727,0.59464437,IDP-ESM2-8M,67,300,0.024094343185424805,0.23295116424560547,0.016363402575492847,0.005721747875213623,0.008959077486370481
Q27Q66,1.88416051864624,4.180761814117432,0.4983884951752748,0.3920159041881561,0.629002669019016,1.8492945,4.271511,0.49762195,0.4041342,0.64609283,IDP-ESM2-8M,67,300,0.034865975379943626,0.09074926376342773,0.0007665416878785414,0.012118309736251887,0.017090163069454434
Q27Q71,1.943538784980774,4.668674945831299,0.5532143789683167,0.4335077702999115,0.5541661950022989,1.9007448,4.564043,0.5449005,0.4321357,0.580294,IDP-ESM2-8M,67,300,0.042793989181518555,0.10463190078735352,0.008313902035791076,0.0013720691204071045,0.026127818021077553
Q27Q76,1.87156081199646,4.113137245178223,0.5039534983272919,0.4165578782558441,0.6193097898893719,1.8803802,4.4688478,0.5353035,0.427251,0.59317786,IDP-ESM2-8M,67,300,0.008819341659545898,0.355710506439209,0.031349975145303355,0.010693132877349854,0.026131934874570883
Q27Q84,1.5232003927230835,3.656086206436157,0.5567538082117712,0.4399968683719635,0.5453406048426012,1.827926,4.385928,0.55216193,0.43508017,0.54924303,IDP-ESM2-8M,67,300,0.30472564697265625,0.7298419475555424,0.00459187622019408,0.00491669774055481,0.003902428089680332
Q287B2,2.2396228313446045,5.343225002288818,0.5226367269659956,0.4088176488876343,0.5946818852598597,2.3419588,5.492765,0.51625526,0.40743786,0.61177075,IDP-ESM2-8M,67,300,0.10233592987060547,0.14953994750976562,0.006381467452140632,0.0013797879219055176,0.017088863832242396
Q287K0,3.2194266319274902,7.86479902267456,0.642355577910959,0.5216727256774902,0.5159126942726855,3.11514,7.6614923,0.6353003,0.4994795,0.48033416,IDP-ESM2-8M,67,300,0.10428667068481445,0.2033066749572745,0.007055299247323732,0.022193223237991333,0.03557853156058832
Q2EQ07,1.7887197732925415,4.078489780426025,0.4878507440139211,0.4028856754302978,0.6334770859585535,1.8662153,4.221277,0.47839487,0.39013797,0.6490103,IDP-ESM2-8M,67,300,0.07749557495117188,0.14278745651245117,0.00945587802423603,0.012747704982757513,0.01553321467773805
Q2EQJ4,2.3792829513549805,5.535958766937256,0.5468255544383945,0.4425063729286194,0.5821944929406175,2.2390263,5.3062177,0.54634035,0.4322919,0.58026594,IDP-ESM2-8M,67,300,0.14025664329528809,0.22974109649658203,0.00048520810202978826,0.010214477777481079,0.0019285537049302803
Q2EX97,2.638522148132324,6.085425853729248,0.4845160879391944,0.3809334635734558,0.666791980158857,2.6118708,6.133242,0.525025,0.4120668,0.59159917,IDP-ESM2-8M,67,300,0.026651382446289062,0.04781627655029297,0.04050892216975338,0.031133323907852173,0.07519281376557696
Q2EXS5,3.319277286529541,7.685459136962891,0.4919988257019441,0.3817893266677856,0.6398672860174536,3.4081829,7.8963337,0.50149757,0.3948626,0.62520844,IDP-ESM2-8M,67,300,0.08890557289123535,0.2108745574951172,0.009498740998037603,0.013073265552520807,0.014658848574674033
Q2I7C2,2.790367364883423,6.70107364654541,0.5296162545340684,0.4071449935436249,0.5818036956519792,2.802169,6.545204,0.50580025,0.3928968,0.6296508,IDP-ESM2-8M,67,300,0.011801719665527344,0.1558694839477539,0.02381600734168554,0.014248192310333252,0.0478470759659102
Q2I7C9,2.7921276092529297,6.359798431396484,0.5187989836298424,0.4055200517177582,0.6060656750494835,2.786457,6.488874,0.49678305,0.38643098,0.64422446,IDP-ESM2-8M,67,300,0.0056705474853515625,0.1290755271911621,0.022015935715337442,0.019089072942733765,0.038158789843857566
Q2I7D5,2.6935625076293945,6.275501728057861,0.5056085600089091,0.3788680136203766,0.6150728299434188,2.7642138,6.4990673,0.51168036,0.39443916,0.61458886,IDP-ESM2-8M,67,300,0.07065129280090332,0.22356557846069336,0.006071804599855568,0.015571147203445435,0.0004839732463363111
Q2I7D8,2.6861672401428223,6.25991678237915,0.5118762923773019,0.3915575444698334,0.5978859423637961,2.8465981,6.6158447,0.49445787,0.38600612,0.6496079,IDP-ESM2-8M,67,300,0.160430908203125,0.3559279441833496,0.017418421655484906,0.005551427602767944,0.05172195444101346
Q2I7D9,2.7768359184265137,6.700297355651856,0.5203722472147454,0.3984229266643524,0.5993408246391541,2.951542,6.879269,0.50424695,0.39456105,0.63863367,IDP-ESM2-8M,67,300,0.17470598220825195,0.17897176742553622,0.016125297065209265,0.0038618743419647217,0.03929284378354492
Q2KRX9,3.140606164932251,7.277722358703613,0.526969901207961,0.4279869794845581,0.6230020807979697,2.9747891,7.073489,0.5414811,0.42556444,0.59659773,IDP-ESM2-8M,67,300,0.1658170223236084,0.20423316955566406,0.01451117646309008,0.002422541379928589,0.026404349684535866
Q2LGY8,3.867804765701294,9.01986312866211,0.5230589045222203,0.4053589105606079,0.6359030588671367,4.370185,10.328625,0.5392118,0.41616023,0.602491,IDP-ESM2-8M,67,300,0.5023801326751709,1.3087615966796875,0.016152905112942095,0.010801315307617188,0.03341203771082568
Q2NNY0,2.6303024291992188,6.688973426818848,0.6511797895316405,0.5013594627380371,0.5057236159181493,2.811818,6.9768257,0.6520069,0.5159956,0.4892045,IDP-ESM2-8M,67,300,0.18151545524597168,0.28785228729248047,0.0008271346207338048,0.01463615894317627,0.01651911977290088
Q2PDL2,2.701091051101685,6.192790508270264,0.5121181559052105,0.4081475734710693,0.6198147855955709,2.7106771,6.308724,0.50916874,0.40239465,0.6231498,IDP-ESM2-8M,67,300,0.00958609580993608,0.11593341827392578,0.002949411817991243,0.005752921104431097,0.0033350266259561945
Q2PZ57,2.6029365062713623,5.993879318237305,0.5053138402755181,0.3944548368453979,0.6495205714914635,2.4867263,5.8549795,0.5151694,0.40472114,0.6289608,IDP-ESM2-8M,67,300,0.1162102222442627,0.1388998031616211,0.009855541819818847,0.010266304016113337,0.02055978324149399
Q2PZ59,2.641386747360229,6.477805137634277,0.5324579245883505,0.4143846035003662,0.5974287680143725,2.4146595,5.676219,0.5155031,0.40737072,0.6300094,IDP-ESM2-8M,67,300,0.22672724723815874,0.8015861511230469,0.01695481608691618,0.007013887166976929,0.03258064475113043
Q2PZ62,2.6491408348083496,6.329280853271484,0.5300919576356518,0.4183414876461029,0.6035595260234728,2.4058638,5.6207743,0.5087196,0.40274468,0.64182633,IDP-ESM2-8M,67,300,0.24327707290649414,0.7085065841674805,0.021372334546815086,0.01559680700302124,0.03826680559197515
Q2PZ64,2.7958343029022217,6.824741840362549,0.5521647309538062,0.4332001209259033,0.5861193528780885,2.4538014,5.762226,0.5205126,0.41000378,0.627882,IDP-ESM2-8M,67,300,0.34203290939331055,1.0625157356262207,0.03165215008222422,0.02319633960723877,0.041762650906091214
Q2PZ75,2.705265522003174,6.401092529296875,0.5269673647466411,0.4000951051712036,0.62149028295096,2.5753312,6.021247,0.5099184,0.40349457,0.6462145,IDP-ESM2-8M,67,300,0.12993431091308594,0.37984561920166016,0.01704897304208175,0.003399461507797241,0.02472420221749705
Q2TVL9,2.5255279541015625,6.141902923583984,0.6029713200255783,0.4734618365764618,0.5176109371913876,2.4365206,5.6822844,0.5390549,0.44225588,0.63008475,IDP-ESM2-8M,67,300,0.08900737762451172,0.45961856842041016,0.06391644942010954,0.031205952167510986,0.1124738158451114
Q2VAE1,2.0875089168548584,4.837108612060547,0.5162423529881872,0.4197512567043304,0.6152513208520546,2.0121114,4.731865,0.5271908,0.41725606,0.59789026,IDP-ESM2-8M,67,300,0.07539749145507812,0.10524368286132812,0.010948451493319133,0.0024951994419097345,0.0173610630166664
Q2VF21,1.5262198448181152,3.591524362564087,0.5235636183416023,0.4192627072334289,0.587180827679204,1.597656,3.8299048,0.5598972,0.44798335,0.55989426,IDP-ESM2-8M,67,300,0.07143616676330566,0.23838043212890625,0.03633356603034599,0.028720647096633967,0.02728656393484974
Q2WC16,1.6410820484161377,3.908041477203369,0.5548065449850172,0.4375962913036346,0.5715542609390382,1.3850043,3.249639,0.5636672,0.45958593,0.5761,IDP-ESM2-8M,67,300,0.25607776641845703,0.6584024429321289,0.008860633168974452,0.021989643573761042,0.004545730859362718
Q2WC23,1.779264211654663,4.146475315093994,0.5370727784205628,0.4350931942462921,0.5867373266714849,1.8306234,4.4195447,0.5689001,0.45632544,0.5539011,IDP-ESM2-8M,67,300,0.05135917663574219,0.2730693817138672,0.031827329916839564,0.021232247352600098,0.03283625035465143
Q2XT86,1.856645464897156,4.393764495849609,0.5326724332729699,0.4199741780757904,0.5833401651517209,1.8422358,4.3909965,0.54605514,0.43227997,0.56278056,IDP-ESM2-8M,67,300,0.014409661293030007,0.0027680397033691406,0.013382704838144632,0.012305796146392822,0.02055960608876317
Q2Z0R7,2.2897534370422363,5.736866474151611,0.5423204112460713,0.4065372943878174,0.57876074749235,2.3090928,5.409155,0.5286735,0.41945535,0.59892654,IDP-ESM2-8M,67,300,0.019339323043823242,0.3277115821838379,0.013646881621132367,0.012918055057525635,0.020165796697103167
Q30BN4,5.011656284332275,11.841924667358398,0.5325622924381722,0.4051685035228729,0.6162438026539705,4.8606977,11.557869,0.54512787,0.41765618,0.60446435,IDP-ESM2-8M,67,300,0.15095853805541992,0.2840557098388672,0.012565576214171537,0.012487679719924927,0.011779450523080603
Q33CR5,2.78014612197876,6.691690444946289,0.5310643554350621,0.4064547419548034,0.5761923273489324,2.8789759,6.6930246,0.49687648,0.38836783,0.6456955,IDP-ESM2-8M,67,300,0.09882974624633745,0.0013341903686523438,0.03418787723987171,0.01808691024780268,0.06950318017746526
Q33CS0,2.7968218326568604,6.675521373748779,0.5436906757896057,0.4204060435295105,0.553027865899898,2.8250322,6.5707946,0.4967209,0.38611263,0.6420793,IDP-ESM2-8M,67,300,0.02821040153503418,0.10472679138183594,0.046969765717279066,0.034293413162231445,0.0890514278279767
Q33CS7,2.827543258666992,6.658391952514648,0.5324833949455459,0.4093181192874908,0.5831525328723064,2.843066,6.6099453,0.5013187,0.39382887,0.6393445,IDP-ESM2-8M,67,300,0.01552271842956543,0.0484466552734375,0.03116470178453512,0.015489250421523992,0.05619198054398389
Q33CU7,2.514514684677124,5.995208740234375,0.5357049946149361,0.4222560822963714,0.5728684187376021,2.385448,5.5873036,0.51386195,0.39671966,0.6024686,IDP-ESM2-8M,67,300,0.12906670570373535,0.40790510177612305,0.021843040402747427,0.02553641796112055,0.029600191072273407
Q33CV3,2.545281171798706,6.056790828704834,0.5474382409257069,0.421464055776596,0.5569578966328594,2.3808448,5.58268,0.5134779,0.39678624,0.60682446,IDP-ESM2-8M,67,300,0.16443634033203125,0.47411060333251953,0.03396031943980604,0.024677813053131048,0.04986656101255682
Q33CV7,2.4187254905700684,5.477581977844238,0.499009654284867,0.3828431963920593,0.6276421493857695,2.4547887,5.739379,0.51226676,0.39665896,0.6056949,IDP-ESM2-8M,67,300,0.036063194274902344,0.2617969512939453,0.013257100819197953,0.013815760612487793,0.021947259363491622
Q33CW2,2.500323534011841,5.839419364929199,0.5234548186261244,0.4081165194511413,0.596094589660352,2.4618368,5.784665,0.51909894,0.40434057,0.6043154,IDP-ESM2-8M,67,300,0.03848671913146973,0.05475425720214844,0.004355881114680327,0.0037759542465209406,0.008220810463244188
Q33CX7,2.7213404178619385,6.28513240814209,0.5120404171792421,0.3977337777614593,0.6054614815318494,2.7133152,6.3529825,0.50639516,0.39037347,0.6201196,IDP-ESM2-8M,67,300,0.008025169372558594,0.06785011291503906,0.005645256027356105,0.0073603093624114435,0.014658090153941594
Q33CX8,2.439450979232788,5.642953395843506,0.527571622720373,0.4141193628311157,0.5725056748340835,2.3764715,5.590077,0.51858324,0.40037248,0.59592766,IDP-ESM2-8M,67,300,0.06297945976257324,0.05287647247314453,0.008988384595525534,0.013746887445449829,0.023421980862785352
Q33CZ4,2.505112409591675,5.801274299621582,0.5283674841122087,0.4075163304805755,0.5863983072961539,2.401137,5.605962,0.50565994,0.3915955,0.61903715,IDP-ESM2-8M,67,300,0.10397529602050781,0.1953125,0.022707546253627142,0.015920817852020208,0.03263884404051598
Q33D00,2.407932043075561,5.693547248840332,0.5116747805838339,0.4039460122585296,0.5974170310822082,2.4560187,5.7338963,0.508859,0.39425942,0.613099,IDP-ESM2-8M,67,300,0.048086643218994585,0.04034900665283203,0.0028158018355123327,0.009686589241027777,0.015681947914068628
Q33D03,2.721413373947144,6.299041748046875,0.4991593888177225,0.3960963785648346,0.6348354422028232,2.8175108,6.539977,0.4946063,0.38514665,0.6478124,IDP-ESM2-8M,67,300,0.09609746932983354,0.2409353256225586,0.004553102530414743,0.01094973087310791,0.012976983887417304
Q33D07,2.485715866088867,5.85972785949707,0.5265768722952052,0.4026160538196563,0.5852985350080313,2.4423013,5.71351,0.50993234,0.39501333,0.6118879,IDP-ESM2-8M,67,300,0.04341459274291992,0.14621782302856445,0.016644533103768455,0.007602721452712957,0.026589337211054387
Q33D14,2.715733051300049,6.451633930206299,0.5158200009114761,0.3951492011547088,0.5962946955603196,2.7529526,6.455493,0.50880325,0.39410225,0.62123483,IDP-ESM2-8M,67,300,0.03721952438354492,0.0038590431213378906,0.007016752506019519,0.0010469555854796808,0.024940138633863795
Q33D20,2.5173189640045166,5.738589286804199,0.526920568008201,0.4170386493206024,0.5923756074912426,2.5505786,5.998949,0.51894754,0.40490013,0.61004275,IDP-ESM2-8M,67,300,0.03325963020324707,0.2603597640991211,0.007973026294486374,0.012138515710830688,0.017667143344176073
Q38506,1.6421372890472412,3.857998609542847,0.5560325588412077,0.4462608993053436,0.551525116624549,1.5829747,3.9072394,0.57853866,0.45128736,0.5081752,IDP-ESM2-8M,67,300,0.05916261672973633,0.04924082756042436,0.022506097393533486,0.005026459693908747,0.0433499223610907
Q38583,2.3133325576782227,5.694032669067383,0.5827936616088555,0.4462303221225738,0.553425296986453,2.386797,5.9056144,0.59792304,0.46462637,0.53421634,IDP-ESM2-8M,67,300,0.07346439361572266,0.21158170700073242,0.015129378781159164,0.018396049737930353,0.019208952629916176
Q38HE4,2.2994606494903564,5.616273403167725,0.5515398953848258,0.4209354519844055,0.5946468904158827,2.4439096,5.7771378,0.5596519,0.4542698,0.5939545,IDP-ESM2-8M,67,300,0.14444899559020996,0.16086435317993164,0.00811201587387167,0.03333434462547302,0.0006923868796583355
Q38I94,2.7155332565307617,6.375265598297119,0.5317235535871044,0.4191831946372986,0.5943915130243917,2.9312022,6.9355993,0.5394125,0.4179842,0.5914129,IDP-ESM2-8M,67,300,0.2156689167022705,0.5603337287902832,0.007688944887016658,0.0011990070343017578,0.0029786111460348152
Q38I97,2.740504264831543,6.467690467834473,0.5346995768941643,0.4146926999092102,0.593781701381821,2.742658,6.517726,0.5420088,0.41818395,0.5769465,IDP-ESM2-8M,67,300,0.002153635025024414,0.05003547668457031,0.007309240301728082,0.0034912526607513428,0.016835204418319982
Q38IM8,2.6364905834198,6.520267963409424,0.5504504859340279,0.4129450917243957,0.6000862917361135,2.5082388,5.8798833,0.54921424,0.44289064,0.60238385,IDP-ESM2-8M,67,300,0.1282517910003662,0.6403846740722656,0.0012362420451729195,0.02994555234909063,0.0022975602688913854
Q38IP7,2.6296114921569824,6.399960517883301,0.5401870647314158,0.4138750433921814,0.620280338978191,2.5391412,6.0067787,0.55769783,0.44556507,0.58039916,IDP-ESM2-8M,67,300,0.0904703140258789,0.39318180084228516,0.017510767852965348,0.03169003129005432,0.03988118336143076
Q3C1Z8,1.5846185684204102,3.8947272300720215,0.5959622015946008,0.483628511428833,0.5317006126772221,1.5213765,3.6414366,0.5664807,0.47618347,0.55169004,IDP-ESM2-8M,67,300,0.06324207782745361,0.25329065322875977,0.02948150539327632,0.007445037364959717,0.019989429341668252
Q3C203,2.9157214164733887,6.956743240356445,0.5158867265024795,0.3996012806892395,0.6094041151750413,2.9857683,7.080832,0.54053766,0.419616,0.5791379,IDP-ESM2-8M,67,300,0.07004690170288086,0.12408876419067383,0.024650928851066678,0.02001473307609558,0.03026619384172835
Q3HNZ7,2.276649713516236,5.161115646362305,0.5150644670808125,0.4279392957687378,0.6184448483549367,2.2836595,5.350824,0.5233832,0.41712895,0.6046953,IDP-ESM2-8M,67,300,0.007009744644164595,0.18970823287963867,0.00831873308779707,0.01081034541130066,0.013749528225542207
Q3HP08,2.291190385818481,5.332068920135498,0.5201190974254805,0.4219894111156463,0.6133245849552741,2.325121,5.4546666,0.5282374,0.42150295,0.59741807,IDP-ESM2-8M,67,300,0.03393054008483931,0.12259769439697266,0.008118305013636973,0.0004864633083342951,0.01590651511579655
Q3HP10,2.35449767112732,5.329287052154541,0.5220268365225762,0.4280174970626831,0.6213628596430171,2.3206692,5.408682,0.522937,0.4176504,0.60700566,IDP-ESM2-8M,67,300,0.03382849693298384,0.07939481735229492,0.0009101632752448463,0.010367095470428467,0.014357203877483626
Q3HP12,2.2925398349761963,5.410075664520264,0.5418892133230993,0.4301869869232178,0.5708681735151235,2.3358078,5.479539,0.52784526,0.4193864,0.59284025,IDP-ESM2-8M,67,300,0.04326796531677246,0.06946325302124023,0.014043949841959114,0.010800600051879883,0.02197208079166968
Q3HWX5,2.662960767745972,6.235922813415527,0.5348890882094267,0.4083227515220642,0.5705033360384124,2.603497,6.10444,0.51446235,0.40228236,0.6134187,IDP-ESM2-8M,67,300,0.059463739395142046,0.13148260116577148,0.02042673641041548,0.006040394306182861,0.04291536227243964
Q3HWX7,2.668307542800904,6.207561016082764,0.5507376559425551,0.430328220129013,0.5553811765265351,2.360387,5.542065,0.5048662,0.3923341,0.60863566,IDP-ESM2-8M,67,300,0.3079204559326181,0.6654958724975586,0.045871473138447416,0.037994116544723455,0.053254487459670985
Q3HWY0,2.73994779586792,6.576051235198975,0.5319651932833194,0.4246930778026581,0.5911779176844557,2.5789175,6.105093,0.5226405,0.40562102,0.6019589,IDP-ESM2-8M,67,300,0.16103029251098633,0.47095823287963867,0.009324666988611119,0.01907205581665039,0.010780953203300636
Q3HWY5,2.866241693496704,6.6175055503845215,0.5285539301275372,0.4230005741119385,0.6267471718354846,2.792509,6.6652393,0.55506885,0.438422,0.56865877,IDP-ESM2-8M,67,300,0.07373261451721191,0.04773378372192383,0.026514920389735797,0.015421420335769653,0.058088402704777775
Q3HWY6,2.6141786575317383,6.133000373840332,0.5012116805753553,0.3752568960189819,0.6331219254569247,2.598968,6.0816593,0.5093706,0.399118,0.62410843,IDP-ESM2-8M,67,300,0.015210628509521484,0.05134105682373047,0.00815894444371823,0.023861110210418757,0.009013491733474988
Q3KSP3,3.0444610118865967,7.315532207489014,0.5689706656922674,0.4435630142688751,0.5457256753932966,3.1961176,7.6056514,0.55744606,0.4391401,0.5518662,IDP-ESM2-8M,67,300,0.1516566276550293,0.2901191711425781,0.011524603127417543,0.004422903060913086,0.0061404983509050215
Q3LUB4,2.765721321105957,6.562628269195557,0.5333773162956901,0.4233079552650451,0.5943288293820654,2.6188233,6.1796002,0.52401245,0.40995428,0.60192806,IDP-ESM2-8M,67,300,0.1468980312347412,0.3830280303955078,0.009364869892186656,0.013353675603866522,0.007599225904342033
Q3LUB6,2.831923246383667,6.706503391265869,0.5405310765387141,0.427590936422348,0.5928818847418026,2.937038,6.982795,0.542727,0.4267995,0.59116316,IDP-ESM2-8M,67,300,0.10511469841003418,0.2762913703918457,0.0021959170220768875,0.0007914304733276367,0.0017187263250545426
Q3LWP3,3.311565637588501,7.84606122970581,0.50892861142192,0.3857434093952179,0.6379240383898858,3.194334,7.5041647,0.52229345,0.40586773,0.6157653,IDP-ESM2-8M,67,300,0.11723160743713379,0.34189653396606356,0.013364837026261123,0.020124316215515137,0.022158764818871357
Q3S669,2.9659454822540283,6.824368953704834,0.5288250606128386,0.4083166122436523,0.5989970277132804,2.8373108,6.605781,0.5133736,0.4041168,0.6434417,IDP-ESM2-8M,67,300,0.12863469123840332,0.21858787536621094,0.015451447255294681,0.004199802875518743,0.04444464938022541
Q3T244,1.820951223373413,4.133730888366699,0.5051040319585387,0.402864009141922,0.6284899931106238,1.9027948,4.483134,0.52858907,0.4229521,0.5917666,IDP-ESM2-8M,67,300,0.08184361457824707,0.34940290451049805,0.023485037884753535,0.0200880765914917,0.03672339727016971
Q3T364,1.925054907798767,4.654374122619629,0.5326396542268481,0.4119104743003845,0.5785799447691842,1.8502905,4.2588015,0.51185495,0.41808602,0.614323,IDP-ESM2-8M,67,300,0.07476437091827393,0.3955726623535156,0.020784707613536346,0.00617554783821106,0.035743075212200104
Q3T393,1.904879093170166,4.488712787628174,0.5136053689473216,0.4049295783042907,0.606748940585314,1.897059,4.3584404,0.5017606,0.40965936,0.6307101,IDP-ESM2-8M,67,300,0.00782012939453125,0.13027238845825195,0.011844766949946073,0.00472977757453924,0.023961184384168388
Q3T5T1,2.108940362930298,5.032354831695557,0.5598505889409622,0.4444432854652405,0.5585382913004505,2.0889668,4.958249,0.5409633,0.42715475,0.57475394,IDP-ESM2-8M,67,300,0.0199735164642334,0.07410573959350586,0.018887296819074972,0.017288535833358765,0.016215648804987715
Q3T5T2,2.2507355213165283,5.377660751342773,0.5612540302881028,0.4558224976062774,0.5634335964478273,2.194502,5.1642723,0.5365409,0.4255044,0.5879555,IDP-ESM2-8M,67,300,0.05623340606689453,0.21338844299316406,0.024713104785325735,0.0303181111812591,0.024521878405688313
Q3T5T4,2.089916944503784,4.980779647827148,0.5532736546536189,0.4308238327503204,0.5651707549891961,1.998508,4.7711587,0.5522397,0.4353889,0.5583567,IDP-ESM2-8M,67,300,0.09140896797180176,0.20962095260620117,0.0010339386006098517,0.004565060138702448,0.00681405266146784
Q3T5T7,2.0900819301605225,4.99889087677002,0.5480729612711147,0.4253060221672058,0.5746808111590617,2.094427,4.919957,0.5308351,0.4211799,0.5934202,IDP-ESM2-8M,67,300,0.0043451786041259766,0.07893371582031339,0.017237869203396206,0.004126131534576416,0.018739396341396097
Q3T5U3,2.04231595993042,5.007485389709473,0.5678159003909207,0.4628538191318512,0.5440138039786613,2.0470233,4.853596,0.5440845,0.43068978,0.57056755,IDP-ESM2-8M,67,300,0.00470733642578125,0.15388917922973633,0.023731411045370132,0.032164037227630615,0.026553744296332615
Q3T5U9,1.961572289466858,4.718730449676514,0.5513525837138573,0.4250843822956085,0.563189152603877,2.0678165,4.908084,0.5509922,0.4373735,0.55770504,IDP-ESM2-8M,67,300,0.10624420642852783,0.18935346603393555,0.0003603928759972064,0.012289106845855713,0.005484107857478104
Q3T5V2,1.963706970214844,4.61297607421875,0.5552499639768744,0.4378590881824493,0.5701385749900858,1.9183699,4.5576897,0.5507965,0.43826622,0.5606499,IDP-ESM2-8M,67,300,0.04533708095550559,0.055286407470703125,0.004453455187811928,0.0004071295261383612,0.009488703163913925
Q3T5V7,1.9499419927597048,4.63067626953125,0.5667040967020176,0.4435398578643799,0.5467041681127734,1.9566159,4.6307387,0.54509515,0.43294176,0.5694508,IDP-ESM2-8M,67,300,0.006673932075500266,6.246566772460938e-05,0.02160895099965554,0.010598093271255493,0.02274662753770873
Q3V5E4,1.891755223274231,4.698469638824463,0.5872850430448795,0.4617147147655487,0.5327430313102025,1.8548386,4.4742637,0.57494855,0.45732668,0.5399658,IDP-ESM2-8M,67,300,0.03691661357879639,0.22420597076416016,0.012336493774249613,0.004388034343719482,0.007222777081368537
Q3YB07,1.5265297889709473,3.606701612472534,0.507131314235396,0.4082642495632171,0.6031992668998253,1.5899036,3.7378733,0.53271216,0.4271989,0.5813203,IDP-ESM2-8M,67,300,0.06337380409240723,0.13117170333862305,0.02558084730558907,0.018934637308120783,0.02187898110270614
Q3YJX6,2.477308750152588,5.760866641998291,0.5273410931751996,0.4085641503334045,0.6193805696953866,2.222095,5.0529995,0.47873273,0.39380777,0.707329,IDP-ESM2-8M,67,300,0.25521373748779297,0.7078671455383301,0.048608358256605255,0.014756381511688177,0.0879484055052665
Q3YJY1,1.9384753704071045,4.367786407470703,0.5132262829024838,0.4237847626209259,0.6248556982760537,1.8659999,4.4461703,0.5424959,0.42929336,0.5748395,IDP-ESM2-8M,67,300,0.07247543334960938,0.0783839225769043,0.029269623450512983,0.005508601665496826,0.05001622550536278
Q3YPN7,2.09953236579895,4.930629253387451,0.5239887485927784,0.4201423525810241,0.6102696444819754,1.9936419,4.7295504,0.5325739,0.41757002,0.5931465,IDP-ESM2-8M,67,300,0.10589051246643066,0.2010788917541504,0.00858513017232776,0.00257232785224909,0.017123141510326234
Q45KG1,2.674025297164917,6.321504592895508,0.5279917496319663,0.4041230678558349,0.5788560723064217,2.8386352,6.6138234,0.5046344,0.3959442,0.63017565,IDP-ESM2-8M,67,300,0.1646099090576172,0.29231882095336914,0.023357369291390095,0.008178859949111883,0.05131957781335983
Q461X8,3.658693552017212,9.241679191589355,0.6388704814893573,0.5018165111541748,0.5085014580353125,3.5667791,8.580288,0.59119827,0.45985603,0.5242297,IDP-ESM2-8M,67,300,0.09191441535949707,0.6613912582397461,0.04767221593683657,0.04196047782897949,0.01572824729839717
Q4A2Y9,3.723955392837525,8.9144926071167,0.5787402798520295,0.446441501379013,0.5871703238002515,3.8358173,9.2890625,0.59614795,0.4609573,0.5420751,IDP-ESM2-8M,67,300,0.11186194419860795,0.3745698928833008,0.01740767461192927,0.014515787363052424,0.0450952262393689
Q4GZW3,1.646551489830017,3.82191801071167,0.5002061569176163,0.4015575647354126,0.6281050489518666,1.814174,4.1925683,0.5110701,0.40767583,0.60584295,IDP-ESM2-8M,67,300,0.16762256622314453,0.3706502914428711,0.01086391573329315,0.006118267774581909,0.022262100991966682
Q4KPD1,2.339006185531616,5.631783485412598,0.5488330802422706,0.4142841696739197,0.5604323710960065,2.1540778,5.072771,0.5356053,0.4307552,0.6063835,IDP-ESM2-8M,67,300,0.18492841720581055,0.5590124130249023,0.013227768848532828,0.016471028327941895,0.0459511313873614
Q4KPE0,2.0140199661254883,4.579238414764404,0.5046275709408047,0.3947713375091553,0.6169305789413406,1.9185367,4.492136,0.5216142,0.41690505,0.60048366,IDP-ESM2-8M,67,300,0.09548330307006836,0.08710241317749023,0.01698662297551612,0.022133708000183105,0.016446923011775194
Q4KPI4,2.5416815280914307,5.652853965759277,0.4852018056922756,0.3906581103801727,0.6567706202138086,2.4841816,5.7829065,0.50589323,0.3983604,0.61790127,IDP-ESM2-8M,67,300,0.05749988555908203,0.1300525665283203,0.02069142474595681,0.007702291011810358,0.038869354592623306
Q4KPI5,1.9211220741271973,4.575193405151367,0.5406928906505313,0.420085608959198,0.5627645022538031,2.0157561,4.765246,0.5267022,0.41751498,0.57447326,IDP-ESM2-8M,67,300,0.0946340560913086,0.19005250930786133,0.013990665442248806,0.002570629119873047,0.011708759579387773
Q4KS53,1.6388745307922363,3.316356897354126,0.4226747147715329,0.3703816533088684,0.7268979585922896,1.6848984,3.924329,0.5120844,0.41217873,0.59182364,IDP-ESM2-8M,67,300,0.04602384567260742,0.6079721450805664,0.08940970972416412,0.04179707169532776,0.1350743211067854
Q4KSY7,3.4625701904296875,8.652510643005371,0.6502139120547656,0.5226889252662659,0.4999235084950474,3.517475,8.56248,0.62238157,0.48203948,0.47873586,IDP-ESM2-8M,67,300,0.05490469932556152,0.09003067016601562,0.02783234409974855,0.04064944386482239,0.02118764433260234
Q4PKB7,2.6360623836517334,6.224262714385986,0.56094765502186,0.4264889657497406,0.5749221960048564,2.7662604,6.4573207,0.5126045,0.4100092,0.63746315,IDP-ESM2-8M,67,300,0.13019800186157227,0.23305797576904297,0.04834318000049764,0.01647976040840149,0.06254095640374346
Q4PRW0,1.5179200172424316,3.61003851890564,0.5324461933744857,0.4236882030963897,0.5698390236610729,1.6078358,3.8890502,0.56625515,0.4476339,0.53123087,IDP-ESM2-8M,67,300,0.08991575241088867,0.2790117263793941,0.03380895885100865,0.023945689201355036,0.038608156752045764
Q4QTS8,1.6264568567276,4.250420093536377,0.6541277005113932,0.5132476091384888,0.4673063902738345,1.7235401,4.3491144,0.628111,0.5081366,0.45467675,IDP-ESM2-8M,67,300,0.0970832109451294,0.0986943244934082,0.0260166956819865,0.005111038684844971,0.012629642951752007
Q4QVU0,1.8358632326126096,4.253056526184082,0.5065461487895927,0.3974564373493194,0.6168362893913983,1.9703171,4.602501,0.52564514,0.422381,0.5889588,IDP-ESM2-8M,67,300,0.13445389270782493,0.3494443893432617,0.01909898804359822,0.024924576282501276,0.027877489552378565
Q4QW70,1.8600763082504272,4.377597808837891,0.555162376862551,0.4594239294528961,0.559330929668046,1.8295686,4.2908044,0.5242715,0.4205417,0.5983301,IDP-ESM2-8M,67,300,0.030507683753967285,0.08679342269897461,0.030890888672853722,0.03888222575187683,0.03899915084113981
Q4QW80,1.791061282157898,4.176246643066406,0.5225003430078007,0.4146165549755096,0.5935741734523691,1.7825513,4.2277555,0.53605473,0.4270938,0.57141125,IDP-ESM2-8M,67,300,0.008509993553161621,0.05150890350341797,0.013554387407543556,0.012477248907089289,0.02216292143057952
Q4U2B4,1.831156134605408,4.397246837615967,0.5538641415844078,0.4392522573471069,0.5681926728465455,1.7869396,4.345304,0.57014614,0.45136988,0.55098826,IDP-ESM2-8M,67,300,0.04421651363372825,0.05194282531738281,0.01628200185202411,0.01211762428283697,0.01720441591524058
Q4W600,3.437840223312378,7.96630859375,0.4925032781466327,0.3836457729339599,0.6489659636758696,3.563615,8.28516,0.5116309,0.40330276,0.61284286,IDP-ESM2-8M,67,300,0.12577486038208008,0.3188514709472656,0.01912761460696838,0.019656985998153742,0.03612310583819256
Q4Z9E7,2.258954763412476,5.503583908081055,0.592074766005025,0.4742708504199981,0.5588987154937829,1.9914241,4.6709633,0.5460403,0.44365707,0.62150127,IDP-ESM2-8M,67,300,0.26753067970275923,0.8326206207275391,0.046034469450459525,0.030613780021667425,0.06260255146254645
Q4ZA14,2.036619186401367,4.812585830688477,0.5907440794711466,0.4809561967849731,0.5445606672291752,1.9966865,4.8181443,0.5753866,0.46396843,0.5653756,IDP-ESM2-8M,67,300,0.0399327278137207,0.005558490753173828,0.01535749566606237,0.016987770795822088,0.020814958858013544
Q507B8,1.770772099494934,4.1414008140563965,0.5208953631071257,0.4089175462722778,0.5972473954684456,1.8081934,4.1381283,0.5037196,0.4091211,0.62234926,IDP-ESM2-8M,67,300,0.037421345710754395,0.003272533416748047,0.017175735249917445,0.0002035498619080145,0.025101866769103198
Q507D5,1.7962902784347534,4.355922698974609,0.535721000582395,0.409042090177536,0.5797243242758592,1.9016869,4.4816303,0.5345277,0.42703092,0.5801336,IDP-ESM2-8M,67,300,0.10539662837982178,0.12570762634277344,0.001193281561551518,0.01798883080482483,0.00040929264842670676
Q50G65,3.367163181304932,8.043872833251953,0.535652380256483,0.39740189909935,0.6361845211048864,3.3561401,7.9883075,0.5423429,0.42481115,0.6199152,IDP-ESM2-8M,67,300,0.011023044586182085,0.05556535720825195,0.006690520973375413,0.027409255504608154,0.016269333746030235
Q50GB0,3.287896156311035,7.90878438949585,0.5317142769893488,0.4072995781898498,0.6373225314734245,2.9166274,6.7682986,0.49807063,0.40059805,0.694692,IDP-ESM2-8M,67,300,0.37126874923706055,1.1404857635498047,0.03364364953840582,0.006701529026031439,0.057369484174463636
Q50GB8,3.192777156829834,7.575701236724853,0.50171397909175,0.3969997465610504,0.6934000475109994,3.0828276,7.192721,0.50443155,0.40091825,0.67557704,IDP-ESM2-8M,67,300,0.10994958877563477,0.3829803466796866,0.0027175666426555445,0.003918498754501343,0.01782300302399986
Q50GC3,3.274209499359131,7.678116321563721,0.5117695424693331,0.4013072848320007,0.6859584268164738,3.0578241,7.161017,0.5113382,0.40513632,0.6631603,IDP-ESM2-8M,67,300,0.2163853645324707,0.5170993804931641,0.00043136812622401877,0.003829032182693537,0.0227981027197941
Q50GD5,3.254530668258667,7.45169734954834,0.4986200622540707,0.3992562890052795,0.7152558483666288,3.015636,7.027567,0.50321424,0.401486,0.6847112,IDP-ESM2-8M,67,300,0.23889470100402832,0.4241304397583008,0.004594177820087031,0.0022297203540802557,0.030544630486379787
Q52PR2,1.5056509971618652,3.6966614723205566,0.5609932950284459,0.4485771954059601,0.5327075748953308,1.4869804,3.64068,0.574891,0.45700866,0.5175651,IDP-ESM2-8M,67,300,0.01867055892944336,0.05598139762878418,0.013897676155330996,0.008431464433670044,0.015142503312536637
Q52PS8,1.6906216144561768,3.980822801589966,0.5666813327541476,0.4456633329391479,0.5350221725896418,1.5555898,3.8680756,0.5747386,0.45003384,0.5211052,IDP-ESM2-8M,67,300,0.1350318193435669,0.1127471923828125,0.008057288957583397,0.004370510578155573,0.013917002339702833
Q52RQ4,1.937790274620056,4.641456127166748,0.5588535394677281,0.4537203907966614,0.5625960318149092,1.9080156,4.7688756,0.5891509,0.4517028,0.49836257,IDP-ESM2-8M,67,300,0.02977466583251931,0.12741947174072266,0.03029736614140277,0.002017587423324585,0.06423346081385639
Q52RR1,1.9106535911560056,4.558992862701416,0.5558089182324573,0.4336474537849426,0.5543568290284541,1.895421,4.6171875,0.5645697,0.44175488,0.5416277,IDP-ESM2-8M,67,300,0.015232563018798606,0.058194637298583984,0.008760793452723403,0.008107423782348633,0.012729123931255582
Q52RR8,1.922695875167847,4.500558853149414,0.5614899517293291,0.4462836384773254,0.5478080560157466,1.8184664,4.417276,0.5623681,0.4420319,0.54320794,IDP-ESM2-8M,67,300,0.1042294502258303,0.0832829475402832,0.0008781431917829208,0.004251748323440496,0.004600112576262916
Q52RS0,1.9491355419158936,4.677359580993652,0.5747393826912232,0.4536204636096954,0.5330402919972799,1.8800197,4.551587,0.5552083,0.435556,0.5500514,IDP-ESM2-8M,67,300,0.06911587715148926,0.12577247619628906,0.019531057305175792,0.018064469099044744,0.017011099127445473
Q52RS2,1.881052851676941,4.484784126281738,0.5614169784150459,0.4343199431896209,0.5360315897960279,1.9257101,4.694985,0.5644113,0.43992397,0.5409939,IDP-ESM2-8M,67,300,0.044657230377197266,0.21020078659057617,0.0029943041243217783,0.005604028701782282,0.004962339113273817
Q52RT5,1.871092796325684,4.422913074493408,0.5573784649840978,0.4368373453617096,0.5609052953727147,1.814271,4.4349823,0.57081234,0.44791546,0.5407165,IDP-ESM2-8M,67,300,0.05682182312011763,0.012069225311279297,0.013433879566988605,0.011078119277954102,0.02018876648019763
Q52RT9,1.889814138412476,4.58958911895752,0.5491913929964508,0.43941730260849,0.5649790318616803,1.9220384,4.7064857,0.5701014,0.4435637,0.5369492,IDP-ESM2-8M,67,300,0.03222429752349809,0.1168966293334952,0.020909987351754755,0.004146397113800049,0.028029814542191778
Q52RW0,1.812930941581726,4.206143856048584,0.5435176737300802,0.4285955727100372,0.5732910519710286,1.6839304,4.045844,0.5510436,0.44052464,0.56759137,IDP-ESM2-8M,67,300,0.12900054454803467,0.16029977798461914,0.007525955916221072,0.011929064989090021,0.005699682818959495
Q52S07,1.8959167003631592,4.582540512084961,0.5887822708143304,0.4648681581020355,0.5242652307014415,1.878971,4.6477413,0.58666384,0.4557535,0.5083831,IDP-ESM2-8M,67,300,0.016945719718933105,0.0652008056640625,0.0021184286130975227,0.009114652872085571,0.015882135437006673
Q53AF0,1.691070556640625,4.047375202178955,0.5425262607576452,0.4376524984836578,0.5561097274955225,1.6648569,4.013857,0.5487238,0.4331383,0.5554503,IDP-ESM2-8M,67,300,0.026213645935058594,0.033518314361572266,0.00619755611399786,0.004514187574386541,0.0006594072516870053
Q53AG3,1.7432904243469238,4.290468215942383,0.5671083078616688,0.4483213424682617,0.5346267316657032,1.8310515,4.3766026,0.5459775,0.43180797,0.5706126,IDP-ESM2-8M,67,300,0.0877610445022583,0.08613443374633789,0.021130834602696602,0.01651337742805481,0.03598587772074091
Q53CQ0,3.601811170578003,8.432254791259766,0.558784745890368,0.4396609961986542,0.5561325192655586,3.6313372,8.645098,0.55787003,0.43686306,0.57736355,IDP-ESM2-8M,67,300,0.0295259952545166,0.2128429412841797,0.0009147154872307661,0.002797931432723999,0.021231031397435762
Q53Z31,2.386525869369507,5.717702865600586,0.5503055334168976,0.4511687755584717,0.5714314273970346,2.3356166,5.502013,0.5345996,0.42883807,0.59895915,IDP-ESM2-8M,67,300,0.05090928077697754,0.21568965911865234,0.01570593119445496,0.02233070135116577,0.0275277205331107
Q56BB1,1.9255621433258057,4.607244491577148,0.574841598073012,0.4804314374923706,0.5530186816256107,1.8642929,4.4026446,0.54049164,0.43828923,0.6073237,IDP-ESM2-8M,67,300,0.061269283294677734,0.20459985733032227,0.03434995750523251,0.04214221239089966,0.05430502452444419
Q56EV1,1.5824687480926514,3.902522087097168,0.5794208786674824,0.458648532629013,0.5430971666074247,1.4708598,3.5500264,0.57285875,0.46824312,0.5558473,IDP-ESM2-8M,67,300,0.11160898208618164,0.3524956703186035,0.006562127847322463,0.009594589471817072,0.012750120570614865
Q56II6,3.43570613861084,7.957768440246582,0.4766461445576819,0.365729421377182,0.7449452010647378,3.6136613,8.373085,0.5079785,0.40836895,0.6953618,IDP-ESM2-8M,67,300,0.17795515060424805,0.4153165817260742,0.03133235437801757,0.04263952374458313,0.04958340802350858
Q58I31,1.909057021141052,4.520158290863037,0.5060169491379979,0.3924241662025451,0.5917032578401613,2.1539834,5.0919914,0.5235352,0.40736195,0.5833163,IDP-ESM2-8M,67,300,0.24492633342742942,0.5718331336975098,0.01751824287478898,0.01493778824806219,0.00838693169880389
Q58LM3,1.963769555091858,4.826760768890381,0.5818466534269655,0.4536454677581787,0.5462081343250069,1.8843327,4.5915337,0.58296597,0.4660698,0.5418609,IDP-ESM2-8M,67,300,0.07943689823150635,0.23522710800170898,0.0011193166124021658,0.012424319982528687,0.004347255857447108
Q58MF1,2.728389978408813,6.609820365905762,0.513299325931817,0.4074171781539917,0.6092882542186635,2.3920755,5.6099544,0.5134461,0.40690854,0.61381435,IDP-ESM2-8M,67,300,0.3363144397735591,0.9998660087585449,0.0001467666737737794,0.0005086362361907959,0.0045260997242075884
Q58N36,3.023923873901367,7.4815144538879395,0.5979129825119193,0.4702690243721008,0.5171482085589441,2.7389507,6.5100646,0.5343097,0.41355667,0.601626,IDP-ESM2-8M,67,300,0.28497314453125,0.9714498519897461,0.06360329728166414,0.05671235918998713,0.08447777038774174
Q58NB9,1.670888066291809,4.05571985244751,0.551736881070756,0.4350087344646454,0.5591677406251366,1.5050958,3.5135722,0.53365207,0.43018705,0.59447676,IDP-ESM2-8M,67,300,0.16579222679138184,0.5421476364135742,0.018084813886307782,0.004821687936782837,0.035309018808609705
Q58P45,3.027907133102417,7.029421806335449,0.5200333078484709,0.4074864983558655,0.6381756773674263,2.920676,6.868453,0.5234364,0.41049895,0.6179866,IDP-ESM2-8M,67,300,0.10723114013671875,0.16096878051757812,0.003403119267923138,0.00301244854927063,0.020189057894922646
Q58P48,2.632598161697388,6.260942935943604,0.5095823054596049,0.3972707688808441,0.6581130008740196,2.7337122,6.476931,0.5339262,0.41687128,0.6074347,IDP-ESM2-8M,67,300,0.10111403465270952,0.2159881591796866,0.02434388348616534,0.019600510597229004,0.050678310875392873
Q596I4,3.390620946884156,8.107484817504883,0.5266184461183487,0.4159268140792846,0.658313416996167,3.2012968,7.602317,0.5361847,0.4193269,0.617602,IDP-ESM2-8M,67,300,0.18932414054870694,0.5051679611206055,0.009566282027250628,0.0034000873565674383,0.0407114262963989
Q596I6,3.1831717491149902,7.420410633087158,0.5134338824816745,0.3911129236221313,0.6791010640559649,3.1049924,7.4256225,0.5434602,0.42319462,0.6108588,IDP-ESM2-8M,67,300,0.07817935943603516,0.005211830139160156,0.030026307814498554,0.03208169341087347,0.06824226602892636
Q5BND6,2.681489944458008,6.375361442565918,0.5208798233511408,0.4034977853298187,0.6280427283314209,2.471606,5.807521,0.5180923,0.40870106,0.6321254,IDP-ESM2-8M,67,300,0.2098839282989502,0.567840576171875,0.002787548685308283,0.005203276872634888,0.004082649323608356
Q5DKQ8,3.4815316200256348,8.495621681213379,0.5203111558864492,0.4077857136726379,0.5980869327524613,3.874102,9.126648,0.5218562,0.40479517,0.61333656,IDP-ESM2-8M,67,300,0.39257049560546875,0.6310262680053711,0.0015450328876597252,0.0029905438423156183,0.015249630357890287
Q5DRF7,3.1011786460876465,7.349812030792236,0.5638078613758473,0.4554280936717987,0.5624222999065172,3.140025,7.5601144,0.5564913,0.42579025,0.55320245,IDP-ESM2-8M,67,300,0.03884625434875488,0.21030235290527344,0.007316546011009617,0.029637843370437622,0.009219849631096011
Q5EM22,2.6473076343536377,5.146146297454834,0.3787949931237921,0.2977191209793091,0.8492269379001071,3.7897828,8.6260805,0.45573774,0.3673179,0.7836385,IDP-ESM2-8M,67,300,1.1424751281738281,3.4799342155456543,0.07694274667761475,0.06959876418113708,0.0655884605746676
Q5EWN0,2.372111797332764,5.564791202545166,0.5174653941108573,0.4072464406490326,0.6127289051653629,2.2614295,5.3633494,0.5264934,0.4106481,0.59659314,IDP-ESM2-8M,67,300,0.11068224906921431,0.20144176483154297,0.009027976422132156,0.0034016668796539307,0.016135763609576803
Q5EWN1,2.350292682647705,5.493396759033203,0.5192623385217512,0.4121113717556,0.5989575638882129,2.2040272,5.1941214,0.5194717,0.4079181,0.6051326,IDP-ESM2-8M,67,300,0.14626550674438477,0.29927539825439453,0.000209366438118197,0.0041932761669158936,0.006175015915253934
Q5FXX2,2.135232448577881,5.087587356567383,0.5319550332947838,0.4041355848312378,0.5890555206005135,2.1656044,5.1098785,0.5355008,0.42307603,0.57665026,IDP-ESM2-8M,67,300,0.030371904373168945,0.022291183471679688,0.0035457911566627587,0.018940448760986328,0.012405258721546186
Q5G246,1.844038367271424,4.290697574615479,0.5270968001196521,0.4172975420951843,0.5756062689097131,2.0061536,4.786911,0.54625005,0.42915055,0.5576973,IDP-ESM2-8M,67,300,0.16211521625518732,0.4962134361267081,0.01915324517987793,0.011853009462356567,0.01790897276713499
Q5G5L6,1.943203091621399,4.590855598449707,0.5596193866011911,0.448403537273407,0.5567663527961635,1.9190671,4.622689,0.56389093,0.44543582,0.53995115,IDP-ESM2-8M,67,300,0.024135947227478027,0.03183317184448242,0.004271547389287367,0.0029677152633666992,0.01681520714720719
Q5G5M1,1.968874216079712,4.723914623260498,0.5660294474329837,0.4391728341579437,0.5539828397940775,1.9137269,4.564165,0.55038536,0.43894285,0.5623882,IDP-ESM2-8M,67,300,0.05514729022979736,0.15974950790405273,0.015644091483581812,0.00022998452186584473,0.008405341892323892
Q5G5N5,1.9003962278366089,4.633363723754883,0.569814429190495,0.4443201720714569,0.5341583323163613,1.8397394,4.3859587,0.55258626,0.4422823,0.5583178,IDP-ESM2-8M,67,300,0.06065678596496582,0.2474050521850586,0.01722817173276181,0.0020378828048706055,0.024159448178328602
Q5G5P3,1.97840428352356,4.650103092193604,0.5625239556246402,0.4570887088775635,0.5618278312703927,1.909296,4.5655785,0.5499037,0.43623295,0.5598523,IDP-ESM2-8M,67,300,0.06910824775695845,0.08452463150024503,0.012620264809668269,0.020855754613876343,0.001975529195960335
Q5G5R6,1.9291778802871704,4.554812908172607,0.5670081806486211,0.4616166651248932,0.546965066947434,1.8082092,4.348735,0.5576386,0.44208637,0.5500657,IDP-ESM2-8M,67,300,0.12096869945526123,0.20607805252075195,0.009369595081146764,0.019530296325683594,0.003100629292037471
Q5G5T2,1.9090951681137085,4.619722843170166,0.5575333464272344,0.4432799518108368,0.5568728578137901,1.884489,4.485403,0.5500347,0.4385586,0.55525804,IDP-ESM2-8M,67,300,0.02460610866546631,0.13431978225708008,0.007498644603046167,0.004721343517303467,0.0016148221540001062
Q5GQU4,1.990930438041687,4.9207305908203125,0.5863115188716447,0.4586424231529236,0.5331559415615533,2.1632748,5.267893,0.57980275,0.4543856,0.5420776,IDP-ESM2-8M,67,300,0.17234432697296143,0.34716224670410156,0.0065087673305069815,0.00425681471824646,0.008921659394409809
Q5I4I5,2.333165645599365,5.813554763793945,0.5827171257793785,0.4472054243087768,0.525785882443046,2.3434477,5.625603,0.5669522,0.44574773,0.5429895,IDP-ESM2-8M,67,300,0.010282039642334428,0.18795156478881836,0.01576489723323593,0.0014576911926268976,0.01720360997333581
Q5J596,1.586781024932861,3.7878026962280273,0.5433292067698765,0.4198478758335113,0.5526633300824944,1.5430124,3.7293248,0.55719095,0.43892747,0.5372737,IDP-ESM2-8M,67,300,0.04376864433288552,0.05847787857055664,0.013861747915334677,0.019079595804214533,0.015389625076848601
Q5J5A1,1.6183093786239624,3.870728731155396,0.5598052240133281,0.4474738240242004,0.5457356016938345,1.6258228,3.9016886,0.5586611,0.44617242,0.54605234,IDP-ESM2-8M,67,300,0.00751340389251709,0.030959844589232954,0.0011441207647319152,0.0013014078140258234,0.00031673499897555413
Q5J5A3,1.6228430271148682,4.055590629577637,0.5742607485828077,0.4457199871540069,0.5260964722278634,1.5533348,3.7005832,0.5362379,0.4231074,0.569955,IDP-ESM2-8M,67,300,0.06950819492340088,0.3550074100494385,0.03802285309406872,0.022612601518630926,0.04385851911277383
Q5J5A8,1.6273406744003296,3.965311527252197,0.5753303374289945,0.4579539000988006,0.5262613328454437,1.5707728,3.7935722,0.55842257,0.4418889,0.5367459,IDP-ESM2-8M,67,300,0.05656790733337402,0.17173933982849077,0.016907771968789453,0.016065001487731878,0.010484573030715927
Q5L446,3.079512357711792,7.389398097991943,0.5502025972109325,0.4302594363689422,0.5825165996481488,3.263988,7.731796,0.53991693,0.42461964,0.61065733,IDP-ESM2-8M,67,300,0.18447566032409668,0.34239768981933594,0.010285664628077229,0.005639791488647405,0.028140734679548918
Q5MIE7,1.6132006645202637,3.73853063583374,0.5631658574357731,0.4774132072925567,0.5583856059469877,1.5274919,3.5137913,0.53225833,0.44188285,0.60418814,IDP-ESM2-8M,67,300,0.08570873737335205,0.2247393131256099,0.030907525660107793,0.035530358552932684,0.045802538260013015
Q5QF78,2.674216985702514,6.363349437713623,0.5986159234534261,0.4917669594287872,0.5506036075474252,2.313552,5.4391108,0.5332194,0.42913356,0.6137051,IDP-ESM2-8M,67,300,0.3606650829315181,0.9242386817932129,0.06539652638540239,0.06263339519500727,0.06310149108157259
Q5UNW3,4.750727653503418,10.825519561767578,0.4733757329004681,0.3930511474609375,0.7085240586471842,4.277123,9.76705,0.45792022,0.3637195,0.73321015,IDP-ESM2-8M,67,300,0.473604679107666,1.0584697723388672,0.015455509425965519,0.02933165431022644,0.02468608777997039
Q5UQA4,4.33373498916626,9.83464241027832,0.4334676728994714,0.3401858806610107,0.8214534479238712,4.508952,9.862213,0.39746907,0.35164618,0.95775145,IDP-ESM2-8M,67,300,0.1752171516418457,0.027570724487304688,0.03599859936545957,0.011460304260253962,0.13629800499894984
Q5UTC0,2.095011711120605,5.063046455383301,0.572212586244974,0.4465842843055725,0.5455680049015228,1.9242177,4.577779,0.54613024,0.4335338,0.563827,IDP-ESM2-8M,67,300,0.17079401016235307,0.48526763916015625,0.02608234628144246,0.013050496578216553,0.018258973305111725
Q5UTC9,1.93948757648468,4.609110832214356,0.55436503192451,0.4380765855312347,0.5580685138068514,1.9345074,4.617415,0.5464214,0.4309223,0.55586946,IDP-ESM2-8M,67,300,0.004980206489562766,0.008304119110106534,0.007943623271250755,0.007154285907745306,0.002199053700955411
Q5UTE2,2.0520169734954834,4.895995616912842,0.5711858635815489,0.4510903060436249,0.5421065260739021,2.0000062,4.72773,0.5409067,0.43036065,0.57622504,IDP-ESM2-8M,67,300,0.05201077461242676,0.16826581954956055,0.03027913626755352,0.020729660987854004,0.034118516269237564
Q5UTE6,2.042518138885498,4.796268939971924,0.5718468028922266,0.4683428704738617,0.543791245422011,2.0454726,4.861874,0.54568654,0.43174067,0.5657108,IDP-ESM2-8M,67,300,0.0029544830322265625,0.06560516357421875,0.02616025990440307,0.0366021990776062,0.021919537582749782
Q5Y0N1,2.994990825653076,6.953789234161377,0.5014362731002547,0.3956220149993896,0.6518465123652402,2.851928,6.6441364,0.5065175,0.40099692,0.6419785,IDP-ESM2-8M,67,300,0.14306282997131348,0.30965280532836914,0.005081256387355126,0.0053749084472656805,0.00986801009168059
Q5YA80,1.7734417915344238,4.498310089111328,0.621895886042235,0.4908481538295746,0.48745846129994,1.7553455,4.4433126,0.6102533,0.47943786,0.5133338,IDP-ESM2-8M,67,300,0.018096327781677246,0.05499744415283203,0.011642611601469621,0.011410295963287354,0.025875336154893958
Q5YF20,2.078660488128662,4.970014572143555,0.5538667915580849,0.4428366720676422,0.5489312051179402,2.0050402,4.7700424,0.53869665,0.42234945,0.56426144,IDP-ESM2-8M,67,300,0.07362031936645508,0.19997215270996094,0.015170144867716284,0.020487219095230103,0.015330231344462097
Q5YFF2,4.111719131469727,9.930810928344728,0.5190465281903809,0.3912995755672455,0.5837778790026912,3.460658,8.146268,0.50640917,0.39242476,0.619735,IDP-ESM2-8M,67,300,0.6510610580444336,1.7845430374145526,0.012637359946972682,0.0011251866817474365,0.035957123515009015
Q5ZQY2,1.4747421741485596,3.401342868804932,0.5299390706797388,0.4492720663547516,0.5762729007943391,1.4536525,3.5022697,0.5570417,0.445091,0.5417364,IDP-ESM2-8M,67,300,0.021089673042297363,0.10092687606811479,0.027102633974954826,0.0041810572147369385,0.03453647682507033
Q64921,2.875164747238159,7.01267147064209,0.6048038264603403,0.4732551872730255,0.522604144355625,2.5856555,6.2230067,0.5416564,0.4169964,0.58514744,IDP-ESM2-8M,67,300,0.28950929641723633,0.7896647453308105,0.0631474515290048,0.05625879764556885,0.06254329607787723
Q64989,1.684173583984375,4.020639419555664,0.5423732528756787,0.4313163459300995,0.5538529009982389,1.6286451,3.858636,0.5431719,0.43210194,0.56569415,IDP-ESM2-8M,67,300,0.05552852153778076,0.1620035171508789,0.0007986297537158071,0.0007855892181396484,0.011841252310629491
Q65048,1.689738154411316,4.057070732116699,0.5434492436577397,0.4351734817028045,0.5790905451163194,1.7031312,4.0461807,0.54825354,0.43603972,0.5697201,IDP-ESM2-8M,67,300,0.013393044471740723,0.010890007019042969,0.004804292566625512,0.0008662343025208075,0.009370455680742018
Q65541,1.9880214929580688,4.698788642883301,0.5496835713689342,0.4298861622810364,0.5551222869033927,1.8686867,4.5072207,0.55689055,0.436484,0.54650444,IDP-ESM2-8M,67,300,0.11933481693267822,0.19156789779663086,0.0072069759066090144,0.006597846746444702,0.008617848979961318
Q65548,2.351393461227417,5.127230167388916,0.2503448628642048,0.2604826092720032,1.2972379120640725,2.1936872,4.0720224,0.2720479,0.29000795,1.1272653,IDP-ESM2-8M,67,300,0.15770626068115234,1.0552077293395996,0.02170304424982411,0.029525339603424072,0.16997257793473897
Q66544,1.517062425613403,3.733175039291382,0.5764862557752297,0.453438937664032,0.5050724234030552,1.4064656,3.3831897,0.5517333,0.4377447,0.546028,IDP-ESM2-8M,67,300,0.11059677600860573,0.34998536109924316,0.024752940784232402,0.015694230794906616,0.04095559459468645
Q66546,1.6301345825195312,3.8816328048706055,0.5228290663210228,0.4086508452892303,0.582835434451462,1.6235654,3.9162543,0.57134366,0.46048385,0.5286809,IDP-ESM2-8M,67,300,0.0065691471099853516,0.034621477127075195,0.048514594033591485,0.05183300375938421,0.05415451385057091
Q66550,3.3490970134735107,7.985440731048584,0.5659242563325325,0.444598913192749,0.561692454592846,2.9965413,7.0241776,0.53286624,0.4230445,0.6190838,IDP-ESM2-8M,67,300,0.3525557518005371,0.9612631797790527,0.033058016784803024,0.021554410457611084,0.05739136718068305
Q66741,1.542862057685852,3.758380174636841,0.5860430094960672,0.4702078998088836,0.5410359624098086,1.6942039,4.0186634,0.55469084,0.45136875,0.5774893,IDP-ESM2-8M,67,300,0.15134179592132568,0.2602832317352295,0.031352171635959825,0.018839150667190496,0.0364533540536619
Q67285,1.979526400566101,4.758676052093506,0.5258391117817188,0.410072922706604,0.576652651173825,1.8172737,4.30124,0.5190437,0.40311533,0.592282,IDP-ESM2-8M,67,300,0.16225266456604004,0.45743608474731445,0.006795427775981522,0.006957590579986572,0.01562934603000188
Q68556,1.7223049402236938,4.021061897277832,0.5415812725373584,0.4455942213535309,0.5934380261649732,1.6660497,3.945358,0.54104245,0.43384314,0.5811849,IDP-ESM2-8M,67,300,0.056255221366882324,0.07570385932922363,0.0005388254472095122,0.01175108551979065,0.01225310251613898
Q68628,3.0889885425567627,7.31822395324707,0.5249352379951582,0.4005106985569,0.6119475441329844,3.210486,7.437843,0.5055621,0.4020655,0.66946584,IDP-ESM2-8M,67,300,0.12149739265441895,0.11961889266967773,0.01937311135865305,0.0015547871589660645,0.05751829572983913
Q68967,3.006296396255493,7.463990688323975,0.6006610303771988,0.449522465467453,0.5266830879703147,3.0144165,7.3107805,0.58661914,0.45985878,0.5384606,IDP-ESM2-8M,67,300,0.008120059967041016,0.15321016311645508,0.01404189165954739,0.010336309671401978,0.011777524326743394
Q68UW8,1.4810948371887207,3.687974452972412,0.5804466513868974,0.4602592885494232,0.5266931263195685,1.4816128,3.5216205,0.5458125,0.43639517,0.56246793,IDP-ESM2-8M,67,300,0.0005179643630981445,0.16635394096374512,0.03463416378466355,0.02386412024497986,0.03577480638154229
Q69018,2.45841908454895,5.776176929473877,0.5867771816889973,0.49660325050354,0.5406871550254676,2.4383013,5.554004,0.51780194,0.42810658,0.68260866,IDP-ESM2-8M,67,300,0.020117759704589844,0.22217273712158203,0.06897524124786569,0.06849667429924006,0.14192150901032952
Q69073,1.9076553583145144,4.668782234191895,0.5428499093334153,0.4143781363964081,0.5619430720494419,1.9110732,4.541108,0.54079515,0.42600518,0.5662453,IDP-ESM2-8M,67,300,0.003417849540710227,0.127674102783204,0.002054761914439429,0.011627048254013062,0.004302245409664507
Q69092,1.826509952545166,4.050954818725586,0.4478915360000027,0.4042229056358337,0.6934729736799922,1.7081716,3.6451356,0.42956996,0.37038648,0.7666378,IDP-ESM2-8M,67,300,0.11833834648132324,0.4058191776275635,0.01832157635949977,0.03383642435073847,0.07316482844403127
Q69144,2.380368709564209,5.531784534454346,0.5207934353517472,0.406330794095993,0.5757496634863409,2.3588889,5.500617,0.5350659,0.42875785,0.56279737,IDP-ESM2-8M,67,300,0.02147984504699707,0.03116750717163086,0.01427245400677335,0.022427052259445246,0.01295229591355651
Q69192,1.7641640901565552,3.959692478179932,0.4705283104221359,0.3855941295623779,0.6888459246612519,1.8266821,4.2401505,0.5457777,0.45953903,0.6064602,IDP-ESM2-8M,67,300,0.06251800060272217,0.28045797348022417,0.07524936806754917,0.07394489645957952,0.08238571100005809
Q69220,2.1271238327026367,5.128854751586914,0.553272971938911,0.425658643245697,0.5573215989492718,2.1741002,5.241283,0.5526335,0.4290865,0.5564538,IDP-ESM2-8M,67,300,0.046976327896118164,0.11242818832397461,0.0006394479978709677,0.003427863121032715,0.0008677749059978757
Q69CH6,5.038883686065674,11.860620498657228,0.561501337960687,0.4370525479316711,0.6089887090318437,4.796412,11.419064,0.567832,0.44746843,0.6009209,IDP-ESM2-8M,67,300,0.24247169494628906,0.44155693054199396,0.0063306551423403246,0.01041588187217718,0.00806779342820596
Q69CK3,1.783225417137146,4.420551300048828,0.5743360179746464,0.4545329213142395,0.5350396751091998,1.670162,4.025725,0.5544347,0.44044057,0.5509369,IDP-ESM2-8M,67,300,0.11306345462799072,0.39482641220092773,0.019901301273138827,0.014092355966567993,0.015897202618308737
Q69CL1,1.7435808181762695,4.141992568969727,0.5308415502674033,0.4169617593288421,0.5940601916387585,1.8301883,4.4011292,0.55844206,0.4452117,0.5592389,IDP-ESM2-8M,67,300,0.08660745620727539,0.2591366767883301,0.027600505911643314,0.028249949216842707,0.03482128096370962
Q6DN18,2.2132582664489746,5.199740409851074,0.5477006421240416,0.4347025156021118,0.5696366600003273,2.2922535,5.5452046,0.5602367,0.43205497,0.5536958,IDP-ESM2-8M,67,300,0.0789952278137207,0.34546422958374023,0.012536050304547297,0.0026475489139556885,0.01594086208010026
Q6GZR0,1.9490258693695068,4.488067150115967,0.532617193523242,0.3995068371295929,0.569717658293366,1.6774223,4.05656,0.56585073,0.4496627,0.5326183,IDP-ESM2-8M,67,300,0.2716035842895508,0.4315071105957031,0.033233541187451365,0.050155848264694214,0.03709937406790209
Q6I8V7,1.800296664237976,4.424015998840332,0.5357759264971679,0.4245689809322357,0.5808949125585071,2.1360843,5.0307426,0.528865,0.41772634,0.5871622,IDP-ESM2-8M,67,300,0.33578765392303467,0.6067266464233398,0.006910946753210356,0.0068426430225372314,0.006267284077692836
Q6IWY9,2.51767635345459,6.207758903503418,0.5828818210016268,0.4499844312667846,0.5120610515632703,2.5121233,6.083208,0.58838964,0.45895374,0.50923604,IDP-ESM2-8M,67,300,0.005553007125854492,0.12455081939697266,0.005507814084432794,0.008969306945800837,0.0028250138320996543
Q6J7X0,1.857953667640686,4.408538341522217,0.5791202187028482,0.4711844623088836,0.5511749001613139,1.7843736,4.222101,0.53553134,0.43724966,0.6216777,IDP-ESM2-8M,67,300,0.07358002662658691,0.18643712997436523,0.04358887667327671,0.03393480181694025,0.07050279654355063
Q6JIB3,2.6602258682250977,6.050790786743164,0.4796848085455745,0.3803263008594513,0.6733125454316714,2.7419777,6.4107447,0.514662,0.40686852,0.6180605,IDP-ESM2-8M,67,300,0.08175182342529297,0.3599538803100586,0.034977218813434297,0.026542216539382935,0.05525201619964626
Q6JKC4,3.165966987609864,7.5184326171875,0.6059432902485201,0.4827956259250641,0.5527129767126582,3.2900157,7.9270988,0.58736736,0.4619621,0.57476544,IDP-ESM2-8M,67,300,0.12404870986938388,0.40866613388061523,0.01857593442500327,0.020833522081375122,0.022052467089221706
Q6JPE0,3.357724905014038,7.8197197914123535,0.5807542374031861,0.464720606803894,0.5800176935145499,3.5863245,8.476126,0.55634475,0.44072753,0.61953473,IDP-ESM2-8M,67,300,0.22859954833984375,0.6564059257507324,0.02440948985985114,0.02399307489395136,0.03951703739670498
Q6L620,2.757244825363159,6.664008617401123,0.523056699116919,0.4107556641101837,0.6017711246002676,2.6166894,6.114082,0.5071227,0.39844486,0.62655395,IDP-ESM2-8M,67,300,0.14055538177490234,0.5499267578125,0.015934003670904584,0.012310802936553955,0.024782828093671605
Q6L8S9,2.8970284461975098,6.647912502288818,0.5154727784286767,0.4167699515819549,0.6367964539390418,2.73838,6.4751205,0.54640096,0.43029705,0.57955325,IDP-ESM2-8M,67,300,0.15864849090576172,0.1727919578552246,0.03092818583142465,0.013527095317840632,0.05724320744093392
Q6LAM5,2.7027411460876465,6.286890983581543,0.4904566274825103,0.3838620781898498,0.6577544478531998,2.5876112,5.990922,0.49755073,0.39232576,0.6456676,IDP-ESM2-8M,67,300,0.11512994766235352,0.29596900939941406,0.007094098454379361,0.008463680744171198,0.012086835300556986
Q6PNN9,3.301457405090332,7.771319389343262,0.5272285344708778,0.4172213673591614,0.6109899148451664,3.4199607,8.007022,0.5366231,0.42401358,0.6178375,IDP-ESM2-8M,67,300,0.11850333213806152,0.2357025146484375,0.009394585837044556,0.006792217493057251,0.006847573806109231
Q6PNP1,3.1800005435943604,7.277095794677734,0.5008537842810442,0.4007559716701507,0.6526496295778876,3.2956574,7.6703196,0.5275975,0.4222056,0.6281137,IDP-ESM2-8M,67,300,0.11565685272216797,0.39322376251220703,0.026743702691764626,0.021449625492096003,0.024535942539466005
Q6Q435,1.559200882911682,3.618063449859619,0.5229466883833794,0.4287348985671997,0.6019639671037955,1.5174354,3.7097578,0.5790229,0.46620697,0.52725905,IDP-ESM2-8M,67,300,0.04176545143127419,0.09169435501098633,0.05607619598551705,0.03747206926345825,0.07470491530402135
Q6QDP2,2.5239388942718506,5.962162017822266,0.5087490460045316,0.391497254371643,0.6133863497081112,2.5348277,5.8937035,0.50681514,0.39403936,0.62302804,IDP-ESM2-8M,67,300,0.010888814926147461,0.06845855712890625,0.0019339105255582467,0.002542108297348078,0.009641690224139743
Q6QDP3,2.586484670639038,5.886585235595703,0.520029523501512,0.4002785384654999,0.6051007317797792,2.5601401,6.0118217,0.514376,0.39752078,0.6056886,IDP-ESM2-8M,67,300,0.02634453773498535,0.12523651123046875,0.005653538832780303,0.0027577579021453857,0.0005878401501524522
Q6QK79,2.346021175384521,5.431090831756592,0.5072285410623789,0.3936605751514435,0.6414720254389623,2.2617753,5.3133497,0.5318853,0.4239765,0.6063687,IDP-ESM2-8M,67,300,0.08424592018127397,0.11774110794067383,0.024656784846281976,0.030315935611724854,0.03510330490749869
Q6QPN2,1.572451949119568,3.895301580429077,0.5655910876545672,0.4358919560909271,0.5305055309475735,1.4731898,3.5493503,0.5631603,0.44581512,0.53035176,IDP-ESM2-8M,67,300,0.0992621183395388,0.3459513187408447,0.0024307873997454488,0.009923160076141357,0.00015377294433860378
Q6QQZ8,2.4829463958740234,5.748477935791016,0.4969058638016938,0.3843698799610138,0.6304543723669916,2.6062834,6.1096597,0.5132399,0.39595956,0.6085691,IDP-ESM2-8M,67,300,0.1233370304107666,0.36118173599243164,0.01633405633761892,0.011589676141738892,0.0218852867689997
Q6QX44,2.568654775619507,6.43458366394043,0.6347801533951675,0.4979723691940307,0.5136736272535618,2.6253688,6.4787006,0.6291592,0.49301267,0.51818806,IDP-ESM2-8M,67,300,0.05671405792236328,0.044116973876953125,0.00562094128274071,0.004959702491760198,0.004514432076424768
Q6QX45,2.533773422241211,6.354492664337158,0.6205349927440906,0.4819565117359161,0.5200781996924354,2.564414,6.3588243,0.62717354,0.49102232,0.5174283,IDP-ESM2-8M,67,300,0.030640602111816406,0.0043315887451171875,0.006638550232288765,0.009065806865692194,0.0026499207694007376
Q6QXN6,2.395239353179932,5.903630256652832,0.6011871046676812,0.468485414981842,0.5224232408997775,2.4731157,6.0380974,0.6003924,0.4714467,0.51636195,IDP-ESM2-8M,67,300,0.07787632942199663,0.13446712493896484,0.0007947034492669092,0.0029612779617310125,0.0060612890717746115
Q6RJI1,2.235136747360229,5.233375072479248,0.5163865267829736,0.4047879874706268,0.6098477360142788,2.2420979,5.219799,0.50711924,0.39939594,0.6297773,IDP-ESM2-8M,67,300,0.006961107254028764,0.013576030731201172,0.009267288406356156,0.005392044782638494,0.019929576264468785
Q6SL65,2.190200090408325,5.558782577514648,0.6309597129208535,0.501046359539032,0.4993089016061801,2.0447361,5.041505,0.60869986,0.4854595,0.53027,IDP-ESM2-8M,67,300,0.1454639434814453,0.517277717590332,0.02225985473222436,0.01558685302734375,0.03096107882442295
Q6SPV7,2.226480484008789,5.2870917320251465,0.5429238155304947,0.4252864122390747,0.5877573610834811,2.0760922,4.852343,0.5231675,0.41773993,0.60724205,IDP-ESM2-8M,67,300,0.15038824081420898,0.43474864959716797,0.019756324571327255,0.007546484470367432,0.019484686703231557
Q6SPW0,2.0580801963806152,4.791141986846924,0.5466770516348369,0.4296363890171051,0.5742025354220122,2.0947075,4.9322324,0.53354806,0.42341143,0.5873425,IDP-ESM2-8M,67,300,0.03662729263305664,0.14109039306640625,0.013128994555521745,0.006224960088729858,0.013139965264633346
Q6SPW6,2.1695804595947266,5.043977737426758,0.552981511634642,0.4418242573738098,0.5749617561987144,2.0436168,4.8098984,0.53160506,0.42509034,0.5952272,IDP-ESM2-8M,67,300,0.12596368789672852,0.23407936096191406,0.02137644676571504,0.016733914613723755,0.020265425712754137
Q6TNN1,1.7524871826171875,4.130025863647461,0.5354443231394044,0.4314078390598297,0.5651487826603275,1.7054416,4.052074,0.5447199,0.43370417,0.56005037,IDP-ESM2-8M,67,300,0.04704558849334717,0.07795190811157227,0.009275551719451824,0.0022963285446166992,0.005098414351306535
Q6TVK4,4.831321716308594,11.716652870178224,0.567951928652845,0.4457817673683166,0.5856972130173522,4.311878,10.249208,0.55376995,0.4307047,0.61202306,IDP-ESM2-8M,67,300,0.5194435119628906,1.4674444198608416,0.014181982554517414,0.015077054500579778,0.026325842536084054
Q6TVY4,5.090649604797363,12.006648063659668,0.5515950897568564,0.4325287640094757,0.6182798616392916,5.044873,12.019495,0.5659353,0.43847224,0.5972657,IDP-ESM2-8M,67,300,0.0457763671875,0.012846946716308594,0.01434022394477319,0.005943477153778076,0.021014141271859965
Q6U9S1,2.224593162536621,5.410158634185791,0.5529527049669645,0.439848780632019,0.5518755256940091,2.1684616,5.194136,0.5463737,0.4263478,0.56544036,IDP-ESM2-8M,67,300,0.056131601333618164,0.21602249145507812,0.006578980029525505,0.0135009884834289,0.013564831037405689
Q6UDH5,1.8780081272125244,4.508701324462891,0.532951634740791,0.4196270704269409,0.5893694041243354,1.7558483,3.8937657,0.4709353,0.3965653,0.6963137,IDP-ESM2-8M,67,300,0.12215983867645264,0.6149356365203857,0.06201631984706846,0.023061782121658325,0.10694427509395688
Q6UGK8,1.8157479763031008,4.310762882232666,0.5680889736619045,0.4455533623695373,0.5475632910459438,1.8860755,4.5740047,0.56760836,0.45095804,0.5469811,IDP-ESM2-8M,67,300,0.07032752037048318,0.2632417678833008,0.00048061718607439463,0.005404680967330988,0.0005821947782436165
Q6VB58,1.8730816841125488,4.578416347503662,0.5477194154774168,0.443918377161026,0.5479091729908592,1.8462839,4.3382425,0.51869583,0.40854788,0.5898934,IDP-ESM2-8M,67,300,0.026797771453857422,0.2401738166809082,0.029023584178588635,0.03537049889564514,0.04198422767823873
Q6VB60,2.4121968746185303,5.853138446807861,0.511619256989197,0.3932521939277649,0.6065718494934317,2.6630127,6.216112,0.5266214,0.41563952,0.58621264,IDP-ESM2-8M,67,300,0.25081586837768555,0.362973690032959,0.015002144320770072,0.022387325763702393,0.020359214453148478
Q6VB61,2.809426784515381,6.420488357543945,0.5328678356452663,0.424326092004776,0.579144751471677,2.8494885,6.6930676,0.51923335,0.40529674,0.60670733,IDP-ESM2-8M,67,300,0.04006171226501465,0.2725791931152344,0.013634489659853699,0.019029349088668823,0.02756258304675563
Q6VB71,1.8711520433425903,4.421854972839356,0.5460729252914949,0.4247683584690094,0.5513532138201858,1.8764724,4.612835,0.5730193,0.44662294,0.51768357,IDP-ESM2-8M,67,300,0.005320310592651367,0.19097995758056552,0.026946400441689944,0.02185457944869995,0.033669648203578095
Q6VTP7,2.427150249481201,6.1994829177856445,0.6422298403023741,0.4917921721935272,0.5089587983221532,2.8058298,6.953931,0.6593763,0.5259989,0.49740952,IDP-ESM2-8M,67,300,0.3786795139312744,0.7544479370117188,0.017146482920739947,0.03420671820640564,0.011549275788736435
Q6VV29,1.4821395874023438,3.6686606407165527,0.5689100137955452,0.4463496804237366,0.5027204839610787,1.6040182,3.9438028,0.5804485,0.45793995,0.4820963,IDP-ESM2-8M,67,300,0.12187862396240234,0.27514219284057617,0.0115384944670891,0.011590272188186646,0.020624169530841896
Q6VV44,1.4814459085464478,3.5226593017578125,0.5478162520556156,0.4280592799186706,0.5338551378367681,1.7200289,4.2167497,0.586525,0.46304476,0.48117143,IDP-ESM2-8M,67,300,0.23858296871185303,0.6940903663635254,0.038708770927935454,0.03498548269271856,0.052683708679511
Q6VXF3,1.4885406494140625,3.6052749156951904,0.5694902353998433,0.4664764404296875,0.5332877162409555,1.4981875,3.597325,0.5625105,0.45198086,0.5346819,IDP-ESM2-8M,67,300,0.009646892547607422,0.0079498291015625,0.006979744982362868,0.01449558138847351,0.0013941999959219409
Q6VY62,2.266167402267456,5.458067417144775,0.6045407135740564,0.458480566740036,0.528631092746106,1.9878145,4.740443,0.5459477,0.4533647,0.6134551,IDP-ESM2-8M,67,300,0.27835285663604736,0.7176241874694824,0.05859304263747189,0.005115866661071777,0.08482402400270384
Q6VZE3,2.2628333568573,5.367588043212891,0.5735474799180568,0.4458824098110199,0.5405640290188174,2.3722057,5.719741,0.5585239,0.4350173,0.56681997,IDP-ESM2-8M,67,300,0.10937237739562988,0.35215282440185547,0.015023586561733526,0.010865122079849243,0.026255936820568593
Q6VZT0,2.1766622066497803,5.27756404876709,0.5763559885012244,0.4528835415840149,0.5358563772608966,2.1357727,5.1920795,0.57106984,0.44555482,0.55792475,IDP-ESM2-8M,67,300,0.04088950157165527,0.08548450469970703,0.005286151884708268,0.007328718900680542,0.022068370206144383
Q6WHL7,2.131894826889038,5.01432991027832,0.583176907324865,0.4664879739284515,0.541969412205483,2.06113,4.840526,0.5411244,0.44343752,0.619668,IDP-ESM2-8M,67,300,0.07076478004455566,0.17380380630493164,0.04205250384814996,0.023050457239150945,0.07769859469148965
Q6WY30,2.5422840118408203,5.768303394317627,0.4862619945465924,0.3858581483364105,0.670012576619166,2.4856207,5.834051,0.5167671,0.40859428,0.6154062,IDP-ESM2-8M,67,300,0.05666327476501465,0.06574773788452148,0.030505090051948847,0.02273613214492798,0.05460636142827857
Q6YH51,7.625787734985352,18.7159423828125,0.6321156198842125,0.508216381072998,0.5790772817628673,5.5017724,13.173151,0.5761921,0.45844287,0.6853862,IDP-ESM2-8M,67,300,2.1240153312683105,5.542791366577148,0.05592353890963364,0.04977351427078247,0.10630889911481822
Q6YH62,2.5880126953125,6.094988822937012,0.5375133538827445,0.4106459021568298,0.5653184882661517,2.664936,6.2839785,0.5251173,0.41249228,0.59576195,IDP-ESM2-8M,67,300,0.07692337036132812,0.18898963928222656,0.012396075783684402,0.001846373081207331,0.03044346651824159
Q70EH9,2.355821132659912,5.54519510269165,0.530594773437522,0.4114401936531067,0.5822077049501029,2.315518,5.375986,0.50632364,0.39772418,0.6219495,IDP-ESM2-8M,67,300,0.04030323028564453,0.16920900344848633,0.02427113785936652,0.013716012239456177,0.039741788934937405
Q70EI1,2.321039915084839,5.358846664428711,0.5191303398883007,0.3958155810832977,0.5964726299827592,2.3937001,5.566215,0.5121285,0.40047586,0.60792667,IDP-ESM2-8M,67,300,0.07266020774841309,0.2073683738708496,0.007001867560114672,0.004660278558731135,0.0114540367538436
Q70EI2,2.2539639472961426,5.410141468048096,0.5195113829631799,0.3927766382694244,0.5782889734359291,2.4125845,5.5852633,0.49939924,0.39463392,0.6371583,IDP-ESM2-8M,67,300,0.15862059593200684,0.17512178421020508,0.020112138177871053,0.0018572807312012274,0.05886930121464462
Q70EI3,2.6619467735290527,6.418622970581055,0.5192946528571439,0.3966785371303558,0.6054465629399313,2.787713,6.4369774,0.5012043,0.393146,0.6395305,IDP-ESM2-8M,67,300,0.12576627731323242,0.018354415893554688,0.018090341009457167,0.0035325288772582453,0.03408391696805824
Q70EI6,2.851761817932129,6.854816436767578,0.5678599525869269,0.4428705871105194,0.5375035314599924,2.7047768,6.367893,0.53123295,0.41867852,0.5975875,IDP-ESM2-8M,67,300,0.14698505401611328,0.4869232177734375,0.03662699951533266,0.024192065000534058,0.06008399438458156
Q70EI7,2.32140588760376,5.594510555267334,0.5378643384770447,0.4110851287841797,0.5595215755256523,2.3534791,5.51184,0.51759666,0.40155816,0.5967942,IDP-ESM2-8M,67,300,0.03207325935363725,0.08267068862915039,0.020267676432519588,0.009526968002319336,0.03727261249696123
Q70EJ0,3.09393310546875,7.579602241516113,0.5589844978283832,0.4465241134166717,0.5559381348266207,3.0457838,7.1878405,0.54295146,0.4272178,0.58710694,IDP-ESM2-8M,67,300,0.04814934730529785,0.39176177978515625,0.016033033175368083,0.01930630207061762,0.031168808303872475
Q70GQ7,1.885117650032044,4.377340793609619,0.5105930019536271,0.3985294997692108,0.6056012526017611,1.8594894,4.405374,0.52583724,0.41369635,0.5749214,IDP-ESM2-8M,67,300,0.02562820911407515,0.02803325653076172,0.01524424064967489,0.01516684889793396,0.03067982344450404
Q70VJ7,2.302663326263428,5.342514514923096,0.5183224742408404,0.4136684536933899,0.6055087853133291,2.3270695,5.4732347,0.53138626,0.42218947,0.5904542,IDP-ESM2-8M,67,300,0.024406194686889204,0.1307201385498047,0.013063781977116107,0.008521020412445068,0.015054564541539528
Q70VK5,2.292358160018921,5.216641426086426,0.494888076291933,0.3944695293903351,0.6516541478406728,2.387303,5.527842,0.51354766,0.41249844,0.62791747,IDP-ESM2-8M,67,300,0.09494495391845703,0.3112006187438965,0.018659582628355098,0.01802891492843628,0.023736679292851726
Q70VN3,2.4672887325286865,5.889421463012695,0.5324669329903694,0.4111112356185913,0.584149001475763,2.4146056,5.654997,0.5309176,0.4224424,0.59334254,IDP-ESM2-8M,67,300,0.052683115005493164,0.23442459106445312,0.001549348094281755,0.011331170797348022,0.009193541172552444
Q70VN5,2.3996682167053223,5.527461051940918,0.5004123326140942,0.3953085243701935,0.6395693945134394,2.4357111,5.6443896,0.5047195,0.40323448,0.63955575,IDP-ESM2-8M,67,300,0.03604292869567871,0.1169285774230957,0.0043071631592211945,0.007925957441329956,1.3642236065147806e-05
Q70VQ5,2.485011339187622,5.915930271148682,0.5369003488112964,0.4241958856582641,0.5833456402656271,2.4062285,5.6163087,0.522719,0.4142753,0.604349,IDP-ESM2-8M,67,300,0.07878279685974121,0.29962158203125,0.014181323199419005,0.00992059707641596,0.021003376877622437
Q70VR9,2.0981602668762207,4.91445255279541,0.4927962568798735,0.3719899654388428,0.6406132120961586,2.201161,5.1757026,0.5279244,0.41858092,0.59046,IDP-ESM2-8M,67,300,0.10300064086914062,0.26125001907348633,0.03512816156952836,0.046590954065322876,0.05015320967382586
Q70VT5,2.409777879714966,5.465031147003174,0.4959999667056536,0.3774673342704773,0.6527670609922136,2.376905,5.5574236,0.5243447,0.41747823,0.6049439,IDP-ESM2-8M,67,300,0.032872915267944336,0.0923924446105957,0.02834471598782784,0.04001089930534363,0.04782318949410569
Q70VT7,2.2740671634674072,5.106021881103516,0.4975642276435819,0.3776080310344696,0.643136003288531,2.293218,5.364435,0.525739,0.41884366,0.6014236,IDP-ESM2-8M,67,300,0.019150733947753906,0.25841331481933594,0.028174786505130278,0.04123562574386597,0.041712382110857704
Q716F8,1.868253231048584,4.514596462249756,0.5538504108787995,0.4206230640411377,0.5579507427009343,1.8670923,4.5745807,0.583824,0.46036392,0.5253349,IDP-ESM2-8M,67,300,0.0011609792709350586,0.05998420715332031,0.02997356802210993,0.03974086046218872,0.032615848043799245
Q719M9,2.175209045410156,4.980372905731201,0.4263329918517117,0.4028970003128052,0.8203185509330588,2.5697958,5.989179,0.5416808,0.4567309,0.6174273,IDP-ESM2-8M,67,300,0.3945868015289311,1.0088062286376953,0.11534782098398166,0.05383390188217163,0.20289126144712744
Q71BY2,2.827131986618042,6.517589092254639,0.5431402815859638,0.4208239018917084,0.5770154896629915,3.076337,7.2699647,0.5391328,0.4213188,0.5917222,IDP-ESM2-8M,67,300,0.2492051124572754,0.752375602722168,0.00400750770977365,0.0004948973655700684,0.014706700717104892
Q73233,1.5014801025390625,3.525797843933105,0.5599472865398949,0.4527789056301117,0.5531192314869736,1.4917128,3.574149,0.55943257,0.45263037,0.5590805,IDP-ESM2-8M,67,300,0.009767293930053711,0.04835104942321822,0.0005147203739708228,0.00014853477478027344,0.005961250042262223
Q75QS2,2.6424920558929443,6.474318027496338,0.5336288139178198,0.4070957601070404,0.611532885341625,2.6223009,6.198788,0.5298209,0.41659406,0.61409795,IDP-ESM2-8M,67,300,0.020191192626953125,0.2755298614501953,0.0038078948809545654,0.009498298168182373,0.0025650675010874258
Q75QS3,2.5629546642303467,6.194577217102051,0.5691473033195151,0.4357698857784271,0.5430770228967888,2.6127307,6.270288,0.5511326,0.42654967,0.57379085,IDP-ESM2-8M,67,300,0.04977607727050781,0.07571077346801758,0.018014683938564202,0.009220212697982788,0.03071382535836864
Q75QT5,2.460181474685669,5.9583916664123535,0.5350244943186833,0.419938176870346,0.5982612422430772,2.3593912,5.6208973,0.5374777,0.41960615,0.5887139,IDP-ESM2-8M,67,300,0.10079026222229004,0.3374943733215332,0.002453177781383875,0.00033202767372125797,0.0095473578894395
Q75QT6,2.566524744033813,5.953392505645752,0.5173375478387128,0.404754102230072,0.6284503855189125,2.7693524,6.6096296,0.54406023,0.42320135,0.5877037,IDP-ESM2-8M,67,300,0.2028276920318608,0.6562371253967285,0.02672268241641418,0.01844725012779236,0.04074668068492815
Q75R01,2.159761905670166,5.133176326751709,0.5265404362437495,0.4101608395576477,0.5951435846280184,2.0521073,4.812926,0.5313855,0.42097116,0.59465253,IDP-ESM2-8M,67,300,0.10765457153320312,0.3202505111694336,0.004845045113824997,0.010810315608978271,0.0004910510968294535
Q75ZR8,2.4880266189575195,5.727643966674805,0.5247707082225932,0.4127167463302612,0.5894172185201019,2.549406,5.9911513,0.5230663,0.40406302,0.5890807,IDP-ESM2-8M,67,300,0.061379432678222656,0.2635073661804199,0.001704425950254329,0.00865373015403742,0.0003365271825164218
Q75ZS3,2.4018988609313965,5.670812606811523,0.5124885231467603,0.3882860541343689,0.590270970298648,2.54538,5.98432,0.52397037,0.40436095,0.58245945,IDP-ESM2-8M,67,300,0.14348125457763672,0.3135075569152832,0.011481842377531692,0.01607489585876465,0.007811520530581539
Q75ZS7,2.532591819763184,5.908428192138672,0.5433280234382212,0.4279199540615082,0.5621622136300314,2.456942,5.7459984,0.51066583,0.3949981,0.61151016,IDP-ESM2-8M,67,300,0.07564973831176802,0.1624298095703125,0.03266218948817845,0.03292185068130493,0.04934794395511266
Q76745,1.6581584215164185,4.01824951171875,0.581560896221056,0.4698268175125122,0.5355136820125336,1.7857996,4.3913836,0.59153086,0.46643353,0.51558053,IDP-ESM2-8M,67,300,0.1276412010192871,0.37313413619995117,0.009969963249311431,0.0033932924270629883,0.019933147077536018
Q77369,1.948449730873108,4.620036602020264,0.529521056454016,0.4335610270500183,0.5834183942026043,1.9772663,4.5312257,0.4988962,0.40816924,0.63017315,IDP-ESM2-8M,67,300,0.028816580772399902,0.08881092071533203,0.030624845068289108,0.02539178729057312,0.0467547525220966
Q778N1,2.5458643436431885,5.873696327209473,0.5144344004001222,0.401195079088211,0.6251007114576848,2.5064142,5.8339977,0.51147723,0.40647322,0.622095,IDP-ESM2-8M,67,300,0.03945016860961914,0.03969860076904297,0.00295716842075211,0.005278140306472834,0.003005722634747743
Q77F13,3.3807973861694336,8.447208404541016,0.6566030759313287,0.5157067775726318,0.5160359649067825,3.2489302,8.119015,0.6405817,0.50649834,0.5457976,IDP-ESM2-8M,67,300,0.1318671703338623,0.32819366455078125,0.01602134890343565,0.009208440780639648,0.029761621534257543
Q77IW3,3.667006492614746,9.02072048187256,0.6358428979470659,0.4997164607048034,0.4943010894200745,3.614583,8.6988,0.5665933,0.43764013,0.56048566,IDP-ESM2-8M,67,300,0.05242347717285156,0.3219203948974627,0.06924960857176077,0.06207633018493647,0.06618457160974117
Q77MY7,3.0946688652038574,7.360528469085693,0.5464783720974997,0.4180561006069183,0.5764968899324167,3.0377853,7.156002,0.5370942,0.41934964,0.5960859,IDP-ESM2-8M,67,300,0.05688357353210449,0.20452642440795898,0.009384196281917445,0.0012935400009155829,0.019589016096330902
Q78226,1.7475634813308716,4.084605693817139,0.5402136842218744,0.4447835683822632,0.5790782594906076,1.8408757,4.2423086,0.5073777,0.41233107,0.61205125,IDP-ESM2-8M,67,300,0.09331226348876953,0.15770292282104492,0.03283600010551091,0.03245249390602112,0.03297298905980739
Q78501,1.432838797569275,3.3875572681427,0.5176555660695416,0.4173686504364013,0.5884915015621666,1.432838,3.3800435,0.5578079,0.4614594,0.5645844,IDP-ESM2-8M,67,300,8.344650268554688e-07,0.007513761520385742,0.0401523562937397,0.04409074783325201,0.023907127134371153
Q78643,2.123698234558105,4.968486785888672,0.519560616859659,0.4064994156360626,0.6145149815898475,2.126813,4.962302,0.5167873,0.41413042,0.6179354,IDP-ESM2-8M,67,300,0.0031147003173832566,0.006184577941894531,0.002773326286538924,0.0076310038566589355,0.0034204374927940817
Q78646,2.080897569656372,4.810916900634766,0.5024195005642319,0.3968080878257751,0.6305659569791668,2.150515,5.0751967,0.53262293,0.4248694,0.59282315,IDP-ESM2-8M,67,300,0.06961750984191895,0.264279842376709,0.030203432823524445,0.028061300516128596,0.037742809205424166
Q78648,2.1106977462768555,5.095232963562012,0.5420234915534131,0.420842707157135,0.5675764343471431,2.2132797,5.1829276,0.5278888,0.42168754,0.5912768,IDP-ESM2-8M,67,300,0.10258197784423828,0.08769464492797852,0.014134716681586945,0.0008448362350463867,0.023700390127191606
Q78649,2.1691126823425293,5.012169361114502,0.5280913977689979,0.4175859093666076,0.6047836943522646,2.1608994,5.0592127,0.52045333,0.41704547,0.6134834,IDP-ESM2-8M,67,300,0.008213281631469727,0.0470433235168457,0.007638063914322646,0.0005404353141784113,0.00869973460281348
Q78652,2.1944706439971924,5.236894607543945,0.539476438157419,0.4241620004177093,0.5841282303287124,2.2047296,5.1956186,0.5338144,0.4257573,0.59016985,IDP-ESM2-8M,67,300,0.010258913040161133,0.041275978088378906,0.0056620675252473385,0.001595288515090998,0.006041616682853745
Q78653,2.158559560775757,5.019076347351074,0.5243930032449136,0.4316222369670868,0.60821983829007,2.1837497,5.1091795,0.5203364,0.4165583,0.6098393,IDP-ESM2-8M,67,300,0.025190114974975586,0.0901031494140625,0.0040566137032875815,0.015063941478729248,0.0016194818927303123
Q79401,2.396623611450196,5.142545223236084,0.4507832064834728,0.3672207295894623,0.7358163752929183,2.6243172,6.052824,0.49554372,0.39742267,0.6497871,IDP-ESM2-8M,67,300,0.22769355773925692,0.9102787971496582,0.044760511854539886,0.03020194172859192,0.08602924732126915
Q7LZ01,1.5330451726913452,3.666823148727417,0.5637863154905638,0.4815719723701477,0.5472100245629485,1.4309878,3.3623493,0.5433173,0.44357914,0.5716577,IDP-ESM2-8M,67,300,0.10205733776092529,0.304473876953125,0.02046899752791731,0.03799283504486084,0.024447692664987253
Q7LZT9,1.5470428466796875,3.795819759368897,0.5955119864868412,0.4761957824230194,0.518813619784365,1.6732544,4.092884,0.5885457,0.48141107,0.52903944,IDP-ESM2-8M,67,300,0.1262115240097046,0.2970643043518062,0.006966306440759684,0.005215287208557129,0.010225822754850067
Q7SPR3,1.9100348949432373,4.523359775543213,0.5052520253405037,0.3945952653884887,0.6236093196398329,1.9270264,4.548193,0.5302985,0.42215627,0.5849776,IDP-ESM2-8M,67,300,0.016991496086120605,0.024833202362060547,0.025046446110301934,0.027561008930206354,0.038631692839295795
Q7SPR5,1.960156202316284,4.494772434234619,0.5023203665903977,0.3936147391796112,0.6213776871591649,2.0479953,4.832546,0.52750003,0.4173764,0.5846393,IDP-ESM2-8M,67,300,0.08783912658691428,0.33777379989624023,0.02517966678820338,0.023761659860610962,0.03673837632237287
Q7SPR7,1.8883764743804927,4.4770379066467285,0.520034285477614,0.4099671244621277,0.5952729871603116,1.8629625,4.380708,0.5315284,0.4243145,0.58082014,IDP-ESM2-8M,67,300,0.02541399002075151,0.0963296890258789,0.01149412781813186,0.014347374439239502,0.01445284393750279
Q7SPR8,2.1069812774658203,5.0958333015441895,0.5769496289504831,0.4566007256507873,0.5283925182445,2.099309,4.921541,0.5331738,0.4260579,0.59172153,IDP-ESM2-8M,67,300,0.007672309875488281,0.17429208755493164,0.043775829435712565,0.030542820692062322,0.06332901648450395
Q7SPR9,1.9183484315872192,4.555088043212891,0.544595844849057,0.4196150302886963,0.5558446247107539,1.9806073,4.6665835,0.54047513,0.43343085,0.569904,IDP-ESM2-8M,67,300,0.06225883960723877,0.1114954948425293,0.004120714767880229,0.013815820217132568,0.014059404658600339
Q7SPS1,1.9963243007659912,4.672143936157227,0.5216286456068928,0.4147070348262787,0.6014572563643814,1.9654112,4.6636877,0.53256524,0.4218862,0.57184964,IDP-ESM2-8M,67,300,0.030913114547729492,0.008456230163574219,0.010936590484720954,0.007179170846939087,0.02960761218026886
Q7SPW1,2.4497461318969727,5.960259914398193,0.5608473608172888,0.4547930657863617,0.5919551175286492,2.2320747,5.1678233,0.53085405,0.43653038,0.6441073,IDP-ESM2-8M,67,300,0.21767139434814453,0.7924365997314453,0.02999331447253173,0.01826268434524536,0.05215216463306349
Q7T5C0,3.656704902648926,8.52889633178711,0.5347582554206761,0.4145699441432953,0.6139040461862924,3.7047029,8.734767,0.5343006,0.42695254,0.62491345,IDP-ESM2-8M,67,300,0.04799795150756836,0.2058706283569336,0.00045763009642685315,0.012382596731185913,0.011009407869493781
Q7T5F8,3.0711727142333984,7.78337287902832,0.627970382345678,0.4871960580348968,0.5223973298220306,3.2141771,8.073861,0.6834432,0.52346903,0.3924113,IDP-ESM2-8M,67,300,0.1430044174194336,0.29048824310302734,0.05547280632161933,0.03627297282218939,0.1299860382227569
Q7T5M5,2.4955034255981445,5.494396209716797,0.3839457731754742,0.3228391408920288,0.8370445700158922,3.1099944,7.3238387,0.5168131,0.39267698,0.59328717,IDP-ESM2-8M,67,300,0.6144909858703613,1.8294425010681152,0.13286732620883368,0.06983783841133118,0.24375740008257307
Q7T9U3,2.4542911052703857,6.0826568603515625,0.6293675062559412,0.4977986812591553,0.5225445446835012,2.7785473,6.8827934,0.6361028,0.49751922,0.49767765,IDP-ESM2-8M,67,300,0.32425618171691895,0.8001365661621094,0.006735289344949935,0.00027945637702941895,0.024866890655562357
Q7TB66,2.3691372871398926,5.377172946929932,0.5395942958719646,0.4307235479354858,0.5901781861515263,2.3750134,5.6622367,0.54599255,0.42688704,0.5737602,IDP-ESM2-8M,67,300,0.005876064300537109,0.2850637435913086,0.006398257362135729,0.0038365125656127375,0.016417974683783365
Q7TDE5,1.7333195209503174,4.353796482086182,0.6113512801752257,0.4941945672035217,0.5164321738951063,1.6942875,4.0346565,0.56963736,0.46765122,0.5746689,IDP-ESM2-8M,67,300,0.039031982421875,0.3191399574279785,0.041713921986596514,0.02654334902763361,0.05823671038223743
Q7TDG1,2.3886754512786865,5.75335693359375,0.5206160563304928,0.3939337134361267,0.5934962681562423,2.4740345,5.809533,0.5082716,0.39628944,0.6209483,IDP-ESM2-8M,67,300,0.08535909652709961,0.056176185607910156,0.012344481356432735,0.002355724573135376,0.0274520465105057
Q7TDL0,1.9173527956008911,4.859522819519043,0.6240231468728997,0.4977381825447082,0.4841676540551825,1.9415531,4.778598,0.5920809,0.46784803,0.50211525,IDP-ESM2-8M,67,300,0.02420032024383545,0.08092498779296875,0.03194225574054499,0.029890149831771795,0.01794759557860659
Q7TDN1,1.6362494230270386,3.850534915924072,0.5299250172660647,0.428641140460968,0.572077918145949,1.7984035,4.1411123,0.4900084,0.40038288,0.6528906,IDP-ESM2-8M,67,300,0.16215407848358154,0.29057741165161177,0.039916603474408174,0.02825826406478882,0.08081270446986522
Q7TFN9,4.880969047546387,11.369010925292969,0.554268561024899,0.4442249834537506,0.5856639481475511,4.7766232,11.276467,0.5428267,0.42610058,0.602278,IDP-ESM2-8M,67,300,0.10434579849243164,0.0925436019897461,0.01144184889339872,0.018124401569366455,0.016614046008332717
Q7TG50,1.7014172077178955,4.1719512939453125,0.5496339750988095,0.425939530134201,0.5410429569232824,1.6420944,3.9334776,0.5408488,0.42682883,0.55569017,IDP-ESM2-8M,67,300,0.05932283401489258,0.23847365379333496,0.008785183499535831,0.0008893013000488836,0.014647212411129207
Q7THH5,1.4540058374404907,3.503345251083374,0.5569073745573324,0.4494409263134002,0.5494116774998705,1.5232497,3.7472143,0.5821326,0.46009457,0.5111822,IDP-ESM2-8M,67,300,0.0692439079284668,0.24386906623840332,0.02522520333878575,0.010653644800186213,0.03822948851213859
Q7THI5,1.48261296749115,3.616211891174317,0.57294265337209,0.4581224918365478,0.5371376927236644,1.5631768,3.7903779,0.5641613,0.44584417,0.54193056,IDP-ESM2-8M,67,300,0.08056378364562988,0.17416596412658647,0.008781352712910362,0.012278318405151312,0.00479286357363784
Q7ZGU1,1.4521270990371704,3.492051601409912,0.5593169018021089,0.4408859610557556,0.5347813719903282,1.372607,3.239347,0.5393675,0.43042096,0.54997754,IDP-ESM2-8M,67,300,0.07952010631561279,0.2527046203613281,0.01994940483479324,0.010464996099472046,0.015196168979520475
Q7ZGU2,1.5658341646194458,3.73117733001709,0.5779041933335678,0.4564363062381744,0.5301635240738464,1.5853004,3.8618777,0.59089184,0.47196895,0.5132987,IDP-ESM2-8M,67,300,0.019466280937194824,0.13070034980773926,0.012987644740162674,0.015532642602920588,0.01686483375478509
Q7ZPK4,2.3981199264526367,5.700529098510742,0.5319517099117719,0.421432614326477,0.589228546356012,2.3413525,5.496628,0.52398694,0.4157332,0.60562146,IDP-ESM2-8M,67,300,0.05676746368408203,0.2039012908935547,0.007964774296232324,0.005699425935745184,0.01639291074390259
Q80553,1.7137463092803955,4.201963901519775,0.5982737810013307,0.47857666015625,0.5200513242426715,1.8130089,4.436637,0.5891424,0.46516705,0.5147502,IDP-ESM2-8M,67,300,0.09926259517669678,0.23467302322387695,0.009131398856402684,0.013409614562988281,0.005301141614039939
Q80889,3.4149770736694336,8.174263954162598,0.6236501145731087,0.5028846263885498,0.5183571833856448,3.3911047,7.964157,0.558796,0.45541808,0.6235135,IDP-ESM2-8M,67,300,0.02387237548828125,0.21010684967041016,0.0648541260133858,0.047466546297073364,0.10515633637830168
Q80893,1.7983245849609375,3.2865655422210693,0.200000000000091,0.2627063989639282,1.354774015541492,1.8585258,3.8118343,0.37667674,0.33143675,0.856949,IDP-ESM2-8M,67,300,0.060201168060302734,0.5252687931060791,0.17667673826208552,0.06873035430908203,0.49782504379313997
Q80GM7,2.492915153503418,5.524935245513916,0.4386175499194171,0.3680287301540375,0.7923046377226635,2.5662222,5.842713,0.4837609,0.398518,0.69217134,IDP-ESM2-8M,67,300,0.07330703735351562,0.3177776336669922,0.04514334342546206,0.03048926591873169,0.10013330250232655
Q80LM0,3.323080778121948,8.322453498840332,0.6511503255709034,0.5067724585533142,0.5175615263206669,3.252413,7.95899,0.6324102,0.5045255,0.55515075,IDP-ESM2-8M,67,300,0.07066774368286088,0.3634634017944336,0.018740097318492466,0.0022469758987426758,0.03758922097852746
Q80RB4,2.745504140853882,6.6601996421813965,0.546535296258748,0.4142135977745056,0.5872087538963255,2.3629282,5.567176,0.5224575,0.41084766,0.62031496,IDP-ESM2-8M,67,300,0.38257598876953125,1.0930237770080566,0.024077815828144944,0.003365933895111084,0.033106201815039205
Q81837,2.720111131668091,6.46945333480835,0.5237188445385041,0.3910209536552429,0.5810753080998956,2.7228348,6.392254,0.51377994,0.3985027,0.61076915,IDP-ESM2-8M,67,300,0.00272369384765625,0.07719945907592773,0.009938906317526364,0.007481753826141357,0.029693844541400782
Q81839,2.563885450363159,6.272543430328369,0.5573656580854802,0.4260256290435791,0.5420354551421622,2.2945387,5.388232,0.52444845,0.40553647,0.58779,IDP-ESM2-8M,67,300,0.2693467140197754,0.8843111991882324,0.03291720370544482,0.020489156246185303,0.045754557217456915
Q81846,2.670112371444702,6.252901077270508,0.5239817062705606,0.4143131971359253,0.590223243285406,2.600096,6.057007,0.5038923,0.39078873,0.6267917,IDP-ESM2-8M,67,300,0.07001638412475586,0.1958942413330078,0.020089403757438062,0.023524463176727295,0.03656847233654226
Q81859,1.9317784309387207,4.599309921264648,0.5280201367436809,0.4189005196094513,0.5701419717714045,1.7383776,4.15841,0.5458494,0.43089274,0.5437433,IDP-ESM2-8M,67,300,0.19340085983276367,0.4408998489379883,0.017829246133668986,0.011992216110229492,0.026398659412548264
Q82401,1.9222283363342283,4.739623546600342,0.5763608021849388,0.4536595642566681,0.5360501265034623,1.7724817,4.1923075,0.5459314,0.44135535,0.579654,IDP-ESM2-8M,67,300,0.14974665641784646,0.5473160743713379,0.030429403316378,0.012304216623306274,0.04360385184431603
Q82615,2.164490461349488,5.122978687286377,0.5494320709800181,0.4410269856452942,0.5692763138107034,2.4795468,5.880695,0.55183744,0.4359746,0.56926024,IDP-ESM2-8M,67,300,0.31505632400512606,0.757716178894043,0.002405373325401805,0.005052387714385986,1.607420956817318e-05
Q83112,2.392352819442749,5.103780269622803,0.3611031769683517,0.330363929271698,0.9561934813561972,2.9154294,6.531253,0.465602,0.3867634,0.7309993,IDP-ESM2-8M,67,300,0.5230765342712402,1.4274725914001465,0.10449883352015843,0.05639946460723877,0.22519419041305144
Q83190,1.8834969997406008,4.429849147796631,0.5379781446107447,0.4351509809494018,0.5741703306427837,1.893415,4.4080405,0.51757634,0.4128316,0.6099402,IDP-ESM2-8M,67,300,0.009917974472045676,0.021808624267578125,0.02040180775008793,0.022319376468658392,0.03576984059897659
Q83502,2.397306442260742,5.607025146484375,0.520110734415991,0.4006737768650055,0.6136954715555819,2.3967843,5.6852355,0.53028417,0.41209856,0.5881557,IDP-ESM2-8M,67,300,0.0005221366882324219,0.07821035385131836,0.010173431920068587,0.011424779891967773,0.025539784700265744
Q83508,2.2988710403442383,5.411927700042725,0.5037086362383044,0.3897594511508941,0.6220600748311491,2.3742769,5.6077557,0.52342355,0.40754116,0.59656924,IDP-ESM2-8M,67,300,0.07540583610534668,0.19582796096801758,0.01971491627481814,0.017781704664230402,0.02549083473791791
Q84108,1.4590131044387815,3.361375093460083,0.5278497169816767,0.4354081749916076,0.5836622837305008,1.5168992,3.625485,0.5444005,0.4384831,0.5735926,IDP-ESM2-8M,67,300,0.057886123657226785,0.26410984992980957,0.01655079619047295,0.0030749142169952948,0.010069680523866253
Q84187,3.2611629962921143,7.768310546875,0.54599107633604,0.4107116460800171,0.5724787765218703,3.3252583,7.935923,0.5545373,0.430637,0.57452846,IDP-ESM2-8M,67,300,0.06409525871276855,0.16761255264282227,0.008546219959125967,0.019925355911254883,0.002049679212382638
Q84188,3.423928737640381,8.379977226257324,0.5525290895151528,0.418587327003479,0.5810060983689574,3.5163574,8.336189,0.53704214,0.4194491,0.6005357,IDP-ESM2-8M,67,300,0.09242868423461914,0.04378795623779297,0.015486948554459423,0.0008617639541625977,0.0195295924154969
Q84265,1.741618037223816,4.50089693069458,0.6703383134955925,0.5458109378814697,0.4690711333705641,1.6578282,4.2151556,0.6353022,0.51599973,0.49451143,IDP-ESM2-8M,67,300,0.08378982543945312,0.28574132919311523,0.03503612748332441,0.029811203479766846,0.025440292124583597
Q84494,2.572489023208618,6.387801647186279,0.5931132564203642,0.4705844223499298,0.5545669442800484,2.4984434,6.0052667,0.5921318,0.47320724,0.5504984,IDP-ESM2-8M,67,300,0.07404565811157227,0.3825349807739258,0.0009814629213712456,0.0026228129863739014,0.004068518319507608
Q84648,2.4967470169067383,5.479185104370117,0.4759785271694987,0.4146125912666321,0.7402881463493189,2.5957205,5.949314,0.5026838,0.42101017,0.6967957,IDP-ESM2-8M,67,300,0.09897351264953613,0.47012901306152344,0.026705291170802836,0.00639757513999939,0.04349244436872812
Q85298,2.249887704849243,5.341081619262695,0.544787667683878,0.4186136722564697,0.5417529463321783,2.329144,5.445488,0.52501816,0.41351476,0.58201313,IDP-ESM2-8M,67,300,0.07925629615783691,0.10440635681152344,0.0197695121090794,0.005098909139633179,0.04026018385580998
Q85305,3.595428228378296,8.484302520751953,0.5319483712315572,0.416199654340744,0.5913633442930464,3.4258773,7.9894857,0.5122941,0.41110587,0.6482337,IDP-ESM2-8M,67,300,0.16955089569091797,0.49481678009033203,0.019654257595540403,0.005093783140182495,0.05687036742646656
Q85470,2.320916175842285,5.247596263885498,0.5225705062037301,0.4097594320774078,0.638301983444146,2.3618398,5.6522074,0.5598939,0.4449634,0.5736556,IDP-ESM2-8M,67,300,0.0409235954284668,0.40461111068725586,0.03732339991275546,0.035203963518142756,0.0646463781279839
Q85513,1.9186391830444336,4.5412797927856445,0.5186136275930107,0.4037245810031891,0.5827461071277175,1.8841848,4.440682,0.5227096,0.41888618,0.59897894,IDP-ESM2-8M,67,300,0.034454345703125,0.10059785842895508,0.004095980484992268,0.015161603689193726,0.016232829544493232
Q85653,2.460242509841919,5.665365219116211,0.5269444257799695,0.4299114942550659,0.6018650846072386,2.4799018,5.845694,0.5404957,0.4282763,0.5906179,IDP-ESM2-8M,67,300,0.01965928077697754,0.1803288459777832,0.013551267903654796,0.0016351938247680664,0.01124718948089587
Q856E0,2.5107522010803223,5.985710620880127,0.5398735728083618,0.4267899990081787,0.5799086531861145,2.550745,6.0116434,0.5256957,0.4116128,0.5973347,IDP-ESM2-8M,67,300,0.0399928092956543,0.025932788848876953,0.014177891236401341,0.01517719030380249,0.01742602975532226
Q856H1,2.9755518436431885,7.075161933898926,0.5047332009780509,0.3912968933582306,0.636397512539393,2.8405254,6.6559134,0.51460505,0.40239397,0.6161409,IDP-ESM2-8M,67,300,0.1350264549255371,0.4192485809326172,0.00987184434055266,0.011097073554992676,0.020256610497004113
Q857F1,1.9210010766983032,4.587823867797852,0.5581589309151658,0.4325602650642395,0.5665460885507588,2.109347,5.161658,0.5722576,0.451422,0.54509765,IDP-ESM2-8M,67,300,0.1883460283279419,0.5738339424133301,0.014098647457789548,0.018861740827560425,0.021448439453316204
Q858H2,2.282207727432251,5.41999626159668,0.5586239198376635,0.4262523949146271,0.5379269910422761,2.3490338,5.5432425,0.52700806,0.4117698,0.5901,IDP-ESM2-8M,67,300,0.06682610511779785,0.1232461929321289,0.03161586319703846,0.014482587575912476,0.052172999325613256
Q858N3,1.8906370401382449,4.4582200050354,0.5756092254625945,0.4770297110080719,0.5496359362651372,1.9021553,4.6487412,0.5842444,0.4643468,0.53516674,IDP-ESM2-8M,67,300,0.011518239974975364,0.190521240234375,0.008635144997915734,0.012682914733886719,0.014469195847656713
Q859F3,2.6895828247070312,6.125270843505859,0.5069052154338735,0.4151010811328888,0.6501886021397856,2.7261927,6.465518,0.5379247,0.41983652,0.58909535,IDP-ESM2-8M,67,300,0.03660988807678223,0.34024715423583984,0.03101949150200911,0.004735440015792847,0.06109324805958538
Q859H4,1.7479798793792725,3.901116132736206,0.5046919322653342,0.4130675792694092,0.6095238536503963,1.8155634,4.2826295,0.5185178,0.42129838,0.6208256,IDP-ESM2-8M,67,300,0.06758356094360352,0.3815133571624756,0.01382585995954988,0.008230805397033691,0.01130173505275922
Q859K4,2.139589548110962,5.095790863037109,0.5324931901837582,0.4233754873275757,0.5877473608680914,2.0983994,4.9594593,0.52445424,0.4119692,0.60024846,IDP-ESM2-8M,67,300,0.041190147399902344,0.13633155822753906,0.008038954153179567,0.011406272649765015,0.01250109513319031
Q86596,1.8003453016281128,4.260376453399658,0.5298631384516079,0.4067270159721374,0.6079332523333076,1.74475,4.1472635,0.55885637,0.45004606,0.5769073,IDP-ESM2-8M,67,300,0.0555952787399292,0.1131129264831543,0.028993229613272442,0.043319046497345026,0.03102597522606887
Q86686,3.3177645206451416,7.903187274932861,0.5529925833542977,0.4389479160308838,0.5808624434927788,3.6176238,8.645218,0.56977755,0.4468153,0.55509543,IDP-ESM2-8M,67,300,0.29985928535461426,0.7420306205749512,0.016784964958843185,0.007867395877838135,0.02576700930393605
Q86818,1.4977755546569824,3.656509399414064,0.5776950775017395,0.4794996678829193,0.5356841145212334,1.5220068,3.740143,0.5812812,0.46260047,0.5070668,IDP-ESM2-8M,67,300,0.0242311954498291,0.08363366127014027,0.0035861076484069443,0.016899198293685913,0.028617328232018346
Q86965,2.3767404556274414,5.697170257568359,0.5874075593820827,0.473581463098526,0.5538906048389759,2.6883168,6.5367374,0.5873302,0.45885554,0.5345836,IDP-ESM2-8M,67,300,0.31157636642456055,0.8395671844482422,7.73372522608895e-05,0.014725923538208008,0.019306976661333075
Q87071,1.9300329685211184,4.5492448806762695,0.5529636976186079,0.4347207248210907,0.5640913484517577,1.9660147,4.7487063,0.56831324,0.4510571,0.54688567,IDP-ESM2-8M,67,300,0.03598177433013894,0.1994614601135254,0.015349543386335984,0.016336381435394287,0.017205679220342884
Q87072,2.3980021476745605,5.531856536865234,0.5294993113765155,0.418447345495224,0.5741940622826655,2.5221653,5.952421,0.52202076,0.40608335,0.5919685,IDP-ESM2-8M,67,300,0.12416315078735352,0.4205646514892578,0.007478554178181773,0.012364000082015991,0.017774414489642898
Q87076,3.628800630569458,8.47520637512207,0.6096934160500829,0.5410665273666382,0.5955873804125082,3.4920933,8.15088,0.6062285,0.5240912,0.6339698,IDP-ESM2-8M,67,300,0.13670730590820312,0.3243265151977539,0.0034649452477757414,0.016975343227386475,0.038382403370450735
Q87171,1.7615207433700562,4.0701584815979,0.5084540955671271,0.403980940580368,0.6090801043681686,1.7952008,4.28112,0.5401832,0.42696637,0.5635536,IDP-ESM2-8M,67,300,0.033680081367492676,0.21096134185791016,0.03172909096393983,0.022985428571701105,0.04552653266711881
Q87172,1.950356125831604,4.79671049118042,0.5783714639627009,0.4546916484832763,0.5276179899237,2.0151207,4.931134,0.57112044,0.4418674,0.5244734,IDP-ESM2-8M,67,300,0.06476461887359619,0.13442373275756836,0.007251023002770474,0.012824237346649114,0.0031445611975037258
Q87175,1.8540027141571045,4.393003940582275,0.5421426549367474,0.4340665936470032,0.5660274460990297,2.0835025,5.1080065,0.56607044,0.43492827,0.5354279,IDP-ESM2-8M,67,300,0.22949981689453125,0.7150025367736816,0.023927782494588046,0.0008616745471954346,0.030599518128143433
Q87177,1.872903108596801,4.371850490570068,0.528775647413425,0.411293625831604,0.5962724661903556,2.0396326,4.958253,0.5533594,0.42794913,0.55280685,IDP-ESM2-8M,67,300,0.16672945022583074,0.586402416229248,0.02458374189168977,0.01665550470352173,0.04346561194230869
Q87184,1.902071833610535,4.5231218338012695,0.5420952274394071,0.4097877144813537,0.5684440019266114,2.012054,4.8247623,0.55205804,0.43400007,0.5578379,IDP-ESM2-8M,67,300,0.1099821329116819,0.30164051055908203,0.009962813656326563,0.024212360382080134,0.010606098427008104
Q87189,1.956425189971924,4.654123783111572,0.5355256962657466,0.4194363355636596,0.582831825721357,2.1125615,5.1491737,0.56544095,0.43788064,0.5403247,IDP-ESM2-8M,67,300,0.15613627433776833,0.49504995346069336,0.029915256512115906,0.018444299697876032,0.04250713776359338
Q87190,2.0073046684265137,4.956146717071533,0.5847326474788029,0.4584583640098572,0.5198819626674647,2.1151066,5.1236825,0.55351126,0.42729875,0.5606428,IDP-ESM2-8M,67,300,0.10780191421508789,0.16753578186035156,0.031221385538800495,0.03115960955619812,0.040760816205978934
Q87209,1.9145822525024407,4.631929874420166,0.5729790571410225,0.4629133939743042,0.532499674672776,1.8156087,4.4490833,0.5714965,0.4467046,0.5309679,IDP-ESM2-8M,67,300,0.09897351264953547,0.1828465461730957,0.001482570477204126,0.016208797693252563,0.0015317834564979593
Q87272,1.814909100532532,4.337131023406982,0.5693061195210728,0.4541634619235992,0.5380431733843422,1.9071246,4.606229,0.5519766,0.4321942,0.56066614,IDP-ESM2-8M,67,300,0.09221553802490212,0.26909780502319336,0.017329498370102336,0.021969258785247747,0.022622970509853402
Q87273,1.9393670558929443,4.636259078979492,0.5546040218859428,0.424152135848999,0.5515844872239252,2.1337287,5.213229,0.5631747,0.43419558,0.5425828,IDP-ESM2-8M,67,300,0.19436168670654297,0.576970100402832,0.0085707026929146,0.010043442249298096,0.009001677298845823
Q87596,1.5076489448547363,3.571282863616944,0.519186995497112,0.4037999808788299,0.5970121192467978,1.5329336,3.710991,0.5626376,0.45016527,0.54789805,IDP-ESM2-8M,67,300,0.025284647941589355,0.13970804214477495,0.043450631627674374,0.0463652908802033,0.04911406512387295
Q89267,1.749154567718506,4.254540920257568,0.5663331977097199,0.4475286900997162,0.5454592067377568,1.59408,3.8312373,0.5565505,0.445187,0.55702174,IDP-ESM2-8M,67,300,0.15507459640502952,0.42330360412597656,0.009782694932620295,0.0023416876792907715,0.011562530360937018
Q8AEV4,2.217581272125244,5.123245716094971,0.5307677429885829,0.4473521113395691,0.5967006201782861,2.15113,5.040847,0.52447623,0.41870776,0.6035149,IDP-ESM2-8M,67,300,0.0664513111114502,0.08239889144897461,0.006291512844082137,0.02864435315132141,0.006814289565976628
Q8AEV6,2.0959994792938232,4.59724235534668,0.4907394557623687,0.4073900282382965,0.6533933704005118,2.1950397,5.1206408,0.52387524,0.41794875,0.604157,IDP-ESM2-8M,67,300,0.09904026985168457,0.5233983993530273,0.033135780748861754,0.010558724403381348,0.049236399422728616
Q8AEV8,2.221250295639038,5.160315990447998,0.5393449308598333,0.4490514099597931,0.5806814907654481,2.127409,4.958072,0.51636666,0.41424704,0.618622,IDP-ESM2-8M,67,300,0.0938413143157959,0.20224380493164062,0.022978270264893075,0.03480437397956848,0.037940514220361266
Q8AM83,1.9829460382461548,4.911404609680176,0.595706802134391,0.4704199135303497,0.537230944694819,1.9189036,4.524283,0.5586066,0.4562588,0.58116955,IDP-ESM2-8M,67,300,0.06404244899749756,0.38712167739868164,0.037100177531119494,0.01416110992431635,0.043938600955663154
Q8ATK1,1.5433038473129272,3.717685461044312,0.5453253878104873,0.4362112879753113,0.5499828228720399,1.4206216,3.4371483,0.5652802,0.45137927,0.52963823,IDP-ESM2-8M,67,300,0.12268221378326416,0.28053712844848677,0.01995481124041598,0.015167981386184692,0.02034459207141126
Q8B5D2,3.155559062957764,7.0666584968566895,0.4670914281105691,0.3937585949897766,0.7802895912045756,2.860052,6.6191645,0.49356738,0.39638686,0.69837534,IDP-ESM2-8M,67,300,0.2955069541931157,0.4474940299987793,0.026475949218303596,0.0026282668113708496,0.08191424692814742
Q8B5E1,3.249397039413452,7.570537567138672,0.5280854613315141,0.4212563037872314,0.6413403031869227,2.8517916,6.7059393,0.51759696,0.4071627,0.63980967,IDP-ESM2-8M,67,300,0.39760541915893555,0.864598274230957,0.010488501263765104,0.01409360766410822,0.0015306351228052684
Q8B6B2,3.720177412033081,8.59614372253418,0.4990590686504143,0.3869116306304931,0.666097255193605,4.4523363,10.474577,0.52488256,0.4057601,0.61996824,IDP-ESM2-8M,67,300,0.732158899307251,1.8784332275390625,0.025823486357520298,0.018848478794097956,0.046129019700898666
Q8BCG5,2.7425544261932373,6.39927864074707,0.5137936400739727,0.4029609560966491,0.6196312498065605,2.6702576,6.267816,0.519642,0.405963,0.6083101,IDP-ESM2-8M,67,300,0.0722968578338623,0.13146257400512695,0.0058483553560200185,0.0030020475387573797,0.011321146390117609
Q8BEN1,4.652818202972412,10.398680686950684,0.5118694834537844,0.4022262990474701,0.6481749213038492,4.2594914,9.999246,0.5040908,0.3876231,0.6465104,IDP-ESM2-8M,67,300,0.3933267593383789,0.39943504333496094,0.007778697473559748,0.014603197574615479,0.0016644990740823928
Q8J4J0,1.942699909210205,4.67277717590332,0.5661980521146789,0.4427905976772308,0.5528415458482692,1.8934879,4.676486,0.5757063,0.44705644,0.5291243,IDP-ESM2-8M,67,300,0.049211978912353516,0.0037088394165039062,0.009508251004980539,0.004265844821929987,0.023717226294893923
Q8JKR9,3.502817392349243,8.513150215148926,0.5987922264976693,0.4616492986679077,0.5727813895319768,3.1725261,7.5182257,0.54227656,0.44340882,0.6963545,IDP-ESM2-8M,67,300,0.3302912712097168,0.9949245452880859,0.05651566523744589,0.01824048161506653,0.12357311886798661
Q8JL45,3.409060001373291,8.252497673034668,0.612231540166484,0.4920708537101745,0.5322515964148842,3.3182716,8.033473,0.58063775,0.45835385,0.5686801,IDP-ESM2-8M,67,300,0.09078836441040039,0.219024658203125,0.031593787156687814,0.033717006444930975,0.0364285111786522
Q8JLL5,2.747100591659546,6.503428936004639,0.5298447798830692,0.4233740568161011,0.5902328008850072,2.6826499,6.240866,0.5136887,0.4055731,0.6182938,IDP-ESM2-8M,67,300,0.06445074081420898,0.26256275177001953,0.016156096373242557,0.017800956964492798,0.028061020926668845
Q8JM67,3.1451098918914795,7.916845798492432,0.6528781248484049,0.5229116678237915,0.4985060297472922,3.0173588,7.437345,0.643803,0.5030547,0.46450537,IDP-ESM2-8M,67,300,0.12775111198425293,0.47950077056884766,0.009075124398270629,0.01985698938369751,0.03400065531568208
Q8JQG9,2.733254909515381,6.144700527191162,0.4802480087497722,0.3834294974803924,0.7131558672425853,3.0956647,7.2468834,0.53211176,0.4219217,0.6113323,IDP-ESM2-8M,67,300,0.3624098300933838,1.1021828651428223,0.051863755204390405,0.03849220275878912,0.101823569917451
Q8JQR2,2.845400333404541,6.942359447479248,0.5258219468892719,0.4083722829818725,0.6245185846594279,3.005902,7.0174227,0.52138567,0.413575,0.6224967,IDP-ESM2-8M,67,300,0.16050171852111816,0.07506322860717773,0.00443627718101991,0.005202710628509577,0.0020218605307047444
Q8JQS3,2.93798828125,6.988590240478516,0.5506730143554602,0.4327876269817352,0.5858335904865598,2.9925702,7.015942,0.5286618,0.4174144,0.6134869,IDP-ESM2-8M,67,300,0.05458188056945801,0.027351856231689453,0.02201122684554202,0.015373229980468694,0.02765329553791529
Q8JRY1,2.270803928375244,5.308578014373779,0.5839746182897209,0.5035865902900696,0.5615082278041522,2.3114069,5.7551203,0.62653047,0.4894693,0.4857312,IDP-ESM2-8M,67,300,0.040602922439575195,0.44654226303100586,0.042555850174176846,0.014117300510406494,0.07577701351925537
Q8JXK6,1.622402906417847,3.829892635345459,0.5455094583868783,0.4394543766975403,0.5608923275132848,1.5405302,3.6776545,0.548436,0.43414313,0.55001837,IDP-ESM2-8M,67,300,0.08187270164489768,0.152238130569458,0.002926527655144451,0.005311250686645508,0.010873957361764996
Q8JYS1,2.810581684112549,6.947563648223877,0.5996679508251519,0.4652425348758697,0.530176899709398,2.8259013,6.7868667,0.5703537,0.4545759,0.58022845,IDP-ESM2-8M,67,300,0.015319585800170898,0.16069698333740234,0.0293142640156121,0.010666638612747137,0.05005154820472557
Q8LT64,2.254638195037842,5.441324234008789,0.5443844140106687,0.4349595010280609,0.5960547222956982,2.1423912,5.0885277,0.53385067,0.41767988,0.5900283,IDP-ESM2-8M,67,300,0.11224699020385742,0.3527965545654297,0.010533744149828883,0.017279624938964844,0.006026436315473616
Q8QLE8,2.992269277572632,7.634871006011963,0.6436942183274207,0.5066287517547607,0.493792239165867,3.1328237,7.7189884,0.64277077,0.5003624,0.46889007,IDP-ESM2-8M,67,300,0.14055442810058594,0.08411741256713867,0.0009234511155066238,0.006266355514526367,0.02490216825064484
Q8QN60,2.450578689575196,6.045336723327637,0.533254634761247,0.4060640037059784,0.5919449404141092,2.462191,5.8254433,0.53198516,0.4204339,0.59599704,IDP-ESM2-8M,67,300,0.011612415313719815,0.2198934555053711,0.001269471072587347,0.0143699049949646,0.004052095089278285
Q8QPP9,1.926474571228028,4.658266544342041,0.5568056267347568,0.4242402613162994,0.5574163584731254,1.9907839,4.7438517,0.55519336,0.441567,0.56232625,IDP-ESM2-8M,67,300,0.06430935859680109,0.08558511734008789,0.0016122621145480132,0.017326742410659846,0.004909893987354308
Q8QPS6,1.961564898490905,4.9441657066345215,0.5901843706238565,0.4562547206878662,0.5117426811857708,2.0585063,4.976182,0.57384634,0.45367703,0.53994215,IDP-ESM2-8M,67,300,0.09694135189056463,0.03201627731323242,0.016338030444413176,0.0025776922702789307,0.028199464161824395
Q8QPU8,1.9516022205352783,4.639914989471436,0.5393795530207229,0.4175066351890564,0.5809525930957424,2.0392308,4.8795533,0.5584961,0.44286457,0.55819446,IDP-ESM2-8M,67,300,0.08762860298156738,0.2396383285522452,0.019116564571134975,0.025357931852340698,0.022758134611092773
Q8QRI8,3.169686317443848,7.475102424621582,0.525265107704616,0.3999177813529968,0.6107712159358446,3.4290662,8.112511,0.5401194,0.42457289,0.584722,IDP-ESM2-8M,67,300,0.25937986373901323,0.6374082565307617,0.014854301856541241,0.02465510368347168,0.026049233456749143
Q8QRK4,3.194008111953736,7.72300910949707,0.5370756263614561,0.4229616820812225,0.5897372280642633,3.359894,7.9608393,0.55166566,0.43273747,0.57677644,IDP-ESM2-8M,67,300,0.1658859252929683,0.23783016204833984,0.01459003735772113,0.00977578759193426,0.012960783152306532
Q8QUL3,1.730454921722412,4.189145565032959,0.5524194400387961,0.4374799728393554,0.5538907492989491,1.766295,4.2574167,0.55933267,0.43831536,0.5399655,IDP-ESM2-8M,67,300,0.03584003448486328,0.06827116012573242,0.006913228742484456,0.0008353888988495428,0.013925238930601935
Q8QUU2,2.795599460601806,6.979151725769043,0.6391593175901265,0.5295243859291077,0.52834403163705,3.1973999,7.784505,0.61467946,0.49823985,0.6120284,IDP-ESM2-8M,67,300,0.401800394058228,0.8053531646728516,0.02447986183298534,0.03128454089164734,0.08368438833441605
Q8QUW5,2.4512152671813965,5.952357292175293,0.5523323594473588,0.4190616607666015,0.5545396563470195,2.646846,6.337758,0.55378807,0.4288541,0.55963403,IDP-ESM2-8M,67,300,0.19563078880310059,0.38540077209472656,0.0014557064629805438,0.009792447090148981,0.005094373518245376
Q8QVQ9,2.751378536224365,6.508047103881836,0.514845506838725,0.4161607027053833,0.6117803011806708,2.8658946,6.7020807,0.51305735,0.3999431,0.60663944,IDP-ESM2-8M,67,300,0.11451601982116744,0.19403362274169922,0.001788155726359264,0.016217589378356934,0.005140856352637391
Q8QYT4,1.463748812675476,3.3759970664978027,0.541859520241775,0.4527941048145294,0.5532863584450993,1.564757,3.7491593,0.5421779,0.43212947,0.556932,IDP-ESM2-8M,67,300,0.10100817680358887,0.37316226959228516,0.00031839533134514486,0.020664632320404053,0.003645614058562785
Q8QYT7,1.4383659362792969,3.4570505619049072,0.5339711378573594,0.4226486980915069,0.556052993716792,1.4478173,3.4214883,0.53649926,0.43087623,0.557217,IDP-ESM2-8M,67,300,0.00945138931274414,0.03556227684020996,0.0025281239987197113,0.0082275271415711,0.0011640081981860728
Q8UU17,2.346013069152832,5.558549880981445,0.5261025877213584,0.4151876866817474,0.5923110431050981,2.2178276,5.1864977,0.5276979,0.4189295,0.5926034,IDP-ESM2-8M,67,300,0.12818551063537598,0.3720521926879883,0.0015953330778969432,0.0037418007850647528,0.0002923423433577321
Q8UZB3,3.5820987224578857,8.667540550231934,0.5485026875845191,0.4318907856941223,0.54739132537226,3.9109256,9.205862,0.5214927,0.40211985,0.61406624,IDP-ESM2-8M,67,300,0.328826904296875,0.5383214950561523,0.02700996793425059,0.02977094054222107,0.06667491779943191
Q8UZG8,3.125953197479248,5.702480792999268,0.2017960262272174,0.2481729984283447,1.7630571296008617,4.1901608,9.082553,0.37685722,0.333464,0.9589244,IDP-ESM2-8M,67,300,1.0642075538635254,3.3800721168518066,0.175061194899339,0.08529099822044375,0.8041327168735057
Q8V337,3.759690046310425,8.732322692871094,0.571660915500077,0.4588648974895477,0.5732343330893971,3.5708961,8.486679,0.5514884,0.4318346,0.57443047,IDP-ESM2-8M,67,300,0.18879389762878418,0.24564361572265625,0.020172515994461793,0.027030289173126165,0.0011961326088451019
Q8V339,3.84151554107666,8.798104286193848,0.5728674313396718,0.4727489054203033,0.5813150343946251,3.5818546,8.550506,0.56422335,0.43943986,0.5545071,IDP-ESM2-8M,67,300,0.2596609592437744,0.24759864807128906,0.008644082245280904,0.033309042453765814,0.02680795765436017
Q8V364,3.985205173492432,9.243691444396973,0.6191257123235209,0.5053332448005676,0.5178183534331862,3.7252765,8.949121,0.58496004,0.45470226,0.531862,IDP-ESM2-8M,67,300,0.2599287033081059,0.2945699691772461,0.0341656688931925,0.05063098669052124,0.014043667059367548
Q8V367,3.924537420272827,9.271854400634766,0.586583092319071,0.4606370031833648,0.5652439036857646,3.8205566,9.171346,0.588836,0.4589258,0.5278508,IDP-ESM2-8M,67,300,0.10398077964782715,0.1005086898803711,0.0022529219517114507,0.001711189746856634,0.037393096972660356
Q8V371,4.011284828186035,9.450335502624512,0.6047651226549302,0.4865150451660156,0.5343177259861168,3.831431,9.189018,0.5888648,0.45733613,0.5230253,IDP-ESM2-8M,67,300,0.1798539161682129,0.26131725311279297,0.015900319340721225,0.029178917407989502,0.011292451709383422
Q8V5H6,2.697544813156128,6.4776611328125,0.5562228743794239,0.4353944659233093,0.5727094264240203,2.492867,5.905031,0.5412241,0.423968,0.58224195,IDP-ESM2-8M,67,300,0.20467782020568848,0.5726299285888672,0.014998752331999543,0.011426478624343872,0.009532525995260666
Q8V5I4,2.657236337661743,6.1353440284729,0.507080226409222,0.39613938331604,0.6552053904633696,2.593313,6.1391506,0.5291929,0.4128887,0.6066987,IDP-ESM2-8M,67,300,0.06392335891723633,0.003806591033935547,0.022112698090289706,0.01674932241439825,0.04850669861842938
Q8V636,2.6781280040740967,6.435776233673096,0.536836464380659,0.4264447689056396,0.5813937705503855,2.6730137,6.132709,0.48532706,0.3956678,0.71001846,IDP-ESM2-8M,67,300,0.005114316940307617,0.3030672073364258,0.0515093993896617,0.030776977539062444,0.1286246854318227
Q8V650,1.7588810920715332,4.328412055969238,0.5568527601595317,0.4424223303794861,0.5551898419018185,1.5274491,3.695878,0.5597927,0.44533607,0.5436809,IDP-ESM2-8M,67,300,0.2314319610595703,0.6325340270996094,0.0029399372701253146,0.002913743257522583,0.011508935606042159
Q8V652,1.7290124893188477,4.170897483825684,0.5448966166847717,0.4282737076282501,0.564914104855509,1.7400907,4.142949,0.543857,0.43141162,0.5700463,IDP-ESM2-8M,67,300,0.011078238487243652,0.027948379516601562,0.0010396382683288685,0.003137916326522827,0.005132200800924136
Q8V654,1.7675416469573977,4.223508358001709,0.5565836770917446,0.4406348466873169,0.559388488382385,1.6210413,3.9003732,0.5546048,0.44143882,0.5532291,IDP-ESM2-8M,67,300,0.14650034904480003,0.3231351375579834,0.0019788487340480776,0.0008039772510528564,0.006159394830749232
Q8V660,1.7807705402374268,4.320803642272949,0.5591581718459758,0.4337987601757049,0.559369926653444,1.8133242,4.318518,0.54330444,0.4318233,0.5746156,IDP-ESM2-8M,67,300,0.032553672790527344,0.002285480499267578,0.015853728486600827,0.0019754469394683283,0.015245671071470568
Q8V6V1,2.0696070194244385,4.992464542388916,0.6111293097514179,0.5016605854034424,0.5282808370712407,1.773165,4.003497,0.5101095,0.42996445,0.671666,IDP-ESM2-8M,67,300,0.29644203186035156,0.9889674186706543,0.10101982555570865,0.07169613242149353,0.14338518904417674
Q8W6W3,3.214420795440674,7.760473728179932,0.5988313236066982,0.4577883780002594,0.5531232026547187,3.299765,7.990568,0.58983725,0.45450923,0.5608308,IDP-ESM2-8M,67,300,0.08534431457519531,0.23009443283081055,0.008994070512978736,0.0032791495323181152,0.007707569268346481
Q8W6Y8,2.829201459884644,6.697488784790039,0.5490305536181482,0.4427818953990936,0.5743823739821063,2.7280385,6.49812,0.5435472,0.420036,0.5693773,IDP-ESM2-8M,67,300,0.10116291046142623,0.19936895370483398,0.0054833405406030655,0.022745907306671087,0.005005070858632221
Q90060,1.868585228919983,4.581401824951172,0.6045758854229974,0.4892220199108124,0.5073542569280792,1.8871483,4.5240793,0.5747016,0.46067718,0.5282082,IDP-ESM2-8M,67,300,0.018563032150268555,0.05732250213623047,0.02987427819567201,0.028544843196868896,0.020853939235098262
Q902W3,1.4926581382751465,3.529311418533325,0.494676624732121,0.4013423919677734,0.6303470550743402,1.48001,3.3498201,0.4945651,0.4091035,0.6456396,IDP-ESM2-8M,67,300,0.01264810562133789,0.17949128150939941,0.00011152525435303984,0.007761120796203669,0.015292543295258199
Q90CH1,2.633466482162476,6.111166954040527,0.5303940623247029,0.428945779800415,0.6075265397764734,2.5569618,5.9977503,0.5327078,0.425817,0.6095552,IDP-ESM2-8M,67,300,0.07650470733642623,0.11341667175292969,0.0023137480772136287,0.003128767013549749,0.002028645064682588
Q90QE2,2.3909714221954346,5.674409866333008,0.516079997074005,0.4072723388671875,0.6111807839819492,2.3681772,5.5268054,0.5219161,0.41426983,0.608999,IDP-ESM2-8M,67,300,0.022794246673583984,0.14760446548461914,0.005836094368103173,0.006997495889663696,0.002181770081192358
Q90QF6,2.420656204223633,5.767027378082275,0.5221064582155697,0.4039599597454071,0.6064794003759967,2.3986347,5.6018753,0.5234624,0.4165612,0.6014671,IDP-ESM2-8M,67,300,0.02202153205871582,0.16515207290649414,0.0013559565259464446,0.012601226568222046,0.0050123274122820805
Q90SM4,1.739101529121399,4.144864082336426,0.5351893360790122,0.4276894330978393,0.5850226955060952,1.8229918,4.3027587,0.5388218,0.43226087,0.5728613,IDP-ESM2-8M,67,300,0.08389031887054443,0.15789461135864258,0.0036324803653847715,0.004571437835693415,0.012161381686209949
Q90VH2,2.616405725479126,6.037392139434815,0.4845821637442734,0.3771140277385711,0.6895813152421667,2.8207207,6.572872,0.51976347,0.41142902,0.6212054,IDP-ESM2-8M,67,300,0.2043149471282959,0.535480022430419,0.035181305951771547,0.03431499004364019,0.0683759257425024
Q912E2,2.4487884044647217,5.717921257019043,0.5313648603134838,0.4089919924736023,0.5865820399788195,2.4628406,5.7889986,0.5210529,0.40255564,0.59471214,IDP-ESM2-8M,67,300,0.014052152633666992,0.07107734680175781,0.010311963337012897,0.006436347961425781,0.00813009819714483
Q912E3,2.7940964698791504,6.711586952209473,0.5361590715509875,0.4219669699668884,0.5678265579422244,2.7458265,6.341568,0.4921328,0.38406128,0.64959455,IDP-ESM2-8M,67,300,0.04826998710632324,0.37001895904541016,0.04402625881256894,0.03790569305419922,0.08176798742215552
Q912E6,2.4015471935272217,5.684891223907471,0.4994544716601034,0.3925390541553497,0.6255760922278827,2.538478,5.9306436,0.50871176,0.3940259,0.6154083,IDP-ESM2-8M,67,300,0.1369307041168213,0.24575233459472656,0.009257283615622891,0.0014868378639221747,0.010167790874428095
Q914M9,1.5128248929977417,3.616054773330689,0.5752323610992666,0.4492016732692718,0.5351316246510589,1.5757642,3.8495495,0.58006966,0.46787953,0.536358,IDP-ESM2-8M,67,300,0.06293928623199463,0.2334947586059566,0.00483730004117533,0.0186778604984284,0.0012263741969025244
Q917U3,2.6601767539978027,6.041647911071777,0.4717779199352887,0.3659200668334961,0.6973664750127349,2.781161,6.278375,0.46648672,0.37653312,0.7180158,IDP-ESM2-8M,67,300,0.12098431587219238,0.23672723770141602,0.0052911977043774705,0.010613054037094116,0.020649314972921884
Q919P6,2.8618435859680176,7.171000957489014,0.6456991130604507,0.5181354880332947,0.5193427161766896,3.051387,7.7072434,0.68049604,0.54396284,0.47537756,IDP-ESM2-8M,67,300,0.1895434856414795,0.5362424850463867,0.03479692394592748,0.025827348232269287,0.043965156514824355
Q91BD7,3.084592342376709,7.544941902160644,0.6216081545284917,0.5100353956222534,0.514541409037553,2.8740306,6.8915462,0.58525926,0.45755118,0.5270799,IDP-ESM2-8M,67,300,0.21056175231933594,0.6533956527709952,0.03634889578139089,0.052484214305877686,0.01253847120002638
Q91DT1,1.5194398164749146,3.60090446472168,0.5668329145478789,0.460250586271286,0.5393665822590499,1.5489848,3.6947672,0.55314165,0.4459942,0.55179447,IDP-ESM2-8M,67,300,0.029544949531555176,0.0938627719879146,0.01369126101012863,0.014256387948989868,0.01242788709748699
Q91EW9,2.17856240272522,5.242268562316895,0.58384295078989,0.484661191701889,0.5722647970898339,2.2887106,5.75357,0.63887024,0.49988472,0.47213355,IDP-ESM2-8M,67,300,0.11014819145202592,0.5113015174865714,0.055027288467922486,0.015223532915115412,0.1001312500221917
Q91EY8,2.415351629257202,5.5706467628479,0.482558904373738,0.3944989144802093,0.6468864299557324,2.29392,5.1619325,0.474312,0.37653974,0.69708383,IDP-ESM2-8M,67,300,0.12143158912658691,0.40871429443359375,0.00824689694652242,0.017959177494049017,0.050197400877702636
Q91FZ1,1.9290094375610352,4.671003818511963,0.5392594011064248,0.410263329744339,0.5811452263797602,1.9184296,4.628079,0.5603841,0.43828842,0.5496985,IDP-ESM2-8M,67,300,0.010579824447631836,0.04292488098144531,0.021124693608693623,0.02802509069442749,0.03144675435674993
Q91HB7,1.4185538291931152,3.3715405464172363,0.5515168095103116,0.4427918195724487,0.5437784580792568,1.4977319,3.5705245,0.554884,0.44522014,0.5477669,IDP-ESM2-8M,67,300,0.0791780948638916,0.19898390769958496,0.0033672070035128954,0.0024283230304718573,0.003988465825162102
Q91HB9,1.4707586765289309,3.579270601272583,0.5834211462702765,0.463922917842865,0.5189202458961117,1.4883546,3.6297545,0.58058953,0.4653193,0.529198,IDP-ESM2-8M,67,300,0.017595887184142844,0.05048394203186035,0.0028316134181036734,0.0013963878154754639,0.010277744998205884
Q91HC5,1.428635597229004,3.3788115978240967,0.5592225955626544,0.4423229098320007,0.5369646241499522,1.5040592,3.564683,0.55124176,0.44435078,0.55233747,IDP-ESM2-8M,67,300,0.07542359828948975,0.18587136268615723,0.007980840077119744,0.0020278692245483954,0.01537284352048851
Q91HC6,1.4351813793182373,3.4150726795196533,0.5549351551248375,0.4373290240764618,0.5458458688176999,1.5368106,3.6440103,0.55402565,0.4464818,0.5533339,IDP-ESM2-8M,67,300,0.10162925720214844,0.22893762588500977,0.0009095051004234245,0.009152770042419434,0.007488009699450959
Q91HD2,1.4259588718414309,3.4622228145599365,0.5611166947646993,0.4294039011001587,0.533512000752148,1.4866918,3.5074017,0.5408275,0.43363598,0.5622466,IDP-ESM2-8M,67,300,0.06073296070098855,0.045178890228271484,0.020289182023610408,0.004232078790664673,0.028734619902911818
Q91IB8,1.9324402809143064,4.667740345001221,0.5407846575932655,0.4193905591964721,0.5595630865343856,1.8512168,4.4101653,0.5436848,0.42700335,0.55108976,IDP-ESM2-8M,67,300,0.08122348785400368,0.25757503509521484,0.002900123004421218,0.007612794637680109,0.008473322893028157
Q91IC2,1.953474402427673,4.62299394607544,0.500237810065626,0.3832002282142639,0.612134751559041,1.9322093,4.542501,0.52827543,0.41622806,0.5697077,IDP-ESM2-8M,67,300,0.02126514911651567,0.0804929733276376,0.028037620136858177,0.033027827739715576,0.042427059889576846
Q91IC3,1.8705475330352783,4.523946762084961,0.5496113151699308,0.4278824627399444,0.5450469240968765,1.8244541,4.3398504,0.54071593,0.42582542,0.5524897,IDP-ESM2-8M,67,300,0.04609346389770508,0.1840963363647461,0.008895382323861445,0.002057045698165838,0.0074427738363205265
Q91J04,1.452076077461243,3.3665404319763184,0.515686810624633,0.4197413623332977,0.5793976051762374,1.5297314,3.5432224,0.5243693,0.4252041,0.58930385,IDP-ESM2-8M,67,300,0.0776553153991697,0.1766819953918457,0.00868248878714073,0.005462735891342219,0.009906245951387116
Q91J05,1.4829933643341064,3.474117994308472,0.5258916205457098,0.4147562384605407,0.5766161220527747,1.4376645,3.4006996,0.5445072,0.43798086,0.5558418,IDP-ESM2-8M,67,300,0.04532885551452637,0.0734183788299565,0.018615584940587793,0.023224622011184748,0.020774318502054467
Q91J06,1.4645304679870603,3.3841006755828857,0.5082232221555376,0.4246273040771484,0.5955934846444872,1.4649394,3.423398,0.5358644,0.43323842,0.5754686,IDP-ESM2-8M,67,300,0.00040888786315940173,0.03929734230041504,0.027641190629038803,0.008611112833023127,0.02012488484819208
Q91J12,1.4889397621154783,3.521157741546631,0.5395897654519196,0.4289128184318542,0.5579538508756122,1.4133599,3.3365397,0.5398656,0.43412814,0.56245506,IDP-ESM2-8M,67,300,0.0755798816680906,0.1846179962158203,0.00027584753178400145,0.005215317010879572,0.004501207222227133
Q91J15,1.5305304527282717,3.5677106380462646,0.5390963383455065,0.4337796866893768,0.5749390395167812,1.4418186,3.4066827,0.5485369,0.44379625,0.55657685,IDP-ESM2-8M,67,300,0.08871185779571555,0.1610279083251953,0.00944055836012092,0.01001656055450445,0.018362191486690826
Q91KJ0,2.528991460800171,5.649063587188721,0.4982010920500541,0.4023779332637787,0.6497059899975675,2.6245675,6.0863743,0.49338564,0.39089704,0.64800745,IDP-ESM2-8M,67,300,0.09557604789733887,0.43731069564819336,0.004815449283101569,0.011480897665023804,0.0016985375096219002
Q91N87,2.1771352291107178,5.303634643554688,0.5617207561586853,0.4456088244915008,0.5551178841767298,2.066049,4.9283547,0.5428882,0.42971128,0.578352,IDP-ESM2-8M,67,300,0.11108613014221191,0.3752799034118661,0.018832532033776883,0.015897542238235418,0.023234090310574884
Q91PE4,1.5260024070739746,3.673118829727173,0.5599350395429474,0.4475624859333038,0.541212018674659,1.3690052,3.3214288,0.55626124,0.44315302,0.54132736,IDP-ESM2-8M,67,300,0.1569972038269043,0.35169005393981934,0.003673798106942794,0.00440946221351618,0.00011533861751633623
Q91PF9,1.7269072532653809,4.136495590209961,0.5442161269268425,0.4226322174072265,0.5584689458631877,1.7487285,4.226882,0.5468713,0.4275012,0.5564943,IDP-ESM2-8M,67,300,0.021821260452270508,0.09038639068603516,0.002655177585181412,0.004868984222412165,0.001974650266111322
Q91PG3,1.7197632789611816,4.28665828704834,0.5530442185130489,0.4266371130943298,0.5412807088109558,1.6446664,3.9442332,0.5460194,0.43217218,0.55048525,IDP-ESM2-8M,67,300,0.07509684562683105,0.3424251079559326,0.00702484318879959,0.005535066127777155,0.009204544523089608
Q91PI7,1.621040940284729,3.8307695388793945,0.5295861383339054,0.4202245473861694,0.5688919786593615,1.6592826,4.00609,0.545582,0.42923918,0.56004465,IDP-ESM2-8M,67,300,0.03824162483215332,0.17532062530517578,0.01599585810698201,0.009014636278152521,0.008847332396238916
Q91QS1,2.135329484939575,4.809514999389648,0.5020510876883448,0.404032289981842,0.6059894826755399,1.8873028,4.205785,0.46456873,0.37864655,0.69544816,IDP-ESM2-8M,67,300,0.24802672863006592,0.6037302017211914,0.037482353519338485,0.025385737419128362,0.08945867749596892
Q91QS3,2.268896579742432,5.483841419219971,0.5527593103907994,0.4356193542480469,0.5356926252534256,2.0988257,4.8471923,0.5033878,0.40145305,0.6317542,IDP-ESM2-8M,67,300,0.17007088661193892,0.6366491317749023,0.049371501591055744,0.034166306257247925,0.09606159427858729
Q91QU6,2.2082529067993164,5.105346202850342,0.5235481724441244,0.4309046864509582,0.5925638673280583,1.9468832,4.374578,0.475945,0.38491997,0.6849637,IDP-ESM2-8M,67,300,0.2613697052001953,0.7307682037353516,0.047603176563997485,0.04598471522331232,0.09239983582745925
Q91QZ4,2.121009588241577,5.023848056793213,0.5163794673495542,0.402231901884079,0.5834507966634553,1.9083376,4.3182936,0.47364205,0.38087434,0.6709251,IDP-ESM2-8M,67,300,0.21267199516296387,0.7055544853210449,0.042737416129614014,0.021357566118240356,0.08747428411275926
Q91QZ5,2.1566903591156006,5.237030029296875,0.5347297831087297,0.4116452038288116,0.5636375557603654,1.9210856,4.528777,0.51584905,0.4008606,0.5880725,IDP-ESM2-8M,67,300,0.23560476303100586,0.7082529067993164,0.018880729249018957,0.010784596204757635,0.024434923010844267
Q91R07,2.2418932914733887,5.216958999633789,0.525161538576269,0.4187124967575073,0.6257421420388991,2.2346852,5.1793737,0.5186443,0.4180547,0.637605,IDP-ESM2-8M,67,300,0.007208108901977539,0.03758525848388672,0.006517265295171604,0.0006577968597412109,0.011862869424266176
Q91S26,6.806966781616211,16.37506675720215,0.6165189019723074,0.487555593252182,0.6109867737280854,5.3848605,12.927378,0.58917534,0.4706987,0.6639476,IDP-ESM2-8M,67,300,1.4221062660217285,3.4476890563964844,0.02734355845881864,0.016856878995895386,0.05296080851678764
Q91TH0,2.008183479309082,4.718175888061523,0.5204433206176547,0.3936799764633178,0.5901577275872798,2.127021,5.004908,0.5217894,0.40989906,0.59531116,IDP-ESM2-8M,67,300,0.11883759498596191,0.28673219680786133,0.001346051349660926,0.016219079494476374,0.00515343726867723
Q91TH1,2.1031715869903564,4.99153995513916,0.525831147432398,0.4174490869045257,0.574929583652902,2.2024868,5.200666,0.53150207,0.41670448,0.572709,IDP-ESM2-8M,67,300,0.09931516647338867,0.20912599563598633,0.005670920610357122,0.0007446110248565119,0.002220559700417901
Q91TK2,3.278460025787353,7.883622646331787,0.5826525795490364,0.4411071836948395,0.5412583948873934,3.4332495,8.250539,0.5812818,0.45534945,0.53330195,IDP-ESM2-8M,67,300,0.15478944778442427,0.3669161796569824,0.0013707983524421374,0.0142422616481781,0.00795644538635576
Q91TN0,2.380835056304932,5.797544479370117,0.5180200120174655,0.4068943858146667,0.5925272591105645,2.6177561,6.145198,0.5169635,0.4048492,0.60329485,IDP-ESM2-8M,67,300,0.23692107200622514,0.3476533889770508,0.0010565301143893313,0.0020451843738555353,0.010767590285187478
Q91TN2,3.8400702476501465,9.184863090515137,0.5369664322033693,0.4241310954093933,0.5808764217457167,3.691782,8.752326,0.52713615,0.41017,0.62677646,IDP-ESM2-8M,67,300,0.14828824996948242,0.4325370788574219,0.009830285181121945,0.013961106538772583,0.045900035087169
Q94MN5,2.2078006267547607,5.499943733215332,0.5833688821761419,0.4461679756641388,0.5313067973599278,2.1566947,5.2092333,0.57450813,0.45803845,0.5397599,IDP-ESM2-8M,67,300,0.05110597610473633,0.29071044921875,0.00886075162575739,0.011870473623275757,0.008453076983944263
Q96677,2.144581317901612,5.196023941040039,0.5265446657209658,0.4123451709747314,0.574520775850357,2.1466072,4.7380095,0.45631054,0.38361633,0.7261261,IDP-ESM2-8M,67,300,0.0020258426666250884,0.45801448822021484,0.07023412528326745,0.028728842735290472,0.1516052989405976
Q96799,1.5960798263549805,3.777565240859986,0.5485827811589604,0.4520333111286163,0.5738157636661373,1.5579205,3.7375793,0.55403894,0.43987006,0.5557343,IDP-ESM2-8M,67,300,0.03815937042236328,0.039985895156860796,0.005456160701238555,0.01216325163841242,0.01808148689459188
Q98001,2.588707208633423,6.0099196434021,0.5248030033124351,0.4248916506767273,0.6128482597991554,2.5927331,6.085804,0.53073305,0.42400596,0.60833174,IDP-ESM2-8M,67,300,0.004025936126708984,0.07588434219360352,0.005930045603427914,0.000885695219039917,0.004516519896659021
Q98476,2.850502252578736,7.152400016784668,0.5184234806282716,0.3964378833770752,0.5959333414808831,2.9913604,6.9985504,0.50780225,0.40270746,0.6336727,IDP-ESM2-8M,67,300,0.14085817337036088,0.15384960174560547,0.01062123262717296,0.006269574165344238,0.03773937275251538
Q98487,2.4549145698547363,6.186872482299805,0.6131382397906195,0.4742847383022308,0.505091137498115,2.4273124,5.871142,0.58319974,0.46000984,0.55636805,IDP-ESM2-8M,67,300,0.027602195739746094,0.31573057174682617,0.029938500334442786,0.014274895191192571,0.05127691546132718
Q991N9,1.6246099472045898,3.8641045093536377,0.5328479409727368,0.4275960028171539,0.56464373500365,1.4285586,3.415993,0.5550428,0.4440975,0.5398218,IDP-ESM2-8M,67,300,0.19605135917663574,0.44811153411865234,0.022194862314769304,0.016501486301422175,0.024821931433856248
Q991P5,1.3907016515731812,3.368026733398437,0.525024815786753,0.4077070355415344,0.569811083390367,1.2378893,2.9882832,0.57302636,0.4671043,0.5306126,IDP-ESM2-8M,67,300,0.15281236171722412,0.37974357604980424,0.048001543294515336,0.05939725041389465,0.03919849546159504
Q991P6,1.3982449769973757,3.321592330932617,0.5152841448116069,0.4139624536037445,0.5882292008856518,1.3172834,3.160167,0.56752527,0.46572208,0.5425067,IDP-ESM2-8M,67,300,0.08096158504486106,0.16142535209655762,0.05224112278940629,0.05175963044166565,0.04572250609195061
Q991P7,1.3834556341171265,3.3354721069335938,0.5046481370767767,0.3961105346679687,0.5980471795700486,1.2854877,3.1084423,0.5734114,0.46916807,0.53546906,IDP-ESM2-8M,67,300,0.09796798229217529,0.22702980041503906,0.06876326800974064,0.0730575323104859,0.06257812439426735
Q993H4,3.264864444732666,6.402642726898193,0.3632359432021786,0.3290830552577972,0.989662099455668,3.5365794,7.7332945,0.39379758,0.3398581,0.88527393,IDP-ESM2-8M,67,300,0.2717149257659912,1.3306517601013184,0.030561633225281104,0.010775059461593683,0.10438816604502343
Q993Q8,2.0157532691955566,4.756549835205078,0.5449090450102304,0.4217071533203125,0.5783775428836981,1.9498303,4.6122274,0.53901935,0.43014693,0.58032906,IDP-ESM2-8M,67,300,0.06592297554016113,0.14432239532470703,0.005889698773047791,0.008439779281616211,0.0019515176708062576
Q994F3,2.214996814727783,5.222653865814209,0.5088790375690762,0.4079030752182007,0.6195693226957817,2.2424607,5.0678844,0.47135603,0.38639694,0.7013061,IDP-ESM2-8M,67,300,0.027463912963867188,0.1547694206237793,0.037523003290206525,0.021506130695343018,0.08173678196425249
Q99CW6,4.195829391479492,10.225824356079102,0.5882214404851906,0.4517049491405487,0.5204679791399448,3.6947365,8.627312,0.52407616,0.41147816,0.63136417,IDP-ESM2-8M,67,300,0.5010929107666016,1.5985126495361328,0.06414527671642234,0.04022678732872009,0.11089618759665798
Q9DSX3,2.19335412979126,5.248195648193359,0.4615212063411579,0.3676377832889557,0.6876092218603621,2.206027,4.9569545,0.4498195,0.36798787,0.71057165,IDP-ESM2-8M,67,300,0.012672901153564009,0.2912411689758301,0.011701701126466735,0.00035008788108825684,0.022962424830006545
Q9DUB6,3.36191201210022,7.802142143249512,0.4922728849730548,0.4017001390457153,0.6606960380230416,3.2450707,7.4599886,0.47780997,0.3873331,0.6841233,IDP-ESM2-8M,67,300,0.11684131622314498,0.34215354919433594,0.014462919362550675,0.014367043972015325,0.023427239641143016
Q9DUC0,3.489102840423584,8.174860954284668,0.4931808623931168,0.3918648660182953,0.6655728777749664,3.6960459,8.385271,0.45583183,0.38431713,0.7715178,IDP-ESM2-8M,67,300,0.20694303512573242,0.21041011810302734,0.037349036659932,0.007547736167907715,0.10594493543075256
Q9DUC3,2.750781297683716,5.931324481964111,0.5286928986284644,0.4677044153213501,0.6292079710142232,2.5052989,5.82501,0.5231243,0.43010697,0.6643846,IDP-ESM2-8M,67,300,0.2454824447631836,0.10631465911865234,0.005568621036759036,0.037597447633743286,0.035176632486143
Q9DUC6,2.7672367095947266,6.569800853729248,0.5499142131658427,0.4457100629806518,0.5841516829198509,2.3866262,5.260893,0.45322075,0.38639754,0.7707978,IDP-ESM2-8M,67,300,0.38061046600341797,1.3089079856872559,0.09669345830401099,0.05931252241134638,0.1866461061769814
Q9DVW6,2.5655384063720703,6.223925590515137,0.6275438950728127,0.5177255868911743,0.5420854955272764,2.882374,7.2137733,0.6627523,0.5197705,0.48497212,IDP-ESM2-8M,67,300,0.3168356418609619,0.9898476600646973,0.035208375625734645,0.0020449161529541016,0.0571133761959165
Q9DW22,3.7557973861694336,8.235986709594727,0.4334836335968019,0.3390880227088928,0.7934698132269586,3.808074,8.69869,0.45237982,0.36879262,0.7410389,IDP-ESM2-8M,67,300,0.052276611328125,0.4627037048339844,0.018896189134216146,0.02970460057258606,0.05243089473178042
Q9DW68,1.6448888778686523,4.103812217712402,0.598217692597417,0.477417916059494,0.517334425035973,1.7259957,4.2169695,0.5765313,0.451515,0.5195892,IDP-ESM2-8M,67,300,0.08110678195953369,0.11315727233886719,0.021686401589421367,0.025902926921844482,0.002254760678748635
Q9DWD6,4.901873588562012,11.301307678222656,0.5173632822617301,0.4142510294914245,0.622011739887418,4.468971,10.378592,0.4960861,0.38778695,0.6540505,IDP-ESM2-8M,67,300,0.43290281295776367,0.9227161407470703,0.021277191458583755,0.026464074850082342,0.03203878911572533
Q9DWG9,4.961902141571045,12.073637008666992,0.5257850852595135,0.4089486002922058,0.6485894879348085,4.7571087,11.263676,0.54534525,0.43033406,0.60264516,IDP-ESM2-8M,67,300,0.20479345321655273,0.8099613189697266,0.019560161532326092,0.02138546109199524,0.04594432916710833
Q9DWH1,3.710429191589356,8.710134506225586,0.564562547085752,0.4425721764564514,0.5699741679721374,3.8900352,9.195736,0.5500115,0.43683317,0.6126234,IDP-ESM2-8M,67,300,0.17960596084594682,0.48560142517089844,0.014551031468381437,0.005739003419876099,0.04264922556347661
Q9DWH9,3.845944881439209,8.610305786132812,0.3999421930782467,0.3466223478317261,0.9427219457462972,3.957425,9.061673,0.4456631,0.36491254,0.76795185,IDP-ESM2-8M,67,300,0.1114802360534668,0.4513673782348633,0.04572090144232216,0.018290191888809204,0.1747700996235555
Q9DYK3,2.277350425720215,5.346951961517334,0.5326850752189017,0.4274758398532867,0.5889706115422849,2.3005922,5.347486,0.51616085,0.41239956,0.6163347,IDP-ESM2-8M,67,300,0.023241758346557617,0.0005340576171875,0.016524229462370976,0.015076279640197698,0.027364065200268795
Q9DYK6,2.2345755100250244,5.145654678344727,0.5069463962526649,0.4037469029426574,0.6256165761661489,2.2847836,5.333284,0.51974607,0.4147292,0.61295104,IDP-ESM2-8M,67,300,0.050208091735839844,0.18762922286987305,0.012799668887105597,0.010982304811477717,0.012665535898204516
Q9DYY2,2.355806589126587,5.415169715881348,0.5042820515324589,0.3926633596420288,0.6372742523487243,2.3474367,5.447593,0.5109018,0.40711486,0.6245681,IDP-ESM2-8M,67,300,0.008369922637939453,0.03242349624633789,0.006619757206249632,0.01445150375366211,0.012706147604766738
Q9DZ98,1.6376287937164309,4.133313179016113,0.590566394363219,0.4630026519298553,0.5355115437008485,1.6443778,3.9622505,0.56638926,0.45476052,0.5664165,IDP-ESM2-8M,67,300,0.006749033927917258,0.17106270790100098,0.02417713168697999,0.00824213027954096,0.030904958298052843
Q9G051,1.8418281078338623,4.592315673828125,0.6134819637864534,0.4797938168048858,0.5191245218439702,1.754786,4.3086467,0.5954877,0.47338712,0.54127055,IDP-ESM2-8M,67,300,0.08704209327697754,0.28366899490356445,0.017994249972671628,0.006406694650649969,0.02214603222173417
Q9G054,2.237478256225586,5.588900566101074,0.6218767818344191,0.4881743192672729,0.5110849756940363,2.1711922,5.458803,0.6293377,0.50023764,0.50941813,IDP-ESM2-8M,67,300,0.06628608703613281,0.1300973892211914,0.007460946189109974,0.012063324451446589,0.0016668457730768527
Q9HBF8,2.3165886402130127,5.323575496673584,0.5353027416347927,0.4409925937652588,0.6042039502308564,2.280762,5.362697,0.53088343,0.42315972,0.5972673,IDP-ESM2-8M,67,300,0.035826683044433594,0.03912162780761719,0.004419310200161397,0.01783287525177002,0.006936620538015803
Q9IF13,2.418298721313477,5.640420436859131,0.5233968687352673,0.4233610928058624,0.6118116348858449,2.3821769,5.543284,0.51584786,0.40996915,0.6188816,IDP-ESM2-8M,67,300,0.03612184524536177,0.0971364974975586,0.0075490069684520655,0.013391941785812378,0.007069948327961262
Q9IF25,2.2513668537139893,5.028137683868408,0.4986390738261106,0.4155299365520477,0.6464592438763993,2.2719047,5.2819567,0.5151359,0.41152653,0.61564904,IDP-ESM2-8M,67,300,0.020537853240966797,0.25381898880004883,0.016496810458862532,0.004003405570983831,0.03081019936269691
Q9IGT7,3.69902777671814,8.413135528564453,0.5202701258797453,0.4249552190303802,0.6236581133615445,3.6666117,8.639153,0.5254317,0.41027066,0.61146176,IDP-ESM2-8M,67,300,0.032416105270386186,0.22601699829101562,0.00516156672050494,0.014684557914733831,0.012196354747958105
Q9IMR4,2.022632360458374,4.683054924011231,0.5224476673028293,0.4350994229316711,0.6200146505456051,1.9335463,4.6268687,0.55601156,0.44380507,0.570583,IDP-ESM2-8M,67,300,0.08908605575561523,0.05618619918823331,0.033563890276211206,0.008705645799636896,0.049431664667614394
Q9IMY1,1.4250472784042358,3.390687942504883,0.5444482627958419,0.4293365776538849,0.5461717232686836,1.4838345,3.4956372,0.5366198,0.43179703,0.5725413,IDP-ESM2-8M,67,300,0.05878722667694092,0.1049492359161377,0.007828480348026967,0.0024604499340057373,0.02636957321340261
Q9INB5,1.6026531457901,3.919207811355591,0.565542682489764,0.4565853178501129,0.5508578270484529,1.5035602,3.5873897,0.54563683,0.4343126,0.56448543,IDP-ESM2-8M,67,300,0.09909296035766602,0.3318181037902832,0.019905849775683215,0.022272706031799316,0.013627603669015387
Q9IUC3,3.3362579345703125,8.114032745361328,0.5214494817296146,0.4054787456989288,0.6611617937576101,3.173934,7.4665427,0.51981974,0.40973818,0.64395505,IDP-ESM2-8M,67,300,0.1623239517211914,0.6474900245666504,0.0016297452489016928,0.004259437322616633,0.017206741858653785
Q9IUD3,3.2227563858032227,7.414575099945068,0.480940768231918,0.3812914192676544,0.745137354046135,2.9417243,6.8138027,0.49458623,0.39663258,0.69734544,IDP-ESM2-8M,67,300,0.28103208541870117,0.6007723808288574,0.013645461092422817,0.01534116268157959,0.047791918426780766
Q9IWB2,2.582289934158325,5.97165584564209,0.4888347080831662,0.3801402151584625,0.6528500090254121,2.4596167,5.716395,0.5040407,0.39801744,0.62782586,IDP-ESM2-8M,67,300,0.12267327308654785,0.2552609443664551,0.015206009995447078,0.01787722110748291,0.025024152816610856
Q9J050,2.550344944000244,5.899760723114014,0.5049930045579125,0.3888465166091919,0.632865606444279,2.562914,5.958807,0.5090468,0.4038211,0.6180831,IDP-ESM2-8M,67,300,0.012568950653076172,0.059046268463134766,0.004053788426096272,0.014974594116210938,0.014782487051884008
Q9J1C9,1.9599872827529907,4.547616958618164,0.5395596719657214,0.4254232048988342,0.5971464552123305,2.1505349,5.1752768,0.5644908,0.44365388,0.5542772,IDP-ESM2-8M,67,300,0.19054758548736572,0.627659797668457,0.024931123169776637,0.018230676651001032,0.04286927358696424
Q9J2I4,2.609773635864258,6.303431510925293,0.5601163168120915,0.4330387413501739,0.5706672873453102,2.6010778,6.2041864,0.5514419,0.43317422,0.5792774,IDP-ESM2-8M,67,300,0.008695840835571289,0.09924507141113281,0.008674408929401078,0.0001354813575745184,0.008610108856777154
Q9J3S0,1.5237797498703003,3.5906569957733154,0.5114573458723828,0.4041033685207367,0.6063050534805915,1.5293115,3.5952303,0.5363697,0.4262729,0.57195103,IDP-ESM2-8M,67,300,0.005531787872314453,0.004573345184326172,0.024912335485954618,0.022169530391693115,0.034354021795716005
Q9J4U3,3.170285701751709,7.613337516784668,0.5162776696404455,0.386480838060379,0.6251399286820295,3.2780192,7.5700436,0.4959148,0.3976982,0.6767168,IDP-ESM2-8M,67,300,0.10773348808288574,0.04329395294189453,0.020362882586383635,0.01121735572814947,0.05157687582236503
Q9J870,3.06432580947876,7.695467472076416,0.6376772301603997,0.4895477294921875,0.5216251476477988,3.1314974,7.699108,0.6442904,0.50563824,0.4748511,IDP-ESM2-8M,67,300,0.06717157363891557,0.0036406517028808594,0.006613157470062969,0.0160905122756958,0.046774046010912174
Q9JG27,1.477545142173767,3.543374300003052,0.5586441544149742,0.4449765384197235,0.5357600032583628,1.5162234,3.5848355,0.53953004,0.434288,0.5694803,IDP-ESM2-8M,67,300,0.03867828845977783,0.041461229324340376,0.019114115581356006,0.010688543319702148,0.03372029669128318
Q9JG66,2.928530216217041,6.700249195098877,0.4576334742873868,0.4152446687221527,0.7499279722403958,2.7904787,6.117686,0.42695722,0.37111735,0.8236313,IDP-ESM2-8M,67,300,0.13805150985717773,0.5825634002685547,0.030676254448290752,0.044127315282821655,0.07370331438069799
Q9JGA4,2.2705719470977783,5.445948600769043,0.5776676818578825,0.4719213247299194,0.5346581607850575,2.3349888,5.5687146,0.5627984,0.445388,0.54338276,IDP-ESM2-8M,67,300,0.06441688537597656,0.12276601791381836,0.014869301006136926,0.026533335447311346,0.008724603077552406
Q9JGA7,2.2238705158233643,5.339861869812012,0.5732174258214804,0.4357277154922485,0.5324444068766697,2.3164172,5.5774245,0.5649439,0.44196635,0.5436134,IDP-ESM2-8M,67,300,0.09254670143127441,0.2375626564025879,0.00827351617639982,0.006238639354705866,0.011168967356576132
Q9JGB0,2.2845375537872314,5.495562553405762,0.5881231405292592,0.4782961308956146,0.5195263185185803,2.2231529,5.416273,0.57252765,0.4452495,0.53654516,IDP-ESM2-8M,67,300,0.06138467788696289,0.07928943634033203,0.015595493510826564,0.03304663300514221,0.01701883891397582
Q9JGB2,2.205930471420288,5.191827297210693,0.5408529347729645,0.4361675977706909,0.5854418329084378,2.2671793,5.4726477,0.56431353,0.44197655,0.5437444,IDP-ESM2-8M,67,300,0.061248779296875,0.280820369720459,0.023460596148971558,0.0058089494705200195,0.04169744766597561
Q9JGB3,2.2835726737976074,5.580949306488037,0.5965224710866036,0.4767211079597473,0.5057166005905338,2.256494,5.46875,0.57142013,0.44763798,0.5392282,IDP-ESM2-8M,67,300,0.027078628540039062,0.11219930648803711,0.025102337972742528,0.02908313274383545,0.03351160032194178
Q9JGS4,1.8040771484375,4.169602394104004,0.5136387578112482,0.4101859033107757,0.5863977763866538,1.8155922,4.249695,0.5199427,0.41165516,0.58756995,IDP-ESM2-8M,67,300,0.011515021324157715,0.0800924301147461,0.006303943051636285,0.0014692544937134344,0.0011721756244545967
Q9JGT0,1.8621368408203125,4.505439758300781,0.5325738904036814,0.4176596105098724,0.5712522278695362,1.8978631,4.458061,0.52637476,0.4178864,0.5905358,IDP-ESM2-8M,67,300,0.035726308822631836,0.0473785400390625,0.006199133113794941,0.00022679567337041684,0.01928359166095084
Q9JGT3,1.82458770275116,4.271760940551758,0.5355147462544799,0.4276679158210754,0.5546234661464308,1.8554215,4.345288,0.5231857,0.41449627,0.58393764,IDP-ESM2-8M,67,300,0.030833840370178,0.07352685928344727,0.012329075878655948,0.013171643018722479,0.029314178812065328
Q9KX95,2.0086464881896973,4.761081695556641,0.5229636277944629,0.4003809690475464,0.5858004649969345,2.0919788,4.9543867,0.53734815,0.42882717,0.5846933,IDP-ESM2-8M,67,300,0.08333230018615723,0.19330501556396484,0.014384523412507288,0.028446197509765625,0.001107152351976004
Q9MBM5,1.760213017463684,4.374431610107422,0.6119685157088991,0.4785725474357605,0.5244880805916338,1.6868452,4.2253203,0.62029254,0.5071546,0.5227843,IDP-ESM2-8M,67,300,0.07336783409118652,0.14911127090454102,0.008324028656030102,0.02858203649520874,0.001703787893727271
Q9PX71,2.779911518096924,7.207014083862305,0.6130209249932,0.4679416418075561,0.4966726780763961,2.6454334,6.2720222,0.54515016,0.43512714,0.623927,IDP-ESM2-8M,67,300,0.13447809219360352,0.9349918365478516,0.0678707642037103,0.0328145027160644,0.12725431910835733
Q9PYU9,2.6434414386749268,6.387914657592773,0.6305499623906112,0.5094103217124939,0.5303181019366296,2.7597039,6.7497387,0.6271197,0.50061625,0.5281597,IDP-ESM2-8M,67,300,0.11626243591308594,0.36182403564453125,0.0034302424084640126,0.008794069290161133,0.0021584239542993267
Q9Q0D0,2.3204996585845947,5.468394756317139,0.5232802566113824,0.4223692417144775,0.6042107560844122,2.2360864,5.2456574,0.518076,0.41137952,0.6098138,IDP-ESM2-8M,67,300,0.08441329002380371,0.22273731231689453,0.005204254013573606,0.010989725589752142,0.005603053310424211
Q9Q0D1,2.3174972534179688,5.45478630065918,0.5278611817605101,0.4123854041099548,0.5954243663237144,2.3108404,5.499714,0.5395425,0.42330027,0.5736381,IDP-ESM2-8M,67,300,0.0066568851470947266,0.04492759704589844,0.011681314443866109,0.010914862155914362,0.021786284773116282
Q9Q5K3,2.089512586593628,5.042716503143311,0.5144666593979894,0.3942655324935913,0.5834943963645178,1.831303,4.186139,0.48369515,0.38493076,0.64169943,IDP-ESM2-8M,67,300,0.25820958614349365,0.8565773963928232,0.030771509976297517,0.009334772825241089,0.05820503696220336
Q9Q5K9,8.346202850341797,19.368484497070312,0.5465592346525728,0.4276267886161804,0.614082043844236,4.793796,11.303558,0.51815,0.39885154,0.63109636,IDP-ESM2-8M,67,300,3.5524067878723145,8.064926147460938,0.028409262690597736,0.02877524495124817,0.017014319223390917
Q9Q9G2,2.171832799911499,5.026523590087891,0.5303885829893353,0.4169009327888489,0.5857265932369519,1.9786341,4.761922,0.5488101,0.42864624,0.5549804,IDP-ESM2-8M,67,300,0.19319868087768555,0.2646017074584961,0.0184215414079425,0.011745303869247437,0.030746196012525595
Q9QAM5,2.094860553741455,4.980230331420898,0.5854270408002457,0.4527569115161896,0.5177194216002089,2.022781,4.8770475,0.567056,0.4496004,0.5352194,IDP-ESM2-8M,67,300,0.07207965850830078,0.10318279266357422,0.018371040567549124,0.003156512975692749,0.017499949718608243
Q9QAN0,2.044626951217652,4.955145835876465,0.5676417687238628,0.4361430406570434,0.5338008877182652,2.075582,5.0075407,0.56447047,0.44530883,0.52770084,IDP-ESM2-8M,67,300,0.030955076217650923,0.052394866943359375,0.003171298772233211,0.009165793657302912,0.006100046291415806
Q9QAN3,2.7513413429260254,6.769061088562012,0.5910209204755222,0.4660801291465759,0.5244921883223522,2.6823986,6.539798,0.5981808,0.46447104,0.50072306,IDP-ESM2-8M,67,300,0.06894278526306152,0.2292633056640625,0.0071598503985012,0.0016090869903564453,0.023769124376581963
Q9QAN7,2.451798677444458,5.975490093231201,0.5729536771445578,0.4344096779823303,0.5378253280876338,2.4087539,5.8520207,0.58832943,0.45813033,0.5094142,IDP-ESM2-8M,67,300,0.0430448055267334,0.12346935272216797,0.015375757250278621,0.023720651865005493,0.02841113207322954
Q9QCK1,1.7663127183914185,4.108374118804932,0.4847608801217005,0.3910239934921264,0.6382527762093317,1.643766,3.7133055,0.4864595,0.39485258,0.6429538,IDP-ESM2-8M,67,300,0.12254667282104492,0.3950686454772949,0.0016986135153844728,0.0038285851478577215,0.004701036866687547
Q9QEJ2,3.20682954788208,7.26265811920166,0.5368334680678337,0.4466627538204193,0.6123826763473146,2.8890135,6.7964582,0.5419654,0.43125996,0.6007735,IDP-ESM2-8M,67,300,0.31781601905822754,0.4661998748779297,0.005131956946662131,0.015402793884277344,0.011609163030206426
Q9QGE5,1.9077988862991333,4.492400646209717,0.5089028425548795,0.4143130481243133,0.6153684933454197,2.0652535,4.759931,0.50847363,0.41178367,0.6123357,IDP-ESM2-8M,67,300,0.15745460987091064,0.2675304412841797,0.0004292078350308648,0.002529382705688421,0.0030328114301364506
Q9T127,1.560987949371338,3.771679639816284,0.5599149640858478,0.4219954311847687,0.5358960711506349,1.6282954,3.8538332,0.53658646,0.42785984,0.5666299,IDP-ESM2-8M,67,300,0.0673074722290039,0.0821535587310791,0.023328500634462346,0.0058644115924835205,0.0307338154765624
Q9WIE5,1.6771870851516724,3.992663621902466,0.5316797325365246,0.4231711626052856,0.5855924597644938,1.7930229,4.4154778,0.5810606,0.45360798,0.5230268,IDP-ESM2-8M,67,300,0.11583578586578369,0.42281413078308105,0.0493808558233082,0.0304368138313294,0.06256563576699625
Q9WMX5,1.4851195812225342,3.612301826477051,0.5701347387502309,0.4382614195346832,0.5322062798590427,1.5436807,3.731326,0.5590738,0.4403926,0.546577,IDP-ESM2-8M,67,300,0.058561086654663086,0.11902427673339844,0.011060932941209911,0.0021311938762664795,0.014370696917080372
Q9WS24,1.7922314405441284,4.350032806396484,0.562179454179958,0.4389342367649078,0.5581353702724213,1.6632633,4.013449,0.55283207,0.43911117,0.5583341,IDP-ESM2-8M,67,300,0.12896811962127686,0.33658361434936523,0.009347387167171095,0.00017693638801580258,0.00019874189493707117
Q9WS26,1.7372491359710691,4.123295307159424,0.5397643924256081,0.4318313300609588,0.5768313749366393,1.7309605,4.156289,0.55069304,0.4362926,0.5573472,IDP-ESM2-8M,67,300,0.006288647651672141,0.03299379348754883,0.01092864270012428,0.004461258649826105,0.019484196477471794
Q9WS27,1.7054476737976074,4.075801849365234,0.5345300474821626,0.4318064153194427,0.5738763699417243,1.7521793,4.2422414,0.5508078,0.4291649,0.5507599,IDP-ESM2-8M,67,300,0.04673159122467041,0.16643953323364258,0.016277726584762453,0.0026415288448333185,0.023116458404553897
Q9WSW3,2.0209102630615234,4.771589279174805,0.5550785010132046,0.4427992105484009,0.5543914320672336,1.9598224,4.6074142,0.52440816,0.41989002,0.6141387,IDP-ESM2-8M,67,300,0.061087846755981445,0.16417503356933594,0.030670339373037314,0.022909194231033325,0.059747290352505145
Q9YM30,1.6827442646026611,4.20074462890625,0.5956194661141525,0.4680348634719848,0.5238247003560553,1.5979161,3.899572,0.57718736,0.45922118,0.53991777,IDP-ESM2-8M,67,300,0.08482813835144043,0.30117273330688477,0.018432106781114177,0.00881367921829218,0.016093066691826752
Q9YM71,1.5983697175979614,3.786965370178223,0.5455063291517773,0.4343115091323852,0.5707033200810433,1.5116552,3.6938334,0.5615887,0.4393266,0.53230834,IDP-ESM2-8M,67,300,0.08671450614929199,0.0931320190429692,0.016082375434251728,0.005015105009079035,0.03839498000841146
Q9YMA2,1.6169739961624146,4.054755687713623,0.5721196785361115,0.4446577727794647,0.5358279144981036,1.56703,3.7154095,0.53906876,0.42989898,0.5693514,IDP-ESM2-8M,67,300,0.04994404315948486,0.33934617042541504,0.03305092004841004,0.014758795499801636,0.033523460604893196
Q9YMA3,1.6209304332733154,4.019491195678711,0.5704934731433302,0.4430612623691559,0.5395471742354765,1.5758172,3.7872632,0.55591226,0.44277623,0.5540943,IDP-ESM2-8M,67,300,0.045113205909729004,0.23222804069519043,0.014581216902485483,0.00028502941131591797,0.014547140339718823
Q9YMA4,1.573614478111267,3.8719637393951416,0.5389627300429574,0.4227108359336853,0.5712534271453649,1.5226716,3.7032504,0.5672688,0.4513325,0.5398619,IDP-ESM2-8M,67,300,0.05094289779663086,0.16871333122253418,0.028306058771587317,0.028621673583984375,0.03139150964963733
Q9YMM6,3.455824375152588,8.671217918395996,0.6155547613260427,0.471189945936203,0.5340391809115104,3.3966255,8.134558,0.57659876,0.45012197,0.55153185,IDP-ESM2-8M,67,300,0.059198856353759766,0.5366601943969727,0.03895599786016135,0.02106797695159912,0.017492670380146125
Q9YMQ8,2.0085020065307617,4.939277648925781,0.5638708437233649,0.4500089287757873,0.5531224157278828,1.9722524,4.700888,0.5466091,0.43820122,0.57764065,IDP-ESM2-8M,67,300,0.036249637603759766,0.2383894920349121,0.01726174004370795,0.011807709932327215,0.024518236928672388
Q9YNX5,1.8398032188415527,4.499502658843994,0.5516220100438499,0.4256599545478821,0.5528345459017014,1.7062638,4.0818996,0.5540779,0.44000366,0.5532633,IDP-ESM2-8M,67,300,0.13353943824768066,0.4176030158996582,0.0024559132540321604,0.014343708753585815,0.00042876071603537014
Q9YNX6,1.8993624448776243,4.636514186859131,0.5358196394109438,0.414043128490448,0.5915278310454298,1.7562156,4.2090106,0.56059825,0.44528198,0.5524283,IDP-ESM2-8M,67,300,0.14314687252044656,0.4275035858154297,0.024778614792852593,0.031238853931427002,0.03909952589635146
Q9YNX8,1.7963440418243408,4.47031307220459,0.568168329997694,0.436757892370224,0.5343529142078318,1.6815283,4.1046066,0.5720791,0.44713622,0.52829283,IDP-ESM2-8M,67,300,0.11481571197509766,0.3657064437866211,0.003910792068803848,0.010378330945968628,0.0060600794490732746
Q9YPA9,4.564282417297363,7.4079909324646,0.2000000000001505,0.2330055385828018,2.3131036191916,4.064216,9.509328,0.5139177,0.3999645,0.63763034,IDP-ESM2-8M,67,300,0.5000662803649902,2.10133695602417,0.3139176845549032,0.16695897281169894,1.6754732757544053
Q9YPD8,1.571561574935913,4.0594563484191895,0.6155122559061066,0.4752551615238189,0.4904209385735398,1.6736596,4.0682464,0.57143456,0.4603145,0.5288193,IDP-ESM2-8M,67,300,0.10209798812866211,0.008790016174316406,0.04407769846820986,0.014940649271011297,0.03839838401251977
Q9YPG8,1.6094952821731567,3.873117923736572,0.5367719649027731,0.416881263256073,0.5456170752811684,1.6542568,3.9899812,0.54058474,0.42010453,0.54438883,IDP-ESM2-8M,67,300,0.0447615385055542,0.11686325073242232,0.003812778120145577,0.0032232701778411865,0.0012282446193947472
Q9YR10,1.4205998182296753,3.416205406188965,0.5433450813865186,0.4358187019824981,0.5560033857206161,1.3330281,3.1412706,0.5416227,0.43895754,0.55765045,IDP-ESM2-8M,67,300,0.08757174015045166,0.2749347686767578,0.001722383079481249,0.003138840198516901,0.001647061171168529
Q9ZWY9,2.2735307216644287,5.338200569152832,0.5766599788450747,0.4717551469802856,0.565695004479131,2.1940298,5.200557,0.5628894,0.4577273,0.59028375,IDP-ESM2-8M,67,300,0.07950091361999512,0.13764333724975586,0.013770581700757067,0.014027833938598577,0.02458874700860092
Q6PL42,3.0142745971679688,7.02151346206665,0.5353274159913158,0.4261679351329803,0.6396878743584701,3.2105799,7.619608,0.54368,0.42825624,0.6208126,IDP-ESM2-8M,67,300,0.1963052749633789,0.5980944633483887,0.0083525962347889,0.0020883083343506414,0.018875279467875594
Q8QNS2,2.033019542694092,5.353282451629639,0.6506869328824189,0.4995877146720886,0.4745644703784084,2.2320056,5.5561733,0.6286142,0.4998019,0.50298864,IDP-ESM2-8M,67,300,0.19898605346679688,0.20289087295532227,0.02207274564181827,0.0002141892910003662,0.028424166115274485
Q8QNS5,1.8966137170791624,4.533958911895752,0.4977239589197816,0.380295991897583,0.621305970739576,1.9023924,4.5082264,0.52460635,0.4151464,0.5991787,IDP-ESM2-8M,67,300,0.005778670310974343,0.02573251724243164,0.026882388164263804,0.03485041856765747,0.022127298902723025
A0A060BGV2,1.88457989692688,4.783968448638916,0.6637235900168693,0.5699297189712524,0.5169885373091901,2.1419,5.0961413,0.65755457,0.56025213,0.520759,IDP-ESM2-8M,93,300,0.25732016563415505,0.31217288970947266,0.006169023156670339,0.009677588939666748,0.0037704491638933524
A0A068LKJ5,3.174982070922852,7.870410919189453,0.646384059615941,0.5151925086975098,0.5020335923683406,3.2178614,8.06101,0.6597884,0.5124914,0.44187683,IDP-ESM2-8M,93,300,0.04287934303283647,0.1905994415283203,0.013404370121150033,0.002701103687286377,0.060156763697838844
A0A068QKP9,3.75691294670105,9.511432647705078,0.6556417488957518,0.51886385679245,0.5366038874102461,4.568776,11.479481,0.74475014,0.5724712,0.42767304,IDP-ESM2-8M,93,300,0.8118631839752197,1.968048095703125,0.08910839320172137,0.05360734462738037,0.10893084558972
A0A075FGF0,3.2292871475219727,6.906487941741943,0.2939447518985167,0.2798416912555694,1.2557394007923235,3.4768543,7.707292,0.4231469,0.35788012,0.83224815,IDP-ESM2-8M,93,300,0.24756717681884766,0.8008041381835938,0.12920215161634535,0.0780384242534638,0.42349124948998584
A0A088MZV7,1.766292691230774,3.489697217941284,0.2953283722677358,0.2993552386760711,1.0309134575478438,1.9872581,4.4969397,0.47528026,0.386323,0.68165606,IDP-ESM2-8M,93,300,0.22096538543701172,1.0072424411773682,0.17995188281153363,0.08696776628494268,0.349257394944847
A0A088N936,1.790297508239746,3.541470050811768,0.3129720568876539,0.3082518875598907,0.9898729243700586,1.965253,4.4612274,0.47935116,0.38954672,0.677307,IDP-ESM2-8M,93,300,0.17495548725128174,0.9197573661804195,0.16637910602280753,0.0812948346138001,0.31256591467309813
A0A0A0RNI5,1.808564186096192,4.595004081726074,0.6146793776943758,0.4743041098117828,0.5076801489947838,1.6544482,4.0843544,0.5989448,0.47819996,0.5243708,IDP-ESM2-8M,93,300,0.15411603450775213,0.5106496810913086,0.015734594483621356,0.00389584898948675,0.016690640533109313
A0A0A0UYW6,1.495434284210205,3.6392879486083984,0.5759369609484521,0.4620143175125122,0.5389246484731545,1.4112579,3.4808998,0.58410555,0.46400535,0.50739473,IDP-ESM2-8M,93,300,0.08417642116546631,0.1583881378173828,0.008168590294376221,0.0019910335540771484,0.03152991742838518
A0A0A7KTD7,3.260527849197388,8.069311141967773,0.6388082238019988,0.5061585903167725,0.5017077149946827,3.2223144,8.073701,0.67182696,0.52193606,0.4301117,IDP-ESM2-8M,93,300,0.03821349143981978,0.004389762878417969,0.03301873485431228,0.01577746868133545,0.07159600873781624
A0A0B4VGH4,3.48891019821167,8.370840072631836,0.6400768200952909,0.5224869251251221,0.5509365437610093,3.8327227,9.15855,0.6562835,0.5313919,0.5110806,IDP-ESM2-8M,93,300,0.3438124656677246,0.7877101898193359,0.016206677715072892,0.008904993534088135,0.039855921087974644
A0A0B4ZUM6,3.4599733352661133,8.848408699035645,0.6529382359218595,0.5113552212715149,0.4952679284826378,3.5298502,8.772682,0.6634059,0.51772636,0.4515261,IDP-ESM2-8M,93,300,0.06987690925598145,0.07572650909423828,0.010467659311294786,0.006371140480041504,0.04374182307873764
A0A0B5JAX3,3.5776734352111816,8.549138069152832,0.3236359277446325,0.301223874092102,1.2303063942268524,3.7540805,8.08268,0.37981504,0.35533667,0.9769657,IDP-ESM2-8M,93,300,0.1764070987701416,0.4664583206176758,0.05617911427425787,0.05411279201507574,0.2533406688049469
A0A0C5B347,2.5699384212493896,6.253715991973877,0.6380514650924527,0.5123734474182129,0.5139422359039368,2.568525,6.5809555,0.6854331,0.53473836,0.404423,IDP-ESM2-8M,93,300,0.0014133453369140625,0.3272395133972168,0.04738162464067108,0.022364914417266846,0.10951923747559211
A0A0C7TJV6,3.3867015838623047,6.754936695098877,0.3016642147783822,0.3113904297351837,1.2704837439029728,3.5119593,7.7724895,0.4196832,0.3563717,0.84156597,IDP-ESM2-8M,93,300,0.1252577304840088,1.0175528526306152,0.11801897342161477,0.04498127102851868,0.42891777729683267
A0A0C7TQD0,3.276045083999634,6.60582971572876,0.2780923457557773,0.2943738102912903,1.359452632395447,3.4542933,7.63598,0.41866577,0.35567293,0.8414153,IDP-ESM2-8M,93,300,0.17824816703796387,1.0301504135131836,0.14057342096022613,0.06129911541938782,0.518037346331299
A0A0C7TTX4,3.220396041870117,6.453007221221924,0.273153514959335,0.2747081518173218,1.3686483745368132,3.516546,7.7790375,0.4184599,0.35562122,0.8448123,IDP-ESM2-8M,93,300,0.29614996910095215,1.3260302543640137,0.14530637731361423,0.08091306686401367,0.5238361005576262
A0A0C7TY93,3.2208447456359863,6.709940433502197,0.2923930489168767,0.2716579437255859,1.2622086585371557,3.5128415,7.7716136,0.41787335,0.35493493,0.8438858,IDP-ESM2-8M,93,300,0.29199671745300293,1.0616731643676758,0.1254803038491603,0.08327698707580572,0.41832287915635735
A0A0E3FC10,2.0308663845062256,4.577212333679199,0.451612748560364,0.3519029915332794,0.6904867538019368,1.8540978,4.1877365,0.46239364,0.36952665,0.6728301,IDP-ESM2-8M,93,300,0.17676854133605957,0.38947582244873047,0.010780892911498807,0.0176236629486084,0.017656648974055944
A0A0E3FG91,2.009768009185791,4.867712020874023,0.574588471728325,0.4396128952503204,0.5442894960103152,1.8754661,4.474862,0.54923004,0.4478477,0.5937829,IDP-ESM2-8M,93,300,0.13430190086364746,0.3928499221801758,0.025358432608604486,0.008234798908233698,0.04949340575360084
A0A0E3GI14,3.848713636398315,9.36439609527588,0.6299717252970619,0.5020290613174438,0.5100288333663151,3.6268487,8.8970585,0.6126487,0.48084602,0.52940226,IDP-ESM2-8M,93,300,0.22186493873596147,0.4673376083374041,0.01732299978741836,0.021183043718338013,0.019373422645647786
A0A0E3HAY2,2.07887601852417,5.010744094848633,0.5917008014753622,0.4713733196258545,0.5336207007009851,1.959393,4.724019,0.56511307,0.45757592,0.5693529,IDP-ESM2-8M,93,300,0.11948299407958984,0.2867250442504883,0.026587733848409068,0.013797402381896973,0.03573222412277588
A0A0E3HBF5,2.018360614776612,5.111535549163818,0.6372761345849475,0.506920576095581,0.4899642355375736,1.9133921,4.7244906,0.5918943,0.4691114,0.5252369,IDP-ESM2-8M,93,300,0.10496854782104581,0.38704490661621094,0.04538180599073971,0.037809163331985474,0.035272669083550645
A0A0E3IAD2,1.9712594747543333,4.945058822631836,0.6095898898301458,0.478620707988739,0.5201150259746598,1.8637209,4.595113,0.58589816,0.4621267,0.5232703,IDP-ESM2-8M,93,300,0.10753858089446999,0.3499460220336914,0.023691728895697595,0.016494005918502808,0.003155282996745279
A0A0E3Z619,4.670095443725586,11.480583190917969,0.6380305597249009,0.5036059617996216,0.5444692158379312,4.370642,10.816713,0.6729289,0.5235859,0.4593313,IDP-ESM2-8M,93,300,0.2994532585144043,0.6638698577880859,0.0348983696040176,0.01997995376586914,0.08513791200301601
A0A0F6YQQ5,2.517040967941284,6.423089504241943,0.6120009217675513,0.4714344143867492,0.5255708515538976,2.4820266,6.087433,0.59078074,0.46948266,0.5564859,IDP-ESM2-8M,93,300,0.03501439094543457,0.33565664291381836,0.021220186751682135,0.0019517540931701105,0.030915039788265486
A0A0F7L2H1,2.162305355072021,5.232296943664551,0.5557732259552868,0.436930388212204,0.535355887781947,2.3473072,5.856778,0.60888404,0.4743222,0.4770523,IDP-ESM2-8M,93,300,0.18500185012817427,0.624481201171875,0.05311081058569833,0.03739181160926819,0.05830358661350521
A0A0F7L948,2.9958863258361816,7.426418304443359,0.619617387295334,0.475693017244339,0.5163417380566181,2.77997,6.8507338,0.6065187,0.47196513,0.5139175,IDP-ESM2-8M,93,300,0.21591639518737793,0.5756845474243164,0.013098701477615493,0.0037278831005096436,0.002424232315498709
A0A0H4SM67,2.0668632984161377,4.530250072479248,0.3339589855576423,0.283951848745346,0.958947510861081,2.298625,5.085326,0.4463892,0.37324142,0.74251664,IDP-ESM2-8M,93,300,0.23176169395446777,0.5550761222839355,0.11243021274558035,0.08928957581520086,0.21643087401263128
A0A0H4XWL8,4.438602447509766,10.382366180419922,0.5090604955771096,0.4118980765342712,0.6567054709385685,3.8901234,9.193766,0.52995837,0.4130469,0.6372007,IDP-ESM2-8M,93,300,0.5484790802001953,1.1886005401611328,0.020897871770607646,0.0011488199234009344,0.01950475778091465
A0A0K0KVV5,1.9006060361862185,4.815680503845215,0.631524921627172,0.4978093206882477,0.5092160814132215,1.8607526,4.730682,0.63346153,0.5004444,0.47101766,IDP-ESM2-8M,93,300,0.039853453636169656,0.08499860763549805,0.0019366133497872307,0.002635091543197632,0.03819842270274176
A0A0K0UUV8,1.523177146911621,3.6537539958953857,0.5861859868552206,0.4824356138706207,0.5341546640303693,1.3992387,3.4377239,0.58410615,0.46694568,0.51627606,IDP-ESM2-8M,93,300,0.12393844127655029,0.21603012084960938,0.0020798395659444857,0.015489935874938965,0.017878602495487672
A0A0M4RBN9,1.818701148033142,3.895379066467285,0.3508793889733008,0.3483893871307373,0.8956834805589985,1.9543483,4.2981625,0.436731,0.3689011,0.7615446,IDP-ESM2-8M,93,300,0.13564717769622803,0.4027833938598633,0.08585162170212951,0.020511716604232788,0.13413889533103218
A0A0N9R406,2.696209669113159,6.771824836730957,0.6086017982441145,0.4804244339466095,0.5525526365743476,2.601416,6.3872075,0.6112033,0.48823413,0.5373345,IDP-ESM2-8M,93,300,0.09479355812072754,0.38461732864379883,0.0026015146297257985,0.007809698581695557,0.01521813483103096
A0A0R7EYS2,2.7538416385650635,6.805793285369873,0.6425747284314259,0.5125935673713684,0.5255942698183818,2.8685606,7.2320566,0.6866897,0.53882796,0.42596442,IDP-ESM2-8M,93,300,0.11471891403198242,0.42626333236694336,0.04411494642285263,0.02623438835144043,0.09962985474498698
A0A0S0BY46,3.017258882522583,5.034976482391357,0.2,0.251433789730072,1.7115984201235663,4.0408106,8.875563,0.38793826,0.33999252,0.9261464,IDP-ESM2-8M,93,300,1.0235517024993896,3.8405861854553223,0.18793826103210448,0.08855873346328735,0.7854520320696723
A0A0U3U0D7,3.423137187957764,6.9512715339660645,0.3075397566941246,0.3148255050182342,1.2533319941377692,3.5571609,7.901476,0.42513126,0.35880363,0.8313284,IDP-ESM2-8M,93,300,0.1340236663818355,0.9502043724060059,0.11759150465459978,0.04397812485694891,0.4220036021089606
A0A0X9FL12,2.478715658187866,6.025212287902832,0.6223316461096604,0.5008790493011475,0.5269903815118354,2.4767406,6.2451587,0.6601421,0.51820326,0.43317568,IDP-ESM2-8M,93,300,0.0019750595092773438,0.21994638442993164,0.037810477589527824,0.017324209213256836,0.09381469849029
A0A127KLB1,2.0869903564453125,5.18979549407959,0.6041091262028391,0.4733308851718902,0.5158905230893523,1.9909419,4.912398,0.5973401,0.4730099,0.51799524,IDP-ESM2-8M,93,300,0.09604847431182861,0.27739763259887695,0.006769019238727747,0.000320971012115423,0.002104715214785835
A0A127KLJ5,1.9271016120910645,4.118778228759766,0.4013062399005576,0.3520766198635101,0.7710947200537659,1.965696,4.555962,0.49708846,0.39149836,0.61764646,IDP-ESM2-8M,93,300,0.03859436511993408,0.43718385696411133,0.09578222221377652,0.039421737194061335,0.15344826428899538
A0A140F9E7,2.7674055099487305,6.620248794555664,0.518859846001037,0.4049425423145294,0.596337196395103,2.7733955,6.537094,0.5242312,0.4079652,0.5958148,IDP-ESM2-8M,93,300,0.005990028381347656,0.08315467834472656,0.00537134944879214,0.0030226707458496094,0.0005223722907938821
A0A140HQX3,3.621431827545166,9.1703462600708,0.6430442102089325,0.4990668594837188,0.4890441261347787,3.5105038,8.726313,0.6548411,0.50742495,0.44129008,IDP-ESM2-8M,93,300,0.11092805862426758,0.4440336227416992,0.011796914802511549,0.008358091115951594,0.04775404558744595
A0A142KCK0,2.063042640686035,4.676664352416992,0.5177561816591874,0.4125944375991821,0.5997889582242012,2.09202,4.8980274,0.51002395,0.40313268,0.6117627,IDP-ESM2-8M,93,300,0.028977394104003906,0.22136306762695312,0.00773223012873081,0.009461760520935003,0.011973744240856177
A0A192GNU8,6.020235538482666,14.679156303405762,0.6496009966145762,0.5494861006736755,0.5477586715076387,4.8543177,11.849937,0.6428234,0.50403154,0.56203663,IDP-ESM2-8M,93,300,1.1659178733825684,2.829218864440918,0.006777598501325421,0.045454561710357666,0.01427796198387743
A0A1B1MQX9,3.6887152194976807,9.135540962219238,0.6290565748447761,0.501930296421051,0.5182516249530105,3.599648,8.888087,0.64451575,0.5035594,0.47495577,IDP-ESM2-8M,93,300,0.08906722068786621,0.2474536895751953,0.015459177947582337,0.0016291141510009766,0.04329585755989829
A0A1B1SEH4,1.5853753089904783,4.038190841674805,0.6030790168588408,0.4691284894943237,0.5212074177249285,1.6808083,4.2682467,0.6113427,0.47758046,0.4739818,IDP-ESM2-8M,93,300,0.09543299674987815,0.2300558090209961,0.008263711279129171,0.008451968431472834,0.0472256200297686
A0A1B2CSH8,2.584936141967773,6.383686542510986,0.6434015572638984,0.523937463760376,0.5193933208715542,2.683351,6.8936286,0.7010684,0.54740214,0.40606606,IDP-ESM2-8M,93,300,0.09841489791870162,0.5099420547485352,0.05766684407277156,0.023464679718017578,0.11332726080533106
A0A1C9EI46,2.531406879425049,6.602116107940674,0.6674245265583828,0.5283489227294922,0.4773761083352362,2.36233,5.779645,0.60333097,0.49431956,0.58545566,IDP-ESM2-8M,93,300,0.16907691955566406,0.8224711418151855,0.06409355674789696,0.034029364585876465,0.10807954771639955
A0A1D7RB72,1.9328595399856567,4.097106456756592,0.4246134313515494,0.3397966027259826,0.7340101309620808,1.9490099,4.4837465,0.4859598,0.38560152,0.63920504,IDP-ESM2-8M,93,300,0.016150355339050293,0.3866400718688965,0.06134636674606109,0.04580491781234747,0.09480509241456492
A0A1D7RFJ1,2.116374492645264,5.228302001953125,0.6227596182397958,0.5021762251853943,0.4940045733297124,2.0120492,5.018795,0.6029775,0.4745982,0.5169474,IDP-ESM2-8M,93,300,0.10432529449462935,0.20950698852539062,0.01978210397282798,0.027578026056289673,0.02294281531927439
A0A1D7RII7,2.025380849838257,4.46048641204834,0.4600943896694414,0.3651557266712188,0.6797927581700187,2.0045419,4.645069,0.49434984,0.39045572,0.62563264,IDP-ESM2-8M,93,300,0.02083897590637207,0.18458271026611328,0.03425544763372024,0.025299996137619074,0.05416011447037272
A0A1D7S6P1,2.007488965988159,4.475389003753662,0.4775917268582249,0.381008505821228,0.641122313608936,1.9866303,4.592783,0.4917644,0.38953814,0.6314199,IDP-ESM2-8M,93,300,0.02085864543914795,0.11739397048950195,0.014172669570837015,0.008529633283615112,0.009702416529468239
A0A1D7SND7,2.062453508377075,5.09562873840332,0.6028153842535743,0.4688411056995392,0.5188610992015751,1.9715283,4.863057,0.5892266,0.46576855,0.52682567,IDP-ESM2-8M,93,300,0.09092521667480469,0.23257160186767578,0.013588780745578677,0.0030725598335266113,0.007964567226037222
A0A1D8KSZ5,2.1684958934783936,5.464388370513916,0.6284518924914725,0.4932199716567993,0.5050858403712047,2.0427086,5.0754642,0.6099573,0.48645988,0.52423185,IDP-ESM2-8M,93,300,0.12578725814819336,0.38892412185668945,0.018494614716661695,0.006760090589523315,0.01914601072971689
A0A1S5YE66,2.497192859649658,5.96502685546875,0.6075923264548332,0.4920854866504669,0.5392676398444266,2.5813978,6.491123,0.65603215,0.5138246,0.4394917,IDP-ESM2-8M,93,300,0.08420491218566895,0.5260963439941406,0.04843981856851276,0.021739095449447632,0.09977595063925693
A0A1V0EDG6,1.6006466150283811,3.497157096862793,0.2954359931741427,0.3093683123588562,0.998227066486064,1.4064531,2.6488767,0.37379318,0.34833747,0.90006304,IDP-ESM2-8M,93,300,0.1941934823989866,0.8482804298400879,0.07835719158308996,0.03896915912628174,0.09816402861374951
A0A1V0SDB7,4.426198959350586,11.378124237060549,0.6434881774135041,0.4899240136146545,0.5269816611354141,4.028592,10.099543,0.6525767,0.5066316,0.48114398,IDP-ESM2-8M,93,300,0.39760684967041016,1.278581619262697,0.009088507538278168,0.016707599163055475,0.0458376799170761
A0A1V0SEI4,1.8217511177062988,4.471759796142578,0.6178428815671652,0.5068342685699463,0.5444040393404995,1.8192127,4.4837494,0.5950126,0.47974557,0.5451264,IDP-ESM2-8M,93,300,0.002538442611694336,0.011989593505859375,0.02283027637688806,0.027088701725006104,0.0007223391957248415
A0A1V0SIV1,4.029341220855713,9.99994659423828,0.6594699467349179,0.5111585855484009,0.5332663853545485,4.01702,10.331074,0.7315165,0.5673926,0.37258625,IDP-ESM2-8M,93,300,0.012320995330810547,0.33112716674804865,0.07204653371094394,0.056234002113342285,0.16068013504937273
A0A1Z1LW78,1.95028293132782,4.198329925537109,0.4172531701909377,0.3417707681655884,0.7422604838791067,1.9831083,4.5771656,0.49496722,0.39241272,0.63027096,IDP-ESM2-8M,93,300,0.03282535076141335,0.37883567810058594,0.0777140520228074,0.05064195394515991,0.11198952593232936
A0A218MKB4,2.366473436355591,6.001848220825195,0.6154607727685754,0.4622128307819366,0.5267859034397668,2.4730148,6.1640773,0.6171795,0.48672855,0.5326575,IDP-ESM2-8M,93,300,0.10654139518737793,0.16222906112670898,0.0017187402090247383,0.024515718221664484,0.00587160064195924
A0A218MLX2,2.2782862186431885,5.925227642059326,0.6479070553692136,0.5020041465759277,0.4802442264913141,2.1117678,5.2263546,0.5981618,0.479652,0.5523313,IDP-ESM2-8M,93,300,0.1665184497833252,0.6988730430603027,0.049745238772228695,0.022352159023284912,0.07208710190071471
A0A218MLZ4,2.050534009933472,5.324542045593262,0.6587484204676348,0.507805585861206,0.5008055870699532,1.9980242,5.158066,0.67018104,0.5309207,0.4577143,IDP-ESM2-8M,93,300,0.05250978469848677,0.16647624969482422,0.011432615527848577,0.023115098476409912,0.04309129764314956
A0A218MM47,3.04844331741333,7.96029806137085,0.6324227333615198,0.4710745215415954,0.5061378636048167,2.9139495,7.1563582,0.59447575,0.4705712,0.5686406,IDP-ESM2-8M,93,300,0.13449382781982422,0.8039398193359375,0.03794698720673462,0.0005033314228057306,0.06250272610923358
A0A218MM62,4.088909149169922,10.292441368103027,0.6394056042048645,0.4999998807907104,0.5191825314374459,3.9876225,9.924612,0.6500343,0.5008036,0.504656,IDP-ESM2-8M,93,300,0.10128664970397949,0.3678293228149414,0.01062870422866824,0.0008037090301514227,0.014526514610816221
A0A218MME3,2.248575687408448,5.81104850769043,0.649827127131696,0.4892808198928833,0.4907767056868818,2.4435399,6.171365,0.63004893,0.49707416,0.52145404,IDP-ESM2-8M,93,300,0.19496417045593173,0.36031627655029297,0.019778196486706978,0.007793337106704712,0.030677330548927517
A0A218MMI9,2.0755317211151123,5.55633544921875,0.6867407907137614,0.5393773913383484,0.45091992106007,2.1309192,5.4946413,0.6745563,0.52614105,0.43956086,IDP-ESM2-8M,93,300,0.05538749694824219,0.06169414520263672,0.012184475768540426,0.01323634386062622,0.011359060664638487
A0A222ZRZ9,1.8996349573135376,4.15596866607666,0.3906480079874773,0.3492940664291382,0.82898655769927,2.0815253,4.7187734,0.47160968,0.38613585,0.6966387,IDP-ESM2-8M,93,300,0.1818903684616089,0.5628046989440918,0.08096167385723402,0.036841779947280884,0.13234785435301755
A0A249XMM6,1.5942596197128296,3.89827036857605,0.6028326928524536,0.4898914098739624,0.5250505130222789,1.7878561,4.536693,0.64262575,0.5046636,0.45539933,IDP-ESM2-8M,93,300,0.1935964822769165,0.6384227275848389,0.03979305625872198,0.014772176742553711,0.06965117859158432
A0A290GQ28,1.631874680519104,4.176639080047607,0.6419108180025678,0.5138418078422546,0.4841998295823049,1.6229715,4.035541,0.6194121,0.49970406,0.508597,IDP-ESM2-8M,93,300,0.008903145790100098,0.1410980224609375,0.02249869384561587,0.014137744903564453,0.024397186752228794
A0A2D1GNS7,1.850826382637024,4.5312676429748535,0.6010113758408095,0.504549503326416,0.5487328923472812,1.8079715,4.3104053,0.59592116,0.5018288,0.5768895,IDP-ESM2-8M,93,300,0.042854905128479004,0.22086238861083984,0.0050902170502211685,0.0027207136154174805,0.028156622575814527
A0A2D1M0A0,3.3743205070495605,7.303984642028809,0.3147288923963333,0.3152090609073639,1.1995596405602205,3.4690094,7.6847234,0.42272785,0.35788515,0.834092,IDP-ESM2-8M,93,300,0.09468889236450195,0.3807387351989746,0.1079989606634354,0.04267609119415283,0.3654676195717561
A0A2D3I5T4,3.468759775161743,8.755104064941406,0.6357252737509069,0.494327962398529,0.5365183653325731,3.2035463,8.090565,0.657094,0.5125429,0.47913885,IDP-ESM2-8M,93,300,0.2652134895324707,0.6645393371582031,0.021368728019112604,0.01821494102478033,0.05737951416680165
A0A2I6SBY4,2.5700695514678955,6.663013935089111,0.7062933925496019,0.5816690325737,0.4715577870492148,2.592041,6.4522786,0.73122245,0.5915259,0.36290735,IDP-ESM2-8M,93,300,0.021971464157104492,0.21073532104492188,0.02492905818358293,0.009856879711151123,0.10865043698589083
A0A2I6SCK6,2.622239112854004,6.6386027336120605,0.6750852198085676,0.5375512838363647,0.4964139364835075,2.292192,5.4776487,0.6186004,0.5176226,0.5628483,IDP-ESM2-8M,93,300,0.3300471305847168,1.1609539985656738,0.05648479170416698,0.019928693771362305,0.06643439306055987
A0A2K9VSC6,3.3587560653686523,8.100378036499023,0.6325529350193639,0.5089620351791382,0.5284491642328751,3.2922833,8.262741,0.67119336,0.5231854,0.432276,IDP-ESM2-8M,93,300,0.06647276878356934,0.16236305236816406,0.038640426262984695,0.014223337173461914,0.09617315371956947
A0A2P1GNK0,3.3524482250213623,7.577292442321777,0.5337292278871333,0.4246899485588074,0.6144390917968524,3.3067448,7.729614,0.5085432,0.4059673,0.6590176,IDP-ESM2-8M,93,300,0.04570341110229492,0.15232133865356445,0.02518603454683177,0.01872265338897705,0.0445785306740033
A0A2R3UAC7,1.9122105836868288,4.786592483520508,0.621763756147026,0.5025072693824768,0.5090861767851775,1.8401713,4.5568905,0.6012226,0.48029327,0.5219933,IDP-ESM2-8M,93,300,0.07203924655914329,0.22970199584960938,0.02054118143618,0.022213995456695557,0.01290710267191475
A0A2R8FEN2,2.338682174682617,4.995760917663574,0.3965235153876114,0.325796514749527,0.7842245808876542,2.9410176,6.571131,0.42987514,0.35241646,0.77221024,IDP-ESM2-8M,93,300,0.6023354530334473,1.5753703117370605,0.03335162003414155,0.026619940996170044,0.012014340523579525
A0A2S1MMK3,3.340015649795532,6.777917385101318,0.2947130908097124,0.3067722022533417,1.2915265008317107,3.5099502,7.7746935,0.42119718,0.35707515,0.83880246,IDP-ESM2-8M,93,300,0.16993451118469283,0.9967761039733887,0.12648408516990184,0.05030295252799988,0.4527240439759368
A0A2S1MQZ2,3.270484447479248,6.803248882293701,0.2875270720421538,0.2868272662162781,1.3060920315296003,3.5136201,7.7753067,0.41950575,0.35627753,0.84274447,IDP-ESM2-8M,93,300,0.24313569068908691,0.9720578193664551,0.13197867313034684,0.0694502592086792,0.46334756188696113
A0A2S1MU58,3.2062721252441406,6.296068668365479,0.2684371012491671,0.2932431399822235,1.3887427922839568,3.5668108,7.8942604,0.4174582,0.35465977,0.8453288,IDP-ESM2-8M,93,300,0.3605387210845947,1.5981917381286612,0.1490211051660093,0.0614166259765625,0.5434139844531463
A0A2S1N1Y6,3.16515851020813,6.461751937866211,0.2661426993556446,0.2633748054504394,1.3870288193301383,3.5189195,7.7765827,0.41617045,0.35445997,0.8501072,IDP-ESM2-8M,93,300,0.3537609577178955,1.3148307800292969,0.15002774870915947,0.0910851657390595,0.5369216263369743
A0A2S1N210,3.232412338256836,6.613014221191406,0.2759564741026086,0.285461962223053,1.3541436431673417,3.5147228,7.78358,0.42068624,0.35655272,0.8394533,IDP-ESM2-8M,93,300,0.28231048583984375,1.1705656051635742,0.14472977086199101,0.07109075784683228,0.5146903631952653
A0A2U7U7R7,3.2984113693237305,7.523886680603027,0.4928537691954966,0.4086982607841491,0.6751907276046525,3.289057,7.5756717,0.488377,0.39096457,0.68209296,IDP-ESM2-8M,93,300,0.009354352951049805,0.05178499221801758,0.004476764333664951,0.017733693122863714,0.006902237044547954
A0A2Z4HI38,3.051481246948242,7.619002819061279,0.6445775383409292,0.5112922191619873,0.5020371257939871,3.1517675,7.8574424,0.65162206,0.5073362,0.45694724,IDP-ESM2-8M,93,300,0.10028624534606934,0.23843955993652344,0.007044518620130336,0.003956019878387451,0.045089888540797984
A0A2Z4Q913,2.2069125175476074,4.659848213195801,0.4230937664075917,0.3812363743782043,0.7717727744028368,2.029221,4.240206,0.38272524,0.3439737,0.8683506,IDP-ESM2-8M,93,300,0.17769145965576172,0.41964244842529297,0.04036852760754289,0.03726267814636225,0.09657785063531021
A0A2Z6E9I5,2.259880781173706,5.375768661499023,0.5089450709600746,0.4047676026821136,0.6085488006373632,2.2828503,5.384963,0.5260364,0.41744685,0.5917465,IDP-ESM2-8M,93,300,0.022969484329223633,0.009194374084472656,0.017091310761422007,0.012679249048233088,0.016802291562198368
A0A345L4V0,2.6866400241851807,6.9224629402160645,0.6636805538962159,0.5166189074516296,0.478735857592986,2.608818,6.571431,0.6542066,0.5158544,0.48243982,IDP-ESM2-8M,93,300,0.07782196998596191,0.3510317802429199,0.009473979933050658,0.0007644891738891602,0.003703958405091412
A0A345M6E7,2.5917675495147705,6.631972789764404,0.6469444166067989,0.4901190102100372,0.5049632535370341,2.5938523,6.4659896,0.6306664,0.5021857,0.52467865,IDP-ESM2-8M,93,300,0.0020847320556640625,0.1659832000732422,0.016278041446581626,0.012066692113876398,0.019715393981123874
A0A346RNU7,3.320475578308105,8.258618354797363,0.6651149197764751,0.5341228246688843,0.4912467503338494,3.5552506,8.789133,0.6494153,0.51184297,0.5077695,IDP-ESM2-8M,93,300,0.23477506637573287,0.5305147171020508,0.015699605578934794,0.022279858589172363,0.01652277471726754
A0A346TPN1,4.3199005126953125,10.810798645019531,0.6416841872742586,0.5029468536376953,0.52653924618221,4.1223774,10.13389,0.6399996,0.5012628,0.51024157,IDP-ESM2-8M,93,300,0.1975231170654297,0.6769084930419922,0.0016845592072419757,0.0016840696334838867,0.016297678093678547
A0A346TQ06,3.1970343589782715,8.235690116882324,0.6575345787788012,0.499032974243164,0.4907142275906499,3.119532,7.9378643,0.6852995,0.5309528,0.4140963,IDP-ESM2-8M,93,300,0.07750225067138672,0.29782581329345703,0.027764936945380958,0.031919836997985895,0.07661793175706227
A0A385DYQ6,1.9250476360321045,4.370831489562988,0.4646521627409162,0.383025974035263,0.6720566547550307,1.7121896,3.9075634,0.48581284,0.39403272,0.6622072,IDP-ESM2-8M,93,300,0.21285808086395264,0.4632680416107178,0.02116068010500055,0.011006742715835627,0.00984946853295432
A0A385UFY3,2.400245428085327,6.102670192718506,0.6511121511989518,0.5162599682807922,0.5011648006667991,2.284889,5.785886,0.6451703,0.5108084,0.48644423,IDP-ESM2-8M,93,300,0.1153564453125,0.3167843818664551,0.0059418798023148645,0.005451560020446777,0.014720565818776676
A0A386QVQ8,2.7770464420318604,6.4765448570251465,0.513221353530036,0.4162345826625824,0.6054003464833266,2.767455,6.5211887,0.5200785,0.40463096,0.59725684,IDP-ESM2-8M,93,300,0.009591341018676758,0.04464387893676758,0.0068571267136469105,0.011603623628616333,0.008143507207966527
A0A3G1T4F7,3.1851367950439453,5.684080123901367,0.2150601293286294,0.2839697003364563,1.6924875730793838,4.0840545,9.004159,0.39872795,0.34607488,0.90351784,IDP-ESM2-8M,93,300,0.8989176750183105,3.3200788497924805,0.1836678241053611,0.06210517883300781,0.7889697307865982
A0A3G2JTZ9,3.2135584354400635,7.891665458679199,0.6262943106984848,0.4787355661392212,0.5296374817744249,3.252065,8.1476145,0.66317284,0.515203,0.43929332,IDP-ESM2-8M,93,300,0.038506507873535156,0.2559490203857422,0.03687853037359767,0.03646743297576904,0.09034415682706776
A0A3G3M5R8,2.019923448562622,4.2688703536987305,0.4328942544744567,0.3446829319000244,0.7263240750780161,1.9801581,4.5132413,0.4763408,0.3808083,0.66520834,IDP-ESM2-8M,93,300,0.039765357971191406,0.2443709373474121,0.04344654604930126,0.036125361919403076,0.061115735386854
A0A3G4S8X8,3.174159526824951,7.919601917266846,0.6235597131069109,0.5054790377616882,0.5071807175062203,2.9459908,7.392148,0.64781266,0.50187194,0.45393217,IDP-ESM2-8M,93,300,0.22816872596740723,0.5274538993835449,0.02425295140190864,0.0036070942878723145,0.05324855140667195
A0A3G4ZTT1,2.0066051483154297,4.258762836456299,0.3080658021483726,0.3042528331279754,1.014302428594598,2.7834334,6.344112,0.47605497,0.40267703,0.7489027,IDP-ESM2-8M,93,300,0.7768282890319824,2.0853490829467773,0.16798916430136496,0.09842419624328619,0.265399750104913
A0A3G4ZXU7,4.682886600494385,11.87985610961914,0.6611911672816647,0.5129855871200562,0.556682134662626,4.6336923,11.779323,0.7128279,0.55261844,0.42572707,IDP-ESM2-8M,93,300,0.0491943359375,0.10053348541259766,0.05163675363203157,0.03963285684585571,0.13095506528472678
A0A3G5A3I8,1.5751049518585205,3.773947715759277,0.5257315754470346,0.4083377420902252,0.5354535001418707,1.5611874,3.7447844,0.53463537,0.41419742,0.54463637,IDP-ESM2-8M,93,300,0.01391756534576416,0.02916336059570268,0.008903789562273223,0.005859673023223877,0.009182868609655226
A0A3G5A3J2,3.2298238277435303,7.914638519287109,0.6328699879206328,0.5012736320495605,0.5489529107848857,3.2585974,8.264221,0.65508664,0.51224977,0.48824272,IDP-ESM2-8M,93,300,0.02877354621887207,0.3495826721191406,0.022216648622641166,0.010976135730743408,0.06071019518773302
A0A3G5AHA4,1.7451157569885254,4.317638397216797,0.6347886171518404,0.5248681902885437,0.5175894318539166,1.6404555,4.0617127,0.6033511,0.4800847,0.5230391,IDP-ESM2-8M,93,300,0.1046602725982666,0.25592565536499023,0.03143750097142051,0.04478350281715393,0.005449670700404696
A0A3G5AK89,2.098658561706543,5.2356133460998535,0.6595096461050166,0.5283774733543396,0.5212214022415211,1.8665497,4.850816,0.66861916,0.5342611,0.48073226,IDP-ESM2-8M,93,300,0.23210883140563965,0.3847975730895996,0.009109509778772451,0.005883634090423584,0.040489140106969135
A0A3G5Q4F5,1.509766697883606,3.462980031967163,0.5315970927496723,0.4342913031578064,0.5886753292717927,1.7294424,4.0993176,0.536213,0.429332,0.58336735,IDP-ESM2-8M,93,300,0.21967566013336182,0.6363375186920166,0.004615887997550638,0.004959315061569214,0.005307981554507513
A0A3Q8Q9R0,2.3996801376342773,5.688763618469238,0.5367862815992644,0.4081299602985382,0.5896882821306629,2.3723774,5.5746593,0.5192938,0.4106626,0.62908345,IDP-ESM2-8M,93,300,0.02730274200439453,0.1141042709350586,0.017492496504049604,0.0025326311588287354,0.0393951724782543
A0A3R5WKS6,3.2722203731536865,6.824758529663086,0.2946595182959345,0.2819288372993469,1.2712277591971866,3.5450494,7.871686,0.42428118,0.35813314,0.83056813,IDP-ESM2-8M,93,300,0.2728290557861328,1.0469274520874023,0.12962166160900324,0.07620429992675781,0.44065962441248807
A0A401IPA0,3.062868595123291,7.817789077758789,0.6526912193025513,0.5069407224655151,0.5173940720362898,3.1255953,7.923027,0.66447663,0.5163909,0.46696848,IDP-ESM2-8M,93,300,0.06272673606872559,0.10523796081542969,0.011785413769348163,0.009450197219848633,0.05042559526398149
A0A410I670,3.304845094680786,6.440437316894531,0.284891875041337,0.3123685121536255,1.3344221808648642,3.5544884,7.897286,0.4255284,0.35900217,0.8296131,IDP-ESM2-8M,93,300,0.24964332580566406,1.4568486213684082,0.1406365320555258,0.04663366079330444,0.5048090913034018
A0A410S812,3.1738555431365967,7.947549343109131,0.6437646551619634,0.4982843101024627,0.5115780092699993,3.2772303,8.197128,0.67366076,0.5266346,0.43543714,IDP-ESM2-8M,93,300,0.10337471961975098,0.24957895278930664,0.029896099995507353,0.02835026383399969,0.0761408664210308
A0A411HB56,3.0561084747314453,7.937981128692627,0.6666353774032552,0.5110633373260498,0.4974017405829535,3.0562425,7.705416,0.676734,0.5310627,0.45084172,IDP-ESM2-8M,93,300,0.00013399124145507812,0.23256492614746094,0.010098593238834663,0.019999384880065918,0.04656001571036439
A0A481TD43,1.5611200332641602,3.97545313835144,0.62665650666222,0.4978462159633636,0.4923950092683355,1.589334,3.9589026,0.59981674,0.47446293,0.49801245,IDP-ESM2-8M,93,300,0.028213977813720703,0.01655054092407182,0.026839767103046364,0.023383289575576727,0.005617444049306697
A0A481V8U6,3.6566100120544434,9.344552040100098,0.6382170417180897,0.4956336915493011,0.5058383631188729,3.7150755,9.136215,0.63517696,0.49599072,0.48583117,IDP-ESM2-8M,93,300,0.05846548080444336,0.20833683013916016,0.003040085064494713,0.00035703182220464535,0.02000719184468769
A0A481Z0P8,2.3434500694274902,5.774368762969971,0.6830735695242306,0.5913287401199341,0.5238933358648797,2.3482885,5.9853234,0.69132435,0.5639186,0.4630407,IDP-ESM2-8M,93,300,0.004838466644287109,0.2109546661376953,0.008250783693848018,0.027410149574279785,0.060852626369335305
A0A481Z6X1,5.848792552947998,14.5919771194458,0.6245680827388268,0.4576553702354431,0.5535749271439071,4.9020014,11.856667,0.6470872,0.4973266,0.48133773,IDP-ESM2-8M,93,300,0.9467911720275879,2.7353105545043945,0.0225191336384315,0.039671242237091064,0.07223720102772668
A0A482JE07,1.7933437824249268,3.784212589263916,0.3422370852820277,0.3168927729129791,0.916042605731522,1.9245641,4.1777315,0.4245451,0.36154306,0.7804793,IDP-ESM2-8M,93,300,0.13122034072875977,0.39351892471313477,0.0823080239899755,0.04465028643608093,0.13556329378846776
A0A4D5XEU4,1.585178256034851,3.2875430583953857,0.3794363751570955,0.4213175177574157,0.8007188185773121,1.7171307,3.4246855,0.40646416,0.36742494,0.84426326,IDP-ESM2-8M,93,300,0.1319524049758911,0.13714241981506348,0.027027784331582483,0.05389258265495295,0.0435444370188488
A0A4D5XFS9,5.313535690307617,12.895544052124023,0.6537867205760718,0.5130262970924377,0.5998329680455946,4.5837617,11.74721,0.7768878,0.6107708,0.40827882,IDP-ESM2-8M,93,300,0.729773998260498,1.1483345031738281,0.12310105389139647,0.09774452447891235,0.19155414514672986
A0A4D5XFZ8,2.840350389480591,7.329541206359863,0.6652740441233866,0.5261901617050171,0.528240886991816,3.056623,7.4480634,0.6096683,0.5065958,0.6153817,IDP-ESM2-8M,93,300,0.21627259254455566,0.11852216720581055,0.055605729666446946,0.01959437131881714,0.08714083069006873
A0A4P1QFK2,1.569278359413147,3.856587886810303,0.5997097830917828,0.4815692603588104,0.521152997243418,1.5528665,3.8057625,0.5903702,0.47269037,0.51605296,IDP-ESM2-8M,93,300,0.016411900520324707,0.05082535743713423,0.00933960486912655,0.008878886699676514,0.00510003589393071
A0A4Y1NU38,2.126798629760742,5.417057037353516,0.6612864353786088,0.5270247459411621,0.4819941296897079,2.0315104,5.0659323,0.6161708,0.4877672,0.51209426,IDP-ESM2-8M,93,300,0.09528827667236328,0.35112476348876953,0.0451156118045426,0.039257556200027466,0.030100129572377066
A0A4Y5NGG5,1.4663090705871582,3.4714746475219727,0.5623043503885786,0.4551819562911987,0.5473772758364995,1.4629163,3.5740829,0.576807,0.45903736,0.527063,IDP-ESM2-8M,93,300,0.003392815589904785,0.10260820388793945,0.01450267170614794,0.0038554072380066473,0.020314263713391623
A0A4Y6EML4,1.6444348096847534,4.146859645843506,0.6373958551775621,0.5162093639373779,0.5050672936512886,1.7893083,4.563161,0.64704365,0.5078441,0.4537423,IDP-ESM2-8M,93,300,0.1448734998703003,0.41630125045776367,0.009647790204365347,0.008365273475646973,0.05132499814767222
A0A515J3G6,3.1186327934265137,7.270825386047363,0.511580186438924,0.4020017385482788,0.6151868159763221,3.2250586,7.5702925,0.5154267,0.4012704,0.6147427,IDP-ESM2-8M,93,300,0.10642576217651367,0.2994670867919922,0.003846508907908275,0.000731348991394043,0.00044411969107427396
A0A5B8IIW6,1.876439332962036,4.780735492706299,0.6309287974586975,0.500499963760376,0.5217042299854899,1.9282151,4.8453083,0.64165145,0.5100058,0.48729417,IDP-ESM2-8M,93,300,0.05177581310272239,0.06457281112670898,0.010722654128979547,0.009505808353424072,0.03441006270529279
A0A5C0PG83,1.4990878105163574,3.6093430519104,0.5740751485300534,0.4475873708724975,0.5320147418668952,1.4262509,3.4669,0.5641091,0.448608,0.5323072,IDP-ESM2-8M,93,300,0.07283687591552734,0.14244294166564897,0.009966061539696924,0.0010206401348114569,0.000292465717485868
A0A5C0ZRE4,2.777486562728882,6.751610279083252,0.4981999560231847,0.3859032690525055,0.6594087320124132,2.8348505,6.591396,0.50661844,0.4054523,0.64808303,IDP-ESM2-8M,93,300,0.05736398696899414,0.16021442413330078,0.008418484128029924,0.019549041986465454,0.011325700834892483
A0A5C0ZSQ4,2.6816768646240234,6.240284442901611,0.4610785431299108,0.3609131574630737,0.7305891575634075,2.7272115,6.2783723,0.48960432,0.3931952,0.6708632,IDP-ESM2-8M,93,300,0.045534610748291016,0.03808784484863281,0.02852578097249092,0.032282054424285944,0.05972594640846973
A0A5C0ZTE6,2.752901077270508,6.5304999351501465,0.4913074740993217,0.3889993727207184,0.6706721613495943,2.8221684,6.578188,0.5108463,0.40799865,0.6416373,IDP-ESM2-8M,93,300,0.06926727294921875,0.04768800735473633,0.019538842715100924,0.01899927854537964,0.029034836062729052
A0A5C0ZTP4,2.7503533363342285,6.579616546630859,0.4783652790299702,0.3765927255153656,0.7020986171090371,2.8104968,6.503231,0.4988529,0.40131593,0.6625356,IDP-ESM2-8M,93,300,0.060143470764160156,0.076385498046875,0.020487629581327382,0.024723201990127563,0.039563009294248275
A0A5C0ZTQ7,2.814868450164795,6.742566585540772,0.5131616655384568,0.3982076942920685,0.6319740141441779,2.8422787,6.586491,0.50108653,0.40137547,0.65722775,IDP-ESM2-8M,93,300,0.027410268783569336,0.15607547760009854,0.012075132468846173,0.003167778253555298,0.025253740448717643
A0A5J6VNB5,4.246179580688477,10.079634666442873,0.5671320644473286,0.4407932162284851,0.6232473965736872,3.8967266,9.432531,0.58801836,0.4658675,0.58431166,IDP-ESM2-8M,93,300,0.3494529724121094,0.6471033096313494,0.020886293306425108,0.025074273347854614,0.03893573246922555
A0A5K0U8Q2,3.28157114982605,7.580526351928711,0.2960078793833507,0.2939637303352356,1.339455273625949,4.315615,10.067599,0.5090906,0.40841222,0.71046996,IDP-ESM2-8M,93,300,1.0340440273284912,2.4870729446411133,0.213082723014568,0.11444848775863647,0.6289853124595672
A0A5K0UBH9,4.4510674476623535,10.794787406921388,0.6224340276978133,0.4953700602054596,0.555789767720587,4.0910087,10.1593075,0.62970746,0.4880718,0.5178349,IDP-ESM2-8M,93,300,0.3600587844848633,0.6354799270629901,0.007273427937257493,0.007298260927200317,0.037954865910894586
A0A5P9UM97,2.102760076522827,5.129786491394043,0.5767201245328621,0.4553373754024505,0.5654820275189154,1.917262,4.4856577,0.5197918,0.4226727,0.65173286,IDP-ESM2-8M,93,300,0.18549811840057373,0.6441287994384766,0.05692834263054891,0.03266468644142145,0.08625083447678161
A0A646QWB4,1.8808567523956297,4.621360301971436,0.6027606550066618,0.4786232411861419,0.5204782192452083,1.8658732,4.5718384,0.58242106,0.46415442,0.5607509,IDP-ESM2-8M,93,300,0.014983534812927024,0.049521923065186435,0.020339590629830706,0.014468818902969305,0.040272682453857844
A0A646QWN2,1.7463202476501465,4.517153263092041,0.6440542049888438,0.4940717220306396,0.4959717957362942,1.9106052,4.89565,0.6513703,0.51226395,0.46665198,IDP-ESM2-8M,93,300,0.16428494453430176,0.3784966468811035,0.007316081952684517,0.018192231655120905,0.02931981962774316
A0A649VCB5,1.482249140739441,3.4028100967407227,0.4691495678968456,0.3923689723014831,0.6798547738463695,1.4421647,3.382707,0.53363365,0.4386795,0.60166353,IDP-ESM2-8M,93,300,0.04008448123931885,0.020102977752685547,0.06448408145236706,0.04631051421165472,0.07819124397347521
A0A6B9LZ63,1.5288314819335938,3.7385506629943848,0.5837872321079302,0.4783801138401031,0.5275140359415174,1.5389678,3.7528167,0.5828921,0.46471083,0.53038734,IDP-ESM2-8M,93,300,0.01013636589050293,0.014266014099121094,0.0008951122234391873,0.013669282197952215,0.002873306034648415
A0A6C0RTL1,1.942519187927246,4.9028849601745605,0.6574489889940576,0.5290563106536865,0.5026331091744145,1.7721691,4.7275825,0.67450094,0.5301132,0.43793792,IDP-ESM2-8M,93,300,0.1703500747680664,0.17530250549316406,0.01705195323616704,0.0010569095611572266,0.06469519384924971
A0A6F9F3M6,1.6867610216140747,4.12396240234375,0.5543063370077973,0.4295834302902221,0.5436535201317549,1.8497943,4.4299374,0.54588586,0.42987046,0.5573037,IDP-ESM2-8M,93,300,0.16303324699401855,0.30597496032714844,0.008420476087844908,0.00028702616691594907,0.01365020654137128
A0A6G7AB66,2.394256591796875,5.607183456420898,0.5129844445910443,0.4077504873275757,0.6101653029616223,2.4968443,5.8948774,0.52725154,0.40825078,0.589871,IDP-ESM2-8M,93,300,0.10258769989013672,0.28769397735595703,0.014267097023488162,0.0005002915859222412,0.02029431363895995
A0A6G7AB88,2.5487427711486816,5.921242713928223,0.5037090025318002,0.3899264633655548,0.6240986858567585,2.6245322,6.1874456,0.5243566,0.40557975,0.5961108,IDP-ESM2-8M,93,300,0.0757894515991211,0.2662029266357422,0.020647601090636347,0.015653282403945923,0.027987865086494867
A0A6G8MYF8,3.047383069992065,6.832015514373779,0.4798165412312099,0.3725866079330444,0.6501600487615546,3.2843292,7.5233917,0.4762405,0.37656665,0.6711769,IDP-ESM2-8M,93,300,0.2369461059570317,0.6913762092590332,0.0035760553246089732,0.003980040550231989,0.021016861638835982
A0A6H0YEW0,1.4916315078735352,3.542085647583008,0.5727805290090121,0.4775491058826446,0.5410892691461799,1.4045328,3.37399,0.55999947,0.45119548,0.5490948,IDP-ESM2-8M,93,300,0.08709871768951416,0.16809558868408203,0.012781063066629295,0.026353627443313543,0.008005527034545157
A0A6J5KPB0,1.9767487049102783,5.074316501617432,0.6449558064784595,0.5061296224594116,0.5017141351095892,1.8316897,4.507989,0.5953864,0.47790202,0.53994507,IDP-ESM2-8M,93,300,0.1450589895248413,0.5663275718688965,0.04956942056079594,0.02822759747505188,0.03823093086560003
A0A6J5KRS4,1.7782434225082395,4.447866439819336,0.6096733966702871,0.4766556620597839,0.5067615725031995,1.7547568,4.427266,0.61632603,0.48521388,0.49255273,IDP-ESM2-8M,93,300,0.0234866142272947,0.020600318908691406,0.006652637398774197,0.008558213710784968,0.014208845042338325
A0A6J5KVQ0,2.0346829891204834,4.909021377563477,0.61778637425435,0.4878568947315216,0.5171953954655089,2.0703855,5.177398,0.61470973,0.4827825,0.5131062,IDP-ESM2-8M,93,300,0.03570246696472168,0.26837682723999023,0.003076639337663001,0.0050743818283081055,0.004089168544427313
A0A6J5L216,1.6831927299499512,4.459625720977783,0.6640445090954367,0.5202875733375549,0.4823141851482014,1.7665718,4.521393,0.6306607,0.49093157,0.45733094,IDP-ESM2-8M,93,300,0.08337903022766113,0.0617671012878418,0.03338379637647304,0.029356002807617188,0.024983242994270738
A0A6J5L2N6,2.355421543121338,5.1730055809021,0.4594085606106642,0.3694053590297699,0.709932297765533,2.3168118,5.3344545,0.4852373,0.38957834,0.66428113,IDP-ESM2-8M,93,300,0.03860974311828613,0.16144895553588867,0.02582873978530137,0.020172983407974243,0.04565116792849688
A0A6J5L2W6,2.8788058757781982,7.514744281768799,0.6966791162984817,0.5661570429801941,0.4602668390356537,3.3367608,8.19758,0.7056414,0.562027,0.4101142,IDP-ESM2-8M,93,300,0.45795488357543945,0.6828360557556152,0.00896227259464577,0.004130065441131592,0.050152640112542723
A0A6J5L549,2.508253335952759,6.43429708480835,0.6896854159672251,0.5573498010635376,0.4999505330995841,2.7992373,6.953667,0.714009,0.5808236,0.43838614,IDP-ESM2-8M,93,300,0.2909839153289795,0.5193700790405273,0.024323570982695553,0.023473799228668213,0.06156439084570836
A0A6J5L8Y0,1.7218173742294312,4.055733680725098,0.516678127270519,0.409933865070343,0.5868773045739578,1.7191789,3.9672272,0.49252108,0.39338845,0.6365559,IDP-ESM2-8M,93,300,0.0026384592056274414,0.08850646018981934,0.02415704987603351,0.016545414924621582,0.04967860553651582
A0A6J5LE62,1.8569579124450684,4.729587554931641,0.6058487791456877,0.4622621834278106,0.5173858404210439,1.9837439,4.972876,0.6002302,0.47035685,0.5202972,IDP-ESM2-8M,93,300,0.1267859935760498,0.24328851699829102,0.005618562165707219,0.008094668388366755,0.0029113888689646927
A0A6J5LH85,2.0366644859313965,5.061079025268555,0.613183573238589,0.4887560904026031,0.5243777740272676,2.0165467,5.0758343,0.60816157,0.47215188,0.4856458,IDP-ESM2-8M,93,300,0.020117759704589844,0.0147552490234375,0.005022004596926366,0.01660421490669245,0.03873197319833388
A0A6J5LWJ3,2.1276004314422607,5.292978286743164,0.6190518406240357,0.4812188744544983,0.5318526859722209,1.9620616,4.7734203,0.56726766,0.4520888,0.575549,IDP-ESM2-8M,93,300,0.16553878784179688,0.5195579528808594,0.05178418429774179,0.02913007140159607,0.04369632048987626
A0A6J5LYG1,2.3046374320983887,5.94863748550415,0.6241506701010593,0.4721592962741852,0.4988340856401801,2.2713494,5.6551213,0.5973005,0.46691084,0.52509195,IDP-ESM2-8M,93,300,0.033288002014160156,0.2935161590576172,0.026850140621078822,0.005248457193374634,0.026257860484850404
A0A6J5M0M6,1.739432692527771,4.261733531951904,0.5921009972377811,0.4669436514377594,0.5294382728231988,1.7430699,4.3717356,0.600631,0.47414103,0.51319456,IDP-ESM2-8M,93,300,0.0036371946334838867,0.11000204086303711,0.008530001373669105,0.007197380065917969,0.016243711818560103
A0A6J5M1A9,1.8577815294265747,4.630948066711426,0.6069429325998149,0.4760930240154266,0.5252409798201186,1.6787131,4.148362,0.5905376,0.47172222,0.53736717,IDP-ESM2-8M,93,300,0.1790684461593628,0.4825859069824219,0.016405324929984588,0.004370808601379339,0.012126185268534928
A0A6J5M383,1.494722604751587,3.657947301864624,0.5853422235092046,0.4583293199539184,0.5259290166297798,1.4405824,3.5686755,0.593008,0.4660876,0.501965,IDP-ESM2-8M,93,300,0.05414021015167236,0.08927178382873535,0.007665758267986544,0.007758289575576838,0.023964030305469453
A0A6J5M440,1.5604028701782229,3.437957763671875,0.3202055754656332,0.3354946970939636,0.932529831037414,1.0761682,1.6238742,0.3276285,0.33916563,1.0064758,IDP-ESM2-8M,93,300,0.48423469066619895,1.8140835762023926,0.007422917843387777,0.003670930862426758,0.07394597519885304
A0A6J5M597,2.550710201263428,5.845308780670166,0.4083343946641936,0.3207777440547943,0.7373658121852058,2.3289886,5.3575296,0.4840206,0.37762576,0.61106914,IDP-ESM2-8M,93,300,0.22172164916992232,0.4877791404724121,0.07568619611797195,0.05684801936149597,0.12629666936675488
A0A6J5M692,1.7857714891433716,4.527713775634766,0.6260762429795432,0.4854085445404053,0.4941285141052211,1.901828,4.884885,0.6306046,0.49753812,0.4885346,IDP-ESM2-8M,93,300,0.11605656147003174,0.35717105865478516,0.004528381768686751,0.01212957501411438,0.005593914562603275
A0A6J5MAS8,2.1638431549072266,5.339083671569824,0.6194049065848333,0.5013311505317688,0.5323881030430215,2.1411161,5.31734,0.6126288,0.48521245,0.5284274,IDP-ESM2-8M,93,300,0.022727012634277344,0.0217437744140625,0.006776089026544696,0.01611870527267456,0.003960680996360155
A0A6J5MC63,2.833919048309326,7.152839183807373,0.6204005803651949,0.4815036654472351,0.5027533148467752,2.7712898,6.802473,0.5986789,0.46735287,0.5198317,IDP-ESM2-8M,93,300,0.06262922286987305,0.35036611557006836,0.021721693474783477,0.014150798320770264,0.017078402167537532
A0A6J5MCB3,1.881728172302246,4.661686420440674,0.6180449498310963,0.5010566711425781,0.5523207475922821,1.8550085,4.661305,0.6406765,0.513578,0.5014013,IDP-ESM2-8M,93,300,0.02671968936920166,0.0003814697265625,0.02263154858198968,0.012521326541900635,0.05091944239361268
A0A6J5MEY7,1.8864434957504272,4.904863834381104,0.6337238566627509,0.4955415427684784,0.5018112370344181,1.7449274,4.292721,0.5960454,0.47995412,0.5545907,IDP-ESM2-8M,93,300,0.1415160894393921,0.61214303970337,0.03767848179245059,0.015587419271469116,0.052779465022466665
A0A6J5MKW9,2.08365535736084,5.274583339691162,0.6345230651760311,0.4965068697929382,0.511617115085806,1.8341718,4.416196,0.5645671,0.45479208,0.58119,IDP-ESM2-8M,93,300,0.24948358535766602,0.8583874702453613,0.06995597609522053,0.041714787483215277,0.06957287495783415
A0A6J5MMF3,2.904329299926758,7.163765907287598,0.6114108566315617,0.4739271402359009,0.5275701998757377,2.9880166,7.3957453,0.615209,0.4791536,0.51079845,IDP-ESM2-8M,93,300,0.08368730545043945,0.2319793701171875,0.003798126789763989,0.005226463079452515,0.016771745591069753
A0A6J5MV94,2.048133373260498,5.298162937164307,0.6650287210348408,0.5227213501930237,0.4909484761089102,1.993436,5.064367,0.6388625,0.505618,0.48954636,IDP-ESM2-8M,93,300,0.054697394371032715,0.2337961196899414,0.026166230380849087,0.017103374004364014,0.0014021175235525152
A0A6J5N0T2,1.48854398727417,3.600600004196167,0.572755299879096,0.4536406695842743,0.5405142379092953,1.5553977,3.748605,0.5568302,0.4442213,0.5584862,IDP-ESM2-8M,93,300,0.06685376167297363,0.14800500869750977,0.015925072504065496,0.009419381618499756,0.01797198531152988
A0A6J5NF31,2.0817313194274902,5.190861701965332,0.6088242839027769,0.4667806327342987,0.5212582653544237,2.0396743,5.0279,0.5763911,0.45164928,0.54769474,IDP-ESM2-8M,93,300,0.042057037353515625,0.16296148300170898,0.03243318301929299,0.015131354331970215,0.026436477325172292
A0A6J5P529,2.18622088432312,5.7091264724731445,0.7026291439231102,0.5722585320472717,0.4795564047652417,2.2674007,5.43453,0.66983974,0.566628,0.5067745,IDP-ESM2-8M,93,300,0.08117985725402832,0.2745966911315918,0.032789404123610644,0.005630552768707275,0.027218080345994877
A0A6J5PE78,1.9051525592803955,4.878875255584717,0.6161454818801483,0.4755217730998993,0.5002290345474055,1.890076,4.8241067,0.62194043,0.48115152,0.47759092,IDP-ESM2-8M,93,300,0.015076518058776855,0.05476856231689453,0.005794952098886141,0.005629748106002808,0.022638116006450937
A0A6J5PLB7,2.00012469291687,5.004380702972412,0.6220346698282758,0.4908894598484039,0.5169882790268279,2.0331917,4.9891496,0.56607926,0.44696125,0.5964457,IDP-ESM2-8M,93,300,0.03306698799133301,0.015231132507324219,0.055955410909513614,0.04392820596694941,0.07945740063778395
A0A6J5PPF9,1.6994106769561768,4.2534942626953125,0.637659078637181,0.5133104920387268,0.5113879579403143,1.8007457,4.584428,0.6604056,0.5294801,0.42887703,IDP-ESM2-8M,93,300,0.10133504867553711,0.3309335708618164,0.022746497591914494,0.016169607639312744,0.0825109320976477
A0A6J5PZI4,1.600130319595337,3.869051456451416,0.5712057109454894,0.4700706601142883,0.5721592943992827,1.39969,3.2166247,0.54734695,0.4628654,0.6082977,IDP-ESM2-8M,93,300,0.20044028759002686,0.6524267196655273,0.0238587613681579,0.007205247879028265,0.03613841125104689
A0A6J5SKE0,2.886304378509521,7.2544264793396,0.6233467887106858,0.4931926727294922,0.5151594030438162,2.6662,6.595349,0.6117372,0.47808057,0.5047007,IDP-ESM2-8M,93,300,0.22010445594787553,0.6590776443481445,0.011609597033592323,0.015112102031707764,0.010458682733605063
A0A6J5SLP1,2.056353807449341,5.077332019805908,0.6289422434905967,0.4967992901802063,0.5210144813499226,1.8700502,4.6223903,0.5968979,0.4803008,0.55467874,IDP-ESM2-8M,93,300,0.18630361557006836,0.4549417495727539,0.03204434338607398,0.016498476266860962,0.03366425676729545
A0A6J7W7Z1,1.7040530443191528,4.171281814575195,0.5778636035676793,0.4433797597885132,0.5488037899165623,1.5804029,3.800143,0.5609632,0.45341247,0.5722272,IDP-ESM2-8M,93,300,0.1236501932144165,0.3711388111114502,0.016900390123923192,0.010032713413238525,0.02342339008755756
A0A6J7WAM5,1.9987006187438965,4.875526905059815,0.5964391770153447,0.4760201573371887,0.5402664294541564,1.8750753,4.602523,0.5773509,0.45719236,0.55346066,IDP-ESM2-8M,93,300,0.12362527847290039,0.27300405502319425,0.019088262537042655,0.01882779598236084,0.013194228142431763
A0A6J7WD77,2.0398218631744385,5.234002113342285,0.6154591094767137,0.4833996891975403,0.5215067284826587,2.1117933,5.2557745,0.5879345,0.4575358,0.5282351,IDP-ESM2-8M,93,300,0.07197141647338867,0.021772384643554688,0.027524615458158985,0.0258638858795166,0.006728349375312526
A0A6J7WRV8,2.0075509548187256,5.017336845397949,0.6393148275712677,0.5117366909980774,0.5004340316601037,1.9725695,4.966591,0.61997724,0.48883227,0.49661112,IDP-ESM2-8M,93,300,0.034981489181518555,0.05074596405029297,0.01933759177720029,0.022904425859451294,0.0038229133434533047
A0A6J7WTJ4,1.6838769912719729,4.323377132415772,0.6295937189877365,0.4990681409835815,0.4959413393104445,1.7404063,4.400702,0.61074156,0.4790631,0.50282204,IDP-ESM2-8M,93,300,0.05652928352355935,0.07732486724853427,0.018852163296971147,0.020005047321319525,0.00688070220109116
A0A6J7WZ48,3.826281785964966,9.453510284423828,0.6338000924175461,0.5001072883605957,0.5492921056780966,3.7608092,9.441692,0.66172415,0.51438636,0.4901836,IDP-ESM2-8M,93,300,0.06547260284423828,0.01181793212890625,0.02792405776327056,0.014279067516326904,0.05910851383544524
A0A6J7WZH5,1.997426152229309,5.063433170318604,0.6319075313073943,0.5114899277687073,0.5175869054829203,1.9213262,4.921588,0.6364362,0.49942008,0.4788162,IDP-ESM2-8M,93,300,0.07609999179840088,0.14184522628784269,0.0045286926763703494,0.012069851160049438,0.038770694259318006
A0A6J7X3M2,1.8229938745498653,4.596062660217285,0.6239521307905707,0.500834584236145,0.5254647265075452,1.7492259,4.366844,0.6124978,0.4857776,0.5174175,IDP-ESM2-8M,93,300,0.07376801967620805,0.2292184829711914,0.011454324241498393,0.015056997537612915,0.008047236025214843
A0A6J7X4W8,2.203436374664306,5.431280136108398,0.633642640496805,0.5054945945739746,0.5196356791342324,2.0418327,5.244995,0.6454203,0.5077148,0.47769088,IDP-ESM2-8M,93,300,0.16160368919372514,0.18628501892089844,0.011777672384664761,0.0022202134132385254,0.041944803603989445
A0A6J7XE11,2.880303382873535,7.103586196899414,0.5896448311932136,0.4443148076534271,0.5443481510228023,2.7539268,6.7714562,0.59856486,0.46782723,0.52935606,IDP-ESM2-8M,93,300,0.12637662887573242,0.33212995529174805,0.008920032011742407,0.023512423038482666,0.014992088610540355
A0A6M2ZHS1,2.108590602874756,5.214810848236084,0.5971030232338395,0.4512355923652649,0.5333742198878964,1.9666076,4.9048915,0.6122628,0.48319468,0.50114316,IDP-ESM2-8M,93,300,0.1419830322265625,0.3099193572998047,0.015159762200883442,0.031959086656570435,0.032231062405749134
A0A6M3TA11,1.5102691650390625,3.516918420791626,0.5656975825893021,0.4803137183189392,0.5583930907672768,1.5766677,3.904855,0.58777434,0.46648988,0.5148542,IDP-ESM2-8M,93,300,0.0663985013961792,0.3879365921020508,0.022076753748741074,0.013823837041854858,0.043538898033512186
A0A6S4P8D4,2.9800455570220947,7.539036273956299,0.6118226185227567,0.4613141715526581,0.5087139208463558,3.1413307,7.7395163,0.6093907,0.47320375,0.5185744,IDP-ESM2-8M,93,300,0.1612851619720459,0.20047998428344727,0.0024319425011807283,0.01188957691192627,0.00986049579106485
A0A6S4P9N8,2.054049491882324,5.216941356658936,0.6315348243970083,0.4899359047412872,0.5014778354626044,1.9600971,4.840788,0.5946798,0.47323903,0.53681624,IDP-ESM2-8M,93,300,0.09395241737365723,0.37615346908569425,0.036855051543156936,0.016696870326995794,0.03533840389439025
A0A6S4PA87,3.1072826385498047,7.822821140289307,0.6098370448557368,0.448545753955841,0.5428882902355816,3.1261458,7.7758656,0.63356125,0.49723795,0.5187036,IDP-ESM2-8M,93,300,0.018863201141357422,0.04695558547973633,0.023724208691931703,0.04869219660758978,0.02418471033293268
A0A6S4PGH2,1.9700981378555296,4.954819202423096,0.6446771718792407,0.5221967101097107,0.5001569593967412,1.9277043,4.8131776,0.6181078,0.49790752,0.52767134,IDP-ESM2-8M,93,300,0.04239380359649636,0.14164161682128906,0.026569376163908642,0.024289190769195557,0.02751437773094434
A0A7D3USN0,4.502585887908936,10.881007194519045,0.626506125635165,0.4935890138149261,0.5834784811046019,4.2261844,10.505663,0.6572201,0.5155487,0.48096174,IDP-ESM2-8M,93,300,0.2764015197753915,0.37534427642822443,0.030713999563199312,0.021959692239761408,0.10251674108766462
A0A7D5FH32,2.964687824249268,6.771196365356445,0.4890869461969765,0.3887906372547149,0.6653332948178123,3.0200007,7.103913,0.5179585,0.40374917,0.61033934,IDP-ESM2-8M,93,300,0.055312871932982954,0.3327164649963379,0.02887157564598003,0.014958530664444025,0.05499395126999129
A0A7I6MYG1,1.6987109184265137,3.765070199966431,0.4476119295111168,0.3639024496078491,0.6936497593939838,1.7602856,4.1347666,0.5224433,0.41405997,0.5907324,IDP-ESM2-8M,93,300,0.061574697494506836,0.3696963787078853,0.0748313650140297,0.050157517194747925,0.10291736374502747
A0A7M1CLG8,2.5670325756073,6.696186542510986,0.6631683169173271,0.5059851408004761,0.4855045421007921,2.4495082,6.0139923,0.59237725,0.4871409,0.6004401,IDP-ESM2-8M,93,300,0.11752438545227051,0.6821942329406738,0.07079107149114916,0.018844246864318848,0.11493554283344254
A0A7M1RZ47,1.7512379884719849,4.559720039367676,0.6602557816967571,0.5235026478767395,0.4651397794275264,1.9190893,4.922901,0.6523965,0.51522386,0.46220773,IDP-ESM2-8M,93,300,0.16785132884979248,0.36318111419677734,0.007859281586130917,0.00827878713607788,0.002932044842718029
A0A7S5RCY4,1.7499369382858276,4.145605087280273,0.4727839649219899,0.3573645651340484,0.6565214912623649,1.6875048,3.9268253,0.505778,0.40581822,0.6157321,IDP-ESM2-8M,93,300,0.062432169914245605,0.2187798023223877,0.03299404973789172,0.048453658819198664,0.04078941747849041
A0A7S5UT98,1.7647747993469238,4.127696514129639,0.4874576335090069,0.3858593106269836,0.6335443470597522,1.6249909,3.7447388,0.49342546,0.39767563,0.63369316,IDP-ESM2-8M,93,300,0.1397838592529297,0.38295769691467285,0.005967825160655582,0.01181632280349737,0.00014881156680424112
A0A7S9SUD3,3.2803990840911865,8.420256614685059,0.6443592783642043,0.4996977150440216,0.4987060193142466,2.87504,7.2119966,0.61435765,0.47949,0.5214346,IDP-ESM2-8M,93,300,0.40535902976989746,1.2082600593566895,0.03000162808420548,0.020207703113555908,0.022728585807365975
A0A7S9XGD0,2.4677963256835938,6.089242935180664,0.6785396467704635,0.5523814558982849,0.5090130014651794,2.8217304,6.752389,0.67937976,0.5624647,0.4982621,IDP-ESM2-8M,93,300,0.35393404960632324,0.6631460189819336,0.0008401144485611356,0.010083258152008057,0.010750894092895424
A0A7U3WA13,3.294558525085449,7.61496114730835,0.5238015285301881,0.4226000308990478,0.6326452101164307,4.328379,10.273329,0.5512898,0.4272361,0.6011775,IDP-ESM2-8M,93,300,1.033820629119873,2.65836763381958,0.0274882682990355,0.004636079072952326,0.03146769651703496
A0A811BMM7,3.081161499023437,7.462339878082275,0.6336918559548956,0.5201132297515869,0.5351633174304091,3.0076094,7.3500147,0.5925216,0.47249323,0.5709918,IDP-ESM2-8M,93,300,0.07355213165283159,0.11232519149780273,0.04117024807907166,0.04761999845504761,0.035828496706096
A0A858MR12,1.8512427806854248,4.154233932495117,0.4095790856623851,0.3431804776191711,0.7560460814428156,1.6586537,3.5997179,0.4353468,0.36653638,0.7606312,IDP-ESM2-8M,93,300,0.19258904457092285,0.554516077041626,0.0257677263474263,0.023355901241302546,0.004585122208612624
A0A8A4VK22,1.9344406127929688,4.924396514892578,0.6309197984060031,0.5022345781326294,0.5196998787851062,1.9928544,4.9953327,0.6371079,0.50933355,0.5032108,IDP-ESM2-8M,93,300,0.05841374397277832,0.07093620300292969,0.006188110319735429,0.007098972797393799,0.01648909578034541
A0A8D9CCF9,1.8626888990402224,4.7737555503845215,0.6589138205977746,0.520041823387146,0.4985468940038113,1.7646182,4.5692625,0.65821654,0.5230853,0.46721372,IDP-ESM2-8M,93,300,0.09807074069976829,0.20449304580688477,0.0006972845527001281,0.0030434727668762207,0.03133317392057461
A0A8E5KAT9,2.134221076965332,5.213846206665039,0.6205822784251273,0.4966911375522613,0.5302895750355515,1.9950709,4.876345,0.5961532,0.47569174,0.5465572,IDP-ESM2-8M,93,300,0.13915014266967773,0.33750104904174805,0.02442907875242828,0.02099940180778498,0.016267612998506098
A0A8F2E6U0,1.6279325485229492,2.936932325363159,0.3870195761908508,0.3804225921630859,0.8144267563966624,1.8589001,4.1352067,0.49438217,0.41877717,0.6827899,IDP-ESM2-8M,93,300,0.23096752166748047,1.1982743740081787,0.10736259663210146,0.03835457563400274,0.13163683463610332
A0A8S5LF95,1.9524694681167605,4.752089500427246,0.6116146925184845,0.4761669933795929,0.5193611792038304,1.8878791,4.595763,0.5689377,0.45411348,0.566696,IDP-ESM2-8M,93,300,0.06459033489227317,0.1563262939453125,0.04267697365022893,0.022053509950637817,0.04733480897442277
A0A8S5LN82,1.4564770460128784,3.551030158996582,0.5644539526827057,0.4440465569496155,0.5295872270345483,1.419337,3.4636724,0.5676269,0.44966048,0.5253892,IDP-ESM2-8M,93,300,0.03714001178741455,0.08735775947570801,0.0031729408376495183,0.005613923072814941,0.004198032546022912
A0A8S5M1Q5,1.6349014043807983,4.136609554290772,0.6176851959731746,0.4815238714218139,0.5082991088930108,1.575018,3.900003,0.5836836,0.46836445,0.546226,IDP-ESM2-8M,93,300,0.05988335609436035,0.2366065979003915,0.03400158601071124,0.013159424066543524,0.03792691573467477
A0A8S5M989,1.555854320526123,3.871352434158325,0.6222308559247735,0.4920191466808319,0.4863082350686921,1.6379943,4.1904154,0.626229,0.49316537,0.46971846,IDP-ESM2-8M,93,300,0.08213996887207031,0.3190629482269287,0.003998132245850328,0.0011462271213531494,0.01658977880038154
A0A8S5MGS1,1.910127878189087,4.985308170318604,0.6454179214791889,0.503861665725708,0.4753694556038174,2.0383782,5.196636,0.62944347,0.48977095,0.47822273,IDP-ESM2-8M,93,300,0.1282503604888916,0.21132802963256747,0.015974454815828265,0.01409071683883667,0.002853272171756349
A0A8S5N1K7,1.5256634950637815,3.474898099899292,0.5076233191310318,0.4272309243679046,0.612853629655482,1.3871269,3.278635,0.5300725,0.4242459,0.58057356,IDP-ESM2-8M,93,300,0.13853657245635964,0.19626307487487793,0.0224491911114304,0.0029850304126738947,0.03228007084810891
A0A8S5N469,1.5433911085128784,3.9640309810638414,0.618228924830962,0.4805101752281189,0.4974264329530719,1.5071164,3.687206,0.58376634,0.46670157,0.5235958,IDP-ESM2-8M,93,300,0.03627467155456543,0.27682495117187367,0.03446258362155041,0.013808608055114746,0.026169376983451564
A0A8S5NE69,1.979480147361756,4.995694160461426,0.6259157828466456,0.5032637119293213,0.4971250753689158,1.8825902,4.74226,0.60957706,0.47755164,0.502879,IDP-ESM2-8M,93,300,0.09688997268676824,0.2534341812133789,0.016338723100857044,0.02571207284927368,0.005753948183025104
A0A8S5NNF7,1.9403384923934937,4.894529819488525,0.6511790284864741,0.5318760275840759,0.5101288463592105,2.2052364,5.717386,0.7065197,0.5588361,0.40833312,IDP-ESM2-8M,93,300,0.2648979425430298,0.8228559494018555,0.055340694452063466,0.02696007490158081,0.10179572362895539
A0A8S5NWD3,1.503544807434082,3.65364933013916,0.5553315055471386,0.437623530626297,0.5612589615247779,1.4420173,3.554954,0.5746929,0.4577231,0.5274507,IDP-ESM2-8M,93,300,0.06152749061584473,0.09869527816772461,0.019361399402049617,0.02009958028793335,0.03380828079205089
A0A8S5NWX7,1.5410619974136353,3.9742047786712646,0.5973966100056615,0.4562604129314422,0.5145139779202701,1.5499287,3.8963041,0.6024586,0.47111914,0.49575442,IDP-ESM2-8M,93,300,0.008866667747497559,0.07790064811706543,0.005061986223891757,0.014858722686767634,0.018759557162976392
A0A8S5PA77,1.6479690074920654,3.97419810295105,0.5599879865602492,0.4593021273612976,0.5856182069537395,1.6838373,4.055594,0.5700185,0.457219,0.5640992,IDP-ESM2-8M,93,300,0.035868287086486816,0.08139586448669434,0.010030483727073825,0.002083122730255127,0.02151901433441572
A0A8S5PGG1,1.999321460723877,4.958240509033203,0.6312471216651164,0.5193281769752502,0.5364796865903231,2.3248725,5.900399,0.66895556,0.5254139,0.45825225,IDP-ESM2-8M,93,300,0.32555103302001953,0.9421586990356445,0.03770844283378494,0.006085693836212158,0.0782274354420992
A0A8S5PHX0,1.9911673069000244,5.045957088470459,0.6327991748358371,0.5082547068595886,0.5226838316144725,2.0043433,4.9359355,0.6123066,0.4931032,0.5393286,IDP-ESM2-8M,93,300,0.01317596435546875,0.11002159118652344,0.02049257998720433,0.015151500701904297,0.016644743519804828
A0A8S5PIQ8,2.47629189491272,6.197360038757324,0.6421392661794804,0.5042612552642822,0.5010112350274648,2.4806917,6.324746,0.63280153,0.4936454,0.47934255,IDP-ESM2-8M,93,300,0.00439977645873979,0.12738609313964844,0.009337733434119033,0.01061585545539856,0.021668684988173426
A0A8S5Q7R0,1.6152764558792114,4.101143836975098,0.6178053430009274,0.4791023731231689,0.490659105079351,1.6943872,4.233772,0.6054032,0.47646675,0.48487642,IDP-ESM2-8M,93,300,0.07911074161529541,0.1326279640197754,0.012402158110180306,0.002635627985000555,0.005782681005178036
A0A8S5RD61,1.6017917394638062,3.965585231781006,0.6046984632452004,0.4811049401760101,0.5243035053119524,1.6684628,4.089076,0.58381134,0.45769894,0.5201582,IDP-ESM2-8M,93,300,0.06667101383209229,0.12349081039428711,0.02088712052898334,0.02340599894523615,0.004145333658204797
A0A8S5RFF7,1.862288475036621,4.7275071144104,0.6458170845488161,0.5117868781089783,0.506412038024073,2.2867987,5.829998,0.64416265,0.506116,0.4872121,IDP-ESM2-8M,93,300,0.42451024055480957,1.1024909019470215,0.0016544296721071605,0.005670905113220215,0.019199946339731544
A0A8S5RGG2,1.6594260931015017,4.092227935791016,0.6227961601005827,0.5022700428962708,0.5305666713097132,1.7574911,4.3454905,0.5992097,0.49116927,0.5497099,IDP-ESM2-8M,93,300,0.0980650186538694,0.2532625198364258,0.02358643424380169,0.01110076904296875,0.019143244805093884
A0A8S5S9N0,1.621069073677063,4.162961006164551,0.6458787838718318,0.520874559879303,0.4756734785388906,1.8346393,4.640316,0.6350752,0.51689285,0.5058563,IDP-ESM2-8M,93,300,0.213570237159729,0.4773550033569336,0.010803572346868462,0.0039817094802856445,0.030182797019581098
A0A8S5SDG1,1.5783900022506714,3.777143001556397,0.5939259302309056,0.479500949382782,0.531778142557477,1.6983204,4.121913,0.57541776,0.45631438,0.5263378,IDP-ESM2-8M,93,300,0.11993038654327393,0.34476995468139604,0.018508173196603805,0.023186564445495605,0.005440340147351286
A0A8S5SII4,2.182900667190552,5.513121128082275,0.6077533348160197,0.4632779061794281,0.5208297853862222,1.9680278,4.8190837,0.5912117,0.4690576,0.5382653,IDP-ESM2-8M,93,300,0.21487283706665083,0.6940374374389648,0.01654165821842446,0.005779683589935303,0.017435502489906995
A0A8S5SVB6,1.7427517175674438,4.428826808929443,0.6321562764044861,0.4956240057945251,0.5007640859459576,1.768436,4.4040833,0.61062455,0.48902896,0.5197377,IDP-ESM2-8M,93,300,0.025684237480163574,0.02474355697631836,0.02153172463141484,0.006595045328140203,0.018973634543544393
A0A8S5TCW6,1.505388617515564,3.488236665725708,0.5181335237283683,0.4185857474803924,0.6082048208860208,1.5872514,3.8628116,0.5728889,0.45588008,0.5442915,IDP-ESM2-8M,93,300,0.08186280727386475,0.3745748996734619,0.054755387042047965,0.03729432821273809,0.06391332460916532
A0A8S5TKF0,1.830511450767517,4.734582901000977,0.6540355363669675,0.5201504230499268,0.4858890356911515,1.8286405,4.638091,0.6307886,0.49995685,0.4676707,IDP-ESM2-8M,93,300,0.0018709897994995117,0.09649181365966797,0.02324691208031593,0.02019357681274414,0.01821832679642188
A0A8S5U5H8,1.668262004852295,4.164511203765869,0.6014710903954414,0.4717178344726562,0.5415812340166098,1.8849986,4.6340594,0.6047761,0.48068,0.5196457,IDP-ESM2-8M,93,300,0.2167365550994873,0.46954822540283203,0.003304994027623742,0.00896215438842779,0.021935543098641097
A0A8S5UDW9,1.522452712059021,3.642811536788941,0.5618506913750334,0.4482762217521667,0.547836939233785,1.4837343,3.6104994,0.5713957,0.4515055,0.52437663,IDP-ESM2-8M,93,300,0.038718461990356445,0.032312154769897905,0.009545003834469767,0.0032292902469635565,0.023460308450703904
A0A8S5UG11,3.551250696182251,8.637042999267578,0.6664740581686461,0.5874826908111572,0.5787946911582735,3.6223488,8.936054,0.66682374,0.58747935,0.68728745,IDP-ESM2-8M,93,300,0.07109808921813965,0.29901123046875,0.00034968660521861317,3.337860107421875e-06,0.10849275867845742
A0A8S5UGG4,2.0329296588897705,5.041426181793213,0.6574535224102054,0.5424679517745972,0.5160772290311407,2.1194532,5.3973575,0.67223233,0.538212,0.47229892,IDP-ESM2-8M,93,300,0.08652353286743164,0.35593128204345703,0.014778807435223085,0.004255950450897217,0.043778308876569194
A0A8S5UXR4,1.4902340173721311,3.5173609256744385,0.5479879408922085,0.4339300394058227,0.5659117865704142,1.5051073,3.6246326,0.55981374,0.44523138,0.5527751,IDP-ESM2-8M,93,300,0.014873266220092995,0.10727167129516602,0.011825796977054215,0.011301338672637995,0.013136701598032596
A0A8S5UYA7,1.5546787977218628,3.6187729835510254,0.5588825855810706,0.4516715705394745,0.5538835750972289,1.4929917,3.634136,0.56367046,0.44826037,0.5352487,IDP-ESM2-8M,93,300,0.06168711185455322,0.015362977981567383,0.004787870828383722,0.003411203622817993,0.018634878293182222
A0A8S5V197,2.031447410583496,5.217623710632324,0.6655993583111371,0.5359399914741516,0.4854073841716761,1.9382257,4.8220177,0.6267177,0.5121788,0.5213602,IDP-ESM2-8M,93,300,0.09322166442871094,0.39560604095458984,0.03888167165799994,0.023761212825775146,0.035952834353256746
A0A8S5V2I6,1.510156273841858,3.716807365417481,0.584592455295976,0.4609362483024597,0.521300645449666,1.557763,3.81896,0.567893,0.4513401,0.5504494,IDP-ESM2-8M,93,300,0.047606706619262695,0.10215258598327592,0.01669942703669869,0.009596139192581177,0.02914872588822459
A0A8S5VTX0,1.8732147216796875,4.677481651306152,0.6281524063404602,0.5191910862922668,0.5238727038835459,1.676177,4.158725,0.6155665,0.4982364,0.526541,IDP-ESM2-8M,93,300,0.1970376968383789,0.5187568664550781,0.012585914259771736,0.02095469832420349,0.002668290760619141
A0A976N2M2,1.766093134880066,4.478177547454834,0.6559645424843146,0.5387181639671326,0.5171916036625824,2.1735148,5.628398,0.703907,0.5552525,0.40215248,IDP-ESM2-8M,93,300,0.40742170810699463,1.1502203941345215,0.04794247045513855,0.01653432846069336,0.11503912496766666
A0A976N2T1,1.7693208456039429,4.482289791107178,0.6613569635400225,0.5352510809898376,0.4996799372620866,2.014036,5.267422,0.689796,0.5380961,0.40717953,IDP-ESM2-8M,93,300,0.24471509456634521,0.7851324081420898,0.028439007376725556,0.00284498929977417,0.09250040282681438
A0A977TP41,2.6149938106536865,6.4530439376831055,0.6300407803268576,0.5063483715057373,0.5244750634780444,2.7750285,7.03771,0.688578,0.53328145,0.3926513,IDP-ESM2-8M,93,300,0.1600346565246582,0.5846662521362305,0.058537229278550096,0.02693307399749756,0.1318237737765826
A0A9C7EYP6,2.1634764671325684,4.398148536682129,0.43452964774885,0.415037602186203,0.7636417569324926,2.1107688,4.553917,0.4487247,0.39232063,0.7772642,IDP-ESM2-8M,93,300,0.052707672119140625,0.15576839447021484,0.014195039350606786,0.02271696925163269,0.013622420866732265
A0A9E7E114,2.758843183517456,6.27767276763916,0.5078812672146445,0.3903974890708923,0.6122610001990875,2.9014232,6.8605914,0.51987547,0.40190303,0.5828532,IDP-ESM2-8M,93,300,0.1425800323486328,0.582918643951416,0.011994199608933331,0.011505544185638483,0.02940780214763483
A0A9E7MTP4,1.7609477043151855,4.5287041664123535,0.6246716396277747,0.4864590764045715,0.4975808886266212,1.8141596,4.5479174,0.6254852,0.4992609,0.486324,IDP-ESM2-8M,93,300,0.05321192741394043,0.019213199615478516,0.0008135421806969578,0.012801826000213679,0.0112568763471107
A0A9E7NGQ3,1.9558959007263184,4.658963680267334,0.5884321258793854,0.4884995222091675,0.5646497699971147,1.8463466,4.4556847,0.57992274,0.47000048,0.57169133,IDP-ESM2-8M,93,300,0.10954928398132324,0.2032790184020996,0.00850939018831487,0.018499046564102173,0.007041564250474419
A0A9E7PRV1,4.966005802154541,12.42465114593506,0.6418338821652064,0.5040801763534546,0.5678339052213087,4.2379284,10.371905,0.6287762,0.49540254,0.56319374,IDP-ESM2-8M,93,300,0.7280774116516113,2.0527458190917987,0.013057689500106329,0.008677631616592407,0.00464016676076795
A0A9E7QSB8,3.6192102432250977,9.088105201721191,0.6334381090247585,0.4985016882419586,0.5192696335634734,3.5052755,8.659497,0.635931,0.49395514,0.4909461,IDP-ESM2-8M,93,300,0.11393475532531738,0.4286079406738281,0.0024929059898899375,0.004546552896499634,0.028323519500210503
A0A9E7YC22,2.480623245239258,6.347571849822998,0.6530363285570744,0.5231115818023682,0.5018608900518298,2.6715775,6.887249,0.70435643,0.54831463,0.3734965,IDP-ESM2-8M,93,300,0.19095420837402344,0.5396771430969238,0.051320103403985184,0.025203049182891846,0.1283643874139666
A0A9E8JWV9,2.199270725250244,5.369321346282959,0.6401051762144631,0.5568205118179321,0.5379537676776394,2.1728413,5.48527,0.6546964,0.5212296,0.47693127,IDP-ESM2-8M,93,300,0.026429414749145508,0.11594867706298828,0.014591228719466387,0.03559088706970215,0.06102249374041402
A0AA49BTX9,1.6938868761062622,3.967814683914185,0.5396092461553355,0.4442476630210876,0.5860095774666206,1.7497343,4.127678,0.5263833,0.4180072,0.5973833,IDP-ESM2-8M,93,300,0.0558474063873291,0.15986323356628374,0.013225965401246098,0.026240468025207464,0.011373742864952852
A0AA95EHV2,7.389461994171143,16.62679672241211,0.6092056709731453,0.5062684416770935,0.7160338931706022,7.1129327,17.07582,0.73972386,0.5916396,0.5127812,IDP-ESM2-8M,93,300,0.27652931213378906,0.4490242004394531,0.13051819024435352,0.08537113666534424,0.20325269037748084
A0AAE6H393,2.333474636077881,5.817395210266113,0.6201658146552452,0.4754006862640381,0.524248644432065,2.6163557,6.823262,0.7199745,0.5585612,0.34383294,IDP-ESM2-8M,93,300,0.2828810214996338,1.0058670043945312,0.0998087031670204,0.08316051959991455,0.18041570456886002
A0AAE6M5R2,3.574749708175659,8.956814765930176,0.6455717941389474,0.4998641610145569,0.4947678444319588,3.5116916,8.62738,0.6269629,0.4912219,0.5046464,IDP-ESM2-8M,93,300,0.06305813789367676,0.3294343948364258,0.01860889397720422,0.008642256259918213,0.009878576046861987
A0AAE6R6D0,2.9101979732513428,7.273341178894043,0.6414959248789484,0.5046051144599915,0.5203278840209861,3.2702358,8.238188,0.68982804,0.5373632,0.4326453,IDP-ESM2-8M,93,300,0.36003780364990234,0.9648466110229492,0.04833211333668885,0.03275805711746216,0.08768259293097447
A0AAE7RVV2,1.549201250076294,4.005000114440918,0.6256452239470244,0.4759993851184845,0.4700835859508455,1.6912932,4.250104,0.60897326,0.47794315,0.494162,IDP-ESM2-8M,93,300,0.14209198951721191,0.2451038360595703,0.01667195925281051,0.0019437670707702637,0.024078407314306494
A0AAE7RZ51,1.6562680006027222,4.231266975402832,0.6354013096335884,0.4900241792201996,0.4911306926129151,2.0165534,5.1577554,0.65737903,0.52100194,0.45647788,IDP-ESM2-8M,93,300,0.3602854013442993,0.9264883995056152,0.02197772154774702,0.030977755784988403,0.034652812135009814
A0AAE7V272,1.856889009475708,4.393067359924316,0.5919928782416691,0.4723882675170898,0.5479286245091379,1.9060302,4.669608,0.58623874,0.46527267,0.5341537,IDP-ESM2-8M,93,300,0.04914116859436035,0.27654075622558594,0.005754136366974305,0.007115602493286077,0.01377492463426
A0AAE8XJ71,2.8510282039642334,7.300390243530273,0.6162801183603962,0.4611479043960571,0.5038196040525096,2.7017748,6.5501328,0.5805549,0.46010095,0.5647256,IDP-ESM2-8M,93,300,0.14925336837768555,0.7502574920654297,0.03572521580683785,0.0010469555854796808,0.060905973778758726
A0AAE8XN63,1.6662607192993164,3.891711711883545,0.6036235148094504,0.5072287917137146,0.5367994014282378,1.6192441,3.81493,0.538755,0.440833,0.6163588,IDP-ESM2-8M,93,300,0.04701662063598633,0.0767817497253418,0.06486851517184666,0.06639578938484192,0.07955941519544996
A0AAE8Y2B1,2.837514638900757,7.076480865478516,0.6586776023777682,0.5181479454040527,0.5031115300338673,3.1279168,7.842862,0.67656916,0.5274949,0.4321795,IDP-ESM2-8M,93,300,0.2904021739959717,0.7663812637329102,0.01789156142151771,0.009346961975097656,0.07093201944045302
A0AAE8Y3C7,3.154787540435791,8.104768753051758,0.6654128110270621,0.5310226678848267,0.4909075559145717,3.3460965,8.395242,0.6836235,0.5337845,0.45565706,IDP-ESM2-8M,93,300,0.19130897521972656,0.29047298431396484,0.018210681690680852,0.0027618408203125,0.03525049099986832
A0AAE8YWI4,1.5819929838180542,3.747267484664917,0.5531332128824938,0.4341438710689544,0.5837225731325899,1.5543993,3.7717319,0.5639139,0.44959655,0.5594289,IDP-ESM2-8M,93,300,0.02759373188018799,0.02446436882019043,0.0107806688962232,0.015452682971954401,0.024293702454641908
A0AAE9BPG4,2.125000238418579,5.5421881675720215,0.6579102197988657,0.5116456747055054,0.486661197458311,2.023698,5.0441065,0.62400657,0.49923286,0.52129644,IDP-ESM2-8M,93,300,0.1013021469116211,0.49808168411254883,0.033903650413337094,0.012412816286087036,0.0346352440967122
A0AAE9BPT7,1.926737189292908,4.9898786544799805,0.6475651916117122,0.5107080936431885,0.4766959236185396,1.781885,4.4863567,0.6195821,0.4934457,0.4962775,IDP-ESM2-8M,93,300,0.14485216140747093,0.5035219192504883,0.027983075007860903,0.017262399196624756,0.019581587501302955
A0EXV0,3.0526318550109863,6.968640327453613,0.5124408427947693,0.4097919464111328,0.6417058154013048,3.2473695,7.660225,0.5219203,0.41408858,0.6281858,IDP-ESM2-8M,93,300,0.19473767280578613,0.691584587097168,0.009479480577117894,0.004296630620956421,0.013520006742704926
A0EYY2,2.9634368419647217,7.393753528594971,0.6403427988641521,0.5140306949615479,0.5168964690513576,3.114752,7.9638267,0.70132357,0.543551,0.39187545,IDP-ESM2-8M,93,300,0.15131521224975586,0.570073127746582,0.06098076995680124,0.02952033281326294,0.12502102320861463
A1YJ55,3.105922222137451,8.049184799194336,0.6645218913036223,0.5154600739479065,0.4898996432356873,2.9694772,7.55587,0.6731521,0.5216922,0.42445093,IDP-ESM2-8M,93,300,0.1364450454711914,0.4933147430419922,0.00863019781533525,0.006232142448425293,0.06544870930242924
A1YMK7,1.6322555541992188,3.962067842483521,0.5558065917499018,0.4447048902511596,0.5564170015566794,1.6186283,3.896256,0.5522889,0.43976766,0.5514906,IDP-ESM2-8M,93,300,0.013627290725708008,0.06581187248230025,0.003517701864953038,0.004937231540679876,0.004926396679207468
A4FTA6,2.300997972488404,5.250673294067383,0.4709104426399003,0.3683986365795135,0.6786400614583441,2.462169,5.7129865,0.50873935,0.40377232,0.6197356,IDP-ESM2-8M,93,300,0.16117095947265536,0.462313175201416,0.03782890958635704,0.03537368774414068,0.05890446289419615
A4L236,3.512526750564575,8.685931205749512,0.6489417209831724,0.5153290033340454,0.525883161702602,2.7886462,7.1442003,0.69298506,0.5369309,0.4015277,IDP-ESM2-8M,93,300,0.7238805294036865,1.5417308807373047,0.04404333684763817,0.02160191535949707,0.12435545889422184
A4ZRA0,1.961164832115173,4.972619533538818,0.6370369610300247,0.5094291567802429,0.4846316635777311,1.9378703,4.846283,0.6189436,0.49229378,0.49011236,IDP-ESM2-8M,93,300,0.02329456806182817,0.12633657455444336,0.01809338898565216,0.0171353816986084,0.0054807007144137
A4ZRD1,3.3021955490112305,8.340985298156738,0.6211730096453577,0.4740319550037384,0.5228329081163163,3.2712626,8.099301,0.62095946,0.47864175,0.50428057,IDP-ESM2-8M,93,300,0.030932903289794922,0.2416839599609375,0.00021354891003666499,0.004609793424606323,0.018552340947126877
A7IUH2,2.902392625808716,6.603114128112793,0.4621117395038129,0.3592240512371063,0.7172371801499122,3.2162764,7.6044407,0.5260843,0.4149085,0.6236567,IDP-ESM2-8M,93,300,0.31388378143310547,1.001326560974121,0.0639725643520831,0.055684447288513184,0.0935804900292152
A7IXA4,2.5567126274108887,6.104261875152588,0.5309474962061775,0.4119118452072143,0.5874894098284453,2.9741368,7.107026,0.55365133,0.43478438,0.5861044,IDP-ESM2-8M,93,300,0.41742420196533203,1.0027642250061035,0.02270383664904707,0.022872537374496515,0.0013850168230742366
A7J7F5,2.824288845062256,6.827632427215576,0.4974727317072045,0.3683202266693115,0.6495588664229062,3.053537,7.25253,0.5379014,0.42382494,0.60438716,IDP-ESM2-8M,93,300,0.229248046875,0.4248976707458496,0.04042866981257087,0.05550470948219299,0.045171702307000405
A7K957,3.3927342891693115,8.343732833862305,0.4751382526499413,0.3536808788776397,0.7118865113369892,3.4677472,8.049446,0.5030094,0.40464413,0.7066778,IDP-ESM2-8M,93,300,0.0750129222869873,0.29428672790527344,0.02787112626012339,0.05096325278282171,0.00520871688050728
A8UP82,2.7880609035491943,6.18055534362793,0.4866892629859178,0.3820127546787262,0.6483202007796789,2.9474297,6.937389,0.5202549,0.40494114,0.6016382,IDP-ESM2-8M,93,300,0.15936875343322754,0.756833553314209,0.033565647006300214,0.022928386926651,0.046682002880814144
A8UP87,2.8791894912719727,6.555157661437988,0.5087335995650378,0.4152946472167969,0.6145595461719411,2.936207,6.9049273,0.5176662,0.4034366,0.6080973,IDP-ESM2-8M,93,300,0.05701756477355957,0.34976959228515625,0.008932621099940197,0.011858046054840088,0.006462231337346358
A8UP89,2.7823946475982666,6.33688497543335,0.4767561737039131,0.3806919157505035,0.6710812802020647,2.9521003,6.947963,0.5199164,0.40466663,0.6024578,IDP-ESM2-8M,93,300,0.16970562934875488,0.6110782623291016,0.043160241510625474,0.02397471666336065,0.06862345883289356
A8UP92,2.8439643383026123,6.611290454864502,0.5109819664557396,0.4071932137012481,0.6017136898176391,2.9629457,6.964866,0.51636493,0.402725,0.61035645,IDP-ESM2-8M,93,300,0.11898136138916016,0.3535757064819336,0.005382965604502132,0.004468202590942327,0.008642760263232518
A8UPA2,2.8818564414978027,6.877598762512207,0.5289680515688779,0.4112477898597717,0.5699772489774917,2.937043,6.91675,0.52112716,0.40542698,0.60089284,IDP-ESM2-8M,93,300,0.05518651008605957,0.03915119171142578,0.007840887205016855,0.005820810794830267,0.030915592838456796
A9YTD9,1.5474203824996948,3.7821741104125977,0.5985443670994925,0.4886049032211303,0.5257050359532555,1.3710035,3.2892523,0.57374936,0.47037375,0.53701425,IDP-ESM2-8M,93,300,0.17641687393188477,0.4929218292236328,0.024795003677098748,0.018231153488159124,0.011309210033683015
N0DQS9,1.863079190254212,4.8827290534973145,0.6366951712334451,0.5004458427429199,0.4670770160198744,2.0989695,5.2652326,0.61772704,0.48590118,0.48223078,IDP-ESM2-8M,93,300,0.23589026927947931,0.3825035095214844,0.018968129988938265,0.014544665813446045,0.015153766488975706
O11373,1.944133877754212,4.518608093261719,0.5354211656329564,0.42648446559906,0.5724514250909585,1.9884909,4.7407036,0.54433495,0.42772126,0.55467784,IDP-ESM2-8M,93,300,0.04435706138610773,0.22209548950195312,0.008913782429940342,0.001236796379089411,0.01777358104341209
O11385,3.266636848449707,7.458346366882324,0.5021623543305814,0.3918391466140747,0.657059993704315,3.1892958,7.401312,0.5007103,0.3959213,0.6482444,IDP-ESM2-8M,93,300,0.07734107971191406,0.05703449249267578,0.0014520457787930985,0.004082143306732178,0.00881561275338727
O11680,3.1757476329803467,7.416848659515381,0.507944017287079,0.397723376750946,0.6409898816600824,3.0290496,7.0975633,0.51654565,0.40534484,0.6215888,IDP-ESM2-8M,93,300,0.146697998046875,0.31928539276123047,0.008601636056121631,0.0076214671134949286,0.019401055480578022
O11889,2.3806490898132324,5.428405284881592,0.5265906331189587,0.4248062968254089,0.6006283870853055,2.3039527,5.4835124,0.5375901,0.41844347,0.5634445,IDP-ESM2-8M,93,300,0.07669639587402344,0.05510711669921875,0.010999453341154819,0.006362825632095281,0.037183891884194686
O12700,1.823898911476136,4.426863670349121,0.5698430723478574,0.4526139497756958,0.5550898915845482,2.037317,4.964302,0.58061117,0.4594966,0.53748864,IDP-ESM2-8M,93,300,0.21341812610626154,0.5374383926391602,0.010768096990368958,0.0068826377391815186,0.017601252229842435
O22002,2.417184829711914,5.482365608215332,0.4860767645061633,0.3914803564548492,0.676551809308402,2.4171364,5.704541,0.51739275,0.40453613,0.6191341,IDP-ESM2-8M,93,300,4.839897155761719e-05,0.22217559814453125,0.03131599004858526,0.01305577158927923,0.05741768121468249
O36059,2.7735705375671387,6.698060512542725,0.5280589074265221,0.3987464010715484,0.5819346862454684,2.8320217,6.6402674,0.51496077,0.4012249,0.61305195,IDP-ESM2-8M,93,300,0.058451175689697266,0.05779314041137695,0.013098141587899015,0.002478510141372736,0.03111726468608067
O36067,2.814831495285034,6.661972522735596,0.524168505088223,0.4056725203990936,0.5992133744066388,2.7483613,6.4449983,0.5155245,0.40203965,0.61540097,IDP-ESM2-8M,93,300,0.06647014617919922,0.21697425842285156,0.0086439985193143,0.0036328732967376154,0.016187595575508418
O36078,2.7277092933654785,6.301159858703613,0.499504269650409,0.3756804764270782,0.6366496713979035,2.6864526,6.303031,0.51846135,0.40469703,0.6095653,IDP-ESM2-8M,93,300,0.04125666618347168,0.0018711090087890625,0.018957076975872733,0.029016554355621393,0.027084353767135694
O36100,2.7501533031463623,6.3578200340271,0.513322736780316,0.3992183804512024,0.6088547396544941,2.7659452,6.4805365,0.5159084,0.4022185,0.61250186,IDP-ESM2-8M,93,300,0.015791893005371094,0.12271642684936523,0.0025856833055909467,0.003000110387802124,0.0036471200104228885
O36115,2.820329666137696,6.625477313995361,0.5316046108215325,0.4130119681358337,0.5840061062046918,2.8012874,6.5569315,0.51600546,0.40293217,0.61977065,IDP-ESM2-8M,93,300,0.019042253494263583,0.06854581832885742,0.015599154373931223,0.010079801082611028,0.035764539890584035
O36117,2.7356581687927246,6.267320156097412,0.4986975604961549,0.378527283668518,0.6397833087675229,2.8758068,6.705925,0.5100993,0.39905238,0.63102245,IDP-ESM2-8M,93,300,0.14014863967895508,0.43860483169555664,0.011401731305297758,0.02052509784698492,0.008760855459417405
O36118,2.7345170974731445,6.298141002655029,0.5208471473083802,0.3901232481002807,0.5895781435839549,2.7715423,6.5032263,0.5196742,0.40430412,0.60716987,IDP-ESM2-8M,93,300,0.03702521324157715,0.20508527755737305,0.0011729653702088338,0.014180868864059504,0.017591722977934765
O36119,2.7539520263671875,6.58119010925293,0.5196283407136549,0.4007786810398102,0.5955294528589183,2.837106,6.6402397,0.50894135,0.3972475,0.62617254,IDP-ESM2-8M,93,300,0.08315396308898926,0.05904960632324219,0.010686988346253812,0.0035311877727508545,0.030643089713103144
O36121,2.7719454765319824,6.464303970336914,0.5173621361870264,0.4041217863559723,0.6047633896690481,2.8962412,6.7716894,0.51589733,0.40185082,0.61894524,IDP-ESM2-8M,93,300,0.12429571151733398,0.3073854446411133,0.0014648025650476626,0.0022709667682647705,0.01418185130537819
O36157,2.838228702545166,6.876666069030762,0.5386433486732403,0.4153994619846344,0.5727770412119959,2.8673959,6.702099,0.51657027,0.40319255,0.62204474,IDP-ESM2-8M,93,300,0.02916717529296875,0.17456722259521484,0.022073078611747343,0.01220691204071045,0.04926770089539545
O38492,2.245894193649292,5.439863204956055,0.514897226909045,0.3879936337471008,0.6121959036915785,2.1074486,4.9686136,0.5311601,0.4195835,0.59205335,IDP-ESM2-8M,93,300,0.13844561576843262,0.4712495803833008,0.016262889286633664,0.03158986568450933,0.020142549905109997
O39165,1.8647940158844,4.763008117675781,0.625028993795014,0.473918616771698,0.5005400266178837,1.679717,4.256259,0.6266434,0.5046181,0.49028403,IDP-ESM2-8M,93,300,0.18507707118988104,0.506749153137207,0.001614425470733094,0.030699491500854492,0.01025600094878576
O39372,2.330099105834961,5.749380111694336,0.5511243594081404,0.426207035779953,0.5623560101882008,2.399437,5.6600695,0.52915615,0.4177541,0.6023177,IDP-ESM2-8M,93,300,0.06933784484863281,0.0893106460571289,0.021968210974455116,0.008452922105789185,0.039961680661103394
O39937,2.7031285762786865,6.239962577819824,0.4981081196078325,0.388294905424118,0.6336251995129992,2.7903478,6.544642,0.5186888,0.40353116,0.6083559,IDP-ESM2-8M,93,300,0.08721923828125,0.30467939376831055,0.020580678342912107,0.015236258506774958,0.025269319729368855
O39943,2.753171443939209,6.407489776611328,0.5244550754535166,0.3966303169727325,0.5858442945455061,2.8485212,6.687042,0.51966625,0.40484002,0.60841906,IDP-ESM2-8M,93,300,0.09534978866577148,0.2795524597167969,0.004788820933100291,0.008209705352783259,0.022574766161586157
O41014,3.510153293609619,8.342101097106934,0.5816358467762689,0.462553322315216,0.5689482320702974,3.2285278,7.618112,0.5383778,0.43250608,0.6529974,IDP-ESM2-8M,93,300,0.28162550926208496,0.7239890098571777,0.043258025330803807,0.030047237873077337,0.0840491424643095
O41972,7.472951889038086,17.415916442871094,0.5047830537970771,0.3943742513656616,0.6393697866891154,5.017894,11.556964,0.48494497,0.38524473,0.7155688,IDP-ESM2-8M,93,300,2.4550580978393555,5.858952522277832,0.019838084381412435,0.009129524230957031,0.07619899420993248
O41981,2.781178474426269,6.674360275268555,0.5212134204166595,0.4095565676689148,0.5863933139164208,3.096139,7.3085356,0.5387033,0.41339058,0.5724665,IDP-ESM2-8M,93,300,0.31496047973632857,0.6341753005981445,0.017489901993923973,0.0038340091705322266,0.013926821263527733
O55723,2.562114953994751,6.097701549530029,0.6304047239800153,0.5124930143356323,0.531147023259234,2.4978433,6.4535055,0.69438004,0.53674126,0.41235447,IDP-ESM2-8M,93,300,0.06427168846130371,0.3558039665222168,0.06397532095711844,0.024248242378234863,0.11879255395991761
O55724,2.7818024158477783,6.901993274688721,0.6564604096718012,0.5184575319290161,0.5323572342436851,3.0068867,7.765,0.72473145,0.57086974,0.4463331,IDP-ESM2-8M,93,300,0.2250843048095703,0.863006591796875,0.06827103564069881,0.052412211894989014,0.08602412391119607
O70793,2.3257431983947754,5.201538562774658,0.4382161255391646,0.3491737842559814,0.7577179607937887,2.4270868,5.421031,0.47905874,0.40164533,0.7092024,IDP-ESM2-8M,93,300,0.10134363174438477,0.21949243545532227,0.040842616984028746,0.05247154831886297,0.048515552003200346
O70797,2.492236852645874,6.122519016265869,0.5490946906735307,0.4115746617317199,0.5537099411007063,2.503695,5.8055935,0.52986217,0.42644376,0.5987693,IDP-ESM2-8M,93,300,0.011458158493041992,0.3169255256652832,0.019232525222480867,0.014869093894958552,0.045059366035829385
O73497,2.777997732162476,6.681883335113525,0.5231642024665313,0.4156041741371155,0.5981640458901287,2.7515972,6.479915,0.52370155,0.4081891,0.60101277,IDP-ESM2-8M,93,300,0.026400566101074663,0.20196819305419922,0.0005373461098236998,0.007415086030960083,0.002848720471107846
O90676,2.1304547786712646,5.061017036437988,0.5539623347638768,0.4249782860279083,0.5523982670351338,1.9833426,4.8198385,0.5904195,0.46218792,0.48280716,IDP-ESM2-8M,93,300,0.14711213111877441,0.2411785125732422,0.0364571365000087,0.03720963001251221,0.06959110761130571
O90681,2.355318784713745,5.709664821624756,0.5677938072014526,0.4443623423576355,0.5337563887257853,2.113945,5.0854793,0.56733656,0.4447118,0.5261913,IDP-ESM2-8M,93,300,0.24137377738952637,0.6241855621337891,0.0004572479057982637,0.00034946203231811523,0.0075650945325175245
O90688,2.3925530910491943,5.792083740234375,0.5756631979256415,0.4449427723884582,0.5281201283055014,2.1992784,5.2857537,0.57787883,0.45500576,0.5153895,IDP-ESM2-8M,93,300,0.19327473640441895,0.5063300132751465,0.002215634891436169,0.01006299257278448,0.012730626257008937
O90711,2.1827845573425293,5.152297496795654,0.5525010295424002,0.4352687895298004,0.5577267613187121,2.2098048,5.247566,0.5362607,0.41941798,0.57322824,IDP-ESM2-8M,93,300,0.02702021598815918,0.09526872634887695,0.016240305474712224,0.015850812196731567,0.015501478694410431
O92312,1.9578415155410769,4.5500102043151855,0.5343042413219324,0.4190108478069305,0.5793317445777121,2.0971098,5.0327606,0.55013514,0.42932862,0.5570858,IDP-ESM2-8M,93,300,0.13926827907562234,0.48275041580200195,0.015830894328702327,0.010317772626876887,0.02224593248588469
O92587,1.7730185985565186,4.345007419586182,0.5675238971124056,0.4366401731967926,0.5354655610328695,1.8107638,4.320323,0.54772025,0.43420476,0.5530564,IDP-ESM2-8M,93,300,0.03774523735046387,0.024684429168701172,0.01980364364484577,0.0024354159832000732,0.017590857862851972
O92588,1.9848098754882808,4.955544948577881,0.5633856569101927,0.4368277788162231,0.5428512939278795,1.9863334,4.763117,0.56519765,0.44587415,0.5304984,IDP-ESM2-8M,93,300,0.0015234947204594285,0.1924281120300293,0.0018119897076966929,0.009046375751495417,0.012352908498497128
P03181,8.066015243530273,18.72484588623047,0.5359950295234291,0.4279759526252746,0.6007624328021126,4.29212,10.0299635,0.510855,0.39877707,0.6415292,IDP-ESM2-8M,93,300,3.773895263671875,8.6948823928833,0.02514001043086933,0.029198884963989202,0.040766769659130064
P03290,3.117823600769043,7.1702728271484375,0.5399499514531895,0.4336144626140594,0.5858744023829725,2.896188,6.9306107,0.55055475,0.42899552,0.5621045,IDP-ESM2-8M,93,300,0.2216355800628662,0.23966217041015625,0.010604800896664046,0.00461894273757929,0.02376987920105722
P03779,1.9005331993103027,4.5767011642456055,0.5843976818067471,0.4573774635791778,0.5476268099486559,1.8843455,4.6317196,0.58860934,0.46563637,0.52553576,IDP-ESM2-8M,93,300,0.016187667846679688,0.05501842498779297,0.004211655999954544,0.008258908987045344,0.022091047638627792
P04487,3.899877548217773,9.250323295593262,0.5478061500594607,0.4310582876205444,0.589881530826203,3.6228728,8.560886,0.53619874,0.41825023,0.61852807,IDP-ESM2-8M,93,300,0.27700471878051713,0.6894369125366211,0.011607414822339068,0.012808054685592596,0.02864653723944033
P06923,2.3614659309387207,5.460352897644043,0.4638609464034513,0.3696601986885071,0.691896738228129,2.3154078,5.212036,0.46163023,0.3763075,0.71477294,IDP-ESM2-8M,93,300,0.04605817794799805,0.24831676483154297,0.0022307212218717343,0.006647288799285889,0.02287620145387781
P08804,1.832030653953552,4.16342306137085,0.5082700099908453,0.4423984587192535,0.6312874272200374,1.8714385,4.2812667,0.5243288,0.4358674,0.62784743,IDP-ESM2-8M,93,300,0.039407849311828835,0.1178436279296875,0.01605881786712593,0.0065310597419738214,0.0034399941298274284
P08807,1.8323180675506592,4.580223560333252,0.6368053534371808,0.5078878998756409,0.4919676844503199,1.8781517,4.4522223,0.57944113,0.47449052,0.5429314,IDP-ESM2-8M,93,300,0.045833587646484375,0.12800121307373047,0.05736422327589541,0.033397376537323,0.05096369343740592
P09702,3.631354331970215,8.235766410827637,0.5218905924268722,0.4137912094593048,0.6232549070095402,3.637092,8.555886,0.5266337,0.41006252,0.61878145,IDP-ESM2-8M,93,300,0.005737781524658203,0.32011985778808594,0.004743087439918581,0.0037286877632141113,0.0044734595989567305
P0C724,3.243764162063598,6.856756687164307,0.2936381029511792,0.2751155197620392,1.263130421897429,3.5132139,7.769511,0.4178998,0.35530773,0.8456637,IDP-ESM2-8M,93,300,0.2694497108459477,0.9127545356750488,0.12426168447481567,0.0801922082901001,0.4174666955676256
P0DJX3,2.4714956283569336,5.8823018074035645,0.5192835466380822,0.4178682565689087,0.6130110517197807,2.382936,5.6518807,0.53591883,0.4184779,0.5872519,IDP-ESM2-8M,93,300,0.08855962753295898,0.2304210662841797,0.016635285187174165,0.0006096363067626953,0.02575915009319374
P0DTC0,3.991328716278076,9.133625984191896,0.4939235934440609,0.3749895393848419,0.6883044881576857,3.839582,8.977973,0.5055863,0.39466888,0.6578233,IDP-ESM2-8M,93,300,0.1517467498779297,0.15565299987793146,0.011662732678223042,0.019679337739944458,0.030481163954194535
P10428,1.696799635887146,4.203588485717773,0.5962982786648933,0.466043472290039,0.5091290281282295,1.7667646,4.3201704,0.57913387,0.45800045,0.52409947,IDP-ESM2-8M,93,300,0.06996500492095947,0.11658191680908203,0.017164410447425005,0.008043020963668768,0.014970441056646022
P12507,1.83472228050232,4.697856903076172,0.5865794162486231,0.4473216533660888,0.509723457073666,1.8147502,4.404428,0.568964,0.44647703,0.5275349,IDP-ESM2-8M,93,300,0.019972085952759455,0.293428897857666,0.017615411732021524,0.0008446276187896173,0.017811445022128725
P12508,2.018860101699829,4.934108734130859,0.5721953747401981,0.444160908460617,0.5370198789668761,2.0971296,4.9971027,0.54468656,0.42772895,0.57089347,IDP-ESM2-8M,93,300,0.07826948165893555,0.06299400329589844,0.027508818877771346,0.01643195748329157,0.03387358750574965
P12512,1.4524078369140625,3.424283742904663,0.5344436434330003,0.4255956709384918,0.582868318442797,1.4704794,3.549122,0.5642025,0.45206568,0.53462523,IDP-ESM2-8M,93,300,0.018071532249450684,0.12483835220336914,0.029758844035719156,0.02647000551223755,0.04824308622310092
P17356,2.03291654586792,4.90535831451416,0.5365293895674675,0.4208152890205383,0.551420169685328,1.7562284,4.2460117,0.5638692,0.44465315,0.5366609,IDP-ESM2-8M,93,300,0.2766880989074707,0.6593465805053711,0.027339788727667957,0.023837864398956354,0.014759260032618071
P19127,3.4146478176116943,7.717642307281494,0.5184327964943359,0.4257499277591705,0.6228974046531742,3.3949034,7.9409304,0.5140824,0.40111122,0.62368083,IDP-ESM2-8M,93,300,0.019744396209716797,0.22328805923461914,0.004350424305767819,0.024638712406158392,0.0007834253486568299
P20833,1.8740572929382324,4.537775039672852,0.5382312570957417,0.4114197790622711,0.5861915178566061,1.8079896,4.3263125,0.54216456,0.43089265,0.5837653,IDP-ESM2-8M,93,300,0.06606769561767578,0.21146249771118164,0.003933307036948719,0.019472867250442505,0.0024261899261556197
P24649,2.763343811035156,6.808297634124756,0.6476105470687884,0.5086513757705688,0.4982254147395789,2.8624177,7.131099,0.63955873,0.5018868,0.48543748,IDP-ESM2-8M,93,300,0.09907388687133833,0.3228015899658203,0.008051814559175363,0.006764590740203857,0.01278793214413515
P41726,2.395081758499145,5.604934215545654,0.5819376616848826,0.4767667651176452,0.5722120530768086,2.5135453,6.3576903,0.6649804,0.51601326,0.41103002,IDP-ESM2-8M,93,300,0.118463516235352,0.7527561187744141,0.08304274984465843,0.039246499538421686,0.16118202878672372
P57017,2.1911075115203857,5.352939605712891,0.5742729037869309,0.4395771324634552,0.5322367039408399,2.1695662,5.2103467,0.55116206,0.42820975,0.5650777,IDP-ESM2-8M,93,300,0.021541357040405273,0.1425929069519043,0.023110839711460884,0.011367380619049072,0.032841018131761435
P68828,3.0288095474243164,7.377389907836914,0.5760218281026741,0.432559996843338,0.5324376885202741,3.4368439,8.271551,0.5699294,0.44411275,0.5575945,IDP-ESM2-8M,93,300,0.4080343246459961,0.8941612243652344,0.0060924071546455405,0.011552751064300537,0.02515678961006651
P69592,1.7491496801376345,4.054043769836426,0.5568074360640585,0.4616061449050903,0.5774958115527139,1.8203635,4.4389544,0.5865142,0.47569418,0.5366101,IDP-ESM2-8M,93,300,0.07121384143829323,0.38491058349609375,0.029706738874143435,0.014088034629821833,0.04088568505735257
P87543,3.925018072128296,8.969017028808594,0.5097652465007759,0.3940963745117187,0.6617594289788131,4.1984234,9.8660555,0.51737565,0.40278682,0.6512445,IDP-ESM2-8M,93,300,0.2734053134918213,0.897038459777832,0.007610401520922072,0.008690446615219172,0.010514907837760878
P87914,2.5572640895843506,6.0981125831604,0.5081791235240477,0.3810779452323913,0.6168684486415031,2.6094782,6.0728674,0.50500214,0.3960512,0.62171656,IDP-ESM2-8M,93,300,0.05221414566040039,0.025245189666748047,0.0031769825252073725,0.014973253011703547,0.004848110291754915
P89479,3.670733690261841,8.367920875549316,0.5127118454242555,0.4050283133983612,0.6644506396905376,3.403422,7.980075,0.51920503,0.40899336,0.6464741,IDP-ESM2-8M,93,300,0.26731157302856445,0.3878459930419922,0.006493188354888768,0.003965049982070923,0.017976516689439004
P89827,1.956229567527771,4.124486923217773,0.3998035823706434,0.3350000083446502,0.8274487320201364,2.085403,4.7874436,0.49516445,0.40094122,0.65832424,IDP-ESM2-8M,93,300,0.1291733980178833,0.662956714630127,0.09536087161266349,0.06594121456146246,0.16912449038195276
P89833,1.9694201946258545,4.238891124725342,0.425907977433093,0.3606794774532318,0.7656528824961369,2.0632706,4.7317,0.49046588,0.3976396,0.6644051,IDP-ESM2-8M,93,300,0.09385037422180176,0.49280881881713867,0.06455790200721462,0.03696012496948242,0.101247774997968
P89841,2.2461042404174805,5.278524875640869,0.512688827548474,0.4065978229045868,0.6118499651094857,2.3235135,5.4717503,0.5281645,0.4147187,0.58747303,IDP-ESM2-8M,93,300,0.07740926742553711,0.19322538375854492,0.015475678410083127,0.008120864629745483,0.024376930250782136
P89878,1.4115904569625854,3.3530023097991943,0.531729140594201,0.4197589755058288,0.5701956232736154,1.4910545,3.589857,0.55869853,0.44531494,0.5429508,IDP-ESM2-8M,93,300,0.07946407794952393,0.23685479164123535,0.02696939437131418,0.02555596828460699,0.027244814271692785
Q00DY4,2.068305730819702,4.90264892578125,0.5374753359820694,0.4240191578865051,0.5754692206156506,2.171319,5.117911,0.5276792,0.41767323,0.5901585,IDP-ESM2-8M,93,300,0.10301327705383301,0.21526193618774414,0.009796131041273526,0.006345927715301514,0.014689301513408193
Q03873,2.818165063858032,6.783379077911377,0.6104355454205435,0.5020773410797119,0.5433538077987219,2.4833505,5.6669984,0.5519735,0.4683641,0.6520994,IDP-ESM2-8M,93,300,0.3348145484924312,1.1163806915283203,0.05846202371110132,0.03371325135231018,0.10874556315769901
Q04247,1.457136869430542,3.4997000694274902,0.5718394478070804,0.4688981771469116,0.5295222309298417,1.3768637,3.2925801,0.54675484,0.43712616,0.5552237,IDP-ESM2-8M,93,300,0.08027315139770508,0.20711994171142578,0.02508461077094759,0.03177201747894287,0.025701472454557672
Q04259,1.7272988557815552,4.260148525238037,0.576522783419858,0.4467405974864959,0.5302545345914312,1.7175337,4.0958586,0.53919756,0.42489326,0.56092566,IDP-ESM2-8M,93,300,0.009765148162841797,0.1642899513244629,0.03732521929479693,0.021847337484359686,0.03067112792611637
Q04397,5.882261753082275,13.713481903076172,0.5331913049644829,0.4281410872936249,0.594068706659826,4.193044,9.813146,0.5139669,0.39887643,0.63367164,IDP-ESM2-8M,93,300,1.6892175674438477,3.900336265563965,0.019224386972844676,0.0292646586894989,0.03960293468996645
Q04405,1.9523234367370603,4.672529220581055,0.5403163738231047,0.406975656747818,0.5871945869860088,1.7596761,4.259181,0.5579578,0.43932247,0.5527029,IDP-ESM2-8M,93,300,0.19264733791351296,0.4133481979370117,0.017641454221786645,0.03234681487083435,0.0344916832384502
Q04420,1.8249744176864624,4.3605499267578125,0.544037195292118,0.4189667403697967,0.5761255062243948,1.7280786,4.179217,0.5592194,0.44091314,0.5441515,IDP-ESM2-8M,93,300,0.09689581394195557,0.18133306503295898,0.01518222466408925,0.021946400403976496,0.03197402125811677
Q05293,2.0076029300689697,4.855472564697266,0.594751128187273,0.4792330861091614,0.5379388135931628,1.8074775,4.379091,0.57145953,0.4584256,0.55758715,IDP-ESM2-8M,93,300,0.20012545585632324,0.476381778717041,0.02329159640321543,0.020807474851608276,0.019648333165870446
Q06E77,1.8828893899917605,4.486034393310547,0.6092438982628945,0.497270405292511,0.5286144289829897,1.7323984,4.2642417,0.5940509,0.47106302,0.5352601,IDP-ESM2-8M,93,300,0.15049099922180198,0.22179269790649414,0.015193014016068318,0.026207387447357178,0.006645652308209016
Q06IZ2,1.4941086769104004,3.634204149246216,0.5662898037961137,0.4554747641086578,0.5304199436571151,1.4819947,3.5487113,0.5447522,0.43243363,0.55232376,IDP-ESM2-8M,93,300,0.01211392879486084,0.08549284934997559,0.021537623219789248,0.023041129112243597,0.021903814945027245
Q08IT9,1.5263179540634155,3.6473193168640137,0.5685442171691745,0.4710921049118042,0.5382156781697081,1.530176,3.6552148,0.54366195,0.4321436,0.55668736,IDP-ESM2-8M,93,300,0.0038580894470214844,0.007895469665527344,0.024882265150436678,0.038948506116867065,0.01847167687179585
Q08IU0,1.4639863967895508,3.548967838287353,0.5478623310667277,0.4322067201137543,0.5451103752658653,1.380058,3.2678216,0.54112506,0.43289888,0.5539082,IDP-ESM2-8M,93,300,0.08392834663391113,0.2811462879180904,0.006737271938920042,0.0006921589374542236,0.008797853608341288
Q08IU3,1.4976301193237305,3.697512865066528,0.558749937875405,0.4519940912723541,0.5415430936521184,1.4697146,3.529442,0.5498211,0.43544692,0.54809874,IDP-ESM2-8M,93,300,0.027915477752685547,0.16807079315185502,0.008928859098091713,0.016547173261642456,0.006555649309765155
Q08IW3,1.4728906154632568,3.515079975128174,0.532983978877133,0.4281191229820251,0.5709070827209186,1.5444684,3.702087,0.55339783,0.44144487,0.54596895,IDP-ESM2-8M,93,300,0.07157778739929199,0.18700695037841797,0.02041385542386187,0.013325750827789362,0.024938132926149326
Q08IW4,1.4728379249572754,3.674342393875122,0.5742731873215408,0.4467945098876953,0.5110491734538689,1.3792582,3.2901237,0.547261,0.43571177,0.5461834,IDP-ESM2-8M,93,300,0.09357976913452148,0.384218692779541,0.027012187641975327,0.011082738637924194,0.03513423385280223
Q08IW8,1.4293392896652222,3.345655918121338,0.5268231725701839,0.4219065904617309,0.5622262517559341,1.4151527,3.3758826,0.54681253,0.43467203,0.54756606,IDP-ESM2-8M,93,300,0.014186620712280273,0.030226707458496094,0.01998936176209154,0.012765437364578303,0.014660195504408224
Q08IX5,1.4803643226623535,3.581838369369507,0.546255649395083,0.4243307411670685,0.5547337837413038,1.4745095,3.551001,0.55528927,0.44196793,0.5409844,IDP-ESM2-8M,93,300,0.00585484504699707,0.030837297439575195,0.009033619098569368,0.017637193202972412,0.013749391575166081
Q08J01,1.484859824180603,3.483654737472534,0.5316018851902391,0.4396308064460754,0.5777572481927258,1.4986154,3.5915926,0.5527399,0.44140238,0.54621464,IDP-ESM2-8M,93,300,0.013755559921264648,0.10793781280517578,0.021138033041725013,0.0017715692520142157,0.031542608052192334
Q08J02,1.4594202041625977,3.559741735458374,0.555601331162868,0.4317249953746795,0.5327262756947845,1.4928712,3.568891,0.5514972,0.43826407,0.53983855,IDP-ESM2-8M,93,300,0.033450961112976074,0.009149312973022461,0.004104110169826036,0.0065390765666962225,0.007112276780191107
Q0GGW6,4.317757606506348,10.042941093444824,0.5437399827744528,0.4353155195713043,0.5851725461120869,3.823797,9.040003,0.5411045,0.41877335,0.604134,IDP-ESM2-8M,93,300,0.4939606189727783,1.0029382705688477,0.002635487249092683,0.016542166471481323,0.018961477077457767
Q0GYC4,2.39662766456604,5.936605453491211,0.6199130661572633,0.4917652904987335,0.5260210498861604,2.5314672,6.2724156,0.6150892,0.4880353,0.5186609,IDP-ESM2-8M,93,300,0.13483953475952148,0.33581018447875977,0.004823888071936122,0.00372999906539917,0.0073601469091706395
Q0IL14,4.060888767242432,9.889118194580078,0.6359586303492696,0.5095887184143066,0.5343767346972724,3.9564452,9.665807,0.62548053,0.49533918,0.554902,IDP-ESM2-8M,93,300,0.10444355010986328,0.2233114242553711,0.010478097703090383,0.014249533414840698,0.020525282419274204
Q0IL90,2.717529535293579,6.495636463165283,0.552241487352825,0.4220766425132751,0.5773679118900595,2.5095544,5.9271464,0.528115,0.41361463,0.6018353,IDP-ESM2-8M,93,300,0.20797514915466309,0.5684900283813477,0.024126512854076188,0.008462011814117376,0.024467398569077425
Q0NQ56,2.095634698867798,4.973503589630127,0.5144871210301173,0.3966004848480224,0.5849883638516863,1.9016936,4.5962324,0.55851215,0.4382082,0.53554124,IDP-ESM2-8M,93,300,0.1939411163330078,0.3772711753845215,0.0440250302111852,0.0416077077388764,0.04944712745108204
Q0PEK1,2.5134387016296387,5.973432540893555,0.5288409054758958,0.4114045798778534,0.5983450123701304,2.5065055,5.859074,0.5206786,0.41749543,0.6253406,IDP-ESM2-8M,93,300,0.0069332122802734375,0.11435842514038086,0.0081623256686143,0.0060908496379852295,0.026995568570116202
Q0PF77,2.554210901260376,5.989520072937012,0.5292713783922557,0.4190331399440765,0.5918212550782647,2.4541855,5.754106,0.51674175,0.40596458,0.609014,IDP-ESM2-8M,93,300,0.10002541542053223,0.2354140281677246,0.012529625767743968,0.01306855678558344,0.017192719588330796
Q0PF82,2.543600559234619,6.067605018615723,0.5277340936120358,0.4089628159999847,0.5928627253603552,2.5252888,5.960666,0.52770203,0.41295114,0.59534407,IDP-ESM2-8M,93,300,0.018311738967895508,0.10693883895874023,3.206009229095308e-05,0.003988325595855768,0.002481341259517822
Q0PF92,2.564135789871216,6.075338363647461,0.5272483234939581,0.4020957052707672,0.5990302137660124,2.4117916,5.6448655,0.5135568,0.4057595,0.61065143,IDP-ESM2-8M,93,300,0.1523442268371582,0.43047285079956055,0.013691545063019395,0.0036638081073760986,0.011621219701852592
Q0PFA4,2.527302026748657,6.066447734832764,0.5324502359795574,0.4014569520950317,0.5792873650508423,2.4820874,5.807783,0.51369005,0.4046633,0.61748344,IDP-ESM2-8M,93,300,0.045214653015136275,0.258664608001709,0.018760181562900935,0.003206342458725031,0.038196072010467486
Q0PFA9,2.548053026199341,6.089759349822998,0.5217356354369235,0.40343177318573,0.6067163993521459,2.3326306,5.4821696,0.52012056,0.40892172,0.5985437,IDP-ESM2-8M,93,300,0.2154223918914795,0.6075897216796875,0.0016150743140291857,0.005489945411682129,0.00817269579608515
Q0QZD2,2.115920305252075,5.236330509185791,0.6147515208337541,0.4810442626476288,0.5137725711145771,1.9478283,4.883269,0.60960233,0.4785065,0.5025352,IDP-ESM2-8M,93,300,0.1680920124053955,0.3530616760253906,0.005149188718580722,0.002537757158279419,0.011237347153700616
Q0QZH2,1.97347378730774,4.220848560333252,0.4379101410557149,0.3622076511383056,0.7227202195080344,1.9869604,4.568366,0.48761448,0.38943547,0.6475068,IDP-ESM2-8M,93,300,0.01348662376403742,0.3475174903869629,0.049704341585505185,0.02722781896591192,0.07521344603620217
Q0WY62,1.5734519958496094,3.699449777603149,0.5616939011301505,0.4542564451694488,0.5468519407204798,1.5010011,3.6962192,0.57467204,0.4561531,0.52810884,IDP-ESM2-8M,93,300,0.07245087623596191,0.003230571746825728,0.012978142193366349,0.001896649599075373,0.01874310550014291
Q102Z0,1.5521938800811768,3.7672646045684814,0.5683306839564137,0.454489529132843,0.5386687336927696,1.6173925,3.8332283,0.5422131,0.43406484,0.56850433,IDP-ESM2-8M,93,300,0.06519865989685059,0.0659637451171875,0.02611760164287613,0.020424693822860718,0.029835599803324175
Q102Z1,1.5287421941757202,3.760807991027832,0.5617197101534397,0.4333644807338714,0.5394352960292781,1.664392,3.9624054,0.54754573,0.43766758,0.57001436,IDP-ESM2-8M,93,300,0.13564980030059814,0.2015974521636963,0.014173979085782218,0.004303097724914606,0.030579061537555408
Q102Z2,1.5304059982299805,3.6638083457946777,0.5457262409551578,0.4475375711917877,0.5637838275868394,1.4899588,3.5634077,0.5482553,0.4376818,0.56205326,IDP-ESM2-8M,93,300,0.040447235107421875,0.10040068626403809,0.0025290834085507363,0.009855777025222778,0.0017305643994309783
Q102Z3,1.5217795372009275,3.5960259437561035,0.5311362380626875,0.4249593317508697,0.5837951330207551,1.7542956,4.149885,0.5389959,0.42967877,0.5725646,IDP-ESM2-8M,93,300,0.23251605033874534,0.5538592338562012,0.007859683549098384,0.00471943616867071,0.011230531122561782
Q102Z5,1.5629987716674805,3.812493801116944,0.5688288821516191,0.4473029971122741,0.5417603012857769,1.6361468,3.904716,0.5501856,0.43868273,0.5584031,IDP-ESM2-8M,93,300,0.07314801216125488,0.09222221374511674,0.018643261366859565,0.008620262145996038,0.016642773455586624
Q102Z6,1.5134706497192385,3.687466621398926,0.5409316317345253,0.4259161353111267,0.5649072752007116,1.813834,4.2783985,0.53711057,0.428484,0.5765539,IDP-ESM2-8M,93,300,0.30036330223083474,0.5909318923950195,0.00382106464162979,0.002567857503890991,0.011646605967653878
Q102Z7,1.4971002340316772,3.591231107711792,0.5315731115890832,0.4117577373981476,0.5737148991859026,1.595351,3.8113678,0.5452876,0.43433213,0.5577543,IDP-ESM2-8M,93,300,0.09825074672698975,0.2201366424560547,0.013714497511258639,0.022574394941329956,0.015960621002919173
Q102Z8,1.5363887548446655,3.702436447143554,0.5531376654020148,0.4515857398509979,0.5549734132649897,1.6740403,3.9952574,0.5466442,0.4336999,0.55861044,IDP-ESM2-8M,93,300,0.13765156269073486,0.2928209304809579,0.006493454586585123,0.017885833978652954,0.003637026035547386
Q102Z9,1.4892398118972778,3.522364616394043,0.5369381946708335,0.4264915585517883,0.5616108901216171,1.5531057,3.7007568,0.5412571,0.43109342,0.5597646,IDP-ESM2-8M,93,300,0.06386590003967285,0.1783921718597412,0.004318888745151628,0.004601866006851252,0.001846266479649361
Q103A0,1.5128517150878906,3.738673210144043,0.5538148223405838,0.4261005520820617,0.5456545045993526,1.5810019,3.7553997,0.5382868,0.42841244,0.5700475,IDP-ESM2-8M,93,300,0.06815016269683838,0.01672649383544922,0.015528017187690701,0.0023118853569031317,0.024392993149976006
Q103A1,1.5223093032836914,3.677194595336914,0.5736068756019527,0.449062168598175,0.5209957522215182,1.512526,3.6198642,0.55493397,0.43843043,0.54796195,IDP-ESM2-8M,93,300,0.009783267974853516,0.05733036994934082,0.01867291039580643,0.010631740093231146,0.026966198080605852
Q103A2,1.561968207359314,3.847364902496338,0.579294403296715,0.4515482187271118,0.5265892832064687,1.6015551,3.810883,0.54175687,0.43224075,0.563713,IDP-ESM2-8M,93,300,0.03958690166473389,0.03648185729980469,0.03753753493428824,0.019307464361190796,0.03712373091935528
Q103A3,1.4631330966949463,3.518425226211548,0.5476861115150164,0.4307349920272827,0.5556459120048898,1.5758364,3.7602105,0.5490067,0.4373722,0.55479336,IDP-ESM2-8M,93,300,0.11270332336425781,0.24178528785705566,0.001320589000730621,0.006637215614318848,0.0008525541557686811
Q103A4,1.4701571464538574,3.480510234832764,0.5583158237477528,0.4492610991001129,0.5431328363697674,1.4170226,3.4191644,0.5596162,0.44255546,0.5357812,IDP-ESM2-8M,93,300,0.05313456058502197,0.06134581565856978,0.0013003843287242578,0.006705641746520996,0.00735163166929742
Q103A5,1.4860295057296753,3.533514499664306,0.5592809588647858,0.4443328976631164,0.5481130166443667,1.5776789,3.7311263,0.5365542,0.4266844,0.5746339,IDP-ESM2-8M,93,300,0.09164941310882568,0.1976118087768559,0.02272674152622378,0.017648488283157293,0.02652087970649386
Q103A6,1.4113030433654783,3.348952531814575,0.5581821660640934,0.4388400018215179,0.5316208135921654,1.4519942,3.4908206,0.5529761,0.44009814,0.5433631,IDP-ESM2-8M,93,300,0.040691137313842995,0.14186811447143555,0.005206094229529223,0.0012581348419190008,0.011742280737668587
Q103A7,1.5151177644729614,3.868294715881348,0.5944275058092119,0.4584696590900421,0.509421572065534,1.4009739,3.3922389,0.5616524,0.4463253,0.54386246,IDP-ESM2-8M,93,300,0.11414384841918945,0.4760558605194096,0.03277508385791794,0.012144356966018677,0.03444088997822825
Q103A8,1.4576269388198853,3.496739387512207,0.5511876595747753,0.4349505603313446,0.5486763066095187,1.5432761,3.6516612,0.5423869,0.43378046,0.5643657,IDP-ESM2-8M,93,300,0.08564913272857666,0.1549217700958252,0.008800770117072698,0.0011700987815856934,0.015689378376595786
Q103A9,1.475566267967224,3.551865339279175,0.5669154105669411,0.4540018141269684,0.5436552062151948,1.5759373,3.7526844,0.54814994,0.43571588,0.55675244,IDP-ESM2-8M,93,300,0.10037100315094016,0.2008190155029297,0.018765467215195453,0.018285930156707764,0.013097237098403824
Q107X9,2.8506317138671875,6.831543445587158,0.5370700899741185,0.4132217466831207,0.5663247330866834,2.9714298,6.7418137,0.473751,0.38684988,0.71169543,IDP-ESM2-8M,93,300,0.12079811096191406,0.08972978591918945,0.06331908146352894,0.026371866464614868,0.14537069957628046
Q14UX9,1.880540370941162,4.66199254989624,0.5979226776711193,0.4748958647251129,0.5196164039144539,1.7432214,4.1271105,0.547044,0.44162616,0.57858443,IDP-ESM2-8M,93,300,0.13731896877288818,0.5348820686340332,0.05087869850318105,0.03326970338821411,0.05896802868747486
Q14UY3,1.830869436264038,4.354264259338379,0.5533899432337418,0.4294373691082001,0.5694347420277838,1.7350748,4.1029267,0.5432154,0.43679476,0.578388,IDP-ESM2-8M,93,300,0.095794677734375,0.25133752822875977,0.010174549213661233,0.007357388734817505,0.008953233664965254
Q152W2,1.3853349685668943,2.838798761367798,0.3690034536601356,0.3529841601848602,0.8026372968582286,1.4896003,3.483748,0.51517624,0.41373423,0.6014335,IDP-ESM2-8M,93,300,0.10426533222198509,0.644949197769165,0.1461727829693505,0.06075006723403936,0.20120378130952254
Q159G2,1.8319213390350344,4.300168037414551,0.5126847869420692,0.3991221487522125,0.5789341879405038,1.6475346,3.9650078,0.54603237,0.42196676,0.5254003,IDP-ESM2-8M,93,300,0.18438673019409202,0.3351602554321289,0.0333475821947411,0.02284461259841919,0.05353390698805016
Q159G5,2.296868085861206,5.514793872833252,0.5375075020728386,0.412536472082138,0.5500406442534168,2.21429,5.254462,0.53625834,0.4154783,0.5562419,IDP-ESM2-8M,93,300,0.08257818222045898,0.2603321075439453,0.0012491621909416217,0.0029418170452118475,0.0062012852776806016
Q159M3,1.5720340013504028,3.8023202419281006,0.5310136109399582,0.4183559417724609,0.5482531732574562,1.5143743,3.613274,0.53344566,0.41796967,0.54550225,IDP-ESM2-8M,93,300,0.05765974521636963,0.18904614448547363,0.0024320453596328173,0.00038626790046686343,0.0027509278312781715
Q19B12,2.227048635482788,5.658076286315918,0.575212672101583,0.4471754431724548,0.5437815815331424,2.0969105,4.988884,0.5462717,0.43604845,0.59142065,IDP-ESM2-8M,93,300,0.13013815879821777,0.6691923141479492,0.028940990315999504,0.011126995086669866,0.04763906894903536
Q19B37,1.771345853805542,4.548507690429688,0.6253313350043268,0.4963622987270355,0.4903686867174516,1.8019034,4.4423814,0.59782916,0.47453457,0.5136378,IDP-ESM2-8M,93,300,0.03055751323699951,0.106126308441163,0.027502171929833397,0.021827727556228638,0.02326909442573688
Q19CE6,1.836751699447632,4.218515396118164,0.5714344497608324,0.4744380116462707,0.5648970404483545,1.7584522,4.218304,0.55581367,0.4434576,0.58108276,IDP-ESM2-8M,93,300,0.07829952239990257,0.00021123886108398438,0.015620779602446122,0.030980408191680853,0.016185720839334672
Q19CW0,1.6095776557922363,3.9735922813415527,0.5528246153425947,0.4340268671512604,0.5830723777763619,1.5726378,3.7660217,0.56080145,0.4549087,0.55644417,IDP-ESM2-8M,93,300,0.03693985939025879,0.20757055282592773,0.007976831095240944,0.020881831645965576,0.026628209685541582
Q19D16,1.5775208473205566,4.003360748291016,0.6104179171275471,0.4888447821140289,0.5086272255524453,1.6263072,4.014733,0.59064996,0.4679827,0.5143594,IDP-ESM2-8M,93,300,0.04878640174865723,0.011372089385986328,0.019767954702315182,0.02086207270622248,0.005732189025038803
Q19NX3,2.290914535522461,5.048166751861572,0.4326795938712683,0.3677691519260406,0.7240560829202047,2.1266062,4.844389,0.46773475,0.37642482,0.6779357,IDP-ESM2-8M,93,300,0.1643083095550537,0.20377779006958008,0.03505516021427246,0.008655667304992731,0.046120363430153466
Q19UQ1,2.2413370609283447,5.66292667388916,0.6147962459654503,0.4863755106925964,0.5171315063353821,2.3026762,5.9272366,0.6452551,0.5088382,0.47662604,IDP-ESM2-8M,93,300,0.06133913993835449,0.2643098831176758,0.030458842840701994,0.022462666034698542,0.04050546778405151
Q19XC2,2.014714241027832,4.870655536651611,0.5757185653063914,0.4545876383781433,0.5572837132273352,1.8455971,4.5686865,0.5916891,0.46613422,0.51903725,IDP-ESM2-8M,93,300,0.16911709308624268,0.301969051361084,0.015970544495854666,0.011546581983566284,0.0382464665232336
Q19XF8,1.7592943906784058,4.299463272094727,0.571364635930447,0.4527451992034912,0.5487225184786494,1.8312812,4.448613,0.56790775,0.4497801,0.54228497,IDP-ESM2-8M,93,300,0.07198679447174072,0.14914989471435547,0.003456885323910086,0.002965092658996582,0.006437552963512672
Q19XJ8,1.478096604347229,3.5770177841186523,0.5698529290905419,0.4637651145458221,0.5403201609293926,1.4819796,3.4794734,0.51447076,0.41120005,0.589757,IDP-ESM2-8M,93,300,0.0038830041885375977,0.09754443168640137,0.0553821730366173,0.05256506800651545,0.049436864312459194
Q19XN7,1.6502705812454224,3.919009923934937,0.5886489177818518,0.4639768898487091,0.5235954196905699,1.6803765,4.0669203,0.5594132,0.4505901,0.5564213,IDP-ESM2-8M,93,300,0.030105948448181152,0.147910356521606,0.02923572312547973,0.013386785984039307,0.03282586021665668
Q19XV8,2.321208477020264,5.498281478881836,0.5888771417046154,0.4855684340000152,0.5490431805253373,2.217731,5.376527,0.5623387,0.43470278,0.5551052,IDP-ESM2-8M,93,300,0.1034774780273442,0.12175464630126953,0.026538431873377566,0.0508656501770019,0.006062028825248644
Q19XW1,2.5125205516815186,6.604782104492188,0.6646092287093945,0.512321949005127,0.4840278634682861,2.6704361,6.5951695,0.6229892,0.501096,0.5451469,IDP-ESM2-8M,93,300,0.15791559219360352,0.009612560272217685,0.04162005100553712,0.01122593879699707,0.06111901906574102
Q19YI2,1.4193055629730225,3.4193930625915527,0.5481976111059819,0.4345211088657379,0.5484921935230167,1.4736571,3.6223948,0.56792474,0.44695613,0.52823853,IDP-ESM2-8M,93,300,0.0543515682220459,0.2030017375946045,0.019727126824315988,0.01243501901626587,0.020253658595648538
Q19YS5,2.5243170261383057,6.203834056854248,0.6051066854178071,0.4582269191741943,0.5402237377870054,2.4272377,6.0229607,0.6171948,0.49677342,0.54347473,IDP-ESM2-8M,93,300,0.09707927703857422,0.18087339401245117,0.012088086348855498,0.0385465025901795,0.003250996042492904
Q19YU1,1.958491563796997,4.739489555358887,0.5640791490089746,0.4444459676742553,0.5399682240882602,1.795363,4.313327,0.54941124,0.43189657,0.55411625,IDP-ESM2-8M,93,300,0.16312861442565918,0.4261627197265625,0.014667911769136954,0.012549400329589788,0.014148024996212483
Q19Z22,3.7504184246063232,9.443819999694824,0.6209972856042268,0.4752448797225952,0.50100545985605,3.5212936,8.656937,0.6132382,0.47286677,0.50168353,IDP-ESM2-8M,93,300,0.2291247844696045,0.7868833541870117,0.007759070157754677,0.002378106117248535,0.0006780733356308577
Q19ZG3,2.0704920291900635,5.017825126647949,0.5359631640141337,0.4280184209346771,0.5956797583434853,2.0255365,4.7272253,0.514754,0.41207516,0.62878436,IDP-ESM2-8M,93,300,0.04495549201965332,0.2905998229980469,0.02120916668823647,0.015943259000778198,0.03310460015794903
Q1A0D0,2.010303020477295,4.860517978668213,0.5901104248861735,0.4612683057785034,0.5469272987014892,1.8452762,4.505335,0.5759692,0.4539719,0.5244559,IDP-ESM2-8M,93,300,0.16502678394317627,0.35518312454223633,0.014141205678409818,0.00729641318321228,0.022471393740856827
Q1A4M9,2.4463024139404297,5.8769354820251465,0.6151467245054908,0.497710645198822,0.5325685872685675,2.531595,6.430231,0.677341,0.5276343,0.39852172,IDP-ESM2-8M,93,300,0.08529257774353027,0.5532956123352051,0.06219425983899163,0.029923677444458008,0.13404686590549986
Q1A4P9,2.686648368835449,5.572501659393311,0.4196032575923479,0.3683367967605591,0.7808223206732307,3.3897314,7.7415686,0.4806289,0.38693827,0.7181108,IDP-ESM2-8M,93,300,0.7030830383300781,2.169066905975341,0.061025650088163574,0.01860147714614868,0.06271152088380194
Q1EGY8,3.2526443004608154,7.551835536956787,0.5749037853445441,0.449518620967865,0.5744812556636031,3.105054,7.4544206,0.5748519,0.44866633,0.534688,IDP-ESM2-8M,93,300,0.14759039878845215,0.09741497039794922,5.1914807739916746e-05,0.0008522868156433105,0.039793259752958554
Q1EGZ1,3.453368186950684,8.071806907653809,0.6001305024943109,0.4851434230804443,0.5387301759657089,3.1920352,7.7007427,0.58395857,0.45477796,0.52822864,IDP-ESM2-8M,93,300,0.2613329887390141,0.3710641860961914,0.016171936305498624,0.030365467071533148,0.010501535409373486
Q1EGZ2,3.575111150741577,8.362135887145996,0.5962588078251332,0.4842453896999359,0.5329080764050936,3.173613,7.610941,0.5657417,0.4398216,0.55051625,IDP-ESM2-8M,93,300,0.40149807929992676,0.751194953918457,0.030517090009734016,0.04442378878593445,0.01760817134423498
Q1EH05,4.218400955200195,9.987436294555664,0.5978329241741082,0.4720457792282104,0.5655656763454439,3.711865,8.85828,0.5699011,0.4454918,0.5698174,IDP-ESM2-8M,93,300,0.5065360069274902,1.1291561126708984,0.027931815432347906,0.02655398845672602,0.004251747475051748
Q1EH28,3.337465286254883,7.834510326385498,0.5909096729046487,0.4803017079830169,0.538754970319973,3.0644016,7.3691063,0.58019096,0.45194376,0.5294429,IDP-ESM2-8M,93,300,0.27306365966796875,0.46540403366088867,0.010718716312088872,0.028357952833175604,0.009312063940273285
Q1EH30,3.384580612182617,7.982534408569336,0.5985906552758251,0.4777769446372986,0.5312378382414392,3.1057305,7.498771,0.58336896,0.45290768,0.5257358,IDP-ESM2-8M,93,300,0.27885007858276367,0.4837632179260254,0.01522169823313102,0.024869263172149658,0.005502042743544933
Q1EH36,3.445347309112549,8.183022499084473,0.5934459758061914,0.4727751016616821,0.5520528804330944,3.131574,7.545595,0.5844344,0.45585558,0.52961594,IDP-ESM2-8M,93,300,0.31377339363098145,0.6374273300170898,0.009011585738137207,0.016919523477554266,0.02243694176961175
Q1EH45,4.096380233764648,9.787479400634766,0.6131050076857595,0.4899408221244812,0.542825946776186,3.6919303,8.881619,0.5907062,0.46071702,0.53857666,IDP-ESM2-8M,93,300,0.4044499397277832,0.9058599472045898,0.022398778475859582,0.02922379970550537,0.004249284235750217
Q1EH47,4.552914142608643,10.77700901031494,0.5958670493709856,0.4718310534954071,0.5862169821086732,3.947919,9.4764,0.5894586,0.4578276,0.5429877,IDP-ESM2-8M,93,300,0.6049952507019043,1.3006086349487287,0.006408464585524132,0.014003455638885498,0.04322927783163466
Q1EH77,3.768223524093628,8.978565216064453,0.6078074706580303,0.4776704907417297,0.5357081268312428,3.4317002,8.198658,0.57705635,0.45218885,0.5561353,IDP-ESM2-8M,93,300,0.33652329444885254,0.7799072265625,0.030751122334208292,0.025481641292571966,0.020427169990351435
Q1KWA0,2.319295883178711,5.439450740814209,0.5289747267486117,0.4229795038700104,0.5976261734665675,2.4167411,5.691111,0.5322709,0.41793835,0.5864299,IDP-ESM2-8M,93,300,0.09744524955749512,0.2516603469848633,0.0032961816071012118,0.005041152238845825,0.011196279496078043
Q1MWN9,3.7272231578826895,9.025589942932127,0.5563273701543768,0.434407889842987,0.5727642863321853,3.5939083,8.532541,0.55578655,0.43632177,0.59870714,IDP-ESM2-8M,93,300,0.1333148479461661,0.49304866790771307,0.0005408201093634046,0.0019138753414154608,0.025942853159849566
Q1WIU5,2.511228084564209,6.043286323547363,0.5435203373272628,0.4193406701087951,0.5765716697644631,2.5241127,5.954282,0.53080314,0.41910362,0.61403996,IDP-ESM2-8M,93,300,0.01288461685180664,0.0890045166015625,0.012717193349143896,0.000237047672271673,0.03746828775888289
Q1WIU7,2.4996137619018555,5.918394565582275,0.5188187435591844,0.4095136523246765,0.621103131926742,2.5788257,6.056791,0.52448,0.41469446,0.625192,IDP-ESM2-8M,93,300,0.07921195030212402,0.1383962631225586,0.005661241677937134,0.005180805921554565,0.004088854634079486
Q1XDV1,1.403400421142578,3.3617491722106934,0.5466417634469847,0.4271878004074096,0.5447373863944842,1.4697853,3.5863285,0.5641786,0.44530815,0.5317146,IDP-ESM2-8M,93,300,0.06638491153717063,0.2245793342590332,0.017536822559179877,0.018120348453521784,0.013022768188460043
Q1ZYP5,1.9738556146621704,4.732440948486328,0.5777103807118833,0.4602054953575134,0.5219239698247047,1.9194779,4.6474276,0.56037384,0.439224,0.54699165,IDP-ESM2-8M,93,300,0.05437767505645752,0.08501338958740234,0.017336537995666257,0.02098149061203003,0.02506767646512076
Q20BU0,1.680086970329285,3.984381914138794,0.5586203519030435,0.4484556317329407,0.5346328102448913,1.5307664,3.711785,0.561647,0.44026944,0.5323879,IDP-ESM2-8M,93,300,0.1493206024169924,0.2725968360900879,0.0030266460255758965,0.008186191320419312,0.0022448979714843054
Q20BW6,1.9313305616378784,4.590899467468262,0.5400475533770274,0.4077023565769195,0.5611908035861813,1.8390847,4.4043427,0.54684305,0.42709383,0.55508566,IDP-ESM2-8M,93,300,0.09224581718444824,0.18655681610107422,0.006795498533373023,0.019391477108001764,0.006105144559081732
Q20HY6,3.600044012069702,8.201574325561523,0.5397007472368629,0.4285466074943542,0.5862681090354859,3.3342986,7.8169923,0.52708924,0.41365567,0.61601835,IDP-ESM2-8M,93,300,0.2657454013824463,0.3845820426940918,0.012611509070053817,0.014890938997268621,0.02975024585724484
Q27Q61,1.9371979236602783,4.3284196853637695,0.5207697546777725,0.4227455258369446,0.6036034451812252,1.9595077,4.677836,0.54219717,0.42771852,0.5771213,IDP-ESM2-8M,93,300,0.02230978012084961,0.34941625595092773,0.021427413195610034,0.004972994327545166,0.02648212779459802
Q27Q66,1.88416051864624,4.180761814117432,0.4983884951752748,0.3920159041881561,0.629002669019016,1.8248994,4.255595,0.51295954,0.4107174,0.6188021,IDP-ESM2-8M,93,300,0.05926108360290505,0.07483339309692383,0.014571044715014525,0.018701493740081843,0.010200598401340244
Q27Q71,1.943538784980774,4.668674945831299,0.5532143789683167,0.4335077702999115,0.5541661950022989,1.9661698,4.721433,0.55058783,0.43195033,0.56129736,IDP-ESM2-8M,93,300,0.022631049156188965,0.052758216857910156,0.002626546040612854,0.0015574395656585693,0.007131162080068032
Q27Q76,1.87156081199646,4.113137245178223,0.5039534983272919,0.4165578782558441,0.6193097898893719,1.8739878,4.447615,0.53650486,0.42517638,0.58335984,IDP-ESM2-8M,93,300,0.0024269819259643555,0.33447790145874023,0.03255136636539613,0.00861850380897522,0.03594995235732845
Q27Q84,1.5232003927230835,3.656086206436157,0.5567538082117712,0.4399968683719635,0.5453406048426012,1.7588768,4.2498713,0.5553257,0.43226647,0.5325783,IDP-ESM2-8M,93,300,0.23567640781402588,0.5937850475311284,0.001428121280161121,0.007730394601821899,0.012762315333781582
Q287B2,2.2396228313446045,5.343225002288818,0.5226367269659956,0.4088176488876343,0.5946818852598597,2.2665942,5.3217216,0.52549195,0.41449112,0.5969993,IDP-ESM2-8M,93,300,0.02697134017944336,0.021503448486328125,0.0028552259301225513,0.005673468112945557,0.0023174023454259896
Q287K0,3.2194266319274902,7.86479902267456,0.642355577910959,0.5216727256774902,0.5159126942726855,3.2047076,8.156282,0.69520974,0.53927386,0.4076945,IDP-ESM2-8M,93,300,0.014719009399414062,0.29148340225219815,0.05285416368144824,0.0176011323928833,0.10821820550887629
Q2EQ07,1.7887197732925415,4.078489780426025,0.4878507440139211,0.4028856754302978,0.6334770859585535,1.9156336,4.4415936,0.50351393,0.40303987,0.6210204,IDP-ESM2-8M,93,300,0.12691378593444824,0.36310386657714844,0.01566318821416729,0.00015419721603399106,0.01245670927627196
Q2EQJ4,2.3792829513549805,5.535958766937256,0.5468255544383945,0.4425063729286194,0.5821944929406175,2.258005,5.3742857,0.5534611,0.43438843,0.55909294,IDP-ESM2-8M,93,300,0.12127804756164551,0.16167306900024414,0.006635520390707028,0.00811794400215149,0.02310155404062364
Q2EX97,2.638522148132324,6.085425853729248,0.4845160879391944,0.3809334635734558,0.666791980158857,2.6376164,6.241035,0.5341238,0.41558,0.57422894,IDP-ESM2-8M,93,300,0.0009057521820068359,0.155609130859375,0.04960769040400631,0.03464654088020325,0.0925630377646004
Q2EXS5,3.319277286529541,7.685459136962891,0.4919988257019441,0.3817893266677856,0.6398672860174536,3.448889,8.09293,0.5143621,0.39978367,0.613658,IDP-ESM2-8M,93,300,0.12961173057556152,0.407470703125,0.022363271084554937,0.017994344234466608,0.02620927505782833
Q2I7C2,2.790367364883423,6.70107364654541,0.5296162545340684,0.4071449935436249,0.5818036956519792,2.8142686,6.599283,0.5221633,0.40603015,0.60594296,IDP-ESM2-8M,93,300,0.02390122413635254,0.1017904281616211,0.007452982630076654,0.0011148452758789062,0.024139268901853805
Q2I7C9,2.7921276092529297,6.359798431396484,0.5187989836298424,0.4055200517177582,0.6060656750494835,2.8133671,6.5750256,0.51121414,0.3993494,0.6240339,IDP-ESM2-8M,93,300,0.021239519119262695,0.2152271270751953,0.007584846552510904,0.0061706602573394775,0.01796825286799697
Q2I7D5,2.6935625076293945,6.275501728057861,0.5056085600089091,0.3788680136203766,0.6150728299434188,2.8044016,6.599115,0.5224447,0.40575346,0.6028238,IDP-ESM2-8M,93,300,0.1108391284942627,0.32361316680908203,0.016836165027712013,0.02688544988632202,0.01224903605532679
Q2I7D8,2.6861672401428223,6.25991678237915,0.5118762923773019,0.3915575444698334,0.5978859423637961,2.851871,6.6655407,0.5109794,0.39890513,0.6217015,IDP-ESM2-8M,93,300,0.16570377349853516,0.4056239128112793,0.0008968783910958678,0.007347583770751953,0.023815536594333775
Q2I7D9,2.7768359184265137,6.700297355651856,0.5203722472147454,0.3984229266643524,0.5993408246391541,2.9830809,6.9971323,0.52455205,0.4085709,0.6069868,IDP-ESM2-8M,93,300,0.20624494552612305,0.29683494567871005,0.004179800037909631,0.010147958993911743,0.007645996058630367
Q2KRX9,3.140606164932251,7.277722358703613,0.526969901207961,0.4279869794845581,0.6230020807979697,2.9701388,7.0208445,0.53347725,0.41839832,0.60728467,IDP-ESM2-8M,93,300,0.17046737670898438,0.2568778991699219,0.006507345553361077,0.009588658809661865,0.015717415690242653
Q2LGY8,3.867804765701294,9.01986312866211,0.5230589045222203,0.4053589105606079,0.6359030588671367,4.1103888,9.706953,0.5314635,0.40872043,0.6167915,IDP-ESM2-8M,93,300,0.2425839900970459,0.6870899200439453,0.008404599315365191,0.003361523151397705,0.019111572127024412
Q2NNY0,2.6303024291992188,6.688973426818848,0.6511797895316405,0.5013594627380371,0.5057236159181493,2.8809366,7.4143844,0.7144656,0.55651146,0.379063,IDP-ESM2-8M,93,300,0.25063419342041016,0.7254109382629395,0.06328582860190446,0.05515199899673462,0.12666060570239002
Q2PDL2,2.701091051101685,6.192790508270264,0.5121181559052105,0.4081475734710693,0.6198147855955709,2.72469,6.3698716,0.51343906,0.40171942,0.6138301,IDP-ESM2-8M,93,300,0.023598909378051314,0.17708110809326172,0.0013209033522968427,0.0064281523227691095,0.005984696026479108
Q2PZ57,2.6029365062713623,5.993879318237305,0.5053138402755181,0.3944548368453979,0.6495205714914635,2.6256568,6.1591625,0.51946425,0.41059056,0.63798225,IDP-ESM2-8M,93,300,0.0227203369140625,0.165283203125,0.014150414103754394,0.01613572239875799,0.011538322231514742
Q2PZ59,2.641386747360229,6.477805137634277,0.5324579245883505,0.4143846035003662,0.5974287680143725,2.560502,6.0015564,0.5190134,0.41014323,0.6361978,IDP-ESM2-8M,93,300,0.08088469505310014,0.47624874114990234,0.0134445197421591,0.004241377115249634,0.038769037390290584
Q2PZ62,2.6491408348083496,6.329280853271484,0.5300919576356518,0.4183414876461029,0.6035595260234728,2.6146,6.109448,0.5157248,0.4089513,0.64297247,IDP-ESM2-8M,93,300,0.03454089164733887,0.2198328971862793,0.014367179460297752,0.009390175342559814,0.03941294330636114
Q2PZ64,2.7958343029022217,6.824741840362549,0.5521647309538062,0.4332001209259033,0.5861193528780885,2.6245115,6.160376,0.524084,0.41347432,0.6273542,IDP-ESM2-8M,93,300,0.17132282257080078,0.6643657684326172,0.028080758976572362,0.019725799560546875,0.04123485177660513
Q2PZ75,2.705265522003174,6.401092529296875,0.5269673647466411,0.4000951051712036,0.62149028295096,2.7044594,6.3382335,0.5194535,0.4107649,0.6399779,IDP-ESM2-8M,93,300,0.0008060932159423828,0.06285905838012695,0.007513839203428185,0.010669797658920288,0.0184875894207136
Q2TVL9,2.5255279541015625,6.141902923583984,0.6029713200255783,0.4734618365764618,0.5176109371913876,2.5091813,5.950202,0.5574286,0.44628957,0.57262677,IDP-ESM2-8M,93,300,0.01634669303894043,0.19170093536376953,0.04554272162164763,0.0271722674369812,0.05501583235130647
Q2VAE1,2.0875089168548584,4.837108612060547,0.5162423529881872,0.4197512567043304,0.6152513208520546,2.1222947,5.004302,0.52790564,0.41512856,0.5899381,IDP-ESM2-8M,93,300,0.03478574752807617,0.16719341278076172,0.011663289998110393,0.00462269783020014,0.02531321669937514
Q2VF21,1.5262198448181152,3.591524362564087,0.5235636183416023,0.4192627072334289,0.587180827679204,1.6634884,3.9415624,0.5515511,0.44464892,0.5766803,IDP-ESM2-8M,93,300,0.1372685432434082,0.3500380516052246,0.02798748525031669,0.025386214256286677,0.010500525059269905
Q2WC16,1.6410820484161377,3.908041477203369,0.5548065449850172,0.4375962913036346,0.5715542609390382,1.5529991,3.847152,0.6073068,0.47977984,0.4800577,IDP-ESM2-8M,93,300,0.08808290958404541,0.060889482498168945,0.052500233445921474,0.04218354821205145,0.09149657437173164
Q2WC23,1.779264211654663,4.146475315093994,0.5370727784205628,0.4350931942462921,0.5867373266714849,1.788909,4.3403397,0.56155884,0.44496173,0.55192137,IDP-ESM2-8M,93,300,0.009644746780395508,0.1938643455505371,0.024486064238433802,0.009868532419204712,0.034815959026221255
Q2XT86,1.856645464897156,4.393764495849609,0.5326724332729699,0.4199741780757904,0.5833401651517209,1.8695419,4.4578876,0.53868043,0.42338696,0.5665662,IDP-ESM2-8M,93,300,0.012896418571471946,0.06412315368652344,0.0060080009540198764,0.003412783145904541,0.016773936285143787
Q2Z0R7,2.2897534370422363,5.736866474151611,0.5423204112460713,0.4065372943878174,0.57876074749235,2.2167783,5.256089,0.53237146,0.4188842,0.5850857,IDP-ESM2-8M,93,300,0.07297515869140625,0.4807772636413574,0.009948949854622358,0.012346893548965454,0.006324942529164934
Q30BN4,5.011656284332275,11.841924667358398,0.5325622924381722,0.4051685035228729,0.6162438026539705,4.5735755,10.883412,0.53503656,0.40895584,0.61309314,IDP-ESM2-8M,93,300,0.4380807876586914,0.9585123062133789,0.002474271435118802,0.0037873387336730957,0.003150664912881629
Q33CR5,2.78014612197876,6.691690444946289,0.5310643554350621,0.4064547419548034,0.5761923273489324,2.8571863,6.6670547,0.5133453,0.40060392,0.6208786,IDP-ESM2-8M,93,300,0.07704019546508745,0.024635791778564453,0.017719054283786506,0.005850821733474676,0.0446862498834284
Q33CS0,2.7968218326568604,6.675521373748779,0.5436906757896057,0.4204060435295105,0.553027865899898,2.8152628,6.591496,0.5161917,0.40202042,0.61287725,IDP-ESM2-8M,93,300,0.018440961837768555,0.08402538299560547,0.027498954827081312,0.018385618925094604,0.05984938381781435
Q33CS7,2.827543258666992,6.658391952514648,0.5324833949455459,0.4093181192874908,0.5831525328723064,2.8504777,6.673804,0.51529896,0.40186143,0.6142902,IDP-ESM2-8M,93,300,0.022934436798095703,0.015411853790283203,0.01718443235246725,0.00745669007301325,0.031137644949806642
Q33CU7,2.514514684677124,5.995208740234375,0.5357049946149361,0.4222560822963714,0.5728684187376021,2.3914611,5.650055,0.5231005,0.40679374,0.5911699,IDP-ESM2-8M,93,300,0.12305355072021484,0.34515380859375,0.012604499276496206,0.015462338924407903,0.018301475004005585
Q33CV3,2.545281171798706,6.056790828704834,0.5474382409257069,0.421464055776596,0.5569578966328594,2.433436,5.7238092,0.5203834,0.40618688,0.59998155,IDP-ESM2-8M,93,300,0.11184525489807129,0.33298158645629883,0.02705482331935316,0.015277177095413152,0.0430236497691181
Q33CV7,2.4187254905700684,5.477581977844238,0.499009654284867,0.3828431963920593,0.6276421493857695,2.418152,5.715188,0.52329725,0.4071698,0.5885107,IDP-ESM2-8M,93,300,0.0005733966827392578,0.23760604858398438,0.024287595985976518,0.024326592683792114,0.039131457266171066
Q33CW2,2.500323534011841,5.839419364929199,0.5234548186261244,0.4081165194511413,0.596094589660352,2.5289888,5.9535995,0.52410024,0.40768954,0.59640867,IDP-ESM2-8M,93,300,0.02866530418395996,0.11418008804321289,0.0006454254191331499,0.00042697787284845523,0.0003140755198542955
Q33CX7,2.7213404178619385,6.28513240814209,0.5120404171792421,0.3977337777614593,0.6054614815318494,2.7447479,6.445844,0.5180436,0.4023265,0.6020618,IDP-ESM2-8M,93,300,0.023407459259033203,0.16071176528930664,0.006003160491808934,0.004592716693878229,0.003399673422565974
Q33CX8,2.439450979232788,5.642953395843506,0.527571622720373,0.4141193628311157,0.5725056748340835,2.3515537,5.568618,0.5278348,0.410356,0.58207095,IDP-ESM2-8M,93,300,0.08789730072021484,0.07433557510375977,0.00026315034328672215,0.0037633776664733887,0.009565271859336866
Q33CZ4,2.505112409591675,5.801274299621582,0.5283674841122087,0.4075163304805755,0.5863983072961539,2.4025285,5.650206,0.51974386,0.4052822,0.595242,IDP-ESM2-8M,93,300,0.1025838851928711,0.15106821060180664,0.008623624344294867,0.0022341310977935236,0.008843716171863636
Q33D00,2.407932043075561,5.693547248840332,0.5116747805838339,0.4039460122585296,0.5974170310822082,2.459971,5.8035893,0.5213178,0.40587404,0.5930021,IDP-ESM2-8M,93,300,0.052038908004761186,0.11004209518432617,0.009642999434018917,0.001928031444549616,0.004414950164849829
Q33D03,2.721413373947144,6.299041748046875,0.4991593888177225,0.3960963785648346,0.6348354422028232,2.8263283,6.6099706,0.5126111,0.4009787,0.6226098,IDP-ESM2-8M,93,300,0.10491490364074663,0.3109288215637207,0.01345170231920989,0.004882335662841797,0.012225648062961114
Q33D07,2.485715866088867,5.85972785949707,0.5265768722952052,0.4026160538196563,0.5852985350080313,2.4318902,5.7328496,0.5237266,0.4077711,0.5911442,IDP-ESM2-8M,93,300,0.05382561683654785,0.1268782615661621,0.0028502897680445782,0.005155056715011652,0.005845669131678166
Q33D14,2.715733051300049,6.451633930206299,0.5158200009114761,0.3951492011547088,0.5962946955603196,2.7903333,6.5557184,0.52168936,0.4056143,0.60458857,IDP-ESM2-8M,93,300,0.0746002197265625,0.10408449172973633,0.005869354461906506,0.010465085506439264,0.008293872650282252
Q33D20,2.5173189640045166,5.738589286804199,0.526920568008201,0.4170386493206024,0.5923756074912426,2.5697303,6.0607934,0.5282432,0.41308197,0.59511083,IDP-ESM2-8M,93,300,0.05241131782531738,0.3222041130065918,0.001322616081459671,0.0039566755294799805,0.002735226153624315
Q38506,1.6421372890472412,3.857998609542847,0.5560325588412077,0.4462608993053436,0.551525116624549,1.6905432,4.1526623,0.56851053,0.44335365,0.5171976,IDP-ESM2-8M,93,300,0.04840588569641113,0.29466366767883256,0.012477973537942666,0.00290724635124201,0.034327507676795044
Q38583,2.3133325576782227,5.694032669067383,0.5827936616088555,0.4462303221225738,0.553425296986453,2.2978404,5.610641,0.57572067,0.449908,0.55240154,IDP-ESM2-8M,93,300,0.01549220085144043,0.08339166641235352,0.0070729937698051915,0.0036776661872864325,0.0010237543228788226
Q38HE4,2.2994606494903564,5.616273403167725,0.5515398953848258,0.4209354519844055,0.5946468904158827,2.3229716,5.3866744,0.54922986,0.45382744,0.61403507,IDP-ESM2-8M,93,300,0.02351093292236328,0.2295989990234375,0.0023100350790397073,0.03289198875427246,0.019388179526591665
Q38I94,2.7155332565307617,6.375265598297119,0.5317235535871044,0.4191831946372986,0.5943915130243917,3.0827272,7.3168206,0.5402309,0.4169251,0.5966528,IDP-ESM2-8M,93,300,0.36719393730163574,0.9415550231933594,0.008507316659782771,0.002258092164993286,0.00226129278081455
Q38I97,2.740504264831543,6.467690467834473,0.5346995768941643,0.4146926999092102,0.593781701381821,2.906896,6.8993115,0.5426198,0.41853902,0.58441466,IDP-ESM2-8M,93,300,0.16639184951782227,0.43162107467651367,0.007920247515320611,0.0038463175296783447,0.009367040451187414
Q38IM8,2.6364905834198,6.520267963409424,0.5504504859340279,0.4129450917243957,0.6000862917361135,2.3445272,5.5001345,0.5496511,0.44497234,0.5949682,IDP-ESM2-8M,93,300,0.2919633388519287,1.0201334953308105,0.0007993996036140816,0.03202724456787115,0.005118092006194064
Q38IP7,2.6296114921569824,6.399960517883301,0.5401870647314158,0.4138750433921814,0.620280338978191,2.308439,5.4632225,0.5628623,0.4529311,0.5690375,IDP-ESM2-8M,93,300,0.32117247581481934,0.9367380142211914,0.02267521229952907,0.03905606269836426,0.051242841934581396
Q3C1Z8,1.5846185684204102,3.8947272300720215,0.5959622015946008,0.483628511428833,0.5317006126772221,1.5628757,3.7156782,0.571775,0.4742189,0.5695674,IDP-ESM2-8M,93,300,0.021742820739746094,0.17904901504516602,0.024187182425747022,0.009409606456756592,0.03786676965844071
Q3C203,2.9157214164733887,6.956743240356445,0.5158867265024795,0.3996012806892395,0.6094041151750413,3.1178794,7.325342,0.52780634,0.40995556,0.5997929,IDP-ESM2-8M,93,300,0.20215797424316406,0.36859893798828125,0.011919615145622342,0.010354280471801758,0.009611217473777911
Q3HNZ7,2.276649713516236,5.161115646362305,0.5150644670808125,0.4279392957687378,0.6184448483549367,2.2540019,5.3225884,0.5351363,0.4203608,0.5801545,IDP-ESM2-8M,93,300,0.02264785766601607,0.16147279739379883,0.020071815363187695,0.007578492164611816,0.03829036980497946
Q3HP08,2.291190385818481,5.332068920135498,0.5201190974254805,0.4219894111156463,0.6133245849552741,2.3134663,5.4627395,0.5347901,0.42071667,0.5807474,IDP-ESM2-8M,93,300,0.02227592468261763,0.13067054748535156,0.014671001241664317,0.0012727379798888605,0.03257715939909123
Q3HP10,2.35449767112732,5.329287052154541,0.5220268365225762,0.4280174970626831,0.6213628596430171,2.3034413,5.4252543,0.5318275,0.4193959,0.5876055,IDP-ESM2-8M,93,300,0.05105638504028365,0.09596729278564453,0.009800672880652561,0.00862160325050354,0.03375738326362254
Q3HP12,2.2925398349761963,5.410075664520264,0.5418892133230993,0.4301869869232178,0.5708681735151235,2.2984495,5.4241886,0.53206414,0.41852227,0.58045477,IDP-ESM2-8M,93,300,0.00590968132019043,0.01411294937133789,0.00982507348011219,0.011664718389511108,0.00958659323521216
Q3HWX5,2.662960767745972,6.235922813415527,0.5348890882094267,0.4083227515220642,0.5705033360384124,2.582216,6.0525684,0.5126149,0.40062863,0.6113952,IDP-ESM2-8M,93,300,0.08074474334716841,0.18335437774658203,0.022274182375228713,0.007694125175476074,0.0408918441869599
Q3HWX7,2.668307542800904,6.207561016082764,0.5507376559425551,0.430328220129013,0.5553811765265351,2.3551717,5.537952,0.51874226,0.40490648,0.5918503,IDP-ESM2-8M,93,300,0.31313586235046476,0.6696090698242188,0.03199539262544693,0.0254217386245727,0.03646910423518368
Q3HWY0,2.73994779586792,6.576051235198975,0.5319651932833194,0.4246930778026581,0.5911779176844557,2.5799623,6.0422378,0.5152922,0.40306428,0.6110539,IDP-ESM2-8M,93,300,0.15998554229736328,0.5338134765625,0.016672966015100377,0.02162879705429077,0.019875966344932716
Q3HWY5,2.866241693496704,6.6175055503845215,0.5285539301275372,0.4230005741119385,0.6267471718354846,2.7545133,6.589124,0.5518133,0.43194506,0.561367,IDP-ESM2-8M,93,300,0.11172842979431152,0.02838134765625,0.023259374296748736,0.008944481611251831,0.06538019652801996
Q3HWY6,2.6141786575317383,6.133000373840332,0.5012116805753553,0.3752568960189819,0.6331219254569247,2.5936716,6.068656,0.51124793,0.40045008,0.6172892,IDP-ESM2-8M,93,300,0.020507097244262695,0.06434440612792969,0.010036252335563933,0.025193184614181574,0.015832739932937878
Q3KSP3,3.0444610118865967,7.315532207489014,0.5689706656922674,0.4435630142688751,0.5457256753932966,3.2354,7.7849073,0.5729048,0.44385695,0.52310854,IDP-ESM2-8M,93,300,0.19093894958496094,0.4693751335144043,0.003934159518303892,0.00029394030570983887,0.02261713342781202
Q3LUB4,2.765721321105957,6.562628269195557,0.5333773162956901,0.4233079552650451,0.5943288293820654,2.550172,6.0105495,0.51934624,0.40550232,0.6029787,IDP-ESM2-8M,93,300,0.21554923057556152,0.5520787239074707,0.014031079113072886,0.01780563592910761,0.008649876977797843
Q3LUB6,2.831923246383667,6.706503391265869,0.5405310765387141,0.427590936422348,0.5928818847418026,2.927677,6.979498,0.5458918,0.42562613,0.5729091,IDP-ESM2-8M,93,300,0.09575366973876953,0.2729945182800293,0.0053607448457158036,0.0019648075103759766,0.019972767996807472
Q3LWP3,3.311565637588501,7.84606122970581,0.50892861142192,0.3857434093952179,0.6379240383898858,3.3094862,7.745945,0.5122137,0.4009076,0.6454704,IDP-ESM2-8M,93,300,0.002079486846923828,0.10011625289916903,0.003285095548294814,0.015164196491241455,0.007546342393195293
Q3S669,2.9659454822540283,6.824368953704834,0.5288250606128386,0.4083166122436523,0.5989970277132804,2.8118947,6.5645447,0.52095664,0.41139776,0.6203809,IDP-ESM2-8M,93,300,0.1540508270263672,0.259824275970459,0.007868425137679935,0.003081142902374323,0.021383850735205878
Q3T244,1.820951223373413,4.133730888366699,0.5051040319585387,0.402864009141922,0.6284899931106238,1.8842663,4.468972,0.5345349,0.4232853,0.58493114,IDP-ESM2-8M,93,300,0.06331503391265869,0.33524131774902344,0.02943083961967785,0.02042129635810852,0.04355885793301151
Q3T364,1.925054907798767,4.654374122619629,0.5326396542268481,0.4119104743003845,0.5785799447691842,1.8415605,4.337888,0.52920467,0.4225672,0.58973396,IDP-ESM2-8M,93,300,0.08349442481994629,0.3164863586425781,0.003434987612315643,0.01065671443939209,0.011154013475139557
Q3T393,1.904879093170166,4.488712787628174,0.5136053689473216,0.4049295783042907,0.606748940585314,1.9119459,4.4821672,0.52102834,0.4159022,0.60169345,IDP-ESM2-8M,93,300,0.007066845893859863,0.006545543670654297,0.007422970915501925,0.010972619056701716,0.005055489180742501
Q3T5T1,2.108940362930298,5.032354831695557,0.5598505889409622,0.4444432854652405,0.5585382913004505,2.0434012,4.8299336,0.5401108,0.42604703,0.5796871,IDP-ESM2-8M,93,300,0.06553912162780762,0.2024211883544922,0.01973976244865261,0.01839625835418701,0.02114882722982292
Q3T5T2,2.2507355213165283,5.377660751342773,0.5612540302881028,0.4558224976062774,0.5634335964478273,2.1488845,5.092569,0.53970325,0.4243338,0.57831156,IDP-ESM2-8M,93,300,0.10185098648071289,0.2850918769836426,0.021550780356767385,0.031488686800002996,0.014877966090319661
Q3T5T4,2.089916944503784,4.980779647827148,0.5532736546536189,0.4308238327503204,0.5651707549891961,2.0177667,4.8229346,0.55112267,0.43281308,0.5624028,IDP-ESM2-8M,93,300,0.07215023040771484,0.15784502029418945,0.0021509892483454474,0.0019892454147339422,0.0027679701648247734
Q3T5T7,2.0900819301605225,4.99889087677002,0.5480729612711147,0.4253060221672058,0.5746808111590617,2.138905,5.0465107,0.5395872,0.42617846,0.57925224,IDP-ESM2-8M,93,300,0.04882311820983887,0.04761981964111239,0.008485761583156948,0.0008724331855773926,0.004571431882930521
Q3T5U3,2.04231595993042,5.007485389709473,0.5678159003909207,0.4628538191318512,0.5440138039786613,2.0111063,4.773257,0.5444702,0.42888957,0.568074,IDP-ESM2-8M,93,300,0.031209707260131836,0.23422861099243164,0.02334570938902858,0.03396424651145935,0.02406018398215415
Q3T5U9,1.961572289466858,4.718730449676514,0.5513525837138573,0.4250843822956085,0.563189152603877,2.0013065,4.762126,0.54993886,0.43296224,0.5599465,IDP-ESM2-8M,93,300,0.03973424434661865,0.0433955192565918,0.0014137261584679095,0.007877856492996216,0.00324267519069954
Q3T5V2,1.963706970214844,4.61297607421875,0.5552499639768744,0.4378590881824493,0.5701385749900858,1.8298898,4.3601203,0.5525744,0.43719977,0.56092715,IDP-ESM2-8M,93,300,0.1338171958923342,0.2528557777404785,0.002675567843451576,0.0006593167781829279,0.009211422356418808
Q3T5V7,1.9499419927597048,4.63067626953125,0.5667040967020176,0.4435398578643799,0.5467041681127734,1.8611156,4.4276886,0.5478545,0.43416855,0.56568176,IDP-ESM2-8M,93,300,0.08882641792297385,0.2029876708984375,0.018849613574423607,0.009371310472488403,0.01897758742998168
Q3V5E4,1.891755223274231,4.698469638824463,0.5872850430448795,0.4617147147655487,0.5327430313102025,1.86304,4.6256385,0.60400856,0.47689778,0.48419315,IDP-ESM2-8M,93,300,0.02871525287628174,0.0728311538696289,0.016723512367412985,0.015183061361312866,0.048549885081412225
Q3YB07,1.5265297889709473,3.606701612472534,0.507131314235396,0.4082642495632171,0.6031992668998253,1.5758125,3.7450023,0.535173,0.4248731,0.5723729,IDP-ESM2-8M,93,300,0.04928267002105713,0.13830065727233887,0.02804168466978585,0.01660886406898504,0.03082635353922958
Q3YJX6,2.477308750152588,5.760866641998291,0.5273410931751996,0.4085641503334045,0.6193805696953866,2.2538896,5.21991,0.5083174,0.40912107,0.65392584,IDP-ESM2-8M,93,300,0.223419189453125,0.5409564971923828,0.01902368222930728,0.0005569159984589178,0.03454526639088662
Q3YJY1,1.9384753704071045,4.367786407470703,0.5132262829024838,0.4237847626209259,0.6248556982760537,1.860866,4.4378567,0.5401731,0.4245227,0.5701677,IDP-ESM2-8M,93,300,0.07760941982269287,0.07007026672363281,0.02694683044361601,0.0007379353046417236,0.05468797795821312
Q3YPN7,2.09953236579895,4.930629253387451,0.5239887485927784,0.4201423525810241,0.6102696444819754,1.9901901,4.7199545,0.5343693,0.4206884,0.591176,IDP-ESM2-8M,93,300,0.10934221744537354,0.21067476272583008,0.010380541282252076,0.000546038150787409,0.019093671066600648
Q45KG1,2.674025297164917,6.321504592895508,0.5279917496319663,0.4041230678558349,0.5788560723064217,2.8567111,6.6806574,0.5153408,0.4011905,0.6110235,IDP-ESM2-8M,93,300,0.18268585205078125,0.35915279388427734,0.01265094457825533,0.002932578325271551,0.03216741335413131
Q461X8,3.658693552017212,9.241679191589355,0.6388704814893573,0.5018165111541748,0.5085014580353125,3.7073717,9.121487,0.6362098,0.4969175,0.48448947,IDP-ESM2-8M,93,300,0.04867815971374512,0.1201925277709961,0.002660695551094383,0.004899024963378906,0.02401198731502141
Q4A2Y9,3.723955392837525,8.9144926071167,0.5787402798520295,0.446441501379013,0.5871703238002515,3.6820881,8.840563,0.5660512,0.43922108,0.5904602,IDP-ESM2-8M,93,300,0.041867256164551225,0.0739297866821289,0.012689094720956473,0.007220417261123602,0.0032898574360156196
Q4GZW3,1.646551489830017,3.82191801071167,0.5002061569176163,0.4015575647354126,0.6281050489518666,1.8253169,4.310024,0.5285183,0.41656348,0.5785267,IDP-ESM2-8M,93,300,0.1787654161453247,0.48810577392578125,0.028312162212327574,0.015005916357040405,0.04957837325072523
Q4KPD1,2.339006185531616,5.631783485412598,0.5488330802422706,0.4142841696739197,0.5604323710960065,2.2538364,5.347956,0.5366922,0.42718378,0.59359634,IDP-ESM2-8M,93,300,0.08516979217529297,0.2838273048400879,0.01214087815105358,0.012899607419967651,0.03316396812976252
Q4KPE0,2.0140199661254883,4.579238414764404,0.5046275709408047,0.3947713375091553,0.6169305789413406,1.8899239,4.4911785,0.52941847,0.41438884,0.57419527,IDP-ESM2-8M,93,300,0.12409603595733643,0.08805990219116211,0.024790897534537115,0.01961749792098999,0.04273531317138213
Q4KPI4,2.5416815280914307,5.652853965759277,0.4852018056922756,0.3906581103801727,0.6567706202138086,2.495673,5.850045,0.5124824,0.40222245,0.608516,IDP-ESM2-8M,93,300,0.04600858688354492,0.1971912384033203,0.027280599016586693,0.011564344167709406,0.04825464235431154
Q4KPI5,1.9211220741271973,4.575193405151367,0.5406928906505313,0.420085608959198,0.5627645022538031,1.9878061,4.7129545,0.5249744,0.4154524,0.58742064,IDP-ESM2-8M,93,300,0.06668400764465332,0.13776111602783203,0.01571848488499783,0.004633218050003052,0.0246561401221429
Q4KS53,1.6388745307922363,3.316356897354126,0.4226747147715329,0.3703816533088684,0.7268979585922896,1.6688305,3.911625,0.51309127,0.40992644,0.59999317,IDP-ESM2-8M,93,300,0.02995598316192627,0.5952680110931396,0.09041655138371002,0.03954479098320007,0.12690478928458082
Q4KSY7,3.4625701904296875,8.652510643005371,0.6502139120547656,0.5226889252662659,0.4999235084950474,3.5280151,8.721812,0.65609974,0.5132349,0.46283695,IDP-ESM2-8M,93,300,0.0654449462890625,0.06930160522460938,0.005885824635755599,0.009454011917114258,0.03708655747766765
Q4PKB7,2.6360623836517334,6.224262714385986,0.56094765502186,0.4264889657497406,0.5749221960048564,2.7319214,6.4396253,0.53044647,0.41746974,0.6057659,IDP-ESM2-8M,93,300,0.09585905075073242,0.215362548828125,0.03050118523807699,0.009019225835800171,0.030843683149348933
Q4PRW0,1.5179200172424316,3.61003851890564,0.5324461933744857,0.4236882030963897,0.5698390236610729,1.6512716,3.9470108,0.55269593,0.43975616,0.5523038,IDP-ESM2-8M,93,300,0.13335156440734863,0.33697223663330034,0.02024973662963414,0.01606795191764837,0.017535232614930285
Q4QTS8,1.6264568567276,4.250420093536377,0.6541277005113932,0.5132476091384888,0.4673063902738345,1.7823293,4.2862196,0.6052271,0.4907702,0.49547282,IDP-ESM2-8M,93,300,0.15587246417999268,0.035799503326416016,0.04890058774131267,0.022477418184280396,0.02816642833921784
Q4QVU0,1.8358632326126096,4.253056526184082,0.5065461487895927,0.3974564373493194,0.6168362893913983,1.9535317,4.63403,0.534995,0.42297602,0.57604015,IDP-ESM2-8M,93,300,0.11766850948333762,0.38097333908081055,0.02844887064628987,0.025519579648971613,0.040796140656351954
Q4QW70,1.8600763082504272,4.377597808837891,0.555162376862551,0.4594239294528961,0.559330929668046,1.7964396,4.2849083,0.5412913,0.42933208,0.5664685,IDP-ESM2-8M,93,300,0.0636366605758667,0.09268951416015625,0.013871080380464806,0.030091851949691772,0.007137547581099524
Q4QW80,1.791061282157898,4.176246643066406,0.5225003430078007,0.4146165549755096,0.5935741734523691,1.731902,4.128751,0.53948677,0.427075,0.5659575,IDP-ESM2-8M,93,300,0.059159278869628906,0.04749584197998047,0.016986422853710548,0.012458443641662653,0.027616686822882985
Q4U2B4,1.831156134605408,4.397246837615967,0.5538641415844078,0.4392522573471069,0.5681926728465455,1.7377179,4.1564655,0.5534229,0.44118622,0.5668414,IDP-ESM2-8M,93,300,0.09343826770782493,0.24078130722045898,0.00044121372796246394,0.0019339621067047674,0.0013512493350403831
Q4W600,3.437840223312378,7.96630859375,0.4925032781466327,0.3836457729339599,0.6489659636758696,3.5927308,8.440581,0.5205941,0.40427855,0.60730845,IDP-ESM2-8M,93,300,0.1548905372619629,0.4742727279663086,0.02809084187900207,0.020632773637771662,0.04165751631487713
Q4Z9E7,2.258954763412476,5.503583908081055,0.592074766005025,0.4742708504199981,0.5588987154937829,2.0029268,4.744898,0.5544182,0.44581524,0.6002335,IDP-ESM2-8M,93,300,0.25602793693542525,0.7586860656738281,0.03765655979012017,0.02845561504364008,0.04133477974166022
Q4ZA14,2.036619186401367,4.812585830688477,0.5907440794711466,0.4809561967849731,0.5445606672291752,1.9143224,4.60149,0.5631349,0.45119232,0.5801622,IDP-ESM2-8M,93,300,0.12229681015014648,0.21109580993652344,0.02760917079499914,0.02976387739181513,0.0356015599246029
Q507B8,1.770772099494934,4.1414008140563965,0.5208953631071257,0.4089175462722778,0.5972473954684456,1.834306,4.284049,0.51581544,0.4133982,0.608579,IDP-ESM2-8M,93,300,0.06353390216827393,0.14264822006225586,0.005079926267068324,0.004480659961700495,0.011331584500579028
Q507D5,1.7962902784347534,4.355922698974609,0.535721000582395,0.409042090177536,0.5797243242758592,1.9165621,4.57733,0.54206663,0.42796162,0.56835616,IDP-ESM2-8M,93,300,0.12027180194854736,0.22140741348266602,0.006345633118929439,0.018919527530670166,0.011368167926677053
Q50G65,3.367163181304932,8.043872833251953,0.535652380256483,0.39740189909935,0.6361845211048864,3.416352,8.1406765,0.5408166,0.42074606,0.6112948,IDP-ESM2-8M,93,300,0.04918885231018022,0.09680366516113281,0.005164224834611986,0.02334415912628174,0.02488971510131588
Q50GB0,3.287896156311035,7.90878438949585,0.5317142769893488,0.4072995781898498,0.6373225314734245,2.9183218,6.8045917,0.5065278,0.40441087,0.67519915,IDP-ESM2-8M,93,300,0.36957430839538574,1.1041927337646484,0.02518649550283758,0.0028887093067168634,0.03787661956569899
Q50GB8,3.192777156829834,7.575701236724853,0.50171397909175,0.3969997465610504,0.6934000475109994,3.1228943,7.2912073,0.5074826,0.4025953,0.66893554,IDP-ESM2-8M,93,300,0.06988286972045898,0.28449392318725497,0.00576860919941824,0.005595564842224121,0.024464510172742537
Q50GC3,3.274209499359131,7.678116321563721,0.5117695424693331,0.4013072848320007,0.6859584268164738,3.0930846,7.2528896,0.51488286,0.40671378,0.6535541,IDP-ESM2-8M,93,300,0.18112492561340332,0.42522668838500977,0.0031133200985684617,0.0054064989089966375,0.032404344899664705
Q50GD5,3.254530668258667,7.45169734954834,0.4986200622540707,0.3992562890052795,0.7152558483666288,3.1192017,7.2956905,0.5109441,0.40612975,0.6685878,IDP-ESM2-8M,93,300,0.135329008102417,0.1560068130493164,0.01232406578242834,0.006873458623886164,0.0466680445259916
Q52PR2,1.5056509971618652,3.6966614723205566,0.5609932950284459,0.4485771954059601,0.5327075748953308,1.4167119,3.5059586,0.5718134,0.45307213,0.52598286,IDP-ESM2-8M,93,300,0.08893907070159912,0.1907029151916504,0.010820109531643252,0.0044949352741241455,0.006724718144842545
Q52PS8,1.6906216144561768,3.980822801589966,0.5666813327541476,0.4456633329391479,0.5350221725896418,1.7556584,4.319907,0.5733585,0.44946644,0.51330817,IDP-ESM2-8M,93,300,0.06503677368164062,0.3390843868255615,0.006677143407809227,0.003803104162216242,0.02171400513206123
Q52RQ4,1.937790274620056,4.641456127166748,0.5588535394677281,0.4537203907966614,0.5625960318149092,1.8072281,4.4321423,0.56656307,0.44036365,0.52555007,IDP-ESM2-8M,93,300,0.13056218624114968,0.20931386947631836,0.007709530352675964,0.01335674524307251,0.03704596439013508
Q52RR1,1.9106535911560056,4.558992862701416,0.5558089182324573,0.4336474537849426,0.5543568290284541,1.8325092,4.444309,0.55854404,0.43572322,0.5377326,IDP-ESM2-8M,93,300,0.07814443111419656,0.11468362808227539,0.0027351214938000634,0.002075761556625366,0.016624227862682583
Q52RR8,1.922695875167847,4.500558853149414,0.5614899517293291,0.4462836384773254,0.5478080560157466,1.7949047,4.323595,0.5505729,0.43199223,0.55270237,IDP-ESM2-8M,93,300,0.12779116630554221,0.17696380615234375,0.010917079567463905,0.014291405677795355,0.004894311290009057
Q52RS0,1.9491355419158936,4.677359580993652,0.5747393826912232,0.4536204636096954,0.5330402919972799,1.7607929,4.2485943,0.5533205,0.43375438,0.5426481,IDP-ESM2-8M,93,300,0.18834269046783447,0.42876529693603516,0.021418855614501964,0.0198660790920257,0.00960778501382853
Q52RS2,1.881052851676941,4.484784126281738,0.5614169784150459,0.4343199431896209,0.5360315897960279,1.7978997,4.364099,0.55920094,0.43717048,0.5353989,IDP-ESM2-8M,93,300,0.0831531286239624,0.12068510055541992,0.002216035898718993,0.0028505325317383368,0.0006326892871473255
Q52RT5,1.871092796325684,4.422913074493408,0.5573784649840978,0.4368373453617096,0.5609052953727147,1.6631174,4.0802994,0.57373965,0.44989204,0.5219004,IDP-ESM2-8M,93,300,0.20797538757324263,0.34261369705200195,0.01636118288119759,0.013054698705673218,0.03900487995218249
Q52RT9,1.889814138412476,4.58958911895752,0.5491913929964508,0.43941730260849,0.5649790318616803,1.7995934,4.396666,0.56415635,0.43942347,0.5330445,IDP-ESM2-8M,93,300,0.09022068977356001,0.19292306900024503,0.014964960477212519,6.16908073425293e-06,0.03193451482142762
Q52RW0,1.812930941581726,4.206143856048584,0.5435176737300802,0.4285955727100372,0.5732910519710286,1.7066721,4.096496,0.5497434,0.43493116,0.5629423,IDP-ESM2-8M,93,300,0.10625886917114258,0.10964775085449219,0.006225740195090701,0.006335586309433039,0.010348725902150413
Q52S07,1.8959167003631592,4.582540512084961,0.5887822708143304,0.4648681581020355,0.5242652307014415,1.7883093,4.367205,0.569517,0.44551894,0.5264476,IDP-ESM2-8M,93,300,0.10760736465454102,0.21533536911010742,0.019265254403502796,0.019349217414855957,0.002182363464360515
Q53AF0,1.691070556640625,4.047375202178955,0.5425262607576452,0.4376524984836578,0.5561097274955225,1.6218401,3.901133,0.545375,0.42906442,0.55628484,IDP-ESM2-8M,93,300,0.06923043727874756,0.1462421417236328,0.002848728751937313,0.008588075637817327,0.00017511737981323883
Q53AG3,1.7432904243469238,4.290468215942383,0.5671083078616688,0.4483213424682617,0.5346267316657032,1.8358511,4.4073133,0.5462655,0.4275119,0.5587735,IDP-ESM2-8M,93,300,0.09256064891815186,0.11684513092041016,0.020842824959141915,0.020809441804885864,0.024146785942939397
Q53CQ0,3.601811170578003,8.432254791259766,0.558784745890368,0.4396609961986542,0.5561325192655586,3.5144224,8.352132,0.55227107,0.43116114,0.5813363,IDP-ESM2-8M,93,300,0.08738875389099121,0.0801229476928711,0.0065136777942070845,0.008499860763549805,0.025203800181005098
Q53Z31,2.386525869369507,5.717702865600586,0.5503055334168976,0.4511687755584717,0.5714314273970346,2.3375716,5.4734344,0.5187331,0.4133602,0.61547834,IDP-ESM2-8M,93,300,0.04895424842834473,0.24426841735839844,0.03157244921508484,0.03780856728553772,0.04404690941403111
Q56BB1,1.9255621433258057,4.607244491577148,0.574841598073012,0.4804314374923706,0.5530186816256107,1.8310361,4.3996997,0.55503386,0.43970352,0.5719836,IDP-ESM2-8M,93,300,0.09452605247497559,0.20754480361938477,0.019807735482222255,0.04072791337966919,0.01896489419531211
Q56EV1,1.5824687480926514,3.902522087097168,0.5794208786674824,0.458648532629013,0.5430971666074247,1.4683694,3.5820262,0.58014685,0.466295,0.5262986,IDP-ESM2-8M,93,300,0.11409938335418701,0.3204958438873291,0.0007259704879436502,0.007646471261978205,0.01679858405356116
Q56II6,3.43570613861084,7.957768440246582,0.4766461445576819,0.365729421377182,0.7449452010647378,3.6749048,8.543279,0.51490265,0.4108905,0.6680088,IDP-ESM2-8M,93,300,0.2391986846923828,0.58551025390625,0.038256506752285147,0.04516106843948364,0.07693639674344877
Q58I31,1.909057021141052,4.520158290863037,0.5060169491379979,0.3924241662025451,0.5917032578401613,2.0592937,4.8606877,0.5210897,0.40875024,0.58505917,IDP-ESM2-8M,93,300,0.15023672580719016,0.3405294418334961,0.015072723904299479,0.0163260698318482,0.006644091885571468
Q58LM3,1.963769555091858,4.826760768890381,0.5818466534269655,0.4536454677581787,0.5462081343250069,1.7819908,4.346203,0.57584983,0.4568955,0.5445518,IDP-ESM2-8M,93,300,0.18177878856658936,0.480557918548584,0.0059968223226869455,0.003250032663345337,0.0016563445644173225
Q58MF1,2.728389978408813,6.609820365905762,0.513299325931817,0.4074171781539917,0.6092882542186635,2.5941057,6.136137,0.53056586,0.41762093,0.59670556,IDP-ESM2-8M,93,300,0.1342842578887935,0.47368335723876953,0.017266531955451025,0.010203748941421509,0.012582698302830986
Q58N36,3.023923873901367,7.4815144538879395,0.5979129825119193,0.4702690243721008,0.5171482085589441,2.6986785,6.431058,0.5419725,0.42168692,0.59063625,IDP-ESM2-8M,93,300,0.32524538040161133,1.0504565238952637,0.055940464544695145,0.04858210682868952,0.07348804479798954
Q58NB9,1.670888066291809,4.05571985244751,0.551736881070756,0.4350087344646454,0.5591677406251366,1.6403332,3.908458,0.54284686,0.43274546,0.57004166,IDP-ESM2-8M,93,300,0.030554890632629395,0.1472618579864502,0.008890022569321698,0.002263277769088745,0.010873915869003992
Q58P45,3.027907133102417,7.029421806335449,0.5200333078484709,0.4074864983558655,0.6381756773674263,3.0879016,7.309601,0.5310286,0.412409,0.6103325,IDP-ESM2-8M,93,300,0.05999445915222168,0.2801790237426758,0.010995320500833294,0.00492250919342041,0.027843188353754433
Q58P48,2.632598161697388,6.260942935943604,0.5095823054596049,0.3972707688808441,0.6581130008740196,2.8597355,6.791028,0.5432831,0.42350775,0.59358704,IDP-ESM2-8M,93,300,0.22713732719421342,0.5300850868225089,0.03370079943694049,0.02623698115348816,0.0645259599728355
Q596I4,3.390620946884156,8.107484817504883,0.5266184461183487,0.4159268140792846,0.658313416996167,3.249644,7.7271996,0.53542334,0.41697448,0.61621,IDP-ESM2-8M,93,300,0.1409769058227548,0.38028526306152344,0.008804892294889788,0.0010476708412170965,0.04210343317048337
Q596I6,3.1831717491149902,7.420410633087158,0.5134338824816745,0.3911129236221313,0.6791010640559649,3.1869206,7.610159,0.5425373,0.42183003,0.6052941,IDP-ESM2-8M,93,300,0.0037488937377929688,0.18974828720092773,0.029103389494796406,0.030717104673385676,0.07380695566515683
Q5BND6,2.681489944458008,6.375361442565918,0.5208798233511408,0.4034977853298187,0.6280427283314209,2.6740785,6.291483,0.52669376,0.41617262,0.62774765,IDP-ESM2-8M,93,300,0.007411479949951172,0.0838785171508789,0.0058139379975835626,0.012674838304519653,0.00029507341656498376
Q5DKQ8,3.4815316200256348,8.495621681213379,0.5203111558864492,0.4077857136726379,0.5980869327524613,3.8089976,8.971253,0.52244085,0.405652,0.6177647,IDP-ESM2-8M,93,300,0.3274660110473633,0.4756317138671875,0.002129694848261532,0.002133727073669378,0.019677778627543607
Q5DRF7,3.1011786460876465,7.349812030792236,0.5638078613758473,0.4554280936717987,0.5624222999065172,2.721177,6.4707003,0.53106487,0.41243583,0.59880453,IDP-ESM2-8M,93,300,0.3800015449523926,0.8791117668151855,0.03274299340251963,0.04299226403236389,0.03638223357508075
Q5EM22,2.6473076343536377,5.146146297454834,0.3787949931237921,0.2977191209793091,0.8492269379001071,3.9172034,9.06719,0.52347857,0.4162149,0.66238433,IDP-ESM2-8M,93,300,1.2698957920074463,3.921043872833252,0.14468357447645813,0.11849579215049744,0.18684260667375818
Q5EWN0,2.372111797332764,5.564791202545166,0.5174653941108573,0.4072464406490326,0.6127289051653629,2.3534417,5.5567226,0.5270073,0.41282323,0.59472364,IDP-ESM2-8M,93,300,0.0186700820922856,0.008068561553955078,0.009541887669385574,0.005576789379119873,0.01800526329295693
Q5EWN1,2.350292682647705,5.493396759033203,0.5192623385217512,0.4121113717556,0.5989575638882129,2.2602637,5.3184304,0.5241851,0.41213873,0.59523296,IDP-ESM2-8M,93,300,0.09002900123596191,0.17496633529663086,0.004922782537666537,2.7358531951904297e-05,0.003724600326201144
Q5FXX2,2.135232448577881,5.087587356567383,0.5319550332947838,0.4041355848312378,0.5890555206005135,2.0935044,4.9095383,0.52716917,0.41708726,0.59139013,IDP-ESM2-8M,93,300,0.04172801971435547,0.17804908752441406,0.004785865299330894,0.012951672077178955,0.002334612303539263
Q5G246,1.844038367271424,4.290697574615479,0.5270968001196521,0.4172975420951843,0.5756062689097131,1.9322729,4.619525,0.54195225,0.42335328,0.5548384,IDP-ESM2-8M,93,300,0.08823454380035334,0.3288273811340323,0.01485545226834839,0.006055742502212524,0.020767849949141826
Q5G5L6,1.943203091621399,4.590855598449707,0.5596193866011911,0.448403537273407,0.5567663527961635,1.8425643,4.411252,0.5519226,0.43536597,0.55932355,IDP-ESM2-8M,93,300,0.100638747215271,0.17960357666015625,0.007696767258387194,0.013037562370300293,0.0025571964744663944
Q5G5M1,1.968874216079712,4.723914623260498,0.5660294474329837,0.4391728341579437,0.5539828397940775,1.8334978,4.3625097,0.5486961,0.43560964,0.56517106,IDP-ESM2-8M,93,300,0.1353764533996582,0.3614048957824707,0.017333346721161158,0.0035631954669952393,0.011188223152242105
Q5G5N5,1.9003962278366089,4.633363723754883,0.569814429190495,0.4443201720714569,0.5341583323163613,1.8164016,4.3041635,0.54250026,0.4323795,0.5733525,IDP-ESM2-8M,93,300,0.08399462699890137,0.32920026779174805,0.027314171698429535,0.01194065809249878,0.03919418338111791
Q5G5P3,1.97840428352356,4.650103092193604,0.5625239556246402,0.4570887088775635,0.5618278312703927,1.8955263,4.5162797,0.54858834,0.43460408,0.56305104,IDP-ESM2-8M,93,300,0.08287799358367964,0.1338233947753915,0.01393562011057159,0.022484630346298218,0.0012232136705557783
Q5G5R6,1.9291778802871704,4.554812908172607,0.5670081806486211,0.4616166651248932,0.546965066947434,1.8074167,4.326696,0.554604,0.43943447,0.55585474,IDP-ESM2-8M,93,300,0.12176120281219482,0.2281169891357422,0.012404186755951452,0.022182196378707886,0.00888967081120251
Q5G5T2,1.9090951681137085,4.619722843170166,0.5575333464272344,0.4432799518108368,0.5568728578137901,1.8518273,4.4151115,0.54775524,0.43298584,0.5600952,IDP-ESM2-8M,93,300,0.05726790428161621,0.20461130142211914,0.009778105033191431,0.010294109582901001,0.0032223331881019446
Q5GQU4,1.990930438041687,4.9207305908203125,0.5863115188716447,0.4586424231529236,0.5331559415615533,1.9688797,4.8406353,0.58047765,0.45470285,0.5300833,IDP-ESM2-8M,93,300,0.02205073833465576,0.08009529113769531,0.0058338639377152335,0.003939568996429443,0.003072642878386822
Q5I4I5,2.333165645599365,5.813554763793945,0.5827171257793785,0.4472054243087768,0.525785882443046,2.2138124,5.295437,0.56509346,0.4466315,0.5505339,IDP-ESM2-8M,93,300,0.11935329437255815,0.5181179046630859,0.017623668080556487,0.0005739331245421808,0.024748008281136102
Q5J596,1.586781024932861,3.7878026962280273,0.5433292067698765,0.4198478758335113,0.5526633300824944,1.571081,3.7747414,0.545201,0.4323494,0.5602805,IDP-ESM2-8M,93,300,0.01569998264312722,0.013061285018920898,0.0018717967816066494,0.01250153779983526,0.007617171760004426
Q5J5A1,1.6183093786239624,3.870728731155396,0.5598052240133281,0.4474738240242004,0.5457356016938345,1.694037,4.1346054,0.5710105,0.4505371,0.51939327,IDP-ESM2-8M,93,300,0.07572758197784424,0.2638766765594478,0.011205246376991718,0.003063261508941706,0.026342336446489534
Q5J5A3,1.6228430271148682,4.055590629577637,0.5742607485828077,0.4457199871540069,0.5260964722278634,1.7750413,4.266356,0.5497795,0.43394083,0.5556211,IDP-ESM2-8M,93,300,0.15219831466674805,0.21076536178588867,0.024481273847547724,0.011779159307479803,0.029524615323253567
Q5J5A8,1.6273406744003296,3.965311527252197,0.5753303374289945,0.4579539000988006,0.5262613328454437,1.6868145,4.08757,0.5582971,0.43960357,0.5377194,IDP-ESM2-8M,93,300,0.05947387218475342,0.12225866317749068,0.01703323974604165,0.018350332975387518,0.011458095693832382
Q5L446,3.079512357711792,7.389398097991943,0.5502025972109325,0.4302594363689422,0.5825165996481488,3.1874194,7.482754,0.52364,0.4125719,0.6358417,IDP-ESM2-8M,93,300,0.10790705680847168,0.09335613250732422,0.02656262023263045,0.017687529325485174,0.053325127608626066
Q5MIE7,1.6132006645202637,3.73853063583374,0.5631658574357731,0.4774132072925567,0.5583856059469877,1.651289,4.002145,0.56596607,0.4552321,0.53114444,IDP-ESM2-8M,93,300,0.038088321685791016,0.26361417770385787,0.002800212262560664,0.022181093692779486,0.027241165772884934
Q5QF78,2.674216985702514,6.363349437713623,0.5986159234534261,0.4917669594287872,0.5506036075474252,2.3495202,5.621637,0.5657223,0.45665458,0.5813645,IDP-ESM2-8M,93,300,0.3246967792510982,0.7417125701904297,0.032893636752223676,0.03511238098144526,0.03076090489611727
Q5UNW3,4.750727653503418,10.825519561767578,0.4733757329004681,0.3930511474609375,0.7085240586471842,4.100629,9.470645,0.47979975,0.37891054,0.69094056,IDP-ESM2-8M,93,300,0.6500988006591797,1.354874610900879,0.006424014566572933,0.014140605926513672,0.01758349973681428
Q5UQA4,4.33373498916626,9.83464241027832,0.4334676728994714,0.3401858806610107,0.8214534479238712,4.769103,10.808363,0.4432728,0.36977074,0.8377272,IDP-ESM2-8M,93,300,0.43536806106567383,0.9737205505371094,0.009805126353992333,0.029584854841232355,0.016273741140154674
Q5UTC0,2.095011711120605,5.063046455383301,0.572212586244974,0.4465842843055725,0.5455680049015228,1.9768928,4.719059,0.5539851,0.43493754,0.5477726,IDP-ESM2-8M,93,300,0.11811888217925981,0.34398746490478516,0.018227467379007156,0.011646747589111328,0.0022045814441498113
Q5UTC9,1.93948757648468,4.609110832214356,0.55436503192451,0.4380765855312347,0.5580685138068514,1.9589515,4.6597767,0.5440513,0.42753816,0.56065047,IDP-ESM2-8M,93,300,0.01946389675140403,0.050665855407713956,0.010313742366099388,0.010538429021835272,0.0025819540657682216
Q5UTE2,2.0520169734954834,4.895995616912842,0.5711858635815489,0.4510903060436249,0.5421065260739021,1.9208257,4.557703,0.5430621,0.42801076,0.57281494,IDP-ESM2-8M,93,300,0.13119125366210938,0.33829259872436523,0.02812377270783062,0.02307954430580139,0.030708415332347916
Q5UTE6,2.042518138885498,4.796268939971924,0.5718468028922266,0.4683428704738617,0.543791245422011,1.963772,4.657067,0.5434588,0.4312436,0.5742108,IDP-ESM2-8M,93,300,0.07874608039855957,0.13920211791992188,0.028387983502883296,0.03709927201271057,0.030419577160233913
Q5Y0N1,2.994990825653076,6.953789234161377,0.5014362731002547,0.3956220149993896,0.6518465123652402,3.019646,7.1026154,0.5296831,0.41570035,0.61196095,IDP-ESM2-8M,93,300,0.02465510368347168,0.14882612228393555,0.028246839997889794,0.02007833123207098,0.03988556485165984
Q5YA80,1.7734417915344238,4.498310089111328,0.621895886042235,0.4908481538295746,0.48745846129994,1.8326118,4.6309557,0.6162506,0.48086408,0.48503354,IDP-ESM2-8M,93,300,0.05917000770568848,0.1326456069946289,0.005645311453459367,0.009984076023101807,0.0024249193821391235
Q5YF20,2.078660488128662,4.970014572143555,0.5538667915580849,0.4428366720676422,0.5489312051179402,2.0059762,4.797988,0.5393642,0.4205985,0.56624186,IDP-ESM2-8M,93,300,0.07268428802490234,0.1720266342163086,0.01450257284623191,0.022238165140151978,0.017310655271769226
Q5YFF2,4.111719131469727,9.930810928344728,0.5190465281903809,0.3912995755672455,0.5837778790026912,3.2514856,7.6665916,0.5184395,0.40282,0.5996265,IDP-ESM2-8M,93,300,0.8602335453033447,2.264219284057619,0.0006070564687317148,0.011520415544509888,0.015848602530359357
Q5ZQY2,1.4747421741485596,3.401342868804932,0.5299390706797388,0.4492720663547516,0.5762729007943391,1.4852481,3.5771365,0.5512532,0.43549362,0.5424979,IDP-ESM2-8M,93,300,0.010505914688110352,0.17579364776611284,0.021314128897592766,0.013778448104858398,0.03377502748806471
Q64921,2.875164747238159,7.01267147064209,0.6048038264603403,0.4732551872730255,0.522604144355625,2.6885397,6.4661202,0.55575454,0.4351345,0.55886585,IDP-ESM2-8M,93,300,0.18662500381469727,0.5465512275695801,0.04904928410957121,0.03812068700790405,0.03626170084777469
Q64989,1.684173583984375,4.020639419555664,0.5423732528756787,0.4313163459300995,0.5538529009982389,1.6327646,3.9444358,0.5541787,0.4370072,0.54234606,IDP-ESM2-8M,93,300,0.051409006118774414,0.07620358467102051,0.011805461876518542,0.005690842866897583,0.011506840722207423
Q65048,1.689738154411316,4.057070732116699,0.5434492436577397,0.4351734817028045,0.5790905451163194,1.7652159,4.215869,0.5484381,0.4343574,0.5598328,IDP-ESM2-8M,93,300,0.0754777193069458,0.1587982177734375,0.0049888285468501214,0.0008160769939422052,0.01925773376072859
Q65541,1.9880214929580688,4.698788642883301,0.5496835713689342,0.4298861622810364,0.5551222869033927,1.8409494,4.432638,0.55736804,0.43549252,0.5439958,IDP-ESM2-8M,93,300,0.14707207679748535,0.26615047454833984,0.007684468715904669,0.005606353282928467,0.011126489269267958
Q65548,2.351393461227417,5.127230167388916,0.2503448628642048,0.2604826092720032,1.2972379120640725,2.3764272,4.5525045,0.2891329,0.30169702,1.0955389,IDP-ESM2-8M,93,300,0.02503371238708496,0.5747256278991699,0.038788030221274916,0.04121440649032593,0.20169905746507344
Q66544,1.517062425613403,3.733175039291382,0.5764862557752297,0.453438937664032,0.5050724234030552,1.4939829,3.645196,0.56393415,0.4390166,0.5077394,IDP-ESM2-8M,93,300,0.023079514503478782,0.08797907829284668,0.012552108417289043,0.014422327280044556,0.0026670013024501227
Q66546,1.6301345825195312,3.8816328048706055,0.5228290663210228,0.4086508452892303,0.582835434451462,1.6849725,4.0901637,0.5673453,0.4491816,0.52597356,IDP-ESM2-8M,93,300,0.054837942123413086,0.20853090286254883,0.044516254857413506,0.04053074121475225,0.0568618760255587
Q66550,3.3490970134735107,7.985440731048584,0.5659242563325325,0.444598913192749,0.561692454592846,3.0105674,7.1222386,0.5385415,0.42394128,0.60642374,IDP-ESM2-8M,93,300,0.3385295867919922,0.8632020950317383,0.027382760532514205,0.020657628774642944,0.044731281025745306
Q66741,1.542862057685852,3.758380174636841,0.5860430094960672,0.4702078998088836,0.5410359624098086,1.4928678,3.567255,0.5444888,0.43789825,0.5726625,IDP-ESM2-8M,93,300,0.04999423027038574,0.19112515449523926,0.041554221845005235,0.03230965137481684,0.03162651031510599
Q67285,1.979526400566101,4.758676052093506,0.5258391117817188,0.410072922706604,0.576652651173825,1.8979182,4.4819803,0.5219571,0.40918377,0.5951733,IDP-ESM2-8M,93,300,0.08160817623138428,0.27669572830200195,0.0038820123440052035,0.0008891522884368896,0.018520648138766527
Q68556,1.7223049402236938,4.021061897277832,0.5415812725373584,0.4455942213535309,0.5934380261649732,1.628339,3.8825817,0.5377438,0.42784363,0.58096546,IDP-ESM2-8M,93,300,0.09396588802337646,0.13848018646240234,0.00383746569836918,0.017750591039657593,0.012472566818201969
Q68628,3.0889885425567627,7.31822395324707,0.5249352379951582,0.4005106985569,0.6119475441329844,3.3051732,7.6608,0.51478994,0.40967306,0.6494485,IDP-ESM2-8M,93,300,0.2161846160888672,0.3425760269165039,0.0101452990684614,0.009162366390228271,0.03750096985169582
Q68967,3.006296396255493,7.463990688323975,0.6006610303771988,0.449522465467453,0.5266830879703147,3.06787,7.4406915,0.5862305,0.45852923,0.5418809,IDP-ESM2-8M,93,300,0.06157350540161133,0.023299217224121094,0.014430513943482937,0.009006768465042114,0.015197817657889634
Q68UW8,1.4810948371887207,3.687974452972412,0.5804466513868974,0.4602592885494232,0.5266931263195685,1.4778289,3.541046,0.55320036,0.44013372,0.53986454,IDP-ESM2-8M,93,300,0.003265976905822754,0.1469285488128662,0.027246287274043435,0.02012556791305542,0.013171413780529106
Q69018,2.45841908454895,5.776176929473877,0.5867771816889973,0.49660325050354,0.5406871550254676,2.5262299,5.858833,0.5346684,0.43783197,0.62921077,IDP-ESM2-8M,93,300,0.0678107738494873,0.0826559066772461,0.05210879570648386,0.058771282434463445,0.08852361510468987
Q69073,1.9076553583145144,4.668782234191895,0.5428499093334153,0.4143781363964081,0.5619430720494419,1.9805534,4.7442975,0.54767597,0.43021333,0.5529353,IDP-ESM2-8M,93,300,0.07289803028106667,0.07551527023315341,0.00482605788307644,0.015835195779800415,0.009007769791904097
Q69092,1.826509952545166,4.050954818725586,0.4478915360000027,0.4042229056358337,0.6934729736799922,1.6891875,3.628379,0.43809366,0.37350598,0.75841886,IDP-ESM2-8M,93,300,0.13732242584228516,0.4225757122039795,0.009797873738039808,0.03071692585945124,0.06494588437130788
Q69144,2.380368709564209,5.531784534454346,0.5207934353517472,0.406330794095993,0.5757496634863409,2.5250273,5.955367,0.5198739,0.40876865,0.59260136,IDP-ESM2-8M,93,300,0.14465856552124023,0.4235825538635254,0.0009195182489334375,0.0024378597736359198,0.016851695404192513
Q69192,1.7641640901565552,3.959692478179932,0.4705283104221359,0.3855941295623779,0.6888459246612519,1.9286063,4.539248,0.5614463,0.46562377,0.5790224,IDP-ESM2-8M,93,300,0.16444218158721924,0.5795555114746089,0.09091799866752476,0.08002963662147528,0.10982351712951366
Q69220,2.1271238327026367,5.128854751586914,0.553272971938911,0.425658643245697,0.5573215989492718,2.2247076,5.30001,0.54466885,0.4242965,0.5688876,IDP-ESM2-8M,93,300,0.09758377075195312,0.17115545272827148,0.00860411865598254,0.001362144947052002,0.01156599241272771
Q69CH6,5.038883686065674,11.860620498657228,0.561501337960687,0.4370525479316711,0.6089887090318437,4.6439967,11.137102,0.5875525,0.4579221,0.56194353,IDP-ESM2-8M,93,300,0.39488697052001953,0.723518371582033,0.02605114988950219,0.0208695530891419,0.0470451779954667
Q69CK3,1.783225417137146,4.420551300048828,0.5743360179746464,0.4545329213142395,0.5350396751091998,1.6356302,3.914328,0.5416748,0.42891315,0.5673506,IDP-ESM2-8M,93,300,0.14759516716003418,0.506223201751709,0.03266122520807535,0.02561977505683899,0.03231095088262148
Q69CL1,1.7435808181762695,4.141992568969727,0.5308415502674033,0.4169617593288421,0.5940601916387585,1.8474334,4.4392676,0.5520668,0.43506357,0.5592655,IDP-ESM2-8M,93,300,0.10385262966156006,0.2972750663757324,0.021225252711112308,0.018101811408996638,0.0347946972921398
Q6DN18,2.2132582664489746,5.199740409851074,0.5477006421240416,0.4347025156021118,0.5696366600003273,2.333709,5.5818577,0.54852724,0.42620468,0.56835103,IDP-ESM2-8M,93,300,0.12045073509216309,0.38211727142333984,0.000826598629132258,0.008497834205627441,0.0012856296505958653
Q6GZR0,1.9490258693695068,4.488067150115967,0.532617193523242,0.3995068371295929,0.569717658293366,1.7280245,4.218733,0.5617816,0.43935004,0.5237613,IDP-ESM2-8M,93,300,0.22100138664245605,0.2693343162536621,0.029164391693280223,0.039843201637268066,0.045956385862946036
Q6I8V7,1.800296664237976,4.424015998840332,0.5357759264971679,0.4245689809322357,0.5808949125585071,2.0428407,4.848917,0.5330646,0.41867274,0.5841169,IDP-ESM2-8M,93,300,0.2425440549850464,0.42490100860595703,0.0027113226916258837,0.005896240472793579,0.0032219635668285784
Q6IWY9,2.51767635345459,6.207758903503418,0.5828818210016268,0.4499844312667846,0.5120610515632703,2.3946466,5.7734036,0.5859097,0.45850024,0.5042646,IDP-ESM2-8M,93,300,0.12302970886230469,0.4343552589416504,0.0030279032339078915,0.008515805006027277,0.00779645843888066
Q6J7X0,1.857953667640686,4.408538341522217,0.5791202187028482,0.4711844623088836,0.5511749001613139,1.7471459,4.1383,0.53140783,0.42542,0.6132144,IDP-ESM2-8M,93,300,0.11080777645111084,0.27023839950561523,0.04771238560348301,0.045764476060867254,0.06203947342724814
Q6JIB3,2.6602258682250977,6.050790786743164,0.4796848085455745,0.3803263008594513,0.6733125454316714,2.7833347,6.5378423,0.51792246,0.40406302,0.61036724,IDP-ESM2-8M,93,300,0.1231088638305664,0.48705148696899414,0.03823765248729294,0.02373671531677246,0.06294530691009548
Q6JKC4,3.165966987609864,7.5184326171875,0.6059432902485201,0.4827956259250641,0.5527129767126582,3.2290628,7.8396053,0.61076105,0.47714242,0.51742506,IDP-ESM2-8M,93,300,0.06309580802917392,0.32117271423339844,0.004817756161086817,0.005653202533721924,0.03528791644044138
Q6JPE0,3.357724905014038,7.8197197914123535,0.5807542374031861,0.464720606803894,0.5800176935145499,3.5371914,8.491515,0.593026,0.46514276,0.54809326,IDP-ESM2-8M,93,300,0.17946648597717285,0.6717953681945801,0.012271744976727228,0.0004221498966217596,0.031924434179985695
Q6L620,2.757244825363159,6.664008617401123,0.523056699116919,0.4107556641101837,0.6017711246002676,2.6609726,6.228842,0.5156889,0.4040143,0.6149446,IDP-ESM2-8M,93,300,0.09627223014831543,0.4351668357849121,0.00736780293771977,0.006741374731063843,0.013173452616834447
Q6L8S9,2.8970284461975098,6.647912502288818,0.5154727784286767,0.4167699515819549,0.6367964539390418,2.713106,6.387626,0.5471034,0.43000945,0.5802676,IDP-ESM2-8M,93,300,0.18392252922058105,0.2602863311767578,0.03163062657010263,0.013239502906799372,0.05652884577330086
Q6LAM5,2.7027411460876465,6.286890983581543,0.4904566274825103,0.3838620781898498,0.6577544478531998,2.6452856,6.1947827,0.5130292,0.40198728,0.6158203,IDP-ESM2-8M,93,300,0.05745553970336914,0.09210824966430664,0.02257259023752145,0.01812520623207098,0.04193415919505772
Q6PNN9,3.301457405090332,7.771319389343262,0.5272285344708778,0.4172213673591614,0.6109899148451664,3.5052922,8.165295,0.5302968,0.41832304,0.6182793,IDP-ESM2-8M,93,300,0.20383477210998535,0.39397525787353516,0.0030682680498741455,0.001101672649383545,0.007289363433184426
Q6PNP1,3.1800005435943604,7.277095794677734,0.5008537842810442,0.4007559716701507,0.6526496295778876,3.3976412,7.868991,0.51930636,0.41325775,0.63751596,IDP-ESM2-8M,93,300,0.21764063835144043,0.5918951034545898,0.01845257739421824,0.012501776218414362,0.015133667454016786
Q6Q435,1.559200882911682,3.618063449859619,0.5229466883833794,0.4287348985671997,0.6019639671037955,1.4998242,3.6347022,0.5646859,0.44958076,0.5423203,IDP-ESM2-8M,93,300,0.05937671661376931,0.016638755798339844,0.04173919275446847,0.020845860242843628,0.05964365603430699
Q6QDP2,2.5239388942718506,5.962162017822266,0.5087490460045316,0.391497254371643,0.6133863497081112,2.4857254,5.838733,0.5178704,0.4043741,0.6057736,IDP-ESM2-8M,93,300,0.038213491439819336,0.1234288215637207,0.00912138017344688,0.012876838445663508,0.007612721950085111
Q6QDP3,2.586484670639038,5.886585235595703,0.520029523501512,0.4002785384654999,0.6051007317797792,2.5389218,6.0048704,0.52708036,0.40993586,0.5867979,IDP-ESM2-8M,93,300,0.04756283760070801,0.1182851791381836,0.007050833573225557,0.009657323360443115,0.018302838732446425
Q6QK79,2.346021175384521,5.431090831756592,0.5072285410623789,0.3936605751514435,0.6414720254389623,2.2741678,5.3634186,0.5372806,0.42414868,0.5838314,IDP-ESM2-8M,93,300,0.07185339927673295,0.0676722526550293,0.030052078082060785,0.03048810362815857,0.057640595957455965
Q6QPN2,1.572451949119568,3.895301580429077,0.5655910876545672,0.4358919560909271,0.5305055309475735,1.5662864,3.7433746,0.5473569,0.43317932,0.54694706,IDP-ESM2-8M,93,300,0.006165504455566628,0.15192699432373047,0.018234184101558193,0.002712637186050415,0.01644153106795998
Q6QQZ8,2.4829463958740234,5.748477935791016,0.4969058638016938,0.3843698799610138,0.6304543723669916,2.5529218,6.036755,0.52484155,0.4078269,0.58794194,IDP-ESM2-8M,93,300,0.06997537612915039,0.28827714920043945,0.027935683210635276,0.02345702052116394,0.04251242776784003
Q6QX44,2.568654775619507,6.43458366394043,0.6347801533951675,0.4979723691940307,0.5136736272535618,2.5168037,6.3141704,0.6390766,0.49934864,0.4818906,IDP-ESM2-8M,93,300,0.05185103416442871,0.12041330337524414,0.004296437142857434,0.001376271247863825,0.03178303825476725
Q6QX45,2.533773422241211,6.354492664337158,0.6205349927440906,0.4819565117359161,0.5200781996924354,2.5281036,6.3343134,0.6403065,0.49934644,0.4721545,IDP-ESM2-8M,93,300,0.005669832229614258,0.020179271697998047,0.019771480034229683,0.01738992333412176,0.047923701592154644
Q6QXN6,2.395239353179932,5.903630256652832,0.6011871046676812,0.468485414981842,0.5224232408997775,2.354277,5.974247,0.65750295,0.5126376,0.41910574,IDP-ESM2-8M,93,300,0.040962457656860796,0.0706167221069336,0.05631584457014227,0.044152200222015436,0.10331750249836458
Q6RJI1,2.235136747360229,5.233375072479248,0.5163865267829736,0.4047879874706268,0.6098477360142788,2.4731045,5.8304954,0.5253488,0.4113129,0.60023624,IDP-ESM2-8M,93,300,0.2379677295684819,0.5971202850341797,0.008962255756394089,0.006524920463562067,0.00961149896517599
Q6SL65,2.190200090408325,5.558782577514648,0.6309597129208535,0.501046359539032,0.4993089016061801,2.0454042,5.0631895,0.5984645,0.47749308,0.54262435,IDP-ESM2-8M,93,300,0.14479589462280273,0.4955930709838867,0.032495223937699214,0.023553282022476196,0.043315452756307715
Q6SPV7,2.226480484008789,5.2870917320251465,0.5429238155304947,0.4252864122390747,0.5877573610834811,2.1381843,5.025714,0.5310055,0.4197596,0.5923452,IDP-ESM2-8M,93,300,0.08829617500305176,0.26137781143188477,0.011918313783363388,0.005526810884475708,0.004587817043807729
Q6SPW0,2.0580801963806152,4.791141986846924,0.5466770516348369,0.4296363890171051,0.5742025354220122,2.0291436,4.8050747,0.53964555,0.425521,0.57239294,IDP-ESM2-8M,93,300,0.02893662452697754,0.01393270492553711,0.007031498999644059,0.004115402698516846,0.001809594900771927
Q6SPW6,2.1695804595947266,5.043977737426758,0.552981511634642,0.4418242573738098,0.5749617561987144,2.0425386,4.830542,0.53976417,0.42693585,0.57478106,IDP-ESM2-8M,93,300,0.12704181671142578,0.21343564987182617,0.013217345756346144,0.014888405799865723,0.00018069597990333364
Q6TNN1,1.7524871826171875,4.130025863647461,0.5354443231394044,0.4314078390598297,0.5651487826603275,1.6513867,3.9869514,0.55738616,0.43904895,0.5315397,IDP-ESM2-8M,93,300,0.10110044479370117,0.14307451248168945,0.02194183675744621,0.007641106843948364,0.03360910408671913
Q6TVK4,4.831321716308594,11.716652870178224,0.567951928652845,0.4457817673683166,0.5856972130173522,4.3065023,10.247295,0.55176204,0.42645428,0.6147965,IDP-ESM2-8M,93,300,0.5248193740844727,1.4693574905395526,0.016189884223065998,0.01932749152183527,0.029099306262127755
Q6TVY4,5.090649604797363,12.006648063659668,0.5515950897568564,0.4325287640094757,0.6182798616392916,4.9397554,11.719234,0.5501111,0.42386547,0.6242769,IDP-ESM2-8M,93,300,0.1508941650390625,0.2874135971069336,0.001483974778066166,0.008663296699523926,0.005997014810293355
Q6U9S1,2.224593162536621,5.410158634185791,0.5529527049669645,0.439848780632019,0.5518755256940091,2.1019793,5.021574,0.54759663,0.42829832,0.5649771,IDP-ESM2-8M,93,300,0.12261390686035156,0.38858461380004883,0.005356071532668816,0.011550456285476629,0.013101583738211353
Q6UDH5,1.8780081272125244,4.508701324462891,0.532951634740791,0.4196270704269409,0.5893694041243354,1.7343357,3.9423833,0.49031547,0.40097427,0.66237175,IDP-ESM2-8M,93,300,0.14367246627807617,0.5663180351257324,0.04263616762157407,0.018652796745300293,0.07300235052196591
Q6UGK8,1.8157479763031008,4.310762882232666,0.5680889736619045,0.4455533623695373,0.5475632910459438,1.8654958,4.507264,0.5580065,0.44083458,0.55314326,IDP-ESM2-8M,93,300,0.049747824668884055,0.1965012550354004,0.010082448622231621,0.0047187805175780695,0.005579971817215368
Q6VB58,1.8730816841125488,4.578416347503662,0.5477194154774168,0.443918377161026,0.5479091729908592,1.8738289,4.442004,0.52597696,0.40853217,0.56629854,IDP-ESM2-8M,93,300,0.0007472038269042969,0.1364121437072754,0.021742459586761242,0.03538620471954346,0.018389371416031697
Q6VB60,2.4121968746185303,5.853138446807861,0.511619256989197,0.3932521939277649,0.6065718494934317,2.6612532,6.25925,0.54016113,0.4202614,0.56258047,IDP-ESM2-8M,93,300,0.24905633926391602,0.4061117172241211,0.02854187582330303,0.02700921893119812,0.0439913832229849
Q6VB61,2.809426784515381,6.420488357543945,0.5328678356452663,0.424326092004776,0.579144751471677,2.7918684,6.6032853,0.52882093,0.40769824,0.5871875,IDP-ESM2-8M,93,300,0.01755833625793457,0.18279695510864258,0.004046903733797791,0.016627848148345947,0.008042777138552504
Q6VB71,1.8711520433425903,4.421854972839356,0.5460729252914949,0.4247683584690094,0.5513532138201858,1.8625814,4.550522,0.57076395,0.44157904,0.5070702,IDP-ESM2-8M,93,300,0.008570671081542969,0.12866687774658114,0.024691020288033938,0.016810685396194458,0.044283030066218476
Q6VTP7,2.427150249481201,6.1994829177856445,0.6422298403023741,0.4917921721935272,0.5089587983221532,2.759302,7.107104,0.7131916,0.55729336,0.3794334,IDP-ESM2-8M,93,300,0.3321516513824463,0.907620906829834,0.07096178815374166,0.06550118327140808,0.12952540484375963
Q6VV29,1.4821395874023438,3.6686606407165527,0.5689100137955452,0.4463496804237366,0.5027204839610787,1.4257299,3.4303138,0.5536724,0.4379849,0.51764506,IDP-ESM2-8M,93,300,0.05640971660614014,0.23834681510925293,0.015237640500714855,0.008364766836166382,0.014924577055004051
Q6VV44,1.4814459085464478,3.5226593017578125,0.5478162520556156,0.4280592799186706,0.5338551378367681,1.4287876,3.4712574,0.5669754,0.44857585,0.50978756,IDP-ESM2-8M,93,300,0.0526583194732666,0.05140185356140137,0.019159162697344634,0.020516574382782038,0.024067578327490735
Q6VXF3,1.4885406494140625,3.6052749156951904,0.5694902353998433,0.4664764404296875,0.5332877162409555,1.5228567,3.691775,0.56197697,0.44467926,0.5327155,IDP-ESM2-8M,93,300,0.034316062927246094,0.08650016784667969,0.007513266157747389,0.02179718017578125,0.0005722168398629712
Q6VY62,2.266167402267456,5.458067417144775,0.6045407135740564,0.458480566740036,0.528631092746106,2.2331796,5.07629,0.527428,0.4472019,0.67337215,IDP-ESM2-8M,93,300,0.03298783302307129,0.381777286529541,0.07711274221098874,0.011278659105300903,0.14474105672136228
Q6VZE3,2.2628333568573,5.367588043212891,0.5735474799180568,0.4458824098110199,0.5405640290188174,2.373045,5.739317,0.56594634,0.43837,0.5496612,IDP-ESM2-8M,93,300,0.11021161079406738,0.37172889709472656,0.0076011393571436825,0.007512420415878296,0.009097190101208241
Q6VZT0,2.1766622066497803,5.27756404876709,0.5763559885012244,0.4528835415840149,0.5358563772608966,2.0409446,4.952883,0.5659214,0.4430664,0.55430984,IDP-ESM2-8M,93,300,0.13571763038635254,0.32468128204345703,0.010434562681827408,0.009817153215408325,0.018453467709806493
Q6WHL7,2.131894826889038,5.01432991027832,0.583176907324865,0.4664879739284515,0.541969412205483,2.009227,4.78051,0.5409217,0.43508866,0.60939837,IDP-ESM2-8M,93,300,0.12266778945922852,0.23381996154785156,0.04225521924503106,0.0313993096351623,0.06742895281526895
Q6WY30,2.5422840118408203,5.768303394317627,0.4862619945465924,0.3858581483364105,0.670012576619166,2.5223172,5.9588704,0.5289443,0.41263846,0.59487987,IDP-ESM2-8M,93,300,0.019966840744018555,0.1905670166015625,0.04268231897956115,0.026780307292938232,0.07513271097280372
Q6YH51,7.625787734985352,18.7159423828125,0.6321156198842125,0.508216381072998,0.5790772817628673,5.262347,12.82394,0.64028025,0.4987802,0.56549025,IDP-ESM2-8M,93,300,2.36344051361084,5.892002105712891,0.008164626850406642,0.009436190128326416,0.013587035943775527
Q6YH62,2.5880126953125,6.094988822937012,0.5375133538827445,0.4106459021568298,0.5653184882661517,2.579909,6.084519,0.53102916,0.4163368,0.58699113,IDP-ESM2-8M,93,300,0.008103609085083008,0.010469913482666016,0.006484189091637282,0.005690902471542414,0.02167264303954286
Q70EH9,2.355821132659912,5.54519510269165,0.530594773437522,0.4114401936531067,0.5822077049501029,2.3660831,5.5641866,0.5238762,0.41114932,0.59696394,IDP-ESM2-8M,93,300,0.010262012481689453,0.018991470336914062,0.006718583251975163,0.00029087066650390625,0.01475623710083096
Q70EI1,2.321039915084839,5.358846664428711,0.5191303398883007,0.3958155810832977,0.5964726299827592,2.4010541,5.6324434,0.5213397,0.4090079,0.5985133,IDP-ESM2-8M,93,300,0.08001422882080078,0.27359676361083984,0.00220937463882942,0.01319232583045965,0.002040675204466158
Q70EI2,2.2539639472961426,5.410141468048096,0.5195113829631799,0.3927766382694244,0.5782889734359291,2.4654953,5.794314,0.5229207,0.4099552,0.5970553,IDP-ESM2-8M,93,300,0.211531400680542,0.3841724395751953,0.0034093447666174725,0.017178565263748224,0.0187663425354454
Q70EI3,2.6619467735290527,6.418622970581055,0.5192946528571439,0.3966785371303558,0.6054465629399313,2.8206186,6.6063566,0.5259488,0.4103898,0.6064022,IDP-ESM2-8M,93,300,0.15867185592651367,0.18773365020751953,0.006654169641177599,0.013711273670196589,0.0009556554018961272
Q70EI6,2.851761817932129,6.854816436767578,0.5678599525869269,0.4428705871105194,0.5375035314599924,2.7724464,6.5465817,0.52938104,0.4128264,0.5929292,IDP-ESM2-8M,93,300,0.0793154239654541,0.30823469161987305,0.038478915828504046,0.030044198036193848,0.055425652976805684
Q70EI7,2.32140588760376,5.594510555267334,0.5378643384770447,0.4110851287841797,0.5595215755256523,2.3601415,5.591689,0.5292611,0.41155896,0.57858765,IDP-ESM2-8M,93,300,0.038735628128051314,0.0028214454650878906,0.008603226263909969,0.0004738271236419678,0.01906607572709429
Q70EJ0,3.09393310546875,7.579602241516113,0.5589844978283832,0.4465241134166717,0.5559381348266207,2.9866986,7.1488276,0.55466455,0.4304064,0.5514612,IDP-ESM2-8M,93,300,0.10723447799682617,0.4307746887207031,0.004319945616621745,0.01611772179603571,0.004476915039023033
Q70GQ7,1.885117650032044,4.377340793609619,0.5105930019536271,0.3985294997692108,0.6056012526017611,1.8904812,4.4281254,0.51765054,0.40718147,0.5913593,IDP-ESM2-8M,93,300,0.005363583564757857,0.05078458786010742,0.007057542689774987,0.008651971817016602,0.014241935299057262
Q70VJ7,2.302663326263428,5.342514514923096,0.5183224742408404,0.4136684536933899,0.6055087853133291,2.2726157,5.3608584,0.53496563,0.4196133,0.5792298,IDP-ESM2-8M,93,300,0.030047655105591264,0.01834392547607422,0.016643160105167865,0.00594484806060791,0.026279013222417213
Q70VK5,2.292358160018921,5.216641426086426,0.494888076291933,0.3944695293903351,0.6516541478406728,2.3542933,5.5121593,0.52343255,0.41352403,0.6037573,IDP-ESM2-8M,93,300,0.0619351863861084,0.2955179214477539,0.028544476522550655,0.019054502248764038,0.04789682600610856
Q70VN3,2.4672887325286865,5.889421463012695,0.5324669329903694,0.4111112356185913,0.584149001475763,2.3950014,5.6344523,0.5330455,0.4188095,0.58515424,IDP-ESM2-8M,93,300,0.07228732109069824,0.25496912002563477,0.0005785377241996903,0.007698267698287964,0.0010052338872436062
Q70VN5,2.3996682167053223,5.527461051940918,0.5004123326140942,0.3953085243701935,0.6395693945134394,2.3887901,5.595886,0.518162,0.40764573,0.6104042,IDP-ESM2-8M,93,300,0.01087808609008789,0.06842517852783203,0.01774967948612549,0.012337207794189453,0.029165201112102745
Q70VQ5,2.485011339187622,5.915930271148682,0.5369003488112964,0.4241958856582641,0.5833456402656271,2.3780403,5.583055,0.52867657,0.41558227,0.5947821,IDP-ESM2-8M,93,300,0.10697102546691895,0.33287525177001953,0.008223779349473936,0.008613616228103582,0.01143647376330359
Q70VR9,2.0981602668762207,4.91445255279541,0.4927962568798735,0.3719899654388428,0.6406132120961586,2.1988761,5.196557,0.5360336,0.42051873,0.57307315,IDP-ESM2-8M,93,300,0.10071587562561035,0.2821044921875,0.04323731388657548,0.0485287606716156,0.06754006336874163
Q70VT5,2.409777879714966,5.465031147003174,0.4959999667056536,0.3774673342704773,0.6527670609922136,2.3562605,5.5279555,0.5277558,0.4157784,0.5922075,IDP-ESM2-8M,93,300,0.05351734161376953,0.06292438507080078,0.03175583020367867,0.03831106424331665,0.06055956959435593
Q70VT7,2.2740671634674072,5.106021881103516,0.4975642276435819,0.3776080310344696,0.643136003288531,2.2541003,5.3024254,0.5306137,0.41807795,0.5906815,IDP-ESM2-8M,93,300,0.019966840744018555,0.19640350341796875,0.033049492773440825,0.04046991467475891,0.05245451000621293
Q716F8,1.868253231048584,4.514596462249756,0.5538504108787995,0.4206230640411377,0.5579507427009343,1.8751204,4.5502815,0.57588834,0.4550594,0.53214705,IDP-ESM2-8M,93,300,0.006867170333862305,0.035685062408447266,0.022037924826003974,0.03443634510040283,0.025803692797064626
Q719M9,2.175209045410156,4.980372905731201,0.4263329918517117,0.4028970003128052,0.8203185509330588,2.6648166,6.034922,0.52640676,0.4484011,0.6872455,IDP-ESM2-8M,93,300,0.48960757255554244,1.054549217224121,0.10007377313241916,0.045504093170166016,0.13307306276624975
Q71BY2,2.827131986618042,6.517589092254639,0.5431402815859638,0.4208239018917084,0.5770154896629915,2.9294727,6.9683576,0.54680586,0.42424393,0.5688883,IDP-ESM2-8M,93,300,0.1023406982421875,0.45076847076416016,0.0036655770260967113,0.003420025110244751,0.008127183045254727
Q73233,1.5014801025390625,3.525797843933105,0.5599472865398949,0.4527789056301117,0.5531192314869736,1.4916761,3.6072094,0.55706644,0.44657955,0.55037993,IDP-ESM2-8M,93,300,0.009804010391235352,0.08141160011291548,0.0028808459576195045,0.006199359893798828,0.002739299560246322
Q75QS2,2.6424920558929443,6.474318027496338,0.5336288139178198,0.4070957601070404,0.611532885341625,2.730585,6.4785028,0.53656775,0.4195601,0.60097873,IDP-ESM2-8M,93,300,0.08809304237365723,0.004184722900390625,0.0029389336751062256,0.012464344501495361,0.010554153232555152
Q75QS3,2.5629546642303467,6.194577217102051,0.5691473033195151,0.4357698857784271,0.5430770228967888,2.7009337,6.484071,0.55344445,0.428951,0.5710468,IDP-ESM2-8M,93,300,0.13797903060913086,0.2894935607910156,0.0157028581863059,0.006818890571594238,0.027969806326843982
Q75QT5,2.460181474685669,5.9583916664123535,0.5350244943186833,0.419938176870346,0.5982612422430772,2.4663599,5.8880377,0.5443066,0.4231289,0.5783787,IDP-ESM2-8M,93,300,0.006178379058837891,0.07035398483276367,0.009282081933300379,0.0031907260417938788,0.019882564874913133
Q75QT6,2.566524744033813,5.953392505645752,0.5173375478387128,0.404754102230072,0.6284503855189125,2.8661442,6.8431334,0.54590404,0.42285672,0.5858838,IDP-ESM2-8M,93,300,0.29961943626403853,0.8897409439086914,0.028566492497896112,0.01810261607170105,0.04256658930385515
Q75R01,2.159761905670166,5.133176326751709,0.5265404362437495,0.4101608395576477,0.5951435846280184,2.3865871,5.634015,0.5344026,0.4209261,0.5925239,IDP-ESM2-8M,93,300,0.22682523727416992,0.5008387565612793,0.007862172627710495,0.010765254497528076,0.002619711775692979
Q75ZR8,2.4880266189575195,5.727643966674805,0.5247707082225932,0.4127167463302612,0.5894172185201019,2.467371,5.8245735,0.5244095,0.40797788,0.59135973,IDP-ESM2-8M,93,300,0.02065563201904297,0.09692955017089844,0.00036123528024090135,0.004738867282867376,0.0019425160151154142
Q75ZS3,2.4018988609313965,5.670812606811523,0.5124885231467603,0.3882860541343689,0.590270970298648,2.4300559,5.776067,0.52915585,0.409998,0.57489747,IDP-ESM2-8M,93,300,0.02815699577331543,0.1052541732788086,0.016667327263701126,0.02171194553375244,0.015373502208590573
Q75ZS7,2.532591819763184,5.908428192138672,0.5433280234382212,0.4279199540615082,0.5621622136300314,2.4292173,5.7350283,0.5234197,0.40801233,0.5942822,IDP-ESM2-8M,93,300,0.10337448120117232,0.1733999252319336,0.019908345227009017,0.019907623529434204,0.03211999624316808
Q76745,1.6581584215164185,4.01824951171875,0.581560896221056,0.4698268175125122,0.5355136820125336,1.8254305,4.4546375,0.5832681,0.45882666,0.5139943,IDP-ESM2-8M,93,300,0.16727209091186523,0.4363880157470703,0.0017072097626781302,0.01100015640258789,0.021519405488943488
Q77369,1.948449730873108,4.620036602020264,0.529521056454016,0.4335610270500183,0.5834183942026043,1.9455786,4.5589643,0.5183436,0.41391972,0.6050748,IDP-ESM2-8M,93,300,0.0028711557388305664,0.061072349548339844,0.011177429001165695,0.01964130997657776,0.021656428700075114
Q778N1,2.5458643436431885,5.873696327209473,0.5144344004001222,0.401195079088211,0.6251007114576848,2.4522893,5.7757416,0.5302951,0.41541767,0.5903447,IDP-ESM2-8M,93,300,0.09357500076293945,0.09795475006103516,0.01586067358593124,0.014222592115402277,0.034755984418347596
Q77F13,3.3807973861694336,8.447208404541016,0.6566030759313287,0.5157067775726318,0.5160359649067825,3.1296172,7.954237,0.6656875,0.51971525,0.4680857,IDP-ESM2-8M,93,300,0.25118017196655273,0.49297142028808594,0.009084425499182758,0.004008471965789795,0.047950258672804225
Q77IW3,3.667006492614746,9.02072048187256,0.6358428979470659,0.4997164607048034,0.4943010894200745,3.5255518,8.67046,0.61584914,0.48241523,0.5188298,IDP-ESM2-8M,93,300,0.14145469665527344,0.35026073455810725,0.019993760640852565,0.017301231622695867,0.0245287331202087
Q77MY7,3.0946688652038574,7.360528469085693,0.5464783720974997,0.4180561006069183,0.5764968899324167,3.2114635,7.635778,0.5551239,0.4329998,0.57164454,IDP-ESM2-8M,93,300,0.11679458618164062,0.2752494812011719,0.00864555311154569,0.014943689107894953,0.0048523453309762266
Q78226,1.7475634813308716,4.084605693817139,0.5402136842218744,0.4447835683822632,0.5790782594906076,1.8069184,4.2415247,0.5203241,0.41522256,0.5957605,IDP-ESM2-8M,93,300,0.05935490131378174,0.15691900253295898,0.01988957323707219,0.029561012983322144,0.01668226478231105
Q78501,1.432838797569275,3.3875572681427,0.5176555660695416,0.4173686504364013,0.5884915015621666,1.5419066,3.6946282,0.56388307,0.45032465,0.5445835,IDP-ESM2-8M,93,300,0.10906779766082764,0.3070709705352783,0.04622750010782661,0.032956004142761286,0.043908002130556456
Q78643,2.123698234558105,4.968486785888672,0.519560616859659,0.4064994156360626,0.6145149815898475,2.1208184,4.9853477,0.5267154,0.41670763,0.59709436,IDP-ESM2-8M,93,300,0.0028798580169673293,0.0168609619140625,0.007154780975118791,0.010208219289779663,0.017420624576145127
Q78646,2.080897569656372,4.810916900634766,0.5024195005642319,0.3968080878257751,0.6305659569791668,2.1538875,5.0960174,0.5400476,0.42459047,0.57046366,IDP-ESM2-8M,93,300,0.07298994064331055,0.28510046005249023,0.03762808539997098,0.027782380580902155,0.06010229960001645
Q78648,2.1106977462768555,5.095232963562012,0.5420234915534131,0.420842707157135,0.5675764343471431,2.1821141,5.147548,0.534147,0.4210554,0.5819804,IDP-ESM2-8M,93,300,0.07141637802124023,0.05231523513793945,0.007876467398750031,0.00021269917488098145,0.014403972890863481
Q78649,2.1691126823425293,5.012169361114502,0.5280913977689979,0.4175859093666076,0.6047836943522646,2.211284,5.2008715,0.5290511,0.4181311,0.59583217,IDP-ESM2-8M,93,300,0.04217123985290527,0.18870210647583008,0.0009597272805931256,0.0005452036857605536,0.008951525296325924
Q78652,2.1944706439971924,5.236894607543945,0.539476438157419,0.4241620004177093,0.5841282303287124,2.2393823,5.3157873,0.54118776,0.42523947,0.5720158,IDP-ESM2-8M,93,300,0.04491162300109863,0.07889270782470703,0.0017113250566923588,0.0010774731636047918,0.012112408394966079
Q78653,2.158559560775757,5.019076347351074,0.5243930032449136,0.4316222369670868,0.60821983829007,2.2157576,5.2063055,0.52956414,0.41830763,0.59335005,IDP-ESM2-8M,93,300,0.05719804763793945,0.18722915649414062,0.0051711389822592935,0.013314604759216309,0.014869785456512852
Q79401,2.396623611450196,5.142545223236084,0.4507832064834728,0.3672207295894623,0.7358163752929183,2.5093474,5.7908683,0.49682173,0.3982563,0.65664417,IDP-ESM2-8M,93,300,0.11272382736205966,0.6483230590820312,0.046038524845491424,0.031035572290420532,0.07917220977701867
Q7LZ01,1.5330451726913452,3.666823148727417,0.5637863154905638,0.4815719723701477,0.5472100245629485,1.4799151,3.5897748,0.5719403,0.45833898,0.51760745,IDP-ESM2-8M,93,300,0.05313003063201904,0.07704830169677734,0.008153987358252124,0.023232996463775635,0.029602574077719046
Q7LZT9,1.5470428466796875,3.795819759368897,0.5955119864868412,0.4761957824230194,0.518813619784365,1.6290877,3.9655354,0.58066523,0.4714423,0.5305632,IDP-ESM2-8M,93,300,0.08204483985900879,0.1697156429290767,0.01484675573580363,0.004753470420837402,0.011749555893888153
Q7SPR3,1.9100348949432373,4.523359775543213,0.5052520253405037,0.3945952653884887,0.6236093196398329,1.9386547,4.572359,0.5273429,0.41570693,0.5830757,IDP-ESM2-8M,93,300,0.028619766235351562,0.04899930953979492,0.022090890194469415,0.021111667156219538,0.040533617449433734
Q7SPR5,1.960156202316284,4.494772434234619,0.5023203665903977,0.3936147391796112,0.6213776871591649,2.0328097,4.7903466,0.5292074,0.4154159,0.5797584,IDP-ESM2-8M,93,300,0.07265353202819846,0.2955741882324219,0.026887041837794445,0.0218011736869812,0.041619281473740055
Q7SPR7,1.8883764743804927,4.4770379066467285,0.520034285477614,0.4099671244621277,0.5952729871603116,1.8551109,4.407243,0.537938,0.42296597,0.5618537,IDP-ESM2-8M,93,300,0.033265590667724165,0.06979513168334961,0.01790371329405349,0.012998849153518677,0.03341928032361119
Q7SPR8,2.1069812774658203,5.0958333015441895,0.5769496289504831,0.4566007256507873,0.5283925182445,2.0228279,4.7944117,0.5438629,0.4299641,0.56869483,IDP-ESM2-8M,93,300,0.08415341377258301,0.3014216423034668,0.03308674967420744,0.026636630296707098,0.040302311696295945
Q7SPR9,1.9183484315872192,4.555088043212891,0.544595844849057,0.4196150302886963,0.5558446247107539,2.0022292,4.7252307,0.53228617,0.42052433,0.5762036,IDP-ESM2-8M,93,300,0.08388078212738037,0.17014265060424805,0.012309677704281596,0.0009092986583709717,0.0203589599602666
Q7SPS1,1.9963243007659912,4.672143936157227,0.5216286456068928,0.4147070348262787,0.6014572563643814,1.9659233,4.645462,0.5319064,0.41854125,0.57280785,IDP-ESM2-8M,93,300,0.030400991439819336,0.026681900024414062,0.010277780346018561,0.0038342177867889404,0.02864940791085968
Q7SPW1,2.4497461318969727,5.960259914398193,0.5608473608172888,0.4547930657863617,0.5919551175286492,2.2265728,5.239192,0.5353952,0.43583182,0.6294393,IDP-ESM2-8M,93,300,0.2231733798980713,0.7210679054260254,0.025452155796384268,0.01896125078201294,0.03748417680957716
Q7T5C0,3.656704902648926,8.52889633178711,0.5347582554206761,0.4145699441432953,0.6139040461862924,3.571795,8.324731,0.50927544,0.4099049,0.68587846,IDP-ESM2-8M,93,300,0.08490991592407227,0.20416545867919922,0.025482819019308933,0.00466504693031311,0.07197440945259315
Q7T5F8,3.0711727142333984,7.78337287902832,0.627970382345678,0.4871960580348968,0.5223973298220306,3.0519314,7.7550573,0.70139563,0.54112744,0.38644093,IDP-ESM2-8M,93,300,0.0192413330078125,0.02831554412841797,0.07342524849080878,0.05393138527870184,0.13595639707132867
Q7T5M5,2.4955034255981445,5.494396209716797,0.3839457731754742,0.3228391408920288,0.8370445700158922,3.1558447,7.3004017,0.5052468,0.39630666,0.64529914,IDP-ESM2-8M,93,300,0.6603412628173828,1.8060054779052734,0.12130104489016913,0.07346752285957336,0.1917454333772508
Q7T9U3,2.4542911052703857,6.0826568603515625,0.6293675062559412,0.4977986812591553,0.5225445446835012,2.7035875,6.8491244,0.6820351,0.5312646,0.4009045,IDP-ESM2-8M,93,300,0.2492964267730713,0.7664675712585449,0.05266758228318236,0.0334659218788147,0.12164003823857017
Q7TB66,2.3691372871398926,5.377172946929932,0.5395942958719646,0.4307235479354858,0.5901781861515263,2.3114448,5.513565,0.5446099,0.42688566,0.5777523,IDP-ESM2-8M,93,300,0.057692527770996094,0.13639211654663086,0.005015608417280992,0.0038378834724425714,0.012425893995306803
Q7TDE5,1.7333195209503174,4.353796482086182,0.6113512801752257,0.4941945672035217,0.5164321738951063,1.7052295,4.145955,0.5636769,0.45531672,0.57446384,IDP-ESM2-8M,93,300,0.02809000015258789,0.2078413963317871,0.047674386464135576,0.038877844810485784,0.05803167040421009
Q7TDG1,2.3886754512786865,5.75335693359375,0.5206160563304928,0.3939337134361267,0.5934962681562423,2.4305599,5.697663,0.5149332,0.40390438,0.6162014,IDP-ESM2-8M,93,300,0.041884422302246094,0.0556941032409668,0.005682827837755977,0.009970664978027344,0.02270513260059359
Q7TDL0,1.9173527956008911,4.859522819519043,0.6240231468728997,0.4977381825447082,0.4841676540551825,1.9271425,4.7212815,0.5936415,0.46998262,0.506084,IDP-ESM2-8M,93,300,0.009789705276489258,0.13824129104614258,0.030381627326390936,0.02775555849075312,0.021916370850975975
Q7TDN1,1.6362494230270386,3.850534915924072,0.5299250172660647,0.428641140460968,0.572077918145949,1.5649816,3.5106494,0.47698095,0.39416972,0.6827103,IDP-ESM2-8M,93,300,0.07126784324645996,0.33988547325134233,0.05294406285741904,0.03447142243385315,0.11063237180919017
Q7TFN9,4.880969047546387,11.369010925292969,0.554268561024899,0.4442249834537506,0.5856639481475511,4.5968266,10.902526,0.55265456,0.42960316,0.5903032,IDP-ESM2-8M,93,300,0.28414249420166016,0.46648502349853516,0.0016139966442532128,0.014621824026107788,0.004639234454377639
Q7TG50,1.7014172077178955,4.1719512939453125,0.5496339750988095,0.425939530134201,0.5410429569232824,1.6198788,3.8861094,0.54298097,0.42643234,0.5517966,IDP-ESM2-8M,93,300,0.08153843879699707,0.2858419418334961,0.006653006146630558,0.0004928112030029852,0.010753658200466365
Q7THH5,1.4540058374404907,3.503345251083374,0.5569073745573324,0.4494409263134002,0.5494116774998705,1.5483596,3.7427673,0.5584404,0.44170192,0.53684986,IDP-ESM2-8M,93,300,0.09435379505157471,0.23942208290100098,0.001533012691660507,0.007739007472991888,0.012561821123222572
Q7THI5,1.48261296749115,3.616211891174317,0.57294265337209,0.4581224918365478,0.5371376927236644,1.5693113,3.7843757,0.55413467,0.4367777,0.5424906,IDP-ESM2-8M,93,300,0.08669829368591309,0.16816377639770463,0.018807986452381797,0.02134478092193598,0.00535290881594741
Q7ZGU1,1.4521270990371704,3.492051601409912,0.5593169018021089,0.4408859610557556,0.5347813719903282,1.3595003,3.2437463,0.54409003,0.43366155,0.5561058,IDP-ESM2-8M,93,300,0.09262681007385254,0.2483053207397461,0.015226869224594264,0.007224410772323608,0.021324420532102262
Q7ZGU2,1.5658341646194458,3.73117733001709,0.5779041933335678,0.4564363062381744,0.5301635240738464,1.5367032,3.7706604,0.5898982,0.46790686,0.5023256,IDP-ESM2-8M,93,300,0.029130935668945312,0.039483070373535156,0.011994035311756912,0.011470556259155329,0.027837929648644955
Q7ZPK4,2.3981199264526367,5.700529098510742,0.5319517099117719,0.421432614326477,0.589228546356012,2.302448,5.4259624,0.53151083,0.41723618,0.58526075,IDP-ESM2-8M,93,300,0.0956718921661377,0.274566650390625,0.00044087998623476565,0.004196435213088934,0.003967797492791747
Q80553,1.7137463092803955,4.201963901519775,0.5982737810013307,0.47857666015625,0.5200513242426715,1.864814,4.561255,0.58872485,0.4636099,0.50947905,IDP-ESM2-8M,93,300,0.15106773376464844,0.35929107666015625,0.009548929393054295,0.014966756105422974,0.01057227837475161
Q80889,3.4149770736694336,8.174263954162598,0.6236501145731087,0.5028846263885498,0.5183571833856448,3.3976984,7.8269496,0.529,0.437724,0.6759688,IDP-ESM2-8M,93,300,0.017278671264648438,0.34731435775756836,0.09465013030873493,0.06516063213348389,0.1576116424314633
Q80893,1.7983245849609375,3.2865655422210693,0.200000000000091,0.2627063989639282,1.354774015541492,1.6645434,3.3140967,0.38529822,0.3518403,0.8761288,IDP-ESM2-8M,93,300,0.13378119468688965,0.027531147003173828,0.1852982223032995,0.08913388848304749,0.47864522277873567
Q80GM7,2.492915153503418,5.524935245513916,0.4386175499194171,0.3680287301540375,0.7923046377226635,2.6729126,6.0576606,0.48913124,0.40119866,0.69126505,IDP-ESM2-8M,93,300,0.17999744415283203,0.5327253341674805,0.050513692117402365,0.03316992521286011,0.10103959112613636
Q80LM0,3.323080778121948,8.322453498840332,0.6511503255709034,0.5067724585533142,0.5175615263206669,3.2826726,8.301378,0.69377196,0.5423891,0.43238112,IDP-ESM2-8M,93,300,0.040408134460448775,0.02107524871826172,0.0426216327802319,0.03561663627624512,0.08518040301629981
Q80RB4,2.745504140853882,6.6601996421813965,0.546535296258748,0.4142135977745056,0.5872087538963255,2.6365807,6.207349,0.52692974,0.41541597,0.62308323,IDP-ESM2-8M,93,300,0.10892343521118164,0.4528508186340332,0.019605560121357835,0.0012023746967315674,0.03587447993698745
Q81837,2.720111131668091,6.46945333480835,0.5237188445385041,0.3910209536552429,0.5810753080998956,2.763929,6.5115724,0.5238988,0.40656695,0.5940621,IDP-ESM2-8M,93,300,0.043817758560180664,0.04211902618408203,0.00017993580741260118,0.01554599404335022,0.012986781820148341
Q81839,2.563885450363159,6.272543430328369,0.5573656580854802,0.4260256290435791,0.5420354551421622,2.2797847,5.384075,0.5251513,0.40967262,0.58898574,IDP-ESM2-8M,93,300,0.2841007709503174,0.8884682655334473,0.03221434573425341,0.01635301113128662,0.046950285996296026
Q81846,2.670112371444702,6.252901077270508,0.5239817062705606,0.4143131971359253,0.590223243285406,2.6054127,6.1492176,0.52327263,0.40762946,0.5965819,IDP-ESM2-8M,93,300,0.06469964981079102,0.1036834716796875,0.0007090727180093515,0.00668373703956604,0.006358632992517599
Q81859,1.9317784309387207,4.599309921264648,0.5280201367436809,0.4189005196094513,0.5701419717714045,1.7345889,4.145378,0.5417303,0.42477015,0.54983664,IDP-ESM2-8M,93,300,0.1971895694732666,0.4539318084716797,0.013710147947176066,0.005869626998901367,0.020305336181804856
Q82401,1.9222283363342283,4.739623546600342,0.5763608021849388,0.4536595642566681,0.5360501265034623,1.8216125,4.3336773,0.5531306,0.4434071,0.56057894,IDP-ESM2-8M,93,300,0.10061585903167702,0.4059462547302246,0.023230175506471995,0.01025247573852539,0.024528815795426873
Q82615,2.164490461349488,5.122978687286377,0.5494320709800181,0.4410269856452942,0.5692763138107034,2.3500476,5.672537,0.5615526,0.43790472,0.5472645,IDP-ESM2-8M,93,300,0.18555712699890048,0.549558162689209,0.01212051319127705,0.003122270107269287,0.02201179745709625
Q83112,2.392352819442749,5.103780269622803,0.3611031769683517,0.330363929271698,0.9561934813561972,2.8286788,6.2979417,0.45606366,0.38360694,0.74859804,IDP-ESM2-8M,93,300,0.4363260269165039,1.1941614151000977,0.094960481030687,0.053243011236190796,0.20759544220595916
Q83190,1.8834969997406008,4.429849147796631,0.5379781446107447,0.4351509809494018,0.5741703306427837,1.7639463,4.0826483,0.51051986,0.41106278,0.625259,IDP-ESM2-8M,93,300,0.11955070495605491,0.347200870513916,0.027458282435756876,0.024088203907012884,0.051088651538765406
Q83502,2.397306442260742,5.607025146484375,0.520110734415991,0.4006737768650055,0.6136954715555819,2.484774,5.9072003,0.5374584,0.41599035,0.57544076,IDP-ESM2-8M,93,300,0.08746767044067383,0.30017518997192383,0.017347685383813705,0.015316575765609741,0.03825470712839685
Q83508,2.2988710403442383,5.411927700042725,0.5037086362383044,0.3897594511508941,0.6220600748311491,2.4813612,5.872724,0.52645093,0.40801504,0.5905374,IDP-ESM2-8M,93,300,0.18249011039733887,0.4607963562011719,0.022742295787605005,0.018255591392517145,0.031522645975253116
Q84108,1.4590131044387815,3.361375093460083,0.5278497169816767,0.4354081749916076,0.5836622837305008,1.5492231,3.7068968,0.54425764,0.43197763,0.5644192,IDP-ESM2-8M,93,300,0.09020996093750022,0.3455216884613037,0.016407923856946338,0.003430545330047552,0.019243073773377972
Q84187,3.2611629962921143,7.768310546875,0.54599107633604,0.4107116460800171,0.5724787765218703,3.4674976,8.265932,0.5467119,0.4217948,0.5871728,IDP-ESM2-8M,93,300,0.20633459091186523,0.4976215362548828,0.0007208453558544825,0.011083155870437622,0.014694029741099679
Q84188,3.423928737640381,8.379977226257324,0.5525290895151528,0.418587327003479,0.5810060983689574,3.556603,8.413255,0.53643346,0.4172491,0.60001725,IDP-ESM2-8M,93,300,0.1326742172241211,0.03327751159667969,0.016095631186905712,0.0013382136821746826,0.01901115121524055
Q84265,1.741618037223816,4.50089693069458,0.6703383134955925,0.5458109378814697,0.4690711333705641,1.7769735,4.6498365,0.6743008,0.53575176,0.41602916,IDP-ESM2-8M,93,300,0.035355448722839355,0.1489396095275879,0.003962476337476373,0.010059177875518799,0.053041978116200095
Q84494,2.572489023208618,6.387801647186279,0.5931132564203642,0.4705844223499298,0.5545669442800484,2.3715413,5.7509694,0.5865925,0.46541038,0.54942197,IDP-ESM2-8M,93,300,0.20094776153564453,0.6368322372436523,0.006520760978927398,0.005174040794372559,0.005144978204151163
Q84648,2.4967470169067383,5.479185104370117,0.4759785271694987,0.4146125912666321,0.7402881463493189,2.4833162,5.7311563,0.520813,0.4324285,0.67302555,IDP-ESM2-8M,93,300,0.01343083381652832,0.2519712448120117,0.04483446111175132,0.01781591773033142,0.06726259789121958
Q85298,2.249887704849243,5.341081619262695,0.544787667683878,0.4186136722564697,0.5417529463321783,2.184874,5.203144,0.5260533,0.40915906,0.56822264,IDP-ESM2-8M,93,300,0.06501364707946777,0.1379375457763672,0.018734358243265192,0.009454607963562012,0.026469695612706956
Q85305,3.595428228378296,8.484302520751953,0.5319483712315572,0.416199654340744,0.5913633442930464,3.3560934,7.8401127,0.51809084,0.40607205,0.64032054,IDP-ESM2-8M,93,300,0.2393348217010498,0.6441898345947266,0.013857527077199339,0.010127604007720947,0.04895719518144093
Q85470,2.320916175842285,5.247596263885498,0.5225705062037301,0.4097594320774078,0.638301983444146,2.3878956,5.704553,0.5582757,0.4424782,0.569089,IDP-ESM2-8M,93,300,0.06697940826416016,0.4569568634033203,0.03570519341174838,0.03271877765655523,0.06921298798745046
Q85513,1.9186391830444336,4.5412797927856445,0.5186136275930107,0.4037245810031891,0.5827461071277175,1.8109074,4.3501463,0.5488912,0.4331914,0.542485,IDP-ESM2-8M,93,300,0.10773181915283203,0.1911334991455078,0.0302775591211617,0.02946680784225464,0.04026110842471453
Q85653,2.460242509841919,5.665365219116211,0.5269444257799695,0.4299114942550659,0.6018650846072386,2.5652003,6.1110954,0.55013186,0.43072838,0.57088876,IDP-ESM2-8M,93,300,0.10495781898498535,0.44573020935058594,0.023187431615202647,0.0008168816566467285,0.030976326901550166
Q856E0,2.5107522010803223,5.985710620880127,0.5398735728083618,0.4267899990081787,0.5799086531861145,2.4531496,5.8091574,0.5244589,0.40748146,0.5919153,IDP-ESM2-8M,93,300,0.057602643966674805,0.17655324935913086,0.015414687615490696,0.019308537244796753,0.012006656243054192
Q856H1,2.9755518436431885,7.075161933898926,0.5047332009780509,0.3912968933582306,0.636397512539393,2.7956688,6.5490394,0.5122113,0.40081206,0.6273962,IDP-ESM2-8M,93,300,0.17988300323486328,0.5261225700378418,0.007478121806372973,0.009515166282653809,0.009001286610132775
Q857F1,1.9210010766983032,4.587823867797852,0.5581589309151658,0.4325602650642395,0.5665460885507588,2.0537035,4.904766,0.5342071,0.4263876,0.60233116,IDP-ESM2-8M,93,300,0.13270246982574463,0.3169422149658203,0.023951825278569094,0.006172657012939453,0.03578507294826461
Q858H2,2.282207727432251,5.41999626159668,0.5586239198376635,0.4262523949146271,0.5379269910422761,2.2429013,5.3251486,0.5349924,0.41759482,0.5771942,IDP-ESM2-8M,93,300,0.0393064022064209,0.0948476791381836,0.023631523006151012,0.008657574653625488,0.03926722282491135
Q858N3,1.8906370401382449,4.4582200050354,0.5756092254625945,0.4770297110080719,0.5496359362651372,1.8838099,4.5600877,0.56972855,0.45279568,0.5558075,IDP-ESM2-8M,93,300,0.006827116012573464,0.10186767578125,0.005880672167459022,0.024234026670455933,0.006171535010192408
Q859F3,2.6895828247070312,6.125270843505859,0.5069052154338735,0.4151010811328888,0.6501886021397856,2.5996625,6.144376,0.5376482,0.42248094,0.59822506,IDP-ESM2-8M,93,300,0.0899202823638916,0.019104957580566406,0.030742985554896074,0.007379859685897827,0.051963545014694024
Q859H4,1.7479798793792725,3.901116132736206,0.5046919322653342,0.4130675792694092,0.6095238536503963,1.8586471,4.401148,0.52407295,0.4187577,0.60166687,IDP-ESM2-8M,93,300,0.11066722869873047,0.5000317096710205,0.019381012852616286,0.005690127611160278,0.007856985917394588
Q859K4,2.139589548110962,5.095790863037109,0.5324931901837582,0.4233754873275757,0.5877473608680914,2.0396233,4.8531637,0.53552073,0.4206955,0.58328027,IDP-ESM2-8M,93,300,0.09996628761291504,0.24262714385986328,0.003027542219043333,0.002679973840713501,0.004467095536823118
Q86596,1.8003453016281128,4.260376453399658,0.5298631384516079,0.4067270159721374,0.6079332523333076,1.852715,4.466166,0.57958686,0.46387485,0.53449345,IDP-ESM2-8M,93,300,0.05236971378326416,0.20578956604003906,0.0497237250661533,0.05714783072471624,0.07343980598320998
Q86686,3.3177645206451416,7.903187274932861,0.5529925833542977,0.4389479160308838,0.5808624434927788,3.4963484,8.364189,0.5576633,0.43621206,0.57598025,IDP-ESM2-8M,93,300,0.17858386039733887,0.4610018730163574,0.004670738140758468,0.0027358531951904297,0.004882197425731705
Q86818,1.4977755546569824,3.656509399414064,0.5776950775017395,0.4794996678829193,0.5356841145212334,1.6384296,4.0129175,0.5734376,0.45089012,0.51925296,IDP-ESM2-8M,93,300,0.1406540870666504,0.3564081192016588,0.00425750597616581,0.028609544038772583,0.016431158607689733
Q86965,2.3767404556274414,5.697170257568359,0.5874075593820827,0.473581463098526,0.5538906048389759,2.3531785,5.698508,0.5744378,0.45044383,0.5537555,IDP-ESM2-8M,93,300,0.023561954498291016,0.0013375282287597656,0.012969762312533106,0.02313762903213501,0.00013508306468390519
Q87071,1.9300329685211184,4.5492448806762695,0.5529636976186079,0.4347207248210907,0.5640913484517577,2.0795193,5.0608234,0.5689781,0.44215405,0.52812916,IDP-ESM2-8M,93,300,0.14948630332946755,0.5115785598754883,0.01601437359416069,0.0074333250522613525,0.03596218804755236
Q87072,2.3980021476745605,5.531856536865234,0.5294993113765155,0.418447345495224,0.5741940622826655,2.3891098,5.6776757,0.5391209,0.41835278,0.5570339,IDP-ESM2-8M,93,300,0.008892297744750977,0.14581918716430664,0.00962160117536437,9.456276893615723e-05,0.017160165836437424
Q87076,3.628800630569458,8.47520637512207,0.6096934160500829,0.5410665273666382,0.5955873804125082,4.070539,9.412128,0.60597813,0.5172332,0.65083456,IDP-ESM2-8M,93,300,0.4417383670806885,0.9369220733642578,0.003715284755832382,0.02383333444595337,0.05524717998177886
Q87171,1.7615207433700562,4.0701584815979,0.5084540955671271,0.403980940580368,0.6090801043681686,1.8142806,4.3031907,0.53836316,0.42606938,0.558336,IDP-ESM2-8M,93,300,0.05275988578796387,0.2330322265625,0.02990906313572328,0.022088438272476252,0.05074408485217741
Q87172,1.950356125831604,4.79671049118042,0.5783714639627009,0.4546916484832763,0.5276179899237,1.9078759,4.5819464,0.54923177,0.43038908,0.5486984,IDP-ESM2-8M,93,300,0.0424802303314209,0.21476411819458008,0.029139696308281948,0.024302572011947576,0.021080435369268735
Q87175,1.8540027141571045,4.393003940582275,0.5421426549367474,0.4340665936470032,0.5660274460990297,1.9557928,4.73746,0.5522876,0.427816,0.5389928,IDP-ESM2-8M,93,300,0.10179007053375244,0.34445619583129883,0.010144923646016268,0.006250590085983276,0.027034623928772095
Q87177,1.872903108596801,4.371850490570068,0.528775647413425,0.411293625831604,0.5962724661903556,1.9075553,4.5859365,0.5438898,0.4247035,0.55803704,IDP-ESM2-8M,93,300,0.03465223312377996,0.21408605575561523,0.015114173162289135,0.01340988278388977,0.038235423572557714
Q87184,1.902071833610535,4.5231218338012695,0.5420952274394071,0.4097877144813537,0.5684440019266114,2.0011218,4.780045,0.5453051,0.42727175,0.5595034,IDP-ESM2-8M,93,300,0.09904992580413796,0.25692319869995117,0.003209845821853907,0.0174840390682221,0.008940625442694139
Q87189,1.956425189971924,4.654123783111572,0.5355256962657466,0.4194363355636596,0.582831825721357,1.958368,4.73453,0.5535409,0.429884,0.54628116,IDP-ESM2-8M,93,300,0.00194275379180886,0.08040618896484375,0.018015189182709168,0.010447651147842463,0.03655066679725427
Q87190,2.0073046684265137,4.956146717071533,0.5847326474788029,0.4584583640098572,0.5198819626674647,1.9844233,4.7859774,0.5503694,0.4282595,0.55160403,IDP-ESM2-8M,93,300,0.022881388664245605,0.17016935348510742,0.034363265574200885,0.030198872089385986,0.03172206984901482
Q87209,1.9145822525024407,4.631929874420166,0.5729790571410225,0.4629133939743042,0.532499674672776,1.7914507,4.3448925,0.55963284,0.43762666,0.5341699,IDP-ESM2-8M,93,300,0.12313151359558039,0.28703737258911133,0.0133462193686531,0.025286734104156494,0.0016702376654808004
Q87272,1.814909100532532,4.337131023406982,0.5693061195210728,0.4541634619235992,0.5380431733843422,1.7850122,4.326704,0.55588245,0.43394285,0.5435339,IDP-ESM2-8M,93,300,0.029896855354309304,0.010426998138427734,0.013423665602615764,0.020220607519149725,0.005490747857418099
Q87273,1.9393670558929443,4.636259078979492,0.5546040218859428,0.424152135848999,0.5515844872239252,1.9942017,4.8474793,0.5576264,0.4315761,0.53804165,IDP-ESM2-8M,93,300,0.054834604263305664,0.21122026443481445,0.003022404333997364,0.007423967123031616,0.013542835974993284
Q87596,1.5076489448547363,3.571282863616944,0.519186995497112,0.4037999808788299,0.5970121192467978,1.5324557,3.7098396,0.55697834,0.44161677,0.54770947,IDP-ESM2-8M,93,300,0.024806737899780273,0.1385567188262935,0.03779134942018536,0.03781679272651678,0.04930265421994229
Q89267,1.749154567718506,4.254540920257568,0.5663331977097199,0.4475286900997162,0.5454592067377568,1.6034496,3.8571122,0.55257297,0.43927416,0.55818,IDP-ESM2-8M,93,300,0.14570498466491721,0.3974287509918213,0.013760232087771662,0.008254528045654297,0.012720767818212408
Q8AEV4,2.217581272125244,5.123245716094971,0.5307677429885829,0.4473521113395691,0.5967006201782861,2.0964513,4.9496303,0.5346624,0.421305,0.5809899,IDP-ESM2-8M,93,300,0.12112998962402344,0.1736154556274414,0.0038946825294530196,0.026047110557556152,0.015710722927156917
Q8AEV6,2.0959994792938232,4.59724235534668,0.4907394557623687,0.4073900282382965,0.6533933704005118,2.0940442,4.9507184,0.53546876,0.42098603,0.5800906,IDP-ESM2-8M,93,300,0.001955270767211914,0.35347604751586914,0.04472930139018866,0.013595998287200928,0.07330278802975376
Q8AEV8,2.221250295639038,5.160315990447998,0.5393449308598333,0.4490514099597931,0.5806814907654481,2.1054153,4.945859,0.52746093,0.41687182,0.5936199,IDP-ESM2-8M,93,300,0.11583495140075684,0.21445703506469727,0.011883998128204842,0.03217959403991699,0.012938392295007262
Q8AM83,1.9829460382461548,4.911404609680176,0.595706802134391,0.4704199135303497,0.537230944694819,1.9868807,4.8218503,0.5853515,0.46717852,0.5128809,IDP-ESM2-8M,93,300,0.003934621810913086,0.0895543098449707,0.010355275397177843,0.0032413899898528498,0.024350023330988457
Q8ATK1,1.5433038473129272,3.717685461044312,0.5453253878104873,0.4362112879753113,0.5499828228720399,1.4758847,3.5603666,0.5610118,0.44553104,0.5324918,IDP-ESM2-8M,93,300,0.06741917133331299,0.15731883049011275,0.015686403418760708,0.00931975245475769,0.017491019702789434
Q8B5D2,3.155559062957764,7.0666584968566895,0.4670914281105691,0.3937585949897766,0.7802895912045756,2.9414556,6.8336244,0.5019874,0.40163216,0.68451077,IDP-ESM2-8M,93,300,0.2141034603118901,0.2330341339111328,0.034895969560176765,0.007873564958572388,0.09577882374470625
Q8B5E1,3.249397039413452,7.570537567138672,0.5280854613315141,0.4212563037872314,0.6413403031869227,2.999895,7.07323,0.52470136,0.41181666,0.62994623,IDP-ESM2-8M,93,300,0.24950194358825684,0.49730777740478516,0.003384104443696745,0.009439647197723333,0.011394071344881684
Q8B6B2,3.720177412033081,8.59614372253418,0.4990590686504143,0.3869116306304931,0.666097255193605,4.2810893,10.123545,0.5296663,0.40763527,0.60543245,IDP-ESM2-8M,93,300,0.5609118938446045,1.5274009704589844,0.0306072359379036,0.020723640918731745,0.06066480442227318
Q8BCG5,2.7425544261932373,6.39927864074707,0.5137936400739727,0.4029609560966491,0.6196312498065605,2.6720786,6.268827,0.51896167,0.4071694,0.61625236,IDP-ESM2-8M,93,300,0.07047581672668457,0.13045167922973633,0.00516802794055371,0.004208445549011286,0.0033788870784415836
Q8BEN1,4.652818202972412,10.398680686950684,0.5118694834537844,0.4022262990474701,0.6481749213038492,4.546225,10.733473,0.54023755,0.424344,0.61546165,IDP-ESM2-8M,93,300,0.10659313201904297,0.3347921371459961,0.028368062513317693,0.022117704153060913,0.032713273793320674
Q8J4J0,1.942699909210205,4.67277717590332,0.5661980521146789,0.4427905976772308,0.5528415458482692,1.7892618,4.336299,0.5600209,0.4396691,0.5491581,IDP-ESM2-8M,93,300,0.15343809127807617,0.33647823333740234,0.006177128500176932,0.0031214952468871515,0.0036834495347926044
Q8JKR9,3.502817392349243,8.513150215148926,0.5987922264976693,0.4616492986679077,0.5727813895319768,3.4290388,8.259896,0.5867135,0.47140437,0.61703324,IDP-ESM2-8M,93,300,0.07377862930297852,0.2532539367675781,0.012078733627338467,0.009755074977874756,0.04425185364734452
Q8JL45,3.409060001373291,8.252497673034668,0.612231540166484,0.4920708537101745,0.5322515964148842,3.262574,8.007124,0.60503054,0.472426,0.5216486,IDP-ESM2-8M,93,300,0.1464860439300537,0.24537372589111328,0.007201003514872628,0.01964485645294184,0.010603010618527975
Q8JLL5,2.747100591659546,6.503428936004639,0.5298447798830692,0.4233740568161011,0.5902328008850072,2.757484,6.471274,0.52181494,0.40734893,0.60193914,IDP-ESM2-8M,93,300,0.010383367538452148,0.03215503692626953,0.0080298375231449,0.016025125980377197,0.011706340865328513
Q8JM67,3.1451098918914795,7.916845798492432,0.6528781248484049,0.5229116678237915,0.4985060297472922,3.0801377,7.8467374,0.6964091,0.53979665,0.39484003,IDP-ESM2-8M,93,300,0.0649721622467041,0.07010841369628906,0.04353098140617273,0.016884982585906982,0.10366599788503328
Q8JQG9,2.733254909515381,6.144700527191162,0.4802480087497722,0.3834294974803924,0.7131558672425853,3.275507,7.6674404,0.5342115,0.42346126,0.6111797,IDP-ESM2-8M,93,300,0.5422520637512207,1.5227398872375488,0.053963507630537866,0.04003176093101507,0.101976157808076
Q8JQR2,2.845400333404541,6.942359447479248,0.5258219468892719,0.4083722829818725,0.6245185846594279,3.134032,7.3514524,0.5298418,0.4172116,0.6154578,IDP-ESM2-8M,93,300,0.2886316776275635,0.40909290313720703,0.004019833773264758,0.00883930921554571,0.009060811450809725
Q8JQS3,2.93798828125,6.988590240478516,0.5506730143554602,0.4327876269817352,0.5858335904865598,3.155757,7.4211836,0.5395813,0.42426786,0.5974205,IDP-ESM2-8M,93,300,0.21776866912841797,0.43259334564208984,0.011091715527335233,0.00851976871490473,0.011586923143353522
Q8JRY1,2.270803928375244,5.308578014373779,0.5839746182897209,0.5035865902900696,0.5615082278041522,2.269226,5.8648734,0.68459934,0.53134036,0.37884963,IDP-ESM2-8M,93,300,0.0015778541564941406,0.5562953948974609,0.10062472167228476,0.027753770351409912,0.18265860221668884
Q8JXK6,1.622402906417847,3.829892635345459,0.5455094583868783,0.4394543766975403,0.5608923275132848,1.5764606,3.7813878,0.54579496,0.43352783,0.55304426,IDP-ESM2-8M,93,300,0.04594230651855491,0.04850482940673828,0.0002855054497916676,0.005926549434661865,0.007848067965097516
Q8JYS1,2.810581684112549,6.947563648223877,0.5996679508251519,0.4652425348758697,0.530176899709398,2.91283,7.0131984,0.573502,0.45546755,0.5695028,IDP-ESM2-8M,93,300,0.1022484302520752,0.06563472747802734,0.02616594667857597,0.00977498292922968,0.039325871191328354
Q8LT64,2.254638195037842,5.441324234008789,0.5443844140106687,0.4349595010280609,0.5960547222956982,1.9187193,4.5666184,0.5290018,0.4154439,0.5870238,IDP-ESM2-8M,93,300,0.3359189033508301,0.8747057914733887,0.015382641606951686,0.01951560378074646,0.00903092764466673
Q8QLE8,2.992269277572632,7.634871006011963,0.6436942183274207,0.5066287517547607,0.493792239165867,3.16125,7.9949055,0.6809117,0.52712387,0.4164315,IDP-ESM2-8M,93,300,0.16898083686828613,0.3600344657897949,0.03721750147162106,0.020495116710662842,0.07736075255926911
Q8QN60,2.450578689575196,6.045336723327637,0.533254634761247,0.4060640037059784,0.5919449404141092,2.4794714,5.888363,0.5357325,0.4193912,0.58050287,IDP-ESM2-8M,93,300,0.028892755508421963,0.15697383880615234,0.0024778729444414616,0.013327211141586304,0.011442072715439733
Q8QPP9,1.926474571228028,4.658266544342041,0.5568056267347568,0.4242402613162994,0.5574163584731254,1.9753561,4.7717876,0.56021434,0.44047183,0.5445045,IDP-ESM2-8M,93,300,0.048881530761718084,0.11352109909057617,0.0034087139520413423,0.016231566667556818,0.012911835195842714
Q8QPS6,1.961564898490905,4.9441657066345215,0.5901843706238565,0.4562547206878662,0.5117426811857708,2.052348,4.983122,0.5729313,0.4508005,0.5343252,IDP-ESM2-8M,93,300,0.09078299999237127,0.0389561653137207,0.017253080951004973,0.005454212427139282,0.02258250125212591
Q8QPU8,1.9516022205352783,4.639914989471436,0.5393795530207229,0.4175066351890564,0.5809525930957424,2.0947328,5.035703,0.55986065,0.43967578,0.5524599,IDP-ESM2-8M,93,300,0.14313054084777832,0.39578819274902255,0.020481093703977993,0.022169142961502075,0.028492697484933105
Q8QRI8,3.169686317443848,7.475102424621582,0.525265107704616,0.3999177813529968,0.6107712159358446,3.419263,8.11401,0.5407427,0.4258303,0.5978486,IDP-ESM2-8M,93,300,0.24957656860351518,0.6389074325561523,0.0154775876269575,0.02591252326965332,0.012922621747154417
Q8QRK4,3.194008111953736,7.72300910949707,0.5370756263614561,0.4229616820812225,0.5897372280642633,3.363741,8.014935,0.55308956,0.43236303,0.57361627,IDP-ESM2-8M,93,300,0.16973280906677202,0.29192543029785156,0.016013932716760437,0.009401351213455256,0.016120961813652968
Q8QUL3,1.730454921722412,4.189145565032959,0.5524194400387961,0.4374799728393554,0.5538907492989491,1.7468427,4.2080584,0.55476934,0.43513888,0.543169,IDP-ESM2-8M,93,300,0.01638782024383545,0.018912792205810547,0.00234989713848055,0.002341091632842962,0.01072172769250379
Q8QUU2,2.795599460601806,6.979151725769043,0.6391593175901265,0.5295243859291077,0.52834403163705,3.2086267,7.923161,0.6482229,0.51687944,0.5331461,IDP-ESM2-8M,93,300,0.41302728652954146,0.9440093040466309,0.009063605688682141,0.012644946575164795,0.004802051717899936
Q8QUW5,2.4512152671813965,5.952357292175293,0.5523323594473588,0.4190616607666015,0.5545396563470195,2.4843936,5.928946,0.54526186,0.42346883,0.5688356,IDP-ESM2-8M,93,300,0.03317832946777344,0.023411273956298828,0.0070704995535599835,0.004407167434692438,0.014295959764735855
Q8QVQ9,2.751378536224365,6.508047103881836,0.514845506838725,0.4161607027053833,0.6117803011806708,2.824872,6.6458406,0.5160383,0.4020192,0.6081723,IDP-ESM2-8M,93,300,0.07349348068237349,0.13779354095458984,0.001192791768147572,0.014141499996185303,0.00360800370294867
Q8QYT4,1.463748812675476,3.3759970664978027,0.541859520241775,0.4527941048145294,0.5532863584450993,1.5441595,3.7047381,0.54266196,0.4280473,0.5498234,IDP-ESM2-8M,93,300,0.08041071891784668,0.32874107360839844,0.0008024446515660921,0.024746805429458618,0.0034629550866398517
Q8QYT7,1.4383659362792969,3.4570505619049072,0.5339711378573594,0.4226486980915069,0.556052993716792,1.4497466,3.4470384,0.5336392,0.4252964,0.56287104,IDP-ESM2-8M,93,300,0.011380672454833984,0.010012149810791016,0.0003319452761826325,0.0026476979255676825,0.006818045196934852
Q8UU17,2.346013069152832,5.558549880981445,0.5261025877213584,0.4151876866817474,0.5923110431050981,2.4166987,5.7416277,0.53641564,0.418321,0.5744553,IDP-ESM2-8M,93,300,0.07068562507629395,0.18307781219482422,0.0103130488181008,0.0031333267688751776,0.017855722269984553
Q8UZB3,3.5820987224578857,8.667540550231934,0.5485026875845191,0.4318907856941223,0.54739132537226,3.6270063,8.613305,0.5374867,0.41304457,0.5798028,IDP-ESM2-8M,93,300,0.044907569885253906,0.05423545837402344,0.011016015183090921,0.018846213817596436,0.032411485773522486
Q8UZG8,3.125953197479248,5.702480792999268,0.2017960262272174,0.2481729984283447,1.7630571296008617,4.255291,9.447213,0.40685093,0.34838626,0.8878075,IDP-ESM2-8M,93,300,1.1293377876281738,3.74473237991333,0.2050549078014081,0.1002132594585419,0.8752496411593944
Q8V337,3.759690046310425,8.732322692871094,0.571660915500077,0.4588648974895477,0.5732343330893971,3.3530838,7.9368944,0.5417766,0.42469868,0.5950924,IDP-ESM2-8M,93,300,0.40660619735717773,0.7954282760620117,0.029884318000229615,0.034166216850280706,0.021858082720234262
Q8V339,3.84151554107666,8.798104286193848,0.5728674313396718,0.4727489054203033,0.5813150343946251,3.4950202,8.310932,0.55583864,0.43338722,0.5720519,IDP-ESM2-8M,93,300,0.3464953899383545,0.48717212677001953,0.017028786835124654,0.03936168551445002,0.009263151650789614
Q8V364,3.985205173492432,9.243691444396973,0.6191257123235209,0.5053332448005676,0.5178183534331862,3.5397794,8.473098,0.5732252,0.4468701,0.5543222,IDP-ESM2-8M,93,300,0.4454257488250737,0.7705936431884766,0.04590051214728186,0.05846315622329712,0.03650382969898547
Q8V367,3.924537420272827,9.271854400634766,0.586583092319071,0.4606370031833648,0.5652439036857646,3.5981421,8.622615,0.57909924,0.4509929,0.5424913,IDP-ESM2-8M,93,300,0.32639527320861816,0.6492395401000977,0.00748385440021726,0.009644091129302923,0.022752586890415483
Q8V371,4.011284828186035,9.450335502624512,0.6047651226549302,0.4865150451660156,0.5343177259861168,3.6386614,8.69685,0.5759164,0.44913128,0.55239654,IDP-ESM2-8M,93,300,0.3726234436035156,0.7534856796264648,0.028848713162437534,0.03738376498222351,0.018078809887296265
Q8V5H6,2.697544813156128,6.4776611328125,0.5562228743794239,0.4353944659233093,0.5727094264240203,2.7287042,6.5149417,0.5555312,0.43308514,0.5701644,IDP-ESM2-8M,93,300,0.031159400939941406,0.03728055953979492,0.0006916706326282052,0.0023093223571777344,0.002545043966287186
Q8V5I4,2.657236337661743,6.1353440284729,0.507080226409222,0.39613938331604,0.6552053904633696,2.7648726,6.5561576,0.5351506,0.41645667,0.6000319,IDP-ESM2-8M,93,300,0.1076362133026123,0.42081356048583984,0.028070361149524325,0.02031728625297552,0.05517347813655682
Q8V636,2.6781280040740967,6.435776233673096,0.536836464380659,0.4264447689056396,0.5813937705503855,2.875083,6.598963,0.4852028,0.3954659,0.705102,IDP-ESM2-8M,93,300,0.19695496559143066,0.16318655014038086,0.05163367507401839,0.030978858470916693,0.12370825591216938
Q8V650,1.7588810920715332,4.328412055969238,0.5568527601595317,0.4424223303794861,0.5551898419018185,1.5743091,3.7906182,0.55153704,0.4371697,0.553875,IDP-ESM2-8M,93,300,0.1845719814300537,0.5377938747406006,0.005315723263779715,0.005252629518508911,0.0013148128147518756
Q8V652,1.7290124893188477,4.170897483825684,0.5448966166847717,0.4282737076282501,0.564914104855509,1.7327092,4.140993,0.5413624,0.42751452,0.5665317,IDP-ESM2-8M,93,300,0.0036966800689697266,0.02990436553955078,0.003534211861468517,0.0007591843605041504,0.0016176129217432278
Q8V654,1.7675416469573977,4.223508358001709,0.5565836770917446,0.4406348466873169,0.559388488382385,1.6832073,4.0546947,0.55265534,0.43650517,0.55190015,IDP-ESM2-8M,93,300,0.08433437347412132,0.16881370544433594,0.003928337850716779,0.004129678010940552,0.007488339990661341
Q8V660,1.7807705402374268,4.320803642272949,0.5591581718459758,0.4337987601757049,0.559369926653444,1.796188,4.285889,0.54049444,0.4283604,0.5733664,IDP-ESM2-8M,93,300,0.01541745662689209,0.034914493560791016,0.018663729859891842,0.005438357591628973,0.013996476926267931
Q8V6V1,2.0696070194244385,4.992464542388916,0.6111293097514179,0.5016605854034424,0.5282808370712407,1.7497159,4.162092,0.5527234,0.4491671,0.59717506,IDP-ESM2-8M,93,300,0.319891095161438,0.8303723335266113,0.058405902006056554,0.05249348282814026,0.06889422463148753
Q8W6W3,3.214420795440674,7.760473728179932,0.5988313236066982,0.4577883780002594,0.5531232026547187,3.1865077,7.8555274,0.6147406,0.47601414,0.51610434,IDP-ESM2-8M,93,300,0.02791309356689453,0.09505367279052734,0.015909286515982446,0.018225759267807007,0.03701886210143501
Q8W6Y8,2.829201459884644,6.697488784790039,0.5490305536181482,0.4427818953990936,0.5743823739821063,2.7509606,6.5756817,0.5496488,0.42324886,0.56482387,IDP-ESM2-8M,93,300,0.0782408714294438,0.12180709838867188,0.000618267735764122,0.019533038139343206,0.009558508091603413
Q90060,1.868585228919983,4.581401824951172,0.6045758854229974,0.4892220199108124,0.5073542569280792,1.7294446,4.223398,0.57596225,0.45421875,0.52639353,IDP-ESM2-8M,93,300,0.13914060592651367,0.3580036163330078,0.0286136399586725,0.03500327467918396,0.019039275824911495
Q902W3,1.4926581382751465,3.529311418533325,0.494676624732121,0.4013423919677734,0.6303470550743402,1.4591936,3.3631775,0.5041153,0.4109711,0.6270669,IDP-ESM2-8M,93,300,0.03346455097198486,0.16613388061523438,0.00943865875710631,0.009628713130950983,0.0032801448074639694
Q90CH1,2.633466482162476,6.111166954040527,0.5303940623247029,0.428945779800415,0.6075265397764734,2.6880462,6.298726,0.5257496,0.4184099,0.61256486,IDP-ESM2-8M,93,300,0.05457973480224565,0.1875591278076172,0.004644438549220697,0.01053586602210993,0.005038321997971162
Q90QE2,2.3909714221954346,5.674409866333008,0.516079997074005,0.4072723388671875,0.6111807839819492,2.259847,5.3162265,0.5281119,0.41543815,0.5932912,IDP-ESM2-8M,93,300,0.13112449645996094,0.3581833839416504,0.012031877983215478,0.008165806531906128,0.017889560932785376
Q90QF6,2.420656204223633,5.767027378082275,0.5221064582155697,0.4039599597454071,0.6064794003759967,2.3380446,5.502714,0.53051513,0.4166145,0.5847434,IDP-ESM2-8M,93,300,0.0826115608215332,0.2643132209777832,0.00840867611899454,0.012654542922973633,0.021736019829426856
Q90SM4,1.739101529121399,4.144864082336426,0.5351893360790122,0.4276894330978393,0.5850226955060952,1.8135626,4.3369236,0.54612195,0.4322759,0.5605158,IDP-ESM2-8M,93,300,0.07446110248565674,0.19205951690673828,0.010932618838895514,0.004586458206176813,0.02450687452602318
Q90VH2,2.616405725479126,6.037392139434815,0.4845821637442734,0.3771140277385711,0.6895813152421667,2.711786,6.356401,0.5245961,0.41478798,0.6129746,IDP-ESM2-8M,93,300,0.09538030624389648,0.31900882720947177,0.04001393134087067,0.037673950195312556,0.07660673113953609
Q912E2,2.4487884044647217,5.717921257019043,0.5313648603134838,0.4089919924736023,0.5865820399788195,2.3797805,5.6519446,0.53128904,0.4123428,0.5753106,IDP-ESM2-8M,93,300,0.06900787353515625,0.06597661972045898,7.581927115596354e-05,0.0033507943153381348,0.01127145209582392
Q912E3,2.7940964698791504,6.711586952209473,0.5361590715509875,0.4219669699668884,0.5678265579422244,2.8035944,6.5506105,0.5143182,0.4007726,0.6191479,IDP-ESM2-8M,93,300,0.009497880935668945,0.16097640991210938,0.021840843783043185,0.021194368600845337,0.051321338824438234
Q912E6,2.4015471935272217,5.684891223907471,0.4994544716601034,0.3925390541553497,0.6255760922278827,2.519411,5.93347,0.52362883,0.40785992,0.593369,IDP-ESM2-8M,93,300,0.11786389350891113,0.24857854843139648,0.024174359249625577,0.015320867300033625,0.03220708511728698
Q914M9,1.5128248929977417,3.616054773330689,0.5752323610992666,0.4492016732692718,0.5351316246510589,1.5177205,3.6755419,0.56549776,0.45261386,0.5594371,IDP-ESM2-8M,93,300,0.004895567893981934,0.05948710441589311,0.009734605094933069,0.0034121870994568426,0.0243054714678681
Q917U3,2.6601767539978027,6.041647911071777,0.4717779199352887,0.3659200668334961,0.6973664750127349,2.640083,6.0226727,0.47481087,0.38374695,0.69003457,IDP-ESM2-8M,93,300,0.020093679428100586,0.018975257873535156,0.0030329485663744826,0.017826884984970093,0.007331906702950919
Q919P6,2.8618435859680176,7.171000957489014,0.6456991130604507,0.5181354880332947,0.5193427161766896,2.9600854,7.558602,0.691273,0.54234886,0.42411155,IDP-ESM2-8M,93,300,0.09824180603027344,0.3876008987426758,0.045573860953831535,0.02421337366104126,0.09523117109078261
Q91BD7,3.084592342376709,7.544941902160644,0.6216081545284917,0.5100353956222534,0.514541409037553,2.8445172,7.1417675,0.6375698,0.49313128,0.46480554,IDP-ESM2-8M,93,300,0.24007511138916016,0.40317440032958896,0.01596163058961131,0.016904115676879883,0.04973586561485399
Q91DT1,1.5194398164749146,3.60090446472168,0.5668329145478789,0.460250586271286,0.5393665822590499,1.6031644,3.9451115,0.58105296,0.4564294,0.49753016,IDP-ESM2-8M,93,300,0.08372461795806885,0.34420704841613725,0.01422004441742264,0.0038211941719055176,0.04183641992460774
Q91EW9,2.17856240272522,5.242268562316895,0.58384295078989,0.484661191701889,0.5722647970898339,2.2961936,5.931807,0.6840158,0.53007984,0.39104906,IDP-ESM2-8M,93,300,0.11763119697570756,0.6895384788513175,0.10017285969976453,0.04541864991188055,0.1812157398445794
Q91EY8,2.415351629257202,5.5706467628479,0.482558904373738,0.3944989144802093,0.6468864299557324,2.5814416,5.7831087,0.4643298,0.38385567,0.7327973,IDP-ESM2-8M,93,300,0.1660900115966797,0.2124619483947754,0.0182290954233138,0.010643243789672796,0.08591089470170776
Q91FZ1,1.9290094375610352,4.671003818511963,0.5392594011064248,0.410263329744339,0.5811452263797602,2.0431828,4.906692,0.5479848,0.43011966,0.56880647,IDP-ESM2-8M,93,300,0.11417341232299805,0.2356882095336914,0.008725377774648213,0.01985633373260498,0.012338756939299977
Q91HB7,1.4185538291931152,3.3715405464172363,0.5515168095103116,0.4427918195724487,0.5437784580792568,1.4621814,3.5513997,0.55747914,0.44212452,0.53682584,IDP-ESM2-8M,93,300,0.04362761974334717,0.17985916137695312,0.005962333632388628,0.0006673038005828302,0.006952622374453377
Q91HB9,1.4707586765289309,3.579270601272583,0.5834211462702765,0.463922917842865,0.5189202458961117,1.4730653,3.5826535,0.5631218,0.4477456,0.5385781,IDP-ESM2-8M,93,300,0.0023065805435178444,0.0033829212188720703,0.02029935061597965,0.016177326440811157,0.019657847155798658
Q91HC5,1.428635597229004,3.3788115978240967,0.5592225955626544,0.4423229098320007,0.5369646241499522,1.4478235,3.5381408,0.559714,0.44503114,0.5346977,IDP-ESM2-8M,93,300,0.01918792724609375,0.15932917594909668,0.0004914237358990547,0.0027082264423370916,0.0022669126822092434
Q91HC6,1.4351813793182373,3.4150726795196533,0.5549351551248375,0.4373290240764618,0.5458458688176999,1.486298,3.6045086,0.5554428,0.4420844,0.5432724,IDP-ESM2-8M,93,300,0.05111658573150635,0.1894359588623047,0.000507654933756263,0.004755377769470215,0.0025734927572140798
Q91HD2,1.4259588718414309,3.4622228145599365,0.5611166947646993,0.4294039011001587,0.533512000752148,1.4197873,3.4376419,0.5533214,0.44018942,0.5368096,IDP-ESM2-8M,93,300,0.006171584129333718,0.024580955505371094,0.007795273618306453,0.010785520076751709,0.0032976224892765638
Q91IB8,1.9324402809143064,4.667740345001221,0.5407846575932655,0.4193905591964721,0.5595630865343856,1.8125453,4.3357596,0.5482327,0.42896882,0.5510746,IDP-ESM2-8M,93,300,0.11989498138427712,0.33198070526123047,0.007448017005428298,0.009578257799148615,0.008488462472801106
Q91IC2,1.953474402427673,4.62299394607544,0.500237810065626,0.3832002282142639,0.612134751559041,1.9253576,4.579468,0.53659517,0.41938528,0.5622342,IDP-ESM2-8M,93,300,0.028116822242736372,0.04352617263794034,0.03635735566389675,0.03618505597114563,0.049900528670094424
Q91IC3,1.8705475330352783,4.523946762084961,0.5496113151699308,0.4278824627399444,0.5450469240968765,1.7778013,4.265688,0.5491845,0.4314355,0.5509014,IDP-ESM2-8M,93,300,0.09274625778198242,0.2582588195800781,0.0004268139988187203,0.0035530328750610907,0.0058544888669906925
Q91J04,1.452076077461243,3.3665404319763184,0.515686810624633,0.4197413623332977,0.5793976051762374,1.5161895,3.6073132,0.5389979,0.42929426,0.5645172,IDP-ESM2-8M,93,300,0.06411337852478005,0.24077272415161133,0.023311077940430525,0.009552896022796686,0.01488040518310385
Q91J05,1.4829933643341064,3.474117994308472,0.5258916205457098,0.4147562384605407,0.5766161220527747,1.5001881,3.594004,0.5488223,0.43488696,0.54727215,IDP-ESM2-8M,93,300,0.017194747924804688,0.11988592147827104,0.022930663199102197,0.020130723714828547,0.029343976304636255
Q91J06,1.4645304679870603,3.3841006755828857,0.5082232221555376,0.4246273040771484,0.5955934846444872,1.5203266,3.6290786,0.5446465,0.43337616,0.55176365,IDP-ESM2-8M,93,300,0.05579614639282249,0.2449779510498047,0.03642327938560008,0.008748859167099055,0.04382983088929926
Q91J12,1.4889397621154783,3.521157741546631,0.5395897654519196,0.4289128184318542,0.5579538508756122,1.5052693,3.6239567,0.545771,0.4314404,0.543304,IDP-ESM2-8M,93,300,0.01632952690124534,0.1027989387512207,0.006181237317550603,0.0025275945663452704,0.01464982474875065
Q91J15,1.5305304527282717,3.5677106380462646,0.5390963383455065,0.4337796866893768,0.5749390395167812,1.4721949,3.5294616,0.5485494,0.43620872,0.54663867,IDP-ESM2-8M,93,300,0.05833554267883323,0.03824901580810547,0.009453075335523753,0.002429038286209162,0.028300371933315582
Q91KJ0,2.528991460800171,5.649063587188721,0.4982010920500541,0.4023779332637787,0.6497059899975675,2.6753247,6.2725987,0.5091847,0.4029902,0.62656885,IDP-ESM2-8M,93,300,0.1463332176208496,0.62353515625,0.010983626081964959,0.0006122589111328125,0.0231371361424344
Q91N87,2.1771352291107178,5.303634643554688,0.5617207561586853,0.4456088244915008,0.5551178841767298,2.0685732,4.8928494,0.53556675,0.42209047,0.58009714,IDP-ESM2-8M,93,300,0.10856199264526367,0.4107851982116708,0.026154008970117215,0.023518353700637762,0.024979254704953546
Q91PE4,1.5260024070739746,3.673118829727173,0.5599350395429474,0.4475624859333038,0.541212018674659,1.4728689,3.55202,0.5512537,0.43580696,0.5437431,IDP-ESM2-8M,93,300,0.053133487701416016,0.12109875679016113,0.008681363128457686,0.01175552606582636,0.002531055265618143
Q91PF9,1.7269072532653809,4.136495590209961,0.5442161269268425,0.4226322174072265,0.5584689458631877,1.7605793,4.2150126,0.5375259,0.4211911,0.56598324,IDP-ESM2-8M,93,300,0.03367209434509277,0.07851696014404297,0.006690234669152084,0.001441121101379339,0.007514289972841315
Q91PG3,1.7197632789611816,4.28665828704834,0.5530442185130489,0.4266371130943298,0.5412807088109558,1.6061003,3.8545113,0.54458714,0.42882085,0.5517847,IDP-ESM2-8M,93,300,0.1136629581451416,0.4321470260620117,0.008457083198107451,0.002183735370636042,0.0105039853838379
Q91PI7,1.621040940284729,3.8307695388793945,0.5295861383339054,0.4202245473861694,0.5688919786593615,1.6702104,4.0006847,0.53718215,0.4210037,0.5638769,IDP-ESM2-8M,93,300,0.04916942119598389,0.16991519927978516,0.007596013937365309,0.0007791519165039618,0.005015051760405176
Q91QS1,2.135329484939575,4.809514999389648,0.5020510876883448,0.404032289981842,0.6059894826755399,1.9675854,4.5647244,0.5049598,0.4007138,0.6180294,IDP-ESM2-8M,93,300,0.16774404048919678,0.24479055404663086,0.002908734012704972,0.0033184885978698175,0.012039932931912523
Q91QS3,2.268896579742432,5.483841419219971,0.5527593103907994,0.4356193542480469,0.5356926252534256,2.101126,4.9450703,0.5174156,0.40511808,0.5944743,IDP-ESM2-8M,93,300,0.16777062416076705,0.5387711524963379,0.03534372725710189,0.03050127625465393,0.0587816903898849
Q91QU6,2.2082529067993164,5.105346202850342,0.5235481724441244,0.4309046864509582,0.5925638673280583,1.9976337,4.5728006,0.4842383,0.390014,0.66904765,IDP-ESM2-8M,93,300,0.21061921119689941,0.5325455665588379,0.039309875696916796,0.040890693664550726,0.07648378634702102
Q91QZ4,2.121009588241577,5.023848056793213,0.5163794673495542,0.402231901884079,0.5834507966634553,1.9916469,4.642133,0.4993709,0.39433423,0.6263474,IDP-ESM2-8M,93,300,0.12936270236968994,0.3817148208618164,0.01700856457283606,0.007897675037384033,0.04289662593633714
Q91QZ5,2.1566903591156006,5.237030029296875,0.5347297831087297,0.4116452038288116,0.5636375557603654,2.0236733,4.7935534,0.5230279,0.40554613,0.5756708,IDP-ESM2-8M,93,300,0.13301706314086914,0.44347667694091797,0.011701886227626135,0.006099075078964178,0.012033222991007841
Q91R07,2.2418932914733887,5.216958999633789,0.525161538576269,0.4187124967575073,0.6257421420388991,2.1332636,5.018758,0.5277838,0.4204355,0.6139529,IDP-ESM2-8M,93,300,0.10862970352172852,0.19820117950439453,0.002622272516107693,0.0017229914665222168,0.011789266901570006
Q91S26,6.806966781616211,16.37506675720215,0.6165189019723074,0.487555593252182,0.6109867737280854,5.0744925,12.406551,0.64648885,0.503165,0.54968107,IDP-ESM2-8M,93,300,1.7324743270874023,3.968515396118164,0.029969943376050745,0.015609413385391235,0.06130570626134957
Q91TH0,2.008183479309082,4.718175888061523,0.5204433206176547,0.3936799764633178,0.5901577275872798,2.1121442,5.0099835,0.5313685,0.4153454,0.5786638,IDP-ESM2-8M,93,300,0.10396075248718262,0.2918076515197754,0.010925173416158729,0.021665424108505305,0.01149390159851027
Q91TH1,2.1031715869903564,4.99153995513916,0.525831147432398,0.4174490869045257,0.574929583652902,2.1518457,5.112695,0.5331172,0.41335145,0.5638784,IDP-ESM2-8M,93,300,0.04867410659790039,0.1211552619934082,0.007286027669835882,0.004097640514373724,0.011051166637826348
Q91TK2,3.278460025787353,7.883622646331787,0.5826525795490364,0.4411071836948395,0.5412583948873934,3.4465487,8.268175,0.5683954,0.44791666,0.57269615,IDP-ESM2-8M,93,300,0.16808867454528853,0.3845524787902832,0.01425720334359204,0.0068094730377197266,0.03143775446181929
Q91TN0,2.380835056304932,5.797544479370117,0.5180200120174655,0.4068943858146667,0.5925272591105645,2.6206303,6.1166096,0.50864,0.39820513,0.61428684,IDP-ESM2-8M,93,300,0.23979520797729448,0.3190650939941406,0.009380020734048755,0.008689254522323553,0.02175958085144114
Q91TN2,3.8400702476501465,9.184863090515137,0.5369664322033693,0.4241310954093933,0.5808764217457167,3.8196504,9.094683,0.5483951,0.42539185,0.59560883,IDP-ESM2-8M,93,300,0.020419836044311523,0.0901803970336914,0.011428665052337528,0.0012607574462890625,0.01473240870624859
Q94MN5,2.2078006267547607,5.499943733215332,0.5833688821761419,0.4461679756641388,0.5313067973599278,2.2373679,5.4138064,0.57006323,0.45000705,0.5337959,IDP-ESM2-8M,93,300,0.029567241668701172,0.08613729476928711,0.013305648800592595,0.0038390755653381348,0.0024890958323634527
Q96677,2.144581317901612,5.196023941040039,0.5265446657209658,0.4123451709747314,0.574520775850357,2.2170062,4.9194603,0.46066597,0.381317,0.7183559,IDP-ESM2-8M,93,300,0.07242488861083896,0.2765636444091797,0.0658786946802401,0.03102818131446833,0.14383511823838813
Q96799,1.5960798263549805,3.777565240859986,0.5485827811589604,0.4520333111286163,0.5738157636661373,1.63343,3.9336398,0.55415505,0.43847284,0.54203284,IDP-ESM2-8M,93,300,0.03735017776489258,0.1560745239257808,0.005572270549261016,0.01356047391891474,0.031782925798400474
Q98001,2.588707208633423,6.0099196434021,0.5248030033124351,0.4248916506767273,0.6128482597991554,2.691721,6.3970027,0.5409113,0.4284841,0.5932068,IDP-ESM2-8M,93,300,0.10301375389099121,0.3870830535888672,0.016108313559207943,0.003592461347579956,0.019641436926993494
Q98476,2.850502252578736,7.152400016784668,0.5184234806282716,0.3964378833770752,0.5959333414808831,3.1868362,7.537733,0.5261127,0.41315734,0.62080085,IDP-ESM2-8M,93,300,0.33633399009704545,0.3853330612182617,0.0076891950385374885,0.016719460487365723,0.02486751129469067
Q98487,2.4549145698547363,6.186872482299805,0.6131382397906195,0.4742847383022308,0.505091137498115,2.3607464,5.723299,0.57752264,0.45677078,0.5491799,IDP-ESM2-8M,93,300,0.09416818618774414,0.4635734558105469,0.03561560433071964,0.017513960599899236,0.044088774115349394
Q991N9,1.6246099472045898,3.8641045093536377,0.5328479409727368,0.4275960028171539,0.56464373500365,1.4312724,3.4234197,0.5472396,0.4344999,0.5485894,IDP-ESM2-8M,93,300,0.1933375597000122,0.44068479537963867,0.014391660639354265,0.006903886795044001,0.01605432660597539
Q991P5,1.3907016515731812,3.368026733398437,0.525024815786753,0.4077070355415344,0.569811083390367,1.3150973,3.2406182,0.57792,0.46032435,0.5126258,IDP-ESM2-8M,93,300,0.07560431957244873,0.12740850448608354,0.05289520383986446,0.05261731147766113,0.05718526990617512
Q991P6,1.3982449769973757,3.321592330932617,0.5152841448116069,0.4139624536037445,0.5882292008856518,1.2873383,3.1682413,0.5750776,0.4593016,0.518529,IDP-ESM2-8M,93,300,0.11090672016143821,0.1533510684967041,0.05979344851496171,0.04533913731575012,0.06970020298754998
Q991P7,1.3834556341171265,3.3354721069335938,0.5046481370767767,0.3961105346679687,0.5980471795700486,1.3355414,3.3247774,0.59373206,0.471872,0.48646075,IDP-ESM2-8M,93,300,0.04791426658630371,0.010694742202758789,0.08908392192514591,0.0757614672183991,0.11158643423542336
Q993H4,3.264864444732666,6.402642726898193,0.3632359432021786,0.3290830552577972,0.989662099455668,3.5580301,7.891946,0.41203132,0.3518583,0.8493032,IDP-ESM2-8M,93,300,0.2931656837463379,1.4893031120300293,0.04879537951548801,0.02277523279190069,0.14035891351587915
Q993Q8,2.0157532691955566,4.756549835205078,0.5449090450102304,0.4217071533203125,0.5783775428836981,1.9372699,4.605384,0.5446446,0.43082735,0.56743646,IDP-ESM2-8M,93,300,0.07848334312438965,0.15116596221923828,0.0002644508177255256,0.009120196104049683,0.010941086203400285
Q994F3,2.214996814727783,5.222653865814209,0.5088790375690762,0.4079030752182007,0.6195693226957817,2.2258193,5.0068655,0.47182786,0.38805774,0.7022816,IDP-ESM2-8M,93,300,0.010822534561157227,0.2157883644104004,0.03705117292216453,0.01984533667564392,0.08271227158064653
Q99CW6,4.195829391479492,10.225824356079102,0.5882214404851906,0.4517049491405487,0.5204679791399448,3.63248,8.557041,0.5326124,0.4182413,0.6217562,IDP-ESM2-8M,93,300,0.5633494853973389,1.668783187866211,0.055609057119559546,0.03346365690231323,0.10128821688208889
Q9DSX3,2.19335412979126,5.248195648193359,0.4615212063411579,0.3676377832889557,0.6876092218603621,2.1726587,4.9388814,0.4623761,0.37503088,0.69197536,IDP-ESM2-8M,93,300,0.020695447921753374,0.3093142509460449,0.0008548815628185436,0.007393091917037964,0.004366133287953322
Q9DUB6,3.36191201210022,7.802142143249512,0.4922728849730548,0.4017001390457153,0.6606960380230416,3.1513484,7.2270265,0.47357243,0.38487116,0.71232116,IDP-ESM2-8M,93,300,0.2105636596679692,0.5751156806945801,0.018700451978212296,0.016828984022140447,0.051625124200774364
Q9DUC0,3.489102840423584,8.174860954284668,0.4931808623931168,0.3918648660182953,0.6655728777749664,3.6640928,8.246411,0.43671656,0.36906916,0.80778354,IDP-ESM2-8M,93,300,0.17498993873596191,0.07155036926269531,0.05646430584404455,0.02279570698738098,0.14221066628860168
Q9DUC3,2.750781297683716,5.931324481964111,0.5286928986284644,0.4677044153213501,0.6292079710142232,2.5794845,6.0520573,0.5197891,0.42106742,0.66151685,IDP-ESM2-8M,93,300,0.1712968349456787,0.12073278427124023,0.008903798935166019,0.046636998653411865,0.03230887421206463
Q9DUC6,2.7672367095947266,6.569800853729248,0.5499142131658427,0.4457100629806518,0.5841516829198509,2.376614,5.309988,0.45624232,0.3859935,0.75704604,IDP-ESM2-8M,93,300,0.390622615814209,1.259812831878662,0.09367189024408973,0.059716552495956365,0.17289436095298238
Q9DVW6,2.5655384063720703,6.223925590515137,0.6275438950728127,0.5177255868911743,0.5420854955272764,2.7035713,6.9199934,0.69487286,0.5434285,0.41800833,IDP-ESM2-8M,93,300,0.1380329132080078,0.6960678100585938,0.067328961067324,0.02570289373397827,0.1240771680431455
Q9DW22,3.7557973861694336,8.235986709594727,0.4334836335968019,0.3390880227088928,0.7934698132269586,3.7598448,8.602983,0.45614612,0.3682591,0.74315953,IDP-ESM2-8M,93,300,0.004047393798828125,0.36699676513671875,0.02266248742828353,0.029171079397201538,0.05031028067996157
Q9DW68,1.6448888778686523,4.103812217712402,0.598217692597417,0.477417916059494,0.517334425035973,1.6592655,4.0434732,0.5676305,0.4444298,0.5269706,IDP-ESM2-8M,93,300,0.014376640319824219,0.06033897399902344,0.03058716319373045,0.03298810124397278,0.00963619988773301
Q9DWD6,4.901873588562012,11.301307678222656,0.5173632822617301,0.4142510294914245,0.622011739887418,4.26828,9.930199,0.4985001,0.38916874,0.65870184,IDP-ESM2-8M,93,300,0.6335935592651367,1.3711090087890625,0.018863173542858047,0.02508229017257685,0.03669009717541771
Q9DWG9,4.961902141571045,12.073637008666992,0.5257850852595135,0.4089486002922058,0.6485894879348085,4.5927215,10.829596,0.5340249,0.41967678,0.6404358,IDP-ESM2-8M,93,300,0.36918067932128906,1.2440414428710938,0.008239808978004803,0.010728180408477783,0.008153673077325618
Q9DWH1,3.710429191589356,8.710134506225586,0.564562547085752,0.4425721764564514,0.5699741679721374,3.702208,8.738911,0.5337713,0.42514187,0.63448787,IDP-ESM2-8M,93,300,0.008221149444580522,0.028776168823242188,0.03079127061175302,0.01743030548095703,0.06451369938320928
Q9DWH9,3.845944881439209,8.610305786132812,0.3999421930782467,0.3466223478317261,0.9427219457462972,3.9741578,9.164093,0.47276258,0.38430798,0.72370166,IDP-ESM2-8M,93,300,0.12821292877197266,0.5537872314453125,0.07282039160803261,0.03768563270568848,0.21902028988158162
Q9DYK3,2.277350425720215,5.346951961517334,0.5326850752189017,0.4274758398532867,0.5889706115422849,2.2737455,5.3476725,0.5283165,0.41651523,0.59323704,IDP-ESM2-8M,93,300,0.003604888916015625,0.0007205009460449219,0.004368577416167363,0.010960608720779363,0.004266430884778072
Q9DYK6,2.2345755100250244,5.145654678344727,0.5069463962526649,0.4037469029426574,0.6256165761661489,2.2765894,5.362964,0.5300706,0.4174867,0.585693,IDP-ESM2-8M,93,300,0.04201388359069824,0.21730947494506836,0.023124206641164435,0.013739794492721613,0.039923574419017505
Q9DYY2,2.355806589126587,5.415169715881348,0.5042820515324589,0.3926633596420288,0.6372742523487243,2.310175,5.4188013,0.52369905,0.4133265,0.6013576,IDP-ESM2-8M,93,300,0.04563164710998535,0.003631591796875,0.01941699364881555,0.020663142204284668,0.03591667311746205
Q9DZ98,1.6376287937164309,4.133313179016113,0.590566394363219,0.4630026519298553,0.5355115437008485,1.6238639,3.9725316,0.5767604,0.45885757,0.52945554,IDP-ESM2-8M,93,300,0.013764858245849831,0.1607816219329834,0.013805983100706798,0.004145085811614935,0.006056001136456435
Q9G051,1.8418281078338623,4.592315673828125,0.6134819637864534,0.4797938168048858,0.5191245218439702,1.7640638,4.358783,0.59960103,0.4761417,0.52216107,IDP-ESM2-8M,93,300,0.07776427268981934,0.23353290557861328,0.01388093343672192,0.0036521255970000666,0.003036544688164833
Q9G054,2.237478256225586,5.588900566101074,0.6218767818344191,0.4881743192672729,0.5110849756940363,2.3745995,5.9702344,0.64016634,0.50433415,0.4796509,IDP-ESM2-8M,93,300,0.13712120056152344,0.3813338279724121,0.01828956042403429,0.016159832477569636,0.03143406102499946
Q9HBF8,2.3165886402130127,5.323575496673584,0.5353027416347927,0.4409925937652588,0.6042039502308564,2.257852,5.338375,0.53299564,0.42241675,0.59411705,IDP-ESM2-8M,93,300,0.058736562728881836,0.01479959487915039,0.0023071004032558795,0.018575847148895264,0.010086904828329524
Q9IF13,2.418298721313477,5.640420436859131,0.5233968687352673,0.4233610928058624,0.6118116348858449,2.381898,5.5993195,0.52719384,0.41522482,0.5950583,IDP-ESM2-8M,93,300,0.0364007949829106,0.04110097885131836,0.0037969755831226415,0.008136272430419922,0.016753312933025066
Q9IF25,2.2513668537139893,5.028137683868408,0.4986390738261106,0.4155299365520477,0.6464592438763993,2.2250783,5.234473,0.52911997,0.41749212,0.5886683,IDP-ESM2-8M,93,300,0.026288509368896484,0.20633554458618164,0.030480894588196028,0.001962184906005915,0.05779095707601478
Q9IGT7,3.69902777671814,8.413135528564453,0.5202701258797453,0.4249552190303802,0.6236581133615445,3.6688151,8.700889,0.5417601,0.4189158,0.59033287,IDP-ESM2-8M,93,300,0.030212640762329546,0.2877531051635742,0.021489961133499325,0.006039410829544012,0.033325247646517675
Q9IMR4,2.022632360458374,4.683054924011231,0.5224476673028293,0.4350994229316711,0.6200146505456051,1.8674462,4.4808426,0.5592301,0.444395,0.56482124,IDP-ESM2-8M,93,300,0.15518617630004883,0.2022123336792001,0.03678242188479275,0.009295582771301325,0.055193407259472305
Q9IMY1,1.4250472784042358,3.390687942504883,0.5444482627958419,0.4293365776538849,0.5461717232686836,1.4673629,3.5502648,0.55481994,0.43982637,0.53399575,IDP-ESM2-8M,93,300,0.04231560230255127,0.1595768928527832,0.01037167872484901,0.010489791631698608,0.012175975702460429
Q9INB5,1.6026531457901,3.919207811355591,0.565542682489764,0.4565853178501129,0.5508578270484529,1.4822855,3.5400257,0.5413577,0.432709,0.56572396,IDP-ESM2-8M,93,300,0.12036764621734619,0.3791821002960205,0.02418498643339806,0.023876309394836426,0.014866128582803229
Q9IUC3,3.3362579345703125,8.114032745361328,0.5214494817296146,0.4054787456989288,0.6611617937576101,3.207227,7.576742,0.5260789,0.4109035,0.63077164,IDP-ESM2-8M,93,300,0.12903094291687012,0.5372905731201172,0.004629398103606852,0.005424767732620295,0.03039015679471946
Q9IUD3,3.2227563858032227,7.414575099945068,0.480940768231918,0.3812914192676544,0.745137354046135,3.0482035,7.1192546,0.50907433,0.404393,0.66647905,IDP-ESM2-8M,93,300,0.17455291748046875,0.2953205108642578,0.028133562097977016,0.0231015682220459,0.07865830293300635
Q9IWB2,2.582289934158325,5.97165584564209,0.4888347080831662,0.3801402151584625,0.6528500090254121,2.4686308,5.7792935,0.5115565,0.4012196,0.6153198,IDP-ESM2-8M,93,300,0.11365914344787598,0.19236230850219727,0.022721798073755184,0.02107939124107361,0.03753022056944899
Q9J050,2.550344944000244,5.899760723114014,0.5049930045579125,0.3888465166091919,0.632865606444279,2.6311464,6.175037,0.51543885,0.40160316,0.6058176,IDP-ESM2-8M,93,300,0.08080148696899414,0.27527618408203125,0.010445850136453938,0.012756645679473877,0.027047990458408666
Q9J1C9,1.9599872827529907,4.547616958618164,0.5395596719657214,0.4254232048988342,0.5971464552123305,2.1307106,5.0877533,0.55542064,0.43673337,0.5640245,IDP-ESM2-8M,93,300,0.1707233190536499,0.5401363372802734,0.015860965165015894,0.011310160160064753,0.033121947212910285
Q9J2I4,2.609773635864258,6.303431510925293,0.5601163168120915,0.4330387413501739,0.5706672873453102,2.5810137,6.136403,0.54447603,0.42558864,0.58515,IDP-ESM2-8M,93,300,0.02875995635986328,0.16702842712402344,0.01564028455501143,0.0074501037597655695,0.014482716087917291
Q9J3S0,1.5237797498703003,3.5906569957733154,0.5114573458723828,0.4041033685207367,0.6063050534805915,1.6215639,3.862041,0.54011315,0.42539188,0.5493383,IDP-ESM2-8M,93,300,0.09778416156768799,0.27138400077819824,0.028655805201073026,0.021288514137268066,0.056966772325958925
Q9J4U3,3.170285701751709,7.613337516784668,0.5162776696404455,0.386480838060379,0.6251399286820295,3.3111916,7.6547427,0.49887252,0.3976128,0.6709097,IDP-ESM2-8M,93,300,0.14090585708618164,0.04140520095825195,0.017405151101016814,0.011131972074508723,0.04576977409583305
Q9J870,3.06432580947876,7.695467472076416,0.6376772301603997,0.4895477294921875,0.5216251476477988,3.2377458,8.234336,0.6982046,0.5403684,0.407227,IDP-ESM2-8M,93,300,0.17341995239257768,0.5388684272766113,0.06052734680874705,0.05082064867019653,0.11439813811296295
Q9JG27,1.477545142173767,3.543374300003052,0.5586441544149742,0.4449765384197235,0.5357600032583628,1.5557218,3.717027,0.5411212,0.4288733,0.556653,IDP-ESM2-8M,93,300,0.07817661762237549,0.1736526489257808,0.017522969589076953,0.016103237867355347,0.020893019507750465
Q9JG66,2.928530216217041,6.700249195098877,0.4576334742873868,0.4152446687221527,0.7499279722403958,2.8502684,6.344462,0.43318215,0.3668399,0.80012333,IDP-ESM2-8M,93,300,0.0782618522644043,0.3557872772216797,0.02445132416188328,0.04840478301048279,0.05019536169057348
Q9JGA4,2.2705719470977783,5.445948600769043,0.5776676818578825,0.4719213247299194,0.5346581607850575,2.2597678,5.485726,0.5844027,0.4559455,0.50291127,IDP-ESM2-8M,93,300,0.010804176330566406,0.039777278900146484,0.00673499853915116,0.015975832939147894,0.03174689112029305
Q9JGA7,2.2238705158233643,5.339861869812012,0.5732174258214804,0.4357277154922485,0.5324444068766697,2.217921,5.3355064,0.5595173,0.43631315,0.5421531,IDP-ESM2-8M,93,300,0.005949497222900391,0.004355430603027344,0.013700101850685709,0.0005854368209839422,0.009708713164223837
Q9JGB0,2.2845375537872314,5.495562553405762,0.5881231405292592,0.4782961308956146,0.5195263185185803,2.0378766,4.9398518,0.56460696,0.4387503,0.5402389,IDP-ESM2-8M,93,300,0.24666094779968262,0.5557107925415039,0.023516175941093898,0.03954583406448364,0.020712598355351552
Q9JGB2,2.205930471420288,5.191827297210693,0.5408529347729645,0.4361675977706909,0.5854418329084378,2.1461446,5.158479,0.5544243,0.4330994,0.5508846,IDP-ESM2-8M,93,300,0.05978584289550781,0.03334808349609375,0.013571351115707397,0.003068208694458008,0.03455722845439724
Q9JGB3,2.2835726737976074,5.580949306488037,0.5965224710866036,0.4767211079597473,0.5057166005905338,2.1450152,5.17776,0.5606278,0.43672743,0.54303217,IDP-ESM2-8M,93,300,0.13855743408203125,0.40318918228149414,0.03589465297899863,0.03999367356300354,0.03731556875150721
Q9JGS4,1.8040771484375,4.169602394104004,0.5136387578112482,0.4101859033107757,0.5863977763866538,1.8237293,4.3109655,0.5239312,0.4110281,0.5802694,IDP-ESM2-8M,93,300,0.019652128219604492,0.14136314392089844,0.010292447461426324,0.0008421838283539373,0.006128380081569573
Q9JGT0,1.8621368408203125,4.505439758300781,0.5325738904036814,0.4176596105098724,0.5712522278695362,1.8562616,4.4298115,0.53428924,0.42096555,0.57318944,IDP-ESM2-8M,93,300,0.005875229835510254,0.07562828063964844,0.001715350433415752,0.003305941820144709,0.0019372095198375572
Q9JGT3,1.82458770275116,4.271760940551758,0.5355147462544799,0.4276679158210754,0.5546234661464308,1.8258936,4.3372297,0.53096026,0.41666967,0.5705441,IDP-ESM2-8M,93,300,0.0013059377670285865,0.06546878814697266,0.004554484432733097,0.010998249053955023,0.015920657503166402
Q9KX95,2.0086464881896973,4.761081695556641,0.5229636277944629,0.4003809690475464,0.5858004649969345,2.10378,5.033121,0.54688853,0.42923808,0.5715257,IDP-ESM2-8M,93,300,0.09513354301452637,0.27203941345214844,0.023924902459901087,0.028857111930847168,0.0142747720571762
Q9MBM5,1.760213017463684,4.374431610107422,0.6119685157088991,0.4785725474357605,0.5244880805916338,1.886756,4.7156067,0.6261957,0.5010893,0.50428987,IDP-ESM2-8M,93,300,0.12654292583465576,0.3411750793457031,0.014227213069940015,0.022516727447509766,0.02019821509785935
Q9PX71,2.779911518096924,7.207014083862305,0.6130209249932,0.4679416418075561,0.4966726780763961,2.7452562,6.5339937,0.5509962,0.43860698,0.6007875,IDP-ESM2-8M,93,300,0.03465533256530762,0.6730203628540039,0.062024740644139986,0.029334664344787542,0.10411484233223428
Q9PYU9,2.6434414386749268,6.387914657592773,0.6305499623906112,0.5094103217124939,0.5303181019366296,2.6597388,6.728075,0.67635113,0.5311568,0.42134568,IDP-ESM2-8M,93,300,0.016297340393066406,0.3401603698730469,0.04580116761808628,0.021746456623077393,0.1089724209845575
Q9Q0D0,2.3204996585845947,5.468394756317139,0.5232802566113824,0.4223692417144775,0.6042107560844122,2.3287733,5.47649,0.52897173,0.41876522,0.59838104,IDP-ESM2-8M,93,300,0.008273601531982422,0.008095264434814453,0.0056914750513678,0.0036040246486663263,0.005829713603943465
Q9Q0D1,2.3174972534179688,5.45478630065918,0.5278611817605101,0.4123854041099548,0.5954243663237144,2.3532052,5.608023,0.5480651,0.42910466,0.5621555,IDP-ESM2-8M,93,300,0.035707950592041016,0.15323686599731445,0.020203944181720113,0.016719251871109064,0.033268881170516185
Q9Q5K3,2.089512586593628,5.042716503143311,0.5144666593979894,0.3942655324935913,0.5834943963645178,1.8728656,4.375168,0.5067878,0.39904514,0.60638875,IDP-ESM2-8M,93,300,0.21664702892303467,0.6675486564636239,0.007678882450967928,0.004779607057571411,0.022894351327590323
Q9Q5K9,8.346202850341797,19.368484497070312,0.5465592346525728,0.4276267886161804,0.614082043844236,4.758502,11.239431,0.5438109,0.42347807,0.6130099,IDP-ESM2-8M,93,300,3.587700843811035,8.129053115844727,0.00274833062654134,0.004148721694946289,0.0010721141872536144
Q9Q9G2,2.171832799911499,5.026523590087891,0.5303885829893353,0.4169009327888489,0.5857265932369519,1.9825981,4.7528462,0.5460108,0.42700177,0.5542716,IDP-ESM2-8M,93,300,0.18923473358154297,0.27367734909057617,0.015622209266066278,0.010100841522216797,0.03145501444819454
Q9QAM5,2.094860553741455,4.980230331420898,0.5854270408002457,0.4527569115161896,0.5177194216002089,1.9577534,4.7091656,0.55953676,0.43896297,0.52996874,IDP-ESM2-8M,93,300,0.13710713386535645,0.27106475830078125,0.025890285715254202,0.0137939453125,0.012249316955699308
Q9QAN0,2.044626951217652,4.955145835876465,0.5676417687238628,0.4361430406570434,0.5338008877182652,2.0877705,4.965728,0.5432497,0.4293676,0.55908614,IDP-ESM2-8M,93,300,0.043143510818481,0.01058197021484375,0.024392042428391658,0.006775438785552923,0.02528525625222433
Q9QAN3,2.7513413429260254,6.769061088562012,0.5910209204755222,0.4660801291465759,0.5244921883223522,2.567473,6.237056,0.5927203,0.4606784,0.503689,IDP-ESM2-8M,93,300,0.183868408203125,0.5320053100585938,0.001699409285982889,0.005401730537414551,0.020803197252558525
Q9QAN7,2.451798677444458,5.975490093231201,0.5729536771445578,0.4344096779823303,0.5378253280876338,2.3617373,5.7555656,0.60024923,0.46602985,0.48173678,IDP-ESM2-8M,93,300,0.09006142616271973,0.2199244499206543,0.027295553717106014,0.031620174646377563,0.056088548874682176
Q9QCK1,1.7663127183914185,4.108374118804932,0.4847608801217005,0.3910239934921264,0.6382527762093317,1.6166389,3.6675315,0.49164551,0.4001038,0.6417005,IDP-ESM2-8M,93,300,0.14967381954193115,0.4408426284790039,0.006884634843356885,0.009079813957214411,0.003447730000995408
Q9QEJ2,3.20682954788208,7.26265811920166,0.5368334680678337,0.4466627538204193,0.6123826763473146,2.9000823,6.7993765,0.54027903,0.42707488,0.5983825,IDP-ESM2-8M,93,300,0.3067471981048584,0.46328163146972656,0.0034455627320320037,0.01958787441253662,0.014000203355371221
Q9QGE5,1.9077988862991333,4.492400646209717,0.5089028425548795,0.4143130481243133,0.6153684933454197,2.009828,4.7219906,0.52302593,0.41589907,0.5946513,IDP-ESM2-8M,93,300,0.10202920436859131,0.22958993911743164,0.01412308737294643,0.0015860199928284247,0.020717211511770972
Q9T127,1.560987949371338,3.771679639816284,0.5599149640858478,0.4219954311847687,0.5358960711506349,1.6452543,3.9191294,0.53601307,0.4229862,0.56317616,IDP-ESM2-8M,93,300,0.0842663049697876,0.14744973182678223,0.023901897317201604,0.0009907782077789307,0.027280083939697164
Q9WIE5,1.6771870851516724,3.992663621902466,0.5316797325365246,0.4231711626052856,0.5855924597644938,1.7240362,4.2004523,0.56820077,0.4478541,0.54479355,IDP-ESM2-8M,93,300,0.04684913158416748,0.20778870582580566,0.03652103450372812,0.024682939052581843,0.04079891356469523
Q9WMX5,1.4851195812225342,3.612301826477051,0.5701347387502309,0.4382614195346832,0.5322062798590427,1.530089,3.6929784,0.55563897,0.4395532,0.5504451,IDP-ESM2-8M,93,300,0.04496943950653076,0.08067655563354492,0.014495769805681347,0.0012917816638946533,0.018238799944424122
Q9WS24,1.7922314405441284,4.350032806396484,0.562179454179958,0.4389342367649078,0.5581353702724213,1.6324198,3.9028018,0.54258233,0.4300055,0.57046086,IDP-ESM2-8M,93,300,0.1598116159439087,0.4472310543060303,0.019597121092036818,0.008928745985031072,0.01232548568842462
Q9WS26,1.7372491359710691,4.123295307159424,0.5397643924256081,0.4318313300609588,0.5768313749366393,1.7470047,4.1906667,0.54619116,0.4310624,0.55888575,IDP-ESM2-8M,93,300,0.009755611419677956,0.06737136840820312,0.006426763484883802,0.0007689297199248712,0.017945621781884635
Q9WS27,1.7054476737976074,4.075801849365234,0.5345300474821626,0.4318064153194427,0.5738763699417243,1.7684047,4.2386937,0.5366323,0.41949034,0.56799906,IDP-ESM2-8M,93,300,0.0629570484161377,0.16289186477661133,0.0021022519410551777,0.012316077947616522,0.005877305019391543
Q9WSW3,2.0209102630615234,4.771589279174805,0.5550785010132046,0.4427992105484009,0.5543914320672336,1.8738463,4.492178,0.54873276,0.4331649,0.56283617,IDP-ESM2-8M,93,300,0.1470639705657959,0.27941131591796875,0.0063457434448451755,0.009634315967559814,0.008444738129299578
Q9YM30,1.6827442646026611,4.20074462890625,0.5956194661141525,0.4680348634719848,0.5238247003560553,1.5650958,3.7871225,0.57086986,0.45495164,0.5394675,IDP-ESM2-8M,93,300,0.11764848232269287,0.4136221408843994,0.02474960308085783,0.013083219528198187,0.01564281320519345
Q9YM71,1.5983697175979614,3.786965370178223,0.5455063291517773,0.4343115091323852,0.5707033200810433,1.5696222,3.75852,0.5497834,0.43761182,0.5594495,IDP-ESM2-8M,93,300,0.02874755859375,0.028445482254028764,0.004277079490037861,0.0033003091812134344,0.011253826196003014
Q9YMA2,1.6169739961624146,4.054755687713623,0.5721196785361115,0.4446577727794647,0.5358279144981036,1.5558343,3.703249,0.54322624,0.432464,0.56374276,IDP-ESM2-8M,93,300,0.061139702796936035,0.35150671005249023,0.028893436470681766,0.012193769216537476,0.027914842345463264
Q9YMA3,1.6209304332733154,4.019491195678711,0.5704934731433302,0.4430612623691559,0.5395471742354765,1.5361276,3.6798894,0.5531086,0.4417153,0.5559241,IDP-ESM2-8M,93,300,0.08480286598205566,0.3396017551422119,0.017384900183430307,0.0013459622859954834,0.01637694332967854
Q9YMA4,1.573614478111267,3.8719637393951416,0.5389627300429574,0.4227108359336853,0.5712534271453649,1.524337,3.6662862,0.5585033,0.4447131,0.54994786,IDP-ESM2-8M,93,300,0.049277424812316895,0.20567750930786133,0.01954059971091837,0.02200224995613098,0.02130556928861438
Q9YMM6,3.455824375152588,8.671217918395996,0.6155547613260427,0.471189945936203,0.5340391809115104,3.3868387,8.449006,0.66078913,0.511541,0.42846984,IDP-ESM2-8M,93,300,0.0689857006072998,0.2222118377685547,0.0452343707921824,0.04035106301307678,0.10556934419962682
Q9YMQ8,2.0085020065307617,4.939277648925781,0.5638708437233649,0.4500089287757873,0.5531224157278828,2.0090387,4.777254,0.5399655,0.43315965,0.58714217,IDP-ESM2-8M,93,300,0.0005366802215576172,0.16202354431152344,0.023905333355017766,0.016849279403686468,0.03401975374767263
Q9YNX5,1.8398032188415527,4.499502658843994,0.5516220100438499,0.4256599545478821,0.5528345459017014,1.6961353,4.061394,0.5477452,0.43408662,0.5566327,IDP-ESM2-8M,93,300,0.14366793632507324,0.4381084442138672,0.0038767822301292165,0.008426666259765625,0.0037981516805434268
Q9YNX6,1.8993624448776243,4.636514186859131,0.5358196394109438,0.414043128490448,0.5915278310454298,1.7744434,4.2260256,0.5506593,0.4379359,0.5715634,IDP-ESM2-8M,93,300,0.1249190568923948,0.4104886054992676,0.014839659485845758,0.023892760276794434,0.019964408365528707
Q9YNX8,1.7963440418243408,4.47031307220459,0.568168329997694,0.436757892370224,0.5343529142078318,1.6631246,3.9908066,0.5509375,0.4364019,0.56023896,IDP-ESM2-8M,93,300,0.13321948051452637,0.4795064926147461,0.017230856223737656,0.0003559887409210205,0.025886043197258513
Q9YPA9,4.564282417297363,7.4079909324646,0.2000000000001505,0.2330055385828018,2.3131036191916,4.065556,9.514416,0.5172335,0.40018985,0.6328766,IDP-ESM2-8M,93,300,0.49872636795043945,2.1064248085021973,0.3172334909437582,0.1671843081712723,1.6802270441984666
Q9YPD8,1.571561574935913,4.0594563484191895,0.6155122559061066,0.4752551615238189,0.4904209385735398,1.6565521,4.014138,0.56238306,0.44532192,0.531916,IDP-ESM2-8M,93,300,0.0849905014038086,0.0453181266784668,0.0531292002191559,0.029933243989944402,0.041495083727180415
Q9YPG8,1.6094952821731567,3.873117923736572,0.5367719649027731,0.416881263256073,0.5456170752811684,1.6368147,3.892204,0.53416765,0.4162652,0.55487895,IDP-ESM2-8M,93,300,0.02731943130493164,0.019086122512817827,0.0026043175410177533,0.0006160736083984375,0.009261874837850126
Q9YR10,1.4205998182296753,3.416205406188965,0.5433450813865186,0.4358187019824981,0.5560033857206161,1.3160169,3.1452465,0.5486051,0.4407325,0.5458694,IDP-ESM2-8M,93,300,0.10458290576934814,0.27095890045166016,0.005260003032731886,0.004913806915283259,0.010133975682621754
Q9ZWY9,2.2735307216644287,5.338200569152832,0.5766599788450747,0.4717551469802856,0.565695004479131,2.2232714,5.3468513,0.56916165,0.45936313,0.57671726,IDP-ESM2-8M,93,300,0.05025935173034668,0.008650779724121094,0.007498325326397937,0.01239201426506037,0.01102225302056381
Q6PL42,3.0142745971679688,7.02151346206665,0.5353274159913158,0.4261679351329803,0.6396878743584701,3.0384836,7.1977234,0.54604805,0.4356213,0.62405473,IDP-ESM2-8M,93,300,0.024209022521972656,0.1762099266052246,0.010720629167070395,0.009453356266021784,0.015633144419962997
Q8QNS2,2.033019542694092,5.353282451629639,0.6506869328824189,0.4995877146720886,0.4745644703784084,2.2528694,5.631761,0.62898374,0.49404526,0.48235688,IDP-ESM2-8M,93,300,0.2198498249053955,0.27847862243652344,0.021703196844210848,0.005542457103729248,0.00779240575646406
Q8QNS5,1.8966137170791624,4.533958911895752,0.4977239589197816,0.380295991897583,0.621305970739576,1.8809025,4.4298153,0.5171023,0.41011268,0.6125511,IDP-ESM2-8M,93,300,0.015711188316344993,0.10414361953735352,0.01937834220097645,0.02981668710708618,0.008754877638074587
